replication,method,threshold,update,rollout_cycle,minibatch,population_value,population_rho,sample_rho,chosen_ppo,raw_risk,ppo_risk
0.0,raw,nan,0.0,0.0,0.0,0.4381825474072605,1.0,1.0,0.0,nan,nan
0.0,raw,nan,1.0,1.0,1.0,0.44030731279078633,1.0,1.0,0.0,nan,nan
0.0,raw,nan,2.0,1.0,2.0,0.4421537858884176,0.9991475824025138,0.999357634613536,0.0,nan,nan
0.0,raw,nan,3.0,1.0,3.0,0.44443383263003794,0.9978187386945999,0.9975131495079622,0.0,nan,nan
0.0,raw,nan,4.0,1.0,4.0,0.445734462152841,0.9950284601310461,0.9968852692180578,0.0,nan,nan
0.0,raw,nan,5.0,1.0,5.0,0.4463014737577615,0.995258971126854,0.9952097935090146,0.0,nan,nan
0.0,raw,nan,6.0,1.0,6.0,0.44788081206926,0.9929238058099966,0.9925333708037527,0.0,nan,nan
0.0,raw,nan,7.0,1.0,7.0,0.4490667508537318,0.989450273898917,0.9888198253630123,0.0,nan,nan
0.0,raw,nan,8.0,1.0,8.0,0.45181565704529375,0.9875379071271863,0.9843664755225175,0.0,nan,nan
0.0,raw,nan,9.0,2.0,1.0,0.4527929435796161,1.0,1.0,0.0,nan,nan
0.0,raw,nan,10.0,2.0,2.0,0.45551638108120446,0.9978415379585742,0.9979029470366729,0.0,nan,nan
0.0,raw,nan,11.0,2.0,3.0,0.45681814942381865,0.9982124839837908,0.9987056010787909,0.0,nan,nan
0.0,raw,nan,12.0,2.0,4.0,0.4586694002333409,0.9955119717586198,0.9966995187257399,0.0,nan,nan
0.0,raw,nan,13.0,2.0,5.0,0.4608631985101988,0.994303610760629,0.9977152930165432,0.0,nan,nan
0.0,raw,nan,14.0,2.0,6.0,0.4622188404160489,0.9933741224271465,0.9931860389535313,0.0,nan,nan
0.0,raw,nan,15.0,2.0,7.0,0.46325235990405955,0.9924118590484298,0.9935060194560092,0.0,nan,nan
0.0,raw,nan,16.0,2.0,8.0,0.46449429222825883,0.9950447589367446,0.9964637133959631,0.0,nan,nan
0.0,raw,nan,17.0,3.0,1.0,0.467067829329826,1.0,1.0,0.0,nan,nan
0.0,raw,nan,18.0,3.0,2.0,0.4685703333906392,0.9991683579591435,0.9992537079765658,0.0,nan,nan
0.0,raw,nan,19.0,3.0,3.0,0.47026711932844123,0.99752871445002,0.9971109044487549,0.0,nan,nan
0.0,raw,nan,20.0,3.0,4.0,0.47132909518369,0.9970779205996507,0.9967859192160182,0.0,nan,nan
0.0,raw,nan,21.0,3.0,5.0,0.4723548030627181,0.9960264184672825,0.9954330325479018,0.0,nan,nan
0.0,raw,nan,22.0,3.0,6.0,0.4741908211444739,0.9911906808904322,0.9915007726528262,0.0,nan,nan
0.0,raw,nan,23.0,3.0,7.0,0.47590240811726264,0.9904743390995046,0.9923593775989688,0.0,nan,nan
0.0,raw,nan,24.0,3.0,8.0,0.4777057558979516,0.9914399405165963,0.991343617774798,0.0,nan,nan
0.0,raw,nan,25.0,4.0,1.0,0.479727142768223,1.0,1.0,0.0,nan,nan
0.0,raw,nan,26.0,4.0,2.0,0.4812862121784185,0.998365669087657,0.9985953877108599,0.0,nan,nan
0.0,raw,nan,27.0,4.0,3.0,0.48273597014044883,0.99598832875914,0.9955730858618397,0.0,nan,nan
0.0,raw,nan,28.0,4.0,4.0,0.48420656170508364,0.9955201771374944,0.9961835533780001,0.0,nan,nan
0.0,raw,nan,29.0,4.0,5.0,0.4850254813032601,0.9944035208628982,0.9943460494744967,0.0,nan,nan
0.0,raw,nan,30.0,4.0,6.0,0.48659319923142247,0.9942558355574285,0.9935399514701324,0.0,nan,nan
0.0,raw,nan,31.0,4.0,7.0,0.488306893730777,0.9946123411671275,0.9931930247980274,0.0,nan,nan
0.0,raw,nan,32.0,4.0,8.0,0.4904401505513764,0.991717121345278,0.9906515388644569,0.0,nan,nan
0.0,raw,nan,33.0,5.0,1.0,0.4920233123854673,1.0,0.9999999999999999,0.0,nan,nan
0.0,raw,nan,34.0,5.0,2.0,0.4925207709980778,0.9992063726305399,0.9992449789350683,0.0,nan,nan
0.0,raw,nan,35.0,5.0,3.0,0.49414881935063687,0.9987337907262213,0.9985967827947251,0.0,nan,nan
0.0,raw,nan,36.0,5.0,4.0,0.49515782345924747,0.9991776951970073,0.9989511010299529,0.0,nan,nan
0.0,raw,nan,37.0,5.0,5.0,0.4961076819352933,0.9981483505011007,0.9984663646947982,0.0,nan,nan
0.0,raw,nan,38.0,5.0,6.0,0.4978055262373517,0.9967617045797346,0.9979088946654453,0.0,nan,nan
0.0,raw,nan,39.0,5.0,7.0,0.4992111239956144,0.9966499757698212,0.9970323861624629,0.0,nan,nan
0.0,raw,nan,40.0,5.0,8.0,0.5000256100477638,0.99547280982275,0.995815021819576,0.0,nan,nan
0.0,ppo,nan,0.0,0.0,0.0,0.4381825474072605,1.0,1.0,0.0,nan,nan
0.0,ppo,nan,1.0,1.0,1.0,0.44030731279078633,1.0,1.0,1.0,nan,nan
0.0,ppo,nan,2.0,1.0,2.0,0.4421537858884176,0.9991475824025138,0.999357634613536,1.0,nan,nan
0.0,ppo,nan,3.0,1.0,3.0,0.44443383263003794,0.9978187386945999,0.9975131495079622,1.0,nan,nan
0.0,ppo,nan,4.0,1.0,4.0,0.445734462152841,0.9950284601310461,0.9968852692180578,1.0,nan,nan
0.0,ppo,nan,5.0,1.0,5.0,0.4463014737577615,0.995258971126854,0.9952097935090146,1.0,nan,nan
0.0,ppo,nan,6.0,1.0,6.0,0.44783619891815724,0.9929238058099966,0.9925333708037527,1.0,nan,nan
0.0,ppo,nan,7.0,1.0,7.0,0.4489975817006975,0.9903874780218209,0.9899786766524458,1.0,nan,nan
0.0,ppo,nan,8.0,1.0,8.0,0.45179472183239344,0.9897947120380577,0.9875119798598152,1.0,nan,nan
0.0,ppo,nan,9.0,2.0,1.0,0.45276245537074716,1.0,1.0,1.0,nan,nan
0.0,ppo,nan,10.0,2.0,2.0,0.455362467630761,0.9978292552582503,0.9977886423565282,1.0,nan,nan
0.0,ppo,nan,11.0,2.0,3.0,0.4565247344555448,0.9980880844727613,0.9987829440804037,1.0,nan,nan
0.0,ppo,nan,12.0,2.0,4.0,0.4585375782142429,0.995762515443883,0.9967606605197401,1.0,nan,nan
0.0,ppo,nan,13.0,2.0,5.0,0.4608934176887947,0.9945671285295705,0.9973432448253922,1.0,nan,nan
0.0,ppo,nan,14.0,2.0,6.0,0.4621289925025547,0.9948628259545341,0.9945571112557259,1.0,nan,nan
0.0,ppo,nan,15.0,2.0,7.0,0.463148041521665,0.9935730111790598,0.994816570887809,1.0,nan,nan
0.0,ppo,nan,16.0,2.0,8.0,0.4642939874649763,0.9952138889215227,0.9965943129301728,1.0,nan,nan
0.0,ppo,nan,17.0,3.0,1.0,0.4667748838061642,1.0,1.0,1.0,nan,nan
0.0,ppo,nan,18.0,3.0,2.0,0.4680713134997773,0.9990721019420727,0.9988968336210107,1.0,nan,nan
0.0,ppo,nan,19.0,3.0,3.0,0.4696053752017515,0.9976171964256317,0.9970631870825993,1.0,nan,nan
0.0,ppo,nan,20.0,3.0,4.0,0.47069800691647307,0.9972367098985854,0.9972636155986222,1.0,nan,nan
0.0,ppo,nan,21.0,3.0,5.0,0.4717752708835145,0.9962882510071422,0.9958590108081321,1.0,nan,nan
0.0,ppo,nan,22.0,3.0,6.0,0.47377157087158556,0.991349240317089,0.9905110346463135,1.0,nan,nan
0.0,ppo,nan,23.0,3.0,7.0,0.47572492096203606,0.991610397581789,0.9933269011946155,1.0,nan,nan
0.0,ppo,nan,24.0,3.0,8.0,0.4775212411915147,0.9945777145921909,0.9952699832002908,1.0,nan,nan
0.0,ppo,nan,25.0,4.0,1.0,0.4796474466198413,1.0,1.0,1.0,nan,nan
0.0,ppo,nan,26.0,4.0,2.0,0.4808021423416958,0.9986220651247867,0.9989043007853072,1.0,nan,nan
0.0,ppo,nan,27.0,4.0,3.0,0.4821325646915402,0.9969189543220827,0.9968082445745743,1.0,nan,nan
0.0,ppo,nan,28.0,4.0,4.0,0.48371799132118926,0.996604333016111,0.9974591299064124,1.0,nan,nan
0.0,ppo,nan,29.0,4.0,5.0,0.48443306304771816,0.9953988911207549,0.9960961089691379,1.0,nan,nan
0.0,ppo,nan,30.0,4.0,6.0,0.4859333068882148,0.9936967648161027,0.993245963284797,1.0,nan,nan
0.0,ppo,nan,31.0,4.0,7.0,0.4877032665782576,0.9944856892222897,0.9929020924900263,1.0,nan,nan
0.0,ppo,nan,32.0,4.0,8.0,0.48979677346694456,0.9916440900964392,0.9913437346862525,1.0,nan,nan
0.0,ppo,nan,33.0,5.0,1.0,0.491338914719839,1.0,1.0,1.0,nan,nan
0.0,ppo,nan,34.0,5.0,2.0,0.4919136577594874,0.9994927904655405,0.999478305754008,1.0,nan,nan
0.0,ppo,nan,35.0,5.0,3.0,0.49340635792662774,0.9991594867323988,0.9991447884929877,1.0,nan,nan
0.0,ppo,nan,36.0,5.0,4.0,0.49449072339094846,0.9987245469359196,0.997570803198145,1.0,nan,nan
0.0,ppo,nan,37.0,5.0,5.0,0.4955408183428096,0.9964501528876851,0.9977749817116792,1.0,nan,nan
0.0,ppo,nan,38.0,5.0,6.0,0.4969349615667583,0.9948377616291336,0.9962833612419727,1.0,nan,nan
0.0,ppo,nan,39.0,5.0,7.0,0.4983004611821353,0.9938776591077861,0.9955458071132298,1.0,nan,nan
0.0,ppo,nan,40.0,5.0,8.0,0.49939426807655946,0.9939437656785312,0.9938051939218739,1.0,nan,nan
0.0,mse_oracle,nan,0.0,0.0,0.0,0.4381825474072605,1.0,1.0,0.0,nan,nan
0.0,mse_oracle,nan,1.0,1.0,1.0,0.44030731279078633,1.0,1.0,0.0,0.06706072794876566,0.06706072794876566
0.0,mse_oracle,nan,2.0,1.0,2.0,0.4421537858884176,0.9991475824025138,0.999357634613536,0.0,0.06662693816038037,0.06662693816038037
0.0,mse_oracle,nan,3.0,1.0,3.0,0.44443383263003794,0.9978187386945999,0.9975131495079622,0.0,0.06618760701468507,0.06618760701468507
0.0,mse_oracle,nan,4.0,1.0,4.0,0.445734462152841,0.9950284601310461,0.9968852692180578,1.0,0.06569982137071248,0.065672806418646
0.0,mse_oracle,nan,5.0,1.0,5.0,0.4463014737577615,0.995258971126854,0.9952097935090146,1.0,0.06559817481715291,0.06559697174330767
0.0,mse_oracle,nan,6.0,1.0,6.0,0.44783619891815724,0.9929238058099966,0.9925333708037527,1.0,0.06557474957110457,0.06530624663948033
0.0,mse_oracle,nan,7.0,1.0,7.0,0.4489975817006975,0.9903874780218209,0.9899786766524458,1.0,0.06546679265929302,0.06446734916419801
0.0,mse_oracle,nan,8.0,1.0,8.0,0.45179472183239344,0.9897947120380577,0.9875119798598152,1.0,0.0651467042329911,0.06360615241313852
0.0,mse_oracle,nan,9.0,2.0,1.0,0.45276245537074716,1.0,1.0,0.0,0.06808573776140461,0.06808573776140461
0.0,mse_oracle,nan,10.0,2.0,2.0,0.455362467630761,0.9978292552582503,0.9977886423565282,0.0,0.06815744156248309,0.06815744156248309
0.0,mse_oracle,nan,11.0,2.0,3.0,0.4565247344555448,0.9980880844727613,0.9987829440804037,0.0,0.06726370076875644,0.06726370076875644
0.0,mse_oracle,nan,12.0,2.0,4.0,0.4585375782142429,0.995762515443883,0.9967606605197401,1.0,0.06750430356782658,0.06720002841819638
0.0,mse_oracle,nan,13.0,2.0,5.0,0.4608934176887947,0.9945671285295705,0.9973432448253922,1.0,0.06710218618937924,0.06639382916268367
0.0,mse_oracle,nan,14.0,2.0,6.0,0.4621289925025547,0.9948628259545341,0.9945571112557259,1.0,0.06622970659187366,0.06584420550112624
0.0,mse_oracle,nan,15.0,2.0,7.0,0.463148041521665,0.9935730111790598,0.994816570887809,1.0,0.06618775499915325,0.06534261955386528
0.0,mse_oracle,nan,16.0,2.0,8.0,0.4642939874649763,0.9952138889215227,0.9965943129301728,1.0,0.06568253652873846,0.06564688665223084
0.0,mse_oracle,nan,17.0,3.0,1.0,0.4667748838061642,1.0,1.0,0.0,0.06897683507232268,0.06897683507232268
0.0,mse_oracle,nan,18.0,3.0,2.0,0.4680713134997773,0.9990721019420727,0.9988968336210107,0.0,0.06828801606488724,0.06828801606488724
0.0,mse_oracle,nan,19.0,3.0,3.0,0.4696053752017515,0.9976171964256317,0.9970631870825993,0.0,0.06818889000838417,0.06818889000838417
0.0,mse_oracle,nan,20.0,3.0,4.0,0.47069800691647307,0.9972367098985854,0.9972636155986222,0.0,0.06768184157037792,0.06768184157037792
0.0,mse_oracle,nan,21.0,3.0,5.0,0.4717752708835145,0.9962882510071422,0.9958590108081321,1.0,0.06768660146960782,0.06768601193465865
0.0,mse_oracle,nan,22.0,3.0,6.0,0.47377157087158556,0.991349240317089,0.9905110346463135,1.0,0.06777175195342501,0.06750275884707864
0.0,mse_oracle,nan,23.0,3.0,7.0,0.47572492096203606,0.991610397581789,0.9933269011946155,1.0,0.06686712643723047,0.06530336320741895
0.0,mse_oracle,nan,24.0,3.0,8.0,0.4775212411915147,0.9945777145921909,0.9952699832002908,1.0,0.06594223789012407,0.06519612207437456
0.0,mse_oracle,nan,25.0,4.0,1.0,0.4796474466198413,1.0,1.0,0.0,0.06968363278003896,0.06968363278003896
0.0,mse_oracle,nan,26.0,4.0,2.0,0.4808021423416958,0.9986220651247867,0.9989043007853072,0.0,0.06906537295852745,0.06906537295852745
0.0,mse_oracle,nan,27.0,4.0,3.0,0.4821325646915402,0.9969189543220827,0.9968082445745743,0.0,0.06923294474320595,0.06923294474320595
0.0,mse_oracle,nan,28.0,4.0,4.0,0.48371799132118926,0.996604333016111,0.9974591299064124,0.0,0.06869376624821724,0.06869376624821724
0.0,mse_oracle,nan,29.0,4.0,5.0,0.48443306304771816,0.9953988911207549,0.9960961089691379,1.0,0.06838059607819164,0.06836658607883114
0.0,mse_oracle,nan,30.0,4.0,6.0,0.4859333068882148,0.9936967648161027,0.993245963284797,1.0,0.0685426733286696,0.06806753644586
0.0,mse_oracle,nan,31.0,4.0,7.0,0.4877032665782576,0.9944856892222897,0.9929020924900263,1.0,0.06849838127770529,0.06792497397855252
0.0,mse_oracle,nan,32.0,4.0,8.0,0.48979677346694456,0.9916440900964392,0.9913437346862525,1.0,0.06810262029816416,0.0664237760804467
0.0,mse_oracle,nan,33.0,5.0,1.0,0.491338914719839,1.0,1.0,0.0,0.07034391988942408,0.07034391988942408
0.0,mse_oracle,nan,34.0,5.0,2.0,0.4919136577594874,0.9994927904655405,0.999478305754008,0.0,0.070339461512518,0.070339461512518
0.0,mse_oracle,nan,35.0,5.0,3.0,0.49340635792662774,0.9991594867323988,0.9991447884929877,0.0,0.06969405488424932,0.06969405488424932
0.0,mse_oracle,nan,36.0,5.0,4.0,0.49449072339094846,0.9987245469359196,0.997570803198145,0.0,0.06875162393578639,0.06875162393578639
0.0,mse_oracle,nan,37.0,5.0,5.0,0.4955408183428096,0.9964501528876851,0.9977749817116792,1.0,0.06852553563772844,0.06851915370893208
0.0,mse_oracle,nan,38.0,5.0,6.0,0.4969349615667583,0.9948377616291336,0.9962833612419727,1.0,0.06837300143575567,0.06800385590830225
0.0,mse_oracle,nan,39.0,5.0,7.0,0.4983004611821353,0.9938776591077861,0.9955458071132298,1.0,0.06782854077709663,0.06623902259500249
0.0,mse_oracle,nan,40.0,5.0,8.0,0.49939426807655946,0.9939437656785312,0.9938051939218739,1.0,0.06823957516012769,0.06713000799316082
1.0,raw,nan,0.0,0.0,0.0,0.4381825474072605,1.0,1.0,0.0,nan,nan
1.0,raw,nan,1.0,1.0,1.0,0.44153480446678606,1.0,1.0,0.0,nan,nan
1.0,raw,nan,2.0,1.0,2.0,0.44338038066754937,0.9982987493942571,0.9981339310857421,0.0,nan,nan
1.0,raw,nan,3.0,1.0,3.0,0.4446490621158979,0.9955647551619583,0.9961451545984268,0.0,nan,nan
1.0,raw,nan,4.0,1.0,4.0,0.44689381640079623,0.9966007080522382,0.9960672353915679,0.0,nan,nan
1.0,raw,nan,5.0,1.0,5.0,0.4492171134515138,0.990273384802219,0.9917727473519524,0.0,nan,nan
1.0,raw,nan,6.0,1.0,6.0,0.45046802247706436,0.9881559958888959,0.9867417745839192,0.0,nan,nan
1.0,raw,nan,7.0,1.0,7.0,0.4516344926233377,0.9875097084513054,0.9855204941467425,0.0,nan,nan
1.0,raw,nan,8.0,1.0,8.0,0.45310503105162453,0.9874849242113165,0.986721441792189,0.0,nan,nan
1.0,raw,nan,9.0,2.0,1.0,0.45402668876793933,1.0,1.0,0.0,nan,nan
1.0,raw,nan,10.0,2.0,2.0,0.4570826786850666,0.9988502155327175,0.9993231648098228,0.0,nan,nan
1.0,raw,nan,11.0,2.0,3.0,0.45825428056241757,0.9971288220669525,0.9975998987771761,0.0,nan,nan
1.0,raw,nan,12.0,2.0,4.0,0.4592773786572867,0.9972605051639909,0.9975328571011787,0.0,nan,nan
1.0,raw,nan,13.0,2.0,5.0,0.46036103145004864,0.9968903262439353,0.996852490558285,0.0,nan,nan
1.0,raw,nan,14.0,2.0,6.0,0.4609404669927113,0.9972656958724522,0.9985124409015859,0.0,nan,nan
1.0,raw,nan,15.0,2.0,7.0,0.4618546113448552,0.9940977161505077,0.9926699791316049,0.0,nan,nan
1.0,raw,nan,16.0,2.0,8.0,0.46406897174383405,0.9924077693085384,0.9923316797649739,0.0,nan,nan
1.0,raw,nan,17.0,3.0,1.0,0.46508336429012465,1.0,1.0,0.0,nan,nan
1.0,raw,nan,18.0,3.0,2.0,0.4666565357450326,0.99888342956472,0.9989519454185917,0.0,nan,nan
1.0,raw,nan,19.0,3.0,3.0,0.46697020235562187,0.9972382917326552,0.9970307672723274,0.0,nan,nan
1.0,raw,nan,20.0,3.0,4.0,0.46784882808151923,0.9943061119411676,0.9940171337745278,0.0,nan,nan
1.0,raw,nan,21.0,3.0,5.0,0.4678517247799187,0.9912258981581079,0.9933471116519776,0.0,nan,nan
1.0,raw,nan,22.0,3.0,6.0,0.4717466189796019,0.9885335908564158,0.9866617653605111,0.0,nan,nan
1.0,raw,nan,23.0,3.0,7.0,0.4729328191810353,0.9906815731020888,0.9929665917690382,0.0,nan,nan
1.0,raw,nan,24.0,3.0,8.0,0.4746537491005063,0.9897658935480586,0.9942055109071595,0.0,nan,nan
1.0,raw,nan,25.0,4.0,1.0,0.47613595998068603,1.0,1.0,0.0,nan,nan
1.0,raw,nan,26.0,4.0,2.0,0.47872697431575545,0.9988842200770313,0.9993626753058814,0.0,nan,nan
1.0,raw,nan,27.0,4.0,3.0,0.48071324730327447,0.9961023141205454,0.9945047533847803,0.0,nan,nan
1.0,raw,nan,28.0,4.0,4.0,0.4824254935084957,0.9891781191610507,0.9898457828665055,0.0,nan,nan
1.0,raw,nan,29.0,4.0,5.0,0.4840338234535382,0.9917206792249975,0.9904445523311789,0.0,nan,nan
1.0,raw,nan,30.0,4.0,6.0,0.48550566650498306,0.9936593813914913,0.9911415535883841,0.0,nan,nan
1.0,raw,nan,31.0,4.0,7.0,0.48661348838856694,0.9907540239073529,0.993616143263173,0.0,nan,nan
1.0,raw,nan,32.0,4.0,8.0,0.4874222833816786,0.9944039437290731,0.9953366213748672,0.0,nan,nan
1.0,raw,nan,33.0,5.0,1.0,0.48819145666115876,1.0,1.0000000000000002,0.0,nan,nan
1.0,raw,nan,34.0,5.0,2.0,0.48984166940231777,0.9983627658563826,0.9983758756104394,0.0,nan,nan
1.0,raw,nan,35.0,5.0,3.0,0.49189346695041875,0.9966001980817771,0.9964503922815131,0.0,nan,nan
1.0,raw,nan,36.0,5.0,4.0,0.49303725100580664,0.9948559812361615,0.9955519169422661,0.0,nan,nan
1.0,raw,nan,37.0,5.0,5.0,0.49469538417388903,0.9937724378044935,0.9964076889953842,0.0,nan,nan
1.0,raw,nan,38.0,5.0,6.0,0.49499850323970834,0.9907220262015186,0.991407774827108,0.0,nan,nan
1.0,raw,nan,39.0,5.0,7.0,0.4959143873714634,0.9859640104408479,0.9856046826439446,0.0,nan,nan
1.0,raw,nan,40.0,5.0,8.0,0.49617466143613276,0.9831419873662673,0.9814160834690163,0.0,nan,nan
1.0,ppo,nan,0.0,0.0,0.0,0.4381825474072605,1.0,1.0,0.0,nan,nan
1.0,ppo,nan,1.0,1.0,1.0,0.44153480446678606,1.0,1.0,1.0,nan,nan
1.0,ppo,nan,2.0,1.0,2.0,0.44338038066754937,0.9982987493942571,0.9981339310857421,1.0,nan,nan
1.0,ppo,nan,3.0,1.0,3.0,0.4446490621158979,0.9955647551619583,0.9961451545984268,1.0,nan,nan
1.0,ppo,nan,4.0,1.0,4.0,0.44689381640079623,0.9966007080522382,0.9960672353915679,1.0,nan,nan
1.0,ppo,nan,5.0,1.0,5.0,0.4488881807645861,0.990273384802219,0.9917727473519524,1.0,nan,nan
1.0,ppo,nan,6.0,1.0,6.0,0.44960791905273895,0.9896515913798256,0.9886133057584547,1.0,nan,nan
1.0,ppo,nan,7.0,1.0,7.0,0.4507770453437362,0.9908116152357327,0.9892801754049741,1.0,nan,nan
1.0,ppo,nan,8.0,1.0,8.0,0.45216611476311624,0.9904289041552131,0.9896760730155928,1.0,nan,nan
1.0,ppo,nan,9.0,2.0,1.0,0.45336768366083235,1.0,1.0000000000000002,1.0,nan,nan
1.0,ppo,nan,10.0,2.0,2.0,0.4563919839240563,0.9989201379235552,0.9987854446771369,1.0,nan,nan
1.0,ppo,nan,11.0,2.0,3.0,0.45758884233206737,0.9961892983876783,0.9968041127045131,1.0,nan,nan
1.0,ppo,nan,12.0,2.0,4.0,0.45861156275626114,0.9965025440983377,0.9969247815969181,1.0,nan,nan
1.0,ppo,nan,13.0,2.0,5.0,0.4596258087379918,0.9961417940346782,0.9959936647943805,1.0,nan,nan
1.0,ppo,nan,14.0,2.0,6.0,0.46026623461122373,0.9964947949446749,0.9980167080983827,1.0,nan,nan
1.0,ppo,nan,15.0,2.0,7.0,0.4611408525275714,0.9936926750081801,0.9919235756908282,1.0,nan,nan
1.0,ppo,nan,16.0,2.0,8.0,0.46338161561719093,0.9921750463892396,0.9923073691656045,1.0,nan,nan
1.0,ppo,nan,17.0,3.0,1.0,0.46435220281426953,1.0,1.0,1.0,nan,nan
1.0,ppo,nan,18.0,3.0,2.0,0.46565595994906933,0.9986943489143391,0.9986734591079922,1.0,nan,nan
1.0,ppo,nan,19.0,3.0,3.0,0.46589375107356584,0.9961562446509986,0.9964496212638765,1.0,nan,nan
1.0,ppo,nan,20.0,3.0,4.0,0.46702169575801145,0.9928478252129608,0.9937225308779595,1.0,nan,nan
1.0,ppo,nan,21.0,3.0,5.0,0.4668795407156949,0.9904152414332162,0.9925828627545806,1.0,nan,nan
1.0,ppo,nan,22.0,3.0,6.0,0.47101225400708124,0.9887454281069943,0.9877046256975573,1.0,nan,nan
1.0,ppo,nan,23.0,3.0,7.0,0.4718081759801742,0.9914986734189244,0.9941942503741275,1.0,nan,nan
1.0,ppo,nan,24.0,3.0,8.0,0.4735803500895648,0.9904335379217569,0.9947257437203718,1.0,nan,nan
1.0,ppo,nan,25.0,4.0,1.0,0.4752172450023942,1.0,1.0,1.0,nan,nan
1.0,ppo,nan,26.0,4.0,2.0,0.4776136643192685,0.9988556755342358,0.9989017144098187,1.0,nan,nan
1.0,ppo,nan,27.0,4.0,3.0,0.47986721584330905,0.9970802270932184,0.9955222062827201,1.0,nan,nan
1.0,ppo,nan,28.0,4.0,4.0,0.48126645640860144,0.9902523736999415,0.9894272154520707,1.0,nan,nan
1.0,ppo,nan,29.0,4.0,5.0,0.4829413947884408,0.9929253054495562,0.9893251168325989,1.0,nan,nan
1.0,ppo,nan,30.0,4.0,6.0,0.4844732578290631,0.9948334058287168,0.9921136355471876,1.0,nan,nan
1.0,ppo,nan,31.0,4.0,7.0,0.48524832877364155,0.9934676331945551,0.9963139460907687,1.0,nan,nan
1.0,ppo,nan,32.0,4.0,8.0,0.48596458053639396,0.9954352639232261,0.9961490405822044,1.0,nan,nan
1.0,ppo,nan,33.0,5.0,1.0,0.4867833706717553,1.0,1.0,1.0,nan,nan
1.0,ppo,nan,34.0,5.0,2.0,0.48845120625096555,0.9986607833859711,0.9986844188061919,1.0,nan,nan
1.0,ppo,nan,35.0,5.0,3.0,0.4902010015940919,0.9966041840519453,0.9962721219435833,1.0,nan,nan
1.0,ppo,nan,36.0,5.0,4.0,0.4916232420901678,0.9946230681441762,0.9937292173274987,1.0,nan,nan
1.0,ppo,nan,37.0,5.0,5.0,0.4936537980492781,0.9938022683853687,0.9964054212356868,1.0,nan,nan
1.0,ppo,nan,38.0,5.0,6.0,0.49403059480388634,0.9917789981522379,0.992828728516982,1.0,nan,nan
1.0,ppo,nan,39.0,5.0,7.0,0.49549250946960494,0.988033142523081,0.9859368788758921,1.0,nan,nan
1.0,ppo,nan,40.0,5.0,8.0,0.4960566654329302,0.9881196097647988,0.986102327462989,1.0,nan,nan
1.0,mse_oracle,nan,0.0,0.0,0.0,0.4381825474072605,1.0,1.0,0.0,nan,nan
1.0,mse_oracle,nan,1.0,1.0,1.0,0.44153480446678606,1.0,1.0,0.0,0.06706072794876566,0.06706072794876566
1.0,mse_oracle,nan,2.0,1.0,2.0,0.44338038066754937,0.9982987493942571,0.9981339310857421,0.0,0.06627424399555948,0.06627424399555948
1.0,mse_oracle,nan,3.0,1.0,3.0,0.4446490621158979,0.9955647551619583,0.9961451545984268,1.0,0.06594787591365539,0.06574622147007442
1.0,mse_oracle,nan,4.0,1.0,4.0,0.44689381640079623,0.9966007080522382,0.9960672353915679,1.0,0.06566074490390651,0.0656427561821656
1.0,mse_oracle,nan,5.0,1.0,5.0,0.4492171134515138,0.990273384802219,0.9917727473519524,0.0,0.06530061395862909,0.06608973867797718
1.0,mse_oracle,nan,6.0,1.0,6.0,0.45046802247706436,0.9881559958888959,0.9867417745839192,0.0,0.06466406084878368,0.06711616599342217
1.0,mse_oracle,nan,7.0,1.0,7.0,0.4516344926233377,0.9875097084513054,0.9855204941467425,0.0,0.06451286615624548,0.06536421837795753
1.0,mse_oracle,nan,8.0,1.0,8.0,0.452604028562672,0.9874849242113165,0.986721441792189,1.0,0.06420644143542611,0.06393613248453364
1.0,mse_oracle,nan,9.0,2.0,1.0,0.45380031244997154,1.0,1.0,0.0,0.06812031907771651,0.06812031907771651
1.0,mse_oracle,nan,10.0,2.0,2.0,0.45684286473909913,0.998915212248753,0.9987143483874219,0.0,0.06790247805861813,0.06790247805861813
1.0,mse_oracle,nan,11.0,2.0,3.0,0.4580413875417448,0.9964835391943858,0.9970922362632563,1.0,0.06678290059545774,0.0665101969592809
1.0,mse_oracle,nan,12.0,2.0,4.0,0.45911263947593317,0.9968594186641356,0.9970191362992329,1.0,0.06668231328273662,0.0666472080835919
1.0,mse_oracle,nan,13.0,2.0,5.0,0.4601189976994451,0.9965885782570387,0.9964911584213538,1.0,0.06616038667228474,0.06613531555200443
1.0,mse_oracle,nan,14.0,2.0,6.0,0.46065514096317656,0.9967655078851169,0.9981096340005907,1.0,0.06617462684511285,0.06609037197201806
1.0,mse_oracle,nan,15.0,2.0,7.0,0.46154984206306293,0.993432283037074,0.9916869998331506,1.0,0.06670912183420853,0.06596152514045016
1.0,mse_oracle,nan,16.0,2.0,8.0,0.46376001148480733,0.9919743210406524,0.9921823286681365,1.0,0.0668377577409214,0.06568056150896802
1.0,mse_oracle,nan,17.0,3.0,1.0,0.4647281132354621,1.0,1.0000000000000002,0.0,0.06888845838844777,0.06888845838844777
1.0,mse_oracle,nan,18.0,3.0,2.0,0.4663426885494602,0.9987430664685701,0.9986934439041344,0.0,0.06883771083847773,0.06883771083847773
1.0,mse_oracle,nan,19.0,3.0,3.0,0.46667974144084023,0.9970872331702385,0.9969694922229134,0.0,0.06821472048719371,0.06821472048719371
1.0,mse_oracle,nan,20.0,3.0,4.0,0.46781209366042426,0.9941772146139244,0.9942734570232074,1.0,0.0687955591505984,0.06866403713428897
1.0,mse_oracle,nan,21.0,3.0,5.0,0.46769431178943655,0.9919487307087994,0.9937362844477703,1.0,0.0693073771475259,0.06860487769201158
1.0,mse_oracle,nan,22.0,3.0,6.0,0.4715539078995608,0.990762885420237,0.9895977620016534,1.0,0.06956395867230628,0.06871704666558018
1.0,mse_oracle,nan,23.0,3.0,7.0,0.47230098124838804,0.9918102410864228,0.9942734928779843,1.0,0.06757846865413485,0.06660362319425156
1.0,mse_oracle,nan,24.0,3.0,8.0,0.47395159595956093,0.9903663093632417,0.994832801093628,1.0,0.06775481038548706,0.06631057959602986
1.0,mse_oracle,nan,25.0,4.0,1.0,0.47546857133142995,1.0,1.0,0.0,0.06945286878293602,0.06945286878293602
1.0,mse_oracle,nan,26.0,4.0,2.0,0.4780669455497742,0.9988999617507168,0.9993243952765768,0.0,0.06922763529402917,0.06922763529402917
1.0,mse_oracle,nan,27.0,4.0,3.0,0.48012885305626657,0.9959253283084569,0.9941563477899154,1.0,0.06859907681746034,0.0685663383342164
1.0,mse_oracle,nan,28.0,4.0,4.0,0.48166441891324296,0.9890239519119651,0.9892547605189758,1.0,0.06735108635166889,0.06529527703275818
1.0,mse_oracle,nan,29.0,4.0,5.0,0.48307223091679585,0.9918007425607046,0.9882299260862877,1.0,0.06678399410618997,0.06530426906743865
1.0,mse_oracle,nan,30.0,4.0,6.0,0.4842501943834486,0.9941853207180953,0.9917223734775588,1.0,0.06706753153296427,0.06665898715814268
1.0,mse_oracle,nan,31.0,4.0,7.0,0.48518352779940327,0.9935525411501944,0.9934406395743313,1.0,0.06716136886561766,0.06616483467856012
1.0,mse_oracle,nan,32.0,4.0,8.0,0.4858102076686516,0.9955377856805284,0.9964375893114982,1.0,0.06753958166251585,0.06704895971466217
1.0,mse_oracle,nan,33.0,5.0,1.0,0.4865265621736884,1.0,1.0,0.0,0.07023273917874914,0.07023273917874914
1.0,mse_oracle,nan,34.0,5.0,2.0,0.4881606442124405,0.998523782881587,0.9984294399304493,0.0,0.07020706209342711,0.07020706209342711
1.0,mse_oracle,nan,35.0,5.0,3.0,0.49014638543231737,0.9962500727468853,0.9957270028334679,1.0,0.06953319731877992,0.06950953738410515
1.0,mse_oracle,nan,36.0,5.0,4.0,0.4915760111625953,0.9939234836444869,0.9931171545836585,1.0,0.06839829988145123,0.06750502641738632
1.0,mse_oracle,nan,37.0,5.0,5.0,0.493691052004948,0.993133001883404,0.9960817273657314,1.0,0.06782205177977937,0.06657848303310586
1.0,mse_oracle,nan,38.0,5.0,6.0,0.4939826482080832,0.9910616757781772,0.99236053678419,1.0,0.0669983672452363,0.06496342005988595
1.0,mse_oracle,nan,39.0,5.0,7.0,0.4954068726678439,0.9869933800328137,0.9846738823745432,1.0,0.06696061649288834,0.06360736903544993
1.0,mse_oracle,nan,40.0,5.0,8.0,0.495882831619595,0.9873968057099487,0.9860264796116103,1.0,0.066712330540722,0.0636774573419847
2.0,raw,nan,0.0,0.0,0.0,0.4381825474072605,1.0,1.0,0.0,nan,nan
2.0,raw,nan,1.0,1.0,1.0,0.4406506046806708,1.0,1.0,0.0,nan,nan
2.0,raw,nan,2.0,1.0,2.0,0.4423203360606286,0.9983278058413704,0.998704901561045,0.0,nan,nan
2.0,raw,nan,3.0,1.0,3.0,0.44405222088750723,0.9985139437326209,0.9982532008639747,0.0,nan,nan
2.0,raw,nan,4.0,1.0,4.0,0.4453671026595761,0.9952316466709639,0.992024403170483,0.0,nan,nan
2.0,raw,nan,5.0,1.0,5.0,0.4471691695451182,0.9945735506304084,0.9951578291964526,0.0,nan,nan
2.0,raw,nan,6.0,1.0,6.0,0.44843842888042823,0.9945510516140579,0.9944821367232756,0.0,nan,nan
2.0,raw,nan,7.0,1.0,7.0,0.4513564644004993,0.9945300151154217,0.9922165702844827,0.0,nan,nan
2.0,raw,nan,8.0,1.0,8.0,0.45277182579247377,0.9913235659147641,0.9915343208509527,0.0,nan,nan
2.0,raw,nan,9.0,2.0,1.0,0.4553579232717421,1.0,1.0,0.0,nan,nan
2.0,raw,nan,10.0,2.0,2.0,0.4575551003826288,0.998476730996226,0.998058771765277,0.0,nan,nan
2.0,raw,nan,11.0,2.0,3.0,0.45868933255949035,0.9938893534861751,0.9944041701053256,0.0,nan,nan
2.0,raw,nan,12.0,2.0,4.0,0.4606863434079927,0.9889827256785018,0.9864510644448576,0.0,nan,nan
2.0,raw,nan,13.0,2.0,5.0,0.46178111852509324,0.9848349158337731,0.9842691529687928,0.0,nan,nan
2.0,raw,nan,14.0,2.0,6.0,0.4640972133511948,0.980605643421454,0.9797924775190091,0.0,nan,nan
2.0,raw,nan,15.0,2.0,7.0,0.465538119037892,0.9764799240331339,0.9782102237550007,0.0,nan,nan
2.0,raw,nan,16.0,2.0,8.0,0.4676508702019043,0.9734323008785258,0.9820555096876372,0.0,nan,nan
2.0,raw,nan,17.0,3.0,1.0,0.46865990043545164,1.0,1.0,0.0,nan,nan
2.0,raw,nan,18.0,3.0,2.0,0.4703723993053612,0.99844366567294,0.9980726170721999,0.0,nan,nan
2.0,raw,nan,19.0,3.0,3.0,0.47202661048471783,0.9983341759925043,0.9982686138666681,0.0,nan,nan
2.0,raw,nan,20.0,3.0,4.0,0.47333739047765544,0.9961276709344714,0.9953921958662596,0.0,nan,nan
2.0,raw,nan,21.0,3.0,5.0,0.4750603576970461,0.993009167227026,0.9902257849687912,0.0,nan,nan
2.0,raw,nan,22.0,3.0,6.0,0.4767114103875612,0.9919017658806378,0.9953127610162742,0.0,nan,nan
2.0,raw,nan,23.0,3.0,7.0,0.4791049655142806,0.9889150391098397,0.9892523089943601,0.0,nan,nan
2.0,raw,nan,24.0,3.0,8.0,0.4805745816908133,0.9856108702853369,0.9892237889814051,0.0,nan,nan
2.0,raw,nan,25.0,4.0,1.0,0.4820344123699286,1.0,1.0,0.0,nan,nan
2.0,raw,nan,26.0,4.0,2.0,0.48397976734754616,0.9989817437111587,0.9984869338439508,0.0,nan,nan
2.0,raw,nan,27.0,4.0,3.0,0.48539279807263486,0.9967439937104542,0.9967288671577779,0.0,nan,nan
2.0,raw,nan,28.0,4.0,4.0,0.4872017112821707,0.9971773258981285,0.9968326437745421,0.0,nan,nan
2.0,raw,nan,29.0,4.0,5.0,0.48830656737321254,0.9966031249688,0.9962114907551577,0.0,nan,nan
2.0,raw,nan,30.0,4.0,6.0,0.48940879926118586,0.9966102615411302,0.9974729212360862,0.0,nan,nan
2.0,raw,nan,31.0,4.0,7.0,0.4904302983852023,0.994075117133505,0.9953368270270283,0.0,nan,nan
2.0,raw,nan,32.0,4.0,8.0,0.4912418401796701,0.9909703549895745,0.9939522164915775,0.0,nan,nan
2.0,raw,nan,33.0,5.0,1.0,0.49286112391337705,1.0,1.0,0.0,nan,nan
2.0,raw,nan,34.0,5.0,2.0,0.4944597207862475,0.9995166951806309,0.9995058518381796,0.0,nan,nan
2.0,raw,nan,35.0,5.0,3.0,0.49618503268306996,0.998612473534071,0.9989090687882326,0.0,nan,nan
2.0,raw,nan,36.0,5.0,4.0,0.4971858918771399,0.9976013145096815,0.9980463120343166,0.0,nan,nan
2.0,raw,nan,37.0,5.0,5.0,0.4988633814314611,0.9960465490896334,0.9955103464907702,0.0,nan,nan
2.0,raw,nan,38.0,5.0,6.0,0.4998001611444067,0.9938152854312833,0.9952037510887041,0.0,nan,nan
2.0,raw,nan,39.0,5.0,7.0,0.5009928324394886,0.9918049358701992,0.9917960888323176,0.0,nan,nan
2.0,raw,nan,40.0,5.0,8.0,0.50204828246324,0.9890652301862399,0.9881212130457032,0.0,nan,nan
2.0,ppo,nan,0.0,0.0,0.0,0.4381825474072605,1.0,1.0,0.0,nan,nan
2.0,ppo,nan,1.0,1.0,1.0,0.4406506046806708,1.0,1.0,1.0,nan,nan
2.0,ppo,nan,2.0,1.0,2.0,0.4423203360606286,0.9983278058413704,0.998704901561045,1.0,nan,nan
2.0,ppo,nan,3.0,1.0,3.0,0.44405222088750723,0.9985139437326209,0.9982532008639747,1.0,nan,nan
2.0,ppo,nan,4.0,1.0,4.0,0.44526699471934267,0.9952316466709639,0.992024403170483,1.0,nan,nan
2.0,ppo,nan,5.0,1.0,5.0,0.44705493725046846,0.995373152174053,0.9959077304722285,1.0,nan,nan
2.0,ppo,nan,6.0,1.0,6.0,0.44832718061202725,0.9951832806065348,0.9954173456180153,1.0,nan,nan
2.0,ppo,nan,7.0,1.0,7.0,0.4512695099622688,0.9951420770369168,0.9931028696958005,1.0,nan,nan
2.0,ppo,nan,8.0,1.0,8.0,0.4527030922562656,0.9920481159092622,0.9921954870055422,1.0,nan,nan
2.0,ppo,nan,9.0,2.0,1.0,0.4552971436864017,1.0,1.0,1.0,nan,nan
2.0,ppo,nan,10.0,2.0,2.0,0.4573238157129039,0.9984797806515472,0.9980932258448109,1.0,nan,nan
2.0,ppo,nan,11.0,2.0,3.0,0.4584054988416664,0.9936037737005792,0.9938932662287643,1.0,nan,nan
2.0,ppo,nan,12.0,2.0,4.0,0.4603466112861399,0.9881480263379765,0.986154036504635,1.0,nan,nan
2.0,ppo,nan,13.0,2.0,5.0,0.46133716568769473,0.9859151751696428,0.9854872503079983,1.0,nan,nan
2.0,ppo,nan,14.0,2.0,6.0,0.46326598323544255,0.9827834556915432,0.982979132104895,1.0,nan,nan
2.0,ppo,nan,15.0,2.0,7.0,0.46468670371296217,0.984105506222112,0.9848234593320189,1.0,nan,nan
2.0,ppo,nan,16.0,2.0,8.0,0.46667569520962493,0.9836045972973123,0.9896056825718058,1.0,nan,nan
2.0,ppo,nan,17.0,3.0,1.0,0.4677028931276822,1.0,1.0,1.0,nan,nan
2.0,ppo,nan,18.0,3.0,2.0,0.46940988023992747,0.9983579082045324,0.9980378183444387,1.0,nan,nan
2.0,ppo,nan,19.0,3.0,3.0,0.4712576517772354,0.9981999931547975,0.9980648391547503,1.0,nan,nan
2.0,ppo,nan,20.0,3.0,4.0,0.47252877954247197,0.9961205607530943,0.9945358229139517,1.0,nan,nan
2.0,ppo,nan,21.0,3.0,5.0,0.4744470819217657,0.9919782641876783,0.9891312739809549,1.0,nan,nan
2.0,ppo,nan,22.0,3.0,6.0,0.47601707678747257,0.9919207500117387,0.994972056234474,1.0,nan,nan
2.0,ppo,nan,23.0,3.0,7.0,0.47818299605608433,0.9892947936109672,0.990522503328999,1.0,nan,nan
2.0,ppo,nan,24.0,3.0,8.0,0.4796767390186856,0.9838317533725762,0.9866347922564768,1.0,nan,nan
2.0,ppo,nan,25.0,4.0,1.0,0.48112550524721664,1.0,0.9999999999999999,1.0,nan,nan
2.0,ppo,nan,26.0,4.0,2.0,0.4833123670924863,0.9989537519486256,0.9986517443640677,1.0,nan,nan
2.0,ppo,nan,27.0,4.0,3.0,0.48462553921430035,0.9967638158981745,0.997377751893138,1.0,nan,nan
2.0,ppo,nan,28.0,4.0,4.0,0.48652528565106234,0.9977001695458191,0.997250296448701,1.0,nan,nan
2.0,ppo,nan,29.0,4.0,5.0,0.48759493641824175,0.9966928821849457,0.9962785216633125,1.0,nan,nan
2.0,ppo,nan,30.0,4.0,6.0,0.4886683477778575,0.9967411478055384,0.9965391984183571,1.0,nan,nan
2.0,ppo,nan,31.0,4.0,7.0,0.48964751853811156,0.993703822826685,0.9951557709467275,1.0,nan,nan
2.0,ppo,nan,32.0,4.0,8.0,0.49048602909854616,0.9904355594010913,0.9942295258717541,1.0,nan,nan
2.0,ppo,nan,33.0,5.0,1.0,0.49216537655423603,1.0,1.0,1.0,nan,nan
2.0,ppo,nan,34.0,5.0,2.0,0.49355442390996057,0.9994612766459955,0.999398792048916,1.0,nan,nan
2.0,ppo,nan,35.0,5.0,3.0,0.4953059905088339,0.9981443590923819,0.9985500679209416,1.0,nan,nan
2.0,ppo,nan,36.0,5.0,4.0,0.4964587400110082,0.9977627995980836,0.9980357182927435,1.0,nan,nan
2.0,ppo,nan,37.0,5.0,5.0,0.49818233671265066,0.9962960329668332,0.9951849114840063,1.0,nan,nan
2.0,ppo,nan,38.0,5.0,6.0,0.49909058102415604,0.9935691768494506,0.9952762992014821,1.0,nan,nan
2.0,ppo,nan,39.0,5.0,7.0,0.49987624912524603,0.9917038618203101,0.9894496981057235,1.0,nan,nan
2.0,ppo,nan,40.0,5.0,8.0,0.5008505509656481,0.9890168414294912,0.9887189668113749,1.0,nan,nan
2.0,mse_oracle,nan,0.0,0.0,0.0,0.4381825474072605,1.0,1.0,0.0,nan,nan
2.0,mse_oracle,nan,1.0,1.0,1.0,0.4406506046806708,1.0,1.0,0.0,0.06706072794876566,0.06706072794876566
2.0,mse_oracle,nan,2.0,1.0,2.0,0.4423203360606286,0.9983278058413704,0.998704901561045,0.0,0.06635235502905423,0.06635235502905423
2.0,mse_oracle,nan,3.0,1.0,3.0,0.44405222088750723,0.9985139437326209,0.9982532008639747,0.0,0.06605684648674995,0.06605684648674995
2.0,mse_oracle,nan,4.0,1.0,4.0,0.44526699471934267,0.9952316466709639,0.992024403170483,1.0,0.06561070450766517,0.06500412953645708
2.0,mse_oracle,nan,5.0,1.0,5.0,0.44705493725046846,0.995373152174053,0.9959077304722285,1.0,0.06557881848913888,0.06538892176349521
2.0,mse_oracle,nan,6.0,1.0,6.0,0.44832718061202725,0.9951832806065348,0.9954173456180153,1.0,0.06507851798898784,0.06478255974244182
2.0,mse_oracle,nan,7.0,1.0,7.0,0.4512695099622688,0.9951420770369168,0.9931028696958005,1.0,0.06475684025086846,0.06447329994296208
2.0,mse_oracle,nan,8.0,1.0,8.0,0.4527030922562656,0.9920481159092622,0.9921954870055422,1.0,0.06404077013375749,0.06295512390761054
2.0,mse_oracle,nan,9.0,2.0,1.0,0.4552971436864017,1.0,1.0,0.0,0.06811714127712108,0.06811714127712108
2.0,mse_oracle,nan,10.0,2.0,2.0,0.4573238157129039,0.9984797806515472,0.9980932258448109,0.0,0.06754981848471057,0.06754981848471057
2.0,mse_oracle,nan,11.0,2.0,3.0,0.4584054988416664,0.9936037737005792,0.9938932662287643,1.0,0.06684750218884171,0.06628946413745114
2.0,mse_oracle,nan,12.0,2.0,4.0,0.4603466112861399,0.9881480263379765,0.986154036504635,1.0,0.06629825365411962,0.0651542253203259
2.0,mse_oracle,nan,13.0,2.0,5.0,0.46133716568769473,0.9859151751696428,0.9854872503079983,1.0,0.06665514294300665,0.06529591420759019
2.0,mse_oracle,nan,14.0,2.0,6.0,0.46326598323544255,0.9827834556915432,0.982979132104895,1.0,0.06675891403470657,0.06437094808539981
2.0,mse_oracle,nan,15.0,2.0,7.0,0.46468670371296217,0.984105506222112,0.9848234593320189,1.0,0.06597403032415856,0.06395512594301302
2.0,mse_oracle,nan,16.0,2.0,8.0,0.46667569520962493,0.9836045972973123,0.9896056825718058,1.0,0.06569175225929057,0.06389607005770444
2.0,mse_oracle,nan,17.0,3.0,1.0,0.4677028931276822,1.0,1.0,0.0,0.06897047558186627,0.06897047558186627
2.0,mse_oracle,nan,18.0,3.0,2.0,0.46940988023992747,0.9983579082045324,0.9980378183444387,0.0,0.06920119439421417,0.06920119439421417
2.0,mse_oracle,nan,19.0,3.0,3.0,0.4712576517772354,0.9981999931547975,0.9980648391547503,0.0,0.06866178112340146,0.06866178112340146
2.0,mse_oracle,nan,20.0,3.0,4.0,0.47252877954247197,0.9961205607530943,0.9945358229139517,1.0,0.0676282494638568,0.0675753065251867
2.0,mse_oracle,nan,21.0,3.0,5.0,0.4744470819217657,0.9919782641876783,0.9891312739809549,1.0,0.06779484274570721,0.06601317865355649
2.0,mse_oracle,nan,22.0,3.0,6.0,0.47601707678747257,0.9919207500117387,0.994972056234474,1.0,0.06750207664484591,0.06606938749251026
2.0,mse_oracle,nan,23.0,3.0,7.0,0.47818299605608433,0.9892947936109672,0.990522503328999,1.0,0.06753028770270333,0.065662254300686
2.0,mse_oracle,nan,24.0,3.0,8.0,0.4797537571112721,0.9838317533725762,0.9866347922564768,0.0,0.0669543687046694,0.06722890248713846
2.0,mse_oracle,nan,25.0,4.0,1.0,0.48121183026236736,1.0,1.0,0.0,0.06977582217914012,0.06977582217914012
2.0,mse_oracle,nan,26.0,4.0,2.0,0.4833289739249714,0.998920277393162,0.9985058996333663,0.0,0.06891757285060582,0.06891757285060582
2.0,mse_oracle,nan,27.0,4.0,3.0,0.48465415044160576,0.9963534253568015,0.9970131524113098,1.0,0.06826239892117957,0.0681928508883184
2.0,mse_oracle,nan,28.0,4.0,4.0,0.48642815198735917,0.9973603274190428,0.9969018313829469,1.0,0.06794618830030824,0.06777219875815814
2.0,mse_oracle,nan,29.0,4.0,5.0,0.48751655475433386,0.9967196108122808,0.9962607190372551,1.0,0.06719794319354576,0.06686348283560387
2.0,mse_oracle,nan,30.0,4.0,6.0,0.4886551641879721,0.9968777012619682,0.9967631404730103,1.0,0.0670407680171142,0.06687982721622766
2.0,mse_oracle,nan,31.0,4.0,7.0,0.4896701432712554,0.9941703975583988,0.995350226454555,1.0,0.06644371215951012,0.06538139129397419
2.0,mse_oracle,nan,32.0,4.0,8.0,0.49052337278516284,0.9910849571840219,0.9948993267522566,1.0,0.06582220309579151,0.06281167804903393
2.0,mse_oracle,nan,33.0,5.0,1.0,0.4921568766790027,1.0,1.0,0.0,0.0700563266689556,0.0700563266689556
2.0,mse_oracle,nan,34.0,5.0,2.0,0.493549746727187,0.9995587677639151,0.999567121334499,0.0,0.06990924469001768,0.06990924469001768
2.0,mse_oracle,nan,35.0,5.0,3.0,0.49528600932799416,0.998233033980887,0.9986511390484415,0.0,0.06972950624093943,0.06972950624093943
2.0,mse_oracle,nan,36.0,5.0,4.0,0.49645206499848504,0.997900872536107,0.998056544415973,0.0,0.06904040658892181,0.06904040658892181
2.0,mse_oracle,nan,37.0,5.0,5.0,0.49814435374283317,0.9965384604359276,0.9958821371574924,1.0,0.06778175888820978,0.0675252471245103
2.0,mse_oracle,nan,38.0,5.0,6.0,0.4990310247281058,0.9945352927269336,0.9956344495283213,1.0,0.06807763014794956,0.0677080078561177
2.0,mse_oracle,nan,39.0,5.0,7.0,0.5000876047021557,0.9924701716561274,0.9916628020132178,1.0,0.06816904104035656,0.06681414246834752
2.0,mse_oracle,nan,40.0,5.0,8.0,0.5010251231626881,0.990091840327071,0.99023181033152,1.0,0.06904448492346693,0.06710046402615547
3.0,raw,nan,0.0,0.0,0.0,0.4381825474072605,1.0,1.0,0.0,nan,nan
3.0,raw,nan,1.0,1.0,1.0,0.44019174614635515,1.0,1.0,0.0,nan,nan
3.0,raw,nan,2.0,1.0,2.0,0.4429768803963076,0.9984343368811858,0.9984280128987132,0.0,nan,nan
3.0,raw,nan,3.0,1.0,3.0,0.4443052317806333,0.996663322005786,0.9975345972736518,0.0,nan,nan
3.0,raw,nan,4.0,1.0,4.0,0.44729765226908585,0.9963616069596901,0.9966142495542477,0.0,nan,nan
3.0,raw,nan,5.0,1.0,5.0,0.44971582233425866,0.9931178500916585,0.9954432913070336,0.0,nan,nan
3.0,raw,nan,6.0,1.0,6.0,0.4513506460267177,0.9910855881523551,0.9892243893417564,0.0,nan,nan
3.0,raw,nan,7.0,1.0,7.0,0.45394476624728763,0.9893165300411361,0.9889530915052056,0.0,nan,nan
3.0,raw,nan,8.0,1.0,8.0,0.45570355935030543,0.9827155926802523,0.9807182120564621,0.0,nan,nan
3.0,raw,nan,9.0,2.0,1.0,0.457425057399699,1.0,1.0,0.0,nan,nan
3.0,raw,nan,10.0,2.0,2.0,0.4598799582753675,0.9986428868437203,0.9985873076630184,0.0,nan,nan
3.0,raw,nan,11.0,2.0,3.0,0.46118007242603937,0.9957888762835608,0.9971648049433183,0.0,nan,nan
3.0,raw,nan,12.0,2.0,4.0,0.46318890982354294,0.9946937589937432,0.9953109104267744,0.0,nan,nan
3.0,raw,nan,13.0,2.0,5.0,0.46422443162949845,0.9920534285984618,0.9910125941770054,0.0,nan,nan
3.0,raw,nan,14.0,2.0,6.0,0.4656126124663564,0.9926467757223463,0.9921983497102024,0.0,nan,nan
3.0,raw,nan,15.0,2.0,7.0,0.4674613620481507,0.9917191353347591,0.9913745411768501,0.0,nan,nan
3.0,raw,nan,16.0,2.0,8.0,0.46844512855542725,0.9890013571098515,0.9860550960829935,0.0,nan,nan
3.0,raw,nan,17.0,3.0,1.0,0.46912608656201854,1.0,1.0000000000000002,0.0,nan,nan
3.0,raw,nan,18.0,3.0,2.0,0.47055325448646207,0.9983699875055457,0.9987627117450929,0.0,nan,nan
3.0,raw,nan,19.0,3.0,3.0,0.47175304950917185,0.9983291345707901,0.9982910506799757,0.0,nan,nan
3.0,raw,nan,20.0,3.0,4.0,0.473595799649948,0.9973981417923145,0.9971933678619387,0.0,nan,nan
3.0,raw,nan,21.0,3.0,5.0,0.47494829756943185,0.996689150988136,0.9952503953296095,0.0,nan,nan
3.0,raw,nan,22.0,3.0,6.0,0.47574182497580564,0.9930584695530416,0.9927341966176264,0.0,nan,nan
3.0,raw,nan,23.0,3.0,7.0,0.4768137852870517,0.9907388534875913,0.9916099726258537,0.0,nan,nan
3.0,raw,nan,24.0,3.0,8.0,0.47771779531690284,0.9883192342813608,0.9851147555132275,0.0,nan,nan
3.0,raw,nan,25.0,4.0,1.0,0.47882964646848214,1.0,1.0000000000000002,0.0,nan,nan
3.0,raw,nan,26.0,4.0,2.0,0.48110314219814027,0.9994960524578425,0.9995353513800923,0.0,nan,nan
3.0,raw,nan,27.0,4.0,3.0,0.4824806600162808,0.999481939846709,0.9996046002407998,0.0,nan,nan
3.0,raw,nan,28.0,4.0,4.0,0.48345468511545414,0.9987158381534192,0.9985188073239614,0.0,nan,nan
3.0,raw,nan,29.0,4.0,5.0,0.48603333616661887,0.9967187810927077,0.9970455458371839,0.0,nan,nan
3.0,raw,nan,30.0,4.0,6.0,0.4873714954367903,0.9942321538074721,0.9936433333842289,0.0,nan,nan
3.0,raw,nan,31.0,4.0,7.0,0.48914367604584524,0.9898531660353899,0.9889521568559281,0.0,nan,nan
3.0,raw,nan,32.0,4.0,8.0,0.49155314396230787,0.9912997721676193,0.9878070745982631,0.0,nan,nan
3.0,raw,nan,33.0,5.0,1.0,0.4925465701850879,1.0,1.0,0.0,nan,nan
3.0,raw,nan,34.0,5.0,2.0,0.49402002470457984,0.9988323114921656,0.9989455547425937,0.0,nan,nan
3.0,raw,nan,35.0,5.0,3.0,0.4958779854358989,0.9983923831342741,0.9986736356191589,0.0,nan,nan
3.0,raw,nan,36.0,5.0,4.0,0.49711068258461233,0.9961130298364375,0.9958735977237766,0.0,nan,nan
3.0,raw,nan,37.0,5.0,5.0,0.4980879309835923,0.995110642511625,0.9953312689175912,0.0,nan,nan
3.0,raw,nan,38.0,5.0,6.0,0.4992794078417295,0.9933117935296492,0.9907540871143174,0.0,nan,nan
3.0,raw,nan,39.0,5.0,7.0,0.5007104846601297,0.9955850945758169,0.9964281363286225,0.0,nan,nan
3.0,raw,nan,40.0,5.0,8.0,0.502325546286252,0.995262449664114,0.9954985570108258,0.0,nan,nan
3.0,ppo,nan,0.0,0.0,0.0,0.4381825474072605,1.0,1.0,0.0,nan,nan
3.0,ppo,nan,1.0,1.0,1.0,0.44019174614635515,1.0,1.0,1.0,nan,nan
3.0,ppo,nan,2.0,1.0,2.0,0.4429768803963076,0.9984343368811858,0.9984280128987132,1.0,nan,nan
3.0,ppo,nan,3.0,1.0,3.0,0.4443052317806333,0.996663322005786,0.9975345972736518,1.0,nan,nan
3.0,ppo,nan,4.0,1.0,4.0,0.44729765226908585,0.9963616069596901,0.9966142495542477,1.0,nan,nan
3.0,ppo,nan,5.0,1.0,5.0,0.44971582233425866,0.9931178500916585,0.9954432913070336,1.0,nan,nan
3.0,ppo,nan,6.0,1.0,6.0,0.4509480075826933,0.9910855881523551,0.9892243893417564,1.0,nan,nan
3.0,ppo,nan,7.0,1.0,7.0,0.4536143441402464,0.9909236148298172,0.9908674515884566,1.0,nan,nan
3.0,ppo,nan,8.0,1.0,8.0,0.45478596738131677,0.98456604013328,0.9825743494842438,1.0,nan,nan
3.0,ppo,nan,9.0,2.0,1.0,0.4566925218128001,1.0,1.0,1.0,nan,nan
3.0,ppo,nan,10.0,2.0,2.0,0.45920980264336125,0.9985285205787882,0.998476298151225,1.0,nan,nan
3.0,ppo,nan,11.0,2.0,3.0,0.46055473825584214,0.9951393149829438,0.9964967110546421,1.0,nan,nan
3.0,ppo,nan,12.0,2.0,4.0,0.4625991756389298,0.9942713403972864,0.995348608265158,1.0,nan,nan
3.0,ppo,nan,13.0,2.0,5.0,0.46357481466623934,0.9916227075470102,0.9903413330174633,1.0,nan,nan
3.0,ppo,nan,14.0,2.0,6.0,0.46505008061145947,0.9907799116384609,0.9915777405145728,1.0,nan,nan
3.0,ppo,nan,15.0,2.0,7.0,0.4667630098987135,0.990583748283424,0.990839862367707,1.0,nan,nan
3.0,ppo,nan,16.0,2.0,8.0,0.4676948207182212,0.9875984254022692,0.9839731586033528,1.0,nan,nan
3.0,ppo,nan,17.0,3.0,1.0,0.46829761133789993,1.0,1.0,1.0,nan,nan
3.0,ppo,nan,18.0,3.0,2.0,0.4697668972514734,0.998275552758275,0.998397617346589,1.0,nan,nan
3.0,ppo,nan,19.0,3.0,3.0,0.47106626531167245,0.998141036736663,0.998171893297041,1.0,nan,nan
3.0,ppo,nan,20.0,3.0,4.0,0.4729982868222732,0.9971176648968216,0.9967788591067867,1.0,nan,nan
3.0,ppo,nan,21.0,3.0,5.0,0.47444359156542326,0.9967941255407262,0.9953685343242826,1.0,nan,nan
3.0,ppo,nan,22.0,3.0,6.0,0.47535779925242966,0.9951593463954143,0.9946057652450652,1.0,nan,nan
3.0,ppo,nan,23.0,3.0,7.0,0.47655642695621525,0.993152000658393,0.9936457850944077,1.0,nan,nan
3.0,ppo,nan,24.0,3.0,8.0,0.4775341755921248,0.990985097082621,0.989446139559452,1.0,nan,nan
3.0,ppo,nan,25.0,4.0,1.0,0.47874393201924376,1.0,1.0,1.0,nan,nan
3.0,ppo,nan,26.0,4.0,2.0,0.48109732303098357,0.999510288575251,0.9995762893034227,1.0,nan,nan
3.0,ppo,nan,27.0,4.0,3.0,0.4821489475407423,0.9994313506192752,0.999415604968306,1.0,nan,nan
3.0,ppo,nan,28.0,4.0,4.0,0.48343826748702623,0.9985864594894294,0.9984552193348017,1.0,nan,nan
3.0,ppo,nan,29.0,4.0,5.0,0.4860008381003809,0.9969552068445543,0.9971443283802971,1.0,nan,nan
3.0,ppo,nan,30.0,4.0,6.0,0.48744640612340323,0.9954750331099405,0.9946702963073352,1.0,nan,nan
3.0,ppo,nan,31.0,4.0,7.0,0.4890908791192861,0.9925259843861506,0.9926044957736591,1.0,nan,nan
3.0,ppo,nan,32.0,4.0,8.0,0.4907136293379543,0.9930325938121756,0.9890366321215053,1.0,nan,nan
3.0,ppo,nan,33.0,5.0,1.0,0.4918204138522709,1.0,1.0,1.0,nan,nan
3.0,ppo,nan,34.0,5.0,2.0,0.4932713852294736,0.9982757932222537,0.9980877303938802,1.0,nan,nan
3.0,ppo,nan,35.0,5.0,3.0,0.4950837383975079,0.9975455015231531,0.9981219057511372,1.0,nan,nan
3.0,ppo,nan,36.0,5.0,4.0,0.4963382506375022,0.9960072069687959,0.9949890462686227,1.0,nan,nan
3.0,ppo,nan,37.0,5.0,5.0,0.4974416880107565,0.9942127003239797,0.9942947795167378,1.0,nan,nan
3.0,ppo,nan,38.0,5.0,6.0,0.4984255502095086,0.9918847782890337,0.9896644912109994,1.0,nan,nan
3.0,ppo,nan,39.0,5.0,7.0,0.4995866888009032,0.993559534567881,0.993665698772156,1.0,nan,nan
3.0,ppo,nan,40.0,5.0,8.0,0.5010439255357206,0.9944822822279025,0.995084036602656,1.0,nan,nan
3.0,mse_oracle,nan,0.0,0.0,0.0,0.4381825474072605,1.0,1.0,0.0,nan,nan
3.0,mse_oracle,nan,1.0,1.0,1.0,0.44019174614635515,1.0,1.0,0.0,0.06706072794876566,0.06706072794876566
3.0,mse_oracle,nan,2.0,1.0,2.0,0.4429768803963076,0.9984343368811858,0.9984280128987132,0.0,0.06662557700601417,0.06662557700601417
3.0,mse_oracle,nan,3.0,1.0,3.0,0.4443052317806333,0.996663322005786,0.9975345972736518,0.0,0.06595260113495575,0.06595260113495575
3.0,mse_oracle,nan,4.0,1.0,4.0,0.44729765226908585,0.9963616069596901,0.9966142495542477,1.0,0.06574733854567225,0.06572195722622448
3.0,mse_oracle,nan,5.0,1.0,5.0,0.44971582233425866,0.9931178500916585,0.9954432913070336,1.0,0.06495463569764064,0.06443021910103033
3.0,mse_oracle,nan,6.0,1.0,6.0,0.4509480075826933,0.9910855881523551,0.9892243893417564,1.0,0.06444494676487982,0.06345029438226243
3.0,mse_oracle,nan,7.0,1.0,7.0,0.4536143441402464,0.9909236148298172,0.9908674515884566,1.0,0.06437913190879498,0.06347170299745605
3.0,mse_oracle,nan,8.0,1.0,8.0,0.45542178437299163,0.98456604013328,0.9825743494842438,0.0,0.06389103023605137,0.06466132956697786
3.0,mse_oracle,nan,9.0,2.0,1.0,0.45727037043722185,1.0,0.9999999999999999,0.0,0.06827818121478217,0.06827818121478217
3.0,mse_oracle,nan,10.0,2.0,2.0,0.4596752007452487,0.9985036055691967,0.9984550006447488,0.0,0.06729499020079585,0.06729499020079585
3.0,mse_oracle,nan,11.0,2.0,3.0,0.46094529902401365,0.9950773414053754,0.9966686132745507,1.0,0.0659070945388531,0.06558939458740957
3.0,mse_oracle,nan,12.0,2.0,4.0,0.4629024159410661,0.9937173228661627,0.9946440130158426,1.0,0.06551802234215622,0.0646598243684231
3.0,mse_oracle,nan,13.0,2.0,5.0,0.463899010841869,0.9916911771090517,0.9908124332738616,1.0,0.06495203746685341,0.06369494839836971
3.0,mse_oracle,nan,14.0,2.0,6.0,0.46533547380019313,0.9921177815401133,0.9919435288974112,1.0,0.06475678820183958,0.06358982314390683
3.0,mse_oracle,nan,15.0,2.0,7.0,0.4670179394819652,0.991374329245298,0.9913432554418539,1.0,0.06436762401684736,0.06270449509170355
3.0,mse_oracle,nan,16.0,2.0,8.0,0.4680984053444685,0.9884910687781717,0.9851221913706557,1.0,0.06383941503774931,0.061720765425503935
3.0,mse_oracle,nan,17.0,3.0,1.0,0.4687728387009118,1.0,1.0,0.0,0.0689110116699436,0.0689110116699436
3.0,mse_oracle,nan,18.0,3.0,2.0,0.47017407168986564,0.9983718530558218,0.9987770996264655,0.0,0.06917189156254058,0.06917189156254058
3.0,mse_oracle,nan,19.0,3.0,3.0,0.47146140567185935,0.998348509035411,0.9983130039622344,0.0,0.06851604503074585,0.06851604503074585
3.0,mse_oracle,nan,20.0,3.0,4.0,0.47319588769412063,0.997413815083805,0.9972091802521794,0.0,0.06774594623779225,0.06774594623779225
3.0,mse_oracle,nan,21.0,3.0,5.0,0.47448455148999535,0.9965285526530093,0.9950426578657143,1.0,0.06690920551978263,0.06682164650445885
3.0,mse_oracle,nan,22.0,3.0,6.0,0.4753405415561886,0.993103224752297,0.9925217159024192,1.0,0.06662296029538868,0.06552459901889286
3.0,mse_oracle,nan,23.0,3.0,7.0,0.4766026948115129,0.9909122239694095,0.9922610845832655,1.0,0.06632099522352923,0.0649580728645366
3.0,mse_oracle,nan,24.0,3.0,8.0,0.4779207975578757,0.9899975891335713,0.9883353626287502,1.0,0.06657479577458345,0.06480403098976599
3.0,mse_oracle,nan,25.0,4.0,1.0,0.47894111555948116,1.0,1.0,0.0,0.06930260675870323,0.06930260675870323
3.0,mse_oracle,nan,26.0,4.0,2.0,0.4810380778949113,0.9994246347695055,0.9993998796881094,0.0,0.06898701695061969,0.06898701695061969
3.0,mse_oracle,nan,27.0,4.0,3.0,0.4822114928004176,0.9995811247887936,0.9996218209646449,0.0,0.06818876773548219,0.06818876773548219
3.0,mse_oracle,nan,28.0,4.0,4.0,0.4831450768508111,0.9992602028536549,0.9992591194218458,0.0,0.06850224734063184,0.06850224734063184
3.0,mse_oracle,nan,29.0,4.0,5.0,0.48586306598107143,0.9962826015080234,0.9969862679945805,1.0,0.06941122456360599,0.06921402751206117
3.0,mse_oracle,nan,30.0,4.0,6.0,0.48705614569474404,0.9950847610404177,0.9942304899319784,1.0,0.06912632563824182,0.06846959743130197
3.0,mse_oracle,nan,31.0,4.0,7.0,0.48871585493169023,0.9932311133967792,0.9936792477528662,1.0,0.06939995259527053,0.0690690918353587
3.0,mse_oracle,nan,32.0,4.0,8.0,0.49076473701889595,0.9939049585283177,0.9904852733885071,1.0,0.06914031743090436,0.06814278246186381
3.0,mse_oracle,nan,33.0,5.0,1.0,0.4920127323741503,1.0,1.0000000000000002,0.0,0.07020898083126355,0.07020898083126355
3.0,mse_oracle,nan,34.0,5.0,2.0,0.4936786723046031,0.9980851365523383,0.9977157818315957,0.0,0.07076696239436069,0.07076696239436069
3.0,mse_oracle,nan,35.0,5.0,3.0,0.49556126594327066,0.9969285848152579,0.9980827121717465,1.0,0.07088002443056952,0.07087322754614055
3.0,mse_oracle,nan,36.0,5.0,4.0,0.4969125165007303,0.9944055347280069,0.9931354795498236,1.0,0.07062843383840237,0.07002913230084026
3.0,mse_oracle,nan,37.0,5.0,5.0,0.49800014378295654,0.9932406942942699,0.993396036847432,1.0,0.0704356473512517,0.06930115639003646
3.0,mse_oracle,nan,38.0,5.0,6.0,0.49902504798869035,0.991199573077474,0.9871449028883638,1.0,0.07031018431965466,0.068864639095553
3.0,mse_oracle,nan,39.0,5.0,7.0,0.5002326416111712,0.9946013343486062,0.9954874792253907,1.0,0.07001529294654375,0.06991691520991367
3.0,mse_oracle,nan,40.0,5.0,8.0,0.5018727940180543,0.996549727305183,0.9968448955104381,1.0,0.06847964908134155,0.06838402094549902
4.0,raw,nan,0.0,0.0,0.0,0.4381825474072605,1.0,1.0,0.0,nan,nan
4.0,raw,nan,1.0,1.0,1.0,0.4403206558696784,1.0,1.0000000000000002,0.0,nan,nan
4.0,raw,nan,2.0,1.0,2.0,0.4432061524791073,0.998815701802125,0.9988204958878963,0.0,nan,nan
4.0,raw,nan,3.0,1.0,3.0,0.44512440306818146,0.9959992297657717,0.9965788918017834,0.0,nan,nan
4.0,raw,nan,4.0,1.0,4.0,0.44754954437319583,0.9941533123507155,0.9942286638375367,0.0,nan,nan
4.0,raw,nan,5.0,1.0,5.0,0.44944059957130705,0.9917809456978945,0.9894802965224458,0.0,nan,nan
4.0,raw,nan,6.0,1.0,6.0,0.45120672356429753,0.9880609443972469,0.9873390586991616,0.0,nan,nan
4.0,raw,nan,7.0,1.0,7.0,0.4522918882903161,0.9868152422553114,0.9879242349654389,0.0,nan,nan
4.0,raw,nan,8.0,1.0,8.0,0.4541622032716358,0.9837826941840113,0.979863703161468,0.0,nan,nan
4.0,raw,nan,9.0,2.0,1.0,0.4560217320833893,1.0,1.0,0.0,nan,nan
4.0,raw,nan,10.0,2.0,2.0,0.45726447880031473,0.9992526151819723,0.9993164429300302,0.0,nan,nan
4.0,raw,nan,11.0,2.0,3.0,0.4588782151067234,0.9984814344353109,0.9978365112158112,0.0,nan,nan
4.0,raw,nan,12.0,2.0,4.0,0.46079083183311764,0.9953492321758565,0.9956369363215779,0.0,nan,nan
4.0,raw,nan,13.0,2.0,5.0,0.4617920891754833,0.9961701585323345,0.9969504027814304,0.0,nan,nan
4.0,raw,nan,14.0,2.0,6.0,0.4624203959450745,0.9952813673511992,0.9957873939595762,0.0,nan,nan
4.0,raw,nan,15.0,2.0,7.0,0.46466846381263865,0.9940429691916544,0.9944286637753428,0.0,nan,nan
4.0,raw,nan,16.0,2.0,8.0,0.4658388965396827,0.9933042150929526,0.9914716299866592,0.0,nan,nan
4.0,raw,nan,17.0,3.0,1.0,0.4672100284383437,1.0,1.0,0.0,nan,nan
4.0,raw,nan,18.0,3.0,2.0,0.46953841371290606,0.9984223037856584,0.9986227098761866,0.0,nan,nan
4.0,raw,nan,19.0,3.0,3.0,0.4718614032313361,0.9970261286342875,0.9963382018616369,0.0,nan,nan
4.0,raw,nan,20.0,3.0,4.0,0.47385246121650393,0.9965567531481979,0.9958837203928632,0.0,nan,nan
4.0,raw,nan,21.0,3.0,5.0,0.4752913350862674,0.9946758335972689,0.9942513331489233,0.0,nan,nan
4.0,raw,nan,22.0,3.0,6.0,0.47693374745863526,0.9906690539100382,0.9886037520507577,0.0,nan,nan
4.0,raw,nan,23.0,3.0,7.0,0.47753040650386763,0.9886172163172611,0.990820289851992,0.0,nan,nan
4.0,raw,nan,24.0,3.0,8.0,0.47861004286573283,0.9842820802778036,0.9817915653044413,0.0,nan,nan
4.0,raw,nan,25.0,4.0,1.0,0.47982438350695117,1.0,1.0000000000000002,0.0,nan,nan
4.0,raw,nan,26.0,4.0,2.0,0.48204314097963,0.9982410505737934,0.9976737071068739,0.0,nan,nan
4.0,raw,nan,27.0,4.0,3.0,0.4834599762234363,0.9963378098306678,0.9959499587851126,0.0,nan,nan
4.0,raw,nan,28.0,4.0,4.0,0.48443187959257694,0.9952190064428487,0.9959044290319602,0.0,nan,nan
4.0,raw,nan,29.0,4.0,5.0,0.4864385570345226,0.9919644673913903,0.9949350803588939,0.0,nan,nan
4.0,raw,nan,30.0,4.0,6.0,0.4886273633450304,0.9905285043146372,0.9928012958514495,0.0,nan,nan
4.0,raw,nan,31.0,4.0,7.0,0.4902696966714679,0.990756765354722,0.9826754251747631,0.0,nan,nan
4.0,raw,nan,32.0,4.0,8.0,0.49143397038118586,0.9796940822925897,0.9895574999287238,0.0,nan,nan
4.0,raw,nan,33.0,5.0,1.0,0.492645492504063,1.0,1.0,0.0,nan,nan
4.0,raw,nan,34.0,5.0,2.0,0.4945616669966297,0.99734933371461,0.9979988752227461,0.0,nan,nan
4.0,raw,nan,35.0,5.0,3.0,0.49570556650218817,0.9948638345278539,0.9939862746191203,0.0,nan,nan
4.0,raw,nan,36.0,5.0,4.0,0.49678915729756384,0.993973672876131,0.9941641628146227,0.0,nan,nan
4.0,raw,nan,37.0,5.0,5.0,0.49873676043176973,0.9948894453288339,0.994790134643775,0.0,nan,nan
4.0,raw,nan,38.0,5.0,6.0,0.4998819234969172,0.9940444694017174,0.9963770545694971,0.0,nan,nan
4.0,raw,nan,39.0,5.0,7.0,0.5010171191551018,0.9928048533434778,0.9933301706818406,0.0,nan,nan
4.0,raw,nan,40.0,5.0,8.0,0.5020152040877093,0.992390799744741,0.9890298497358456,0.0,nan,nan
4.0,ppo,nan,0.0,0.0,0.0,0.4381825474072605,1.0,1.0,0.0,nan,nan
4.0,ppo,nan,1.0,1.0,1.0,0.4403206558696784,1.0,1.0000000000000002,1.0,nan,nan
4.0,ppo,nan,2.0,1.0,2.0,0.4432061524791073,0.998815701802125,0.9988204958878963,1.0,nan,nan
4.0,ppo,nan,3.0,1.0,3.0,0.44512440306818146,0.9959992297657717,0.9965788918017834,1.0,nan,nan
4.0,ppo,nan,4.0,1.0,4.0,0.44754954437319583,0.9941533123507155,0.9942286638375367,1.0,nan,nan
4.0,ppo,nan,5.0,1.0,5.0,0.44944059957130705,0.9917809456978945,0.9894802965224458,1.0,nan,nan
4.0,ppo,nan,6.0,1.0,6.0,0.4509852405528959,0.9880609443972469,0.9873390586991616,1.0,nan,nan
4.0,ppo,nan,7.0,1.0,7.0,0.4520616424992835,0.9886930995436568,0.990137722970203,1.0,nan,nan
4.0,ppo,nan,8.0,1.0,8.0,0.4536564865642244,0.9854530829154865,0.9818345518465122,1.0,nan,nan
4.0,ppo,nan,9.0,2.0,1.0,0.4555764303778957,1.0,0.9999999999999999,1.0,nan,nan
4.0,ppo,nan,10.0,2.0,2.0,0.45689127423890036,0.9993185340525461,0.9994220263086966,1.0,nan,nan
4.0,ppo,nan,11.0,2.0,3.0,0.4586057623110213,0.9986796851131337,0.9982767483883653,1.0,nan,nan
4.0,ppo,nan,12.0,2.0,4.0,0.460497158208313,0.9961982711340136,0.9969704016107932,1.0,nan,nan
4.0,ppo,nan,13.0,2.0,5.0,0.46145220870984005,0.9966450574858424,0.9973093909605054,1.0,nan,nan
4.0,ppo,nan,14.0,2.0,6.0,0.4622302134242691,0.9953212909267004,0.9950450298049387,1.0,nan,nan
4.0,ppo,nan,15.0,2.0,7.0,0.4646204984868534,0.9946343654013738,0.995321813469158,1.0,nan,nan
4.0,ppo,nan,16.0,2.0,8.0,0.46611736894505645,0.9936306107513175,0.9914386241409144,1.0,nan,nan
4.0,ppo,nan,17.0,3.0,1.0,0.46789455238734073,1.0,0.9999999999999997,1.0,nan,nan
4.0,ppo,nan,18.0,3.0,2.0,0.469954042399282,0.9986258288011938,0.9990396313884675,1.0,nan,nan
4.0,ppo,nan,19.0,3.0,3.0,0.4723803911857246,0.9963460422081214,0.9950847224556673,1.0,nan,nan
4.0,ppo,nan,20.0,3.0,4.0,0.47434809981750264,0.9948416409211516,0.99449410640574,1.0,nan,nan
4.0,ppo,nan,21.0,3.0,5.0,0.4758334308181358,0.9935571604003692,0.9932906503561494,1.0,nan,nan
4.0,ppo,nan,22.0,3.0,6.0,0.47685213501503365,0.988940843782856,0.9866464469814971,1.0,nan,nan
4.0,ppo,nan,23.0,3.0,7.0,0.47723330763698246,0.9901573749540462,0.99272922143146,1.0,nan,nan
4.0,ppo,nan,24.0,3.0,8.0,0.4783476555149972,0.9850376994594425,0.9833126453709339,1.0,nan,nan
4.0,ppo,nan,25.0,4.0,1.0,0.47964456589108756,1.0,1.0,1.0,nan,nan
4.0,ppo,nan,26.0,4.0,2.0,0.4815781131405159,0.998044948711307,0.9980039944377362,1.0,nan,nan
4.0,ppo,nan,27.0,4.0,3.0,0.48319329567514696,0.9953685061267717,0.994085097614249,1.0,nan,nan
4.0,ppo,nan,28.0,4.0,4.0,0.48417517044843833,0.993441401437719,0.9961288801803618,1.0,nan,nan
4.0,ppo,nan,29.0,4.0,5.0,0.48559436892471153,0.9905676006779988,0.9944946228045317,1.0,nan,nan
4.0,ppo,nan,30.0,4.0,6.0,0.48830636381302395,0.9889812591530966,0.9899298938544003,1.0,nan,nan
4.0,ppo,nan,31.0,4.0,7.0,0.4892408913224619,0.9901349449474125,0.9828076978011453,1.0,nan,nan
4.0,ppo,nan,32.0,4.0,8.0,0.4897853511013346,0.9875342416957653,0.9906656278279881,1.0,nan,nan
4.0,ppo,nan,33.0,5.0,1.0,0.4911518580630007,1.0,0.9999999999999999,1.0,nan,nan
4.0,ppo,nan,34.0,5.0,2.0,0.49314022085878634,0.9976365130314517,0.9981117599544181,1.0,nan,nan
4.0,ppo,nan,35.0,5.0,3.0,0.49421943432844767,0.9953387134374857,0.9937909828495117,1.0,nan,nan
4.0,ppo,nan,36.0,5.0,4.0,0.4956103119937345,0.9939574579997,0.9953059345702308,1.0,nan,nan
4.0,ppo,nan,37.0,5.0,5.0,0.4975231777194778,0.9931855757639295,0.991590802874317,1.0,nan,nan
4.0,ppo,nan,38.0,5.0,6.0,0.4986449097023645,0.9915076448040322,0.9954229352535173,1.0,nan,nan
4.0,ppo,nan,39.0,5.0,7.0,0.49988091724011696,0.9917298144803555,0.9920777171805256,1.0,nan,nan
4.0,ppo,nan,40.0,5.0,8.0,0.5009520531916808,0.9913934393647966,0.9876286018945846,1.0,nan,nan
4.0,mse_oracle,nan,0.0,0.0,0.0,0.4381825474072605,1.0,1.0,0.0,nan,nan
4.0,mse_oracle,nan,1.0,1.0,1.0,0.4403206558696784,1.0,1.0000000000000002,0.0,0.06706072794876566,0.06706072794876566
4.0,mse_oracle,nan,2.0,1.0,2.0,0.4432061524791073,0.998815701802125,0.9988204958878963,0.0,0.06662807781244055,0.06662807781244055
4.0,mse_oracle,nan,3.0,1.0,3.0,0.44512440306818146,0.9959992297657717,0.9965788918017834,0.0,0.06608043501657637,0.06608043501657637
4.0,mse_oracle,nan,4.0,1.0,4.0,0.44754954437319583,0.9941533123507155,0.9942286638375367,1.0,0.06552426957959512,0.06532549004188316
4.0,mse_oracle,nan,5.0,1.0,5.0,0.44944059957130705,0.9917809456978945,0.9894802965224458,1.0,0.06487724028967509,0.06417109381232035
4.0,mse_oracle,nan,6.0,1.0,6.0,0.4509852405528959,0.9880609443972469,0.9873390586991616,1.0,0.06461620524441646,0.06245061445361289
4.0,mse_oracle,nan,7.0,1.0,7.0,0.4520616424992835,0.9886930995436568,0.990137722970203,1.0,0.06420414843466817,0.062041325232153326
4.0,mse_oracle,nan,8.0,1.0,8.0,0.4536564865642244,0.9854530829154865,0.9818345518465122,1.0,0.063993165135496,0.061615700763648196
4.0,mse_oracle,nan,9.0,2.0,1.0,0.4555764303778957,1.0,0.9999999999999999,0.0,0.0681609893990858,0.0681609893990858
4.0,mse_oracle,nan,10.0,2.0,2.0,0.45689127423890036,0.9993185340525461,0.9994220263086966,0.0,0.06728614426808702,0.06728614426808702
4.0,mse_oracle,nan,11.0,2.0,3.0,0.4586057623110213,0.9986796851131337,0.9982767483883653,0.0,0.06683195729561034,0.06683195729561034
4.0,mse_oracle,nan,12.0,2.0,4.0,0.460497158208313,0.9961982711340136,0.9969704016107932,1.0,0.06593133611726683,0.06549476214744035
4.0,mse_oracle,nan,13.0,2.0,5.0,0.46145220870984005,0.9966450574858424,0.9973093909605054,1.0,0.0657473420806066,0.06561710412666172
4.0,mse_oracle,nan,14.0,2.0,6.0,0.4622302134242691,0.9953212909267004,0.9950450298049387,1.0,0.0660731778128719,0.0657263635006112
4.0,mse_oracle,nan,15.0,2.0,7.0,0.4646204984868534,0.9946343654013738,0.995321813469158,1.0,0.0658825986184754,0.06542148521066878
4.0,mse_oracle,nan,16.0,2.0,8.0,0.46611736894505645,0.9936306107513175,0.9914386241409144,1.0,0.06474969891346519,0.06369591881687911
4.0,mse_oracle,nan,17.0,3.0,1.0,0.46789455238734073,1.0,0.9999999999999997,0.0,0.0689140220774625,0.0689140220774625
4.0,mse_oracle,nan,18.0,3.0,2.0,0.469954042399282,0.9986258288011938,0.9990396313884675,0.0,0.0685026795905304,0.0685026795905304
4.0,mse_oracle,nan,19.0,3.0,3.0,0.4723803911857246,0.9963460422081214,0.9950847224556673,0.0,0.06738922672939388,0.06738922672939388
4.0,mse_oracle,nan,20.0,3.0,4.0,0.47434809981750264,0.9948416409211516,0.99449410640574,1.0,0.06667577334391292,0.06634609403450198
4.0,mse_oracle,nan,21.0,3.0,5.0,0.4758334308181358,0.9935571604003692,0.9932906503561494,1.0,0.0659276626901078,0.06530277141324849
4.0,mse_oracle,nan,22.0,3.0,6.0,0.47685213501503365,0.988940843782856,0.9866464469814971,1.0,0.06487823047340942,0.06250184284065005
4.0,mse_oracle,nan,23.0,3.0,7.0,0.47723330763698246,0.9901573749540462,0.99272922143146,1.0,0.065153400839039,0.06402127863640243
4.0,mse_oracle,nan,24.0,3.0,8.0,0.4783476555149972,0.9850376994594425,0.9833126453709339,1.0,0.06459732357246331,0.06321539058412566
4.0,mse_oracle,nan,25.0,4.0,1.0,0.47964456589108756,1.0,1.0,0.0,0.069403013935605,0.069403013935605
4.0,mse_oracle,nan,26.0,4.0,2.0,0.4815781131405159,0.998044948711307,0.9980039944377362,0.0,0.07003494748304148,0.07003494748304148
4.0,mse_oracle,nan,27.0,4.0,3.0,0.48319329567514696,0.9953685061267717,0.994085097614249,1.0,0.07064083882930419,0.07028463723316258
4.0,mse_oracle,nan,28.0,4.0,4.0,0.48417517044843833,0.993441401437719,0.9961288801803618,1.0,0.06997235746453159,0.0683531969186948
4.0,mse_oracle,nan,29.0,4.0,5.0,0.48559436892471153,0.9905676006779988,0.9944946228045317,1.0,0.07046041708301942,0.06829925103992242
4.0,mse_oracle,nan,30.0,4.0,6.0,0.48830636381302395,0.9889812591530966,0.9899298938544003,1.0,0.06989151512371213,0.06714392729657341
4.0,mse_oracle,nan,31.0,4.0,7.0,0.4892408913224619,0.9901349449474125,0.9828076978011453,1.0,0.06983957392451688,0.06839839213258388
4.0,mse_oracle,nan,32.0,4.0,8.0,0.4897853511013346,0.9875342416957653,0.9906656278279881,1.0,0.06954734426522373,0.06742769806296774
4.0,mse_oracle,nan,33.0,5.0,1.0,0.4911518580630007,1.0,0.9999999999999999,0.0,0.07009687747337498,0.07009687747337498
4.0,mse_oracle,nan,34.0,5.0,2.0,0.49314022085878634,0.9976365130314517,0.9981117599544181,0.0,0.07023732136417978,0.07023732136417978
4.0,mse_oracle,nan,35.0,5.0,3.0,0.49421943432844767,0.9953387134374857,0.9937909828495117,1.0,0.07030938671034537,0.07015859482153579
4.0,mse_oracle,nan,36.0,5.0,4.0,0.4956103119937345,0.9939574579997,0.9953059345702308,1.0,0.06959272305003583,0.06895818557568974
4.0,mse_oracle,nan,37.0,5.0,5.0,0.4975231777194778,0.9931855757639295,0.991590802874317,1.0,0.06966077467145142,0.0686663508340461
4.0,mse_oracle,nan,38.0,5.0,6.0,0.4986449097023645,0.9915076448040322,0.9954229352535173,1.0,0.0692017869162302,0.06754406708403733
4.0,mse_oracle,nan,39.0,5.0,7.0,0.49988091724011696,0.9917298144803555,0.9920777171805256,1.0,0.06877203153110834,0.0669867890244845
4.0,mse_oracle,nan,40.0,5.0,8.0,0.5009520531916808,0.9913934393647966,0.9876286018945846,1.0,0.06854043555738233,0.06660612432466867
5.0,raw,nan,0.0,0.0,0.0,0.4381825474072605,1.0,1.0,0.0,nan,nan
5.0,raw,nan,1.0,1.0,1.0,0.44035946791052805,1.0,1.0,0.0,nan,nan
5.0,raw,nan,2.0,1.0,2.0,0.4426245594887026,0.9980900588465944,0.9987282861054678,0.0,nan,nan
5.0,raw,nan,3.0,1.0,3.0,0.4446458063013012,0.996579777882985,0.9974955745539922,0.0,nan,nan
5.0,raw,nan,4.0,1.0,4.0,0.44690332493797086,0.9943750803547702,0.9950350131303038,0.0,nan,nan
5.0,raw,nan,5.0,1.0,5.0,0.4485731226936363,0.9934198180185317,0.9944578444999305,0.0,nan,nan
5.0,raw,nan,6.0,1.0,6.0,0.4505852599562833,0.991625874115874,0.9877704176262686,0.0,nan,nan
5.0,raw,nan,7.0,1.0,7.0,0.4512191411119266,0.984542169523263,0.9851858547162047,0.0,nan,nan
5.0,raw,nan,8.0,1.0,8.0,0.4525329970863631,0.9855129439766596,0.9863276056397643,0.0,nan,nan
5.0,raw,nan,9.0,2.0,1.0,0.4548011654244913,1.0,1.0,0.0,nan,nan
5.0,raw,nan,10.0,2.0,2.0,0.4559121689596657,0.998039352276118,0.997752714428188,0.0,nan,nan
5.0,raw,nan,11.0,2.0,3.0,0.45800798774224294,0.9991833523405295,0.9989370007770455,0.0,nan,nan
5.0,raw,nan,12.0,2.0,4.0,0.4587980861131752,0.9977824568404524,0.9972298895177861,0.0,nan,nan
5.0,raw,nan,13.0,2.0,5.0,0.4603964358213401,0.9975382940281841,0.998198906386293,0.0,nan,nan
5.0,raw,nan,14.0,2.0,6.0,0.46177406669743265,0.9966191748449031,0.9966994009254794,0.0,nan,nan
5.0,raw,nan,15.0,2.0,7.0,0.462953740468482,0.9933890597873657,0.9943009383473468,0.0,nan,nan
5.0,raw,nan,16.0,2.0,8.0,0.4653231498373973,0.9930442846220792,0.9934488850882075,0.0,nan,nan
5.0,raw,nan,17.0,3.0,1.0,0.4668119712778647,1.0,1.0000000000000002,0.0,nan,nan
5.0,raw,nan,18.0,3.0,2.0,0.46866110687684515,0.9981967342493137,0.9978055933770198,0.0,nan,nan
5.0,raw,nan,19.0,3.0,3.0,0.47127123761911993,0.9981637392025775,0.99807658539961,0.0,nan,nan
5.0,raw,nan,20.0,3.0,4.0,0.4727739259475457,0.9971815546059869,0.9967570368561783,0.0,nan,nan
5.0,raw,nan,21.0,3.0,5.0,0.4742812246997334,0.9969031535094962,0.9977400128908587,0.0,nan,nan
5.0,raw,nan,22.0,3.0,6.0,0.4761386750477491,0.996548985556462,0.9959709284804643,0.0,nan,nan
5.0,raw,nan,23.0,3.0,7.0,0.47754781367412186,0.9942826268297669,0.995460481270988,0.0,nan,nan
5.0,raw,nan,24.0,3.0,8.0,0.4789101081573664,0.9949098159499756,0.9975134230436801,0.0,nan,nan
5.0,raw,nan,25.0,4.0,1.0,0.47994521237228294,1.0,1.0,0.0,nan,nan
5.0,raw,nan,26.0,4.0,2.0,0.4817186794537557,0.9987199252187723,0.9990196859411471,0.0,nan,nan
5.0,raw,nan,27.0,4.0,3.0,0.48357993490957357,0.9980056216545938,0.9982340834004185,0.0,nan,nan
5.0,raw,nan,28.0,4.0,4.0,0.48476153706396563,0.9962396136714956,0.9969317077552695,0.0,nan,nan
5.0,raw,nan,29.0,4.0,5.0,0.4856422406505972,0.9948274128988285,0.9949129622485813,0.0,nan,nan
5.0,raw,nan,30.0,4.0,6.0,0.48768511391133923,0.9958968655324951,0.9977768979608397,0.0,nan,nan
5.0,raw,nan,31.0,4.0,7.0,0.48829661095893384,0.9963160716341883,0.9958929590914195,0.0,nan,nan
5.0,raw,nan,32.0,4.0,8.0,0.49027199534068316,0.9946481176865546,0.9954762056573995,0.0,nan,nan
5.0,raw,nan,33.0,5.0,1.0,0.4923289745007058,1.0,1.0,0.0,nan,nan
5.0,raw,nan,34.0,5.0,2.0,0.4939732966775482,0.9985622150044283,0.9981542741439535,0.0,nan,nan
5.0,raw,nan,35.0,5.0,3.0,0.4951065753684931,0.994007793509357,0.9931105511612709,0.0,nan,nan
5.0,raw,nan,36.0,5.0,4.0,0.4965023410209136,0.99273105465383,0.9922110754547984,0.0,nan,nan
5.0,raw,nan,37.0,5.0,5.0,0.4974705521666477,0.9893496841417057,0.9965208061376136,0.0,nan,nan
5.0,raw,nan,38.0,5.0,6.0,0.49856616021813926,0.9887846846545869,0.9895404455642075,0.0,nan,nan
5.0,raw,nan,39.0,5.0,7.0,0.4998258847694568,0.989726741304442,0.9912953446501357,0.0,nan,nan
5.0,raw,nan,40.0,5.0,8.0,0.5009441331668509,0.9875049668008642,0.9914645631435745,0.0,nan,nan
5.0,ppo,nan,0.0,0.0,0.0,0.4381825474072605,1.0,1.0,0.0,nan,nan
5.0,ppo,nan,1.0,1.0,1.0,0.44035946791052805,1.0,1.0,1.0,nan,nan
5.0,ppo,nan,2.0,1.0,2.0,0.4426245594887026,0.9980900588465944,0.9987282861054678,1.0,nan,nan
5.0,ppo,nan,3.0,1.0,3.0,0.4446458063013012,0.996579777882985,0.9974955745539922,1.0,nan,nan
5.0,ppo,nan,4.0,1.0,4.0,0.44690332493797086,0.9943750803547702,0.9950350131303038,1.0,nan,nan
5.0,ppo,nan,5.0,1.0,5.0,0.4483689674589754,0.9934198180185317,0.9944578444999305,1.0,nan,nan
5.0,ppo,nan,6.0,1.0,6.0,0.4502645686571952,0.9925501992688356,0.9888442515615969,1.0,nan,nan
5.0,ppo,nan,7.0,1.0,7.0,0.45087893274491997,0.986583479187585,0.9873466136698502,1.0,nan,nan
5.0,ppo,nan,8.0,1.0,8.0,0.45186856549745935,0.988605255176676,0.988384493960238,1.0,nan,nan
5.0,ppo,nan,9.0,2.0,1.0,0.4546515243828837,1.0,1.0,1.0,nan,nan
5.0,ppo,nan,10.0,2.0,2.0,0.45562220745699233,0.9977105196195754,0.9969980005426177,1.0,nan,nan
5.0,ppo,nan,11.0,2.0,3.0,0.45764888929816605,0.9984920443745912,0.9978390136105374,1.0,nan,nan
5.0,ppo,nan,12.0,2.0,4.0,0.45868957210272704,0.9966012163102539,0.9962047227738822,1.0,nan,nan
5.0,ppo,nan,13.0,2.0,5.0,0.46022988119351343,0.9966267921180879,0.9968879809390296,1.0,nan,nan
5.0,ppo,nan,14.0,2.0,6.0,0.4618270202954645,0.9946798643859667,0.9951014048801675,1.0,nan,nan
5.0,ppo,nan,15.0,2.0,7.0,0.4630563631899652,0.9905802362077835,0.9920497294403482,1.0,nan,nan
5.0,ppo,nan,16.0,2.0,8.0,0.46510371230221165,0.9899299272376446,0.9893023609978533,1.0,nan,nan
5.0,ppo,nan,17.0,3.0,1.0,0.46673610606475924,1.0,0.9999999999999999,1.0,nan,nan
5.0,ppo,nan,18.0,3.0,2.0,0.4681007950086462,0.9981332995726567,0.9977212435877943,1.0,nan,nan
5.0,ppo,nan,19.0,3.0,3.0,0.4706135431264067,0.9981197134439579,0.9984178237470429,1.0,nan,nan
5.0,ppo,nan,20.0,3.0,4.0,0.4718503995882004,0.9973328470014049,0.9969575020782867,1.0,nan,nan
5.0,ppo,nan,21.0,3.0,5.0,0.47343719497900566,0.9961432481499837,0.9962404672346602,1.0,nan,nan
5.0,ppo,nan,22.0,3.0,6.0,0.47547454062320804,0.9962365679429195,0.9959251401249406,1.0,nan,nan
5.0,ppo,nan,23.0,3.0,7.0,0.4769470853442191,0.993757349394555,0.9950320108044148,1.0,nan,nan
5.0,ppo,nan,24.0,3.0,8.0,0.47861631219993794,0.9950485416738462,0.9975914659251439,1.0,nan,nan
5.0,ppo,nan,25.0,4.0,1.0,0.4796326372297825,1.0,1.0000000000000002,1.0,nan,nan
5.0,ppo,nan,26.0,4.0,2.0,0.48134553441416705,0.9988184267073117,0.9990250773666682,1.0,nan,nan
5.0,ppo,nan,27.0,4.0,3.0,0.48333098415959674,0.9990698711014608,0.9989893812460905,1.0,nan,nan
5.0,ppo,nan,28.0,4.0,4.0,0.48448757819458227,0.9982909448336681,0.9991980849085182,1.0,nan,nan
5.0,ppo,nan,29.0,4.0,5.0,0.4853925596112637,0.9970938832517496,0.996012974540765,1.0,nan,nan
5.0,ppo,nan,30.0,4.0,6.0,0.4874701732869416,0.9978488763772936,0.9982305421898646,1.0,nan,nan
5.0,ppo,nan,31.0,4.0,7.0,0.48806233316502323,0.9976837798923013,0.9968414630991228,1.0,nan,nan
5.0,ppo,nan,32.0,4.0,8.0,0.49030060416151794,0.9946141456681059,0.9954533371563025,1.0,nan,nan
5.0,ppo,nan,33.0,5.0,1.0,0.4924989604748178,1.0,1.0,1.0,nan,nan
5.0,ppo,nan,34.0,5.0,2.0,0.49444299919315154,0.9991641891311636,0.9989296748769134,1.0,nan,nan
5.0,ppo,nan,35.0,5.0,3.0,0.4951580842595022,0.9955674933388345,0.9947176478650226,1.0,nan,nan
5.0,ppo,nan,36.0,5.0,4.0,0.496341711094929,0.9939141920072826,0.9924287750316447,1.0,nan,nan
5.0,ppo,nan,37.0,5.0,5.0,0.49753070759685497,0.9915277792676828,0.9968940676764865,1.0,nan,nan
5.0,ppo,nan,38.0,5.0,6.0,0.49869442529433494,0.9914916131660565,0.9938139128626235,1.0,nan,nan
5.0,ppo,nan,39.0,5.0,7.0,0.49999130372498857,0.9921615829915144,0.9933554020748877,1.0,nan,nan
5.0,ppo,nan,40.0,5.0,8.0,0.5012052889866835,0.9895325421526798,0.9936418341033396,1.0,nan,nan
5.0,mse_oracle,nan,0.0,0.0,0.0,0.4381825474072605,1.0,1.0,0.0,nan,nan
5.0,mse_oracle,nan,1.0,1.0,1.0,0.44035946791052805,1.0,1.0,0.0,0.06706072794876566,0.06706072794876566
5.0,mse_oracle,nan,2.0,1.0,2.0,0.4426245594887026,0.9980900588465944,0.9987282861054678,0.0,0.06647789462494494,0.06647789462494494
5.0,mse_oracle,nan,3.0,1.0,3.0,0.4446458063013012,0.996579777882985,0.9974955745539922,0.0,0.06595582149516424,0.06595582149516424
5.0,mse_oracle,nan,4.0,1.0,4.0,0.44690332493797086,0.9943750803547702,0.9950350131303038,1.0,0.0654234843073889,0.06534439526792848
5.0,mse_oracle,nan,5.0,1.0,5.0,0.4483689674589754,0.9934198180185317,0.9944578444999305,1.0,0.06502810985396733,0.06432502617359546
5.0,mse_oracle,nan,6.0,1.0,6.0,0.4502645686571952,0.9925501992688356,0.9888442515615969,1.0,0.06473622823013683,0.06334946977379684
5.0,mse_oracle,nan,7.0,1.0,7.0,0.4509191010297098,0.986583479187585,0.9873466136698502,0.0,0.06437593035142658,0.06520533894713519
5.0,mse_oracle,nan,8.0,1.0,8.0,0.4522732142627053,0.9876993201123672,0.988128889337034,0.0,0.06459633021349179,0.06551573734735672
5.0,mse_oracle,nan,9.0,2.0,1.0,0.45498817080537185,1.0,0.9999999999999999,0.0,0.068089642858874,0.068089642858874
5.0,mse_oracle,nan,10.0,2.0,2.0,0.4559944960581279,0.9977335764917883,0.9969634936209575,0.0,0.06707417642695324,0.06707417642695324
5.0,mse_oracle,nan,11.0,2.0,3.0,0.45801335008706434,0.9984762889506457,0.9978083436953413,0.0,0.06733618981669087,0.06733618981669087
5.0,mse_oracle,nan,12.0,2.0,4.0,0.4588579347335745,0.9966175045770104,0.9963718830118877,1.0,0.06698936417826569,0.06698206169641521
5.0,mse_oracle,nan,13.0,2.0,5.0,0.46047403170642964,0.9967570839760875,0.9971207881935353,1.0,0.06670333166274954,0.06670228732996619
5.0,mse_oracle,nan,14.0,2.0,6.0,0.461815679271627,0.995942675453451,0.9959315151114689,1.0,0.06595992348760918,0.06581014736818837
5.0,mse_oracle,nan,15.0,2.0,7.0,0.46318313631602687,0.9927345505055828,0.9938883992144648,1.0,0.06583980494019243,0.0650179694105025
5.0,mse_oracle,nan,16.0,2.0,8.0,0.46536064210228634,0.9921248679693786,0.9914536527458468,1.0,0.06549445505022744,0.06454816226143911
5.0,mse_oracle,nan,17.0,3.0,1.0,0.46699638373326086,1.0,1.0,0.0,0.06893266476554469,0.06893266476554469
5.0,mse_oracle,nan,18.0,3.0,2.0,0.4684254832682564,0.9983479094322284,0.9981470802764225,0.0,0.06809952700547736,0.06809952700547736
5.0,mse_oracle,nan,19.0,3.0,3.0,0.4709059394263339,0.9979371243417748,0.9980342072069833,0.0,0.0673165933601439,0.0673165933601439
5.0,mse_oracle,nan,20.0,3.0,4.0,0.47221144165173523,0.997140057837166,0.9967204204227202,0.0,0.06686991332843947,0.06686991332843947
5.0,mse_oracle,nan,21.0,3.0,5.0,0.47381634809540546,0.9965220598511565,0.9972225611354513,1.0,0.06632802080201292,0.06632322686139837
5.0,mse_oracle,nan,22.0,3.0,6.0,0.47576012670284235,0.9968969615286475,0.9962506910571316,1.0,0.06634333576754933,0.06633673913656561
5.0,mse_oracle,nan,23.0,3.0,7.0,0.4771177450473639,0.9949707092659891,0.9960709503521451,1.0,0.06673419250646742,0.06618245216724875
5.0,mse_oracle,nan,24.0,3.0,8.0,0.4786566981600377,0.9954240270330389,0.9973707755618539,1.0,0.06578800020561006,0.06537266935804727
5.0,mse_oracle,nan,25.0,4.0,1.0,0.47947313509143785,1.0,1.0000000000000002,0.0,0.06964537574945093,0.06964537574945093
5.0,mse_oracle,nan,26.0,4.0,2.0,0.48124126903674314,0.998439141226016,0.9986637118066471,0.0,0.06993152771248885,0.06993152771248885
5.0,mse_oracle,nan,27.0,4.0,3.0,0.4829577454747747,0.9984202901501631,0.9987205730005028,0.0,0.06889118273077582,0.06889118273077582
5.0,mse_oracle,nan,28.0,4.0,4.0,0.48411823002977766,0.9979388311726519,0.9986569445333499,0.0,0.06782811663034712,0.06782811663034712
5.0,mse_oracle,nan,29.0,4.0,5.0,0.4850134084870649,0.9963287421286903,0.9952317669613159,1.0,0.0683875611574442,0.06837493927316755
5.0,mse_oracle,nan,30.0,4.0,6.0,0.48718068132483355,0.9975578925616404,0.9981843104018115,0.0,0.06892276881155542,0.06892276881155542
5.0,mse_oracle,nan,31.0,4.0,7.0,0.48763494714785566,0.9974272006467652,0.9965229843830644,1.0,0.06837506424522762,0.06836920353900629
5.0,mse_oracle,nan,32.0,4.0,8.0,0.48983041278913214,0.9948575368123926,0.9962553591921911,1.0,0.06814943846412057,0.06738887300213021
5.0,mse_oracle,nan,33.0,5.0,1.0,0.49202346862984464,1.0,1.0,0.0,0.07025648837624096,0.07025648837624096
5.0,mse_oracle,nan,34.0,5.0,2.0,0.4937704883909059,0.99863420579204,0.9985491254384109,0.0,0.06951751072236094,0.06951751072236094
5.0,mse_oracle,nan,35.0,5.0,3.0,0.4945774857964373,0.9952635358507592,0.9947023001840744,1.0,0.06938812114365085,0.06919173251840116
5.0,mse_oracle,nan,36.0,5.0,4.0,0.4956645821301332,0.993687396080894,0.9918087898718286,1.0,0.06984270073006946,0.06935256657944644
5.0,mse_oracle,nan,37.0,5.0,5.0,0.49666222676433075,0.9909304234233784,0.9960114817319489,1.0,0.06991823282808668,0.06781489032375555
5.0,mse_oracle,nan,38.0,5.0,6.0,0.4978339733036697,0.9906717405162067,0.9904360455992475,1.0,0.06945414132944223,0.06682464316802551
5.0,mse_oracle,nan,39.0,5.0,7.0,0.4990439590862543,0.9919077744482058,0.993737990439037,1.0,0.06896795841606657,0.06686268145267536
5.0,mse_oracle,nan,40.0,5.0,8.0,0.5003680840240232,0.9901861697227119,0.9948852032386177,1.0,0.06968226893416388,0.0676615542182959
6.0,raw,nan,0.0,0.0,0.0,0.4381825474072605,1.0,1.0,0.0,nan,nan
6.0,raw,nan,1.0,1.0,1.0,0.440093291171222,1.0,0.9999999999999999,0.0,nan,nan
6.0,raw,nan,2.0,1.0,2.0,0.44127063039654885,0.9991398603516536,0.999309339859235,0.0,nan,nan
6.0,raw,nan,3.0,1.0,3.0,0.4426571716713544,0.9973957322181555,0.9966061355734265,0.0,nan,nan
6.0,raw,nan,4.0,1.0,4.0,0.44415111613417224,0.9960197089453808,0.9962899055227618,0.0,nan,nan
6.0,raw,nan,5.0,1.0,5.0,0.44554724172546933,0.9926276614144276,0.9914990999747919,0.0,nan,nan
6.0,raw,nan,6.0,1.0,6.0,0.44618588057513653,0.9913757505296856,0.9896238157281502,0.0,nan,nan
6.0,raw,nan,7.0,1.0,7.0,0.44698715840690667,0.9866523287188711,0.9889946101541265,0.0,nan,nan
6.0,raw,nan,8.0,1.0,8.0,0.4488829099469095,0.9874440998695859,0.9922607007024103,0.0,nan,nan
6.0,raw,nan,9.0,2.0,1.0,0.4512869406402259,1.0,0.9999999999999999,0.0,nan,nan
6.0,raw,nan,10.0,2.0,2.0,0.4534692132236522,0.9985628595320016,0.9985267414636666,0.0,nan,nan
6.0,raw,nan,11.0,2.0,3.0,0.45442524948387064,0.9964898600633774,0.9970868239334308,0.0,nan,nan
6.0,raw,nan,12.0,2.0,4.0,0.4555075488343111,0.9960029429237753,0.996304237993958,0.0,nan,nan
6.0,raw,nan,13.0,2.0,5.0,0.4572698993760663,0.9941292372249634,0.996336085556241,0.0,nan,nan
6.0,raw,nan,14.0,2.0,6.0,0.460557093950661,0.9945049124544667,0.9946291238714787,0.0,nan,nan
6.0,raw,nan,15.0,2.0,7.0,0.46221970788910355,0.9893312637674474,0.992228067891502,0.0,nan,nan
6.0,raw,nan,16.0,2.0,8.0,0.4632059590951863,0.9876748741399938,0.9898754417936908,0.0,nan,nan
6.0,raw,nan,17.0,3.0,1.0,0.464034116288433,1.0,1.0,0.0,nan,nan
6.0,raw,nan,18.0,3.0,2.0,0.46540118964903976,0.9992841996785665,0.9992288619503915,0.0,nan,nan
6.0,raw,nan,19.0,3.0,3.0,0.46729112909783893,0.9975573817378429,0.9973762133484152,0.0,nan,nan
6.0,raw,nan,20.0,3.0,4.0,0.4690738970350049,0.995613133130237,0.9949732098233328,0.0,nan,nan
6.0,raw,nan,21.0,3.0,5.0,0.4710283333528501,0.9919587072668633,0.9914547407291616,0.0,nan,nan
6.0,raw,nan,22.0,3.0,6.0,0.4724757054822019,0.9866054757192884,0.9848090624171782,0.0,nan,nan
6.0,raw,nan,23.0,3.0,7.0,0.4747291805683753,0.9826917303077775,0.9886349701661914,0.0,nan,nan
6.0,raw,nan,24.0,3.0,8.0,0.47652558009266666,0.9792259319601587,0.9801209463796817,0.0,nan,nan
6.0,raw,nan,25.0,4.0,1.0,0.47794674245237617,1.0,1.0000000000000002,0.0,nan,nan
6.0,raw,nan,26.0,4.0,2.0,0.4797624618391576,0.9987540897426709,0.9989398585621231,0.0,nan,nan
6.0,raw,nan,27.0,4.0,3.0,0.4813442977558199,0.9982982013640199,0.9981150877933297,0.0,nan,nan
6.0,raw,nan,28.0,4.0,4.0,0.4831485230711596,0.9964998329180325,0.9962414504398232,0.0,nan,nan
6.0,raw,nan,29.0,4.0,5.0,0.48414179293713094,0.9964969992262214,0.9959980517126876,0.0,nan,nan
6.0,raw,nan,30.0,4.0,6.0,0.4865934730038123,0.9929001384105871,0.9929459219774815,0.0,nan,nan
6.0,raw,nan,31.0,4.0,7.0,0.4883386352852907,0.995328386560177,0.9950916987781981,0.0,nan,nan
6.0,raw,nan,32.0,4.0,8.0,0.49013316168140814,0.9950076347562057,0.996963775877773,0.0,nan,nan
6.0,raw,nan,33.0,5.0,1.0,0.49141781043907007,1.0,1.0,0.0,nan,nan
6.0,raw,nan,34.0,5.0,2.0,0.49223005216416316,0.9994284585212868,0.9993940710940641,0.0,nan,nan
6.0,raw,nan,35.0,5.0,3.0,0.49427635281247106,0.9979632171066737,0.9980168785828557,0.0,nan,nan
6.0,raw,nan,36.0,5.0,4.0,0.49544769618684986,0.9982620955990738,0.997937938346115,0.0,nan,nan
6.0,raw,nan,37.0,5.0,5.0,0.4966492250286221,0.9974791468696625,0.9972249555290236,0.0,nan,nan
6.0,raw,nan,38.0,5.0,6.0,0.49796569315902833,0.9972414721833504,0.9976001014481961,0.0,nan,nan
6.0,raw,nan,39.0,5.0,7.0,0.49876295090111755,0.9947210246418247,0.992496182137793,0.0,nan,nan
6.0,raw,nan,40.0,5.0,8.0,0.5002782428758592,0.9904424381148436,0.9907820548907166,0.0,nan,nan
6.0,ppo,nan,0.0,0.0,0.0,0.4381825474072605,1.0,1.0,0.0,nan,nan
6.0,ppo,nan,1.0,1.0,1.0,0.440093291171222,1.0,0.9999999999999999,1.0,nan,nan
6.0,ppo,nan,2.0,1.0,2.0,0.44127063039654885,0.9991398603516536,0.999309339859235,1.0,nan,nan
6.0,ppo,nan,3.0,1.0,3.0,0.4426571716713544,0.9973957322181555,0.9966061355734265,1.0,nan,nan
6.0,ppo,nan,4.0,1.0,4.0,0.44415111613417224,0.9960197089453808,0.9962899055227618,1.0,nan,nan
6.0,ppo,nan,5.0,1.0,5.0,0.44554724172546933,0.9926276614144276,0.9914990999747919,1.0,nan,nan
6.0,ppo,nan,6.0,1.0,6.0,0.4460966887950528,0.9913757505296856,0.9896238157281502,1.0,nan,nan
6.0,ppo,nan,7.0,1.0,7.0,0.44705338912439063,0.9877674415057308,0.9893977937780841,1.0,nan,nan
6.0,ppo,nan,8.0,1.0,8.0,0.44894810154746295,0.9894913299560953,0.9927619644703324,1.0,nan,nan
6.0,ppo,nan,9.0,2.0,1.0,0.451355038709698,1.0,1.0,1.0,nan,nan
6.0,ppo,nan,10.0,2.0,2.0,0.4535915130341836,0.9985530194148071,0.9985524244266053,1.0,nan,nan
6.0,ppo,nan,11.0,2.0,3.0,0.4546342528066771,0.9966104525071912,0.997424907799957,1.0,nan,nan
6.0,ppo,nan,12.0,2.0,4.0,0.45617370942883373,0.9962318967308585,0.9968004797904251,1.0,nan,nan
6.0,ppo,nan,13.0,2.0,5.0,0.45789835301133286,0.9937542213913603,0.9955773779299822,1.0,nan,nan
6.0,ppo,nan,14.0,2.0,6.0,0.46089260356880407,0.9941290975015916,0.994539382196494,1.0,nan,nan
6.0,ppo,nan,15.0,2.0,7.0,0.46253124757038794,0.9894162567137045,0.9924474977049519,1.0,nan,nan
6.0,ppo,nan,16.0,2.0,8.0,0.4633256185508672,0.9875371132896021,0.9905192825496062,1.0,nan,nan
6.0,ppo,nan,17.0,3.0,1.0,0.4643383023005346,1.0,1.0,1.0,nan,nan
6.0,ppo,nan,18.0,3.0,2.0,0.4657659390119161,0.9996276912775042,0.9996150547085368,1.0,nan,nan
6.0,ppo,nan,19.0,3.0,3.0,0.46777989800669467,0.9981115932434687,0.9981496708270756,1.0,nan,nan
6.0,ppo,nan,20.0,3.0,4.0,0.46955253123156304,0.9961345567833042,0.9953408563718291,1.0,nan,nan
6.0,ppo,nan,21.0,3.0,5.0,0.47174226615491466,0.9926188759555363,0.9923089911469453,1.0,nan,nan
6.0,ppo,nan,22.0,3.0,6.0,0.47279400666568216,0.98972128565982,0.9875741293020379,1.0,nan,nan
6.0,ppo,nan,23.0,3.0,7.0,0.47517427918752125,0.9876936835797717,0.9912052924403063,1.0,nan,nan
6.0,ppo,nan,24.0,3.0,8.0,0.47666718404292757,0.9862607783546169,0.9867877316288096,1.0,nan,nan
6.0,ppo,nan,25.0,4.0,1.0,0.47775716401017615,1.0,1.0,1.0,nan,nan
6.0,ppo,nan,26.0,4.0,2.0,0.479547117327261,0.9993545972321414,0.9996629970107446,1.0,nan,nan
6.0,ppo,nan,27.0,4.0,3.0,0.48130902427571876,0.9987459996618743,0.9984585104667314,1.0,nan,nan
6.0,ppo,nan,28.0,4.0,4.0,0.48302138284680046,0.996780519874914,0.9964047806057439,1.0,nan,nan
6.0,ppo,nan,29.0,4.0,5.0,0.48385742624380107,0.9963164030231006,0.9958580287437016,1.0,nan,nan
6.0,ppo,nan,30.0,4.0,6.0,0.4862165534965391,0.9926628150717107,0.9916584247547885,1.0,nan,nan
6.0,ppo,nan,31.0,4.0,7.0,0.48823802837903396,0.9958768939512154,0.9951326419684524,1.0,nan,nan
6.0,ppo,nan,32.0,4.0,8.0,0.48997653731462976,0.9943232013363004,0.9966435036910921,1.0,nan,nan
6.0,ppo,nan,33.0,5.0,1.0,0.4913770285712793,1.0,1.0,1.0,nan,nan
6.0,ppo,nan,34.0,5.0,2.0,0.4921997495561218,0.9993783382141024,0.9993395807013323,1.0,nan,nan
6.0,ppo,nan,35.0,5.0,3.0,0.4942165715515617,0.9978108355418551,0.997884415780287,1.0,nan,nan
6.0,ppo,nan,36.0,5.0,4.0,0.49529950590775723,0.9981849017938522,0.9979217842057407,1.0,nan,nan
6.0,ppo,nan,37.0,5.0,5.0,0.4961931694047098,0.9977805643010251,0.9975685828269387,1.0,nan,nan
6.0,ppo,nan,38.0,5.0,6.0,0.4971336462950067,0.9974767546440718,0.9980114596869556,1.0,nan,nan
6.0,ppo,nan,39.0,5.0,7.0,0.497866846305722,0.996007788901592,0.9953436657533932,1.0,nan,nan
6.0,ppo,nan,40.0,5.0,8.0,0.49904442563008605,0.9917698133417358,0.991263601460125,1.0,nan,nan
6.0,mse_oracle,nan,0.0,0.0,0.0,0.4381825474072605,1.0,1.0,0.0,nan,nan
6.0,mse_oracle,nan,1.0,1.0,1.0,0.440093291171222,1.0,0.9999999999999999,0.0,0.06706072794876566,0.06706072794876566
6.0,mse_oracle,nan,2.0,1.0,2.0,0.44127063039654885,0.9991398603516536,0.999309339859235,0.0,0.06675432233111143,0.06675432233111143
6.0,mse_oracle,nan,3.0,1.0,3.0,0.4426571716713544,0.9973957322181555,0.9966061355734265,0.0,0.06657081341357719,0.06657081341357719
6.0,mse_oracle,nan,4.0,1.0,4.0,0.44415111613417224,0.9960197089453808,0.9962899055227618,1.0,0.06622164561839608,0.0661317538696126
6.0,mse_oracle,nan,5.0,1.0,5.0,0.44554724172546933,0.9926276614144276,0.9914990999747919,1.0,0.06583926992684225,0.06504726964124838
6.0,mse_oracle,nan,6.0,1.0,6.0,0.4460966887950528,0.9913757505296856,0.9896238157281502,1.0,0.06545376469639366,0.06469572061624082
6.0,mse_oracle,nan,7.0,1.0,7.0,0.44705338912439063,0.9877674415057308,0.9893977937780841,1.0,0.06535688277888536,0.0638981100610548
6.0,mse_oracle,nan,8.0,1.0,8.0,0.44894810154746295,0.9894913299560953,0.9927619644703324,1.0,0.06529130407602254,0.06385001660841982
6.0,mse_oracle,nan,9.0,2.0,1.0,0.451355038709698,1.0,1.0,0.0,0.06781860396906698,0.06781860396906698
6.0,mse_oracle,nan,10.0,2.0,2.0,0.4535915130341836,0.9985530194148071,0.9985524244266053,0.0,0.06717394352650011,0.06717394352650011
6.0,mse_oracle,nan,11.0,2.0,3.0,0.4546342528066771,0.9966104525071912,0.997424907799957,1.0,0.0668854108572927,0.06685393264584706
6.0,mse_oracle,nan,12.0,2.0,4.0,0.45617370942883373,0.9962318967308585,0.9968004797904251,0.0,0.06693421480903017,0.06693421480903017
6.0,mse_oracle,nan,13.0,2.0,5.0,0.45789835301133286,0.9937542213913603,0.9955773779299822,1.0,0.06701190082952989,0.06642893477370986
6.0,mse_oracle,nan,14.0,2.0,6.0,0.46089260356880407,0.9941290975015916,0.994539382196494,1.0,0.0667639252722423,0.06642875676442286
6.0,mse_oracle,nan,15.0,2.0,7.0,0.46253124757038794,0.9894162567137045,0.9924474977049519,1.0,0.06624438415493551,0.064826372027131
6.0,mse_oracle,nan,16.0,2.0,8.0,0.4633256185508672,0.9875371132896021,0.9905192825496062,1.0,0.06607087633714168,0.06465533850251372
6.0,mse_oracle,nan,17.0,3.0,1.0,0.4643383023005346,1.0,1.0,0.0,0.06888208025455203,0.06888208025455203
6.0,mse_oracle,nan,18.0,3.0,2.0,0.4657659390119161,0.9996276912775042,0.9996150547085368,0.0,0.06878468072707528,0.06878468072707528
6.0,mse_oracle,nan,19.0,3.0,3.0,0.46777989800669467,0.9981115932434687,0.9981496708270756,0.0,0.06882684969498702,0.06882684969498702
6.0,mse_oracle,nan,20.0,3.0,4.0,0.46955253123156304,0.9961345567833042,0.9953408563718291,1.0,0.06809947453340232,0.06806537218512258
6.0,mse_oracle,nan,21.0,3.0,5.0,0.47174226615491466,0.9926188759555363,0.9923089911469453,1.0,0.06762766203784044,0.06675128853888992
6.0,mse_oracle,nan,22.0,3.0,6.0,0.47279400666568216,0.98972128565982,0.9875741293020379,1.0,0.06723529301984607,0.06587421154646612
6.0,mse_oracle,nan,23.0,3.0,7.0,0.47517427918752125,0.9876936835797717,0.9912052924403063,1.0,0.06729102755164507,0.06580360746087112
6.0,mse_oracle,nan,24.0,3.0,8.0,0.4767962758447996,0.9862607783546169,0.9867877316288096,0.0,0.06697375470897612,0.06732058524042449
6.0,mse_oracle,nan,25.0,4.0,1.0,0.47795922965824794,1.0,1.0,0.0,0.06980314820922143,0.06980314820922143
6.0,mse_oracle,nan,26.0,4.0,2.0,0.4797395810615653,0.9991447620601138,0.9994032693387408,0.0,0.0694539054372382,0.0694539054372382
6.0,mse_oracle,nan,27.0,4.0,3.0,0.4815282066438899,0.9985463744416972,0.9982383895686484,0.0,0.068946302030465,0.068946302030465
6.0,mse_oracle,nan,28.0,4.0,4.0,0.48319991556636005,0.9969037210482581,0.9969107718620842,1.0,0.06808116618673568,0.06803955130297751
6.0,mse_oracle,nan,29.0,4.0,5.0,0.48405481887367474,0.9957216154367321,0.9951031555730246,1.0,0.06761944713956715,0.06740326703284868
6.0,mse_oracle,nan,30.0,4.0,6.0,0.48637738205270686,0.9926869516406341,0.9916437118981725,1.0,0.06745197867118284,0.06624289749954998
6.0,mse_oracle,nan,31.0,4.0,7.0,0.488423625635239,0.9956808924408802,0.9946883266391572,1.0,0.06706813255146485,0.06673132733897356
6.0,mse_oracle,nan,32.0,4.0,8.0,0.49017310141624687,0.9944505920128659,0.9969004598634624,1.0,0.06627332146800605,0.06586300694416415
6.0,mse_oracle,nan,33.0,5.0,1.0,0.4915665055183796,1.0,1.0,0.0,0.07046830892548751,0.07046830892548751
6.0,mse_oracle,nan,34.0,5.0,2.0,0.4924210793984985,0.9993739702547058,0.9993394551545596,0.0,0.06976371632006931,0.06976371632006931
6.0,mse_oracle,nan,35.0,5.0,3.0,0.4944034308955527,0.9979916411364972,0.998133782972169,0.0,0.0700624582281667,0.0700624582281667
6.0,mse_oracle,nan,36.0,5.0,4.0,0.4954534714279507,0.99820776937306,0.9979776088467912,0.0,0.06868242448434986,0.06868242448434986
6.0,mse_oracle,nan,37.0,5.0,5.0,0.4963959497076194,0.9977627540260081,0.997558265967673,0.0,0.06861291909410207,0.06861291909410207
6.0,mse_oracle,nan,38.0,5.0,6.0,0.4973484460376072,0.9975222051069212,0.9980797242491816,0.0,0.06897977927575841,0.06897977927575841
6.0,mse_oracle,nan,39.0,5.0,7.0,0.498329990626929,0.9961599575665709,0.995817517316797,0.0,0.06916324685507177,0.06916324685507177
6.0,mse_oracle,nan,40.0,5.0,8.0,0.49946153259090476,0.9934189750804975,0.9927669086158146,1.0,0.0696089060283498,0.0686528039331648
7.0,raw,nan,0.0,0.0,0.0,0.4381825474072605,1.0,1.0,0.0,nan,nan
7.0,raw,nan,1.0,1.0,1.0,0.4396387830222459,1.0,1.0000000000000002,0.0,nan,nan
7.0,raw,nan,2.0,1.0,2.0,0.4403221801821187,0.9981369760654474,0.9977932831381368,0.0,nan,nan
7.0,raw,nan,3.0,1.0,3.0,0.4422776491753637,0.9987433251576693,0.998692677446416,0.0,nan,nan
7.0,raw,nan,4.0,1.0,4.0,0.4452920967789332,0.9977508926207009,0.998080666306645,0.0,nan,nan
7.0,raw,nan,5.0,1.0,5.0,0.44674450029287455,0.9987124609867621,0.9989692214018768,0.0,nan,nan
7.0,raw,nan,6.0,1.0,6.0,0.4487130902786594,0.9979280933833138,0.9980379364808671,0.0,nan,nan
7.0,raw,nan,7.0,1.0,7.0,0.45002716285286826,0.9973508123163847,0.9969664739315472,0.0,nan,nan
7.0,raw,nan,8.0,1.0,8.0,0.45162281969158274,0.996332400050199,0.9965425401114122,0.0,nan,nan
7.0,raw,nan,9.0,2.0,1.0,0.45425253191407594,1.0,1.0,0.0,nan,nan
7.0,raw,nan,10.0,2.0,2.0,0.4563087743405932,0.9977876444929648,0.9976753212928111,0.0,nan,nan
7.0,raw,nan,11.0,2.0,3.0,0.4581775738475684,0.9963403808623236,0.9964480293383234,0.0,nan,nan
7.0,raw,nan,12.0,2.0,4.0,0.45958648702810956,0.9949379495989001,0.9944478333791749,0.0,nan,nan
7.0,raw,nan,13.0,2.0,5.0,0.4606537627792231,0.9920596071248841,0.990971830649349,0.0,nan,nan
7.0,raw,nan,14.0,2.0,6.0,0.46222691798906085,0.9889407565733245,0.9875186353065485,0.0,nan,nan
7.0,raw,nan,15.0,2.0,7.0,0.46385171631663624,0.9858599435101576,0.9873293216655421,0.0,nan,nan
7.0,raw,nan,16.0,2.0,8.0,0.4660020543377616,0.9797470326909027,0.9844026438915003,0.0,nan,nan
7.0,raw,nan,17.0,3.0,1.0,0.46782576691064515,1.0,1.0000000000000002,0.0,nan,nan
7.0,raw,nan,18.0,3.0,2.0,0.4694248717637475,0.9985609485881236,0.9990362587496717,0.0,nan,nan
7.0,raw,nan,19.0,3.0,3.0,0.4706659908891177,0.9955280593982166,0.9962285866170353,0.0,nan,nan
7.0,raw,nan,20.0,3.0,4.0,0.47190490001590707,0.9937112631024416,0.9933411382471211,0.0,nan,nan
7.0,raw,nan,21.0,3.0,5.0,0.4732209126934647,0.9891027706104878,0.990434022473795,0.0,nan,nan
7.0,raw,nan,22.0,3.0,6.0,0.4755549213599517,0.9890663809169292,0.9897377906049478,0.0,nan,nan
7.0,raw,nan,23.0,3.0,7.0,0.47767399434308416,0.991146931143205,0.9901436356736324,0.0,nan,nan
7.0,raw,nan,24.0,3.0,8.0,0.4805917691319376,0.9899661594698096,0.9902916052115132,0.0,nan,nan
7.0,raw,nan,25.0,4.0,1.0,0.4830526182556181,1.0,1.0,0.0,nan,nan
7.0,raw,nan,26.0,4.0,2.0,0.4847431589752887,0.9976468000941658,0.9969658684398411,0.0,nan,nan
7.0,raw,nan,27.0,4.0,3.0,0.48582507493713034,0.9952469775347326,0.9940717294715617,0.0,nan,nan
7.0,raw,nan,28.0,4.0,4.0,0.48658471221171035,0.9925307136531579,0.994139274723949,0.0,nan,nan
7.0,raw,nan,29.0,4.0,5.0,0.4869888550750628,0.9930602595484229,0.9920378653851413,0.0,nan,nan
7.0,raw,nan,30.0,4.0,6.0,0.4886263177432243,0.9858113733614354,0.9787803531480104,0.0,nan,nan
7.0,raw,nan,31.0,4.0,7.0,0.4899339390664136,0.9863974640547075,0.986597978465151,0.0,nan,nan
7.0,raw,nan,32.0,4.0,8.0,0.49138815937864666,0.9836576654331867,0.9808890322721899,0.0,nan,nan
7.0,raw,nan,33.0,5.0,1.0,0.49271772103865047,1.0,1.0,0.0,nan,nan
7.0,raw,nan,34.0,5.0,2.0,0.4948363569196358,0.9945873191387256,0.995157124694787,0.0,nan,nan
7.0,raw,nan,35.0,5.0,3.0,0.49679843482395125,0.9939691033054459,0.9941917300974348,0.0,nan,nan
7.0,raw,nan,36.0,5.0,4.0,0.4979192044282007,0.9924910327835852,0.9922435112642431,0.0,nan,nan
7.0,raw,nan,37.0,5.0,5.0,0.4986360971751258,0.9917701824529154,0.9924930738085409,0.0,nan,nan
7.0,raw,nan,38.0,5.0,6.0,0.4996145270010634,0.9889243348642432,0.9934723722272727,0.0,nan,nan
7.0,raw,nan,39.0,5.0,7.0,0.500617156590332,0.9898616313119963,0.9886184422305114,0.0,nan,nan
7.0,raw,nan,40.0,5.0,8.0,0.502830132964859,0.9864185860098371,0.9817925839674946,0.0,nan,nan
7.0,ppo,nan,0.0,0.0,0.0,0.4381825474072605,1.0,1.0,0.0,nan,nan
7.0,ppo,nan,1.0,1.0,1.0,0.4396387830222459,1.0,1.0000000000000002,1.0,nan,nan
7.0,ppo,nan,2.0,1.0,2.0,0.4403221801821187,0.9981369760654474,0.9977932831381368,1.0,nan,nan
7.0,ppo,nan,3.0,1.0,3.0,0.4422776491753637,0.9987433251576693,0.998692677446416,1.0,nan,nan
7.0,ppo,nan,4.0,1.0,4.0,0.4452920967789332,0.9977508926207009,0.998080666306645,1.0,nan,nan
7.0,ppo,nan,5.0,1.0,5.0,0.44674450029287455,0.9987124609867621,0.9989692214018768,1.0,nan,nan
7.0,ppo,nan,6.0,1.0,6.0,0.4487130902786594,0.9979280933833138,0.9980379364808671,1.0,nan,nan
7.0,ppo,nan,7.0,1.0,7.0,0.45002716285286826,0.9973508123163847,0.9969664739315472,1.0,nan,nan
7.0,ppo,nan,8.0,1.0,8.0,0.45162281969158274,0.996332400050199,0.9965425401114122,1.0,nan,nan
7.0,ppo,nan,9.0,2.0,1.0,0.45425253191407594,1.0,1.0,1.0,nan,nan
7.0,ppo,nan,10.0,2.0,2.0,0.4563087743405932,0.9977876444929648,0.9976753212928111,1.0,nan,nan
7.0,ppo,nan,11.0,2.0,3.0,0.4581775738475684,0.9963403808623236,0.9964480293383234,1.0,nan,nan
7.0,ppo,nan,12.0,2.0,4.0,0.45958648702810956,0.9949379495989001,0.9944478333791749,1.0,nan,nan
7.0,ppo,nan,13.0,2.0,5.0,0.4606537627792231,0.9920596071248841,0.990971830649349,1.0,nan,nan
7.0,ppo,nan,14.0,2.0,6.0,0.4618814353932724,0.9889407565733245,0.9875186353065485,1.0,nan,nan
7.0,ppo,nan,15.0,2.0,7.0,0.4635023314029686,0.9882132188169295,0.9902403319951922,1.0,nan,nan
7.0,ppo,nan,16.0,2.0,8.0,0.46565555060907315,0.9833313775456866,0.986754865552516,1.0,nan,nan
7.0,ppo,nan,17.0,3.0,1.0,0.4674178042246717,1.0,0.9999999999999999,1.0,nan,nan
7.0,ppo,nan,18.0,3.0,2.0,0.46888768283903537,0.9987834391972725,0.9991579225311987,1.0,nan,nan
7.0,ppo,nan,19.0,3.0,3.0,0.47004412790116684,0.9961107487105021,0.9968019294182296,1.0,nan,nan
7.0,ppo,nan,20.0,3.0,4.0,0.471107226525367,0.9934551729149008,0.9935929689726267,1.0,nan,nan
7.0,ppo,nan,21.0,3.0,5.0,0.47231826111480346,0.987559702891057,0.9900588988997311,1.0,nan,nan
7.0,ppo,nan,22.0,3.0,6.0,0.474703501752397,0.9871387850276439,0.9876204273654725,1.0,nan,nan
7.0,ppo,nan,23.0,3.0,7.0,0.4770178145669715,0.9901572420404865,0.987316117046801,1.0,nan,nan
7.0,ppo,nan,24.0,3.0,8.0,0.4797705608171201,0.991530642658486,0.9918982539259005,1.0,nan,nan
7.0,ppo,nan,25.0,4.0,1.0,0.48231713858959063,1.0,1.0,1.0,nan,nan
7.0,ppo,nan,26.0,4.0,2.0,0.4841389719903615,0.9976433071200989,0.9970510375392491,1.0,nan,nan
7.0,ppo,nan,27.0,4.0,3.0,0.48501058192691304,0.9954653920190606,0.9945012167244955,1.0,nan,nan
7.0,ppo,nan,28.0,4.0,4.0,0.4856951955044734,0.9920888373479083,0.9933986463690875,1.0,nan,nan
7.0,ppo,nan,29.0,4.0,5.0,0.48579036502169287,0.9923536536199952,0.9914000806833498,1.0,nan,nan
7.0,ppo,nan,30.0,4.0,6.0,0.4874024876909379,0.9848013026554112,0.9763400098326955,1.0,nan,nan
7.0,ppo,nan,31.0,4.0,7.0,0.48836229915273777,0.9893545312324676,0.9897981595396476,1.0,nan,nan
7.0,ppo,nan,32.0,4.0,8.0,0.49040857531668025,0.9859330531251425,0.984541741170405,1.0,nan,nan
7.0,ppo,nan,33.0,5.0,1.0,0.49133100563030957,1.0,1.0,1.0,nan,nan
7.0,ppo,nan,34.0,5.0,2.0,0.49357020497363663,0.9950603648677041,0.9966894027503233,1.0,nan,nan
7.0,ppo,nan,35.0,5.0,3.0,0.49568145306378963,0.9944886744051221,0.9944431138337279,1.0,nan,nan
7.0,ppo,nan,36.0,5.0,4.0,0.49670047096567777,0.9926126828404559,0.9920731419534472,1.0,nan,nan
7.0,ppo,nan,37.0,5.0,5.0,0.49729907982215077,0.9925810197799759,0.993423465329903,1.0,nan,nan
7.0,ppo,nan,38.0,5.0,6.0,0.498154599398901,0.9896718145005721,0.9943430324314741,1.0,nan,nan
7.0,ppo,nan,39.0,5.0,7.0,0.4996310642526516,0.9894888886891706,0.9848785860909146,1.0,nan,nan
7.0,ppo,nan,40.0,5.0,8.0,0.5018482158479911,0.9934683478509748,0.991560739921657,1.0,nan,nan
7.0,mse_oracle,nan,0.0,0.0,0.0,0.4381825474072605,1.0,1.0,0.0,nan,nan
7.0,mse_oracle,nan,1.0,1.0,1.0,0.4396387830222459,1.0,1.0000000000000002,0.0,0.06706072794876566,0.06706072794876566
7.0,mse_oracle,nan,2.0,1.0,2.0,0.4403221801821187,0.9981369760654474,0.9977932831381368,0.0,0.06679295857323853,0.06679295857323853
7.0,mse_oracle,nan,3.0,1.0,3.0,0.4422776491753637,0.9987433251576693,0.998692677446416,0.0,0.06682009246195089,0.06682009246195089
7.0,mse_oracle,nan,4.0,1.0,4.0,0.4452920967789332,0.9977508926207009,0.998080666306645,0.0,0.06644192444232559,0.06644192444232559
7.0,mse_oracle,nan,5.0,1.0,5.0,0.44674450029287455,0.9987124609867621,0.9989692214018768,0.0,0.06566520057938575,0.06566520057938575
7.0,mse_oracle,nan,6.0,1.0,6.0,0.4487130902786594,0.9979280933833138,0.9980379364808671,0.0,0.06549007304177738,0.06549007304177738
7.0,mse_oracle,nan,7.0,1.0,7.0,0.45002716285286826,0.9973508123163847,0.9969664739315472,0.0,0.06500635034206756,0.06500635034206756
7.0,mse_oracle,nan,8.0,1.0,8.0,0.45162281969158274,0.996332400050199,0.9965425401114122,1.0,0.0646646803035976,0.06466020137145043
7.0,mse_oracle,nan,9.0,2.0,1.0,0.45425253191407594,1.0,1.0,0.0,0.06802580755100232,0.06802580755100232
7.0,mse_oracle,nan,10.0,2.0,2.0,0.4563087743405932,0.9977876444929648,0.9976753212928111,0.0,0.06770885767150078,0.06770885767150078
7.0,mse_oracle,nan,11.0,2.0,3.0,0.4581775738475684,0.9963403808623236,0.9964480293383234,0.0,0.06735957856003565,0.06735957856003565
7.0,mse_oracle,nan,12.0,2.0,4.0,0.45958648702810956,0.9949379495989001,0.9944478333791749,0.0,0.06684081166907706,0.06684081166907706
7.0,mse_oracle,nan,13.0,2.0,5.0,0.4606537627792231,0.9920596071248841,0.990971830649349,1.0,0.06675815545424388,0.06599663704292212
7.0,mse_oracle,nan,14.0,2.0,6.0,0.4618814353932724,0.9889407565733245,0.9875186353065485,1.0,0.06671830187564845,0.06478205623958848
7.0,mse_oracle,nan,15.0,2.0,7.0,0.4635023314029686,0.9882132188169295,0.9902403319951922,1.0,0.06609034937530314,0.06387504262624707
7.0,mse_oracle,nan,16.0,2.0,8.0,0.46565555060907315,0.9833313775456866,0.986754865552516,1.0,0.06599646257771072,0.06448954429503749
7.0,mse_oracle,nan,17.0,3.0,1.0,0.4674178042246717,1.0,0.9999999999999999,0.0,0.0689429795518173,0.0689429795518173
7.0,mse_oracle,nan,18.0,3.0,2.0,0.46888768283903537,0.9987834391972725,0.9991579225311987,0.0,0.0686297957763236,0.0686297957763236
7.0,mse_oracle,nan,19.0,3.0,3.0,0.47004412790116684,0.9961107487105021,0.9968019294182296,0.0,0.06873374630100534,0.06873374630100534
7.0,mse_oracle,nan,20.0,3.0,4.0,0.471107226525367,0.9934551729149008,0.9935929689726267,1.0,0.06729446419617247,0.06660824069699231
7.0,mse_oracle,nan,21.0,3.0,5.0,0.47231826111480346,0.987559702891057,0.9900588988997311,1.0,0.0671776738311865,0.06513393436008554
7.0,mse_oracle,nan,22.0,3.0,6.0,0.474703501752397,0.9871387850276439,0.9876204273654725,1.0,0.06700910301817431,0.06469220421048971
7.0,mse_oracle,nan,23.0,3.0,7.0,0.4770178145669715,0.9901572420404865,0.987316117046801,1.0,0.06604534106019577,0.06429019260408861
7.0,mse_oracle,nan,24.0,3.0,8.0,0.4797705608171201,0.991530642658486,0.9918982539259005,1.0,0.06541088495793272,0.06464948378950638
7.0,mse_oracle,nan,25.0,4.0,1.0,0.48231713858959063,1.0,1.0,0.0,0.06977590074620879,0.06977590074620879
7.0,mse_oracle,nan,26.0,4.0,2.0,0.4841389719903615,0.9976433071200989,0.9970510375392491,0.0,0.06877414599149824,0.06877414599149824
7.0,mse_oracle,nan,27.0,4.0,3.0,0.48501058192691304,0.9954653920190606,0.9945012167244955,1.0,0.06866760099521131,0.06851475452100735
7.0,mse_oracle,nan,28.0,4.0,4.0,0.4856951955044734,0.9920888373479083,0.9933986463690875,1.0,0.06860535187034979,0.06771781885806377
7.0,mse_oracle,nan,29.0,4.0,5.0,0.48579036502169287,0.9923536536199952,0.9914000806833498,1.0,0.06844614356149939,0.06790604758032644
7.0,mse_oracle,nan,30.0,4.0,6.0,0.4874024876909379,0.9848013026554112,0.9763400098326955,1.0,0.06865458663290738,0.06658592402775845
7.0,mse_oracle,nan,31.0,4.0,7.0,0.48836229915273777,0.9893545312324676,0.9897981595396476,1.0,0.06837966900747355,0.06665598657214605
7.0,mse_oracle,nan,32.0,4.0,8.0,0.49040857531668025,0.9859330531251425,0.984541741170405,1.0,0.0690032651441809,0.06583404285402349
7.0,mse_oracle,nan,33.0,5.0,1.0,0.49133100563030957,1.0,1.0,0.0,0.0702755130216278,0.0702755130216278
7.0,mse_oracle,nan,34.0,5.0,2.0,0.49357020497363663,0.9950603648677041,0.9966894027503233,1.0,0.07118826657240361,0.07072278694963482
7.0,mse_oracle,nan,35.0,5.0,3.0,0.49568145306378963,0.9944886744051221,0.9944431138337279,1.0,0.07096931750969784,0.07036865128168567
7.0,mse_oracle,nan,36.0,5.0,4.0,0.49670047096567777,0.9926126828404559,0.9920731419534472,1.0,0.07078929970309307,0.06979672108332005
7.0,mse_oracle,nan,37.0,5.0,5.0,0.49729907982215077,0.9925810197799759,0.993423465329903,1.0,0.07088498033520631,0.06997922646074248
7.0,mse_oracle,nan,38.0,5.0,6.0,0.498154599398901,0.9896718145005721,0.9943430324314741,1.0,0.07177558586260833,0.06935941448152592
7.0,mse_oracle,nan,39.0,5.0,7.0,0.4996310642526516,0.9894888886891706,0.9848785860909146,1.0,0.0716084270415081,0.06998236417306597
7.0,mse_oracle,nan,40.0,5.0,8.0,0.5018482158479911,0.9934683478509748,0.991560739921657,1.0,0.07040280746739272,0.06868882917112097
8.0,raw,nan,0.0,0.0,0.0,0.4381825474072605,1.0,1.0,0.0,nan,nan
8.0,raw,nan,1.0,1.0,1.0,0.43826033217885735,1.0,1.0,0.0,nan,nan
8.0,raw,nan,2.0,1.0,2.0,0.439907753115119,0.9979090991254261,0.9984468661943363,0.0,nan,nan
8.0,raw,nan,3.0,1.0,3.0,0.44330772305686866,0.9965008303030811,0.9958932258788802,0.0,nan,nan
8.0,raw,nan,4.0,1.0,4.0,0.4446348451864036,0.9974084065552726,0.9979668646490928,0.0,nan,nan
8.0,raw,nan,5.0,1.0,5.0,0.4475722337402546,0.99706041261257,0.9970537257813681,0.0,nan,nan
8.0,raw,nan,6.0,1.0,6.0,0.4485464349391473,0.9933854002395055,0.9955411849783711,0.0,nan,nan
8.0,raw,nan,7.0,1.0,7.0,0.4500514234064117,0.9908787874640553,0.988080169200421,0.0,nan,nan
8.0,raw,nan,8.0,1.0,8.0,0.45225046833937754,0.9862761697207175,0.9798089931325699,0.0,nan,nan
8.0,raw,nan,9.0,2.0,1.0,0.4540817153487377,1.0,1.0,0.0,nan,nan
8.0,raw,nan,10.0,2.0,2.0,0.45627970427435144,0.9984274104481751,0.998208387281453,0.0,nan,nan
8.0,raw,nan,11.0,2.0,3.0,0.45934904186592,0.9978442066295244,0.9980902835045883,0.0,nan,nan
8.0,raw,nan,12.0,2.0,4.0,0.4608544234690498,0.9950473107141942,0.9946207607912582,0.0,nan,nan
8.0,raw,nan,13.0,2.0,5.0,0.46210468104013647,0.9936394836953272,0.9963209890809737,0.0,nan,nan
8.0,raw,nan,14.0,2.0,6.0,0.46376041077682595,0.9922606197210371,0.9904464568598875,0.0,nan,nan
8.0,raw,nan,15.0,2.0,7.0,0.46517951776680494,0.9867391821416736,0.9849842037552474,0.0,nan,nan
8.0,raw,nan,16.0,2.0,8.0,0.4671667492373815,0.9824819246274175,0.9839622412387378,0.0,nan,nan
8.0,raw,nan,17.0,3.0,1.0,0.4688326626640294,1.0,1.0,0.0,nan,nan
8.0,raw,nan,18.0,3.0,2.0,0.4698620012375503,0.9984609820006498,0.9988547695313772,0.0,nan,nan
8.0,raw,nan,19.0,3.0,3.0,0.4713752061020872,0.9970851530353255,0.9975911781403834,0.0,nan,nan
8.0,raw,nan,20.0,3.0,4.0,0.47242748930302164,0.9962374389125891,0.9970054234883522,0.0,nan,nan
8.0,raw,nan,21.0,3.0,5.0,0.4745063699454375,0.9927184990201204,0.9915563959575334,0.0,nan,nan
8.0,raw,nan,22.0,3.0,6.0,0.4764015803229141,0.9944230160809503,0.9945704271795893,0.0,nan,nan
8.0,raw,nan,23.0,3.0,7.0,0.4785281664091633,0.9925449603201568,0.9938667884119345,0.0,nan,nan
8.0,raw,nan,24.0,3.0,8.0,0.47957655500951774,0.9897621422167512,0.989643252346609,0.0,nan,nan
8.0,raw,nan,25.0,4.0,1.0,0.4805894648358645,1.0,1.0,0.0,nan,nan
8.0,raw,nan,26.0,4.0,2.0,0.48217928409953126,0.9992505330594127,0.9992123773310365,0.0,nan,nan
8.0,raw,nan,27.0,4.0,3.0,0.48405700649873834,0.9982914793802075,0.9975866705295741,0.0,nan,nan
8.0,raw,nan,28.0,4.0,4.0,0.4859895842776426,0.9973670184796377,0.997060061967846,0.0,nan,nan
8.0,raw,nan,29.0,4.0,5.0,0.4875074088828582,0.9966268646834997,0.9970409014366833,0.0,nan,nan
8.0,raw,nan,30.0,4.0,6.0,0.4883926115690354,0.996528770664688,0.9966527234292495,0.0,nan,nan
8.0,raw,nan,31.0,4.0,7.0,0.4896428503165558,0.9966509750343331,0.9967987272435384,0.0,nan,nan
8.0,raw,nan,32.0,4.0,8.0,0.4906621058670495,0.9947434311095158,0.9944357331017296,0.0,nan,nan
8.0,raw,nan,33.0,5.0,1.0,0.4917761245292472,1.0,1.0,0.0,nan,nan
8.0,raw,nan,34.0,5.0,2.0,0.4936772737148255,0.99955955656085,0.9994830206955727,0.0,nan,nan
8.0,raw,nan,35.0,5.0,3.0,0.4953892701183873,0.9964580989138381,0.9976412016810694,0.0,nan,nan
8.0,raw,nan,36.0,5.0,4.0,0.4971579964157383,0.9940799218524142,0.9927715270032859,0.0,nan,nan
8.0,raw,nan,37.0,5.0,5.0,0.4988250862230871,0.9931012814266287,0.9958292376260759,0.0,nan,nan
8.0,raw,nan,38.0,5.0,6.0,0.4993443078895089,0.9912781044272548,0.9915467029760004,0.0,nan,nan
8.0,raw,nan,39.0,5.0,7.0,0.5008682246959426,0.9924805969983189,0.992922420701293,0.0,nan,nan
8.0,raw,nan,40.0,5.0,8.0,0.5019546656321954,0.9926686039743031,0.9947175718331416,0.0,nan,nan
8.0,ppo,nan,0.0,0.0,0.0,0.4381825474072605,1.0,1.0,0.0,nan,nan
8.0,ppo,nan,1.0,1.0,1.0,0.43826033217885735,1.0,1.0,1.0,nan,nan
8.0,ppo,nan,2.0,1.0,2.0,0.439907753115119,0.9979090991254261,0.9984468661943363,1.0,nan,nan
8.0,ppo,nan,3.0,1.0,3.0,0.44330772305686866,0.9965008303030811,0.9958932258788802,1.0,nan,nan
8.0,ppo,nan,4.0,1.0,4.0,0.4446348451864036,0.9974084065552726,0.9979668646490928,1.0,nan,nan
8.0,ppo,nan,5.0,1.0,5.0,0.4475722337402546,0.99706041261257,0.9970537257813681,1.0,nan,nan
8.0,ppo,nan,6.0,1.0,6.0,0.4485464349391473,0.9933854002395055,0.9955411849783711,1.0,nan,nan
8.0,ppo,nan,7.0,1.0,7.0,0.4497077041905436,0.9908787874640553,0.988080169200421,1.0,nan,nan
8.0,ppo,nan,8.0,1.0,8.0,0.45192256798174474,0.9892508688862239,0.9836572212288188,1.0,nan,nan
8.0,ppo,nan,9.0,2.0,1.0,0.4537567849139378,1.0,1.0,1.0,nan,nan
8.0,ppo,nan,10.0,2.0,2.0,0.45592885370249325,0.9986084389020403,0.9987742685206544,1.0,nan,nan
8.0,ppo,nan,11.0,2.0,3.0,0.4589204180572126,0.998203285968076,0.9982782956144923,1.0,nan,nan
8.0,ppo,nan,12.0,2.0,4.0,0.4604565426004939,0.9957302828396499,0.9958381149193041,1.0,nan,nan
8.0,ppo,nan,13.0,2.0,5.0,0.4618641506851357,0.9938265296766774,0.9960951976444271,1.0,nan,nan
8.0,ppo,nan,14.0,2.0,6.0,0.4635826203224034,0.9931674746700425,0.9930128495328208,1.0,nan,nan
8.0,ppo,nan,15.0,2.0,7.0,0.4650236873824867,0.9871202656635649,0.9861337449742923,1.0,nan,nan
8.0,ppo,nan,16.0,2.0,8.0,0.4668773806804948,0.9862120743439061,0.9870716054564833,1.0,nan,nan
8.0,ppo,nan,17.0,3.0,1.0,0.46828942134988083,1.0,1.0,1.0,nan,nan
8.0,ppo,nan,18.0,3.0,2.0,0.4692636672917342,0.998765576390276,0.9988694865835458,1.0,nan,nan
8.0,ppo,nan,19.0,3.0,3.0,0.47097520022929895,0.997573100957352,0.997770538787586,1.0,nan,nan
8.0,ppo,nan,20.0,3.0,4.0,0.4718848864958897,0.996617090430081,0.997326518902545,1.0,nan,nan
8.0,ppo,nan,21.0,3.0,5.0,0.47349846446298094,0.993232446327104,0.9939156815222348,1.0,nan,nan
8.0,ppo,nan,22.0,3.0,6.0,0.475315104190137,0.9935536787238958,0.993398816789511,1.0,nan,nan
8.0,ppo,nan,23.0,3.0,7.0,0.4774684578354122,0.9928783788599835,0.9942800668096043,1.0,nan,nan
8.0,ppo,nan,24.0,3.0,8.0,0.47853583119193743,0.9900755251154197,0.9894748465154064,1.0,nan,nan
8.0,ppo,nan,25.0,4.0,1.0,0.47945750484520183,1.0,1.0,1.0,nan,nan
8.0,ppo,nan,26.0,4.0,2.0,0.4810639099645223,0.9994026594552285,0.9993169455859544,1.0,nan,nan
8.0,ppo,nan,27.0,4.0,3.0,0.483025733583602,0.9987004185894087,0.9984575127358688,1.0,nan,nan
8.0,ppo,nan,28.0,4.0,4.0,0.4850138597785384,0.9980320734446069,0.9978738017765694,1.0,nan,nan
8.0,ppo,nan,29.0,4.0,5.0,0.4866436717125857,0.9967503579989279,0.9972747702216139,1.0,nan,nan
8.0,ppo,nan,30.0,4.0,6.0,0.48746982303295483,0.9970275329946666,0.9970200686943881,1.0,nan,nan
8.0,ppo,nan,31.0,4.0,7.0,0.48890203318610337,0.9967726766848198,0.9968305868389837,1.0,nan,nan
8.0,ppo,nan,32.0,4.0,8.0,0.4901401276007515,0.9953518219170046,0.9961681246723374,1.0,nan,nan
8.0,ppo,nan,33.0,5.0,1.0,0.49127615956838194,1.0,1.0,1.0,nan,nan
8.0,ppo,nan,34.0,5.0,2.0,0.4928339255096815,0.9995963045728277,0.999534644520859,1.0,nan,nan
8.0,ppo,nan,35.0,5.0,3.0,0.4941775819521776,0.9966874758877974,0.9978212214234093,1.0,nan,nan
8.0,ppo,nan,36.0,5.0,4.0,0.495665645102099,0.9935799740822459,0.991521079215803,1.0,nan,nan
8.0,ppo,nan,37.0,5.0,5.0,0.49742585593900257,0.992714118589252,0.9952416194428473,1.0,nan,nan
8.0,ppo,nan,38.0,5.0,6.0,0.498115442872539,0.991223476491809,0.9926351595530521,1.0,nan,nan
8.0,ppo,nan,39.0,5.0,7.0,0.4998949611856888,0.9926363528796247,0.9921887461214198,1.0,nan,nan
8.0,ppo,nan,40.0,5.0,8.0,0.5010150918189771,0.9932286299950885,0.9951983592203043,1.0,nan,nan
8.0,mse_oracle,nan,0.0,0.0,0.0,0.4381825474072605,1.0,1.0,0.0,nan,nan
8.0,mse_oracle,nan,1.0,1.0,1.0,0.43826033217885735,1.0,1.0,0.0,0.06706072794876566,0.06706072794876566
8.0,mse_oracle,nan,2.0,1.0,2.0,0.439907753115119,0.9979090991254261,0.9984468661943363,0.0,0.06733916161254508,0.06733916161254508
8.0,mse_oracle,nan,3.0,1.0,3.0,0.44330772305686866,0.9965008303030811,0.9958932258788802,0.0,0.06713946667666493,0.06713946667666493
8.0,mse_oracle,nan,4.0,1.0,4.0,0.4446348451864036,0.9974084065552726,0.9979668646490928,0.0,0.06633048607059486,0.06633048607059486
8.0,mse_oracle,nan,5.0,1.0,5.0,0.4475722337402546,0.99706041261257,0.9970537257813681,0.0,0.0660352182548317,0.0660352182548317
8.0,mse_oracle,nan,6.0,1.0,6.0,0.4485464349391473,0.9933854002395055,0.9955411849783711,1.0,0.06531769489351533,0.06424377207679807
8.0,mse_oracle,nan,7.0,1.0,7.0,0.4497077041905436,0.9908787874640553,0.988080169200421,1.0,0.06506048835357839,0.06365353899891386
8.0,mse_oracle,nan,8.0,1.0,8.0,0.45192256798174474,0.9892508688862239,0.9836572212288188,1.0,0.06491334180255846,0.06293106357408011
8.0,mse_oracle,nan,9.0,2.0,1.0,0.4537567849139378,1.0,1.0,0.0,0.06800703540627469,0.06800703540627469
8.0,mse_oracle,nan,10.0,2.0,2.0,0.45592885370249325,0.9986084389020403,0.9987742685206544,0.0,0.06753486092559742,0.06753486092559742
8.0,mse_oracle,nan,11.0,2.0,3.0,0.4589204180572126,0.998203285968076,0.9982782956144923,0.0,0.06720244668174982,0.06720244668174982
8.0,mse_oracle,nan,12.0,2.0,4.0,0.4604565426004939,0.9957302828396499,0.9958381149193041,1.0,0.06685647701796382,0.0668547843585834
8.0,mse_oracle,nan,13.0,2.0,5.0,0.4618641506851357,0.9938265296766774,0.9960951976444271,1.0,0.06634580039871704,0.06607803159790131
8.0,mse_oracle,nan,14.0,2.0,6.0,0.4635826203224034,0.9931674746700425,0.9930128495328208,1.0,0.06585877202991117,0.06515776379086458
8.0,mse_oracle,nan,15.0,2.0,7.0,0.4650236873824867,0.9871202656635649,0.9861337449742923,1.0,0.06557120334927392,0.06342803138543024
8.0,mse_oracle,nan,16.0,2.0,8.0,0.4668773806804948,0.9862120743439061,0.9870716054564833,1.0,0.06512237753007583,0.06315410942534483
8.0,mse_oracle,nan,17.0,3.0,1.0,0.46828942134988083,1.0,1.0,0.0,0.06901261789104085,0.06901261789104085
8.0,mse_oracle,nan,18.0,3.0,2.0,0.4692636672917342,0.998765576390276,0.9988694865835458,0.0,0.06921567677089145,0.06921567677089145
8.0,mse_oracle,nan,19.0,3.0,3.0,0.47097520022929895,0.997573100957352,0.997770538787586,0.0,0.06950153903206237,0.06950153903206237
8.0,mse_oracle,nan,20.0,3.0,4.0,0.4718848864958897,0.996617090430081,0.997326518902545,0.0,0.06924465642967373,0.06924465642967373
8.0,mse_oracle,nan,21.0,3.0,5.0,0.47349846446298094,0.993232446327104,0.9939156815222348,1.0,0.06974844506598492,0.06876742367808505
8.0,mse_oracle,nan,22.0,3.0,6.0,0.475315104190137,0.9935536787238958,0.993398816789511,1.0,0.0699334742643398,0.06956315105518136
8.0,mse_oracle,nan,23.0,3.0,7.0,0.4774684578354122,0.9928783788599835,0.9942800668096043,1.0,0.06979374579991156,0.06910624714248689
8.0,mse_oracle,nan,24.0,3.0,8.0,0.47853583119193743,0.9900755251154197,0.9894748465154064,1.0,0.06933159505674527,0.06771424668336831
8.0,mse_oracle,nan,25.0,4.0,1.0,0.47945750484520183,1.0,1.0,0.0,0.06990731027706827,0.06990731027706827
8.0,mse_oracle,nan,26.0,4.0,2.0,0.4810639099645223,0.9994026594552285,0.9993169455859544,0.0,0.07021672072373146,0.07021672072373146
8.0,mse_oracle,nan,27.0,4.0,3.0,0.483025733583602,0.9987004185894087,0.9984575127358688,0.0,0.06998470740887666,0.06998470740887666
8.0,mse_oracle,nan,28.0,4.0,4.0,0.4850138597785384,0.9980320734446069,0.9978738017765694,0.0,0.06893659629268825,0.06893659629268825
8.0,mse_oracle,nan,29.0,4.0,5.0,0.4866436717125857,0.9967503579989279,0.9972747702216139,1.0,0.0680018798478266,0.06781681454097852
8.0,mse_oracle,nan,30.0,4.0,6.0,0.48746982303295483,0.9970275329946666,0.9970200686943881,1.0,0.06748948201411593,0.06740078868081398
8.0,mse_oracle,nan,31.0,4.0,7.0,0.48890203318610337,0.9967726766848198,0.9968305868389837,1.0,0.06773998259073169,0.067696674227693
8.0,mse_oracle,nan,32.0,4.0,8.0,0.4901401276007515,0.9953518219170046,0.9961681246723374,1.0,0.06727779143550978,0.06693080658680077
8.0,mse_oracle,nan,33.0,5.0,1.0,0.49127615956838194,1.0,1.0,0.0,0.070545283477284,0.070545283477284
8.0,mse_oracle,nan,34.0,5.0,2.0,0.4928339255096815,0.9995963045728277,0.999534644520859,0.0,0.07023748571454835,0.07023748571454835
8.0,mse_oracle,nan,35.0,5.0,3.0,0.4941775819521776,0.9966874758877974,0.9978212214234093,0.0,0.06985861135817825,0.06985861135817825
8.0,mse_oracle,nan,36.0,5.0,4.0,0.495665645102099,0.9935799740822459,0.991521079215803,1.0,0.06959556377011553,0.068933168100039
8.0,mse_oracle,nan,37.0,5.0,5.0,0.49742585593900257,0.992714118589252,0.9952416194428473,1.0,0.06924715869064504,0.06826662514254403
8.0,mse_oracle,nan,38.0,5.0,6.0,0.498115442872539,0.991223476491809,0.9926351595530521,1.0,0.06815157250813873,0.06623930119510023
8.0,mse_oracle,nan,39.0,5.0,7.0,0.4998949611856888,0.9926363528796247,0.9921887461214198,1.0,0.06835830150976738,0.06714059365153613
8.0,mse_oracle,nan,40.0,5.0,8.0,0.5010150918189771,0.9932286299950885,0.9951983592203043,1.0,0.06737572884028833,0.06609157750218826
9.0,raw,nan,0.0,0.0,0.0,0.4381825474072605,1.0,1.0,0.0,nan,nan
9.0,raw,nan,1.0,1.0,1.0,0.4406848016893897,1.0,0.9999999999999999,0.0,nan,nan
9.0,raw,nan,2.0,1.0,2.0,0.44150969120512346,0.9988563131039596,0.9992469016292439,0.0,nan,nan
9.0,raw,nan,3.0,1.0,3.0,0.44360165323990797,0.9984390101515791,0.9981945847664948,0.0,nan,nan
9.0,raw,nan,4.0,1.0,4.0,0.44484893571321255,0.9968587193933179,0.9977950939530116,0.0,nan,nan
9.0,raw,nan,5.0,1.0,5.0,0.44817482783907714,0.9957149664160938,0.996248980438003,0.0,nan,nan
9.0,raw,nan,6.0,1.0,6.0,0.4496511206587534,0.9927876884612814,0.9917193563585763,0.0,nan,nan
9.0,raw,nan,7.0,1.0,7.0,0.4521990125618273,0.9898716569602652,0.9890570245841396,0.0,nan,nan
9.0,raw,nan,8.0,1.0,8.0,0.45421711330723485,0.9864938905882634,0.9803596258179076,0.0,nan,nan
9.0,raw,nan,9.0,2.0,1.0,0.4567491077818658,1.0,1.0000000000000002,0.0,nan,nan
9.0,raw,nan,10.0,2.0,2.0,0.45777226859117603,0.9974254520696048,0.9975172036681994,0.0,nan,nan
9.0,raw,nan,11.0,2.0,3.0,0.45895996365632064,0.9965533534179075,0.9952615413387506,0.0,nan,nan
9.0,raw,nan,12.0,2.0,4.0,0.46024816196250057,0.9905731241584474,0.9906664518628013,0.0,nan,nan
9.0,raw,nan,13.0,2.0,5.0,0.4607409478624433,0.9917051120791753,0.9936797871860473,0.0,nan,nan
9.0,raw,nan,14.0,2.0,6.0,0.46268230193854865,0.9879161685262168,0.9879356602199227,0.0,nan,nan
9.0,raw,nan,15.0,2.0,7.0,0.465240856934946,0.9889274927354088,0.9923913653611925,0.0,nan,nan
9.0,raw,nan,16.0,2.0,8.0,0.4666887355278894,0.9908330486917133,0.9916929806829268,0.0,nan,nan
9.0,raw,nan,17.0,3.0,1.0,0.46862251907732666,1.0,1.0000000000000002,0.0,nan,nan
9.0,raw,nan,18.0,3.0,2.0,0.4704861376691157,0.9983163211046381,0.9988230837275959,0.0,nan,nan
9.0,raw,nan,19.0,3.0,3.0,0.4722383061632321,0.9977328899957301,0.9976521719918103,0.0,nan,nan
9.0,raw,nan,20.0,3.0,4.0,0.47436563780312785,0.9926211074644425,0.9891528407082018,0.0,nan,nan
9.0,raw,nan,21.0,3.0,5.0,0.47593500021435375,0.990310168058612,0.9868692585996681,0.0,nan,nan
9.0,raw,nan,22.0,3.0,6.0,0.47806546607914674,0.9853380621024553,0.9864773666793261,0.0,nan,nan
9.0,raw,nan,23.0,3.0,7.0,0.4792883239102993,0.9874927423679524,0.9876859710513886,0.0,nan,nan
9.0,raw,nan,24.0,3.0,8.0,0.4807846364160577,0.9887829741367474,0.9874710035027305,0.0,nan,nan
9.0,raw,nan,25.0,4.0,1.0,0.48255630589566834,1.0,1.0,0.0,nan,nan
9.0,raw,nan,26.0,4.0,2.0,0.4839536368398676,0.9985648436188456,0.9990161620623496,0.0,nan,nan
9.0,raw,nan,27.0,4.0,3.0,0.48548978854884456,0.9990566661714153,0.9989978272505012,0.0,nan,nan
9.0,raw,nan,28.0,4.0,4.0,0.4863517446457172,0.9981340208884042,0.9980075325135136,0.0,nan,nan
9.0,raw,nan,29.0,4.0,5.0,0.48790281577215955,0.9962774323196414,0.9962896341595845,0.0,nan,nan
9.0,raw,nan,30.0,4.0,6.0,0.4890118500805023,0.993745155336745,0.9938526607165787,0.0,nan,nan
9.0,raw,nan,31.0,4.0,7.0,0.49060800607515753,0.9914767318661277,0.9918709968967535,0.0,nan,nan
9.0,raw,nan,32.0,4.0,8.0,0.4917643937534119,0.9944392440732827,0.9922235553716893,0.0,nan,nan
9.0,raw,nan,33.0,5.0,1.0,0.4938372978229705,1.0,0.9999999999999999,0.0,nan,nan
9.0,raw,nan,34.0,5.0,2.0,0.4947795239744428,0.9976112757035306,0.996543590925931,0.0,nan,nan
9.0,raw,nan,35.0,5.0,3.0,0.49559820356424233,0.9952807851666916,0.9973146645180652,0.0,nan,nan
9.0,raw,nan,36.0,5.0,4.0,0.49643617132506496,0.9967352395887651,0.9973210185604219,0.0,nan,nan
9.0,raw,nan,37.0,5.0,5.0,0.497390262669697,0.9956992925626257,0.996869963989192,0.0,nan,nan
9.0,raw,nan,38.0,5.0,6.0,0.4995947702413963,0.9944636870202578,0.9963849149035651,0.0,nan,nan
9.0,raw,nan,39.0,5.0,7.0,0.5008283881848735,0.9947511336519703,0.9938961957741138,0.0,nan,nan
9.0,raw,nan,40.0,5.0,8.0,0.5015788649193839,0.989636317872341,0.9842532390213014,0.0,nan,nan
9.0,ppo,nan,0.0,0.0,0.0,0.4381825474072605,1.0,1.0,0.0,nan,nan
9.0,ppo,nan,1.0,1.0,1.0,0.4406848016893897,1.0,0.9999999999999999,1.0,nan,nan
9.0,ppo,nan,2.0,1.0,2.0,0.44150969120512346,0.9988563131039596,0.9992469016292439,1.0,nan,nan
9.0,ppo,nan,3.0,1.0,3.0,0.44360165323990797,0.9984390101515791,0.9981945847664948,1.0,nan,nan
9.0,ppo,nan,4.0,1.0,4.0,0.44484893571321255,0.9968587193933179,0.9977950939530116,1.0,nan,nan
9.0,ppo,nan,5.0,1.0,5.0,0.44817482783907714,0.9957149664160938,0.996248980438003,1.0,nan,nan
9.0,ppo,nan,6.0,1.0,6.0,0.4496511206587534,0.9927876884612814,0.9917193563585763,1.0,nan,nan
9.0,ppo,nan,7.0,1.0,7.0,0.452233959457253,0.9898716569602652,0.9890570245841396,1.0,nan,nan
9.0,ppo,nan,8.0,1.0,8.0,0.4534873170588945,0.9883130608579412,0.9820824190617418,1.0,nan,nan
9.0,ppo,nan,9.0,2.0,1.0,0.4560535229989447,1.0,1.0,1.0,nan,nan
9.0,ppo,nan,10.0,2.0,2.0,0.4572321503941311,0.9974284013883755,0.9974754758602938,1.0,nan,nan
9.0,ppo,nan,11.0,2.0,3.0,0.4586873092910248,0.9969209600405369,0.99514720188656,1.0,nan,nan
9.0,ppo,nan,12.0,2.0,4.0,0.45993352164424023,0.9920771175445751,0.9918425841370784,1.0,nan,nan
9.0,ppo,nan,13.0,2.0,5.0,0.4605083665547675,0.9931414933989935,0.9947631204801817,1.0,nan,nan
9.0,ppo,nan,14.0,2.0,6.0,0.4620969597755781,0.9893984198673397,0.989106441402678,1.0,nan,nan
9.0,ppo,nan,15.0,2.0,7.0,0.46459855417192436,0.9915724852229246,0.9947692709820519,1.0,nan,nan
9.0,ppo,nan,16.0,2.0,8.0,0.46602308060046765,0.9930683524607499,0.9942432303485212,1.0,nan,nan
9.0,ppo,nan,17.0,3.0,1.0,0.467761796970174,1.0,1.0,1.0,nan,nan
9.0,ppo,nan,18.0,3.0,2.0,0.4696232218901466,0.9986913440798394,0.9991262481905282,1.0,nan,nan
9.0,ppo,nan,19.0,3.0,3.0,0.47112048234872966,0.9982318507477136,0.9981918692916142,1.0,nan,nan
9.0,ppo,nan,20.0,3.0,4.0,0.47317362763458987,0.9934150349215455,0.9901236817437524,1.0,nan,nan
9.0,ppo,nan,21.0,3.0,5.0,0.47484001380390384,0.9917960843837229,0.989162297332827,1.0,nan,nan
9.0,ppo,nan,22.0,3.0,6.0,0.4769572138851151,0.9882023791655541,0.9878144597766675,1.0,nan,nan
9.0,ppo,nan,23.0,3.0,7.0,0.47811653840936513,0.9907752867278654,0.989913665860236,1.0,nan,nan
9.0,ppo,nan,24.0,3.0,8.0,0.4795357457194774,0.9928237428398557,0.992247404205692,1.0,nan,nan
9.0,ppo,nan,25.0,4.0,1.0,0.4815361013212931,1.0,1.0,1.0,nan,nan
9.0,ppo,nan,26.0,4.0,2.0,0.48290151627835204,0.9985223324186274,0.9990491071319788,1.0,nan,nan
9.0,ppo,nan,27.0,4.0,3.0,0.48445330269775405,0.9989414106608729,0.9989771546541772,1.0,nan,nan
9.0,ppo,nan,28.0,4.0,4.0,0.4851023545477601,0.9977208238059281,0.9978073570879655,1.0,nan,nan
9.0,ppo,nan,29.0,4.0,5.0,0.4864273289792562,0.9960464161385546,0.9958537847296314,1.0,nan,nan
9.0,ppo,nan,30.0,4.0,6.0,0.48736201247471767,0.9931044809371512,0.9933869229611872,1.0,nan,nan
9.0,ppo,nan,31.0,4.0,7.0,0.4892712822951668,0.989714315007741,0.9902424426367522,1.0,nan,nan
9.0,ppo,nan,32.0,4.0,8.0,0.49047090530632215,0.9951685232708581,0.9934935566608384,1.0,nan,nan
9.0,ppo,nan,33.0,5.0,1.0,0.4928630538958167,1.0,1.0,1.0,nan,nan
9.0,ppo,nan,34.0,5.0,2.0,0.4940588741809669,0.9969836131975595,0.9949593265967172,1.0,nan,nan
9.0,ppo,nan,35.0,5.0,3.0,0.49487302643255426,0.9940300571035028,0.9966406848955495,1.0,nan,nan
9.0,ppo,nan,36.0,5.0,4.0,0.49585401718873734,0.9954881038332778,0.9965473678298972,1.0,nan,nan
9.0,ppo,nan,37.0,5.0,5.0,0.4971112769974478,0.9948496298362172,0.9948090338062736,1.0,nan,nan
9.0,ppo,nan,38.0,5.0,6.0,0.49922602610641303,0.9942036852548396,0.9966345321064172,1.0,nan,nan
9.0,ppo,nan,39.0,5.0,7.0,0.5006041116737732,0.9955072010247792,0.9936528186720939,1.0,nan,nan
9.0,ppo,nan,40.0,5.0,8.0,0.5020121788669688,0.9924870547986724,0.9901783329829349,1.0,nan,nan
9.0,mse_oracle,nan,0.0,0.0,0.0,0.4381825474072605,1.0,1.0,0.0,nan,nan
9.0,mse_oracle,nan,1.0,1.0,1.0,0.4406848016893897,1.0,0.9999999999999999,0.0,0.06706072794876566,0.06706072794876566
9.0,mse_oracle,nan,2.0,1.0,2.0,0.44150969120512346,0.9988563131039596,0.9992469016292439,0.0,0.0664553190537485,0.0664553190537485
9.0,mse_oracle,nan,3.0,1.0,3.0,0.44360165323990797,0.9984390101515791,0.9981945847664948,0.0,0.06648703510694402,0.06648703510694402
9.0,mse_oracle,nan,4.0,1.0,4.0,0.44484893571321255,0.9968587193933179,0.9977950939530116,0.0,0.06591236692679057,0.06591236692679057
9.0,mse_oracle,nan,5.0,1.0,5.0,0.44817482783907714,0.9957149664160938,0.996248980438003,1.0,0.06564038145889696,0.0655759944333275
9.0,mse_oracle,nan,6.0,1.0,6.0,0.4496511206587534,0.9927876884612814,0.9917193563585763,1.0,0.06507442530246912,0.06392071182644816
9.0,mse_oracle,nan,7.0,1.0,7.0,0.452233959457253,0.9898716569602652,0.9890570245841396,1.0,0.06484276677193317,0.06329568945087692
9.0,mse_oracle,nan,8.0,1.0,8.0,0.4534873170588945,0.9883130608579412,0.9820824190617418,1.0,0.0641842514367614,0.06357760623944557
9.0,mse_oracle,nan,9.0,2.0,1.0,0.4560535229989447,1.0,1.0,0.0,0.06815980497863747,0.06815980497863747
9.0,mse_oracle,nan,10.0,2.0,2.0,0.4572321503941311,0.9974284013883755,0.9974754758602938,0.0,0.06741719543269806,0.06741719543269806
9.0,mse_oracle,nan,11.0,2.0,3.0,0.4586873092910248,0.9969209600405369,0.99514720188656,0.0,0.06705543223188867,0.06705543223188867
9.0,mse_oracle,nan,12.0,2.0,4.0,0.45993352164424023,0.9920771175445751,0.9918425841370784,1.0,0.0666533418227553,0.06562732413699114
9.0,mse_oracle,nan,13.0,2.0,5.0,0.4605083665547675,0.9931414933989935,0.9947631204801817,1.0,0.06653770080295798,0.06561011788126939
9.0,mse_oracle,nan,14.0,2.0,6.0,0.4620969597755781,0.9893984198673397,0.989106441402678,1.0,0.06639899913176352,0.06423033952350178
9.0,mse_oracle,nan,15.0,2.0,7.0,0.46459855417192436,0.9915724852229246,0.9947692709820519,1.0,0.06594810513990162,0.06440603796275197
9.0,mse_oracle,nan,16.0,2.0,8.0,0.46602308060046765,0.9930683524607499,0.9942432303485212,1.0,0.06553341116687074,0.0643413535988213
9.0,mse_oracle,nan,17.0,3.0,1.0,0.467761796970174,1.0,1.0,0.0,0.06888566110279142,0.06888566110279142
9.0,mse_oracle,nan,18.0,3.0,2.0,0.4696232218901466,0.9986913440798394,0.9991262481905282,0.0,0.06849022454017793,0.06849022454017793
9.0,mse_oracle,nan,19.0,3.0,3.0,0.47112048234872966,0.9982318507477136,0.9981918692916142,0.0,0.06827722683593784,0.06827722683593784
9.0,mse_oracle,nan,20.0,3.0,4.0,0.47317362763458987,0.9934150349215455,0.9901236817437524,1.0,0.06844170637309935,0.06814287079364748
9.0,mse_oracle,nan,21.0,3.0,5.0,0.47484001380390384,0.9917960843837229,0.989162297332827,1.0,0.06784527430518322,0.06669532159131882
9.0,mse_oracle,nan,22.0,3.0,6.0,0.4769572138851151,0.9882023791655541,0.9878144597766675,1.0,0.06756321563175674,0.06567876074174761
9.0,mse_oracle,nan,23.0,3.0,7.0,0.47811653840936513,0.9907752867278654,0.989913665860236,1.0,0.06715579388949938,0.06538090956320614
9.0,mse_oracle,nan,24.0,3.0,8.0,0.4795357457194774,0.9928237428398557,0.992247404205692,1.0,0.06667036402166639,0.06559033495702586
9.0,mse_oracle,nan,25.0,4.0,1.0,0.4815361013212931,1.0,1.0,0.0,0.06990672179792208,0.06990672179792208
9.0,mse_oracle,nan,26.0,4.0,2.0,0.48290151627835204,0.9985223324186274,0.9990491071319788,0.0,0.06879730804285668,0.06879730804285668
9.0,mse_oracle,nan,27.0,4.0,3.0,0.48445330269775405,0.9989414106608729,0.9989771546541772,0.0,0.0685282401921645,0.0685282401921645
9.0,mse_oracle,nan,28.0,4.0,4.0,0.4851023545477601,0.9977208238059281,0.9978073570879655,0.0,0.06822256613247121,0.06822256613247121
9.0,mse_oracle,nan,29.0,4.0,5.0,0.4864273289792562,0.9960464161385546,0.9958537847296314,0.0,0.06831297106928745,0.06831297106928745
9.0,mse_oracle,nan,30.0,4.0,6.0,0.48736201247471767,0.9931044809371512,0.9933869229611872,1.0,0.0679844981403306,0.06738396563912155
9.0,mse_oracle,nan,31.0,4.0,7.0,0.4892712822951668,0.989714315007741,0.9902424426367522,1.0,0.06810113998655057,0.06634506641084544
9.0,mse_oracle,nan,32.0,4.0,8.0,0.49047090530632215,0.9951685232708581,0.9934935566608384,1.0,0.06721619202181599,0.06631003840543906
9.0,mse_oracle,nan,33.0,5.0,1.0,0.4928630538958167,1.0,1.0,0.0,0.07026894819791207,0.07026894819791207
9.0,mse_oracle,nan,34.0,5.0,2.0,0.4940588741809669,0.9969836131975595,0.9949593265967172,1.0,0.07087567180437229,0.07080116751318832
9.0,mse_oracle,nan,35.0,5.0,3.0,0.49487302643255426,0.9940300571035028,0.9966406848955495,1.0,0.06990162964741062,0.06950578327357873
9.0,mse_oracle,nan,36.0,5.0,4.0,0.49585401718873734,0.9954881038332778,0.9965473678298972,1.0,0.06919935454289694,0.06832620122864386
9.0,mse_oracle,nan,37.0,5.0,5.0,0.4971112769974478,0.9948496298362172,0.9948090338062736,1.0,0.06875870922415948,0.06767113018639939
9.0,mse_oracle,nan,38.0,5.0,6.0,0.49922602610641303,0.9942036852548396,0.9966345321064172,1.0,0.06875569520913972,0.06752715574390657
9.0,mse_oracle,nan,39.0,5.0,7.0,0.5006041116737732,0.9955072010247792,0.9936528186720939,1.0,0.06788620120735393,0.06715049109747591
9.0,mse_oracle,nan,40.0,5.0,8.0,0.5020121788669688,0.9924870547986724,0.9901783329829349,1.0,0.06768823580045893,0.06623421741207557
10.0,raw,nan,0.0,0.0,0.0,0.4381825474072605,1.0,1.0,0.0,nan,nan
10.0,raw,nan,1.0,1.0,1.0,0.4388911437464608,1.0,1.0000000000000002,0.0,nan,nan
10.0,raw,nan,2.0,1.0,2.0,0.4410581406996237,0.9992565496409395,0.9994637400628753,0.0,nan,nan
10.0,raw,nan,3.0,1.0,3.0,0.4435899955444679,0.9961362612440542,0.9967591657196911,0.0,nan,nan
10.0,raw,nan,4.0,1.0,4.0,0.44551921146799434,0.9952574765088417,0.9941237236578249,0.0,nan,nan
10.0,raw,nan,5.0,1.0,5.0,0.44800222838457493,0.9954054181957859,0.9946010553546788,0.0,nan,nan
10.0,raw,nan,6.0,1.0,6.0,0.44987516716398596,0.9929298955246953,0.9910537502506929,0.0,nan,nan
10.0,raw,nan,7.0,1.0,7.0,0.4526527875368259,0.9894982206474884,0.9877682527040424,0.0,nan,nan
10.0,raw,nan,8.0,1.0,8.0,0.4544142955977772,0.9830634122108642,0.9906909336412534,0.0,nan,nan
10.0,raw,nan,9.0,2.0,1.0,0.45591660387161914,1.0,1.0,0.0,nan,nan
10.0,raw,nan,10.0,2.0,2.0,0.45783933093391327,0.9971969071332375,0.9965864333837449,0.0,nan,nan
10.0,raw,nan,11.0,2.0,3.0,0.45880203829328,0.9941939385955061,0.9939225257466484,0.0,nan,nan
10.0,raw,nan,12.0,2.0,4.0,0.46089996372044995,0.9940447565764055,0.9932418240644657,0.0,nan,nan
10.0,raw,nan,13.0,2.0,5.0,0.4632023600773684,0.9943478078104081,0.9944186169907588,0.0,nan,nan
10.0,raw,nan,14.0,2.0,6.0,0.46398810339475416,0.992366148550349,0.9897868333804605,0.0,nan,nan
10.0,raw,nan,15.0,2.0,7.0,0.46520665602615,0.993137104324417,0.9914869587803833,0.0,nan,nan
10.0,raw,nan,16.0,2.0,8.0,0.46687773111539405,0.990391973159558,0.9884169910923436,0.0,nan,nan
10.0,raw,nan,17.0,3.0,1.0,0.4677435604840379,1.0,1.0,0.0,nan,nan
10.0,raw,nan,18.0,3.0,2.0,0.4690442938176217,0.998916085128612,0.999078525020581,0.0,nan,nan
10.0,raw,nan,19.0,3.0,3.0,0.47022604612711055,0.9980417479225467,0.9978671295710331,0.0,nan,nan
10.0,raw,nan,20.0,3.0,4.0,0.47179222895077777,0.9966596060417428,0.9974664535496147,0.0,nan,nan
10.0,raw,nan,21.0,3.0,5.0,0.47424703708623295,0.9969579902367307,0.9972308355107797,0.0,nan,nan
10.0,raw,nan,22.0,3.0,6.0,0.4758853655881457,0.9968235931059837,0.997560064445689,0.0,nan,nan
10.0,raw,nan,23.0,3.0,7.0,0.47760832673298975,0.9957605793894975,0.9953662358317225,0.0,nan,nan
10.0,raw,nan,24.0,3.0,8.0,0.479540374459159,0.993532846756858,0.9930516224909788,0.0,nan,nan
10.0,raw,nan,25.0,4.0,1.0,0.4806941284117229,1.0,1.0,0.0,nan,nan
10.0,raw,nan,26.0,4.0,2.0,0.4828375294888279,0.9997306848681758,0.9997593917669187,0.0,nan,nan
10.0,raw,nan,27.0,4.0,3.0,0.4845132940700859,0.9985209367334199,0.9982086081382613,0.0,nan,nan
10.0,raw,nan,28.0,4.0,4.0,0.48580375311293283,0.9960576295204481,0.9959010606344328,0.0,nan,nan
10.0,raw,nan,29.0,4.0,5.0,0.48759243965062515,0.9939851991221604,0.9941975520042067,0.0,nan,nan
10.0,raw,nan,30.0,4.0,6.0,0.4893040850793306,0.9934228055069059,0.9925401632925255,0.0,nan,nan
10.0,raw,nan,31.0,4.0,7.0,0.49091516291538795,0.9905299559696834,0.9928618721921345,0.0,nan,nan
10.0,raw,nan,32.0,4.0,8.0,0.4921334725042326,0.9895386962822653,0.9898305545292454,0.0,nan,nan
10.0,raw,nan,33.0,5.0,1.0,0.4930527013766138,1.0,1.0,0.0,nan,nan
10.0,raw,nan,34.0,5.0,2.0,0.4946932100631156,0.9981301353732983,0.9985789792969694,0.0,nan,nan
10.0,raw,nan,35.0,5.0,3.0,0.4957538454634547,0.9951089912692529,0.9930472816351973,0.0,nan,nan
10.0,raw,nan,36.0,5.0,4.0,0.49730685897455695,0.9919595293820487,0.9932129373017482,0.0,nan,nan
10.0,raw,nan,37.0,5.0,5.0,0.4977530284481084,0.9931780493601197,0.9924099561488325,0.0,nan,nan
10.0,raw,nan,38.0,5.0,6.0,0.4990439069411146,0.9899764516154911,0.9891160822165167,0.0,nan,nan
10.0,raw,nan,39.0,5.0,7.0,0.4999067425986613,0.9896287204070904,0.9867578344949122,0.0,nan,nan
10.0,raw,nan,40.0,5.0,8.0,0.5020296639096242,0.9894845717911928,0.990803164672637,0.0,nan,nan
10.0,ppo,nan,0.0,0.0,0.0,0.4381825474072605,1.0,1.0,0.0,nan,nan
10.0,ppo,nan,1.0,1.0,1.0,0.4388911437464608,1.0,1.0000000000000002,1.0,nan,nan
10.0,ppo,nan,2.0,1.0,2.0,0.4410581406996237,0.9992565496409395,0.9994637400628753,1.0,nan,nan
10.0,ppo,nan,3.0,1.0,3.0,0.4435899955444679,0.9961362612440542,0.9967591657196911,1.0,nan,nan
10.0,ppo,nan,4.0,1.0,4.0,0.4454062422515592,0.9952574765088417,0.9941237236578249,1.0,nan,nan
10.0,ppo,nan,5.0,1.0,5.0,0.44785111095792124,0.9964061281848559,0.99582959729386,1.0,nan,nan
10.0,ppo,nan,6.0,1.0,6.0,0.4495440829134741,0.9936788160095091,0.992370691445484,1.0,nan,nan
10.0,ppo,nan,7.0,1.0,7.0,0.4522895000889272,0.9920962019264956,0.9906829120393805,1.0,nan,nan
10.0,ppo,nan,8.0,1.0,8.0,0.4536266058635435,0.987104308861452,0.9923782137886272,1.0,nan,nan
10.0,ppo,nan,9.0,2.0,1.0,0.45578677827287634,1.0,1.0000000000000002,1.0,nan,nan
10.0,ppo,nan,10.0,2.0,2.0,0.4576430533748975,0.9969531071933511,0.9962642786206372,1.0,nan,nan
10.0,ppo,nan,11.0,2.0,3.0,0.45837932069811566,0.9940927084182317,0.9948068539656034,1.0,nan,nan
10.0,ppo,nan,12.0,2.0,4.0,0.46043147871353207,0.9930664135576488,0.9920644157431444,1.0,nan,nan
10.0,ppo,nan,13.0,2.0,5.0,0.46274806021260906,0.9949111605399913,0.9956538772784654,1.0,nan,nan
10.0,ppo,nan,14.0,2.0,6.0,0.46345618750637196,0.992763887154067,0.9913371799350319,1.0,nan,nan
10.0,ppo,nan,15.0,2.0,7.0,0.4647146179494253,0.9949450199595324,0.9943008535237169,1.0,nan,nan
10.0,ppo,nan,16.0,2.0,8.0,0.4663609923947139,0.9921639133825115,0.9922689549328073,1.0,nan,nan
10.0,ppo,nan,17.0,3.0,1.0,0.4677413608698237,1.0,1.0,1.0,nan,nan
10.0,ppo,nan,18.0,3.0,2.0,0.46919268895315575,0.9995203327738704,0.9994714066064065,1.0,nan,nan
10.0,ppo,nan,19.0,3.0,3.0,0.47019042021681134,0.9989039622073216,0.9991254849791161,1.0,nan,nan
10.0,ppo,nan,20.0,3.0,4.0,0.4721191810920987,0.9967022778703191,0.9977409395174094,1.0,nan,nan
10.0,ppo,nan,21.0,3.0,5.0,0.47443295789404405,0.9966840279937063,0.9960329053028941,1.0,nan,nan
10.0,ppo,nan,22.0,3.0,6.0,0.47591919544429906,0.996688775663533,0.9972838990197783,1.0,nan,nan
10.0,ppo,nan,23.0,3.0,7.0,0.4774085072658392,0.9969073866696155,0.9974927265325534,1.0,nan,nan
10.0,ppo,nan,24.0,3.0,8.0,0.4790646214679703,0.9961309834132177,0.9955869916732281,1.0,nan,nan
10.0,ppo,nan,25.0,4.0,1.0,0.48009458168388963,1.0,1.0,1.0,nan,nan
10.0,ppo,nan,26.0,4.0,2.0,0.48221314245367647,0.999802169699896,0.9998601673117196,1.0,nan,nan
10.0,ppo,nan,27.0,4.0,3.0,0.4835217882080853,0.9991276126938391,0.9987927793457329,1.0,nan,nan
10.0,ppo,nan,28.0,4.0,4.0,0.48506438253579764,0.996568085150765,0.9963145216997396,1.0,nan,nan
10.0,ppo,nan,29.0,4.0,5.0,0.48693437468917283,0.9951166741390409,0.9954304729858593,1.0,nan,nan
10.0,ppo,nan,30.0,4.0,6.0,0.48866483740279976,0.9934970758530284,0.9917936312797587,1.0,nan,nan
10.0,ppo,nan,31.0,4.0,7.0,0.4903859137222808,0.9903968458483273,0.9916855075333515,1.0,nan,nan
10.0,ppo,nan,32.0,4.0,8.0,0.49179984432191315,0.9907080879925974,0.9904616782982142,1.0,nan,nan
10.0,ppo,nan,33.0,5.0,1.0,0.49288777458569966,1.0,1.0000000000000002,1.0,nan,nan
10.0,ppo,nan,34.0,5.0,2.0,0.4946446399288744,0.9980259523924395,0.9983996032270773,1.0,nan,nan
10.0,ppo,nan,35.0,5.0,3.0,0.49583627060960517,0.9954875611924161,0.9933654494540162,1.0,nan,nan
10.0,ppo,nan,36.0,5.0,4.0,0.4972775495604145,0.9937113430662713,0.994971896038771,1.0,nan,nan
10.0,ppo,nan,37.0,5.0,5.0,0.4981167215465493,0.9948278330842238,0.9940005735070571,1.0,nan,nan
10.0,ppo,nan,38.0,5.0,6.0,0.4992701846352489,0.9924381164247724,0.9925772351220239,1.0,nan,nan
10.0,ppo,nan,39.0,5.0,7.0,0.5002104919130795,0.9923978060104035,0.9904580273867326,1.0,nan,nan
10.0,ppo,nan,40.0,5.0,8.0,0.5020930359662005,0.9930776352900701,0.9937947783354564,1.0,nan,nan
10.0,mse_oracle,nan,0.0,0.0,0.0,0.4381825474072605,1.0,1.0,0.0,nan,nan
10.0,mse_oracle,nan,1.0,1.0,1.0,0.4388911437464608,1.0,1.0000000000000002,0.0,0.06706072794876566,0.06706072794876566
10.0,mse_oracle,nan,2.0,1.0,2.0,0.4410581406996237,0.9992565496409395,0.9994637400628753,0.0,0.06711037429784221,0.06711037429784221
10.0,mse_oracle,nan,3.0,1.0,3.0,0.4435899955444679,0.9961362612440542,0.9967591657196911,1.0,0.06652651603333205,0.06633003746398256
10.0,mse_oracle,nan,4.0,1.0,4.0,0.4454062422515592,0.9952574765088417,0.9941237236578249,1.0,0.06597831607872638,0.06534216579300205
10.0,mse_oracle,nan,5.0,1.0,5.0,0.44785111095792124,0.9964061281848559,0.99582959729386,1.0,0.0656895175995584,0.06536647136103349
10.0,mse_oracle,nan,6.0,1.0,6.0,0.4495440829134741,0.9936788160095091,0.992370691445484,1.0,0.06526210944804124,0.06447732111153562
10.0,mse_oracle,nan,7.0,1.0,7.0,0.4522895000889272,0.9920962019264956,0.9906829120393805,1.0,0.06483517387975951,0.06364131085057073
10.0,mse_oracle,nan,8.0,1.0,8.0,0.45403834914351215,0.987104308861452,0.9923782137886272,0.0,0.06429750878682387,0.06487734139436828
10.0,mse_oracle,nan,9.0,2.0,1.0,0.4556468118613476,1.0,1.0000000000000002,0.0,0.06826659637921537,0.06826659637921537
10.0,mse_oracle,nan,10.0,2.0,2.0,0.4574610507593043,0.9971827615015865,0.9966584187146016,0.0,0.06748412369561871,0.06748412369561871
10.0,mse_oracle,nan,11.0,2.0,3.0,0.45826155590041956,0.9941113440729206,0.9944445733352274,1.0,0.06690298860266708,0.06673410258330424
10.0,mse_oracle,nan,12.0,2.0,4.0,0.46034814329059404,0.9932106169112773,0.9921755280965207,1.0,0.06710732975877945,0.06628717306177298
10.0,mse_oracle,nan,13.0,2.0,5.0,0.4626945811740674,0.9947938142295605,0.9956194510292357,1.0,0.06665127809645871,0.0659130704764124
10.0,mse_oracle,nan,14.0,2.0,6.0,0.46337192381120684,0.9940787837289915,0.9928623810260528,1.0,0.06591090935715116,0.06538708805901325
10.0,mse_oracle,nan,15.0,2.0,7.0,0.4646532415073858,0.9958931397139589,0.9947210175484075,1.0,0.06596185457618906,0.0658470053933933
10.0,mse_oracle,nan,16.0,2.0,8.0,0.4662232744183119,0.9933116785711893,0.9932860874414535,1.0,0.06580090282387638,0.06498889034305695
10.0,mse_oracle,nan,17.0,3.0,1.0,0.4674288311208821,1.0,1.0000000000000002,0.0,0.06895396050271027,0.06895396050271027
10.0,mse_oracle,nan,18.0,3.0,2.0,0.46893932352779233,0.9995958786140339,0.9994944320500215,0.0,0.06877115428787918,0.06877115428787918
10.0,mse_oracle,nan,19.0,3.0,3.0,0.469975784804826,0.9992742684886995,0.9992305079697782,0.0,0.06861933662482493,0.06861933662482493
10.0,mse_oracle,nan,20.0,3.0,4.0,0.4719262714622122,0.9970003032712347,0.9980820779907625,0.0,0.0690680873486923,0.0690680873486923
10.0,mse_oracle,nan,21.0,3.0,5.0,0.4742002112429404,0.9969403825780305,0.9968220690738108,0.0,0.06805144463694604,0.06805144463694604
10.0,mse_oracle,nan,22.0,3.0,6.0,0.4757206903721769,0.9964117704493,0.9968849191201946,1.0,0.06773587794770705,0.06756250234980049
10.0,mse_oracle,nan,23.0,3.0,7.0,0.47743491178455405,0.9967699993603926,0.997050088615276,0.0,0.06714665435681585,0.06714665435681585
10.0,mse_oracle,nan,24.0,3.0,8.0,0.4791444710950829,0.995674349616442,0.9952633708312216,1.0,0.06641419967751858,0.06617630023226061
10.0,mse_oracle,nan,25.0,4.0,1.0,0.4801297213103156,1.0,1.0,0.0,0.06982942215731182,0.06982942215731182
10.0,mse_oracle,nan,26.0,4.0,2.0,0.48225520180124465,0.9998025630427703,0.9998591914634204,0.0,0.06960196205537367,0.06960196205537367
10.0,mse_oracle,nan,27.0,4.0,3.0,0.48356357695148333,0.9991391677839226,0.9988189147180941,0.0,0.06892436423042012,0.06892436423042012
10.0,mse_oracle,nan,28.0,4.0,4.0,0.48505180189844077,0.9965926361341669,0.9963680980558803,1.0,0.06922026834288167,0.06896570027342046
10.0,mse_oracle,nan,29.0,4.0,5.0,0.4868287584932392,0.9951151045268459,0.9954254994880638,1.0,0.06854750156517986,0.06834495893384807
10.0,mse_oracle,nan,30.0,4.0,6.0,0.48848814911749544,0.9935181447574382,0.991791988402045,1.0,0.06762962822889737,0.06703805188823016
10.0,mse_oracle,nan,31.0,4.0,7.0,0.4902646303895709,0.9904411897481612,0.9917463617770752,1.0,0.06683410619000328,0.0647093255473293
10.0,mse_oracle,nan,32.0,4.0,8.0,0.49172782254358144,0.9907130980783465,0.9903839923106306,1.0,0.06623499765408761,0.0641289949926633
10.0,mse_oracle,nan,33.0,5.0,1.0,0.49286927795559987,1.0,1.0,0.0,0.07026434804250312,0.07026434804250312
10.0,mse_oracle,nan,34.0,5.0,2.0,0.494645778035778,0.9980148457820206,0.9983921175892501,0.0,0.07076634756225342,0.07076634756225342
10.0,mse_oracle,nan,35.0,5.0,3.0,0.4958872211306567,0.9954559212578359,0.9933593971262198,1.0,0.07019123871605358,0.0696638159577843
10.0,mse_oracle,nan,36.0,5.0,4.0,0.4973057705726377,0.9936203142005706,0.9949226127067095,1.0,0.07026946008479854,0.06945720134271241
10.0,mse_oracle,nan,37.0,5.0,5.0,0.4981577426346524,0.9947276703714957,0.9939429981609055,1.0,0.07002628901157769,0.0691437571641311
10.0,mse_oracle,nan,38.0,5.0,6.0,0.4993104564712665,0.9923126155288226,0.9925241540480976,1.0,0.06974120099194883,0.06933909741503166
10.0,mse_oracle,nan,39.0,5.0,7.0,0.5002582864582823,0.9922414621087715,0.9903897970310583,1.0,0.06957592544821298,0.06855810587827488
10.0,mse_oracle,nan,40.0,5.0,8.0,0.5021244728255114,0.9928924892430548,0.9936771029368254,1.0,0.06871066089775249,0.06762064093304544
11.0,raw,nan,0.0,0.0,0.0,0.4381825474072605,1.0,1.0,0.0,nan,nan
11.0,raw,nan,1.0,1.0,1.0,0.43972870424632493,1.0,1.0,0.0,nan,nan
11.0,raw,nan,2.0,1.0,2.0,0.44112450015010946,0.9989790486152933,0.9987686148549058,0.0,nan,nan
11.0,raw,nan,3.0,1.0,3.0,0.4412379938100003,0.9972945807375793,0.9979188088165083,0.0,nan,nan
11.0,raw,nan,4.0,1.0,4.0,0.44378940535959255,0.9980467920871273,0.9980913903712739,0.0,nan,nan
11.0,raw,nan,5.0,1.0,5.0,0.44520357601547944,0.9979588507405696,0.9976426246078737,0.0,nan,nan
11.0,raw,nan,6.0,1.0,6.0,0.44736737308435376,0.9983026157287568,0.9987353732977192,0.0,nan,nan
11.0,raw,nan,7.0,1.0,7.0,0.4479726607799892,0.9961018850486294,0.9964539395042923,0.0,nan,nan
11.0,raw,nan,8.0,1.0,8.0,0.44975010790378883,0.9951521977915058,0.9955354279392133,0.0,nan,nan
11.0,raw,nan,9.0,2.0,1.0,0.45100959675462626,1.0,1.0,0.0,nan,nan
11.0,raw,nan,10.0,2.0,2.0,0.4539795978457239,0.9994881984770748,0.9993762324773313,0.0,nan,nan
11.0,raw,nan,11.0,2.0,3.0,0.45614486826227263,0.9976028414727249,0.9982797492674264,0.0,nan,nan
11.0,raw,nan,12.0,2.0,4.0,0.4583236059539217,0.9956583070777296,0.9970342144385322,0.0,nan,nan
11.0,raw,nan,13.0,2.0,5.0,0.46007926035520813,0.9932878095338729,0.9907846438081204,0.0,nan,nan
11.0,raw,nan,14.0,2.0,6.0,0.46050970332537894,0.9912563817957046,0.9895134949467216,0.0,nan,nan
11.0,raw,nan,15.0,2.0,7.0,0.46257011558577144,0.9882517563480743,0.9860360263691385,0.0,nan,nan
11.0,raw,nan,16.0,2.0,8.0,0.46466932082810186,0.9877089814834099,0.9865091410740692,0.0,nan,nan
11.0,raw,nan,17.0,3.0,1.0,0.4665354217212852,1.0,0.9999999999999999,0.0,nan,nan
11.0,raw,nan,18.0,3.0,2.0,0.46775269733973984,0.999178735894188,0.9990977461820133,0.0,nan,nan
11.0,raw,nan,19.0,3.0,3.0,0.4697283814017464,0.9978174897628597,0.9976333569278899,0.0,nan,nan
11.0,raw,nan,20.0,3.0,4.0,0.4710713663511266,0.9965154154523884,0.996299117928402,0.0,nan,nan
11.0,raw,nan,21.0,3.0,5.0,0.4731897707089209,0.9951445918766171,0.9937358895415581,0.0,nan,nan
11.0,raw,nan,22.0,3.0,6.0,0.474238015421604,0.9928114888620129,0.9910324565529516,0.0,nan,nan
11.0,raw,nan,23.0,3.0,7.0,0.47571920763095654,0.990695545114644,0.9914737235282065,0.0,nan,nan
11.0,raw,nan,24.0,3.0,8.0,0.47840609082381363,0.9896845303096817,0.9899594700829824,0.0,nan,nan
11.0,raw,nan,25.0,4.0,1.0,0.4799776387290715,1.0,1.0,0.0,nan,nan
11.0,raw,nan,26.0,4.0,2.0,0.4817162511599114,0.9980020732042078,0.9982139734805799,0.0,nan,nan
11.0,raw,nan,27.0,4.0,3.0,0.48313576648654266,0.9943893396384115,0.9957885887534353,0.0,nan,nan
11.0,raw,nan,28.0,4.0,4.0,0.4838891350382739,0.9942162620627749,0.9958877042600952,0.0,nan,nan
11.0,raw,nan,29.0,4.0,5.0,0.4853119799923475,0.9949707237415217,0.9972703706620997,0.0,nan,nan
11.0,raw,nan,30.0,4.0,6.0,0.48755970255503056,0.9939070070804535,0.9921387986100781,0.0,nan,nan
11.0,raw,nan,31.0,4.0,7.0,0.48914124620457344,0.9907491439759222,0.9939969021233911,0.0,nan,nan
11.0,raw,nan,32.0,4.0,8.0,0.4904959753308245,0.9912874789474573,0.991965520309085,0.0,nan,nan
11.0,raw,nan,33.0,5.0,1.0,0.4921307226209578,1.0,1.0,0.0,nan,nan
11.0,raw,nan,34.0,5.0,2.0,0.4937140619537831,0.9983067635311824,0.9985283633307745,0.0,nan,nan
11.0,raw,nan,35.0,5.0,3.0,0.4946251232946942,0.9967455204404359,0.9961003484895049,0.0,nan,nan
11.0,raw,nan,36.0,5.0,4.0,0.49565095771388257,0.9957837861865539,0.997169643682594,0.0,nan,nan
11.0,raw,nan,37.0,5.0,5.0,0.49679931725551385,0.9948903482715907,0.9958653669133343,0.0,nan,nan
11.0,raw,nan,38.0,5.0,6.0,0.4983763082398818,0.9925196674961521,0.992225083782897,0.0,nan,nan
11.0,raw,nan,39.0,5.0,7.0,0.5000106400651299,0.9931626020396216,0.9955609673801226,0.0,nan,nan
11.0,raw,nan,40.0,5.0,8.0,0.5013508972452105,0.9917930622759374,0.9943999651623648,0.0,nan,nan
11.0,ppo,nan,0.0,0.0,0.0,0.4381825474072605,1.0,1.0,0.0,nan,nan
11.0,ppo,nan,1.0,1.0,1.0,0.43972870424632493,1.0,1.0,1.0,nan,nan
11.0,ppo,nan,2.0,1.0,2.0,0.44112450015010946,0.9989790486152933,0.9987686148549058,1.0,nan,nan
11.0,ppo,nan,3.0,1.0,3.0,0.4412379938100003,0.9972945807375793,0.9979188088165083,1.0,nan,nan
11.0,ppo,nan,4.0,1.0,4.0,0.44378940535959255,0.9980467920871273,0.9980913903712739,1.0,nan,nan
11.0,ppo,nan,5.0,1.0,5.0,0.44520357601547944,0.9979588507405696,0.9976426246078737,1.0,nan,nan
11.0,ppo,nan,6.0,1.0,6.0,0.44736737308435376,0.9983026157287568,0.9987353732977192,1.0,nan,nan
11.0,ppo,nan,7.0,1.0,7.0,0.4479726607799892,0.9961018850486294,0.9964539395042923,1.0,nan,nan
11.0,ppo,nan,8.0,1.0,8.0,0.44975010790378883,0.9951521977915058,0.9955354279392133,1.0,nan,nan
11.0,ppo,nan,9.0,2.0,1.0,0.45100959675462626,1.0,1.0,1.0,nan,nan
11.0,ppo,nan,10.0,2.0,2.0,0.4539795978457239,0.9994881984770748,0.9993762324773313,1.0,nan,nan
11.0,ppo,nan,11.0,2.0,3.0,0.45614486826227263,0.9976028414727249,0.9982797492674264,1.0,nan,nan
11.0,ppo,nan,12.0,2.0,4.0,0.4583236059539217,0.9956583070777296,0.9970342144385322,1.0,nan,nan
11.0,ppo,nan,13.0,2.0,5.0,0.4598131993766194,0.9932878095338729,0.9907846438081204,1.0,nan,nan
11.0,ppo,nan,14.0,2.0,6.0,0.4602547048143951,0.9919146532985552,0.9899390247127309,1.0,nan,nan
11.0,ppo,nan,15.0,2.0,7.0,0.4623192057095952,0.9889393733312589,0.98663118846368,1.0,nan,nan
11.0,ppo,nan,16.0,2.0,8.0,0.464421080538234,0.9890073016610877,0.9873502796893187,1.0,nan,nan
11.0,ppo,nan,17.0,3.0,1.0,0.4662712060501974,1.0,1.0,1.0,nan,nan
11.0,ppo,nan,18.0,3.0,2.0,0.4675168858592088,0.9991834564506444,0.9990984695364458,1.0,nan,nan
11.0,ppo,nan,19.0,3.0,3.0,0.46950945983301995,0.9978276999858221,0.997641366343232,1.0,nan,nan
11.0,ppo,nan,20.0,3.0,4.0,0.4708871316740366,0.9964951779110095,0.996300375570742,1.0,nan,nan
11.0,ppo,nan,21.0,3.0,5.0,0.4727459310722167,0.9951164662103341,0.9939558618456645,1.0,nan,nan
11.0,ppo,nan,22.0,3.0,6.0,0.4736446377511577,0.9933395660475297,0.9918173583040789,1.0,nan,nan
11.0,ppo,nan,23.0,3.0,7.0,0.47504975247441095,0.9923442768950604,0.9919169980304297,1.0,nan,nan
11.0,ppo,nan,24.0,3.0,8.0,0.4777991811570746,0.9918350164659707,0.9908454311141509,1.0,nan,nan
11.0,ppo,nan,25.0,4.0,1.0,0.47944880759235275,1.0,1.0,1.0,nan,nan
11.0,ppo,nan,26.0,4.0,2.0,0.4812199178489535,0.9979623171828951,0.998122690477666,1.0,nan,nan
11.0,ppo,nan,27.0,4.0,3.0,0.48239366439307235,0.994257523144609,0.9953929811793594,1.0,nan,nan
11.0,ppo,nan,28.0,4.0,4.0,0.4832580808201231,0.9942716406959672,0.9962701929907269,1.0,nan,nan
11.0,ppo,nan,29.0,4.0,5.0,0.4845563657062206,0.9944493036996563,0.9970390969317547,1.0,nan,nan
11.0,ppo,nan,30.0,4.0,6.0,0.48682213370642125,0.9939172136370853,0.9918894186557601,1.0,nan,nan
11.0,ppo,nan,31.0,4.0,7.0,0.48823941115596536,0.9915350637043532,0.9929142623873408,1.0,nan,nan
11.0,ppo,nan,32.0,4.0,8.0,0.48980926807225844,0.9925371105840279,0.9936233740029907,1.0,nan,nan
11.0,ppo,nan,33.0,5.0,1.0,0.49146833567490045,1.0,1.0,1.0,nan,nan
11.0,ppo,nan,34.0,5.0,2.0,0.49297006017163936,0.9983259196630836,0.9985712495670097,1.0,nan,nan
11.0,ppo,nan,35.0,5.0,3.0,0.49400689621214766,0.9974244266935517,0.9970460497377486,1.0,nan,nan
11.0,ppo,nan,36.0,5.0,4.0,0.4949017809030591,0.9957883521223655,0.9975748588117795,1.0,nan,nan
11.0,ppo,nan,37.0,5.0,5.0,0.49605347956067253,0.9946146745813006,0.9944449145468679,1.0,nan,nan
11.0,ppo,nan,38.0,5.0,6.0,0.49756404984027824,0.9925266773687916,0.9915398775785511,1.0,nan,nan
11.0,ppo,nan,39.0,5.0,7.0,0.49928820935402346,0.9921426855543019,0.9940230467516802,1.0,nan,nan
11.0,ppo,nan,40.0,5.0,8.0,0.5008309161613178,0.9906072260138755,0.9944198050108674,1.0,nan,nan
11.0,mse_oracle,nan,0.0,0.0,0.0,0.4381825474072605,1.0,1.0,0.0,nan,nan
11.0,mse_oracle,nan,1.0,1.0,1.0,0.43972870424632493,1.0,1.0,0.0,0.06706072794876566,0.06706072794876566
11.0,mse_oracle,nan,2.0,1.0,2.0,0.44112450015010946,0.9989790486152933,0.9987686148549058,0.0,0.06694657672394524,0.06694657672394524
11.0,mse_oracle,nan,3.0,1.0,3.0,0.4412379938100003,0.9972945807375793,0.9979188088165083,0.0,0.06676641510204648,0.06676641510204648
11.0,mse_oracle,nan,4.0,1.0,4.0,0.44378940535959255,0.9980467920871273,0.9980913903712739,0.0,0.06686475735816763,0.06686475735816763
11.0,mse_oracle,nan,5.0,1.0,5.0,0.44520357601547944,0.9979588507405696,0.9976426246078737,0.0,0.06622293359288053,0.06622293359288053
11.0,mse_oracle,nan,6.0,1.0,6.0,0.44736737308435376,0.9983026157287568,0.9987353732977192,0.0,0.06607634810149776,0.06607634810149776
11.0,mse_oracle,nan,7.0,1.0,7.0,0.4479726607799892,0.9961018850486294,0.9964539395042923,0.0,0.06581086167994807,0.06581086167994807
11.0,mse_oracle,nan,8.0,1.0,8.0,0.44975010790378883,0.9951521977915058,0.9955354279392133,1.0,0.0659811183071751,0.06597549432036383
11.0,mse_oracle,nan,9.0,2.0,1.0,0.45100959675462626,1.0,1.0,0.0,0.06790747326421218,0.06790747326421218
11.0,mse_oracle,nan,10.0,2.0,2.0,0.4539795978457239,0.9994881984770748,0.9993762324773313,0.0,0.06779721479419512,0.06779721479419512
11.0,mse_oracle,nan,11.0,2.0,3.0,0.45614486826227263,0.9976028414727249,0.9982797492674264,0.0,0.06697946961287736,0.06697946961287736
11.0,mse_oracle,nan,12.0,2.0,4.0,0.4583236059539217,0.9956583070777296,0.9970342144385322,1.0,0.06654951778878203,0.06654780864200525
11.0,mse_oracle,nan,13.0,2.0,5.0,0.4598131993766194,0.9932878095338729,0.9907846438081204,1.0,0.06590351998309606,0.06527400932776294
11.0,mse_oracle,nan,14.0,2.0,6.0,0.4602547048143951,0.9919146532985552,0.9899390247127309,1.0,0.06561811125861142,0.06464980033342434
11.0,mse_oracle,nan,15.0,2.0,7.0,0.4623192057095952,0.9889393733312589,0.98663118846368,1.0,0.06583835391730662,0.06414347212033991
11.0,mse_oracle,nan,16.0,2.0,8.0,0.464421080538234,0.9890073016610877,0.9873502796893187,1.0,0.06522951242544353,0.06340374385314705
11.0,mse_oracle,nan,17.0,3.0,1.0,0.4662712060501974,1.0,1.0,0.0,0.0690023571462705,0.0690023571462705
11.0,mse_oracle,nan,18.0,3.0,2.0,0.4675168858592088,0.9991834564506444,0.9990984695364458,0.0,0.06877637140504081,0.06877637140504081
11.0,mse_oracle,nan,19.0,3.0,3.0,0.46950945983301995,0.9978276999858221,0.997641366343232,0.0,0.06855073040874013,0.06855073040874013
11.0,mse_oracle,nan,20.0,3.0,4.0,0.4708871316740366,0.9964951779110095,0.996300375570742,1.0,0.06734323310032002,0.06734140540739553
11.0,mse_oracle,nan,21.0,3.0,5.0,0.4727459310722167,0.9951164662103341,0.9939558618456645,1.0,0.06659980734303635,0.06613672991037058
11.0,mse_oracle,nan,22.0,3.0,6.0,0.4736446377511577,0.9933395660475297,0.9918173583040789,1.0,0.06609973376796226,0.06500579031222085
11.0,mse_oracle,nan,23.0,3.0,7.0,0.47504975247441095,0.9923442768950604,0.9919169980304297,1.0,0.06617620937640525,0.06506114344087965
11.0,mse_oracle,nan,24.0,3.0,8.0,0.4777991811570746,0.9918350164659707,0.9908454311141509,1.0,0.06613994104144846,0.06468664443600235
11.0,mse_oracle,nan,25.0,4.0,1.0,0.47944880759235275,1.0,1.0,0.0,0.06980858052113184,0.06980858052113184
11.0,mse_oracle,nan,26.0,4.0,2.0,0.4812199178489535,0.9979623171828951,0.998122690477666,0.0,0.0694021122668076,0.0694021122668076
11.0,mse_oracle,nan,27.0,4.0,3.0,0.48239366439307235,0.994257523144609,0.9953929811793594,1.0,0.06892524665985404,0.06803079137344424
11.0,mse_oracle,nan,28.0,4.0,4.0,0.4832580808201231,0.9942716406959672,0.9962701929907269,1.0,0.06882994353411859,0.06788993107973922
11.0,mse_oracle,nan,29.0,4.0,5.0,0.4845563657062206,0.9944493036996563,0.9970390969317547,1.0,0.06887449168699616,0.06808689556029027
11.0,mse_oracle,nan,30.0,4.0,6.0,0.48682213370642125,0.9939172136370853,0.9918894186557601,1.0,0.06894587246643614,0.06819678697804886
11.0,mse_oracle,nan,31.0,4.0,7.0,0.48823941115596536,0.9915350637043532,0.9929142623873408,1.0,0.0687985941472822,0.06852487182178064
11.0,mse_oracle,nan,32.0,4.0,8.0,0.48980926807225844,0.9925371105840279,0.9936233740029907,1.0,0.06832104831969192,0.06745263237621173
11.0,mse_oracle,nan,33.0,5.0,1.0,0.49146833567490045,1.0,1.0,0.0,0.07055522034299247,0.07055522034299247
11.0,mse_oracle,nan,34.0,5.0,2.0,0.49297006017163936,0.9983259196630836,0.9985712495670097,0.0,0.07034011288602159,0.07034011288602159
11.0,mse_oracle,nan,35.0,5.0,3.0,0.49400689621214766,0.9974244266935517,0.9970460497377486,1.0,0.07014426275647576,0.0701413616554014
11.0,mse_oracle,nan,36.0,5.0,4.0,0.4949017809030591,0.9957883521223655,0.9975748588117795,1.0,0.06970786311257168,0.06955725384064869
11.0,mse_oracle,nan,37.0,5.0,5.0,0.49605347956067253,0.9946146745813006,0.9944449145468679,1.0,0.06879334947755669,0.06853763047862592
11.0,mse_oracle,nan,38.0,5.0,6.0,0.49756404984027824,0.9925266773687916,0.9915398775785511,1.0,0.06901766695912662,0.06764841425035341
11.0,mse_oracle,nan,39.0,5.0,7.0,0.49928820935402346,0.9921426855543019,0.9940230467516802,1.0,0.0687891682808232,0.06713374352903104
11.0,mse_oracle,nan,40.0,5.0,8.0,0.5008309161613178,0.9906072260138755,0.9944198050108674,1.0,0.06809382272488515,0.06582167372216897
12.0,raw,nan,0.0,0.0,0.0,0.4381825474072605,1.0,1.0,0.0,nan,nan
12.0,raw,nan,1.0,1.0,1.0,0.4390129408290217,1.0,0.9999999999999999,0.0,nan,nan
12.0,raw,nan,2.0,1.0,2.0,0.4397964279619496,0.9974972937417618,0.9980704104896067,0.0,nan,nan
12.0,raw,nan,3.0,1.0,3.0,0.44199585872043096,0.9960132753384524,0.9962736474169868,0.0,nan,nan
12.0,raw,nan,4.0,1.0,4.0,0.4429101491399659,0.9960241477899947,0.9968329589052966,0.0,nan,nan
12.0,raw,nan,5.0,1.0,5.0,0.44345944952742206,0.9947919605703609,0.994697690568997,0.0,nan,nan
12.0,raw,nan,6.0,1.0,6.0,0.4446645375328669,0.9923555313643022,0.9945335209598316,0.0,nan,nan
12.0,raw,nan,7.0,1.0,7.0,0.4465591518029569,0.9922671426327794,0.990638916335376,0.0,nan,nan
12.0,raw,nan,8.0,1.0,8.0,0.4492900800128457,0.9903380886089648,0.993845430588313,0.0,nan,nan
12.0,raw,nan,9.0,2.0,1.0,0.4507659563001206,1.0,1.0,0.0,nan,nan
12.0,raw,nan,10.0,2.0,2.0,0.45253485521410075,0.9994554510336338,0.9996910198405831,0.0,nan,nan
12.0,raw,nan,11.0,2.0,3.0,0.4543060984067798,0.9982645628880108,0.9986985078965989,0.0,nan,nan
12.0,raw,nan,12.0,2.0,4.0,0.4540610688816883,0.9956178204900036,0.9961713829329384,0.0,nan,nan
12.0,raw,nan,13.0,2.0,5.0,0.4551825579164083,0.9902912186202563,0.9928471508952208,0.0,nan,nan
12.0,raw,nan,14.0,2.0,6.0,0.45916623085695035,0.9911989750037321,0.9932303984267696,0.0,nan,nan
12.0,raw,nan,15.0,2.0,7.0,0.46065266934220445,0.991705074406651,0.9929979753246757,0.0,nan,nan
12.0,raw,nan,16.0,2.0,8.0,0.46291933347348113,0.9899900291049105,0.9872993554424385,0.0,nan,nan
12.0,raw,nan,17.0,3.0,1.0,0.4653272275934819,1.0,1.0,0.0,nan,nan
12.0,raw,nan,18.0,3.0,2.0,0.4661789481093102,0.9977702205278026,0.9984559540274963,0.0,nan,nan
12.0,raw,nan,19.0,3.0,3.0,0.46848017701722466,0.9988251783725275,0.9989416900412323,0.0,nan,nan
12.0,raw,nan,20.0,3.0,4.0,0.4700770394164393,0.9960497301665147,0.9972182879210432,0.0,nan,nan
12.0,raw,nan,21.0,3.0,5.0,0.47171960871351254,0.993751994917288,0.9962815758665521,0.0,nan,nan
12.0,raw,nan,22.0,3.0,6.0,0.47360602871418017,0.9930583710175386,0.9961138668906235,0.0,nan,nan
12.0,raw,nan,23.0,3.0,7.0,0.47466221946013876,0.9908940792829811,0.991034775343935,0.0,nan,nan
12.0,raw,nan,24.0,3.0,8.0,0.47654474538050184,0.9920728805383903,0.988652613725466,0.0,nan,nan
12.0,raw,nan,25.0,4.0,1.0,0.4784124079311186,1.0,1.0,0.0,nan,nan
12.0,raw,nan,26.0,4.0,2.0,0.47997144349574616,0.9988132267697505,0.9987778134671553,0.0,nan,nan
12.0,raw,nan,27.0,4.0,3.0,0.4806776748581246,0.997452587569176,0.9976027297825986,0.0,nan,nan
12.0,raw,nan,28.0,4.0,4.0,0.48258225883837236,0.9957635539728454,0.996540433819798,0.0,nan,nan
12.0,raw,nan,29.0,4.0,5.0,0.4843360281833555,0.9961044228671914,0.9960741707748696,0.0,nan,nan
12.0,raw,nan,30.0,4.0,6.0,0.4859920449426958,0.994102782728612,0.9954867379499783,0.0,nan,nan
12.0,raw,nan,31.0,4.0,7.0,0.4882428732129742,0.9910598177305895,0.9893176219213626,0.0,nan,nan
12.0,raw,nan,32.0,4.0,8.0,0.4892705397815452,0.9843771709300115,0.9846397329471985,0.0,nan,nan
12.0,raw,nan,33.0,5.0,1.0,0.4894540271999734,1.0,1.0000000000000002,0.0,nan,nan
12.0,raw,nan,34.0,5.0,2.0,0.4904567763371557,0.9976880951890096,0.9975319047108214,0.0,nan,nan
12.0,raw,nan,35.0,5.0,3.0,0.49227113979701465,0.9940895027004941,0.9942765153520948,0.0,nan,nan
12.0,raw,nan,36.0,5.0,4.0,0.49452706691349996,0.9904158723414246,0.993152475553483,0.0,nan,nan
12.0,raw,nan,37.0,5.0,5.0,0.4953335786118261,0.9918369965338166,0.9881877879702413,0.0,nan,nan
12.0,raw,nan,38.0,5.0,6.0,0.497140427093801,0.9892113864307087,0.9881965835574641,0.0,nan,nan
12.0,raw,nan,39.0,5.0,7.0,0.49821750165846995,0.9918302095595865,0.9921321985625812,0.0,nan,nan
12.0,raw,nan,40.0,5.0,8.0,0.4988868859920227,0.9883784818729517,0.9888513100009789,0.0,nan,nan
12.0,ppo,nan,0.0,0.0,0.0,0.4381825474072605,1.0,1.0,0.0,nan,nan
12.0,ppo,nan,1.0,1.0,1.0,0.4390129408290217,1.0,0.9999999999999999,1.0,nan,nan
12.0,ppo,nan,2.0,1.0,2.0,0.4397964279619496,0.9974972937417618,0.9980704104896067,1.0,nan,nan
12.0,ppo,nan,3.0,1.0,3.0,0.44199585872043096,0.9960132753384524,0.9962736474169868,1.0,nan,nan
12.0,ppo,nan,4.0,1.0,4.0,0.4429101491399659,0.9960241477899947,0.9968329589052966,1.0,nan,nan
12.0,ppo,nan,5.0,1.0,5.0,0.44345944952742206,0.9947919605703609,0.994697690568997,1.0,nan,nan
12.0,ppo,nan,6.0,1.0,6.0,0.4446645375328669,0.9923555313643022,0.9945335209598316,1.0,nan,nan
12.0,ppo,nan,7.0,1.0,7.0,0.4467884749993915,0.9922671426327794,0.990638916335376,1.0,nan,nan
12.0,ppo,nan,8.0,1.0,8.0,0.4495083508872776,0.9914323154501835,0.9943074694960391,1.0,nan,nan
12.0,ppo,nan,9.0,2.0,1.0,0.4509289413201217,1.0,1.0,1.0,nan,nan
12.0,ppo,nan,10.0,2.0,2.0,0.4526196602975867,0.9995885485755638,0.9997238924013139,1.0,nan,nan
12.0,ppo,nan,11.0,2.0,3.0,0.4545235234918028,0.9981330840454888,0.9984092238053031,1.0,nan,nan
12.0,ppo,nan,12.0,2.0,4.0,0.4544511816108993,0.9970874048262273,0.9976634268090123,1.0,nan,nan
12.0,ppo,nan,13.0,2.0,5.0,0.45555891282425326,0.9930599046466146,0.9949849563391158,1.0,nan,nan
12.0,ppo,nan,14.0,2.0,6.0,0.45941847707565986,0.9935885844840361,0.9945727330828344,1.0,nan,nan
12.0,ppo,nan,15.0,2.0,7.0,0.46080609911583414,0.9935251758981148,0.9946704453995944,1.0,nan,nan
12.0,ppo,nan,16.0,2.0,8.0,0.4626215065431506,0.9918241145187819,0.9893321935915871,1.0,nan,nan
12.0,ppo,nan,17.0,3.0,1.0,0.464736277106069,1.0,1.0,1.0,nan,nan
12.0,ppo,nan,18.0,3.0,2.0,0.465671561891237,0.997963602748637,0.998488878858612,1.0,nan,nan
12.0,ppo,nan,19.0,3.0,3.0,0.46782446011886747,0.9990776087076556,0.9989978568317143,1.0,nan,nan
12.0,ppo,nan,20.0,3.0,4.0,0.4692011528447687,0.9964033671327129,0.9976527129139765,1.0,nan,nan
12.0,ppo,nan,21.0,3.0,5.0,0.4705689302836297,0.9945015048595006,0.9974748000697369,1.0,nan,nan
12.0,ppo,nan,22.0,3.0,6.0,0.47234768001946503,0.9938069502180323,0.9966369832306787,1.0,nan,nan
12.0,ppo,nan,23.0,3.0,7.0,0.4736130032180899,0.991512208316557,0.9920458146767304,1.0,nan,nan
12.0,ppo,nan,24.0,3.0,8.0,0.4756023969608578,0.9933381705566937,0.9901752608314643,1.0,nan,nan
12.0,ppo,nan,25.0,4.0,1.0,0.4775579859565041,1.0,1.0,1.0,nan,nan
12.0,ppo,nan,26.0,4.0,2.0,0.4790445986101566,0.9982378374852512,0.9978215223891421,1.0,nan,nan
12.0,ppo,nan,27.0,4.0,3.0,0.4797684686485589,0.9968312551512268,0.9965517577539319,1.0,nan,nan
12.0,ppo,nan,28.0,4.0,4.0,0.4817480472422088,0.9954154278406353,0.995565117235508,1.0,nan,nan
12.0,ppo,nan,29.0,4.0,5.0,0.4834587430482162,0.9965976561002987,0.9965983489039918,1.0,nan,nan
12.0,ppo,nan,30.0,4.0,6.0,0.4850467822736669,0.9938764149406574,0.9956933366915061,1.0,nan,nan
12.0,ppo,nan,31.0,4.0,7.0,0.4878068390569469,0.9909987397874341,0.9903245364894852,1.0,nan,nan
12.0,ppo,nan,32.0,4.0,8.0,0.48853997035447544,0.9861722572483113,0.983370795805716,1.0,nan,nan
12.0,ppo,nan,33.0,5.0,1.0,0.4886973121128168,1.0,1.0,1.0,nan,nan
12.0,ppo,nan,34.0,5.0,2.0,0.49003238153275663,0.9975296880135546,0.9976547869416762,1.0,nan,nan
12.0,ppo,nan,35.0,5.0,3.0,0.4919183249404972,0.9944003788653181,0.9944298299593658,1.0,nan,nan
12.0,ppo,nan,36.0,5.0,4.0,0.49388516708270297,0.9907750692015918,0.9933894728569904,1.0,nan,nan
12.0,ppo,nan,37.0,5.0,5.0,0.4946842122139521,0.9926949583750482,0.9901783701775224,1.0,nan,nan
12.0,ppo,nan,38.0,5.0,6.0,0.49683717580630415,0.9910644278220664,0.990506723338719,1.0,nan,nan
12.0,ppo,nan,39.0,5.0,7.0,0.49802992144216723,0.9936382214514933,0.9943379775021837,1.0,nan,nan
12.0,ppo,nan,40.0,5.0,8.0,0.49869751254673594,0.9908822561941517,0.9911250133871392,1.0,nan,nan
12.0,mse_oracle,nan,0.0,0.0,0.0,0.4381825474072605,1.0,1.0,0.0,nan,nan
12.0,mse_oracle,nan,1.0,1.0,1.0,0.4390129408290217,1.0,0.9999999999999999,0.0,0.06706072794876566,0.06706072794876566
12.0,mse_oracle,nan,2.0,1.0,2.0,0.4397964279619496,0.9974972937417618,0.9980704104896067,0.0,0.06713731500503523,0.06713731500503523
12.0,mse_oracle,nan,3.0,1.0,3.0,0.44199585872043096,0.9960132753384524,0.9962736474169868,0.0,0.06721377788900953,0.06721377788900953
12.0,mse_oracle,nan,4.0,1.0,4.0,0.4429101491399659,0.9960241477899947,0.9968329589052966,1.0,0.06662997566619953,0.06656976214950004
12.0,mse_oracle,nan,5.0,1.0,5.0,0.44345944952742206,0.9947919605703609,0.994697690568997,1.0,0.06649795705894831,0.0663492605269877
12.0,mse_oracle,nan,6.0,1.0,6.0,0.4446645375328669,0.9923555313643022,0.9945335209598316,1.0,0.06655866941134372,0.06552382197292742
12.0,mse_oracle,nan,7.0,1.0,7.0,0.4467884749993915,0.9922671426327794,0.990638916335376,1.0,0.06647475859743411,0.06518726153106523
12.0,mse_oracle,nan,8.0,1.0,8.0,0.4495083508872776,0.9914323154501835,0.9943074694960391,1.0,0.06597936876845326,0.0645528907611337
12.0,mse_oracle,nan,9.0,2.0,1.0,0.4509289413201217,1.0,1.0,0.0,0.0678656313897258,0.0678656313897258
12.0,mse_oracle,nan,10.0,2.0,2.0,0.4526196602975867,0.9995885485755638,0.9997238924013139,0.0,0.06758914928182742,0.06758914928182742
12.0,mse_oracle,nan,11.0,2.0,3.0,0.4545235234918028,0.9981330840454888,0.9984092238053031,0.0,0.06792660603401557,0.06792660603401557
12.0,mse_oracle,nan,12.0,2.0,4.0,0.4544511816108993,0.9970874048262273,0.9976634268090123,0.0,0.06727618912689315,0.06727618912689315
12.0,mse_oracle,nan,13.0,2.0,5.0,0.45555891282425326,0.9930599046466146,0.9949849563391158,1.0,0.06797338731266564,0.06725819294216862
12.0,mse_oracle,nan,14.0,2.0,6.0,0.45941847707565986,0.9935885844840361,0.9945727330828344,1.0,0.06761715210997135,0.06681958330223899
12.0,mse_oracle,nan,15.0,2.0,7.0,0.46080609911583414,0.9935251758981148,0.9946704453995944,1.0,0.06680707494461091,0.06626816301832342
12.0,mse_oracle,nan,16.0,2.0,8.0,0.4626215065431506,0.9918241145187819,0.9893321935915871,1.0,0.06657264619441476,0.06584708595423551
12.0,mse_oracle,nan,17.0,3.0,1.0,0.464736277106069,1.0,1.0,0.0,0.06884761157513213,0.06884761157513213
12.0,mse_oracle,nan,18.0,3.0,2.0,0.465671561891237,0.997963602748637,0.998488878858612,0.0,0.06842336794084194,0.06842336794084194
12.0,mse_oracle,nan,19.0,3.0,3.0,0.46782446011886747,0.9990776087076556,0.9989978568317143,0.0,0.06837642874649916,0.06837642874649916
12.0,mse_oracle,nan,20.0,3.0,4.0,0.4692011528447687,0.9964033671327129,0.9976527129139765,0.0,0.06821216676974198,0.06821216676974198
12.0,mse_oracle,nan,21.0,3.0,5.0,0.4705689302836297,0.9945015048595006,0.9974748000697369,1.0,0.06808378611147989,0.06771112528519752
12.0,mse_oracle,nan,22.0,3.0,6.0,0.47234768001946503,0.9938069502180323,0.9966369832306787,1.0,0.06770032986092617,0.06712694089212208
12.0,mse_oracle,nan,23.0,3.0,7.0,0.4736130032180899,0.991512208316557,0.9920458146767304,1.0,0.06735389813211122,0.06621184582365432
12.0,mse_oracle,nan,24.0,3.0,8.0,0.4756023969608578,0.9933381705566937,0.9901752608314643,1.0,0.06700250268589031,0.06611534720088169
12.0,mse_oracle,nan,25.0,4.0,1.0,0.4775579859565041,1.0,1.0,0.0,0.06971952857388371,0.06971952857388371
12.0,mse_oracle,nan,26.0,4.0,2.0,0.4790445986101566,0.9982378374852512,0.9978215223891421,0.0,0.06883604861785263,0.06883604861785263
12.0,mse_oracle,nan,27.0,4.0,3.0,0.4797684686485589,0.9968312551512268,0.9965517577539319,1.0,0.06865437840057308,0.06862286438936245
12.0,mse_oracle,nan,28.0,4.0,4.0,0.4817480472422088,0.9954154278406353,0.995565117235508,1.0,0.06864922326562486,0.0683456562955492
12.0,mse_oracle,nan,29.0,4.0,5.0,0.4834587430482162,0.9965976561002987,0.9965983489039918,0.0,0.06804480460812407,0.06804480460812407
12.0,mse_oracle,nan,30.0,4.0,6.0,0.4850467822736669,0.9938764149406574,0.9956933366915061,1.0,0.06764259346520707,0.06725391446979657
12.0,mse_oracle,nan,31.0,4.0,7.0,0.4878068390569469,0.9909987397874341,0.9903245364894852,1.0,0.06709107006300807,0.06525312344424983
12.0,mse_oracle,nan,32.0,4.0,8.0,0.48853997035447544,0.9861722572483113,0.983370795805716,1.0,0.06658211539623121,0.06443076914928038
12.0,mse_oracle,nan,33.0,5.0,1.0,0.4886973121128168,1.0,1.0,0.0,0.07041719966579299,0.07041719966579299
12.0,mse_oracle,nan,34.0,5.0,2.0,0.49003238153275663,0.9975296880135546,0.9976547869416762,0.0,0.0719097194325676,0.0719097194325676
12.0,mse_oracle,nan,35.0,5.0,3.0,0.4919183249404972,0.9944003788653181,0.9944298299593658,1.0,0.07153988256011864,0.0712324477781892
12.0,mse_oracle,nan,36.0,5.0,4.0,0.49388516708270297,0.9907750692015918,0.9933894728569904,1.0,0.07151836232984043,0.0702391799208768
12.0,mse_oracle,nan,37.0,5.0,5.0,0.4946842122139521,0.9926949583750482,0.9901783701775224,1.0,0.06986292318029046,0.0684715783728794
12.0,mse_oracle,nan,38.0,5.0,6.0,0.49683717580630415,0.9910644278220664,0.990506723338719,1.0,0.07036551510641,0.06871969107548992
12.0,mse_oracle,nan,39.0,5.0,7.0,0.49802992144216723,0.9936382214514933,0.9943379775021837,1.0,0.06888490683273626,0.06766289084853551
12.0,mse_oracle,nan,40.0,5.0,8.0,0.49869751254673594,0.9908822561941517,0.9911250133871392,1.0,0.0692196778835822,0.06677141122801596
13.0,raw,nan,0.0,0.0,0.0,0.4381825474072605,1.0,1.0,0.0,nan,nan
13.0,raw,nan,1.0,1.0,1.0,0.43900804125485293,1.0,1.0000000000000002,0.0,nan,nan
13.0,raw,nan,2.0,1.0,2.0,0.44218392150625296,0.9990135637030874,0.9991635898708711,0.0,nan,nan
13.0,raw,nan,3.0,1.0,3.0,0.4442043290412397,0.9967057960121273,0.9977385849647196,0.0,nan,nan
13.0,raw,nan,4.0,1.0,4.0,0.4470345848499787,0.9958050061593,0.9966141044242124,0.0,nan,nan
13.0,raw,nan,5.0,1.0,5.0,0.44902450714455594,0.9946281685487227,0.9923590261575538,0.0,nan,nan
13.0,raw,nan,6.0,1.0,6.0,0.45102800815447697,0.9914921593460061,0.9920895084983585,0.0,nan,nan
13.0,raw,nan,7.0,1.0,7.0,0.45272025492708395,0.9879805990358766,0.9820211902364594,0.0,nan,nan
13.0,raw,nan,8.0,1.0,8.0,0.45402511451463845,0.9867253845570569,0.989793703129741,0.0,nan,nan
13.0,raw,nan,9.0,2.0,1.0,0.45552165536155564,1.0,1.0,0.0,nan,nan
13.0,raw,nan,10.0,2.0,2.0,0.4571800273736795,0.9996618973420814,0.9997723663839142,0.0,nan,nan
13.0,raw,nan,11.0,2.0,3.0,0.4591499193456204,0.9985483427299916,0.998473515085082,0.0,nan,nan
13.0,raw,nan,12.0,2.0,4.0,0.46071471262874975,0.9972883934258661,0.9971287647741728,0.0,nan,nan
13.0,raw,nan,13.0,2.0,5.0,0.462090906389871,0.9953204700186602,0.9954751179741508,0.0,nan,nan
13.0,raw,nan,14.0,2.0,6.0,0.46342232082537765,0.991747965491905,0.992291712109424,0.0,nan,nan
13.0,raw,nan,15.0,2.0,7.0,0.46511443824015136,0.9912106260038532,0.9893367009259001,0.0,nan,nan
13.0,raw,nan,16.0,2.0,8.0,0.46701931849926104,0.9883390191969803,0.9885700918587451,0.0,nan,nan
13.0,raw,nan,17.0,3.0,1.0,0.467902567445524,1.0,1.0,0.0,nan,nan
13.0,raw,nan,18.0,3.0,2.0,0.46965656045042103,0.9988824752487065,0.9992101990305787,0.0,nan,nan
13.0,raw,nan,19.0,3.0,3.0,0.4711104548105741,0.9974691106613015,0.9986946278501988,0.0,nan,nan
13.0,raw,nan,20.0,3.0,4.0,0.47220132614055643,0.9967544839740494,0.9957061266741773,0.0,nan,nan
13.0,raw,nan,21.0,3.0,5.0,0.4734540863536401,0.9921059356306254,0.9897610277940292,0.0,nan,nan
13.0,raw,nan,22.0,3.0,6.0,0.4753300299691963,0.9913440113928292,0.9880183608794795,0.0,nan,nan
13.0,raw,nan,23.0,3.0,7.0,0.4771911143715456,0.991156634043039,0.9924614388394433,0.0,nan,nan
13.0,raw,nan,24.0,3.0,8.0,0.47908216515607,0.9934135480426678,0.9915403176458969,0.0,nan,nan
13.0,raw,nan,25.0,4.0,1.0,0.4813026997051295,1.0,1.0,0.0,nan,nan
13.0,raw,nan,26.0,4.0,2.0,0.4825462958060342,0.9974463056040848,0.9981817799480092,0.0,nan,nan
13.0,raw,nan,27.0,4.0,3.0,0.4835815497606993,0.9955030316041859,0.9964479950386831,0.0,nan,nan
13.0,raw,nan,28.0,4.0,4.0,0.4854412067311445,0.9931860727296253,0.9945679422320679,0.0,nan,nan
13.0,raw,nan,29.0,4.0,5.0,0.48673976833012145,0.992123037520306,0.9913039927891771,0.0,nan,nan
13.0,raw,nan,30.0,4.0,6.0,0.48836086798925077,0.99218342417648,0.9938631137158168,0.0,nan,nan
13.0,raw,nan,31.0,4.0,7.0,0.48978741683075916,0.9936256034029829,0.9948271742090898,0.0,nan,nan
13.0,raw,nan,32.0,4.0,8.0,0.4913360664684967,0.9928724661285074,0.9933671013853277,0.0,nan,nan
13.0,raw,nan,33.0,5.0,1.0,0.4928018909954892,1.0,1.0,0.0,nan,nan
13.0,raw,nan,34.0,5.0,2.0,0.4937098708107621,0.9983150307422783,0.9987543792218391,0.0,nan,nan
13.0,raw,nan,35.0,5.0,3.0,0.4949918683391223,0.9945140463103813,0.9901701488310104,0.0,nan,nan
13.0,raw,nan,36.0,5.0,4.0,0.4971206770754281,0.9933419440571738,0.9921968771295594,0.0,nan,nan
13.0,raw,nan,37.0,5.0,5.0,0.4972122142889732,0.993599202891688,0.9940200374443205,0.0,nan,nan
13.0,raw,nan,38.0,5.0,6.0,0.4992966998285448,0.9890984840446322,0.9900714117959727,0.0,nan,nan
13.0,raw,nan,39.0,5.0,7.0,0.5008836071570715,0.9914195987138603,0.9932212659227446,0.0,nan,nan
13.0,raw,nan,40.0,5.0,8.0,0.5016703516634887,0.9865474756437557,0.9895061860625056,0.0,nan,nan
13.0,ppo,nan,0.0,0.0,0.0,0.4381825474072605,1.0,1.0,0.0,nan,nan
13.0,ppo,nan,1.0,1.0,1.0,0.43900804125485293,1.0,1.0000000000000002,1.0,nan,nan
13.0,ppo,nan,2.0,1.0,2.0,0.44218392150625296,0.9990135637030874,0.9991635898708711,1.0,nan,nan
13.0,ppo,nan,3.0,1.0,3.0,0.4442043290412397,0.9967057960121273,0.9977385849647196,1.0,nan,nan
13.0,ppo,nan,4.0,1.0,4.0,0.4470345848499787,0.9958050061593,0.9966141044242124,1.0,nan,nan
13.0,ppo,nan,5.0,1.0,5.0,0.4488045215196457,0.9946281685487227,0.9923590261575538,1.0,nan,nan
13.0,ppo,nan,6.0,1.0,6.0,0.45082556439182064,0.9926237911586245,0.9928710458979783,1.0,nan,nan
13.0,ppo,nan,7.0,1.0,7.0,0.4525290621904047,0.9892108312953963,0.9842443643898638,1.0,nan,nan
13.0,ppo,nan,8.0,1.0,8.0,0.45378468822888984,0.988362371067426,0.9908474518683764,1.0,nan,nan
13.0,ppo,nan,9.0,2.0,1.0,0.4552771053876349,1.0,0.9999999999999999,1.0,nan,nan
13.0,ppo,nan,10.0,2.0,2.0,0.4569364121408437,0.9996617159997123,0.9997709993534436,1.0,nan,nan
13.0,ppo,nan,11.0,2.0,3.0,0.45896800260422255,0.9985549940921503,0.9984741825036995,1.0,nan,nan
13.0,ppo,nan,12.0,2.0,4.0,0.4605319220270884,0.9972634097256607,0.9970900792775362,1.0,nan,nan
13.0,ppo,nan,13.0,2.0,5.0,0.4616398957360977,0.9953079591563446,0.9954727981788364,1.0,nan,nan
13.0,ppo,nan,14.0,2.0,6.0,0.4629088925115586,0.9926313661637324,0.9929773511087008,1.0,nan,nan
13.0,ppo,nan,15.0,2.0,7.0,0.46421301162403544,0.9925118344209097,0.9910434652699879,1.0,nan,nan
13.0,ppo,nan,16.0,2.0,8.0,0.46601479726578765,0.9920631703123127,0.9927148815037188,1.0,nan,nan
13.0,ppo,nan,17.0,3.0,1.0,0.4668326184113791,1.0,1.0,1.0,nan,nan
13.0,ppo,nan,18.0,3.0,2.0,0.46884671824880336,0.9989019094614564,0.9994623966226399,1.0,nan,nan
13.0,ppo,nan,19.0,3.0,3.0,0.4703228358548519,0.9980023427522791,0.9988682575145148,1.0,nan,nan
13.0,ppo,nan,20.0,3.0,4.0,0.47130070704013666,0.9976157300299741,0.9961866109496966,1.0,nan,nan
13.0,ppo,nan,21.0,3.0,5.0,0.47276242584071965,0.9929643097606251,0.9936371871593701,1.0,nan,nan
13.0,ppo,nan,22.0,3.0,6.0,0.4744371880839796,0.9915737699527695,0.9883417330252315,1.0,nan,nan
13.0,ppo,nan,23.0,3.0,7.0,0.476102491475147,0.992225076359369,0.9916174964188842,1.0,nan,nan
13.0,ppo,nan,24.0,3.0,8.0,0.4780601845812928,0.9952387435786139,0.9935459277022552,1.0,nan,nan
13.0,ppo,nan,25.0,4.0,1.0,0.4804028599268394,1.0,1.0,1.0,nan,nan
13.0,ppo,nan,26.0,4.0,2.0,0.48174758182895516,0.9977942713493206,0.9985092388600155,1.0,nan,nan
13.0,ppo,nan,27.0,4.0,3.0,0.4826852022610935,0.9958608701660696,0.9970623453141325,1.0,nan,nan
13.0,ppo,nan,28.0,4.0,4.0,0.4848414555302992,0.9921714967415098,0.992769388356039,1.0,nan,nan
13.0,ppo,nan,29.0,4.0,5.0,0.48595487765715895,0.9924857268688044,0.9913712608145165,1.0,nan,nan
13.0,ppo,nan,30.0,4.0,6.0,0.48719270025876377,0.9924557786802963,0.9960938041610369,1.0,nan,nan
13.0,ppo,nan,31.0,4.0,7.0,0.4884753360264821,0.9925524645781338,0.9931339452381318,1.0,nan,nan
13.0,ppo,nan,32.0,4.0,8.0,0.48998079516573306,0.9934009384150582,0.9931517790118678,1.0,nan,nan
13.0,ppo,nan,33.0,5.0,1.0,0.4914159030881632,1.0,1.0,1.0,nan,nan
13.0,ppo,nan,34.0,5.0,2.0,0.4922032931661481,0.9989349918863913,0.9991073868326572,1.0,nan,nan
13.0,ppo,nan,35.0,5.0,3.0,0.49352981554888986,0.9953133743774788,0.991241185237491,1.0,nan,nan
13.0,ppo,nan,36.0,5.0,4.0,0.495979373019914,0.9941748033557407,0.9928743399094955,1.0,nan,nan
13.0,ppo,nan,37.0,5.0,5.0,0.4964612056881088,0.9956292353823896,0.9952223096191615,1.0,nan,nan
13.0,ppo,nan,38.0,5.0,6.0,0.4984896512683149,0.9931885519148487,0.9944901591900993,1.0,nan,nan
13.0,ppo,nan,39.0,5.0,7.0,0.5001353592354459,0.9937177803649851,0.9930717483888609,1.0,nan,nan
13.0,ppo,nan,40.0,5.0,8.0,0.5009876313497749,0.9888456016639058,0.9892334212354537,1.0,nan,nan
13.0,mse_oracle,nan,0.0,0.0,0.0,0.4381825474072605,1.0,1.0,0.0,nan,nan
13.0,mse_oracle,nan,1.0,1.0,1.0,0.43900804125485293,1.0,1.0000000000000002,0.0,0.06706072794876566,0.06706072794876566
13.0,mse_oracle,nan,2.0,1.0,2.0,0.44218392150625296,0.9990135637030874,0.9991635898708711,0.0,0.06705025375110477,0.06705025375110477
13.0,mse_oracle,nan,3.0,1.0,3.0,0.4442043290412397,0.9967057960121273,0.9977385849647196,0.0,0.06613219882642965,0.06613219882642965
13.0,mse_oracle,nan,4.0,1.0,4.0,0.4470345848499787,0.9958050061593,0.9966141044242124,1.0,0.06576865672809717,0.06574897632999681
13.0,mse_oracle,nan,5.0,1.0,5.0,0.4488045215196457,0.9946281685487227,0.9923590261575538,1.0,0.0650294804743568,0.06462686214063829
13.0,mse_oracle,nan,6.0,1.0,6.0,0.45082556439182064,0.9926237911586245,0.9928710458979783,1.0,0.06474294530519892,0.06392287110335472
13.0,mse_oracle,nan,7.0,1.0,7.0,0.4525290621904047,0.9892108312953963,0.9842443643898638,1.0,0.06432074258878998,0.06257315225974452
13.0,mse_oracle,nan,8.0,1.0,8.0,0.45378468822888984,0.988362371067426,0.9908474518683764,1.0,0.06395726338625365,0.06245153028977098
13.0,mse_oracle,nan,9.0,2.0,1.0,0.4552771053876349,1.0,0.9999999999999999,0.0,0.06824245049358876,0.06824245049358876
13.0,mse_oracle,nan,10.0,2.0,2.0,0.4569364121408437,0.9996617159997123,0.9997709993534436,0.0,0.0679375965540639,0.0679375965540639
13.0,mse_oracle,nan,11.0,2.0,3.0,0.45896800260422255,0.9985549940921503,0.9984741825036995,0.0,0.06746037784303846,0.06746037784303846
13.0,mse_oracle,nan,12.0,2.0,4.0,0.4605319220270884,0.9972634097256607,0.9970900792775362,1.0,0.06649655962716333,0.06648655313739087
13.0,mse_oracle,nan,13.0,2.0,5.0,0.4616398957360977,0.9953079591563446,0.9954727981788364,1.0,0.06621632333282869,0.06568262885981367
13.0,mse_oracle,nan,14.0,2.0,6.0,0.4629088925115586,0.9926313661637324,0.9929773511087008,1.0,0.06639501435807722,0.065667461673643
13.0,mse_oracle,nan,15.0,2.0,7.0,0.46421301162403544,0.9925118344209097,0.9910434652699879,1.0,0.06642692557218875,0.06541036648113854
13.0,mse_oracle,nan,16.0,2.0,8.0,0.46601479726578765,0.9920631703123127,0.9927148815037188,1.0,0.06604772963377943,0.0646376238865133
13.0,mse_oracle,nan,17.0,3.0,1.0,0.4668326184113791,1.0,1.0,0.0,0.06901960245134624,0.06901960245134624
13.0,mse_oracle,nan,18.0,3.0,2.0,0.46884671824880336,0.9989019094614564,0.9994623966226399,0.0,0.0694831423425501,0.0694831423425501
13.0,mse_oracle,nan,19.0,3.0,3.0,0.4703228358548519,0.9980023427522791,0.9988682575145148,0.0,0.06861968027561835,0.06861968027561835
13.0,mse_oracle,nan,20.0,3.0,4.0,0.47130070704013666,0.9976157300299741,0.9961866109496966,0.0,0.06825976001131671,0.06825976001131671
13.0,mse_oracle,nan,21.0,3.0,5.0,0.47276242584071965,0.9929643097606251,0.9936371871593701,1.0,0.06895650564898693,0.06846414429528458
13.0,mse_oracle,nan,22.0,3.0,6.0,0.4744371880839796,0.9915737699527695,0.9883417330252315,1.0,0.0681880273841359,0.06744187240325164
13.0,mse_oracle,nan,23.0,3.0,7.0,0.476102491475147,0.992225076359369,0.9916174964188842,1.0,0.06762455269119734,0.06648656257764468
13.0,mse_oracle,nan,24.0,3.0,8.0,0.4780601845812928,0.9952387435786139,0.9935459277022552,1.0,0.06739036944195416,0.06694227663479527
13.0,mse_oracle,nan,25.0,4.0,1.0,0.4804028599268394,1.0,1.0,0.0,0.06981555765006975,0.06981555765006975
13.0,mse_oracle,nan,26.0,4.0,2.0,0.48174758182895516,0.9977942713493206,0.9985092388600155,0.0,0.06919557443308366,0.06919557443308366
13.0,mse_oracle,nan,27.0,4.0,3.0,0.4826852022610935,0.9958608701660696,0.9970623453141325,0.0,0.06904633452216885,0.06904633452216885
13.0,mse_oracle,nan,28.0,4.0,4.0,0.4848414555302992,0.9921714967415098,0.992769388356039,1.0,0.06947239979571537,0.0690515226931108
13.0,mse_oracle,nan,29.0,4.0,5.0,0.48595487765715895,0.9924857268688044,0.9913712608145165,1.0,0.06816894957186945,0.06757642748541966
13.0,mse_oracle,nan,30.0,4.0,6.0,0.48719270025876377,0.9924557786802963,0.9960938041610369,1.0,0.06760912561902792,0.06627746734956776
13.0,mse_oracle,nan,31.0,4.0,7.0,0.4884753360264821,0.9925524645781338,0.9931339452381318,1.0,0.06704503501079402,0.06578126605384238
13.0,mse_oracle,nan,32.0,4.0,8.0,0.48998079516573306,0.9934009384150582,0.9931517790118678,1.0,0.06669635167292086,0.06567557638875053
13.0,mse_oracle,nan,33.0,5.0,1.0,0.4914159030881632,1.0,1.0,0.0,0.07028473187517024,0.07028473187517024
13.0,mse_oracle,nan,34.0,5.0,2.0,0.4922032931661481,0.9989349918863913,0.9991073868326572,0.0,0.07051848270476405,0.07051848270476405
13.0,mse_oracle,nan,35.0,5.0,3.0,0.49352981554888986,0.9953133743774788,0.991241185237491,1.0,0.07170504825900847,0.0710519821309168
13.0,mse_oracle,nan,36.0,5.0,4.0,0.495979373019914,0.9941748033557407,0.9928743399094955,1.0,0.07208390363410908,0.0715011893577939
13.0,mse_oracle,nan,37.0,5.0,5.0,0.4964612056881088,0.9956292353823896,0.9952223096191615,1.0,0.07033113341487406,0.06982378100823029
13.0,mse_oracle,nan,38.0,5.0,6.0,0.4984896512683149,0.9931885519148487,0.9944901591900993,1.0,0.07040492670566463,0.06926951452319786
13.0,mse_oracle,nan,39.0,5.0,7.0,0.5001353592354459,0.9937177803649851,0.9930717483888609,1.0,0.06944000754295734,0.06820666421889438
13.0,mse_oracle,nan,40.0,5.0,8.0,0.5009876313497749,0.9888456016639058,0.9892334212354537,1.0,0.06916921845025488,0.0667028194913838
14.0,raw,nan,0.0,0.0,0.0,0.4381825474072605,1.0,1.0,0.0,nan,nan
14.0,raw,nan,1.0,1.0,1.0,0.43937125749941364,1.0,1.0,0.0,nan,nan
14.0,raw,nan,2.0,1.0,2.0,0.4408356364020485,0.9996386187226601,0.9993996455086536,0.0,nan,nan
14.0,raw,nan,3.0,1.0,3.0,0.44291885222546884,0.9985455923910361,0.9988855735743873,0.0,nan,nan
14.0,raw,nan,4.0,1.0,4.0,0.44618256513767024,0.9964052136333104,0.9967437879350137,0.0,nan,nan
14.0,raw,nan,5.0,1.0,5.0,0.44972284447343364,0.9943557656026453,0.9947994271963657,0.0,nan,nan
14.0,raw,nan,6.0,1.0,6.0,0.4517387255003496,0.9887383441191417,0.9911982191284986,0.0,nan,nan
14.0,raw,nan,7.0,1.0,7.0,0.45403847827638316,0.9842872873414676,0.9843245506092736,0.0,nan,nan
14.0,raw,nan,8.0,1.0,8.0,0.45520817721823986,0.980120798136743,0.9750133057098748,0.0,nan,nan
14.0,raw,nan,9.0,2.0,1.0,0.4565857116529378,1.0,1.0,0.0,nan,nan
14.0,raw,nan,10.0,2.0,2.0,0.4581181871234234,0.9937493213787773,0.9947022622921485,0.0,nan,nan
14.0,raw,nan,11.0,2.0,3.0,0.45980459838872667,0.9937145460916437,0.9904070979946945,0.0,nan,nan
14.0,raw,nan,12.0,2.0,4.0,0.46092920142074423,0.9945553546004605,0.9946782588834409,0.0,nan,nan
14.0,raw,nan,13.0,2.0,5.0,0.46284867596128254,0.9951897436311701,0.9953287344283644,0.0,nan,nan
14.0,raw,nan,14.0,2.0,6.0,0.46530629076353913,0.994873113485477,0.9951915819517384,0.0,nan,nan
14.0,raw,nan,15.0,2.0,7.0,0.4662827528861818,0.9957057910419425,0.9962606308438859,0.0,nan,nan
14.0,raw,nan,16.0,2.0,8.0,0.46774667688148086,0.9958392919610362,0.9974390734671508,0.0,nan,nan
14.0,raw,nan,17.0,3.0,1.0,0.46938593889500835,1.0,1.0,0.0,nan,nan
14.0,raw,nan,18.0,3.0,2.0,0.47036851231480364,0.9987536033670429,0.9990404017751362,0.0,nan,nan
14.0,raw,nan,19.0,3.0,3.0,0.4720389937306849,0.9982722100999828,0.998341561390521,0.0,nan,nan
14.0,raw,nan,20.0,3.0,4.0,0.47316766882286854,0.996507233441608,0.9962352550869573,0.0,nan,nan
14.0,raw,nan,21.0,3.0,5.0,0.47399808292879725,0.9935878361763338,0.9944505577572794,0.0,nan,nan
14.0,raw,nan,22.0,3.0,6.0,0.47454307439505283,0.9951954748221988,0.9939892182077097,0.0,nan,nan
14.0,raw,nan,23.0,3.0,7.0,0.47526805342877293,0.9927153432699799,0.993912498826042,0.0,nan,nan
14.0,raw,nan,24.0,3.0,8.0,0.4762962416141994,0.9885531296409724,0.9901636146309113,0.0,nan,nan
14.0,raw,nan,25.0,4.0,1.0,0.4770097688554121,1.0,1.0,0.0,nan,nan
14.0,raw,nan,26.0,4.0,2.0,0.47756535038893394,0.9988394494885888,0.9991276299943548,0.0,nan,nan
14.0,raw,nan,27.0,4.0,3.0,0.479065757965008,0.997770936157102,0.9984040733613897,0.0,nan,nan
14.0,raw,nan,28.0,4.0,4.0,0.4797427962211723,0.9973717359702555,0.9979447276759208,0.0,nan,nan
14.0,raw,nan,29.0,4.0,5.0,0.48065226380315257,0.9962123642625876,0.9952368830905851,0.0,nan,nan
14.0,raw,nan,30.0,4.0,6.0,0.4815864576153586,0.9894830932253623,0.9926759928760249,0.0,nan,nan
14.0,raw,nan,31.0,4.0,7.0,0.48339068207524827,0.9852652644968564,0.9813124854594064,0.0,nan,nan
14.0,raw,nan,32.0,4.0,8.0,0.4840241938435253,0.9867414128026097,0.9900670162717092,0.0,nan,nan
14.0,raw,nan,33.0,5.0,1.0,0.4850385270304396,1.0,1.0,0.0,nan,nan
14.0,raw,nan,34.0,5.0,2.0,0.48735663540255075,0.9989893127297741,0.999571380123245,0.0,nan,nan
14.0,raw,nan,35.0,5.0,3.0,0.48888390466723736,0.9988173337302406,0.9990421176449474,0.0,nan,nan
14.0,raw,nan,36.0,5.0,4.0,0.4904184993622952,0.997837905854981,0.9988657681343694,0.0,nan,nan
14.0,raw,nan,37.0,5.0,5.0,0.49156860749966996,0.9971212468899788,0.9984015421793855,0.0,nan,nan
14.0,raw,nan,38.0,5.0,6.0,0.49364356759047995,0.9960479547339528,0.9949835720464865,0.0,nan,nan
14.0,raw,nan,39.0,5.0,7.0,0.4955181204886901,0.9927761240459558,0.9921269051792146,0.0,nan,nan
14.0,raw,nan,40.0,5.0,8.0,0.4965834983907463,0.9898627240912775,0.9896702799040432,0.0,nan,nan
14.0,ppo,nan,0.0,0.0,0.0,0.4381825474072605,1.0,1.0,0.0,nan,nan
14.0,ppo,nan,1.0,1.0,1.0,0.43937125749941364,1.0,1.0,1.0,nan,nan
14.0,ppo,nan,2.0,1.0,2.0,0.4408356364020485,0.9996386187226601,0.9993996455086536,1.0,nan,nan
14.0,ppo,nan,3.0,1.0,3.0,0.44291885222546884,0.9985455923910361,0.9988855735743873,1.0,nan,nan
14.0,ppo,nan,4.0,1.0,4.0,0.44618256513767024,0.9964052136333104,0.9967437879350137,1.0,nan,nan
14.0,ppo,nan,5.0,1.0,5.0,0.44972284447343364,0.9943557656026453,0.9947994271963657,1.0,nan,nan
14.0,ppo,nan,6.0,1.0,6.0,0.45159922714146145,0.9887383441191417,0.9911982191284986,1.0,nan,nan
14.0,ppo,nan,7.0,1.0,7.0,0.4535908198180422,0.9851669863836078,0.9850900020104609,1.0,nan,nan
14.0,ppo,nan,8.0,1.0,8.0,0.45451750653785045,0.9826832904347435,0.9784467578397094,1.0,nan,nan
14.0,ppo,nan,9.0,2.0,1.0,0.4558888668111016,1.0,1.0,1.0,nan,nan
14.0,ppo,nan,10.0,2.0,2.0,0.4574566659966983,0.9937515682873518,0.9946195593643342,1.0,nan,nan
14.0,ppo,nan,11.0,2.0,3.0,0.4591990238180201,0.9939327825029944,0.9903884358236823,1.0,nan,nan
14.0,ppo,nan,12.0,2.0,4.0,0.46013699161964394,0.9951633794322841,0.9960369760103966,1.0,nan,nan
14.0,ppo,nan,13.0,2.0,5.0,0.4621088572130987,0.9960993042506132,0.9962276476971821,1.0,nan,nan
14.0,ppo,nan,14.0,2.0,6.0,0.46467677676708075,0.9959721634893206,0.9961355125241345,1.0,nan,nan
14.0,ppo,nan,15.0,2.0,7.0,0.46569641929463584,0.9957899234041961,0.9963162282846042,1.0,nan,nan
14.0,ppo,nan,16.0,2.0,8.0,0.46711996061302236,0.9965021467347134,0.9967046043062134,1.0,nan,nan
14.0,ppo,nan,17.0,3.0,1.0,0.4688181489816234,1.0,1.0,1.0,nan,nan
14.0,ppo,nan,18.0,3.0,2.0,0.46989628561305996,0.9989521081031417,0.9992023950928178,1.0,nan,nan
14.0,ppo,nan,19.0,3.0,3.0,0.47162554252392874,0.9989356841196044,0.9989333787445541,1.0,nan,nan
14.0,ppo,nan,20.0,3.0,4.0,0.47302967683797364,0.997468861116948,0.9976222203031295,1.0,nan,nan
14.0,ppo,nan,21.0,3.0,5.0,0.47350934152556917,0.9942698847852218,0.9954395627318897,1.0,nan,nan
14.0,ppo,nan,22.0,3.0,6.0,0.47414971442480847,0.9958116043332925,0.994741495640727,1.0,nan,nan
14.0,ppo,nan,23.0,3.0,7.0,0.47501930360065014,0.9938450098130165,0.9952842200882714,1.0,nan,nan
14.0,ppo,nan,24.0,3.0,8.0,0.476174007319945,0.9911454872302755,0.9901981386212424,1.0,nan,nan
14.0,ppo,nan,25.0,4.0,1.0,0.4770320042147071,1.0,0.9999999999999999,1.0,nan,nan
14.0,ppo,nan,26.0,4.0,2.0,0.47756299472673286,0.9987484321796388,0.9989609570549748,1.0,nan,nan
14.0,ppo,nan,27.0,4.0,3.0,0.4792467531984598,0.9976415154659826,0.9985546032068504,1.0,nan,nan
14.0,ppo,nan,28.0,4.0,4.0,0.4798556364083163,0.9973545382064829,0.9981045661447324,1.0,nan,nan
14.0,ppo,nan,29.0,4.0,5.0,0.4805766427454794,0.9965691166462324,0.9954705536052839,1.0,nan,nan
14.0,ppo,nan,30.0,4.0,6.0,0.48150208332376226,0.9904222641972099,0.9926850455490626,1.0,nan,nan
14.0,ppo,nan,31.0,4.0,7.0,0.4832109673188132,0.9876341485154032,0.9864960811092813,1.0,nan,nan
14.0,ppo,nan,32.0,4.0,8.0,0.4838844241652969,0.9899848562365923,0.9919001120356574,1.0,nan,nan
14.0,ppo,nan,33.0,5.0,1.0,0.48468732283273214,1.0,1.0,1.0,nan,nan
14.0,ppo,nan,34.0,5.0,2.0,0.48689717080233064,0.9988537165601533,0.999540246037466,1.0,nan,nan
14.0,ppo,nan,35.0,5.0,3.0,0.48862714238448235,0.998777054799533,0.9989340301897532,1.0,nan,nan
14.0,ppo,nan,36.0,5.0,4.0,0.4902445850513779,0.9977266369417519,0.9985469414253053,1.0,nan,nan
14.0,ppo,nan,37.0,5.0,5.0,0.49138039402387756,0.9971739319805769,0.9981714336310458,1.0,nan,nan
14.0,ppo,nan,38.0,5.0,6.0,0.4934491077298206,0.996037862934374,0.9958961242272846,1.0,nan,nan
14.0,ppo,nan,39.0,5.0,7.0,0.49526889644992994,0.9924206030555719,0.9929797912117663,1.0,nan,nan
14.0,ppo,nan,40.0,5.0,8.0,0.4959950511097775,0.9906694552887405,0.9908053394297557,1.0,nan,nan
14.0,mse_oracle,nan,0.0,0.0,0.0,0.4381825474072605,1.0,1.0,0.0,nan,nan
14.0,mse_oracle,nan,1.0,1.0,1.0,0.43937125749941364,1.0,1.0,0.0,0.06706072794876566,0.06706072794876566
14.0,mse_oracle,nan,2.0,1.0,2.0,0.4408356364020485,0.9996386187226601,0.9993996455086536,0.0,0.06693669420097162,0.06693669420097162
14.0,mse_oracle,nan,3.0,1.0,3.0,0.44291885222546884,0.9985455923910361,0.9988855735743873,0.0,0.06683332928831634,0.06683332928831634
14.0,mse_oracle,nan,4.0,1.0,4.0,0.44618256513767024,0.9964052136333104,0.9967437879350137,0.0,0.06645147502763735,0.06645147502763735
14.0,mse_oracle,nan,5.0,1.0,5.0,0.44972284447343364,0.9943557656026453,0.9947994271963657,1.0,0.06548078336528339,0.0653576058865043
14.0,mse_oracle,nan,6.0,1.0,6.0,0.45159922714146145,0.9887383441191417,0.9911982191284986,1.0,0.06461733964268072,0.0640385658701595
14.0,mse_oracle,nan,7.0,1.0,7.0,0.4535908198180422,0.9851669863836078,0.9850900020104609,1.0,0.06422833302100855,0.06310299266909683
14.0,mse_oracle,nan,8.0,1.0,8.0,0.45451750653785045,0.9826832904347435,0.9784467578397094,1.0,0.06373036542335633,0.0620512745520687
14.0,mse_oracle,nan,9.0,2.0,1.0,0.4558888668111016,1.0,1.0,0.0,0.0682652151987029,0.0682652151987029
14.0,mse_oracle,nan,10.0,2.0,2.0,0.4574566659966983,0.9937515682873518,0.9946195593643342,1.0,0.06784777867621025,0.06697868641602847
14.0,mse_oracle,nan,11.0,2.0,3.0,0.4591990238180201,0.9939327825029944,0.9903884358236823,1.0,0.06750811536734426,0.0666221456191493
14.0,mse_oracle,nan,12.0,2.0,4.0,0.46013699161964394,0.9951633794322841,0.9960369760103966,1.0,0.0670094121518642,0.06660475846335866
14.0,mse_oracle,nan,13.0,2.0,5.0,0.4621088572130987,0.9960993042506132,0.9962276476971821,1.0,0.06720709968006677,0.067194686918051
14.0,mse_oracle,nan,14.0,2.0,6.0,0.46467677676708075,0.9959721634893206,0.9961355125241345,1.0,0.06682082586432171,0.06676081150553101
14.0,mse_oracle,nan,15.0,2.0,7.0,0.46569641929463584,0.9957899234041961,0.9963162282846042,1.0,0.065984222346739,0.06597871696043538
14.0,mse_oracle,nan,16.0,2.0,8.0,0.46711996061302236,0.9965021467347134,0.9967046043062134,0.0,0.06597631942606205,0.06597631942606205
14.0,mse_oracle,nan,17.0,3.0,1.0,0.4688181489816234,1.0,1.0,0.0,0.06901038869493333,0.06901038869493333
14.0,mse_oracle,nan,18.0,3.0,2.0,0.46989628561305996,0.9989521081031417,0.9992023950928178,0.0,0.0689811395703846,0.0689811395703846
14.0,mse_oracle,nan,19.0,3.0,3.0,0.47162554252392874,0.9989356841196044,0.9989333787445541,0.0,0.06854683542381296,0.06854683542381296
14.0,mse_oracle,nan,20.0,3.0,4.0,0.47302967683797364,0.997468861116948,0.9976222203031295,0.0,0.06851369947147391,0.06851369947147391
14.0,mse_oracle,nan,21.0,3.0,5.0,0.47350934152556917,0.9942698847852218,0.9954395627318897,1.0,0.06793237211346531,0.06741997439567368
14.0,mse_oracle,nan,22.0,3.0,6.0,0.47414971442480847,0.9958116043332925,0.994741495640727,1.0,0.06826725163643498,0.06799831399125643
14.0,mse_oracle,nan,23.0,3.0,7.0,0.47501930360065014,0.9938450098130165,0.9952842200882714,1.0,0.06891060573246752,0.06801459421518873
14.0,mse_oracle,nan,24.0,3.0,8.0,0.476174007319945,0.9911454872302755,0.9901981386212424,1.0,0.06936928475468249,0.06758169929733951
14.0,mse_oracle,nan,25.0,4.0,1.0,0.4770320042147071,1.0,0.9999999999999999,0.0,0.06972311162874029,0.06972311162874029
14.0,mse_oracle,nan,26.0,4.0,2.0,0.47756299472673286,0.9987484321796388,0.9989609570549748,0.0,0.07009319724899285,0.07009319724899285
14.0,mse_oracle,nan,27.0,4.0,3.0,0.4792467531984598,0.9976415154659826,0.9985546032068504,0.0,0.07034822894763718,0.07034822894763718
14.0,mse_oracle,nan,28.0,4.0,4.0,0.4798556364083163,0.9973545382064829,0.9981045661447324,0.0,0.07008466596394011,0.07008466596394011
14.0,mse_oracle,nan,29.0,4.0,5.0,0.4805766427454794,0.9965691166462324,0.9954705536052839,0.0,0.07032503480453242,0.07032503480453242
14.0,mse_oracle,nan,30.0,4.0,6.0,0.48150208332376226,0.9904222641972099,0.9926850455490626,1.0,0.07097731496770308,0.06985018683042105
14.0,mse_oracle,nan,31.0,4.0,7.0,0.4832109673188132,0.9876341485154032,0.9864960811092813,1.0,0.0711357292563166,0.06995864626453703
14.0,mse_oracle,nan,32.0,4.0,8.0,0.4838844241652969,0.9899848562365923,0.9919001120356574,1.0,0.07009262121391954,0.0686688404600287
14.0,mse_oracle,nan,33.0,5.0,1.0,0.48468732283273214,1.0,1.0,0.0,0.07017559466448917,0.07017559466448917
14.0,mse_oracle,nan,34.0,5.0,2.0,0.48689717080233064,0.9988537165601533,0.999540246037466,0.0,0.07053531519964168,0.07053531519964168
14.0,mse_oracle,nan,35.0,5.0,3.0,0.48862714238448235,0.998777054799533,0.9989340301897532,0.0,0.06954141450670852,0.06954141450670852
14.0,mse_oracle,nan,36.0,5.0,4.0,0.4902445850513779,0.9977266369417519,0.9985469414253053,1.0,0.06902854434066572,0.06902837209333662
14.0,mse_oracle,nan,37.0,5.0,5.0,0.49138039402387756,0.9971739319805769,0.9981714336310458,1.0,0.06828596884640153,0.06827419709917969
14.0,mse_oracle,nan,38.0,5.0,6.0,0.4934491077298206,0.996037862934374,0.9958961242272846,1.0,0.06782599906994449,0.06766193426409745
14.0,mse_oracle,nan,39.0,5.0,7.0,0.49526889644992994,0.9924206030555719,0.9929797912117663,1.0,0.06732923130730191,0.06576361572779696
14.0,mse_oracle,nan,40.0,5.0,8.0,0.4959950511097775,0.9906694552887405,0.9908053394297557,1.0,0.0670241814213317,0.06460477970485498
15.0,raw,nan,0.0,0.0,0.0,0.4381825474072605,1.0,1.0,0.0,nan,nan
15.0,raw,nan,1.0,1.0,1.0,0.4386270205052231,1.0,1.0,0.0,nan,nan
15.0,raw,nan,2.0,1.0,2.0,0.44068624802422823,0.9963310487190778,0.9966877295592079,0.0,nan,nan
15.0,raw,nan,3.0,1.0,3.0,0.44372972420798107,0.9952856378246204,0.9968750802178876,0.0,nan,nan
15.0,raw,nan,4.0,1.0,4.0,0.44551917725098633,0.9920160114878699,0.9942008107470255,0.0,nan,nan
15.0,raw,nan,5.0,1.0,5.0,0.4473879099158456,0.9904525678245719,0.9898739741985965,0.0,nan,nan
15.0,raw,nan,6.0,1.0,6.0,0.44803880131716584,0.9913674276173856,0.9915727775320584,0.0,nan,nan
15.0,raw,nan,7.0,1.0,7.0,0.4495893870393217,0.9916308571621593,0.9922789123407456,0.0,nan,nan
15.0,raw,nan,8.0,1.0,8.0,0.4513350735137058,0.9878380691503984,0.9846006221597066,0.0,nan,nan
15.0,raw,nan,9.0,2.0,1.0,0.45221489952282534,1.0,1.0,0.0,nan,nan
15.0,raw,nan,10.0,2.0,2.0,0.45363940114872026,0.9992779749020251,0.9991433443048214,0.0,nan,nan
15.0,raw,nan,11.0,2.0,3.0,0.4555175864219276,0.997961167318741,0.997991314441958,0.0,nan,nan
15.0,raw,nan,12.0,2.0,4.0,0.45798001611223665,0.9960447023936257,0.9960581676579189,0.0,nan,nan
15.0,raw,nan,13.0,2.0,5.0,0.4596654635006816,0.9939160575716431,0.994002077263651,0.0,nan,nan
15.0,raw,nan,14.0,2.0,6.0,0.46167609169990287,0.9894266418169215,0.9909456966715038,0.0,nan,nan
15.0,raw,nan,15.0,2.0,7.0,0.4638101280966978,0.993002018043332,0.993454490308193,0.0,nan,nan
15.0,raw,nan,16.0,2.0,8.0,0.4660605858426899,0.9893409373486428,0.9927267623542465,0.0,nan,nan
15.0,raw,nan,17.0,3.0,1.0,0.4673323315717109,1.0,0.9999999999999999,0.0,nan,nan
15.0,raw,nan,18.0,3.0,2.0,0.4687355569891282,0.9989316632607042,0.998926449654134,0.0,nan,nan
15.0,raw,nan,19.0,3.0,3.0,0.47031139343293166,0.9967566541993245,0.9970412771404639,0.0,nan,nan
15.0,raw,nan,20.0,3.0,4.0,0.4720792140081499,0.9958615964778501,0.9964722114032586,0.0,nan,nan
15.0,raw,nan,21.0,3.0,5.0,0.47353654294562936,0.9949661549120237,0.9963538638938636,0.0,nan,nan
15.0,raw,nan,22.0,3.0,6.0,0.4741641022085516,0.9921037776780153,0.9927832369041004,0.0,nan,nan
15.0,raw,nan,23.0,3.0,7.0,0.47565820862595276,0.9895902068656883,0.9880547071824713,0.0,nan,nan
15.0,raw,nan,24.0,3.0,8.0,0.47655593217400816,0.9864351299468893,0.987511660238158,0.0,nan,nan
15.0,raw,nan,25.0,4.0,1.0,0.47895897659400344,1.0,1.0,0.0,nan,nan
15.0,raw,nan,26.0,4.0,2.0,0.48151087152112404,0.9982053547675661,0.9979909718039214,0.0,nan,nan
15.0,raw,nan,27.0,4.0,3.0,0.48330774255309117,0.9942919213875689,0.9900502919738525,0.0,nan,nan
15.0,raw,nan,28.0,4.0,4.0,0.48464718200701906,0.9881392510433713,0.986569177437046,0.0,nan,nan
15.0,raw,nan,29.0,4.0,5.0,0.48570066031962916,0.9915627613959513,0.9938383813082837,0.0,nan,nan
15.0,raw,nan,30.0,4.0,6.0,0.4869151579814516,0.9930936633549344,0.9919668579522039,0.0,nan,nan
15.0,raw,nan,31.0,4.0,7.0,0.4881474003259746,0.9911373885761867,0.9904711400156185,0.0,nan,nan
15.0,raw,nan,32.0,4.0,8.0,0.4899157002583451,0.9904765966420281,0.9935161204540374,0.0,nan,nan
15.0,raw,nan,33.0,5.0,1.0,0.4911343177024151,1.0,0.9999999999999999,0.0,nan,nan
15.0,raw,nan,34.0,5.0,2.0,0.4930315551741213,0.9987426463812379,0.9989868914587442,0.0,nan,nan
15.0,raw,nan,35.0,5.0,3.0,0.49467938206296336,0.9982329383639038,0.9987042145327746,0.0,nan,nan
15.0,raw,nan,36.0,5.0,4.0,0.49678939738571015,0.9976555505891506,0.9982740322085945,0.0,nan,nan
15.0,raw,nan,37.0,5.0,5.0,0.4980877870029408,0.9952837699926704,0.9927136978737726,0.0,nan,nan
15.0,raw,nan,38.0,5.0,6.0,0.4992470144908936,0.9946144264984195,0.9942068201839092,0.0,nan,nan
15.0,raw,nan,39.0,5.0,7.0,0.5007617099998899,0.9926941145660909,0.9920719387837245,0.0,nan,nan
15.0,raw,nan,40.0,5.0,8.0,0.5017235465706257,0.9915040414940097,0.9914919400187658,0.0,nan,nan
15.0,ppo,nan,0.0,0.0,0.0,0.4381825474072605,1.0,1.0,0.0,nan,nan
15.0,ppo,nan,1.0,1.0,1.0,0.4386270205052231,1.0,1.0,1.0,nan,nan
15.0,ppo,nan,2.0,1.0,2.0,0.44068624802422823,0.9963310487190778,0.9966877295592079,1.0,nan,nan
15.0,ppo,nan,3.0,1.0,3.0,0.44372972420798107,0.9952856378246204,0.9968750802178876,1.0,nan,nan
15.0,ppo,nan,4.0,1.0,4.0,0.4455776620650439,0.9920160114878699,0.9942008107470255,1.0,nan,nan
15.0,ppo,nan,5.0,1.0,5.0,0.4474116866152356,0.9914914680429431,0.9913625927292768,1.0,nan,nan
15.0,ppo,nan,6.0,1.0,6.0,0.4480637134380372,0.9920809946088462,0.9922483698174979,1.0,nan,nan
15.0,ppo,nan,7.0,1.0,7.0,0.44962343795402043,0.9923951449921389,0.992649645612543,1.0,nan,nan
15.0,ppo,nan,8.0,1.0,8.0,0.4515098170760481,0.9886012758946181,0.9860680300298839,1.0,nan,nan
15.0,ppo,nan,9.0,2.0,1.0,0.4519997512126066,1.0,1.0,1.0,nan,nan
15.0,ppo,nan,10.0,2.0,2.0,0.4530605195564253,0.9988541958833782,0.9986046841855081,1.0,nan,nan
15.0,ppo,nan,11.0,2.0,3.0,0.4548849394981586,0.9964159313789804,0.9964798862062776,1.0,nan,nan
15.0,ppo,nan,12.0,2.0,4.0,0.4574827555662623,0.9941723707652244,0.9951212449510547,1.0,nan,nan
15.0,ppo,nan,13.0,2.0,5.0,0.4594090308572759,0.9937857417493501,0.9952814932703518,1.0,nan,nan
15.0,ppo,nan,14.0,2.0,6.0,0.461428674626289,0.989905146221683,0.9897172334675484,1.0,nan,nan
15.0,ppo,nan,15.0,2.0,7.0,0.463778822545871,0.9933229122300162,0.9923019541788086,1.0,nan,nan
15.0,ppo,nan,16.0,2.0,8.0,0.46586275768172114,0.9909948405141966,0.9943345369501976,1.0,nan,nan
15.0,ppo,nan,17.0,3.0,1.0,0.46703566501272514,1.0,1.0,1.0,nan,nan
15.0,ppo,nan,18.0,3.0,2.0,0.46836747322819533,0.9985762646257094,0.9989002454111261,1.0,nan,nan
15.0,ppo,nan,19.0,3.0,3.0,0.4699185666368133,0.9964854336443802,0.9961827202324223,1.0,nan,nan
15.0,ppo,nan,20.0,3.0,4.0,0.4716710863457491,0.9956293546275046,0.9963101308031401,1.0,nan,nan
15.0,ppo,nan,21.0,3.0,5.0,0.473092110963291,0.9945835404391121,0.9957889106360992,1.0,nan,nan
15.0,ppo,nan,22.0,3.0,6.0,0.47357528368391805,0.9931605251461592,0.9918392252157401,1.0,nan,nan
15.0,ppo,nan,23.0,3.0,7.0,0.4754265220649869,0.9918277475639825,0.9909953858233106,1.0,nan,nan
15.0,ppo,nan,24.0,3.0,8.0,0.4763334303418777,0.9931166970206918,0.9937334751054003,1.0,nan,nan
15.0,ppo,nan,25.0,4.0,1.0,0.47883436341614544,1.0,1.0,1.0,nan,nan
15.0,ppo,nan,26.0,4.0,2.0,0.48165272697973205,0.9981709061876861,0.9978382641073161,1.0,nan,nan
15.0,ppo,nan,27.0,4.0,3.0,0.48339498341370213,0.9939228621756827,0.9916520324117676,1.0,nan,nan
15.0,ppo,nan,28.0,4.0,4.0,0.4844123642436979,0.9888364242860889,0.987100016140222,1.0,nan,nan
15.0,ppo,nan,29.0,4.0,5.0,0.4853818830111414,0.9923421384008105,0.9949377990587497,1.0,nan,nan
15.0,ppo,nan,30.0,4.0,6.0,0.48658425525781096,0.993968398210117,0.9929189378019512,1.0,nan,nan
15.0,ppo,nan,31.0,4.0,7.0,0.48734536083543245,0.9909645077181382,0.9910544614623105,1.0,nan,nan
15.0,ppo,nan,32.0,4.0,8.0,0.48905983690907545,0.9935549172812016,0.9955944389076633,1.0,nan,nan
15.0,ppo,nan,33.0,5.0,1.0,0.4902724698249773,1.0,1.0000000000000002,1.0,nan,nan
15.0,ppo,nan,34.0,5.0,2.0,0.49223294587999916,0.998725213172393,0.9989964613833504,1.0,nan,nan
15.0,ppo,nan,35.0,5.0,3.0,0.4938078798676977,0.9982528986457949,0.9986963216033357,1.0,nan,nan
15.0,ppo,nan,36.0,5.0,4.0,0.4959228723865134,0.9976644013183635,0.9980876752902621,1.0,nan,nan
15.0,ppo,nan,37.0,5.0,5.0,0.4971707612281924,0.9959662442497643,0.9937098348514356,1.0,nan,nan
15.0,ppo,nan,38.0,5.0,6.0,0.49843497628479994,0.9958767869478887,0.9954219211426665,1.0,nan,nan
15.0,ppo,nan,39.0,5.0,7.0,0.49977109628729477,0.9938646962157158,0.9946332396201616,1.0,nan,nan
15.0,ppo,nan,40.0,5.0,8.0,0.5006057521482689,0.9935802395097325,0.992812086423385,1.0,nan,nan
15.0,mse_oracle,nan,0.0,0.0,0.0,0.4381825474072605,1.0,1.0,0.0,nan,nan
15.0,mse_oracle,nan,1.0,1.0,1.0,0.4386270205052231,1.0,1.0,0.0,0.06706072794876566,0.06706072794876566
15.0,mse_oracle,nan,2.0,1.0,2.0,0.44068624802422823,0.9963310487190778,0.9966877295592079,1.0,0.06730209256026251,0.06712500028658994
15.0,mse_oracle,nan,3.0,1.0,3.0,0.44372972420798107,0.9952856378246204,0.9968750802178876,1.0,0.06690807048359584,0.06664963511945612
15.0,mse_oracle,nan,4.0,1.0,4.0,0.4455776620650439,0.9920160114878699,0.9942008107470255,1.0,0.06626938279462866,0.06574189845790153
15.0,mse_oracle,nan,5.0,1.0,5.0,0.4474116866152356,0.9914914680429431,0.9913625927292768,1.0,0.06592717550508007,0.06525756426850628
15.0,mse_oracle,nan,6.0,1.0,6.0,0.4480637134380372,0.9920809946088462,0.9922483698174979,1.0,0.06554657510767871,0.06517274144245798
15.0,mse_oracle,nan,7.0,1.0,7.0,0.44962343795402043,0.9923951449921389,0.992649645612543,1.0,0.0656713335600546,0.06517766863235618
15.0,mse_oracle,nan,8.0,1.0,8.0,0.4515098170760481,0.9886012758946181,0.9860680300298839,1.0,0.06551141176519168,0.06380782853725347
15.0,mse_oracle,nan,9.0,2.0,1.0,0.4519997512126066,1.0,1.0,0.0,0.06802677670385845,0.06802677670385845
15.0,mse_oracle,nan,10.0,2.0,2.0,0.4530605195564253,0.9988541958833782,0.9986046841855081,0.0,0.06810219075189275,0.06810219075189275
15.0,mse_oracle,nan,11.0,2.0,3.0,0.4548849394981586,0.9964159313789804,0.9964798862062776,1.0,0.06841244771197587,0.06839430615352117
15.0,mse_oracle,nan,12.0,2.0,4.0,0.4574827555662623,0.9941723707652244,0.9951212449510547,1.0,0.06822691809710325,0.0679919125633715
15.0,mse_oracle,nan,13.0,2.0,5.0,0.4594090308572759,0.9937857417493501,0.9952814932703518,1.0,0.06757950719823771,0.06746789763929306
15.0,mse_oracle,nan,14.0,2.0,6.0,0.461428674626289,0.989905146221683,0.9897172334675484,1.0,0.06687517712294405,0.06604549065828219
15.0,mse_oracle,nan,15.0,2.0,7.0,0.463778822545871,0.9933229122300162,0.9923019541788086,1.0,0.0665497785193983,0.06621070023394297
15.0,mse_oracle,nan,16.0,2.0,8.0,0.46586275768172114,0.9909948405141966,0.9943345369501976,1.0,0.06577483095529561,0.06451289287556435
15.0,mse_oracle,nan,17.0,3.0,1.0,0.46703566501272514,1.0,1.0,0.0,0.06906763730763976,0.06906763730763976
15.0,mse_oracle,nan,18.0,3.0,2.0,0.46836747322819533,0.9985762646257094,0.9989002454111261,0.0,0.06870868893051996,0.06870868893051996
15.0,mse_oracle,nan,19.0,3.0,3.0,0.4699185666368133,0.9964854336443802,0.9961827202324223,0.0,0.06865377468357095,0.06865377468357095
15.0,mse_oracle,nan,20.0,3.0,4.0,0.4716710863457491,0.9956293546275046,0.9963101308031401,1.0,0.06819678714752898,0.0681589833394366
15.0,mse_oracle,nan,21.0,3.0,5.0,0.473092110963291,0.9945835404391121,0.9957889106360992,1.0,0.06803240507030375,0.06753416490462533
15.0,mse_oracle,nan,22.0,3.0,6.0,0.47357528368391805,0.9931605251461592,0.9918392252157401,1.0,0.0680474072367705,0.06716157386058426
15.0,mse_oracle,nan,23.0,3.0,7.0,0.4754265220649869,0.9918277475639825,0.9909953858233106,1.0,0.06823017140827392,0.06685237909096381
15.0,mse_oracle,nan,24.0,3.0,8.0,0.4763334303418777,0.9931166970206918,0.9937334751054003,1.0,0.06736521633023518,0.06622318074867702
15.0,mse_oracle,nan,25.0,4.0,1.0,0.47883436341614544,1.0,1.0,0.0,0.06966090835668173,0.06966090835668173
15.0,mse_oracle,nan,26.0,4.0,2.0,0.48165272697973205,0.9981709061876861,0.9978382641073161,0.0,0.06909942158119733,0.06909942158119733
15.0,mse_oracle,nan,27.0,4.0,3.0,0.48339498341370213,0.9939228621756827,0.9916520324117676,1.0,0.06786882150710684,0.06705917979232694
15.0,mse_oracle,nan,28.0,4.0,4.0,0.4844123642436979,0.9888364242860889,0.987100016140222,1.0,0.06801499758051248,0.06629387730811363
15.0,mse_oracle,nan,29.0,4.0,5.0,0.4853818830111414,0.9923421384008105,0.9949377990587497,1.0,0.06759940765004184,0.06621510360182203
15.0,mse_oracle,nan,30.0,4.0,6.0,0.48658425525781096,0.993968398210117,0.9929189378019512,1.0,0.06806154925941864,0.0674053948874301
15.0,mse_oracle,nan,31.0,4.0,7.0,0.48734536083543245,0.9909645077181382,0.9910544614623105,1.0,0.06778380631018925,0.06684403639806304
15.0,mse_oracle,nan,32.0,4.0,8.0,0.48905983690907545,0.9935549172812016,0.9955944389076633,1.0,0.06744119532907664,0.06644519252637761
15.0,mse_oracle,nan,33.0,5.0,1.0,0.4902724698249773,1.0,1.0000000000000002,0.0,0.07042869296380307,0.07042869296380307
15.0,mse_oracle,nan,34.0,5.0,2.0,0.49223294587999916,0.998725213172393,0.9989964613833504,0.0,0.07023012505437992,0.07023012505437992
15.0,mse_oracle,nan,35.0,5.0,3.0,0.4938078798676977,0.9982528986457949,0.9986963216033357,0.0,0.06932986592362919,0.06932986592362919
15.0,mse_oracle,nan,36.0,5.0,4.0,0.4959228723865134,0.9976644013183635,0.9980876752902621,1.0,0.06934209145898057,0.06933556864437383
15.0,mse_oracle,nan,37.0,5.0,5.0,0.4971707612281924,0.9959662442497643,0.9937098348514356,1.0,0.06812420435179668,0.06786993710299015
15.0,mse_oracle,nan,38.0,5.0,6.0,0.49843497628479994,0.9958767869478887,0.9954219211426665,1.0,0.06748629647493884,0.06716701246070476
15.0,mse_oracle,nan,39.0,5.0,7.0,0.49977109628729477,0.9938646962157158,0.9946332396201616,1.0,0.06724036061269659,0.06596349832669575
15.0,mse_oracle,nan,40.0,5.0,8.0,0.5006057521482689,0.9935802395097325,0.992812086423385,1.0,0.06705823289088556,0.06553335822101568
16.0,raw,nan,0.0,0.0,0.0,0.4381825474072605,1.0,1.0,0.0,nan,nan
16.0,raw,nan,1.0,1.0,1.0,0.43999911502323935,1.0,1.0,0.0,nan,nan
16.0,raw,nan,2.0,1.0,2.0,0.4426280988488996,0.9990965745213671,0.9992491457911397,0.0,nan,nan
16.0,raw,nan,3.0,1.0,3.0,0.4453932764588275,0.998555913581522,0.9984649262094796,0.0,nan,nan
16.0,raw,nan,4.0,1.0,4.0,0.44696682809467275,0.9938920399492004,0.9946645575885057,0.0,nan,nan
16.0,raw,nan,5.0,1.0,5.0,0.44802924257966203,0.9902076140957293,0.9897881661539851,0.0,nan,nan
16.0,raw,nan,6.0,1.0,6.0,0.4503564642359209,0.9915296961113274,0.9903170365421214,0.0,nan,nan
16.0,raw,nan,7.0,1.0,7.0,0.4517858619298306,0.9848178092767221,0.9844911876652928,0.0,nan,nan
16.0,raw,nan,8.0,1.0,8.0,0.453814822140582,0.9811049151041663,0.9849949079116109,0.0,nan,nan
16.0,raw,nan,9.0,2.0,1.0,0.4551022550194757,1.0,1.0000000000000002,0.0,nan,nan
16.0,raw,nan,10.0,2.0,2.0,0.4556288760231923,0.9984335117417379,0.9984881724808617,0.0,nan,nan
16.0,raw,nan,11.0,2.0,3.0,0.4574426295227973,0.9986553913682361,0.9983067792074405,0.0,nan,nan
16.0,raw,nan,12.0,2.0,4.0,0.4589700388980371,0.9985081367615929,0.9986160247214134,0.0,nan,nan
16.0,raw,nan,13.0,2.0,5.0,0.46100813752636866,0.9984388673859436,0.9988800588686493,0.0,nan,nan
16.0,raw,nan,14.0,2.0,6.0,0.46266427237257374,0.9978542309980715,0.9983357873708577,0.0,nan,nan
16.0,raw,nan,15.0,2.0,7.0,0.4643435135239622,0.9974104518658181,0.9977842691662564,0.0,nan,nan
16.0,raw,nan,16.0,2.0,8.0,0.465809043383009,0.9965877162665034,0.9969021157725522,0.0,nan,nan
16.0,raw,nan,17.0,3.0,1.0,0.4671920710653534,1.0,1.0,0.0,nan,nan
16.0,raw,nan,18.0,3.0,2.0,0.4684500924681605,0.9989060298473553,0.9991304145887716,0.0,nan,nan
16.0,raw,nan,19.0,3.0,3.0,0.4704982644964669,0.9983280712790464,0.9980778188974698,0.0,nan,nan
16.0,raw,nan,20.0,3.0,4.0,0.47286221029603115,0.9973960129360094,0.9978072435850992,0.0,nan,nan
16.0,raw,nan,21.0,3.0,5.0,0.4749103936367191,0.9973818332948824,0.9980586516727002,0.0,nan,nan
16.0,raw,nan,22.0,3.0,6.0,0.4761371152935818,0.9938874057565581,0.9944537364454115,0.0,nan,nan
16.0,raw,nan,23.0,3.0,7.0,0.47745093549325546,0.9959149058781565,0.9969435595372437,0.0,nan,nan
16.0,raw,nan,24.0,3.0,8.0,0.47863569915083415,0.9935242842545796,0.9930724138605835,0.0,nan,nan
16.0,raw,nan,25.0,4.0,1.0,0.48001822438526026,1.0,1.0,0.0,nan,nan
16.0,raw,nan,26.0,4.0,2.0,0.4817001945426408,0.9984913701234184,0.9982948911975367,0.0,nan,nan
16.0,raw,nan,27.0,4.0,3.0,0.48307080822320225,0.996228698604918,0.9960576043561885,0.0,nan,nan
16.0,raw,nan,28.0,4.0,4.0,0.4850421515845285,0.9966754885507771,0.9976857949671133,0.0,nan,nan
16.0,raw,nan,29.0,4.0,5.0,0.48652472060681795,0.9960978552973047,0.9948064808788696,0.0,nan,nan
16.0,raw,nan,30.0,4.0,6.0,0.487954522376135,0.9937008978707789,0.9941134564132826,0.0,nan,nan
16.0,raw,nan,31.0,4.0,7.0,0.48943793378824146,0.9887703540867303,0.9892161553632355,0.0,nan,nan
16.0,raw,nan,32.0,4.0,8.0,0.49076619461837956,0.9873851216187715,0.9888607761649286,0.0,nan,nan
16.0,raw,nan,33.0,5.0,1.0,0.49144111315743677,1.0,1.0,0.0,nan,nan
16.0,raw,nan,34.0,5.0,2.0,0.4933243677191577,0.9979378283539078,0.9978634359565587,0.0,nan,nan
16.0,raw,nan,35.0,5.0,3.0,0.49501705363469056,0.9968877018195138,0.9963339967856673,0.0,nan,nan
16.0,raw,nan,36.0,5.0,4.0,0.4963420775216738,0.9972981292888723,0.9970689355755088,0.0,nan,nan
16.0,raw,nan,37.0,5.0,5.0,0.4977111846220627,0.9975378922209109,0.9979641800666322,0.0,nan,nan
16.0,raw,nan,38.0,5.0,6.0,0.49941622654907836,0.9954241514606249,0.9950995483104357,0.0,nan,nan
16.0,raw,nan,39.0,5.0,7.0,0.5005393958936476,0.995958399459471,0.9972449756146546,0.0,nan,nan
16.0,raw,nan,40.0,5.0,8.0,0.5019496468307004,0.9971810622762599,0.9973193735987692,0.0,nan,nan
16.0,ppo,nan,0.0,0.0,0.0,0.4381825474072605,1.0,1.0,0.0,nan,nan
16.0,ppo,nan,1.0,1.0,1.0,0.43999911502323935,1.0,1.0,1.0,nan,nan
16.0,ppo,nan,2.0,1.0,2.0,0.4426280988488996,0.9990965745213671,0.9992491457911397,1.0,nan,nan
16.0,ppo,nan,3.0,1.0,3.0,0.4453932764588275,0.998555913581522,0.9984649262094796,1.0,nan,nan
16.0,ppo,nan,4.0,1.0,4.0,0.44696682809467275,0.9938920399492004,0.9946645575885057,1.0,nan,nan
16.0,ppo,nan,5.0,1.0,5.0,0.44802924257966203,0.9902076140957293,0.9897881661539851,1.0,nan,nan
16.0,ppo,nan,6.0,1.0,6.0,0.4503088371462606,0.9915296961113274,0.9903170365421214,1.0,nan,nan
16.0,ppo,nan,7.0,1.0,7.0,0.45175821528792165,0.9856790821216428,0.9854795831907327,1.0,nan,nan
16.0,ppo,nan,8.0,1.0,8.0,0.4536655106092627,0.9826659125835233,0.9862108646580905,1.0,nan,nan
16.0,ppo,nan,9.0,2.0,1.0,0.4549653844078951,1.0,1.0,1.0,nan,nan
16.0,ppo,nan,10.0,2.0,2.0,0.4553862811404832,0.9989008817878148,0.9987220959583434,1.0,nan,nan
16.0,ppo,nan,11.0,2.0,3.0,0.4572251961800431,0.9988246178069374,0.9981423396202144,1.0,nan,nan
16.0,ppo,nan,12.0,2.0,4.0,0.45886047058049817,0.9988353269626364,0.99869592265497,1.0,nan,nan
16.0,ppo,nan,13.0,2.0,5.0,0.46101555953831125,0.9983043865237424,0.9989202548348157,1.0,nan,nan
16.0,ppo,nan,14.0,2.0,6.0,0.4624946581063884,0.9978786465203907,0.9983532188212622,1.0,nan,nan
16.0,ppo,nan,15.0,2.0,7.0,0.4640408282221704,0.9968155407869166,0.9970685003234239,1.0,nan,nan
16.0,ppo,nan,16.0,2.0,8.0,0.46540567814489353,0.9954560733411706,0.9958488146573737,1.0,nan,nan
16.0,ppo,nan,17.0,3.0,1.0,0.46682962213688295,1.0,0.9999999999999999,1.0,nan,nan
16.0,ppo,nan,18.0,3.0,2.0,0.4680636635077037,0.9989280972117996,0.9990170663369576,1.0,nan,nan
16.0,ppo,nan,19.0,3.0,3.0,0.4699389150482834,0.9983557772196813,0.9979692221851573,1.0,nan,nan
16.0,ppo,nan,20.0,3.0,4.0,0.47233366730059567,0.9968186483890886,0.9972817282413428,1.0,nan,nan
16.0,ppo,nan,21.0,3.0,5.0,0.4742257338631584,0.9969978586702463,0.9973641614961765,1.0,nan,nan
16.0,ppo,nan,22.0,3.0,6.0,0.47550379537382836,0.9946847733464869,0.9961798008497321,1.0,nan,nan
16.0,ppo,nan,23.0,3.0,7.0,0.47686381178569054,0.9959287915548246,0.997334663876888,1.0,nan,nan
16.0,ppo,nan,24.0,3.0,8.0,0.47805704722251346,0.9940227915263319,0.9937988103653177,1.0,nan,nan
16.0,ppo,nan,25.0,4.0,1.0,0.47945352458229085,1.0,1.0,1.0,nan,nan
16.0,ppo,nan,26.0,4.0,2.0,0.4809769416785746,0.9979785323010877,0.9976264025679809,1.0,nan,nan
16.0,ppo,nan,27.0,4.0,3.0,0.4823346112339466,0.994133245487331,0.9925491209794781,1.0,nan,nan
16.0,ppo,nan,28.0,4.0,4.0,0.48431463253615475,0.9945083271105686,0.9954391081957673,1.0,nan,nan
16.0,ppo,nan,29.0,4.0,5.0,0.4857437400683979,0.9937067532984036,0.9921128983792928,1.0,nan,nan
16.0,ppo,nan,30.0,4.0,6.0,0.48714594368594233,0.993098786260974,0.9934979363313063,1.0,nan,nan
16.0,ppo,nan,31.0,4.0,7.0,0.4886858295278286,0.9877275498115777,0.9877169913247552,1.0,nan,nan
16.0,ppo,nan,32.0,4.0,8.0,0.4899734498705546,0.9880622026937722,0.9899282556042845,1.0,nan,nan
16.0,ppo,nan,33.0,5.0,1.0,0.4902688228557036,1.0,0.9999999999999999,1.0,nan,nan
16.0,ppo,nan,34.0,5.0,2.0,0.4922679887483143,0.9984842855295111,0.9985182967910882,1.0,nan,nan
16.0,ppo,nan,35.0,5.0,3.0,0.4940144239106792,0.9981605129496335,0.997993692831669,1.0,nan,nan
16.0,ppo,nan,36.0,5.0,4.0,0.4954441258821651,0.9981096852706156,0.9979674187334895,1.0,nan,nan
16.0,ppo,nan,37.0,5.0,5.0,0.4969603870112225,0.9971245495600788,0.9975580742044359,1.0,nan,nan
16.0,ppo,nan,38.0,5.0,6.0,0.4984827882119066,0.9949349120661021,0.9952291517741105,1.0,nan,nan
16.0,ppo,nan,39.0,5.0,7.0,0.49968077975876174,0.9944529078596948,0.9959533519837125,1.0,nan,nan
16.0,ppo,nan,40.0,5.0,8.0,0.5009429521195053,0.9959748716038225,0.9966260999465506,1.0,nan,nan
16.0,mse_oracle,nan,0.0,0.0,0.0,0.4381825474072605,1.0,1.0,0.0,nan,nan
16.0,mse_oracle,nan,1.0,1.0,1.0,0.43999911502323935,1.0,1.0,0.0,0.06706072794876566,0.06706072794876566
16.0,mse_oracle,nan,2.0,1.0,2.0,0.4426280988488996,0.9990965745213671,0.9992491457911397,0.0,0.0666809576289038,0.0666809576289038
16.0,mse_oracle,nan,3.0,1.0,3.0,0.4453932764588275,0.998555913581522,0.9984649262094796,0.0,0.06602691098734298,0.06602691098734298
16.0,mse_oracle,nan,4.0,1.0,4.0,0.44696682809467275,0.9938920399492004,0.9946645575885057,1.0,0.06549286109436345,0.06526230359421517
16.0,mse_oracle,nan,5.0,1.0,5.0,0.44802924257966203,0.9902076140957293,0.9897881661539851,1.0,0.06541943104355022,0.06431621624152514
16.0,mse_oracle,nan,6.0,1.0,6.0,0.4503088371462606,0.9915296961113274,0.9903170365421214,1.0,0.0654865429884264,0.06476531158529529
16.0,mse_oracle,nan,7.0,1.0,7.0,0.45175821528792165,0.9856790821216428,0.9854795831907327,1.0,0.06502040862662724,0.06299015766872172
16.0,mse_oracle,nan,8.0,1.0,8.0,0.4536655106092627,0.9826659125835233,0.9862108646580905,1.0,0.0648406141466948,0.06229520897684023
16.0,mse_oracle,nan,9.0,2.0,1.0,0.4549653844078951,1.0,1.0,0.0,0.06823446736892542,0.06823446736892542
16.0,mse_oracle,nan,10.0,2.0,2.0,0.4553862811404832,0.9989008817878148,0.9987220959583434,0.0,0.06794725888860662,0.06794725888860662
16.0,mse_oracle,nan,11.0,2.0,3.0,0.4572251961800431,0.9988246178069374,0.9981423396202144,0.0,0.06799795405319287,0.06799795405319287
16.0,mse_oracle,nan,12.0,2.0,4.0,0.45886047058049817,0.9988353269626364,0.99869592265497,0.0,0.06772152082185864,0.06772152082185864
16.0,mse_oracle,nan,13.0,2.0,5.0,0.46101555953831125,0.9983043865237424,0.9989202548348157,1.0,0.06706947543770816,0.06706084613909813
16.0,mse_oracle,nan,14.0,2.0,6.0,0.4624946581063884,0.9978786465203907,0.9983532188212622,1.0,0.06619490828533113,0.06617210524097118
16.0,mse_oracle,nan,15.0,2.0,7.0,0.4640408282221704,0.9968155407869166,0.9970685003234239,1.0,0.06576674017362452,0.06553675519389998
16.0,mse_oracle,nan,16.0,2.0,8.0,0.46540567814489353,0.9954560733411706,0.9958488146573737,1.0,0.06583897901676591,0.06576884705671845
16.0,mse_oracle,nan,17.0,3.0,1.0,0.46682962213688295,1.0,0.9999999999999999,0.0,0.06898953489352713,0.06898953489352713
16.0,mse_oracle,nan,18.0,3.0,2.0,0.4680636635077037,0.9989280972117996,0.9990170663369576,0.0,0.06858227886603425,0.06858227886603425
16.0,mse_oracle,nan,19.0,3.0,3.0,0.4699389150482834,0.9983557772196813,0.9979692221851573,0.0,0.06843710544285954,0.06843710544285954
16.0,mse_oracle,nan,20.0,3.0,4.0,0.47233366730059567,0.9968186483890886,0.9972817282413428,1.0,0.06841517824343338,0.06841212895251503
16.0,mse_oracle,nan,21.0,3.0,5.0,0.4742257338631584,0.9969978586702463,0.9973641614961765,0.0,0.06757390979695779,0.06757390979695779
16.0,mse_oracle,nan,22.0,3.0,6.0,0.47550379537382836,0.9946847733464869,0.9961798008497321,1.0,0.06745145745140453,0.06722031075542373
16.0,mse_oracle,nan,23.0,3.0,7.0,0.47686381178569054,0.9959287915548246,0.997334663876888,1.0,0.06694392963073967,0.06689415980585496
16.0,mse_oracle,nan,24.0,3.0,8.0,0.47805704722251346,0.9940227915263319,0.9937988103653177,1.0,0.06678256130428376,0.06631202361506379
16.0,mse_oracle,nan,25.0,4.0,1.0,0.47945352458229085,1.0,1.0,0.0,0.06977667638498973,0.06977667638498973
16.0,mse_oracle,nan,26.0,4.0,2.0,0.4809769416785746,0.9979785323010877,0.9976264025679809,0.0,0.06990596438366206,0.06990596438366206
16.0,mse_oracle,nan,27.0,4.0,3.0,0.4823346112339466,0.994133245487331,0.9925491209794781,1.0,0.06956430952435327,0.06890894021473308
16.0,mse_oracle,nan,28.0,4.0,4.0,0.48431463253615475,0.9945083271105686,0.9954391081957673,1.0,0.06923583515735729,0.06855816138421066
16.0,mse_oracle,nan,29.0,4.0,5.0,0.4857437400683979,0.9937067532984036,0.9921128983792928,1.0,0.06881621217367213,0.06755732367013
16.0,mse_oracle,nan,30.0,4.0,6.0,0.48714594368594233,0.993098786260974,0.9934979363313063,1.0,0.0681193369741043,0.0674148746100265
16.0,mse_oracle,nan,31.0,4.0,7.0,0.4886858295278286,0.9877275498115777,0.9877169913247552,1.0,0.06767788220861207,0.06463012015275092
16.0,mse_oracle,nan,32.0,4.0,8.0,0.4899734498705546,0.9880622026937722,0.9899282556042845,1.0,0.06758526917230055,0.06511148739806015
16.0,mse_oracle,nan,33.0,5.0,1.0,0.4902688228557036,1.0,0.9999999999999999,0.0,0.07037281601971099,0.07037281601971099
16.0,mse_oracle,nan,34.0,5.0,2.0,0.4922679887483143,0.9984842855295111,0.9985182967910882,0.0,0.07079953206995906,0.07079953206995906
16.0,mse_oracle,nan,35.0,5.0,3.0,0.4940144239106792,0.9981605129496335,0.997993692831669,0.0,0.07026853128829955,0.07026853128829955
16.0,mse_oracle,nan,36.0,5.0,4.0,0.4954441258821651,0.9981096852706156,0.9979674187334895,0.0,0.0695654958332461,0.0695654958332461
16.0,mse_oracle,nan,37.0,5.0,5.0,0.4969603870112225,0.9971245495600788,0.9975580742044359,1.0,0.06882005342131636,0.06881523202487326
16.0,mse_oracle,nan,38.0,5.0,6.0,0.4984827882119066,0.9949349120661021,0.9952291517741105,1.0,0.06926788234572748,0.0690957396618987
16.0,mse_oracle,nan,39.0,5.0,7.0,0.49968077975876174,0.9944529078596948,0.9959533519837125,1.0,0.06860253636767047,0.06795593783545131
16.0,mse_oracle,nan,40.0,5.0,8.0,0.5009429521195053,0.9959748716038225,0.9966260999465506,1.0,0.06809970322747408,0.06801471294155981
17.0,raw,nan,0.0,0.0,0.0,0.4381825474072605,1.0,1.0,0.0,nan,nan
17.0,raw,nan,1.0,1.0,1.0,0.4387079426193382,1.0,0.9999999999999999,0.0,nan,nan
17.0,raw,nan,2.0,1.0,2.0,0.43984106990342664,0.9993468805628085,0.9994147974739562,0.0,nan,nan
17.0,raw,nan,3.0,1.0,3.0,0.4426733528526081,0.9985150792462729,0.9988799941722385,0.0,nan,nan
17.0,raw,nan,4.0,1.0,4.0,0.44537084742192923,0.9971565822378999,0.9976960681205351,0.0,nan,nan
17.0,raw,nan,5.0,1.0,5.0,0.4466566515379678,0.9955736840134749,0.9949813663646369,0.0,nan,nan
17.0,raw,nan,6.0,1.0,6.0,0.4494407975281112,0.9954080193761564,0.9961156440377745,0.0,nan,nan
17.0,raw,nan,7.0,1.0,7.0,0.45114876232310536,0.9936957836828588,0.9959415760317764,0.0,nan,nan
17.0,raw,nan,8.0,1.0,8.0,0.4525142132617799,0.9920595123330079,0.992525125722207,0.0,nan,nan
17.0,raw,nan,9.0,2.0,1.0,0.4542040132113165,1.0,1.0,0.0,nan,nan
17.0,raw,nan,10.0,2.0,2.0,0.45574831587031817,0.9987057823654371,0.9989575851430158,0.0,nan,nan
17.0,raw,nan,11.0,2.0,3.0,0.4579697944029553,0.9942536162201857,0.9933297413517753,0.0,nan,nan
17.0,raw,nan,12.0,2.0,4.0,0.4599808769153813,0.9935620982013118,0.9902573633600821,0.0,nan,nan
17.0,raw,nan,13.0,2.0,5.0,0.46230930132228115,0.9919433319663181,0.9916652011142177,0.0,nan,nan
17.0,raw,nan,14.0,2.0,6.0,0.4641532054418707,0.9906946023704991,0.9868953101883955,0.0,nan,nan
17.0,raw,nan,15.0,2.0,7.0,0.46563197806328094,0.9882073838439592,0.9903046664449572,0.0,nan,nan
17.0,raw,nan,16.0,2.0,8.0,0.46638503331098274,0.9850227280603875,0.9887090569506215,0.0,nan,nan
17.0,raw,nan,17.0,3.0,1.0,0.46712920401605645,1.0,1.0,0.0,nan,nan
17.0,raw,nan,18.0,3.0,2.0,0.4691632762880621,0.9986451724349998,0.9989380394432189,0.0,nan,nan
17.0,raw,nan,19.0,3.0,3.0,0.4712788916211844,0.9979147658491396,0.9980580023675523,0.0,nan,nan
17.0,raw,nan,20.0,3.0,4.0,0.47334920395668784,0.995850835637273,0.9964529696161981,0.0,nan,nan
17.0,raw,nan,21.0,3.0,5.0,0.4752560813952586,0.9937278633287356,0.994808457354903,0.0,nan,nan
17.0,raw,nan,22.0,3.0,6.0,0.4764715123559356,0.9919817484699738,0.9896809783689063,0.0,nan,nan
17.0,raw,nan,23.0,3.0,7.0,0.47819310890324096,0.9853241079282359,0.9888422902535177,0.0,nan,nan
17.0,raw,nan,24.0,3.0,8.0,0.47994613350222487,0.9846468680171641,0.9904554272070312,0.0,nan,nan
17.0,raw,nan,25.0,4.0,1.0,0.48105438395014866,1.0,1.0,0.0,nan,nan
17.0,raw,nan,26.0,4.0,2.0,0.4832720326151763,0.9990140229097545,0.9989731448811864,0.0,nan,nan
17.0,raw,nan,27.0,4.0,3.0,0.4835384516575334,0.9985814804107035,0.9981037388551486,0.0,nan,nan
17.0,raw,nan,28.0,4.0,4.0,0.48451137507385156,0.9965516213835636,0.994155016875536,0.0,nan,nan
17.0,raw,nan,29.0,4.0,5.0,0.48603058610331334,0.9933463557292055,0.9935076099180413,0.0,nan,nan
17.0,raw,nan,30.0,4.0,6.0,0.48802666047000826,0.9961860868995761,0.9973190632895245,0.0,nan,nan
17.0,raw,nan,31.0,4.0,7.0,0.4892028738427801,0.9964983930199683,0.9959061579061496,0.0,nan,nan
17.0,raw,nan,32.0,4.0,8.0,0.4902924054166395,0.9941837940818121,0.9954635513983071,0.0,nan,nan
17.0,raw,nan,33.0,5.0,1.0,0.49184233643077924,1.0,1.0,0.0,nan,nan
17.0,raw,nan,34.0,5.0,2.0,0.49331755959721374,0.998859079020957,0.9989745730856548,0.0,nan,nan
17.0,raw,nan,35.0,5.0,3.0,0.4946272584793923,0.9976904647029194,0.9970802339031344,0.0,nan,nan
17.0,raw,nan,36.0,5.0,4.0,0.49628483064584283,0.9964600083503434,0.9974041583690211,0.0,nan,nan
17.0,raw,nan,37.0,5.0,5.0,0.49795992549898865,0.9947631938793482,0.9958288266940277,0.0,nan,nan
17.0,raw,nan,38.0,5.0,6.0,0.49902852762666045,0.993428395771115,0.9911904502797148,0.0,nan,nan
17.0,raw,nan,39.0,5.0,7.0,0.5004852202708744,0.9906807091272936,0.9916762147140991,0.0,nan,nan
17.0,raw,nan,40.0,5.0,8.0,0.502119553152457,0.9926134972220915,0.9912884214276246,0.0,nan,nan
17.0,ppo,nan,0.0,0.0,0.0,0.4381825474072605,1.0,1.0,0.0,nan,nan
17.0,ppo,nan,1.0,1.0,1.0,0.4387079426193382,1.0,0.9999999999999999,1.0,nan,nan
17.0,ppo,nan,2.0,1.0,2.0,0.43984106990342664,0.9993468805628085,0.9994147974739562,1.0,nan,nan
17.0,ppo,nan,3.0,1.0,3.0,0.4426733528526081,0.9985150792462729,0.9988799941722385,1.0,nan,nan
17.0,ppo,nan,4.0,1.0,4.0,0.44537084742192923,0.9971565822378999,0.9976960681205351,1.0,nan,nan
17.0,ppo,nan,5.0,1.0,5.0,0.4466566515379678,0.9955736840134749,0.9949813663646369,1.0,nan,nan
17.0,ppo,nan,6.0,1.0,6.0,0.4494407975281112,0.9954080193761564,0.9961156440377745,1.0,nan,nan
17.0,ppo,nan,7.0,1.0,7.0,0.45114876232310536,0.9936957836828588,0.9959415760317764,1.0,nan,nan
17.0,ppo,nan,8.0,1.0,8.0,0.4523424854833188,0.9920595123330079,0.992525125722207,1.0,nan,nan
17.0,ppo,nan,9.0,2.0,1.0,0.45402691224797426,1.0,1.0,1.0,nan,nan
17.0,ppo,nan,10.0,2.0,2.0,0.45556988449069985,0.9987088487882871,0.9989580572431235,1.0,nan,nan
17.0,ppo,nan,11.0,2.0,3.0,0.4578033015228619,0.9942484794722108,0.9933165747702057,1.0,nan,nan
17.0,ppo,nan,12.0,2.0,4.0,0.45986488751078536,0.993535017228417,0.9902131815508108,1.0,nan,nan
17.0,ppo,nan,13.0,2.0,5.0,0.4621239638723802,0.9925437373472367,0.9922708115483947,1.0,nan,nan
17.0,ppo,nan,14.0,2.0,6.0,0.46339955407896977,0.9919533280532946,0.9883384062789689,1.0,nan,nan
17.0,ppo,nan,15.0,2.0,7.0,0.4647593791381929,0.9920970869467717,0.9930640478076106,1.0,nan,nan
17.0,ppo,nan,16.0,2.0,8.0,0.46537443704016396,0.989638885520492,0.9924452307289469,1.0,nan,nan
17.0,ppo,nan,17.0,3.0,1.0,0.46595529478133846,1.0,1.0000000000000002,1.0,nan,nan
17.0,ppo,nan,18.0,3.0,2.0,0.4681724576774015,0.9987935770421245,0.9989638324641843,1.0,nan,nan
17.0,ppo,nan,19.0,3.0,3.0,0.47046008279856605,0.9982874638281579,0.9983257674916366,1.0,nan,nan
17.0,ppo,nan,20.0,3.0,4.0,0.4727059470524898,0.996826151754672,0.9968832470428497,1.0,nan,nan
17.0,ppo,nan,21.0,3.0,5.0,0.47471011599363855,0.9948658408264103,0.9957929962284539,1.0,nan,nan
17.0,ppo,nan,22.0,3.0,6.0,0.4759251947009612,0.992639979405939,0.9902580861460605,1.0,nan,nan
17.0,ppo,nan,23.0,3.0,7.0,0.47753726859820955,0.9891080939934012,0.9906690440770233,1.0,nan,nan
17.0,ppo,nan,24.0,3.0,8.0,0.47925130685496137,0.9894050962686575,0.993825039265866,1.0,nan,nan
17.0,ppo,nan,25.0,4.0,1.0,0.4803530358507344,1.0,1.0,1.0,nan,nan
17.0,ppo,nan,26.0,4.0,2.0,0.4823901484715544,0.9989389684057544,0.9988942247528547,1.0,nan,nan
17.0,ppo,nan,27.0,4.0,3.0,0.4826468469549756,0.9979330874640929,0.9976775752256405,1.0,nan,nan
17.0,ppo,nan,28.0,4.0,4.0,0.4837147684513232,0.9955132383828065,0.9937279837926583,1.0,nan,nan
17.0,ppo,nan,29.0,4.0,5.0,0.48563810112924005,0.9919324870712792,0.9927948555096445,1.0,nan,nan
17.0,ppo,nan,30.0,4.0,6.0,0.48708343735253423,0.9945744299093527,0.9941046023556258,1.0,nan,nan
17.0,ppo,nan,31.0,4.0,7.0,0.488017921061496,0.9942129984877407,0.9924261714983768,1.0,nan,nan
17.0,ppo,nan,32.0,4.0,8.0,0.48900972333319365,0.9916496180621512,0.9930847234324076,1.0,nan,nan
17.0,ppo,nan,33.0,5.0,1.0,0.49068544427991706,1.0,1.0,1.0,nan,nan
17.0,ppo,nan,34.0,5.0,2.0,0.4922841299288926,0.9988474182099755,0.9989305854347543,1.0,nan,nan
17.0,ppo,nan,35.0,5.0,3.0,0.49355661027128267,0.9971064176948364,0.9963798369366592,1.0,nan,nan
17.0,ppo,nan,36.0,5.0,4.0,0.4951558612261525,0.9957888787084995,0.9966933129912106,1.0,nan,nan
17.0,ppo,nan,37.0,5.0,5.0,0.496648058085919,0.9942006549298653,0.9954982504219825,1.0,nan,nan
17.0,ppo,nan,38.0,5.0,6.0,0.49734133833749833,0.9939157983188174,0.9919262797340297,1.0,nan,nan
17.0,ppo,nan,39.0,5.0,7.0,0.4981006490000892,0.9928671487323499,0.9938564939580286,1.0,nan,nan
17.0,ppo,nan,40.0,5.0,8.0,0.5001442595079033,0.9910861782773384,0.9902030618170297,1.0,nan,nan
17.0,mse_oracle,nan,0.0,0.0,0.0,0.4381825474072605,1.0,1.0,0.0,nan,nan
17.0,mse_oracle,nan,1.0,1.0,1.0,0.4387079426193382,1.0,0.9999999999999999,0.0,0.06706072794876566,0.06706072794876566
17.0,mse_oracle,nan,2.0,1.0,2.0,0.43984106990342664,0.9993468805628085,0.9994147974739562,0.0,0.06717320614379974,0.06717320614379974
17.0,mse_oracle,nan,3.0,1.0,3.0,0.4426733528526081,0.9985150792462729,0.9988799941722385,0.0,0.06709932662977222,0.06709932662977222
17.0,mse_oracle,nan,4.0,1.0,4.0,0.44537084742192923,0.9971565822378999,0.9976960681205351,0.0,0.0664636162632789,0.0664636162632789
17.0,mse_oracle,nan,5.0,1.0,5.0,0.4466566515379678,0.9955736840134749,0.9949813663646369,1.0,0.06568470196361703,0.06558805823201586
17.0,mse_oracle,nan,6.0,1.0,6.0,0.4494407975281112,0.9954080193761564,0.9961156440377745,1.0,0.0654603997603039,0.06491895523193351
17.0,mse_oracle,nan,7.0,1.0,7.0,0.45114876232310536,0.9936957836828588,0.9959415760317764,1.0,0.06489414209167879,0.06384620287072597
17.0,mse_oracle,nan,8.0,1.0,8.0,0.4523424854833188,0.9920595123330079,0.992525125722207,1.0,0.06449460412552785,0.06331129569363074
17.0,mse_oracle,nan,9.0,2.0,1.0,0.45402691224797426,1.0,1.0,0.0,0.06814851080181278,0.06814851080181278
17.0,mse_oracle,nan,10.0,2.0,2.0,0.45556988449069985,0.9987088487882871,0.9989580572431235,0.0,0.06791364731413868,0.06791364731413868
17.0,mse_oracle,nan,11.0,2.0,3.0,0.4578033015228619,0.9942484794722108,0.9933165747702057,1.0,0.06800128068021015,0.06785038017283979
17.0,mse_oracle,nan,12.0,2.0,4.0,0.45986488751078536,0.993535017228417,0.9902131815508108,1.0,0.06739617957658073,0.06695750853139466
17.0,mse_oracle,nan,13.0,2.0,5.0,0.4621239638723802,0.9925437373472367,0.9922708115483947,1.0,0.06668607347489083,0.06580192625535339
17.0,mse_oracle,nan,14.0,2.0,6.0,0.46339955407896977,0.9919533280532946,0.9883384062789689,1.0,0.06571272899068689,0.06466180958857841
17.0,mse_oracle,nan,15.0,2.0,7.0,0.4647593791381929,0.9920970869467717,0.9930640478076106,1.0,0.06529676215577004,0.0638108858974523
17.0,mse_oracle,nan,16.0,2.0,8.0,0.46537443704016396,0.989638885520492,0.9924452307289469,1.0,0.06526814467155706,0.06309026277161629
17.0,mse_oracle,nan,17.0,3.0,1.0,0.46595529478133846,1.0,1.0000000000000002,0.0,0.06901711685963166,0.06901711685963166
17.0,mse_oracle,nan,18.0,3.0,2.0,0.4681724576774015,0.9987935770421245,0.9989638324641843,0.0,0.06945322015072793,0.06945322015072793
17.0,mse_oracle,nan,19.0,3.0,3.0,0.47046008279856605,0.9982874638281579,0.9983257674916366,0.0,0.06866872075713734,0.06866872075713734
17.0,mse_oracle,nan,20.0,3.0,4.0,0.4727059470524898,0.996826151754672,0.9968832470428497,1.0,0.06792654718399029,0.06759872750971313
17.0,mse_oracle,nan,21.0,3.0,5.0,0.47471011599363855,0.9948658408264103,0.9957929962284539,1.0,0.06638227484747873,0.06603064775891405
17.0,mse_oracle,nan,22.0,3.0,6.0,0.4759251947009612,0.992639979405939,0.9902580861460605,1.0,0.06596470218709856,0.06489821163164777
17.0,mse_oracle,nan,23.0,3.0,7.0,0.47753726859820955,0.9891080939934012,0.9906690440770233,1.0,0.06551018763557662,0.06383468716081077
17.0,mse_oracle,nan,24.0,3.0,8.0,0.47925130685496137,0.9894050962686575,0.993825039265866,1.0,0.06494791667743222,0.06311207711744082
17.0,mse_oracle,nan,25.0,4.0,1.0,0.4803530358507344,1.0,1.0,0.0,0.06971785136903462,0.06971785136903462
17.0,mse_oracle,nan,26.0,4.0,2.0,0.4823901484715544,0.9989389684057544,0.9988942247528547,0.0,0.07005647778301208,0.07005647778301208
17.0,mse_oracle,nan,27.0,4.0,3.0,0.4826468469549756,0.9979330874640929,0.9976775752256405,0.0,0.06895756866979649,0.06895756866979649
17.0,mse_oracle,nan,28.0,4.0,4.0,0.4837147684513232,0.9955132383828065,0.9937279837926583,1.0,0.06898206913995517,0.06896948911428114
17.0,mse_oracle,nan,29.0,4.0,5.0,0.48563810112924005,0.9919324870712792,0.9927948555096445,1.0,0.06805929953181925,0.0670930379184496
17.0,mse_oracle,nan,30.0,4.0,6.0,0.48708343735253423,0.9945744299093527,0.9941046023556258,1.0,0.06733222604188115,0.06694224863495583
17.0,mse_oracle,nan,31.0,4.0,7.0,0.488017921061496,0.9942129984877407,0.9924261714983768,1.0,0.0668367726461017,0.06530980913341429
17.0,mse_oracle,nan,32.0,4.0,8.0,0.48900972333319365,0.9916496180621512,0.9930847234324076,1.0,0.066465252074559,0.06537916283153239
17.0,mse_oracle,nan,33.0,5.0,1.0,0.49068544427991706,1.0,1.0,0.0,0.07008782974488922,0.07008782974488922
17.0,mse_oracle,nan,34.0,5.0,2.0,0.4922841299288926,0.9988474182099755,0.9989305854347543,0.0,0.06919999630677594,0.06919999630677594
17.0,mse_oracle,nan,35.0,5.0,3.0,0.49355661027128267,0.9971064176948364,0.9963798369366592,0.0,0.06928167306323929,0.06928167306323929
17.0,mse_oracle,nan,36.0,5.0,4.0,0.4951558612261525,0.9957888787084995,0.9966933129912106,1.0,0.06946909248622221,0.06941074844923699
17.0,mse_oracle,nan,37.0,5.0,5.0,0.496648058085919,0.9942006549298653,0.9954982504219825,1.0,0.06918693907381611,0.06848303358879067
17.0,mse_oracle,nan,38.0,5.0,6.0,0.49734133833749833,0.9939157983188174,0.9919262797340297,1.0,0.06841447005318205,0.06740849685746511
17.0,mse_oracle,nan,39.0,5.0,7.0,0.4981006490000892,0.9928671487323499,0.9938564939580286,1.0,0.06835990381616036,0.0671612588491012
17.0,mse_oracle,nan,40.0,5.0,8.0,0.5001442595079033,0.9910861782773384,0.9902030618170297,1.0,0.06765358005623337,0.06543766201009096
18.0,raw,nan,0.0,0.0,0.0,0.4381825474072605,1.0,1.0,0.0,nan,nan
18.0,raw,nan,1.0,1.0,1.0,0.4402645656543502,1.0,0.9999999999999999,0.0,nan,nan
18.0,raw,nan,2.0,1.0,2.0,0.4414542451734434,0.9990500743223,0.9986104773936415,0.0,nan,nan
18.0,raw,nan,3.0,1.0,3.0,0.44327469911139966,0.9977932675244962,0.9980687703634543,0.0,nan,nan
18.0,raw,nan,4.0,1.0,4.0,0.44465818629612797,0.9928905251968518,0.9946686547187823,0.0,nan,nan
18.0,raw,nan,5.0,1.0,5.0,0.44605627464843073,0.9923891263987212,0.9920418004018868,0.0,nan,nan
18.0,raw,nan,6.0,1.0,6.0,0.4478071325998771,0.994628451866572,0.9944988623020089,0.0,nan,nan
18.0,raw,nan,7.0,1.0,7.0,0.4499508841925574,0.99343259998209,0.9926222373936842,0.0,nan,nan
18.0,raw,nan,8.0,1.0,8.0,0.45248717523772397,0.9914794947439108,0.9898861585010579,0.0,nan,nan
18.0,raw,nan,9.0,2.0,1.0,0.45487744542712555,1.0,1.0,0.0,nan,nan
18.0,raw,nan,10.0,2.0,2.0,0.45620102749559704,0.9979400041551317,0.9984494521531226,0.0,nan,nan
18.0,raw,nan,11.0,2.0,3.0,0.4576625593173895,0.9970398043093567,0.9972622758136783,0.0,nan,nan
18.0,raw,nan,12.0,2.0,4.0,0.4589610935551003,0.9935953292980968,0.9915089080143509,0.0,nan,nan
18.0,raw,nan,13.0,2.0,5.0,0.46106628124404075,0.9910829741484649,0.9937141600869348,0.0,nan,nan
18.0,raw,nan,14.0,2.0,6.0,0.4634923145713009,0.9916446866330381,0.9949665930748228,0.0,nan,nan
18.0,raw,nan,15.0,2.0,7.0,0.4655324646489764,0.9932626903972989,0.9933602896245896,0.0,nan,nan
18.0,raw,nan,16.0,2.0,8.0,0.46674471150990776,0.98817884727075,0.9916088885738142,0.0,nan,nan
18.0,raw,nan,17.0,3.0,1.0,0.4678561388324456,1.0,1.0,0.0,nan,nan
18.0,raw,nan,18.0,3.0,2.0,0.4689378353242969,0.9989690870402426,0.9991373872297776,0.0,nan,nan
18.0,raw,nan,19.0,3.0,3.0,0.4701636745458571,0.9979089459185886,0.997399136611633,0.0,nan,nan
18.0,raw,nan,20.0,3.0,4.0,0.47153681496306765,0.9968301906546906,0.9979763328555392,0.0,nan,nan
18.0,raw,nan,21.0,3.0,5.0,0.4734360949986859,0.9970449256511377,0.9972194469571812,0.0,nan,nan
18.0,raw,nan,22.0,3.0,6.0,0.47547901228136163,0.9984635965548011,0.9983450582261328,0.0,nan,nan
18.0,raw,nan,23.0,3.0,7.0,0.47665258093327745,0.9964963145608605,0.9965015426244374,0.0,nan,nan
18.0,raw,nan,24.0,3.0,8.0,0.478194687544167,0.9958183475727467,0.9935335803429647,0.0,nan,nan
18.0,raw,nan,25.0,4.0,1.0,0.48050203917528617,1.0,0.9999999999999999,0.0,nan,nan
18.0,raw,nan,26.0,4.0,2.0,0.4819456945993219,0.9990445156890745,0.9991678357479148,0.0,nan,nan
18.0,raw,nan,27.0,4.0,3.0,0.48290971613429384,0.9964450500831508,0.9964598828213316,0.0,nan,nan
18.0,raw,nan,28.0,4.0,4.0,0.4849372348787074,0.9946616369901022,0.9957324836239968,0.0,nan,nan
18.0,raw,nan,29.0,4.0,5.0,0.48571503604279853,0.9940945634795522,0.9941818894898218,0.0,nan,nan
18.0,raw,nan,30.0,4.0,6.0,0.48688935457150584,0.9902338925262516,0.9903423208724461,0.0,nan,nan
18.0,raw,nan,31.0,4.0,7.0,0.4880193464616883,0.9906589017347344,0.9875850424473623,0.0,nan,nan
18.0,raw,nan,32.0,4.0,8.0,0.48941768472385194,0.9883298992717868,0.9891771136257006,0.0,nan,nan
18.0,raw,nan,33.0,5.0,1.0,0.49121787734216954,1.0,1.0000000000000002,0.0,nan,nan
18.0,raw,nan,34.0,5.0,2.0,0.4929265460978999,0.9993915120809954,0.9994416743027438,0.0,nan,nan
18.0,raw,nan,35.0,5.0,3.0,0.4951289441861523,0.9960819247435475,0.9967414021152047,0.0,nan,nan
18.0,raw,nan,36.0,5.0,4.0,0.4964652989026846,0.9924540270720625,0.9948135404478312,0.0,nan,nan
18.0,raw,nan,37.0,5.0,5.0,0.4976905863427194,0.9914220848821337,0.9881291037665211,0.0,nan,nan
18.0,raw,nan,38.0,5.0,6.0,0.4993363597139943,0.9864390799394952,0.9886760389527617,0.0,nan,nan
18.0,raw,nan,39.0,5.0,7.0,0.5008450126318887,0.9840978124922498,0.981375837254325,0.0,nan,nan
18.0,raw,nan,40.0,5.0,8.0,0.5019907969687145,0.9828494607746908,0.9820897097205453,0.0,nan,nan
18.0,ppo,nan,0.0,0.0,0.0,0.4381825474072605,1.0,1.0,0.0,nan,nan
18.0,ppo,nan,1.0,1.0,1.0,0.4402645656543502,1.0,0.9999999999999999,1.0,nan,nan
18.0,ppo,nan,2.0,1.0,2.0,0.4414542451734434,0.9990500743223,0.9986104773936415,1.0,nan,nan
18.0,ppo,nan,3.0,1.0,3.0,0.44327469911139966,0.9977932675244962,0.9980687703634543,1.0,nan,nan
18.0,ppo,nan,4.0,1.0,4.0,0.44465818629612797,0.9928905251968518,0.9946686547187823,1.0,nan,nan
18.0,ppo,nan,5.0,1.0,5.0,0.44592982301747447,0.9923891263987212,0.9920418004018868,1.0,nan,nan
18.0,ppo,nan,6.0,1.0,6.0,0.4476715609735812,0.9953009357703942,0.995093728543177,1.0,nan,nan
18.0,ppo,nan,7.0,1.0,7.0,0.4498408598170753,0.9940422054117374,0.9933956763647797,1.0,nan,nan
18.0,ppo,nan,8.0,1.0,8.0,0.45210886662661376,0.9921301448195131,0.9909047598890922,1.0,nan,nan
18.0,ppo,nan,9.0,2.0,1.0,0.4544974240765129,1.0,1.0000000000000002,1.0,nan,nan
18.0,ppo,nan,10.0,2.0,2.0,0.4558131098899422,0.9979438965713945,0.9984603095144312,1.0,nan,nan
18.0,ppo,nan,11.0,2.0,3.0,0.45768355350632084,0.9970451330457686,0.9973981934495338,1.0,nan,nan
18.0,ppo,nan,12.0,2.0,4.0,0.4591142976239744,0.993223262309349,0.9919124094826638,1.0,nan,nan
18.0,ppo,nan,13.0,2.0,5.0,0.4612085780477793,0.9914894556061215,0.993936348986157,1.0,nan,nan
18.0,ppo,nan,14.0,2.0,6.0,0.46352048998359724,0.9924452178184411,0.9953327449921122,1.0,nan,nan
18.0,ppo,nan,15.0,2.0,7.0,0.4652985952148835,0.9929655255774448,0.9932133381103496,1.0,nan,nan
18.0,ppo,nan,16.0,2.0,8.0,0.46655234536215817,0.9888378781106951,0.9926010350069255,1.0,nan,nan
18.0,ppo,nan,17.0,3.0,1.0,0.46758626265949016,1.0,0.9999999999999999,1.0,nan,nan
18.0,ppo,nan,18.0,3.0,2.0,0.46873568434427926,0.9988884607907503,0.9992188067056037,1.0,nan,nan
18.0,ppo,nan,19.0,3.0,3.0,0.4700210864197514,0.9973968456055178,0.9968044665639038,1.0,nan,nan
18.0,ppo,nan,20.0,3.0,4.0,0.4713638889526629,0.9963224870664588,0.9974823279325093,1.0,nan,nan
18.0,ppo,nan,21.0,3.0,5.0,0.47308099050856656,0.9965685094745355,0.9967829173244257,1.0,nan,nan
18.0,ppo,nan,22.0,3.0,6.0,0.47514904022338944,0.9976350026350868,0.9976562028887522,1.0,nan,nan
18.0,ppo,nan,23.0,3.0,7.0,0.4763910462287349,0.9954053272616034,0.9954841790520615,1.0,nan,nan
18.0,ppo,nan,24.0,3.0,8.0,0.47790016939995383,0.9949979125880574,0.9927733920219559,1.0,nan,nan
18.0,ppo,nan,25.0,4.0,1.0,0.48017581100586476,1.0,1.0,1.0,nan,nan
18.0,ppo,nan,26.0,4.0,2.0,0.4814539725090196,0.9990584536888525,0.9991543875452703,1.0,nan,nan
18.0,ppo,nan,27.0,4.0,3.0,0.4822088782442734,0.9963836313306309,0.9970776765622045,1.0,nan,nan
18.0,ppo,nan,28.0,4.0,4.0,0.4842386197151186,0.9941294694277916,0.9950496735928209,1.0,nan,nan
18.0,ppo,nan,29.0,4.0,5.0,0.48493731759090664,0.9937999799096201,0.992960031188966,1.0,nan,nan
18.0,ppo,nan,30.0,4.0,6.0,0.48612061734091966,0.9894091998249505,0.9894119464278107,1.0,nan,nan
18.0,ppo,nan,31.0,4.0,7.0,0.48727318959449956,0.9909360199082072,0.9879265440623438,1.0,nan,nan
18.0,ppo,nan,32.0,4.0,8.0,0.4885822706447875,0.99117131733637,0.9917460574029379,1.0,nan,nan
18.0,ppo,nan,33.0,5.0,1.0,0.4903398542563353,1.0,1.0000000000000002,1.0,nan,nan
18.0,ppo,nan,34.0,5.0,2.0,0.49182735264041455,0.9995013809566895,0.9995818863898973,1.0,nan,nan
18.0,ppo,nan,35.0,5.0,3.0,0.4941612039322343,0.9950870386144931,0.9953046711805604,1.0,nan,nan
18.0,ppo,nan,36.0,5.0,4.0,0.49529631219794734,0.9919182845468605,0.9928028682243942,1.0,nan,nan
18.0,ppo,nan,37.0,5.0,5.0,0.49656924376390876,0.9904362359796939,0.9879732886133326,1.0,nan,nan
18.0,ppo,nan,38.0,5.0,6.0,0.4979959097165129,0.9895724432448888,0.9899170170060406,1.0,nan,nan
18.0,ppo,nan,39.0,5.0,7.0,0.4993350268383794,0.9886381518848985,0.9853666888098395,1.0,nan,nan
18.0,ppo,nan,40.0,5.0,8.0,0.5003041311739701,0.9861620452931372,0.9842141958302724,1.0,nan,nan
18.0,mse_oracle,nan,0.0,0.0,0.0,0.4381825474072605,1.0,1.0,0.0,nan,nan
18.0,mse_oracle,nan,1.0,1.0,1.0,0.4402645656543502,1.0,0.9999999999999999,0.0,0.06706072794876566,0.06706072794876566
18.0,mse_oracle,nan,2.0,1.0,2.0,0.4414542451734434,0.9990500743223,0.9986104773936415,0.0,0.06671097007916313,0.06671097007916313
18.0,mse_oracle,nan,3.0,1.0,3.0,0.44327469911139966,0.9977932675244962,0.9980687703634543,0.0,0.06672127632401026,0.06672127632401026
18.0,mse_oracle,nan,4.0,1.0,4.0,0.44465818629612797,0.9928905251968518,0.9946686547187823,1.0,0.06636375735572157,0.06619820368027536
18.0,mse_oracle,nan,5.0,1.0,5.0,0.44592982301747447,0.9923891263987212,0.9920418004018868,1.0,0.06605464607512782,0.06550845353189988
18.0,mse_oracle,nan,6.0,1.0,6.0,0.4476715609735812,0.9953009357703942,0.995093728543177,1.0,0.06589807445228314,0.06588352041232941
18.0,mse_oracle,nan,7.0,1.0,7.0,0.4498408598170753,0.9940422054117374,0.9933956763647797,1.0,0.06553988061631913,0.06543669787521268
18.0,mse_oracle,nan,8.0,1.0,8.0,0.45210886662661376,0.9921301448195131,0.9909047598890922,1.0,0.06515859419311014,0.06425646493999777
18.0,mse_oracle,nan,9.0,2.0,1.0,0.4544974240765129,1.0,1.0000000000000002,0.0,0.06810071887958287,0.06810071887958287
18.0,mse_oracle,nan,10.0,2.0,2.0,0.4558131098899422,0.9979438965713945,0.9984603095144312,0.0,0.06765730685626911,0.06765730685626911
18.0,mse_oracle,nan,11.0,2.0,3.0,0.45768355350632084,0.9970451330457686,0.9973981934495338,0.0,0.06741811984860267,0.06741811984860267
18.0,mse_oracle,nan,12.0,2.0,4.0,0.4591142976239744,0.993223262309349,0.9919124094826638,1.0,0.0668428145100813,0.06638219039170433
18.0,mse_oracle,nan,13.0,2.0,5.0,0.4612085780477793,0.9914894556061215,0.993936348986157,1.0,0.0665336834489917,0.06566592567771976
18.0,mse_oracle,nan,14.0,2.0,6.0,0.46352048998359724,0.9924452178184411,0.9953327449921122,1.0,0.0659385668695767,0.06500033615564982
18.0,mse_oracle,nan,15.0,2.0,7.0,0.4652985952148835,0.9929655255774448,0.9932133381103496,1.0,0.06524346728091839,0.06440084802846166
18.0,mse_oracle,nan,16.0,2.0,8.0,0.46655234536215817,0.9888378781106951,0.9926010350069255,1.0,0.06495433806288381,0.06297511099249804
18.0,mse_oracle,nan,17.0,3.0,1.0,0.46758626265949016,1.0,0.9999999999999999,0.0,0.06909406494024614,0.06909406494024614
18.0,mse_oracle,nan,18.0,3.0,2.0,0.46873568434427926,0.9988884607907503,0.9992188067056037,0.0,0.0688069635298137,0.0688069635298137
18.0,mse_oracle,nan,19.0,3.0,3.0,0.4700210864197514,0.9973968456055178,0.9968044665639038,0.0,0.06883677248311795,0.06883677248311795
18.0,mse_oracle,nan,20.0,3.0,4.0,0.4713638889526629,0.9963224870664588,0.9974823279325093,1.0,0.06836822321018479,0.06835601259080053
18.0,mse_oracle,nan,21.0,3.0,5.0,0.47308099050856656,0.9965685094745355,0.9967829173244257,0.0,0.06822298314800049,0.06822298314800049
18.0,mse_oracle,nan,22.0,3.0,6.0,0.47514904022338944,0.9976350026350868,0.9976562028887522,0.0,0.06758365263285046,0.06758365263285046
18.0,mse_oracle,nan,23.0,3.0,7.0,0.4763910462287349,0.9954053272616034,0.9954841790520615,1.0,0.06708382382488678,0.06695591168264405
18.0,mse_oracle,nan,24.0,3.0,8.0,0.47790016939995383,0.9949979125880574,0.9927733920219559,1.0,0.06654118732886027,0.06621015411194008
18.0,mse_oracle,nan,25.0,4.0,1.0,0.48017581100586476,1.0,1.0,0.0,0.0696992001072075,0.0696992001072075
18.0,mse_oracle,nan,26.0,4.0,2.0,0.4814539725090196,0.9990584536888525,0.9991543875452703,0.0,0.06866534830307523,0.06866534830307523
18.0,mse_oracle,nan,27.0,4.0,3.0,0.4822088782442734,0.9963836313306309,0.9970776765622045,1.0,0.06798637186237647,0.06767729127512803
18.0,mse_oracle,nan,28.0,4.0,4.0,0.4842386197151186,0.9941294694277916,0.9950496735928209,1.0,0.0682944644510603,0.06750459125260962
18.0,mse_oracle,nan,29.0,4.0,5.0,0.48493731759090664,0.9937999799096201,0.992960031188966,1.0,0.06775368174152348,0.06661395565690004
18.0,mse_oracle,nan,30.0,4.0,6.0,0.48612061734091966,0.9894091998249505,0.9894119464278107,1.0,0.06766243186739215,0.06576947021222873
18.0,mse_oracle,nan,31.0,4.0,7.0,0.48727318959449956,0.9909360199082072,0.9879265440623438,1.0,0.06728507169648966,0.06583519174477136
18.0,mse_oracle,nan,32.0,4.0,8.0,0.4885822706447875,0.99117131733637,0.9917460574029379,1.0,0.06789875667773851,0.06689374940342777
18.0,mse_oracle,nan,33.0,5.0,1.0,0.4903398542563353,1.0,1.0000000000000002,0.0,0.07028463962182184,0.07028463962182184
18.0,mse_oracle,nan,34.0,5.0,2.0,0.49182735264041455,0.9995013809566895,0.9995818863898973,0.0,0.07013968122870065,0.07013968122870065
18.0,mse_oracle,nan,35.0,5.0,3.0,0.4941612039322343,0.9950870386144931,0.9953046711805604,1.0,0.06978606035463632,0.06956192516453054
18.0,mse_oracle,nan,36.0,5.0,4.0,0.49529631219794734,0.9919182845468605,0.9928028682243942,1.0,0.06766136625803451,0.0661974387423041
18.0,mse_oracle,nan,37.0,5.0,5.0,0.49656924376390876,0.9904362359796939,0.9879732886133326,1.0,0.06744082357651546,0.06482323615874398
18.0,mse_oracle,nan,38.0,5.0,6.0,0.4979959097165129,0.9895724432448888,0.9899170170060406,1.0,0.06770224561553981,0.06510637657306417
18.0,mse_oracle,nan,39.0,5.0,7.0,0.4993350268383794,0.9886381518848985,0.9853666888098395,1.0,0.06678415992048739,0.06376221767251394
18.0,mse_oracle,nan,40.0,5.0,8.0,0.5003041311739701,0.9861620452931372,0.9842141958302724,1.0,0.06635515285031741,0.06320657324998266
19.0,raw,nan,0.0,0.0,0.0,0.4381825474072605,1.0,1.0,0.0,nan,nan
19.0,raw,nan,1.0,1.0,1.0,0.44006984546177574,1.0,1.0,0.0,nan,nan
19.0,raw,nan,2.0,1.0,2.0,0.4411969385608152,0.9995608278377591,0.9995931080348737,0.0,nan,nan
19.0,raw,nan,3.0,1.0,3.0,0.4429351541679088,0.9992770763115942,0.9994380674302272,0.0,nan,nan
19.0,raw,nan,4.0,1.0,4.0,0.4450527364284399,0.9984243739611444,0.9979711368319776,0.0,nan,nan
19.0,raw,nan,5.0,1.0,5.0,0.4470154204969103,0.9959988854683725,0.9968048460088487,0.0,nan,nan
19.0,raw,nan,6.0,1.0,6.0,0.449563667788287,0.9967337486418567,0.9973989901172782,0.0,nan,nan
19.0,raw,nan,7.0,1.0,7.0,0.45074578959907163,0.9938111767389435,0.9947684942640127,0.0,nan,nan
19.0,raw,nan,8.0,1.0,8.0,0.4527506589682202,0.9936354442415467,0.9926443601644942,0.0,nan,nan
19.0,raw,nan,9.0,2.0,1.0,0.4544253962840335,1.0,1.0,0.0,nan,nan
19.0,raw,nan,10.0,2.0,2.0,0.455398785094435,0.9979048900266895,0.9979240927435585,0.0,nan,nan
19.0,raw,nan,11.0,2.0,3.0,0.45788988903846284,0.992699025055875,0.9909669074269339,0.0,nan,nan
19.0,raw,nan,12.0,2.0,4.0,0.4591351788281594,0.9925795115501578,0.9917509743169908,0.0,nan,nan
19.0,raw,nan,13.0,2.0,5.0,0.46012186495169344,0.9871434377955245,0.9866183635595177,0.0,nan,nan
19.0,raw,nan,14.0,2.0,6.0,0.4610995485606891,0.9856073162048807,0.9847404748464779,0.0,nan,nan
19.0,raw,nan,15.0,2.0,7.0,0.4638285930989798,0.9798564573649214,0.9852264117534002,0.0,nan,nan
19.0,raw,nan,16.0,2.0,8.0,0.4658592471667545,0.9860985502968045,0.9874211070470859,0.0,nan,nan
19.0,raw,nan,17.0,3.0,1.0,0.46686726461993694,1.0,1.0,0.0,nan,nan
19.0,raw,nan,18.0,3.0,2.0,0.46775737351230123,0.9992145866389814,0.99937112168682,0.0,nan,nan
19.0,raw,nan,19.0,3.0,3.0,0.46861540871816254,0.9965301474101957,0.9952726291047763,0.0,nan,nan
19.0,raw,nan,20.0,3.0,4.0,0.4709759064405888,0.9926448142813616,0.9939869872054679,0.0,nan,nan
19.0,raw,nan,21.0,3.0,5.0,0.4712960347784133,0.9919471588484005,0.9959132852235005,0.0,nan,nan
19.0,raw,nan,22.0,3.0,6.0,0.47341744837988453,0.98816704941433,0.9883622884068747,0.0,nan,nan
19.0,raw,nan,23.0,3.0,7.0,0.47582674069819575,0.9904565400844368,0.9898393073603815,0.0,nan,nan
19.0,raw,nan,24.0,3.0,8.0,0.477422172064831,0.9903559021422631,0.9918529378670888,0.0,nan,nan
19.0,raw,nan,25.0,4.0,1.0,0.4785630473935291,1.0,1.0,0.0,nan,nan
19.0,raw,nan,26.0,4.0,2.0,0.4804035744779443,0.9980067765082397,0.9980695423899762,0.0,nan,nan
19.0,raw,nan,27.0,4.0,3.0,0.4809100287427855,0.9968792000167025,0.9972439020747235,0.0,nan,nan
19.0,raw,nan,28.0,4.0,4.0,0.482392607490495,0.9959530591727518,0.9949927126465398,0.0,nan,nan
19.0,raw,nan,29.0,4.0,5.0,0.4837632677239859,0.9863464390154095,0.987104722427613,0.0,nan,nan
19.0,raw,nan,30.0,4.0,6.0,0.48436096566750636,0.9753015109898172,0.9806205866741307,0.0,nan,nan
19.0,raw,nan,31.0,4.0,7.0,0.4864566822934345,0.9757364594928332,0.9699927251849199,0.0,nan,nan
19.0,raw,nan,32.0,4.0,8.0,0.4883251458012813,0.9751084829422114,0.971972495419048,0.0,nan,nan
19.0,raw,nan,33.0,5.0,1.0,0.49023704093768194,1.0,1.0,0.0,nan,nan
19.0,raw,nan,34.0,5.0,2.0,0.49084282154557257,0.9983854815773543,0.9984640416612395,0.0,nan,nan
19.0,raw,nan,35.0,5.0,3.0,0.4918989778080759,0.9978242276132671,0.9980040048201723,0.0,nan,nan
19.0,raw,nan,36.0,5.0,4.0,0.49363221023026654,0.9983730535143374,0.9974742380950077,0.0,nan,nan
19.0,raw,nan,37.0,5.0,5.0,0.49564301398002003,0.9964502293867675,0.9947225730542321,0.0,nan,nan
19.0,raw,nan,38.0,5.0,6.0,0.49654971020785893,0.9937923279063229,0.9954561089477769,0.0,nan,nan
19.0,raw,nan,39.0,5.0,7.0,0.49804379270375715,0.9939402544592056,0.9931506335898653,0.0,nan,nan
19.0,raw,nan,40.0,5.0,8.0,0.4993944747958945,0.9883453500129873,0.9864618391603643,0.0,nan,nan
19.0,ppo,nan,0.0,0.0,0.0,0.4381825474072605,1.0,1.0,0.0,nan,nan
19.0,ppo,nan,1.0,1.0,1.0,0.44006984546177574,1.0,1.0,1.0,nan,nan
19.0,ppo,nan,2.0,1.0,2.0,0.4411969385608152,0.9995608278377591,0.9995931080348737,1.0,nan,nan
19.0,ppo,nan,3.0,1.0,3.0,0.4429351541679088,0.9992770763115942,0.9994380674302272,1.0,nan,nan
19.0,ppo,nan,4.0,1.0,4.0,0.4450527364284399,0.9984243739611444,0.9979711368319776,1.0,nan,nan
19.0,ppo,nan,5.0,1.0,5.0,0.4470154204969103,0.9959988854683725,0.9968048460088487,1.0,nan,nan
19.0,ppo,nan,6.0,1.0,6.0,0.449563667788287,0.9967337486418567,0.9973989901172782,1.0,nan,nan
19.0,ppo,nan,7.0,1.0,7.0,0.45074578959907163,0.9938111767389435,0.9947684942640127,1.0,nan,nan
19.0,ppo,nan,8.0,1.0,8.0,0.4527506589682202,0.9936354442415467,0.9926443601644942,1.0,nan,nan
19.0,ppo,nan,9.0,2.0,1.0,0.4544253962840335,1.0,1.0,1.0,nan,nan
19.0,ppo,nan,10.0,2.0,2.0,0.455398785094435,0.9979048900266895,0.9979240927435585,1.0,nan,nan
19.0,ppo,nan,11.0,2.0,3.0,0.45788988903846284,0.992699025055875,0.9909669074269339,1.0,nan,nan
19.0,ppo,nan,12.0,2.0,4.0,0.4591756215562463,0.9925795115501578,0.9917509743169908,1.0,nan,nan
19.0,ppo,nan,13.0,2.0,5.0,0.46015272381835876,0.989241249979978,0.9887313532870885,1.0,nan,nan
19.0,ppo,nan,14.0,2.0,6.0,0.4611486749073998,0.9892234433102227,0.9890927589279044,1.0,nan,nan
19.0,ppo,nan,15.0,2.0,7.0,0.4637330098918245,0.9860694019181796,0.9894923793349006,1.0,nan,nan
19.0,ppo,nan,16.0,2.0,8.0,0.4656746698911705,0.9910289112520769,0.9907290350934661,1.0,nan,nan
19.0,ppo,nan,17.0,3.0,1.0,0.46668366949706525,1.0,1.0,1.0,nan,nan
19.0,ppo,nan,18.0,3.0,2.0,0.4677586387325726,0.9991868020656862,0.9992949304319947,1.0,nan,nan
19.0,ppo,nan,19.0,3.0,3.0,0.4687264913534705,0.9963017310296288,0.9949938836948127,1.0,nan,nan
19.0,ppo,nan,20.0,3.0,4.0,0.47134307983539786,0.9921209605327492,0.9933128368851463,1.0,nan,nan
19.0,ppo,nan,21.0,3.0,5.0,0.4717463829601314,0.9923797991598745,0.9956890847804885,1.0,nan,nan
19.0,ppo,nan,22.0,3.0,6.0,0.473928250516959,0.9883989023694378,0.9888253628539446,1.0,nan,nan
19.0,ppo,nan,23.0,3.0,7.0,0.4761701363509182,0.9917650667325049,0.9913548421859418,1.0,nan,nan
19.0,ppo,nan,24.0,3.0,8.0,0.47763515454060856,0.991294381098897,0.9921181692758143,1.0,nan,nan
19.0,ppo,nan,25.0,4.0,1.0,0.4787726260530327,1.0,1.0,1.0,nan,nan
19.0,ppo,nan,26.0,4.0,2.0,0.48056584043301953,0.9979400420883778,0.9981707964330117,1.0,nan,nan
19.0,ppo,nan,27.0,4.0,3.0,0.48086082652365986,0.997221568051864,0.9975157903291156,1.0,nan,nan
19.0,ppo,nan,28.0,4.0,4.0,0.48234680084182086,0.996495544746794,0.9956160178448568,1.0,nan,nan
19.0,ppo,nan,29.0,4.0,5.0,0.4842307297039989,0.9906079525750398,0.9904886108952151,1.0,nan,nan
19.0,ppo,nan,30.0,4.0,6.0,0.4844255430551118,0.9872361460431296,0.990061830037722,1.0,nan,nan
19.0,ppo,nan,31.0,4.0,7.0,0.4863445327217177,0.9832177849293644,0.9804026772832259,1.0,nan,nan
19.0,ppo,nan,32.0,4.0,8.0,0.48755986396188905,0.985739431513367,0.9870910526030421,1.0,nan,nan
19.0,ppo,nan,33.0,5.0,1.0,0.4893488302570218,1.0,1.0,1.0,nan,nan
19.0,ppo,nan,34.0,5.0,2.0,0.4900541047325256,0.998699156578347,0.9987264759389648,1.0,nan,nan
19.0,ppo,nan,35.0,5.0,3.0,0.49107036625100925,0.9977391638492398,0.99861757383978,1.0,nan,nan
19.0,ppo,nan,36.0,5.0,4.0,0.4928717620148036,0.9978354938763662,0.9965378038635055,1.0,nan,nan
19.0,ppo,nan,37.0,5.0,5.0,0.4949770271134112,0.9948641551710526,0.9922993318482004,1.0,nan,nan
19.0,ppo,nan,38.0,5.0,6.0,0.4960509863013365,0.9925115825272421,0.9950017557414997,1.0,nan,nan
19.0,ppo,nan,39.0,5.0,7.0,0.49764129671301455,0.9939583539603692,0.9924347901427559,1.0,nan,nan
19.0,ppo,nan,40.0,5.0,8.0,0.4988832584179957,0.9887823269332129,0.9871214943129312,1.0,nan,nan
19.0,mse_oracle,nan,0.0,0.0,0.0,0.4381825474072605,1.0,1.0,0.0,nan,nan
19.0,mse_oracle,nan,1.0,1.0,1.0,0.44006984546177574,1.0,1.0,0.0,0.06706072794876566,0.06706072794876566
19.0,mse_oracle,nan,2.0,1.0,2.0,0.4411969385608152,0.9995608278377591,0.9995931080348737,0.0,0.06673716492431406,0.06673716492431406
19.0,mse_oracle,nan,3.0,1.0,3.0,0.4429351541679088,0.9992770763115942,0.9994380674302272,0.0,0.06664048992824533,0.06664048992824533
19.0,mse_oracle,nan,4.0,1.0,4.0,0.4450527364284399,0.9984243739611444,0.9979711368319776,0.0,0.06639972297008083,0.06639972297008083
19.0,mse_oracle,nan,5.0,1.0,5.0,0.4470154204969103,0.9959988854683725,0.9968048460088487,0.0,0.06597029966665742,0.06597029966665742
19.0,mse_oracle,nan,6.0,1.0,6.0,0.449563667788287,0.9967337486418567,0.9973989901172782,1.0,0.06545289419221514,0.06545266460110666
19.0,mse_oracle,nan,7.0,1.0,7.0,0.45074578959907163,0.9938111767389435,0.9947684942640127,1.0,0.06494760474481821,0.06436889980775423
19.0,mse_oracle,nan,8.0,1.0,8.0,0.4527506589682202,0.9936354442415467,0.9926443601644942,1.0,0.06476867717218357,0.0639567779540096
19.0,mse_oracle,nan,9.0,2.0,1.0,0.4544253962840335,1.0,1.0,0.0,0.06812679954724593,0.06812679954724593
19.0,mse_oracle,nan,10.0,2.0,2.0,0.455398785094435,0.9979048900266895,0.9979240927435585,0.0,0.0674815405101771,0.0674815405101771
19.0,mse_oracle,nan,11.0,2.0,3.0,0.45788988903846284,0.992699025055875,0.9909669074269339,1.0,0.06697309475389375,0.06686433808110955
19.0,mse_oracle,nan,12.0,2.0,4.0,0.4591756215562463,0.9925795115501578,0.9917509743169908,1.0,0.06623495314161378,0.06560396441034738
19.0,mse_oracle,nan,13.0,2.0,5.0,0.46015272381835876,0.989241249979978,0.9887313532870885,1.0,0.06635112244238886,0.06503802226144455
19.0,mse_oracle,nan,14.0,2.0,6.0,0.4611486749073998,0.9892234433102227,0.9890927589279044,1.0,0.06599338777719514,0.06460767714189128
19.0,mse_oracle,nan,15.0,2.0,7.0,0.4637330098918245,0.9860694019181796,0.9894923793349006,1.0,0.06564612561619355,0.06343120730067603
19.0,mse_oracle,nan,16.0,2.0,8.0,0.4656746698911705,0.9910289112520769,0.9907290350934661,1.0,0.06493127391093569,0.06338058486888185
19.0,mse_oracle,nan,17.0,3.0,1.0,0.46668366949706525,1.0,1.0,0.0,0.06889300179405275,0.06889300179405275
19.0,mse_oracle,nan,18.0,3.0,2.0,0.4677586387325726,0.9991868020656862,0.9992949304319947,0.0,0.06916251579776257,0.06916251579776257
19.0,mse_oracle,nan,19.0,3.0,3.0,0.4687264913534705,0.9963017310296288,0.9949938836948127,0.0,0.06798540017882641,0.06798540017882641
19.0,mse_oracle,nan,20.0,3.0,4.0,0.47134307983539786,0.9921209605327492,0.9933128368851463,1.0,0.06748114348635989,0.06657345985911436
19.0,mse_oracle,nan,21.0,3.0,5.0,0.4717463829601314,0.9923797991598745,0.9956890847804885,1.0,0.06612807942257728,0.064980086729911
19.0,mse_oracle,nan,22.0,3.0,6.0,0.473928250516959,0.9883989023694378,0.9888253628539446,1.0,0.06574180931993798,0.06378511801322127
19.0,mse_oracle,nan,23.0,3.0,7.0,0.4761701363509182,0.9917650667325049,0.9913548421859418,1.0,0.06545551797094862,0.06412906704521754
19.0,mse_oracle,nan,24.0,3.0,8.0,0.47763515454060856,0.991294381098897,0.9921181692758143,1.0,0.06495398092384111,0.06305761929328212
19.0,mse_oracle,nan,25.0,4.0,1.0,0.4787726260530327,1.0,1.0,0.0,0.06937554902302695,0.06937554902302695
19.0,mse_oracle,nan,26.0,4.0,2.0,0.48056584043301953,0.9979400420883778,0.9981707964330117,0.0,0.07036966068143075,0.07036966068143075
19.0,mse_oracle,nan,27.0,4.0,3.0,0.48086082652365986,0.997221568051864,0.9975157903291156,0.0,0.07033806429164696,0.07033806429164696
19.0,mse_oracle,nan,28.0,4.0,4.0,0.48234680084182086,0.996495544746794,0.9956160178448568,1.0,0.07052006084703175,0.0698505431333163
19.0,mse_oracle,nan,29.0,4.0,5.0,0.4842307297039989,0.9906079525750398,0.9904886108952151,1.0,0.07133846736201634,0.06959492361229438
19.0,mse_oracle,nan,30.0,4.0,6.0,0.4844255430551118,0.9872361460431296,0.990061830037722,1.0,0.07098121031870212,0.06834204616698529
19.0,mse_oracle,nan,31.0,4.0,7.0,0.4863445327217177,0.9832177849293644,0.9804026772832259,1.0,0.07171490576213091,0.06835410565861823
19.0,mse_oracle,nan,32.0,4.0,8.0,0.48755986396188905,0.985739431513367,0.9870910526030421,1.0,0.07042569005859263,0.06670645888416965
19.0,mse_oracle,nan,33.0,5.0,1.0,0.4893488302570218,1.0,1.0,0.0,0.0701344847838736,0.0701344847838736
19.0,mse_oracle,nan,34.0,5.0,2.0,0.4900541047325256,0.998699156578347,0.9987264759389648,0.0,0.06934862595931886,0.06934862595931886
19.0,mse_oracle,nan,35.0,5.0,3.0,0.49107036625100925,0.9977391638492398,0.99861757383978,0.0,0.06948590658217908,0.06948590658217908
19.0,mse_oracle,nan,36.0,5.0,4.0,0.4928717620148036,0.9978354938763662,0.9965378038635055,0.0,0.0689204993425388,0.0689204993425388
19.0,mse_oracle,nan,37.0,5.0,5.0,0.4949770271134112,0.9948641551710526,0.9922993318482004,1.0,0.06882084123053371,0.06807565382119618
19.0,mse_oracle,nan,38.0,5.0,6.0,0.4960509863013365,0.9925115825272421,0.9950017557414997,1.0,0.06888949811209474,0.0677696148160721
19.0,mse_oracle,nan,39.0,5.0,7.0,0.49764129671301455,0.9939583539603692,0.9924347901427559,1.0,0.06809202763110708,0.0672286667717199
19.0,mse_oracle,nan,40.0,5.0,8.0,0.4988832584179957,0.9887823269332129,0.9871214943129312,1.0,0.06940918228626154,0.06725229612354042
