learning_rate,replication,method,update,selected,sample_rho,feature_cov_lambda_max,global_L_bound,global_eta_max,directional_L_bound,eta_times_directional_L,condition_holds
0.25,0,raw,1,raw,1.0,11.549399927600614,5.774699963800307,0.17316917004669866,3.086181642908341,0.7715454107270853,1.0
0.25,0,raw,2,raw,0.9980024349994318,11.549399927600614,5.774699963800307,0.17316917004669866,4.183574410855054,1.0458936027137635,0.0
0.25,0,raw,3,raw,0.9942573941706397,11.549399927600614,5.774699963800307,0.17316917004669866,3.511181917133257,0.8777954792833143,1.0
0.25,0,raw,4,raw,0.9908539732522276,11.549399927600614,5.774699963800307,0.17316917004669866,2.5231589581495504,0.6307897395373876,1.0
0.25,0,raw,5,raw,0.9778690341511287,11.549399927600614,5.774699963800307,0.17316917004669866,4.068899228604727,1.0172248071511818,0.0
0.25,0,raw,6,raw,0.9839927663554381,11.549399927600614,5.774699963800307,0.17316917004669866,3.2312722770024935,0.8078180692506234,1.0
0.25,0,raw,7,raw,0.9736648602751448,11.549399927600614,5.774699963800307,0.17316917004669866,4.432387421797869,1.1080968554494672,0.0
0.25,0,raw,8,raw,0.964987139566895,11.549399927600614,5.774699963800307,0.17316917004669866,4.299658668133038,1.0749146670332594,0.0
0.25,0,raw,9,raw,1.0,11.549399927600614,5.774699963800307,0.17316917004669866,3.4521309718471316,0.8630327429617829,1.0
0.25,0,raw,10,raw,0.9965102853624578,11.549399927600614,5.774699963800307,0.17316917004669866,3.9774446243788666,0.9943611560947166,1.0
0.25,0,raw,11,raw,0.9929814309330849,11.549399927600614,5.774699963800307,0.17316917004669866,3.946824761315103,0.9867061903287757,1.0
0.25,0,raw,12,raw,0.9911322885611149,11.549399927600614,5.774699963800307,0.17316917004669866,2.946208404738424,0.736552101184606,1.0
0.25,0,raw,13,raw,0.9848633077146336,11.549399927600614,5.774699963800307,0.17316917004669866,3.7087957784247236,0.9271989446061809,1.0
0.25,0,raw,14,raw,0.9916089211464163,11.549399927600614,5.774699963800307,0.17316917004669866,3.8440406915549477,0.9610101728887369,1.0
0.25,0,raw,15,raw,0.9917309270574407,11.549399927600614,5.774699963800307,0.17316917004669866,3.8270634039565063,0.9567658509891266,1.0
0.25,0,raw,16,raw,0.9775525249519355,11.549399927600614,5.774699963800307,0.17316917004669866,3.8562386777872244,0.9640596694468061,1.0
0.25,0,ppo,1,ppo,1.0,11.549399927600614,5.774699963800307,0.17316917004669866,3.086181642908341,0.7715454107270853,1.0
0.25,0,ppo,2,ppo,0.9980024349994318,11.549399927600614,5.774699963800307,0.17316917004669866,4.183574410855054,1.0458936027137635,0.0
0.25,0,ppo,3,ppo,0.9942573941706397,11.549399927600614,5.774699963800307,0.17316917004669866,3.511181917133257,0.8777954792833143,1.0
0.25,0,ppo,4,ppo,0.9908539732522276,11.549399927600614,5.774699963800307,0.17316917004669866,2.3466125256558104,0.5866531314139526,1.0
0.25,0,ppo,5,ppo,0.9791292136893288,11.549399927600614,5.774699963800307,0.17316917004669866,3.8362391671251737,0.9590597917812934,1.0
0.25,0,ppo,6,ppo,0.9901747728238943,11.549399927600614,5.774699963800307,0.17316917004669866,3.6555957414507594,0.9138989353626898,1.0
0.25,0,ppo,7,ppo,0.9867624971970587,11.549399927600614,5.774699963800307,0.17316917004669866,4.398005067020076,1.099501266755019,0.0
0.25,0,ppo,8,ppo,0.983848752947318,11.549399927600614,5.774699963800307,0.17316917004669866,4.631279102044271,1.1578197755110677,0.0
0.25,0,ppo,9,ppo,1.0,11.549399927600614,5.774699963800307,0.17316917004669866,3.4695956905157495,0.8673989226289374,1.0
0.25,0,ppo,10,ppo,0.9964185586726071,11.549399927600614,5.774699963800307,0.17316917004669866,3.7995322286338644,0.9498830571584661,1.0
0.25,0,ppo,11,ppo,0.9930693269229944,11.549399927600614,5.774699963800307,0.17316917004669866,3.829194619386401,0.9572986548466003,1.0
0.25,0,ppo,12,ppo,0.9915501450787889,11.549399927600614,5.774699963800307,0.17316917004669866,2.9312947812726025,0.7328236953181506,1.0
0.25,0,ppo,13,ppo,0.9884468128549254,11.549399927600614,5.774699963800307,0.17316917004669866,4.08473807477314,1.021184518693285,0.0
0.25,0,ppo,14,ppo,0.9931501155963867,11.549399927600614,5.774699963800307,0.17316917004669866,3.706775304764011,0.9266938261910027,1.0
0.25,0,ppo,15,ppo,0.9948283880150092,11.549399927600614,5.774699963800307,0.17316917004669866,3.8066139311588962,0.9516534827897241,1.0
0.25,0,ppo,16,ppo,0.9829841453444466,11.549399927600614,5.774699963800307,0.17316917004669866,3.7816989323501553,0.9454247330875388,1.0
0.25,0,mse_oracle,1,raw,1.0,11.549399927600614,5.774699963800307,0.17316917004669866,3.086181642908341,0.7715454107270853,1.0
0.25,0,mse_oracle,2,raw,0.9980024349994318,11.549399927600614,5.774699963800307,0.17316917004669866,4.183574410855054,1.0458936027137635,0.0
0.25,0,mse_oracle,3,raw,0.9942573941706397,11.549399927600614,5.774699963800307,0.17316917004669866,3.511181917133257,0.8777954792833143,1.0
0.25,0,mse_oracle,4,ppo,0.9908539732522276,11.549399927600614,5.774699963800307,0.17316917004669866,2.3466125256558104,0.5866531314139526,1.0
0.25,0,mse_oracle,5,ppo,0.9791292136893288,11.549399927600614,5.774699963800307,0.17316917004669866,3.8362391671251737,0.9590597917812934,1.0
0.25,0,mse_oracle,6,ppo,0.9901747728238943,11.549399927600614,5.774699963800307,0.17316917004669866,3.6555957414507594,0.9138989353626898,1.0
0.25,0,mse_oracle,7,ppo,0.9867624971970587,11.549399927600614,5.774699963800307,0.17316917004669866,4.398005067020076,1.099501266755019,0.0
0.25,0,mse_oracle,8,ppo,0.983848752947318,11.549399927600614,5.774699963800307,0.17316917004669866,4.631279102044271,1.1578197755110677,0.0
0.25,0,mse_oracle,9,raw,1.0,11.549399927600614,5.774699963800307,0.17316917004669866,3.4695956905157495,0.8673989226289374,1.0
0.25,0,mse_oracle,10,raw,0.9964185586726071,11.549399927600614,5.774699963800307,0.17316917004669866,3.7995322286338644,0.9498830571584661,1.0
0.25,0,mse_oracle,11,ppo,0.9930693269229944,11.549399927600614,5.774699963800307,0.17316917004669866,3.829194619386401,0.9572986548466003,1.0
0.25,0,mse_oracle,12,ppo,0.9915501450787889,11.549399927600614,5.774699963800307,0.17316917004669866,2.9312947812726025,0.7328236953181506,1.0
0.25,0,mse_oracle,13,ppo,0.9884468128549254,11.549399927600614,5.774699963800307,0.17316917004669866,4.08473807477314,1.021184518693285,0.0
0.25,0,mse_oracle,14,ppo,0.9931501155963867,11.549399927600614,5.774699963800307,0.17316917004669866,3.706775304764011,0.9266938261910027,1.0
0.25,0,mse_oracle,15,ppo,0.9948283880150092,11.549399927600614,5.774699963800307,0.17316917004669866,3.8066139311588962,0.9516534827897241,1.0
0.25,0,mse_oracle,16,ppo,0.9829841453444466,11.549399927600614,5.774699963800307,0.17316917004669866,3.7816989323501553,0.9454247330875388,1.0
0.25,1,raw,1,raw,0.9999999999999999,11.549399927600614,5.774699963800307,0.17316917004669866,3.1617716357849486,0.7904429089462371,1.0
0.25,1,raw,2,raw,0.9979118260463428,11.549399927600614,5.774699963800307,0.17316917004669866,3.2832322571446886,0.8208080642861721,1.0
0.25,1,raw,3,raw,0.9973233517374596,11.549399927600614,5.774699963800307,0.17316917004669866,4.276856229442906,1.0692140573607265,0.0
0.25,1,raw,4,raw,0.9902764903782414,11.549399927600614,5.774699963800307,0.17316917004669866,3.663760732428694,0.9159401831071735,1.0
0.25,1,raw,5,raw,0.979404007091858,11.549399927600614,5.774699963800307,0.17316917004669866,3.3059660615170645,0.8264915153792661,1.0
0.25,1,raw,6,raw,0.9861620920785316,11.549399927600614,5.774699963800307,0.17316917004669866,3.9865108793962585,0.9966277198490646,1.0
0.25,1,raw,7,raw,0.9872664351821556,11.549399927600614,5.774699963800307,0.17316917004669866,2.7230662048144985,0.6807665512036246,1.0
0.25,1,raw,8,raw,0.9738630818611679,11.549399927600614,5.774699963800307,0.17316917004669866,4.486756364588726,1.1216890911471815,0.0
0.25,1,raw,9,raw,1.0000000000000002,11.549399927600614,5.774699963800307,0.17316917004669866,3.9014846423266367,0.9753711605816592,1.0
0.25,1,raw,10,raw,0.9969535941040446,11.549399927600614,5.774699963800307,0.17316917004669866,4.1888443101894985,1.0472110775473746,0.0
0.25,1,raw,11,raw,0.9916596373815447,11.549399927600614,5.774699963800307,0.17316917004669866,3.3989071826894457,0.8497267956723614,1.0
0.25,1,raw,12,raw,0.9854496698264757,11.549399927600614,5.774699963800307,0.17316917004669866,4.385882760827487,1.0964706902068717,0.0
0.25,1,raw,13,raw,0.9848031819010278,11.549399927600614,5.774699963800307,0.17316917004669866,2.717571795508853,0.6793929488772132,1.0
0.25,1,raw,14,raw,0.9830396576226528,11.549399927600614,5.774699963800307,0.17316917004669866,3.2808599061018997,0.8202149765254749,1.0
0.25,1,raw,15,raw,0.9860976019950513,11.549399927600614,5.774699963800307,0.17316917004669866,3.1462404866788747,0.7865601216697187,1.0
0.25,1,raw,16,raw,0.98364345037498,11.549399927600614,5.774699963800307,0.17316917004669866,2.3206534600752975,0.5801633650188244,1.0
0.25,1,ppo,1,ppo,0.9999999999999999,11.549399927600614,5.774699963800307,0.17316917004669866,3.1617716357849486,0.7904429089462371,1.0
0.25,1,ppo,2,ppo,0.9979118260463428,11.549399927600614,5.774699963800307,0.17316917004669866,3.2832322571446886,0.8208080642861721,1.0
0.25,1,ppo,3,ppo,0.9973233517374596,11.549399927600614,5.774699963800307,0.17316917004669866,4.276856229442906,1.0692140573607265,0.0
0.25,1,ppo,4,ppo,0.9902764903782414,11.549399927600614,5.774699963800307,0.17316917004669866,3.663760732428694,0.9159401831071735,1.0
0.25,1,ppo,5,ppo,0.979404007091858,11.549399927600614,5.774699963800307,0.17316917004669866,3.8394000622417352,0.9598500155604338,1.0
0.25,1,ppo,6,ppo,0.9895670034454194,11.549399927600614,5.774699963800307,0.17316917004669866,4.0135094325754475,1.0033773581438619,0.0
0.25,1,ppo,7,ppo,0.992147056371811,11.549399927600614,5.774699963800307,0.17316917004669866,2.7790125764225113,0.6947531441056278,1.0
0.25,1,ppo,8,ppo,0.9832359974147655,11.549399927600614,5.774699963800307,0.17316917004669866,4.636800393156206,1.1592000982890516,0.0
0.25,1,ppo,9,ppo,1.0,11.549399927600614,5.774699963800307,0.17316917004669866,3.9294521542354133,0.9823630385588533,1.0
0.25,1,ppo,10,ppo,0.996846262640178,11.549399927600614,5.774699963800307,0.17316917004669866,4.150829792120958,1.0377074480302395,0.0
0.25,1,ppo,11,ppo,0.9930331861286797,11.549399927600614,5.774699963800307,0.17316917004669866,2.7673458592276905,0.6918364648069226,1.0
0.25,1,ppo,12,ppo,0.9930294770994421,11.549399927600614,5.774699963800307,0.17316917004669866,4.469115934573788,1.117278983643447,0.0
0.25,1,ppo,13,ppo,0.9841849318997468,11.549399927600614,5.774699963800307,0.17316917004669866,3.608486640363806,0.9021216600909515,1.0
0.25,1,ppo,14,ppo,0.9867860083081644,11.549399927600614,5.774699963800307,0.17316917004669866,4.056217635720479,1.0140544089301198,0.0
0.25,1,ppo,15,ppo,0.9852751129791834,11.549399927600614,5.774699963800307,0.17316917004669866,3.151460355643853,0.7878650889109633,1.0
0.25,1,ppo,16,ppo,0.9879077523041808,11.549399927600614,5.774699963800307,0.17316917004669866,2.89240908010752,0.72310227002688,1.0
0.25,1,mse_oracle,1,raw,0.9999999999999999,11.549399927600614,5.774699963800307,0.17316917004669866,3.1617716357849486,0.7904429089462371,1.0
0.25,1,mse_oracle,2,raw,0.9979118260463428,11.549399927600614,5.774699963800307,0.17316917004669866,3.2832322571446886,0.8208080642861721,1.0
0.25,1,mse_oracle,3,raw,0.9973233517374596,11.549399927600614,5.774699963800307,0.17316917004669866,4.276856229442906,1.0692140573607265,0.0
0.25,1,mse_oracle,4,ppo,0.9902764903782414,11.549399927600614,5.774699963800307,0.17316917004669866,3.663760732428694,0.9159401831071735,1.0
0.25,1,mse_oracle,5,raw,0.979404007091858,11.549399927600614,5.774699963800307,0.17316917004669866,3.3059660615170645,0.8264915153792661,1.0
0.25,1,mse_oracle,6,raw,0.9861620920785316,11.549399927600614,5.774699963800307,0.17316917004669866,3.9865108793962585,0.9966277198490646,1.0
0.25,1,mse_oracle,7,ppo,0.9872664351821556,11.549399927600614,5.774699963800307,0.17316917004669866,2.459844344292772,0.614961086073193,1.0
0.25,1,mse_oracle,8,ppo,0.9769006199705205,11.549399927600614,5.774699963800307,0.17316917004669866,4.719982330914714,1.1799955827286785,0.0
0.25,1,mse_oracle,9,raw,1.0,11.549399927600614,5.774699963800307,0.17316917004669866,3.938476134226397,0.9846190335565993,1.0
0.25,1,mse_oracle,10,raw,0.9968083625528312,11.549399927600614,5.774699963800307,0.17316917004669866,4.144301786688103,1.0360754466720257,0.0
0.25,1,mse_oracle,11,ppo,0.9932687194712349,11.549399927600614,5.774699963800307,0.17316917004669866,3.2559788856896468,0.8139947214224117,1.0
0.25,1,mse_oracle,12,ppo,0.99396158165193,11.549399927600614,5.774699963800307,0.17316917004669866,4.307344978545776,1.076836244636444,0.0
0.25,1,mse_oracle,13,ppo,0.9853445187315952,11.549399927600614,5.774699963800307,0.17316917004669866,3.2172411192872703,0.8043102798218176,1.0
0.25,1,mse_oracle,14,ppo,0.9877578692184908,11.549399927600614,5.774699963800307,0.17316917004669866,4.018630154855609,1.0046575387139023,0.0
0.25,1,mse_oracle,15,ppo,0.9861830213851605,11.549399927600614,5.774699963800307,0.17316917004669866,3.663982965326412,0.915995741331603,1.0
0.25,1,mse_oracle,16,ppo,0.9893989484448492,11.549399927600614,5.774699963800307,0.17316917004669866,2.638724283069021,0.6596810707672552,1.0
0.25,2,raw,1,raw,1.0,11.549399927600614,5.774699963800307,0.17316917004669866,3.382515803081753,0.8456289507704382,1.0
0.25,2,raw,2,raw,0.9982160298035009,11.549399927600614,5.774699963800307,0.17316917004669866,3.417970004812907,0.8544925012032267,1.0
0.25,2,raw,3,raw,0.9958235619858856,11.549399927600614,5.774699963800307,0.17316917004669866,4.057398568546981,1.0143496421367453,0.0
0.25,2,raw,4,raw,0.9970398806394464,11.549399927600614,5.774699963800307,0.17316917004669866,3.5714670773850914,0.8928667693462728,1.0
0.25,2,raw,5,raw,0.9938975388313526,11.549399927600614,5.774699963800307,0.17316917004669866,3.269370181723058,0.8173425454307645,1.0
0.25,2,raw,6,raw,0.9953485634207666,11.549399927600614,5.774699963800307,0.17316917004669866,4.6587177365732435,1.1646794341433109,0.0
0.25,2,raw,7,raw,0.979874787942799,11.549399927600614,5.774699963800307,0.17316917004669866,3.940089569311697,0.9850223923279242,1.0
0.25,2,raw,8,raw,0.9872456282734855,11.549399927600614,5.774699963800307,0.17316917004669866,3.274874136333298,0.8187185340833245,1.0
0.25,2,raw,9,raw,1.0,11.549399927600614,5.774699963800307,0.17316917004669866,3.7035502859367297,0.9258875714841824,1.0
0.25,2,raw,10,raw,0.9969644541774089,11.549399927600614,5.774699963800307,0.17316917004669866,3.8439306647765683,0.9609826661941421,1.0
0.25,2,raw,11,raw,0.997352526524668,11.549399927600614,5.774699963800307,0.17316917004669866,2.627453835344291,0.6568634588360728,1.0
0.25,2,raw,12,raw,0.9959702722338273,11.549399927600614,5.774699963800307,0.17316917004669866,4.204370257490331,1.0510925643725828,0.0
0.25,2,raw,13,raw,0.9868398008603523,11.549399927600614,5.774699963800307,0.17316917004669866,3.9306935614855445,0.9826733903713861,1.0
0.25,2,raw,14,raw,0.9549127910810586,11.549399927600614,5.774699963800307,0.17316917004669866,3.9107273249290255,0.9776818312322564,1.0
0.25,2,raw,15,raw,0.971878079941647,11.549399927600614,5.774699963800307,0.17316917004669866,3.8970955652777164,0.9742738913194291,1.0
0.25,2,raw,16,raw,0.9665357577133178,11.549399927600614,5.774699963800307,0.17316917004669866,4.236025417188251,1.0590063542970627,0.0
0.25,2,ppo,1,ppo,1.0,11.549399927600614,5.774699963800307,0.17316917004669866,3.382515803081753,0.8456289507704382,1.0
0.25,2,ppo,2,ppo,0.9982160298035009,11.549399927600614,5.774699963800307,0.17316917004669866,3.417970004812907,0.8544925012032267,1.0
0.25,2,ppo,3,ppo,0.9958235619858856,11.549399927600614,5.774699963800307,0.17316917004669866,4.057398568546981,1.0143496421367453,0.0
0.25,2,ppo,4,ppo,0.9970398806394464,11.549399927600614,5.774699963800307,0.17316917004669866,3.5714670773850914,0.8928667693462728,1.0
0.25,2,ppo,5,ppo,0.9938975388313526,11.549399927600614,5.774699963800307,0.17316917004669866,3.9326044972091787,0.9831511243022947,1.0
0.25,2,ppo,6,ppo,0.9956207723505399,11.549399927600614,5.774699963800307,0.17316917004669866,4.652279827767557,1.1630699569418892,0.0
0.25,2,ppo,7,ppo,0.9809347300289329,11.549399927600614,5.774699963800307,0.17316917004669866,4.244681332525568,1.061170333131392,0.0
0.25,2,ppo,8,ppo,0.9892608782552417,11.549399927600614,5.774699963800307,0.17316917004669866,3.586772922946111,0.8966932307365277,1.0
0.25,2,ppo,9,ppo,1.0,11.549399927600614,5.774699963800307,0.17316917004669866,3.368260434611577,0.8420651086528943,1.0
0.25,2,ppo,10,ppo,0.9978490942168712,11.549399927600614,5.774699963800307,0.17316917004669866,3.79550033849575,0.9488750846239375,1.0
0.25,2,ppo,11,ppo,0.9971974502442716,11.549399927600614,5.774699963800307,0.17316917004669866,2.479602595862995,0.6199006489657487,1.0
0.25,2,ppo,12,ppo,0.9954533762477858,11.549399927600614,5.774699963800307,0.17316917004669866,3.7080956028889434,0.9270239007222358,1.0
0.25,2,ppo,13,ppo,0.9853823723991275,11.549399927600614,5.774699963800307,0.17316917004669866,2.3185798242985793,0.5796449560746448,1.0
0.25,2,ppo,14,ppo,0.9826416091417591,11.549399927600614,5.774699963800307,0.17316917004669866,3.907894808894333,0.9769737022235833,1.0
0.25,2,ppo,15,ppo,0.9782934906811929,11.549399927600614,5.774699963800307,0.17316917004669866,4.614809624925529,1.1537024062313823,0.0
0.25,2,ppo,16,ppo,0.9831452386129743,11.549399927600614,5.774699963800307,0.17316917004669866,4.515149374360087,1.1287873435900218,0.0
0.25,2,mse_oracle,1,raw,1.0,11.549399927600614,5.774699963800307,0.17316917004669866,3.382515803081753,0.8456289507704382,1.0
0.25,2,mse_oracle,2,raw,0.9982160298035009,11.549399927600614,5.774699963800307,0.17316917004669866,3.417970004812907,0.8544925012032267,1.0
0.25,2,mse_oracle,3,ppo,0.9958235619858856,11.549399927600614,5.774699963800307,0.17316917004669866,4.057398568546981,1.0143496421367453,0.0
0.25,2,mse_oracle,4,raw,0.9970398806394464,11.549399927600614,5.774699963800307,0.17316917004669866,3.5714670773850914,0.8928667693462728,1.0
0.25,2,mse_oracle,5,ppo,0.9938975388313526,11.549399927600614,5.774699963800307,0.17316917004669866,3.9326044972091787,0.9831511243022947,1.0
0.25,2,mse_oracle,6,ppo,0.9956207723505399,11.549399927600614,5.774699963800307,0.17316917004669866,4.652279827767557,1.1630699569418892,0.0
0.25,2,mse_oracle,7,ppo,0.9809347300289329,11.549399927600614,5.774699963800307,0.17316917004669866,4.244681332525568,1.061170333131392,0.0
0.25,2,mse_oracle,8,ppo,0.9892608782552417,11.549399927600614,5.774699963800307,0.17316917004669866,3.586772922946111,0.8966932307365277,1.0
0.25,2,mse_oracle,9,raw,1.0,11.549399927600614,5.774699963800307,0.17316917004669866,3.368260434611577,0.8420651086528943,1.0
0.25,2,mse_oracle,10,raw,0.9978490942168712,11.549399927600614,5.774699963800307,0.17316917004669866,3.79550033849575,0.9488750846239375,1.0
0.25,2,mse_oracle,11,ppo,0.9971974502442716,11.549399927600614,5.774699963800307,0.17316917004669866,2.479602595862995,0.6199006489657487,1.0
0.25,2,mse_oracle,12,ppo,0.9954533762477858,11.549399927600614,5.774699963800307,0.17316917004669866,3.7080956028889434,0.9270239007222358,1.0
0.25,2,mse_oracle,13,ppo,0.9853823723991275,11.549399927600614,5.774699963800307,0.17316917004669866,2.3185798242985793,0.5796449560746448,1.0
0.25,2,mse_oracle,14,ppo,0.9826416091417591,11.549399927600614,5.774699963800307,0.17316917004669866,3.907894808894333,0.9769737022235833,1.0
0.25,2,mse_oracle,15,ppo,0.9782934906811929,11.549399927600614,5.774699963800307,0.17316917004669866,4.614809624925529,1.1537024062313823,0.0
0.25,2,mse_oracle,16,ppo,0.9831452386129743,11.549399927600614,5.774699963800307,0.17316917004669866,4.515149374360087,1.1287873435900218,0.0
0.25,3,raw,1,raw,0.9999999999999999,11.549399927600614,5.774699963800307,0.17316917004669866,4.16374760551163,1.0409369013779075,0.0
0.25,3,raw,2,raw,0.9943914326249118,11.549399927600614,5.774699963800307,0.17316917004669866,2.997193931210444,0.749298482802611,1.0
0.25,3,raw,3,raw,0.994990539481754,11.549399927600614,5.774699963800307,0.17316917004669866,4.338510726731927,1.0846276816829818,0.0
0.25,3,raw,4,raw,0.9899603637348632,11.549399927600614,5.774699963800307,0.17316917004669866,4.24157384733344,1.06039346183336,0.0
0.25,3,raw,5,raw,0.9824217312573322,11.549399927600614,5.774699963800307,0.17316917004669866,3.9621066140020207,0.9905266535005052,1.0
0.25,3,raw,6,raw,0.9852904807722294,11.549399927600614,5.774699963800307,0.17316917004669866,2.477609685127315,0.6194024212818288,1.0
0.25,3,raw,7,raw,0.9891524414656765,11.549399927600614,5.774699963800307,0.17316917004669866,2.6829493726442784,0.6707373431610696,1.0
0.25,3,raw,8,raw,0.9801765677775753,11.549399927600614,5.774699963800307,0.17316917004669866,4.0161919447953505,1.0040479861988376,0.0
0.25,3,raw,9,raw,1.0,11.549399927600614,5.774699963800307,0.17316917004669866,3.7587238812135726,0.9396809703033931,1.0
0.25,3,raw,10,raw,0.9966851416459529,11.549399927600614,5.774699963800307,0.17316917004669866,3.751409916846144,0.937852479211536,1.0
0.25,3,raw,11,raw,0.9889324597459693,11.549399927600614,5.774699963800307,0.17316917004669866,3.950011895917988,0.987502973979497,1.0
0.25,3,raw,12,raw,0.9841676972464296,11.549399927600614,5.774699963800307,0.17316917004669866,4.390659585897003,1.0976648964742508,0.0
0.25,3,raw,13,raw,0.9618732778189557,11.549399927600614,5.774699963800307,0.17316917004669866,3.631978630858272,0.907994657714568,1.0
0.25,3,raw,14,raw,0.9856258201193543,11.549399927600614,5.774699963800307,0.17316917004669866,3.6477892916982118,0.9119473229245529,1.0
0.25,3,raw,15,raw,0.9661100338467863,11.549399927600614,5.774699963800307,0.17316917004669866,3.8304841452699407,0.9576210363174852,1.0
0.25,3,raw,16,raw,0.9762401553873704,11.549399927600614,5.774699963800307,0.17316917004669866,4.562341481732485,1.1405853704331212,0.0
0.25,3,ppo,1,ppo,0.9999999999999999,11.549399927600614,5.774699963800307,0.17316917004669866,4.16374760551163,1.0409369013779075,0.0
0.25,3,ppo,2,ppo,0.9943914326249118,11.549399927600614,5.774699963800307,0.17316917004669866,2.997193931210444,0.749298482802611,1.0
0.25,3,ppo,3,ppo,0.994990539481754,11.549399927600614,5.774699963800307,0.17316917004669866,4.338510726731927,1.0846276816829818,0.0
0.25,3,ppo,4,ppo,0.9899603637348632,11.549399927600614,5.774699963800307,0.17316917004669866,4.24157384733344,1.06039346183336,0.0
0.25,3,ppo,5,ppo,0.9824217312573322,11.549399927600614,5.774699963800307,0.17316917004669866,4.004190477483,1.00104761937075,0.0
0.25,3,ppo,6,ppo,0.9875111500192678,11.549399927600614,5.774699963800307,0.17316917004669866,2.638709003163073,0.6596772507907682,1.0
0.25,3,ppo,7,ppo,0.9920674789987415,11.549399927600614,5.774699963800307,0.17316917004669866,2.5796475415248215,0.6449118853812054,1.0
0.25,3,ppo,8,ppo,0.9876889343267043,11.549399927600614,5.774699963800307,0.17316917004669866,4.026011404553561,1.0065028511383902,0.0
0.25,3,ppo,9,ppo,1.0,11.549399927600614,5.774699963800307,0.17316917004669866,3.7744742459656324,0.9436185614914081,1.0
0.25,3,ppo,10,ppo,0.9965356754224328,11.549399927600614,5.774699963800307,0.17316917004669866,4.282521598841125,1.0706303997102813,0.0
0.25,3,ppo,11,ppo,0.985888982286181,11.549399927600614,5.774699963800307,0.17316917004669866,4.161958058912932,1.040489514728233,0.0
0.25,3,ppo,12,ppo,0.9876060505669032,11.549399927600614,5.774699963800307,0.17316917004669866,4.23213545132529,1.0580338628313224,0.0
0.25,3,ppo,13,ppo,0.9668079627438672,11.549399927600614,5.774699963800307,0.17316917004669866,4.457008223283212,1.114252055820803,0.0
0.25,3,ppo,14,ppo,0.9883453543103494,11.549399927600614,5.774699963800307,0.17316917004669866,4.364774882828893,1.0911937207072233,0.0
0.25,3,ppo,15,ppo,0.9858247071779174,11.549399927600614,5.774699963800307,0.17316917004669866,3.729108255127256,0.932277063781814,1.0
0.25,3,ppo,16,ppo,0.9816925976958447,11.549399927600614,5.774699963800307,0.17316917004669866,4.6073621346057685,1.1518405336514421,0.0
0.25,3,mse_oracle,1,raw,0.9999999999999999,11.549399927600614,5.774699963800307,0.17316917004669866,4.16374760551163,1.0409369013779075,0.0
0.25,3,mse_oracle,2,ppo,0.9943914326249118,11.549399927600614,5.774699963800307,0.17316917004669866,2.997193931210444,0.749298482802611,1.0
0.25,3,mse_oracle,3,ppo,0.994990539481754,11.549399927600614,5.774699963800307,0.17316917004669866,4.338510726731927,1.0846276816829818,0.0
0.25,3,mse_oracle,4,ppo,0.9899603637348632,11.549399927600614,5.774699963800307,0.17316917004669866,4.24157384733344,1.06039346183336,0.0
0.25,3,mse_oracle,5,ppo,0.9824217312573322,11.549399927600614,5.774699963800307,0.17316917004669866,4.004190477483,1.00104761937075,0.0
0.25,3,mse_oracle,6,ppo,0.9875111500192678,11.549399927600614,5.774699963800307,0.17316917004669866,2.638709003163073,0.6596772507907682,1.0
0.25,3,mse_oracle,7,ppo,0.9920674789987415,11.549399927600614,5.774699963800307,0.17316917004669866,2.5796475415248215,0.6449118853812054,1.0
0.25,3,mse_oracle,8,ppo,0.9876889343267043,11.549399927600614,5.774699963800307,0.17316917004669866,4.026011404553561,1.0065028511383902,0.0
0.25,3,mse_oracle,9,raw,1.0,11.549399927600614,5.774699963800307,0.17316917004669866,3.7744742459656324,0.9436185614914081,1.0
0.25,3,mse_oracle,10,raw,0.9965356754224328,11.549399927600614,5.774699963800307,0.17316917004669866,4.282521598841125,1.0706303997102813,0.0
0.25,3,mse_oracle,11,ppo,0.985888982286181,11.549399927600614,5.774699963800307,0.17316917004669866,4.161958058912932,1.040489514728233,0.0
0.25,3,mse_oracle,12,ppo,0.9876060505669032,11.549399927600614,5.774699963800307,0.17316917004669866,4.23213545132529,1.0580338628313224,0.0
0.25,3,mse_oracle,13,raw,0.9668079627438672,11.549399927600614,5.774699963800307,0.17316917004669866,3.948581167924843,0.9871452919812107,1.0
0.25,3,mse_oracle,14,ppo,0.9839551872074228,11.549399927600614,5.774699963800307,0.17316917004669866,4.437399084603952,1.109349771150988,0.0
0.25,3,mse_oracle,15,ppo,0.9824542498714448,11.549399927600614,5.774699963800307,0.17316917004669866,3.7736431584458083,0.9434107896114521,1.0
0.25,3,mse_oracle,16,ppo,0.9814806859070546,11.549399927600614,5.774699963800307,0.17316917004669866,4.581799443397778,1.1454498608494446,0.0
0.25,4,raw,1,raw,1.0,11.549399927600614,5.774699963800307,0.17316917004669866,3.2166217606354657,0.8041554401588664,1.0
0.25,4,raw,2,raw,0.9984496853472626,11.549399927600614,5.774699963800307,0.17316917004669866,3.8080859613889837,0.9520214903472459,1.0
0.25,4,raw,3,raw,0.9930757572998813,11.549399927600614,5.774699963800307,0.17316917004669866,3.8064328951336415,0.9516082237834104,1.0
0.25,4,raw,4,raw,0.9947107539178895,11.549399927600614,5.774699963800307,0.17316917004669866,2.999174025553157,0.7497935063882892,1.0
0.25,4,raw,5,raw,0.9908034248563353,11.549399927600614,5.774699963800307,0.17316917004669866,3.2090279315841825,0.8022569828960456,1.0
0.25,4,raw,6,raw,0.984116711127322,11.549399927600614,5.774699963800307,0.17316917004669866,3.4471244617954424,0.8617811154488606,1.0
0.25,4,raw,7,raw,0.9887974589180194,11.549399927600614,5.774699963800307,0.17316917004669866,4.726743912090842,1.1816859780227105,0.0
0.25,4,raw,8,raw,0.9939024585816193,11.549399927600614,5.774699963800307,0.17316917004669866,2.161238385640746,0.5403095964101865,1.0
0.25,4,raw,9,raw,1.0,11.549399927600614,5.774699963800307,0.17316917004669866,4.196555369732546,1.0491388424331365,0.0
0.25,4,raw,10,raw,0.9906888447435812,11.549399927600614,5.774699963800307,0.17316917004669866,3.8424730765968382,0.9606182691492096,1.0
0.25,4,raw,11,raw,0.971530772961869,11.549399927600614,5.774699963800307,0.17316917004669866,2.6215826655748744,0.6553956663937186,1.0
0.25,4,raw,12,raw,0.9845102025513174,11.549399927600614,5.774699963800307,0.17316917004669866,3.0721951095128106,0.7680487773782027,1.0
0.25,4,raw,13,raw,0.9829785531888658,11.549399927600614,5.774699963800307,0.17316917004669866,3.6976037159143154,0.9244009289785788,1.0
0.25,4,raw,14,raw,0.9840139538498743,11.549399927600614,5.774699963800307,0.17316917004669866,3.666269235678194,0.9165673089195485,1.0
0.25,4,raw,15,raw,0.9864760076671486,11.549399927600614,5.774699963800307,0.17316917004669866,2.822364475038953,0.7055911187597382,1.0
0.25,4,raw,16,raw,0.9775369764083826,11.549399927600614,5.774699963800307,0.17316917004669866,3.874712328387691,0.9686780820969227,1.0
0.25,4,ppo,1,ppo,1.0,11.549399927600614,5.774699963800307,0.17316917004669866,3.2166217606354657,0.8041554401588664,1.0
0.25,4,ppo,2,ppo,0.9984496853472626,11.549399927600614,5.774699963800307,0.17316917004669866,3.8080859613889837,0.9520214903472459,1.0
0.25,4,ppo,3,ppo,0.9930757572998813,11.549399927600614,5.774699963800307,0.17316917004669866,3.8064328951336415,0.9516082237834104,1.0
0.25,4,ppo,4,ppo,0.9947107539178895,11.549399927600614,5.774699963800307,0.17316917004669866,3.119221399646585,0.7798053499116463,1.0
0.25,4,ppo,5,ppo,0.9925878060150938,11.549399927600614,5.774699963800307,0.17316917004669866,2.9756248599277653,0.7439062149819413,1.0
0.25,4,ppo,6,ppo,0.9871282396186163,11.549399927600614,5.774699963800307,0.17316917004669866,3.5695676848858024,0.8923919212214506,1.0
0.25,4,ppo,7,ppo,0.9912159539287565,11.549399927600614,5.774699963800307,0.17316917004669866,4.721823878627735,1.1804559696569337,0.0
0.25,4,ppo,8,ppo,0.9949162861858446,11.549399927600614,5.774699963800307,0.17316917004669866,2.122060039520457,0.5305150098801142,1.0
0.25,4,ppo,9,ppo,1.0,11.549399927600614,5.774699963800307,0.17316917004669866,3.801254320699291,0.9503135801748227,1.0
0.25,4,ppo,10,ppo,0.9941485919591565,11.549399927600614,5.774699963800307,0.17316917004669866,3.8869756807214753,0.9717439201803688,1.0
0.25,4,ppo,11,ppo,0.9767328959118067,11.549399927600614,5.774699963800307,0.17316917004669866,3.2791447683434343,0.8197861920858586,1.0
0.25,4,ppo,12,ppo,0.9894447179255423,11.549399927600614,5.774699963800307,0.17316917004669866,3.049083017088566,0.7622707542721415,1.0
0.25,4,ppo,13,ppo,0.9921562977440549,11.549399927600614,5.774699963800307,0.17316917004669866,4.068963332056234,1.0172408330140585,0.0
0.25,4,ppo,14,ppo,0.993351710010079,11.549399927600614,5.774699963800307,0.17316917004669866,3.7653440214071088,0.9413360053517772,1.0
0.25,4,ppo,15,ppo,0.9919428318092273,11.549399927600614,5.774699963800307,0.17316917004669866,3.0922673853468727,0.7730668463367182,1.0
0.25,4,ppo,16,ppo,0.9879113776306844,11.549399927600614,5.774699963800307,0.17316917004669866,3.9222838086144405,0.9805709521536101,1.0
0.25,4,mse_oracle,1,raw,1.0,11.549399927600614,5.774699963800307,0.17316917004669866,3.2166217606354657,0.8041554401588664,1.0
0.25,4,mse_oracle,2,raw,0.9984496853472626,11.549399927600614,5.774699963800307,0.17316917004669866,3.8080859613889837,0.9520214903472459,1.0
0.25,4,mse_oracle,3,ppo,0.9930757572998813,11.549399927600614,5.774699963800307,0.17316917004669866,3.8064328951336415,0.9516082237834104,1.0
0.25,4,mse_oracle,4,ppo,0.9947107539178895,11.549399927600614,5.774699963800307,0.17316917004669866,3.119221399646585,0.7798053499116463,1.0
0.25,4,mse_oracle,5,ppo,0.9925878060150938,11.549399927600614,5.774699963800307,0.17316917004669866,2.9756248599277653,0.7439062149819413,1.0
0.25,4,mse_oracle,6,ppo,0.9871282396186163,11.549399927600614,5.774699963800307,0.17316917004669866,3.5695676848858024,0.8923919212214506,1.0
0.25,4,mse_oracle,7,ppo,0.9912159539287565,11.549399927600614,5.774699963800307,0.17316917004669866,4.721823878627735,1.1804559696569337,0.0
0.25,4,mse_oracle,8,ppo,0.9949162861858446,11.549399927600614,5.774699963800307,0.17316917004669866,2.122060039520457,0.5305150098801142,1.0
0.25,4,mse_oracle,9,raw,1.0,11.549399927600614,5.774699963800307,0.17316917004669866,3.801254320699291,0.9503135801748227,1.0
0.25,4,mse_oracle,10,ppo,0.9941485919591565,11.549399927600614,5.774699963800307,0.17316917004669866,3.8869756807214753,0.9717439201803688,1.0
0.25,4,mse_oracle,11,ppo,0.9767328959118067,11.549399927600614,5.774699963800307,0.17316917004669866,3.2791447683434343,0.8197861920858586,1.0
0.25,4,mse_oracle,12,ppo,0.9894447179255423,11.549399927600614,5.774699963800307,0.17316917004669866,3.049083017088566,0.7622707542721415,1.0
0.25,4,mse_oracle,13,ppo,0.9921562977440549,11.549399927600614,5.774699963800307,0.17316917004669866,4.068963332056234,1.0172408330140585,0.0
0.25,4,mse_oracle,14,ppo,0.993351710010079,11.549399927600614,5.774699963800307,0.17316917004669866,3.7653440214071088,0.9413360053517772,1.0
0.25,4,mse_oracle,15,ppo,0.9919428318092273,11.549399927600614,5.774699963800307,0.17316917004669866,3.0922673853468727,0.7730668463367182,1.0
0.25,4,mse_oracle,16,ppo,0.9879113776306844,11.549399927600614,5.774699963800307,0.17316917004669866,3.9222838086144405,0.9805709521536101,1.0
0.25,5,raw,1,raw,1.0,11.549399927600614,5.774699963800307,0.17316917004669866,4.098179970593378,1.0245449926483445,0.0
0.25,5,raw,2,raw,0.9962335084271912,11.549399927600614,5.774699963800307,0.17316917004669866,2.9774677376391434,0.7443669344097859,1.0
0.25,5,raw,3,raw,0.997427031105699,11.549399927600614,5.774699963800307,0.17316917004669866,3.140572604710663,0.7851431511776658,1.0
0.25,5,raw,4,raw,0.99629596627354,11.549399927600614,5.774699963800307,0.17316917004669866,3.489834924393421,0.8724587310983553,1.0
0.25,5,raw,5,raw,0.9948472778686571,11.549399927600614,5.774699963800307,0.17316917004669866,3.2884412805852423,0.8221103201463106,1.0
0.25,5,raw,6,raw,0.9908398892215488,11.549399927600614,5.774699963800307,0.17316917004669866,3.212038073271289,0.8030095183178223,1.0
0.25,5,raw,7,raw,0.9887447213972241,11.549399927600614,5.774699963800307,0.17316917004669866,3.774508026283511,0.9436270065708777,1.0
0.25,5,raw,8,raw,0.9737760145933054,11.549399927600614,5.774699963800307,0.17316917004669866,4.279954807461421,1.0699887018653553,0.0
0.25,5,raw,9,raw,1.0,11.549399927600614,5.774699963800307,0.17316917004669866,4.574719975172408,1.143679993793102,0.0
0.25,5,raw,10,raw,0.9944250624021159,11.549399927600614,5.774699963800307,0.17316917004669866,3.20005683733712,0.80001420933428,1.0
0.25,5,raw,11,raw,0.9947691100251319,11.549399927600614,5.774699963800307,0.17316917004669866,3.7972242452702174,0.9493060613175544,1.0
0.25,5,raw,12,raw,0.9928472737991134,11.549399927600614,5.774699963800307,0.17316917004669866,3.460823031170925,0.8652057577927312,1.0
0.25,5,raw,13,raw,0.9903383723777798,11.549399927600614,5.774699963800307,0.17316917004669866,3.8818914372569773,0.9704728593142443,1.0
0.25,5,raw,14,raw,0.9795763510424439,11.549399927600614,5.774699963800307,0.17316917004669866,3.64541283071179,0.9113532076779475,1.0
0.25,5,raw,15,raw,0.9736292170458823,11.549399927600614,5.774699963800307,0.17316917004669866,3.348689635887116,0.837172408971779,1.0
0.25,5,raw,16,raw,0.9629793997126115,11.549399927600614,5.774699963800307,0.17316917004669866,3.9114689617283998,0.9778672404320999,1.0
0.25,5,ppo,1,ppo,1.0,11.549399927600614,5.774699963800307,0.17316917004669866,4.098179970593378,1.0245449926483445,0.0
0.25,5,ppo,2,ppo,0.9962335084271912,11.549399927600614,5.774699963800307,0.17316917004669866,2.9774677376391434,0.7443669344097859,1.0
0.25,5,ppo,3,ppo,0.997427031105699,11.549399927600614,5.774699963800307,0.17316917004669866,3.140572604710663,0.7851431511776658,1.0
0.25,5,ppo,4,ppo,0.99629596627354,11.549399927600614,5.774699963800307,0.17316917004669866,3.489834924393421,0.8724587310983553,1.0
0.25,5,ppo,5,ppo,0.9948472778686571,11.549399927600614,5.774699963800307,0.17316917004669866,3.2180643231302715,0.8045160807825679,1.0
0.25,5,ppo,6,ppo,0.9920761091366753,11.549399927600614,5.774699963800307,0.17316917004669866,3.1975475401567164,0.7993868850391791,1.0
0.25,5,ppo,7,ppo,0.9894412083270215,11.549399927600614,5.774699963800307,0.17316917004669866,3.2203640347285916,0.8050910086821479,1.0
0.25,5,ppo,8,ppo,0.9814040232346853,11.549399927600614,5.774699963800307,0.17316917004669866,4.358074132289174,1.0895185330722934,0.0
0.25,5,ppo,9,ppo,1.0,11.549399927600614,5.774699963800307,0.17316917004669866,4.3148084819924,1.0787021204981,0.0
0.25,5,ppo,10,ppo,0.995028806447158,11.549399927600614,5.774699963800307,0.17316917004669866,2.6750015943033625,0.6687503985758406,1.0
0.25,5,ppo,11,ppo,0.9981465240516277,11.549399927600614,5.774699963800307,0.17316917004669866,4.120109164773344,1.030027291193336,0.0
0.25,5,ppo,12,ppo,0.9945515867693268,11.549399927600614,5.774699963800307,0.17316917004669866,3.112679094884196,0.778169773721049,1.0
0.25,5,ppo,13,ppo,0.9891117094311273,11.549399927600614,5.774699963800307,0.17316917004669866,3.958697603707293,0.9896744009268232,1.0
0.25,5,ppo,14,ppo,0.9840292149002512,11.549399927600614,5.774699963800307,0.17316917004669866,3.7535135278761342,0.9383783819690336,1.0
0.25,5,ppo,15,ppo,0.9843613317533745,11.549399927600614,5.774699963800307,0.17316917004669866,4.050719636138958,1.0126799090347396,0.0
0.25,5,ppo,16,ppo,0.979393051877593,11.549399927600614,5.774699963800307,0.17316917004669866,3.7704342131442035,0.9426085532860509,1.0
0.25,5,mse_oracle,1,raw,1.0,11.549399927600614,5.774699963800307,0.17316917004669866,4.098179970593378,1.0245449926483445,0.0
0.25,5,mse_oracle,2,ppo,0.9962335084271912,11.549399927600614,5.774699963800307,0.17316917004669866,2.9774677376391434,0.7443669344097859,1.0
0.25,5,mse_oracle,3,raw,0.997427031105699,11.549399927600614,5.774699963800307,0.17316917004669866,3.140572604710663,0.7851431511776658,1.0
0.25,5,mse_oracle,4,ppo,0.99629596627354,11.549399927600614,5.774699963800307,0.17316917004669866,3.489834924393421,0.8724587310983553,1.0
0.25,5,mse_oracle,5,ppo,0.9948472778686571,11.549399927600614,5.774699963800307,0.17316917004669866,3.2180643231302715,0.8045160807825679,1.0
0.25,5,mse_oracle,6,ppo,0.9920761091366753,11.549399927600614,5.774699963800307,0.17316917004669866,3.1975475401567164,0.7993868850391791,1.0
0.25,5,mse_oracle,7,ppo,0.9894412083270215,11.549399927600614,5.774699963800307,0.17316917004669866,3.2203640347285916,0.8050910086821479,1.0
0.25,5,mse_oracle,8,ppo,0.9814040232346853,11.549399927600614,5.774699963800307,0.17316917004669866,4.358074132289174,1.0895185330722934,0.0
0.25,5,mse_oracle,9,raw,1.0,11.549399927600614,5.774699963800307,0.17316917004669866,4.3148084819924,1.0787021204981,0.0
0.25,5,mse_oracle,10,ppo,0.995028806447158,11.549399927600614,5.774699963800307,0.17316917004669866,2.6750015943033625,0.6687503985758406,1.0
0.25,5,mse_oracle,11,raw,0.9981465240516277,11.549399927600614,5.774699963800307,0.17316917004669866,4.120109164773344,1.030027291193336,0.0
0.25,5,mse_oracle,12,ppo,0.9945515867693268,11.549399927600614,5.774699963800307,0.17316917004669866,3.112679094884196,0.778169773721049,1.0
0.25,5,mse_oracle,13,ppo,0.9891117094311273,11.549399927600614,5.774699963800307,0.17316917004669866,3.958697603707293,0.9896744009268232,1.0
0.25,5,mse_oracle,14,ppo,0.9840292149002512,11.549399927600614,5.774699963800307,0.17316917004669866,3.7535135278761342,0.9383783819690336,1.0
0.25,5,mse_oracle,15,ppo,0.9843613317533745,11.549399927600614,5.774699963800307,0.17316917004669866,4.050719636138958,1.0126799090347396,0.0
0.25,5,mse_oracle,16,ppo,0.979393051877593,11.549399927600614,5.774699963800307,0.17316917004669866,3.7704342131442035,0.9426085532860509,1.0
0.25,6,raw,1,raw,1.0,11.549399927600614,5.774699963800307,0.17316917004669866,4.155109620428291,1.0387774051070728,0.0
0.25,6,raw,2,raw,0.994812887095009,11.549399927600614,5.774699963800307,0.17316917004669866,3.07036633442099,0.7675915836052475,1.0
0.25,6,raw,3,raw,0.9899609109138585,11.549399927600614,5.774699963800307,0.17316917004669866,3.8110734850679333,0.9527683712669833,1.0
0.25,6,raw,4,raw,0.9866018266152525,11.549399927600614,5.774699963800307,0.17316917004669866,3.274738623903654,0.8186846559759134,1.0
0.25,6,raw,5,raw,0.9887094323902254,11.549399927600614,5.774699963800307,0.17316917004669866,3.80099115167782,0.950247787919455,1.0
0.25,6,raw,6,raw,0.9927146754447262,11.549399927600614,5.774699963800307,0.17316917004669866,3.5102063672698787,0.8775515918174697,1.0
0.25,6,raw,7,raw,0.9891707136718845,11.549399927600614,5.774699963800307,0.17316917004669866,1.8110759266532634,0.45276898166331586,1.0
0.25,6,raw,8,raw,0.987876478825543,11.549399927600614,5.774699963800307,0.17316917004669866,3.9084077848458816,0.9771019462114704,1.0
0.25,6,raw,9,raw,1.0,11.549399927600614,5.774699963800307,0.17316917004669866,3.472851701792628,0.868212925448157,1.0
0.25,6,raw,10,raw,0.9977357787469403,11.549399927600614,5.774699963800307,0.17316917004669866,3.721143614551172,0.930285903637793,1.0
0.25,6,raw,11,raw,0.9917007863405141,11.549399927600614,5.774699963800307,0.17316917004669866,3.3168837237791076,0.8292209309447769,1.0
0.25,6,raw,12,raw,0.9919449961087887,11.549399927600614,5.774699963800307,0.17316917004669866,3.282630822715952,0.820657705678988,1.0
0.25,6,raw,13,raw,0.984921247388913,11.549399927600614,5.774699963800307,0.17316917004669866,2.843008623628217,0.7107521559070542,1.0
0.25,6,raw,14,raw,0.9849476261418595,11.549399927600614,5.774699963800307,0.17316917004669866,2.750210134483606,0.6875525336209015,1.0
0.25,6,raw,15,raw,0.9863416678493312,11.549399927600614,5.774699963800307,0.17316917004669866,3.2979613457876296,0.8244903364469074,1.0
0.25,6,raw,16,raw,0.9765817059515245,11.549399927600614,5.774699963800307,0.17316917004669866,3.0691918749487486,0.7672979687371871,1.0
0.25,6,ppo,1,ppo,1.0,11.549399927600614,5.774699963800307,0.17316917004669866,4.155109620428291,1.0387774051070728,0.0
0.25,6,ppo,2,ppo,0.994812887095009,11.549399927600614,5.774699963800307,0.17316917004669866,3.07036633442099,0.7675915836052475,1.0
0.25,6,ppo,3,ppo,0.9899609109138585,11.549399927600614,5.774699963800307,0.17316917004669866,3.8110734850679333,0.9527683712669833,1.0
0.25,6,ppo,4,ppo,0.9866018266152525,11.549399927600614,5.774699963800307,0.17316917004669866,3.4220348309830566,0.8555087077457642,1.0
0.25,6,ppo,5,ppo,0.9897511397494037,11.549399927600614,5.774699963800307,0.17316917004669866,4.011542141154792,1.002885535288698,0.0
0.25,6,ppo,6,ppo,0.9931250178908514,11.549399927600614,5.774699963800307,0.17316917004669866,3.6563861564686433,0.9140965391171608,1.0
0.25,6,ppo,7,ppo,0.992127493596933,11.549399927600614,5.774699963800307,0.17316917004669866,1.8894322926903058,0.47235807317257644,1.0
0.25,6,ppo,8,ppo,0.991151088550338,11.549399927600614,5.774699963800307,0.17316917004669866,3.916240321742415,0.9790600804356038,1.0
0.25,6,ppo,9,ppo,1.0,11.549399927600614,5.774699963800307,0.17316917004669866,3.4999219745988417,0.8749804936497104,1.0
0.25,6,ppo,10,ppo,0.9976338862704037,11.549399927600614,5.774699963800307,0.17316917004669866,3.817796219385206,0.9544490548463015,1.0
0.25,6,ppo,11,ppo,0.9927888761167862,11.549399927600614,5.774699963800307,0.17316917004669866,3.3879885476673386,0.8469971369168346,1.0
0.25,6,ppo,12,ppo,0.9932059341368806,11.549399927600614,5.774699963800307,0.17316917004669866,3.2826149694264544,0.8206537423566136,1.0
0.25,6,ppo,13,ppo,0.9895224731754961,11.549399927600614,5.774699963800307,0.17316917004669866,2.558516933346057,0.6396292333365142,1.0
0.25,6,ppo,14,ppo,0.9905281221242572,11.549399927600614,5.774699963800307,0.17316917004669866,3.3486837882187226,0.8371709470546806,1.0
0.25,6,ppo,15,ppo,0.9859648413854465,11.549399927600614,5.774699963800307,0.17316917004669866,3.4426945668031883,0.8606736417007971,1.0
0.25,6,ppo,16,ppo,0.9858709807174167,11.549399927600614,5.774699963800307,0.17316917004669866,3.157633709609747,0.7894084274024368,1.0
0.25,6,mse_oracle,1,raw,1.0,11.549399927600614,5.774699963800307,0.17316917004669866,4.155109620428291,1.0387774051070728,0.0
0.25,6,mse_oracle,2,raw,0.994812887095009,11.549399927600614,5.774699963800307,0.17316917004669866,3.07036633442099,0.7675915836052475,1.0
0.25,6,mse_oracle,3,ppo,0.9899609109138585,11.549399927600614,5.774699963800307,0.17316917004669866,3.8110734850679333,0.9527683712669833,1.0
0.25,6,mse_oracle,4,ppo,0.9866018266152525,11.549399927600614,5.774699963800307,0.17316917004669866,3.4220348309830566,0.8555087077457642,1.0
0.25,6,mse_oracle,5,ppo,0.9897511397494037,11.549399927600614,5.774699963800307,0.17316917004669866,4.011542141154792,1.002885535288698,0.0
0.25,6,mse_oracle,6,ppo,0.9931250178908514,11.549399927600614,5.774699963800307,0.17316917004669866,3.6563861564686433,0.9140965391171608,1.0
0.25,6,mse_oracle,7,ppo,0.992127493596933,11.549399927600614,5.774699963800307,0.17316917004669866,1.8894322926903058,0.47235807317257644,1.0
0.25,6,mse_oracle,8,ppo,0.991151088550338,11.549399927600614,5.774699963800307,0.17316917004669866,3.916240321742415,0.9790600804356038,1.0
0.25,6,mse_oracle,9,raw,1.0,11.549399927600614,5.774699963800307,0.17316917004669866,3.4999219745988417,0.8749804936497104,1.0
0.25,6,mse_oracle,10,raw,0.9976338862704037,11.549399927600614,5.774699963800307,0.17316917004669866,3.817796219385206,0.9544490548463015,1.0
0.25,6,mse_oracle,11,ppo,0.9927888761167862,11.549399927600614,5.774699963800307,0.17316917004669866,3.3879885476673386,0.8469971369168346,1.0
0.25,6,mse_oracle,12,ppo,0.9932059341368806,11.549399927600614,5.774699963800307,0.17316917004669866,3.2826149694264544,0.8206537423566136,1.0
0.25,6,mse_oracle,13,ppo,0.9895224731754961,11.549399927600614,5.774699963800307,0.17316917004669866,2.558516933346057,0.6396292333365142,1.0
0.25,6,mse_oracle,14,ppo,0.9905281221242572,11.549399927600614,5.774699963800307,0.17316917004669866,3.3486837882187226,0.8371709470546806,1.0
0.25,6,mse_oracle,15,ppo,0.9859648413854465,11.549399927600614,5.774699963800307,0.17316917004669866,3.4426945668031883,0.8606736417007971,1.0
0.25,6,mse_oracle,16,ppo,0.9858709807174167,11.549399927600614,5.774699963800307,0.17316917004669866,3.157633709609747,0.7894084274024368,1.0
0.25,7,raw,1,raw,1.0,11.549399927600614,5.774699963800307,0.17316917004669866,3.801963655237614,0.9504909138094035,1.0
0.25,7,raw,2,raw,0.9971251195029746,11.549399927600614,5.774699963800307,0.17316917004669866,4.054022215275455,1.0135055538188638,0.0
0.25,7,raw,3,raw,0.9916138972181544,11.549399927600614,5.774699963800307,0.17316917004669866,2.6148371688554475,0.6537092922138619,1.0
0.25,7,raw,4,raw,0.9908141578820792,11.549399927600614,5.774699963800307,0.17316917004669866,4.144446201230404,1.036111550307601,0.0
0.25,7,raw,5,raw,0.9686658109244767,11.549399927600614,5.774699963800307,0.17316917004669866,4.266874935579339,1.0667187338948347,0.0
0.25,7,raw,6,raw,0.9828119603090594,11.549399927600614,5.774699963800307,0.17316917004669866,4.494212843406271,1.1235532108515678,0.0
0.25,7,raw,7,raw,0.9705172506899983,11.549399927600614,5.774699963800307,0.17316917004669866,3.872529247619123,0.9681323119047808,1.0
0.25,7,raw,8,raw,0.972171040549073,11.549399927600614,5.774699963800307,0.17316917004669866,4.463761033860421,1.1159402584651053,0.0
0.25,7,raw,9,raw,1.0000000000000002,11.549399927600614,5.774699963800307,0.17316917004669866,4.0860011423628535,1.0215002855907134,0.0
0.25,7,raw,10,raw,0.9943225317933466,11.549399927600614,5.774699963800307,0.17316917004669866,3.1237322615715017,0.7809330653928754,1.0
0.25,7,raw,11,raw,0.9925156318685878,11.549399927600614,5.774699963800307,0.17316917004669866,4.465887591510108,1.116471897877527,0.0
0.25,7,raw,12,raw,0.9791306673956025,11.549399927600614,5.774699963800307,0.17316917004669866,3.4957821258553907,0.8739455314638477,1.0
0.25,7,raw,13,raw,0.9846956114115742,11.549399927600614,5.774699963800307,0.17316917004669866,3.2428056286133806,0.8107014071533452,1.0
0.25,7,raw,14,raw,0.9830638657089681,11.549399927600614,5.774699963800307,0.17316917004669866,2.4131307769772983,0.6032826942443246,1.0
0.25,7,raw,15,raw,0.9844692449070075,11.549399927600614,5.774699963800307,0.17316917004669866,3.3529397420865514,0.8382349355216379,1.0
0.25,7,raw,16,raw,0.9847404395339977,11.549399927600614,5.774699963800307,0.17316917004669866,3.882505042891292,0.970626260722823,1.0
0.25,7,ppo,1,ppo,1.0,11.549399927600614,5.774699963800307,0.17316917004669866,3.801963655237614,0.9504909138094035,1.0
0.25,7,ppo,2,ppo,0.9971251195029746,11.549399927600614,5.774699963800307,0.17316917004669866,4.054022215275455,1.0135055538188638,0.0
0.25,7,ppo,3,ppo,0.9916138972181544,11.549399927600614,5.774699963800307,0.17316917004669866,2.561748688135101,0.6404371720337753,1.0
0.25,7,ppo,4,ppo,0.9910378705251593,11.549399927600614,5.774699963800307,0.17316917004669866,4.067113020899788,1.016778255224947,0.0
0.25,7,ppo,5,ppo,0.9742453509266269,11.549399927600614,5.774699963800307,0.17316917004669866,4.681657785546462,1.1704144463866155,0.0
0.25,7,ppo,6,ppo,0.9901630337926856,11.549399927600614,5.774699963800307,0.17316917004669866,4.483929712681681,1.1209824281704202,0.0
0.25,7,ppo,7,ppo,0.9780216263680007,11.549399927600614,5.774699963800307,0.17316917004669866,3.799343945591309,0.9498359863978273,1.0
0.25,7,ppo,8,ppo,0.9823539301717623,11.549399927600614,5.774699963800307,0.17316917004669866,4.526882797620445,1.1317206994051112,0.0
0.25,7,ppo,9,ppo,1.0,11.549399927600614,5.774699963800307,0.17316917004669866,4.233063524469284,1.058265881117321,0.0
0.25,7,ppo,10,ppo,0.9946849938869182,11.549399927600614,5.774699963800307,0.17316917004669866,3.0344623984005015,0.7586155996001254,1.0
0.25,7,ppo,11,ppo,0.9902975890213491,11.549399927600614,5.774699963800307,0.17316917004669866,4.378401322424719,1.0946003306061798,0.0
0.25,7,ppo,12,ppo,0.9782522047470241,11.549399927600614,5.774699963800307,0.17316917004669866,3.8565906962855028,0.9641476740713757,1.0
0.25,7,ppo,13,ppo,0.9871063612213197,11.549399927600614,5.774699963800307,0.17316917004669866,3.323234411648432,0.830808602912108,1.0
0.25,7,ppo,14,ppo,0.9901442629376952,11.549399927600614,5.774699963800307,0.17316917004669866,3.091369940953523,0.7728424852383807,1.0
0.25,7,ppo,15,ppo,0.9875156883492628,11.549399927600614,5.774699963800307,0.17316917004669866,2.896705325473115,0.7241763313682787,1.0
0.25,7,ppo,16,ppo,0.9886886766550468,11.549399927600614,5.774699963800307,0.17316917004669866,3.703566951181016,0.925891737795254,1.0
0.25,7,mse_oracle,1,raw,1.0,11.549399927600614,5.774699963800307,0.17316917004669866,3.801963655237614,0.9504909138094035,1.0
0.25,7,mse_oracle,2,ppo,0.9971251195029746,11.549399927600614,5.774699963800307,0.17316917004669866,4.054022215275455,1.0135055538188638,0.0
0.25,7,mse_oracle,3,ppo,0.9916138972181544,11.549399927600614,5.774699963800307,0.17316917004669866,2.561748688135101,0.6404371720337753,1.0
0.25,7,mse_oracle,4,ppo,0.9910378705251593,11.549399927600614,5.774699963800307,0.17316917004669866,4.067113020899788,1.016778255224947,0.0
0.25,7,mse_oracle,5,raw,0.9742453509266269,11.549399927600614,5.774699963800307,0.17316917004669866,4.25355184234249,1.0633879605856225,0.0
0.25,7,mse_oracle,6,ppo,0.9871677167073547,11.549399927600614,5.774699963800307,0.17316917004669866,4.630205402481502,1.1575513506203754,0.0
0.25,7,mse_oracle,7,ppo,0.9785551631001078,11.549399927600614,5.774699963800307,0.17316917004669866,3.781469202283172,0.945367300570793,1.0
0.25,7,mse_oracle,8,ppo,0.9791767451448913,11.549399927600614,5.774699963800307,0.17316917004669866,4.540613454328317,1.1351533635820792,0.0
0.25,7,mse_oracle,9,raw,1.0000000000000002,11.549399927600614,5.774699963800307,0.17316917004669866,4.236190768041262,1.0590476920103156,0.0
0.25,7,mse_oracle,10,raw,0.9946559528964577,11.549399927600614,5.774699963800307,0.17316917004669866,2.8817257668798746,0.7204314417199686,1.0
0.25,7,mse_oracle,11,ppo,0.9909750168165842,11.549399927600614,5.774699963800307,0.17316917004669866,4.2524053140269515,1.0631013285067379,0.0
0.25,7,mse_oracle,12,ppo,0.9800224175515141,11.549399927600614,5.774699963800307,0.17316917004669866,4.076137926158586,1.0190344815396466,0.0
0.25,7,mse_oracle,13,ppo,0.9874143917307706,11.549399927600614,5.774699963800307,0.17316917004669866,3.373151952250434,0.8432879880626085,1.0
0.25,7,mse_oracle,14,ppo,0.9905828869477457,11.549399927600614,5.774699963800307,0.17316917004669866,2.9964179449561854,0.7491044862390464,1.0
0.25,7,mse_oracle,15,ppo,0.9886479173192132,11.549399927600614,5.774699963800307,0.17316917004669866,2.910474762740484,0.727618690685121,1.0
0.25,7,mse_oracle,16,ppo,0.9891835492321114,11.549399927600614,5.774699963800307,0.17316917004669866,4.057857032988967,1.0144642582472418,0.0
0.25,8,raw,1,raw,0.9999999999999999,11.549399927600614,5.774699963800307,0.17316917004669866,3.2671242758863563,0.8167810689715891,1.0
0.25,8,raw,2,raw,0.9977425017391859,11.549399927600614,5.774699963800307,0.17316917004669866,3.3683237667983668,0.8420809416995917,1.0
0.25,8,raw,3,raw,0.991809421685938,11.549399927600614,5.774699963800307,0.17316917004669866,3.486909569167019,0.8717273922917548,1.0
0.25,8,raw,4,raw,0.9944768864789181,11.549399927600614,5.774699963800307,0.17316917004669866,2.720454300405317,0.6801135751013293,1.0
0.25,8,raw,5,raw,0.9903022821473119,11.549399927600614,5.774699963800307,0.17316917004669866,3.0855263159193242,0.7713815789798311,1.0
0.25,8,raw,6,raw,0.9942857994093035,11.549399927600614,5.774699963800307,0.17316917004669866,3.1075366107894777,0.7768841526973694,1.0
0.25,8,raw,7,raw,0.9898045997667257,11.549399927600614,5.774699963800307,0.17316917004669866,4.405172414472324,1.101293103618081,0.0
0.25,8,raw,8,raw,0.9901969165982558,11.549399927600614,5.774699963800307,0.17316917004669866,4.418050643465372,1.104512660866343,0.0
0.25,8,raw,9,raw,1.0,11.549399927600614,5.774699963800307,0.17316917004669866,4.036349086719929,1.0090872716799824,0.0
0.25,8,raw,10,raw,0.9972280435519115,11.549399927600614,5.774699963800307,0.17316917004669866,3.577717032490339,0.8944292581225848,1.0
0.25,8,raw,11,raw,0.9940619423856134,11.549399927600614,5.774699963800307,0.17316917004669866,3.268079037084841,0.8170197592712103,1.0
0.25,8,raw,12,raw,0.9943112432893615,11.549399927600614,5.774699963800307,0.17316917004669866,3.5752052912478782,0.8938013228119696,1.0
0.25,8,raw,13,raw,0.9894953650168776,11.549399927600614,5.774699963800307,0.17316917004669866,4.278927712666665,1.0697319281666662,0.0
0.25,8,raw,14,raw,0.975222871900906,11.549399927600614,5.774699963800307,0.17316917004669866,3.7342441512371485,0.9335610378092871,1.0
0.25,8,raw,15,raw,0.9818393069829492,11.549399927600614,5.774699963800307,0.17316917004669866,3.6832729513244113,0.9208182378311028,1.0
0.25,8,raw,16,raw,0.9815870565013889,11.549399927600614,5.774699963800307,0.17316917004669866,3.3764913022187164,0.8441228255546791,1.0
0.25,8,ppo,1,ppo,0.9999999999999999,11.549399927600614,5.774699963800307,0.17316917004669866,3.2671242758863563,0.8167810689715891,1.0
0.25,8,ppo,2,ppo,0.9977425017391859,11.549399927600614,5.774699963800307,0.17316917004669866,3.3683237667983668,0.8420809416995917,1.0
0.25,8,ppo,3,ppo,0.991809421685938,11.549399927600614,5.774699963800307,0.17316917004669866,3.463336711531523,0.8658341778828808,1.0
0.25,8,ppo,4,ppo,0.9946209143685172,11.549399927600614,5.774699963800307,0.17316917004669866,2.7238928711833217,0.6809732177958304,1.0
0.25,8,ppo,5,ppo,0.9914607939640452,11.549399927600614,5.774699963800307,0.17316917004669866,3.065712164988896,0.766428041247224,1.0
0.25,8,ppo,6,ppo,0.9945616881647095,11.549399927600614,5.774699963800307,0.17316917004669866,3.1057016530027464,0.7764254132506866,1.0
0.25,8,ppo,7,ppo,0.9910445092527543,11.549399927600614,5.774699963800307,0.17316917004669866,4.425543801372151,1.1063859503430378,0.0
0.25,8,ppo,8,ppo,0.9911237344493325,11.549399927600614,5.774699963800307,0.17316917004669866,4.425438903361193,1.1063597258402982,0.0
0.25,8,ppo,9,ppo,1.0,11.549399927600614,5.774699963800307,0.17316917004669866,4.273943426646218,1.0684858566615545,0.0
0.25,8,ppo,10,ppo,0.9963463924330879,11.549399927600614,5.774699963800307,0.17316917004669866,3.721000478239588,0.930250119559897,1.0
0.25,8,ppo,11,ppo,0.9929834365853583,11.549399927600614,5.774699963800307,0.17316917004669866,3.298150905825075,0.8245377264562688,1.0
0.25,8,ppo,12,ppo,0.994426118563329,11.549399927600614,5.774699963800307,0.17316917004669866,3.9813280231196324,0.9953320057799081,1.0
0.25,8,ppo,13,ppo,0.9884984142082895,11.549399927600614,5.774699963800307,0.17316917004669866,4.275730391642865,1.0689325979107163,0.0
0.25,8,ppo,14,ppo,0.9800737670597606,11.549399927600614,5.774699963800307,0.17316917004669866,3.7501092904664044,0.9375273226166011,1.0
0.25,8,ppo,15,ppo,0.9882364238364691,11.549399927600614,5.774699963800307,0.17316917004669866,3.865526057461478,0.9663815143653695,1.0
0.25,8,ppo,16,ppo,0.9897507560883837,11.549399927600614,5.774699963800307,0.17316917004669866,3.2907169854388703,0.8226792463597176,1.0
0.25,8,mse_oracle,1,raw,0.9999999999999999,11.549399927600614,5.774699963800307,0.17316917004669866,3.2671242758863563,0.8167810689715891,1.0
0.25,8,mse_oracle,2,raw,0.9977425017391859,11.549399927600614,5.774699963800307,0.17316917004669866,3.3683237667983668,0.8420809416995917,1.0
0.25,8,mse_oracle,3,ppo,0.991809421685938,11.549399927600614,5.774699963800307,0.17316917004669866,3.463336711531523,0.8658341778828808,1.0
0.25,8,mse_oracle,4,ppo,0.9946209143685172,11.549399927600614,5.774699963800307,0.17316917004669866,2.7238928711833217,0.6809732177958304,1.0
0.25,8,mse_oracle,5,ppo,0.9914607939640452,11.549399927600614,5.774699963800307,0.17316917004669866,3.065712164988896,0.766428041247224,1.0
0.25,8,mse_oracle,6,ppo,0.9945616881647095,11.549399927600614,5.774699963800307,0.17316917004669866,3.1057016530027464,0.7764254132506866,1.0
0.25,8,mse_oracle,7,ppo,0.9910445092527543,11.549399927600614,5.774699963800307,0.17316917004669866,4.425543801372151,1.1063859503430378,0.0
0.25,8,mse_oracle,8,ppo,0.9911237344493325,11.549399927600614,5.774699963800307,0.17316917004669866,4.425438903361193,1.1063597258402982,0.0
0.25,8,mse_oracle,9,raw,1.0,11.549399927600614,5.774699963800307,0.17316917004669866,4.273943426646218,1.0684858566615545,0.0
0.25,8,mse_oracle,10,raw,0.9963463924330879,11.549399927600614,5.774699963800307,0.17316917004669866,3.721000478239588,0.930250119559897,1.0
0.25,8,mse_oracle,11,ppo,0.9929834365853583,11.549399927600614,5.774699963800307,0.17316917004669866,3.298150905825075,0.8245377264562688,1.0
0.25,8,mse_oracle,12,ppo,0.994426118563329,11.549399927600614,5.774699963800307,0.17316917004669866,3.9813280231196324,0.9953320057799081,1.0
0.25,8,mse_oracle,13,ppo,0.9884984142082895,11.549399927600614,5.774699963800307,0.17316917004669866,4.275730391642865,1.0689325979107163,0.0
0.25,8,mse_oracle,14,ppo,0.9800737670597606,11.549399927600614,5.774699963800307,0.17316917004669866,3.7501092904664044,0.9375273226166011,1.0
0.25,8,mse_oracle,15,ppo,0.9882364238364691,11.549399927600614,5.774699963800307,0.17316917004669866,3.865526057461478,0.9663815143653695,1.0
0.25,8,mse_oracle,16,ppo,0.9897507560883837,11.549399927600614,5.774699963800307,0.17316917004669866,3.2907169854388703,0.8226792463597176,1.0
0.25,9,raw,1,raw,1.0,11.549399927600614,5.774699963800307,0.17316917004669866,4.112185896798665,1.0280464741996662,0.0
0.25,9,raw,2,raw,0.9974234170678234,11.549399927600614,5.774699963800307,0.17316917004669866,2.940864138462973,0.7352160346157433,1.0
0.25,9,raw,3,raw,0.9929904911058686,11.549399927600614,5.774699963800307,0.17316917004669866,3.267717937754166,0.8169294844385415,1.0
0.25,9,raw,4,raw,0.98950526634976,11.549399927600614,5.774699963800307,0.17316917004669866,4.206776851640848,1.051694212910212,0.0
0.25,9,raw,5,raw,0.9834827254249494,11.549399927600614,5.774699963800307,0.17316917004669866,3.9018648829955898,0.9754662207488974,1.0
0.25,9,raw,6,raw,0.9772161659374541,11.549399927600614,5.774699963800307,0.17316917004669866,3.872457596567533,0.9681143991418832,1.0
0.25,9,raw,7,raw,0.9778175060897675,11.549399927600614,5.774699963800307,0.17316917004669866,2.73823698045731,0.6845592451143275,1.0
0.25,9,raw,8,raw,0.9833263454309991,11.549399927600614,5.774699963800307,0.17316917004669866,2.949537482090697,0.7373843705226742,1.0
0.25,9,raw,9,raw,1.0,11.549399927600614,5.774699963800307,0.17316917004669866,3.7223744200773514,0.9305936050193379,1.0
0.25,9,raw,10,raw,0.9970298442399304,11.549399927600614,5.774699963800307,0.17316917004669866,2.656836945478719,0.6642092363696798,1.0
0.25,9,raw,11,raw,0.9956173813479497,11.549399927600614,5.774699963800307,0.17316917004669866,2.093760809800273,0.5234402024500683,1.0
0.25,9,raw,12,raw,0.9953819664698219,11.549399927600614,5.774699963800307,0.17316917004669866,3.266719861552895,0.8166799653882237,1.0
0.25,9,raw,13,raw,0.9915101568424871,11.549399927600614,5.774699963800307,0.17316917004669866,3.1881194775880477,0.7970298693970119,1.0
0.25,9,raw,14,raw,0.9870753999919356,11.549399927600614,5.774699963800307,0.17316917004669866,3.8581484749990995,0.9645371187497749,1.0
0.25,9,raw,15,raw,0.9872205600057116,11.549399927600614,5.774699963800307,0.17316917004669866,3.12089161293781,0.7802229032344525,1.0
0.25,9,raw,16,raw,0.9840115647590002,11.549399927600614,5.774699963800307,0.17316917004669866,4.338686780732271,1.0846716951830677,0.0
0.25,9,ppo,1,ppo,1.0,11.549399927600614,5.774699963800307,0.17316917004669866,4.112185896798665,1.0280464741996662,0.0
0.25,9,ppo,2,ppo,0.9974234170678234,11.549399927600614,5.774699963800307,0.17316917004669866,2.940864138462973,0.7352160346157433,1.0
0.25,9,ppo,3,ppo,0.9929904911058686,11.549399927600614,5.774699963800307,0.17316917004669866,3.0713926435010075,0.7678481608752519,1.0
0.25,9,ppo,4,ppo,0.990871128650632,11.549399927600614,5.774699963800307,0.17316917004669866,4.180840721410397,1.0452101803525993,0.0
0.25,9,ppo,5,ppo,0.9896702944314671,11.549399927600614,5.774699963800307,0.17316917004669866,3.9057858430189296,0.9764464607547324,1.0
0.25,9,ppo,6,ppo,0.982087376557513,11.549399927600614,5.774699963800307,0.17316917004669866,4.0213103878357765,1.0053275969589441,0.0
0.25,9,ppo,7,ppo,0.9849923548734884,11.549399927600614,5.774699963800307,0.17316917004669866,3.2200096230739894,0.8050024057684974,1.0
0.25,9,ppo,8,ppo,0.9901765260668911,11.549399927600614,5.774699963800307,0.17316917004669866,2.8604544153082494,0.7151136038270623,1.0
0.25,9,ppo,9,ppo,1.0,11.549399927600614,5.774699963800307,0.17316917004669866,4.0351824959045715,1.0087956239761429,0.0
0.25,9,ppo,10,ppo,0.9963576277766673,11.549399927600614,5.774699963800307,0.17316917004669866,2.7248438586536965,0.6812109646634241,1.0
0.25,9,ppo,11,ppo,0.9950363071977307,11.549399927600614,5.774699963800307,0.17316917004669866,2.587775755532705,0.6469439388831763,1.0
0.25,9,ppo,12,ppo,0.9939328887363796,11.549399927600614,5.774699963800307,0.17316917004669866,2.7577006295334217,0.6894251573833554,1.0
0.25,9,ppo,13,ppo,0.9907545829474556,11.549399927600614,5.774699963800307,0.17316917004669866,3.848002207032761,0.9620005517581902,1.0
0.25,9,ppo,14,ppo,0.9903885043028198,11.549399927600614,5.774699963800307,0.17316917004669866,4.087733981562166,1.0219334953905415,0.0
0.25,9,ppo,15,ppo,0.9917795043675994,11.549399927600614,5.774699963800307,0.17316917004669866,3.343393570558164,0.835848392639541,1.0
0.25,9,ppo,16,ppo,0.9885897959747189,11.549399927600614,5.774699963800307,0.17316917004669866,4.296689121766855,1.0741722804417138,0.0
0.25,9,mse_oracle,1,raw,1.0,11.549399927600614,5.774699963800307,0.17316917004669866,4.112185896798665,1.0280464741996662,0.0
0.25,9,mse_oracle,2,ppo,0.9974234170678234,11.549399927600614,5.774699963800307,0.17316917004669866,2.940864138462973,0.7352160346157433,1.0
0.25,9,mse_oracle,3,ppo,0.9929904911058686,11.549399927600614,5.774699963800307,0.17316917004669866,3.0713926435010075,0.7678481608752519,1.0
0.25,9,mse_oracle,4,ppo,0.990871128650632,11.549399927600614,5.774699963800307,0.17316917004669866,4.180840721410397,1.0452101803525993,0.0
0.25,9,mse_oracle,5,ppo,0.9896702944314671,11.549399927600614,5.774699963800307,0.17316917004669866,3.9057858430189296,0.9764464607547324,1.0
0.25,9,mse_oracle,6,raw,0.982087376557513,11.549399927600614,5.774699963800307,0.17316917004669866,3.8442232677007917,0.9610558169251979,1.0
0.25,9,mse_oracle,7,raw,0.9827354399849458,11.549399927600614,5.774699963800307,0.17316917004669866,2.767982339529844,0.691995584882461,1.0
0.25,9,mse_oracle,8,raw,0.9858153774988215,11.549399927600614,5.774699963800307,0.17316917004669866,2.9054755761118414,0.7263688940279603,1.0
0.25,9,mse_oracle,9,raw,1.0,11.549399927600614,5.774699963800307,0.17316917004669866,3.742931544421171,0.9357328861052927,1.0
0.25,9,mse_oracle,10,raw,0.9970066718093066,11.549399927600614,5.774699963800307,0.17316917004669866,2.6413677991639726,0.6603419497909931,1.0
0.25,9,mse_oracle,11,ppo,0.9955899657543494,11.549399927600614,5.774699963800307,0.17316917004669866,1.2562036874598452,0.3140509218649613,1.0
0.25,9,mse_oracle,12,ppo,0.9959368866433645,11.549399927600614,5.774699963800307,0.17316917004669866,3.269742741453111,0.8174356853632777,1.0
0.25,9,mse_oracle,13,ppo,0.9913622528801224,11.549399927600614,5.774699963800307,0.17316917004669866,3.3143639522360435,0.8285909880590109,1.0
0.25,9,mse_oracle,14,ppo,0.9899743154196606,11.549399927600614,5.774699963800307,0.17316917004669866,4.050445595305842,1.0126113988264605,0.0
0.25,9,mse_oracle,15,ppo,0.9886281476910214,11.549399927600614,5.774699963800307,0.17316917004669866,3.2855227254173403,0.8213806813543351,1.0
0.25,9,mse_oracle,16,ppo,0.9869437955591152,11.549399927600614,5.774699963800307,0.17316917004669866,4.271740203459777,1.0679350508649443,0.0
2.0,0,raw,1,raw,1.0,11.549399927600614,5.774699963800307,0.17316917004669866,3.086181642908341,6.172363285816682,0.0
2.0,0,raw,2,raw,0.9038660457711887,11.549399927600614,5.774699963800307,0.17316917004669866,4.635076228133958,9.270152456267915,0.0
2.0,0,raw,3,raw,0.696160170181436,11.549399927600614,5.774699963800307,0.17316917004669866,3.4016713675853008,6.8033427351706015,0.0
2.0,0,raw,4,raw,0.7923549502790178,11.549399927600614,5.774699963800307,0.17316917004669866,3.795757165232111,7.591514330464222,0.0
2.0,0,raw,5,raw,0.714618630406937,11.549399927600614,5.774699963800307,0.17316917004669866,3.8220992458138685,7.644198491627737,0.0
2.0,0,raw,6,raw,0.610922498359032,11.549399927600614,5.774699963800307,0.17316917004669866,3.9456236590618823,7.891247318123765,0.0
2.0,0,raw,7,raw,0.6426383876495423,11.549399927600614,5.774699963800307,0.17316917004669866,4.1449057398330815,8.289811479666163,0.0
2.0,0,raw,8,raw,0.6094337836245698,11.549399927600614,5.774699963800307,0.17316917004669866,4.193142031399595,8.38628406279919,0.0
2.0,0,raw,9,raw,1.0,11.549399927600614,5.774699963800307,0.17316917004669866,5.118535732788182,10.237071465576363,0.0
2.0,0,raw,10,raw,0.577535922346127,11.549399927600614,5.774699963800307,0.17316917004669866,3.4945953661078497,6.989190732215699,0.0
2.0,0,raw,11,raw,0.7104198846543064,11.549399927600614,5.774699963800307,0.17316917004669866,4.553652607468624,9.107305214937249,0.0
2.0,0,raw,12,raw,0.46870314695201043,11.549399927600614,5.774699963800307,0.17316917004669866,3.718013331261563,7.436026662523126,0.0
2.0,0,raw,13,raw,0.0710689897990273,11.549399927600614,5.774699963800307,0.17316917004669866,3.8094133141184203,7.618826628236841,0.0
2.0,0,raw,14,raw,0.4611054408418585,11.549399927600614,5.774699963800307,0.17316917004669866,4.988205234305426,9.976410468610853,0.0
2.0,0,raw,15,raw,0.47718332102602895,11.549399927600614,5.774699963800307,0.17316917004669866,5.4033198591478735,10.806639718295747,0.0
2.0,0,raw,16,raw,0.5455703098926596,11.549399927600614,5.774699963800307,0.17316917004669866,4.600870427453878,9.201740854907756,0.0
2.0,0,ppo,1,ppo,1.0,11.549399927600614,5.774699963800307,0.17316917004669866,3.086181642908341,6.172363285816682,0.0
2.0,0,ppo,2,ppo,0.9038660457711887,11.549399927600614,5.774699963800307,0.17316917004669866,4.849654565437878,9.699309130875756,0.0
2.0,0,ppo,3,ppo,0.7325308971078855,11.549399927600614,5.774699963800307,0.17316917004669866,4.779530723209188,9.559061446418376,0.0
2.0,0,ppo,4,ppo,0.8158892734394206,11.549399927600614,5.774699963800307,0.17316917004669866,4.472932963010284,8.945865926020568,0.0
2.0,0,ppo,5,ppo,0.7605746124378276,11.549399927600614,5.774699963800307,0.17316917004669866,4.526779976352992,9.053559952705983,0.0
2.0,0,ppo,6,ppo,0.6748762048653709,11.549399927600614,5.774699963800307,0.17316917004669866,4.638684141691633,9.277368283383266,0.0
2.0,0,ppo,7,ppo,0.7800142856026162,11.549399927600614,5.774699963800307,0.17316917004669866,4.6877674549171555,9.375534909834311,0.0
2.0,0,ppo,8,ppo,0.9076827999388206,11.549399927600614,5.774699963800307,0.17316917004669866,5.088332366800608,10.176664733601216,0.0
2.0,0,ppo,9,ppo,1.0,11.549399927600614,5.774699963800307,0.17316917004669866,3.935920556352461,7.871841112704922,0.0
2.0,0,ppo,10,ppo,0.7007101253176165,11.549399927600614,5.774699963800307,0.17316917004669866,4.854750479981679,9.709500959963359,0.0
2.0,0,ppo,11,ppo,0.8448049870205149,11.549399927600614,5.774699963800307,0.17316917004669866,4.317428511437812,8.634857022875623,0.0
2.0,0,ppo,12,ppo,0.737839652591384,11.549399927600614,5.774699963800307,0.17316917004669866,5.079912250901673,10.159824501803346,0.0
2.0,0,ppo,13,ppo,0.5791164964117174,11.549399927600614,5.774699963800307,0.17316917004669866,4.405981483455802,8.811962966911604,0.0
2.0,0,ppo,14,ppo,0.6094318848929681,11.549399927600614,5.774699963800307,0.17316917004669866,4.762014622898264,9.524029245796529,0.0
2.0,0,ppo,15,ppo,0.4920806508378101,11.549399927600614,5.774699963800307,0.17316917004669866,4.1936765792764685,8.387353158552937,0.0
2.0,0,ppo,16,ppo,0.9328707201694942,11.549399927600614,5.774699963800307,0.17316917004669866,5.084379329283425,10.16875865856685,0.0
2.0,0,mse_oracle,1,raw,1.0,11.549399927600614,5.774699963800307,0.17316917004669866,3.086181642908341,6.172363285816682,0.0
2.0,0,mse_oracle,2,raw,0.9038660457711887,11.549399927600614,5.774699963800307,0.17316917004669866,4.635076228133958,9.270152456267915,0.0
2.0,0,mse_oracle,3,raw,0.696160170181436,11.549399927600614,5.774699963800307,0.17316917004669866,3.4016713675853008,6.8033427351706015,0.0
2.0,0,mse_oracle,4,raw,0.7923549502790178,11.549399927600614,5.774699963800307,0.17316917004669866,3.795757165232111,7.591514330464222,0.0
2.0,0,mse_oracle,5,raw,0.714618630406937,11.549399927600614,5.774699963800307,0.17316917004669866,3.8220992458138685,7.644198491627737,0.0
2.0,0,mse_oracle,6,raw,0.610922498359032,11.549399927600614,5.774699963800307,0.17316917004669866,3.9456236590618823,7.891247318123765,0.0
2.0,0,mse_oracle,7,ppo,0.6426383876495423,11.549399927600614,5.774699963800307,0.17316917004669866,4.208069308981416,8.416138617962831,0.0
2.0,0,mse_oracle,8,ppo,0.8191384963121695,11.549399927600614,5.774699963800307,0.17316917004669866,4.9575449406687335,9.915089881337467,0.0
2.0,0,mse_oracle,9,raw,1.0,11.549399927600614,5.774699963800307,0.17316917004669866,3.71625142748075,7.4325028549615,0.0
2.0,0,mse_oracle,10,raw,0.8940882917574811,11.549399927600614,5.774699963800307,0.17316917004669866,3.0092634873038,6.0185269746076,0.0
2.0,0,mse_oracle,11,raw,0.8966094353020395,11.549399927600614,5.774699963800307,0.17316917004669866,4.216570293593543,8.433140587187086,0.0
2.0,0,mse_oracle,12,ppo,0.6938268508921039,11.549399927600614,5.774699963800307,0.17316917004669866,3.7034775567651805,7.406955113530361,0.0
2.0,0,mse_oracle,13,raw,0.7455128871129652,11.549399927600614,5.774699963800307,0.17316917004669866,4.417766561867573,8.835533123735146,0.0
2.0,0,mse_oracle,14,ppo,0.6838842543673576,11.549399927600614,5.774699963800307,0.17316917004669866,5.14056756852054,10.28113513704108,0.0
2.0,0,mse_oracle,15,ppo,0.4906918939870258,11.549399927600614,5.774699963800307,0.17316917004669866,4.357402967283368,8.714805934566735,0.0
2.0,0,mse_oracle,16,raw,0.7538589981155055,11.549399927600614,5.774699963800307,0.17316917004669866,4.355089602471937,8.710179204943874,0.0
2.0,1,raw,1,raw,0.9999999999999999,11.549399927600614,5.774699963800307,0.17316917004669866,3.1617716357849486,6.323543271569897,0.0
2.0,1,raw,2,raw,0.8771446185324265,11.549399927600614,5.774699963800307,0.17316917004669866,3.6873477755469173,7.374695551093835,0.0
2.0,1,raw,3,raw,0.9060600637884388,11.549399927600614,5.774699963800307,0.17316917004669866,4.506610063900706,9.013220127801413,0.0
2.0,1,raw,4,raw,0.7585453959440304,11.549399927600614,5.774699963800307,0.17316917004669866,3.399760963546441,6.799521927092882,0.0
2.0,1,raw,5,raw,0.5410507947087128,11.549399927600614,5.774699963800307,0.17316917004669866,3.5353722258420035,7.070744451684007,0.0
2.0,1,raw,6,raw,0.7693699559665604,11.549399927600614,5.774699963800307,0.17316917004669866,4.281893760888654,8.563787521777307,0.0
2.0,1,raw,7,raw,0.7782374933198026,11.549399927600614,5.774699963800307,0.17316917004669866,2.613320180210304,5.226640360420608,0.0
2.0,1,raw,8,raw,0.5783775386404661,11.549399927600614,5.774699963800307,0.17316917004669866,5.100101272025131,10.200202544050262,0.0
2.0,1,raw,9,raw,1.0,11.549399927600614,5.774699963800307,0.17316917004669866,4.364665262088925,8.72933052417785,0.0
2.0,1,raw,10,raw,0.8401207811684394,11.549399927600614,5.774699963800307,0.17316917004669866,4.154360083628972,8.308720167257944,0.0
2.0,1,raw,11,raw,0.5905764952956681,11.549399927600614,5.774699963800307,0.17316917004669866,4.166449512166914,8.332899024333829,0.0
2.0,1,raw,12,raw,0.7115476937318191,11.549399927600614,5.774699963800307,0.17316917004669866,4.3255191491022655,8.651038298204531,0.0
2.0,1,raw,13,raw,0.7791432160948824,11.549399927600614,5.774699963800307,0.17316917004669866,4.151422386104791,8.302844772209582,0.0
2.0,1,raw,14,raw,0.6013560424871969,11.549399927600614,5.774699963800307,0.17316917004669866,4.473651760298348,8.947303520596696,0.0
2.0,1,raw,15,raw,0.501625593245535,11.549399927600614,5.774699963800307,0.17316917004669866,4.513913491360022,9.027826982720043,0.0
2.0,1,raw,16,raw,0.3242722632696707,11.549399927600614,5.774699963800307,0.17316917004669866,3.846978223438636,7.693956446877272,0.0
2.0,1,ppo,1,ppo,0.9999999999999999,11.549399927600614,5.774699963800307,0.17316917004669866,3.1617716357849486,6.323543271569897,0.0
2.0,1,ppo,2,ppo,0.8771446185324265,11.549399927600614,5.774699963800307,0.17316917004669866,4.261037663273056,8.522075326546112,0.0
2.0,1,ppo,3,ppo,0.8646488913091196,11.549399927600614,5.774699963800307,0.17316917004669866,4.9621288252675075,9.924257650535015,0.0
2.0,1,ppo,4,ppo,0.8631675019810149,11.549399927600614,5.774699963800307,0.17316917004669866,4.271307084317045,8.54261416863409,0.0
2.0,1,ppo,5,ppo,0.8631760906722946,11.549399927600614,5.774699963800307,0.17316917004669866,3.948371781472177,7.896743562944354,0.0
2.0,1,ppo,6,ppo,0.8751032742337552,11.549399927600614,5.774699963800307,0.17316917004669866,4.23380599709551,8.46761199419102,0.0
2.0,1,ppo,7,ppo,0.8488396311482592,11.549399927600614,5.774699963800307,0.17316917004669866,4.640436172849132,9.280872345698263,0.0
2.0,1,ppo,8,ppo,0.8405821392316135,11.549399927600614,5.774699963800307,0.17316917004669866,4.924036741656469,9.848073483312938,0.0
2.0,1,ppo,9,ppo,1.0,11.549399927600614,5.774699963800307,0.17316917004669866,3.6472094532008588,7.2944189064017175,0.0
2.0,1,ppo,10,ppo,0.9080257941276101,11.549399927600614,5.774699963800307,0.17316917004669866,4.418495184978579,8.836990369957158,0.0
2.0,1,ppo,11,ppo,0.8522229137996167,11.549399927600614,5.774699963800307,0.17316917004669866,4.282656798751498,8.565313597502996,0.0
2.0,1,ppo,12,ppo,0.9247392517385393,11.549399927600614,5.774699963800307,0.17316917004669866,4.209538990269652,8.419077980539305,0.0
2.0,1,ppo,13,ppo,0.8858038631333314,11.549399927600614,5.774699963800307,0.17316917004669866,3.7646879967357263,7.529375993471453,0.0
2.0,1,ppo,14,ppo,0.9481414245579853,11.549399927600614,5.774699963800307,0.17316917004669866,4.750500653234054,9.501001306468108,0.0
2.0,1,ppo,15,ppo,0.9098151336156002,11.549399927600614,5.774699963800307,0.17316917004669866,3.8255646339035105,7.651129267807021,0.0
2.0,1,ppo,16,ppo,0.9364337680206885,11.549399927600614,5.774699963800307,0.17316917004669866,4.356611681161863,8.713223362323726,0.0
2.0,1,mse_oracle,1,raw,0.9999999999999999,11.549399927600614,5.774699963800307,0.17316917004669866,3.1617716357849486,6.323543271569897,0.0
2.0,1,mse_oracle,2,raw,0.8771446185324265,11.549399927600614,5.774699963800307,0.17316917004669866,3.6873477755469173,7.374695551093835,0.0
2.0,1,mse_oracle,3,raw,0.9060600637884388,11.549399927600614,5.774699963800307,0.17316917004669866,4.506610063900706,9.013220127801413,0.0
2.0,1,mse_oracle,4,ppo,0.7585453959440304,11.549399927600614,5.774699963800307,0.17316917004669866,3.7112371130543544,7.422474226108709,0.0
2.0,1,mse_oracle,5,ppo,0.7830361405055225,11.549399927600614,5.774699963800307,0.17316917004669866,4.215605228070407,8.431210456140814,0.0
2.0,1,mse_oracle,6,raw,0.8884284607110713,11.549399927600614,5.774699963800307,0.17316917004669866,4.171732846305499,8.343465692610998,0.0
2.0,1,mse_oracle,7,ppo,0.8540811922643412,11.549399927600614,5.774699963800307,0.17316917004669866,4.490444010416542,8.980888020833085,0.0
2.0,1,mse_oracle,8,ppo,0.8566950222346578,11.549399927600614,5.774699963800307,0.17316917004669866,5.009437708633735,10.01887541726747,0.0
2.0,1,mse_oracle,9,raw,1.0,11.549399927600614,5.774699963800307,0.17316917004669866,3.272977243954449,6.545954487908898,0.0
2.0,1,mse_oracle,10,raw,0.8989929606454494,11.549399927600614,5.774699963800307,0.17316917004669866,4.739108583365377,9.478217166730754,0.0
2.0,1,mse_oracle,11,ppo,0.6021797618400403,11.549399927600614,5.774699963800307,0.17316917004669866,4.447139620738692,8.894279241477385,0.0
2.0,1,mse_oracle,12,ppo,0.8132796510556675,11.549399927600614,5.774699963800307,0.17316917004669866,4.088485204374369,8.176970408748739,0.0
2.0,1,mse_oracle,13,ppo,0.839875098223351,11.549399927600614,5.774699963800307,0.17316917004669866,4.484683997805235,8.96936799561047,0.0
2.0,1,mse_oracle,14,ppo,0.9419891921492645,11.549399927600614,5.774699963800307,0.17316917004669866,4.520916316747473,9.041832633494947,0.0
2.0,1,mse_oracle,15,ppo,0.856991746785506,11.549399927600614,5.774699963800307,0.17316917004669866,4.527154530341421,9.054309060682842,0.0
2.0,1,mse_oracle,16,ppo,0.7866173713635902,11.549399927600614,5.774699963800307,0.17316917004669866,4.61418999941351,9.22837999882702,0.0
2.0,2,raw,1,raw,1.0,11.549399927600614,5.774699963800307,0.17316917004669866,3.382515803081753,6.765031606163506,0.0
2.0,2,raw,2,raw,0.9047436661630709,11.549399927600614,5.774699963800307,0.17316917004669866,2.9297972979902815,5.859594595980563,0.0
2.0,2,raw,3,raw,0.8800552198097472,11.549399927600614,5.774699963800307,0.17316917004669866,4.373240139868686,8.746480279737373,0.0
2.0,2,raw,4,raw,0.8125543713345187,11.549399927600614,5.774699963800307,0.17316917004669866,4.336978316800807,8.673956633601614,0.0
2.0,2,raw,5,raw,0.7185008593638882,11.549399927600614,5.774699963800307,0.17316917004669866,4.958178196416379,9.916356392832759,0.0
2.0,2,raw,6,raw,0.8157008792912696,11.549399927600614,5.774699963800307,0.17316917004669866,4.540018314027528,9.080036628055057,0.0
2.0,2,raw,7,raw,0.6117738079846885,11.549399927600614,5.774699963800307,0.17316917004669866,4.426889392849958,8.853778785699916,0.0
2.0,2,raw,8,raw,0.602240426311156,11.549399927600614,5.774699963800307,0.17316917004669866,3.7622004733674337,7.524400946734867,0.0
2.0,2,raw,9,raw,1.0,11.549399927600614,5.774699963800307,0.17316917004669866,3.4605385763265,6.921077152653,0.0
2.0,2,raw,10,raw,0.9466762218134245,11.549399927600614,5.774699963800307,0.17316917004669866,3.954866412473906,7.909732824947812,0.0
2.0,2,raw,11,raw,0.6988536184799197,11.549399927600614,5.774699963800307,0.17316917004669866,4.129383866401475,8.25876773280295,0.0
2.0,2,raw,12,raw,0.7390989583277067,11.549399927600614,5.774699963800307,0.17316917004669866,3.71628313167459,7.43256626334918,0.0
2.0,2,raw,13,raw,0.5422109800682318,11.549399927600614,5.774699963800307,0.17316917004669866,4.559296962310547,9.118593924621093,0.0
2.0,2,raw,14,raw,0.6198613847230552,11.549399927600614,5.774699963800307,0.17316917004669866,3.1252433199703415,6.250486639940683,0.0
2.0,2,raw,15,raw,0.1144443916973444,11.549399927600614,5.774699963800307,0.17316917004669866,4.029803625200903,8.059607250401806,0.0
2.0,2,raw,16,raw,0.15664507661184557,11.549399927600614,5.774699963800307,0.17316917004669866,5.089811009555766,10.179622019111532,0.0
2.0,2,ppo,1,ppo,1.0,11.549399927600614,5.774699963800307,0.17316917004669866,3.382515803081753,6.765031606163506,0.0
2.0,2,ppo,2,ppo,0.9047436661630709,11.549399927600614,5.774699963800307,0.17316917004669866,4.334544869472964,8.669089738945928,0.0
2.0,2,ppo,3,ppo,0.9617507264190442,11.549399927600614,5.774699963800307,0.17316917004669866,4.122911688243581,8.245823376487161,0.0
2.0,2,ppo,4,ppo,0.8992673615767413,11.549399927600614,5.774699963800307,0.17316917004669866,4.702174088564832,9.404348177129664,0.0
2.0,2,ppo,5,ppo,0.8856794693644023,11.549399927600614,5.774699963800307,0.17316917004669866,4.851527060586634,9.703054121173269,0.0
2.0,2,ppo,6,ppo,0.9114835235071004,11.549399927600614,5.774699963800307,0.17316917004669866,4.556921480442667,9.113842960885334,0.0
2.0,2,ppo,7,ppo,0.8014979416661925,11.549399927600614,5.774699963800307,0.17316917004669866,3.9640231055564676,7.928046211112935,0.0
2.0,2,ppo,8,ppo,0.7663283968471942,11.549399927600614,5.774699963800307,0.17316917004669866,4.646077063635454,9.292154127270909,0.0
2.0,2,ppo,9,ppo,1.0,11.549399927600614,5.774699963800307,0.17316917004669866,4.071563813564262,8.143127627128523,0.0
2.0,2,ppo,10,ppo,0.8742972184229554,11.549399927600614,5.774699963800307,0.17316917004669866,4.891577025755275,9.78315405151055,0.0
2.0,2,ppo,11,ppo,0.8382110414636295,11.549399927600614,5.774699963800307,0.17316917004669866,4.656851838946759,9.313703677893518,0.0
2.0,2,ppo,12,ppo,0.8568938813404439,11.549399927600614,5.774699963800307,0.17316917004669866,3.674598800766374,7.349197601532748,0.0
2.0,2,ppo,13,ppo,0.8458890187929714,11.549399927600614,5.774699963800307,0.17316917004669866,4.312480225097896,8.624960450195791,0.0
2.0,2,ppo,14,ppo,0.8298091009043064,11.549399927600614,5.774699963800307,0.17316917004669866,4.092697808167355,8.18539561633471,0.0
2.0,2,ppo,15,ppo,0.8057698929754857,11.549399927600614,5.774699963800307,0.17316917004669866,4.2547870862884345,8.509574172576869,0.0
2.0,2,ppo,16,ppo,0.7009200436530106,11.549399927600614,5.774699963800307,0.17316917004669866,5.024866188083987,10.049732376167974,0.0
2.0,2,mse_oracle,1,raw,1.0,11.549399927600614,5.774699963800307,0.17316917004669866,3.382515803081753,6.765031606163506,0.0
2.0,2,mse_oracle,2,raw,0.9047436661630709,11.549399927600614,5.774699963800307,0.17316917004669866,2.9297972979902815,5.859594595980563,0.0
2.0,2,mse_oracle,3,raw,0.8800552198097472,11.549399927600614,5.774699963800307,0.17316917004669866,4.373240139868686,8.746480279737373,0.0
2.0,2,mse_oracle,4,raw,0.8125543713345187,11.549399927600614,5.774699963800307,0.17316917004669866,4.336978316800807,8.673956633601614,0.0
2.0,2,mse_oracle,5,ppo,0.7185008593638882,11.549399927600614,5.774699963800307,0.17316917004669866,5.148254394126923,10.296508788253846,0.0
2.0,2,mse_oracle,6,ppo,0.8155640081478358,11.549399927600614,5.774699963800307,0.17316917004669866,4.770823235072997,9.541646470145993,0.0
2.0,2,mse_oracle,7,ppo,0.7207840661623334,11.549399927600614,5.774699963800307,0.17316917004669866,4.589625943504568,9.179251887009135,0.0
2.0,2,mse_oracle,8,ppo,0.749159935067262,11.549399927600614,5.774699963800307,0.17316917004669866,4.683461021631953,9.366922043263907,0.0
2.0,2,mse_oracle,9,raw,1.0,11.549399927600614,5.774699963800307,0.17316917004669866,4.324074087431972,8.648148174863945,0.0
2.0,2,mse_oracle,10,ppo,0.826396731070357,11.549399927600614,5.774699963800307,0.17316917004669866,4.397220921649839,8.794441843299678,0.0
2.0,2,mse_oracle,11,ppo,0.908290715869667,11.549399927600614,5.774699963800307,0.17316917004669866,4.599368065727243,9.198736131454487,0.0
2.0,2,mse_oracle,12,ppo,0.8840146036021743,11.549399927600614,5.774699963800307,0.17316917004669866,4.356284129369541,8.712568258739083,0.0
2.0,2,mse_oracle,13,ppo,0.7785964115471044,11.549399927600614,5.774699963800307,0.17316917004669866,4.649034823943948,9.298069647887896,0.0
2.0,2,mse_oracle,14,ppo,0.8361514707761786,11.549399927600614,5.774699963800307,0.17316917004669866,3.9754720906549457,7.950944181309891,0.0
2.0,2,mse_oracle,15,ppo,0.916761350771801,11.549399927600614,5.774699963800307,0.17316917004669866,4.13657546022255,8.2731509204451,0.0
2.0,2,mse_oracle,16,ppo,0.9290084803725625,11.549399927600614,5.774699963800307,0.17316917004669866,5.050223739661521,10.100447479323043,0.0
2.0,3,raw,1,raw,0.9999999999999999,11.549399927600614,5.774699963800307,0.17316917004669866,4.16374760551163,8.32749521102326,0.0
2.0,3,raw,2,raw,0.7663683590845163,11.549399927600614,5.774699963800307,0.17316917004669866,2.892734886873594,5.785469773747188,0.0
2.0,3,raw,3,raw,0.8601137515066851,11.549399927600614,5.774699963800307,0.17316917004669866,4.5377790434328285,9.075558086865657,0.0
2.0,3,raw,4,raw,0.6335068096954902,11.549399927600614,5.774699963800307,0.17316917004669866,4.314824862722855,8.62964972544571,0.0
2.0,3,raw,5,raw,0.32934719899858705,11.549399927600614,5.774699963800307,0.17316917004669866,4.337980605826488,8.675961211652975,0.0
2.0,3,raw,6,raw,0.46287803587118875,11.549399927600614,5.774699963800307,0.17316917004669866,3.8465298894730013,7.693059778946003,0.0
2.0,3,raw,7,raw,0.8116198316797926,11.549399927600614,5.774699963800307,0.17316917004669866,4.082093208175501,8.164186416351003,0.0
2.0,3,raw,8,raw,0.7058199704847784,11.549399927600614,5.774699963800307,0.17316917004669866,4.455530219677447,8.911060439354895,0.0
2.0,3,raw,9,raw,0.9999999999999999,11.549399927600614,5.774699963800307,0.17316917004669866,3.412333501776324,6.824667003552648,0.0
2.0,3,raw,10,raw,0.9136317446256674,11.549399927600614,5.774699963800307,0.17316917004669866,4.123126609549277,8.246253219098554,0.0
2.0,3,raw,11,raw,0.7112815579240637,11.549399927600614,5.774699963800307,0.17316917004669866,4.422566872597516,8.845133745195032,0.0
2.0,3,raw,12,raw,0.6473589365499005,11.549399927600614,5.774699963800307,0.17316917004669866,4.700192481977799,9.400384963955599,0.0
2.0,3,raw,13,raw,0.3424623524421608,11.549399927600614,5.774699963800307,0.17316917004669866,3.762468636056726,7.524937272113452,0.0
2.0,3,raw,14,raw,0.8356314534138743,11.549399927600614,5.774699963800307,0.17316917004669866,4.137205891537713,8.274411783075426,0.0
2.0,3,raw,15,raw,0.7958147132445932,11.549399927600614,5.774699963800307,0.17316917004669866,4.494271862430715,8.98854372486143,0.0
2.0,3,raw,16,raw,0.7562022431540578,11.549399927600614,5.774699963800307,0.17316917004669866,4.198982886108111,8.397965772216223,0.0
2.0,3,ppo,1,ppo,0.9999999999999999,11.549399927600614,5.774699963800307,0.17316917004669866,4.16374760551163,8.32749521102326,0.0
2.0,3,ppo,2,ppo,0.7663683590845163,11.549399927600614,5.774699963800307,0.17316917004669866,4.415587112228015,8.83117422445603,0.0
2.0,3,ppo,3,ppo,0.9248543622113844,11.549399927600614,5.774699963800307,0.17316917004669866,4.7739144324155465,9.547828864831093,0.0
2.0,3,ppo,4,ppo,0.7770774750526166,11.549399927600614,5.774699963800307,0.17316917004669866,4.452825873055728,8.905651746111456,0.0
2.0,3,ppo,5,ppo,0.6845065769501011,11.549399927600614,5.774699963800307,0.17316917004669866,4.876386415060728,9.752772830121456,0.0
2.0,3,ppo,6,ppo,0.6739200112562056,11.549399927600614,5.774699963800307,0.17316917004669866,4.535606619059542,9.071213238119084,0.0
2.0,3,ppo,7,ppo,0.8113016014452253,11.549399927600614,5.774699963800307,0.17316917004669866,4.663440173847277,9.326880347694553,0.0
2.0,3,ppo,8,ppo,0.8347704508402036,11.549399927600614,5.774699963800307,0.17316917004669866,4.823917423182003,9.647834846364006,0.0
2.0,3,ppo,9,ppo,1.0,11.549399927600614,5.774699963800307,0.17316917004669866,3.6958811877476916,7.391762375495383,0.0
2.0,3,ppo,10,ppo,0.8338505691543542,11.549399927600614,5.774699963800307,0.17316917004669866,5.034938817999549,10.069877635999099,0.0
2.0,3,ppo,11,ppo,0.7650401491376796,11.549399927600614,5.774699963800307,0.17316917004669866,4.059703676908381,8.119407353816761,0.0
2.0,3,ppo,12,ppo,0.9123798234482398,11.549399927600614,5.774699963800307,0.17316917004669866,5.100005673521687,10.200011347043374,0.0
2.0,3,ppo,13,ppo,0.7306069587582048,11.549399927600614,5.774699963800307,0.17316917004669866,4.686316679327541,9.372633358655081,0.0
2.0,3,ppo,14,ppo,0.8190935785775888,11.549399927600614,5.774699963800307,0.17316917004669866,4.9219767139394115,9.843953427878823,0.0
2.0,3,ppo,15,ppo,0.8501174544602459,11.549399927600614,5.774699963800307,0.17316917004669866,4.001334078587032,8.002668157174064,0.0
2.0,3,ppo,16,ppo,0.8644126374973226,11.549399927600614,5.774699963800307,0.17316917004669866,5.1119322533054214,10.223864506610843,0.0
2.0,3,mse_oracle,1,raw,0.9999999999999999,11.549399927600614,5.774699963800307,0.17316917004669866,4.16374760551163,8.32749521102326,0.0
2.0,3,mse_oracle,2,raw,0.7663683590845163,11.549399927600614,5.774699963800307,0.17316917004669866,2.892734886873594,5.785469773747188,0.0
2.0,3,mse_oracle,3,ppo,0.8601137515066851,11.549399927600614,5.774699963800307,0.17316917004669866,5.0901840479357565,10.180368095871513,0.0
2.0,3,mse_oracle,4,ppo,0.8496466609806028,11.549399927600614,5.774699963800307,0.17316917004669866,4.483045337499247,8.966090674998494,0.0
2.0,3,mse_oracle,5,ppo,0.797206864368043,11.549399927600614,5.774699963800307,0.17316917004669866,4.852245540584442,9.704491081168884,0.0
2.0,3,mse_oracle,6,ppo,0.6928850715621823,11.549399927600614,5.774699963800307,0.17316917004669866,4.526221290662549,9.052442581325097,0.0
2.0,3,mse_oracle,7,ppo,0.8388738362315679,11.549399927600614,5.774699963800307,0.17316917004669866,4.624372749838937,9.248745499677874,0.0
2.0,3,mse_oracle,8,raw,0.9089190666315119,11.549399927600614,5.774699963800307,0.17316917004669866,4.071975556528366,8.143951113056731,0.0
2.0,3,mse_oracle,9,raw,1.0,11.549399927600614,5.774699963800307,0.17316917004669866,3.3800276780932803,6.760055356186561,0.0
2.0,3,mse_oracle,10,ppo,0.9451672251108388,11.549399927600614,5.774699963800307,0.17316917004669866,4.048869889446692,8.097739778893384,0.0
2.0,3,mse_oracle,11,ppo,0.7899536625894846,11.549399927600614,5.774699963800307,0.17316917004669866,3.7914484070050074,7.582896814010015,0.0
2.0,3,mse_oracle,12,ppo,0.9297762861179504,11.549399927600614,5.774699963800307,0.17316917004669866,3.9321279043619657,7.864255808723931,0.0
2.0,3,mse_oracle,13,ppo,0.9595690680198105,11.549399927600614,5.774699963800307,0.17316917004669866,3.8814702105532097,7.7629404211064195,0.0
2.0,3,mse_oracle,14,ppo,0.960823943459244,11.549399927600614,5.774699963800307,0.17316917004669866,4.833517855504532,9.667035711009063,0.0
2.0,3,mse_oracle,15,ppo,0.8659004576641601,11.549399927600614,5.774699963800307,0.17316917004669866,4.991254161298212,9.982508322596424,0.0
2.0,3,mse_oracle,16,ppo,0.7153632510100199,11.549399927600614,5.774699963800307,0.17316917004669866,4.609453345787981,9.218906691575961,0.0
2.0,4,raw,1,raw,1.0,11.549399927600614,5.774699963800307,0.17316917004669866,3.2166217606354657,6.433243521270931,0.0
2.0,4,raw,2,raw,0.9140581854495473,11.549399927600614,5.774699963800307,0.17316917004669866,4.048524662967169,8.097049325934337,0.0
2.0,4,raw,3,raw,0.6256840544671178,11.549399927600614,5.774699963800307,0.17316917004669866,3.6001082758941307,7.2002165517882615,0.0
2.0,4,raw,4,raw,0.8616651608508309,11.549399927600614,5.774699963800307,0.17316917004669866,3.086332107896334,6.172664215792668,0.0
2.0,4,raw,5,raw,0.835422554196137,11.549399927600614,5.774699963800307,0.17316917004669866,2.909940468183855,5.81988093636771,0.0
2.0,4,raw,6,raw,0.7618207562184449,11.549399927600614,5.774699963800307,0.17316917004669866,4.443617214285044,8.887234428570087,0.0
2.0,4,raw,7,raw,0.79896637418415,11.549399927600614,5.774699963800307,0.17316917004669866,5.097399717371543,10.194799434743086,0.0
2.0,4,raw,8,raw,0.790465959946053,11.549399927600614,5.774699963800307,0.17316917004669866,2.289666186890096,4.579332373780192,0.0
2.0,4,raw,9,raw,1.0,11.549399927600614,5.774699963800307,0.17316917004669866,4.44816390879714,8.89632781759428,0.0
2.0,4,raw,10,raw,0.6580088414439081,11.549399927600614,5.774699963800307,0.17316917004669866,4.233568763837243,8.467137527674486,0.0
2.0,4,raw,11,raw,0.774192812360505,11.549399927600614,5.774699963800307,0.17316917004669866,4.39072499283372,8.78144998566744,0.0
2.0,4,raw,12,raw,0.6584349223485938,11.549399927600614,5.774699963800307,0.17316917004669866,3.68220647870249,7.36441295740498,0.0
2.0,4,raw,13,raw,0.7914534187634048,11.549399927600614,5.774699963800307,0.17316917004669866,4.423882963839787,8.847765927679575,0.0
2.0,4,raw,14,raw,0.7563211601087013,11.549399927600614,5.774699963800307,0.17316917004669866,4.410689357518747,8.821378715037493,0.0
2.0,4,raw,15,raw,0.6906655409700029,11.549399927600614,5.774699963800307,0.17316917004669866,4.250634971221458,8.501269942442915,0.0
2.0,4,raw,16,raw,0.3013111196434417,11.549399927600614,5.774699963800307,0.17316917004669866,3.7406689881490767,7.481337976298153,0.0
2.0,4,ppo,1,ppo,1.0,11.549399927600614,5.774699963800307,0.17316917004669866,3.2166217606354657,6.433243521270931,0.0
2.0,4,ppo,2,ppo,0.9140581854495473,11.549399927600614,5.774699963800307,0.17316917004669866,4.538523562878835,9.07704712575767,0.0
2.0,4,ppo,3,ppo,0.8307341416387226,11.549399927600614,5.774699963800307,0.17316917004669866,4.749285071455883,9.498570142911767,0.0
2.0,4,ppo,4,ppo,0.752015758763107,11.549399927600614,5.774699963800307,0.17316917004669866,4.608805867290642,9.217611734581284,0.0
2.0,4,ppo,5,ppo,0.8857946224489988,11.549399927600614,5.774699963800307,0.17316917004669866,4.435112443961656,8.870224887923312,0.0
2.0,4,ppo,6,ppo,0.9202648075315801,11.549399927600614,5.774699963800307,0.17316917004669866,4.634788835537913,9.269577671075826,0.0
2.0,4,ppo,7,ppo,0.9068071407388776,11.549399927600614,5.774699963800307,0.17316917004669866,5.052494693975136,10.104989387950273,0.0
2.0,4,ppo,8,ppo,0.8431554099177123,11.549399927600614,5.774699963800307,0.17316917004669866,4.592155396398199,9.184310792796397,0.0
2.0,4,ppo,9,ppo,0.9999999999999997,11.549399927600614,5.774699963800307,0.17316917004669866,3.2352763127753015,6.470552625550603,0.0
2.0,4,ppo,10,ppo,0.874008302126055,11.549399927600614,5.774699963800307,0.17316917004669866,4.673818965186253,9.347637930372507,0.0
2.0,4,ppo,11,ppo,0.9428322505590546,11.549399927600614,5.774699963800307,0.17316917004669866,5.009284512455001,10.018569024910002,0.0
2.0,4,ppo,12,ppo,0.796173414360638,11.549399927600614,5.774699963800307,0.17316917004669866,3.6246558488294753,7.249311697658951,0.0
2.0,4,ppo,13,ppo,0.7910236237173329,11.549399927600614,5.774699963800307,0.17316917004669866,3.5631635298558098,7.1263270597116195,0.0
2.0,4,ppo,14,ppo,0.8068783736311906,11.549399927600614,5.774699963800307,0.17316917004669866,4.401155108156386,8.802310216312772,0.0
2.0,4,ppo,15,ppo,0.8356558144641537,11.549399927600614,5.774699963800307,0.17316917004669866,4.734753274543425,9.46950654908685,0.0
2.0,4,ppo,16,ppo,0.8287221030979879,11.549399927600614,5.774699963800307,0.17316917004669866,3.3793571019555246,6.758714203911049,0.0
2.0,4,mse_oracle,1,raw,1.0,11.549399927600614,5.774699963800307,0.17316917004669866,3.2166217606354657,6.433243521270931,0.0
2.0,4,mse_oracle,2,raw,0.9140581854495473,11.549399927600614,5.774699963800307,0.17316917004669866,4.048524662967169,8.097049325934337,0.0
2.0,4,mse_oracle,3,raw,0.6256840544671178,11.549399927600614,5.774699963800307,0.17316917004669866,3.6001082758941307,7.2002165517882615,0.0
2.0,4,mse_oracle,4,ppo,0.8616651608508309,11.549399927600614,5.774699963800307,0.17316917004669866,4.337528963827134,8.675057927654269,0.0
2.0,4,mse_oracle,5,ppo,0.9064698875434872,11.549399927600614,5.774699963800307,0.17316917004669866,4.290850995137058,8.581701990274116,0.0
2.0,4,mse_oracle,6,ppo,0.9247461930925287,11.549399927600614,5.774699963800307,0.17316917004669866,4.376064347995364,8.752128695990727,0.0
2.0,4,mse_oracle,7,ppo,0.8995017342397087,11.549399927600614,5.774699963800307,0.17316917004669866,5.139929248325221,10.279858496650442,0.0
2.0,4,mse_oracle,8,ppo,0.860191919901772,11.549399927600614,5.774699963800307,0.17316917004669866,4.0204075453753125,8.040815090750625,0.0
2.0,4,mse_oracle,9,raw,0.9999999999999999,11.549399927600614,5.774699963800307,0.17316917004669866,3.848740093763362,7.697480187526724,0.0
2.0,4,mse_oracle,10,ppo,0.8091822614179729,11.549399927600614,5.774699963800307,0.17316917004669866,4.4585947301636075,8.917189460327215,0.0
2.0,4,mse_oracle,11,ppo,0.8521474510782371,11.549399927600614,5.774699963800307,0.17316917004669866,4.722852152172944,9.445704304345888,0.0
2.0,4,mse_oracle,12,ppo,0.8079056986705957,11.549399927600614,5.774699963800307,0.17316917004669866,4.405708264250253,8.811416528500507,0.0
2.0,4,mse_oracle,13,ppo,0.8701180889982516,11.549399927600614,5.774699963800307,0.17316917004669866,5.009619710753315,10.01923942150663,0.0
2.0,4,mse_oracle,14,ppo,0.795910692914654,11.549399927600614,5.774699963800307,0.17316917004669866,4.692646207964716,9.385292415929433,0.0
2.0,4,mse_oracle,15,ppo,0.8243190825972304,11.549399927600614,5.774699963800307,0.17316917004669866,4.240574199952006,8.481148399904011,0.0
2.0,4,mse_oracle,16,ppo,0.851103070496236,11.549399927600614,5.774699963800307,0.17316917004669866,4.130394183387736,8.260788366775472,0.0
2.0,5,raw,1,raw,1.0,11.549399927600614,5.774699963800307,0.17316917004669866,4.098179970593378,8.196359941186756,0.0
2.0,5,raw,2,raw,0.7570101249050972,11.549399927600614,5.774699963800307,0.17316917004669866,4.387406634435086,8.774813268870172,0.0
2.0,5,raw,3,raw,0.9471872878247457,11.549399927600614,5.774699963800307,0.17316917004669866,2.8848785847180562,5.7697571694361125,0.0
2.0,5,raw,4,raw,0.891644445262615,11.549399927600614,5.774699963800307,0.17316917004669866,2.26402081986701,4.52804163973402,0.0
2.0,5,raw,5,raw,0.8575264097756446,11.549399927600614,5.774699963800307,0.17316917004669866,2.764148210330586,5.528296420661172,0.0
2.0,5,raw,6,raw,0.7281675249604688,11.549399927600614,5.774699963800307,0.17316917004669866,3.7401889396450887,7.480377879290177,0.0
2.0,5,raw,7,raw,0.7578713400969301,11.549399927600614,5.774699963800307,0.17316917004669866,3.8494553861229113,7.6989107722458225,0.0
2.0,5,raw,8,raw,0.46635380196720366,11.549399927600614,5.774699963800307,0.17316917004669866,4.376591931027953,8.753183862055906,0.0
2.0,5,raw,9,raw,1.0,11.549399927600614,5.774699963800307,0.17316917004669866,4.661611293329977,9.323222586659954,0.0
2.0,5,raw,10,raw,0.7650387548256313,11.549399927600614,5.774699963800307,0.17316917004669866,4.824521507300265,9.64904301460053,0.0
2.0,5,raw,11,raw,0.5632860703506615,11.549399927600614,5.774699963800307,0.17316917004669866,3.860317268272566,7.720634536545132,0.0
2.0,5,raw,12,raw,0.6149523341025173,11.549399927600614,5.774699963800307,0.17316917004669866,4.386765663796943,8.773531327593886,0.0
2.0,5,raw,13,raw,0.5540132292925221,11.549399927600614,5.774699963800307,0.17316917004669866,4.431921628879521,8.863843257759042,0.0
2.0,5,raw,14,raw,0.5215608223052665,11.549399927600614,5.774699963800307,0.17316917004669866,4.750652947024256,9.501305894048512,0.0
2.0,5,raw,15,raw,0.3568466324084461,11.549399927600614,5.774699963800307,0.17316917004669866,3.634520321002822,7.269040642005644,0.0
2.0,5,raw,16,raw,0.1158876766037579,11.549399927600614,5.774699963800307,0.17316917004669866,4.130488386053346,8.260976772106693,0.0
2.0,5,ppo,1,ppo,1.0,11.549399927600614,5.774699963800307,0.17316917004669866,4.098179970593378,8.196359941186756,0.0
2.0,5,ppo,2,ppo,0.7570101249050972,11.549399927600614,5.774699963800307,0.17316917004669866,4.925730344462597,9.851460688925194,0.0
2.0,5,ppo,3,ppo,0.9313343541422457,11.549399927600614,5.774699963800307,0.17316917004669866,3.823457108473215,7.64691421694643,0.0
2.0,5,ppo,4,ppo,0.9022001098191498,11.549399927600614,5.774699963800307,0.17316917004669866,4.140598747759256,8.281197495518512,0.0
2.0,5,ppo,5,ppo,0.9068224477856317,11.549399927600614,5.774699963800307,0.17316917004669866,3.5963051049642543,7.1926102099285085,0.0
2.0,5,ppo,6,ppo,0.8893735676615185,11.549399927600614,5.774699963800307,0.17316917004669866,4.435162178462175,8.87032435692435,0.0
2.0,5,ppo,7,ppo,0.8887460324095814,11.549399927600614,5.774699963800307,0.17316917004669866,4.826901265113619,9.653802530227239,0.0
2.0,5,ppo,8,ppo,0.8710167514174788,11.549399927600614,5.774699963800307,0.17316917004669866,4.176942044080285,8.35388408816057,0.0
2.0,5,ppo,9,ppo,1.0,11.549399927600614,5.774699963800307,0.17316917004669866,4.542681674470304,9.085363348940607,0.0
2.0,5,ppo,10,ppo,0.744824636883384,11.549399927600614,5.774699963800307,0.17316917004669866,4.871892768299842,9.743785536599685,0.0
2.0,5,ppo,11,ppo,0.6082075255434357,11.549399927600614,5.774699963800307,0.17316917004669866,4.9760401097997615,9.952080219599523,0.0
2.0,5,ppo,12,ppo,0.8647680539021656,11.549399927600614,5.774699963800307,0.17316917004669866,4.307552930337692,8.615105860675383,0.0
2.0,5,ppo,13,ppo,0.8140848213928793,11.549399927600614,5.774699963800307,0.17316917004669866,4.677933066943614,9.355866133887227,0.0
2.0,5,ppo,14,ppo,0.9142633265839027,11.549399927600614,5.774699963800307,0.17316917004669866,4.273867778180467,8.547735556360934,0.0
2.0,5,ppo,15,ppo,0.9049985582233856,11.549399927600614,5.774699963800307,0.17316917004669866,4.491594394918504,8.983188789837008,0.0
2.0,5,ppo,16,ppo,0.8752023175381312,11.549399927600614,5.774699963800307,0.17316917004669866,3.8337981941486974,7.667596388297395,0.0
2.0,5,mse_oracle,1,raw,1.0,11.549399927600614,5.774699963800307,0.17316917004669866,4.098179970593378,8.196359941186756,0.0
2.0,5,mse_oracle,2,raw,0.7570101249050972,11.549399927600614,5.774699963800307,0.17316917004669866,4.387406634435086,8.774813268870172,0.0
2.0,5,mse_oracle,3,raw,0.9471872878247457,11.549399927600614,5.774699963800307,0.17316917004669866,2.8848785847180562,5.7697571694361125,0.0
2.0,5,mse_oracle,4,ppo,0.891644445262615,11.549399927600614,5.774699963800307,0.17316917004669866,4.084162276540909,8.168324553081819,0.0
2.0,5,mse_oracle,5,raw,0.8859225873755534,11.549399927600614,5.774699963800307,0.17316917004669866,2.877284997678648,5.754569995357296,0.0
2.0,5,mse_oracle,6,ppo,0.7489181156812451,11.549399927600614,5.774699963800307,0.17316917004669866,4.4914900692532145,8.982980138506429,0.0
2.0,5,mse_oracle,7,raw,0.8493260547976754,11.549399927600614,5.774699963800307,0.17316917004669866,3.759830834429364,7.519661668858728,0.0
2.0,5,mse_oracle,8,ppo,0.6177274702650284,11.549399927600614,5.774699963800307,0.17316917004669866,4.809484722756152,9.618969445512304,0.0
2.0,5,mse_oracle,9,raw,0.9999999999999999,11.549399927600614,5.774699963800307,0.17316917004669866,4.30117316526805,8.6023463305361,0.0
2.0,5,mse_oracle,10,ppo,0.7865069543788712,11.549399927600614,5.774699963800307,0.17316917004669866,4.235828736954043,8.471657473908087,0.0
2.0,5,mse_oracle,11,ppo,0.8837547621609276,11.549399927600614,5.774699963800307,0.17316917004669866,4.3862095122201,8.7724190244402,0.0
2.0,5,mse_oracle,12,ppo,0.8226999559491759,11.549399927600614,5.774699963800307,0.17316917004669866,4.306801005991423,8.613602011982845,0.0
2.0,5,mse_oracle,13,ppo,0.8731269768524297,11.549399927600614,5.774699963800307,0.17316917004669866,4.743412653147564,9.486825306295128,0.0
2.0,5,mse_oracle,14,raw,0.8979814724304871,11.549399927600614,5.774699963800307,0.17316917004669866,4.500392574403774,9.000785148807548,0.0
2.0,5,mse_oracle,15,ppo,0.7563031740030255,11.549399927600614,5.774699963800307,0.17316917004669866,4.075808798472513,8.151617596945027,0.0
2.0,5,mse_oracle,16,ppo,0.6751954707140709,11.549399927600614,5.774699963800307,0.17316917004669866,4.406122720343746,8.812245440687493,0.0
2.0,6,raw,1,raw,1.0,11.549399927600614,5.774699963800307,0.17316917004669866,4.155109620428291,8.310219240856583,0.0
2.0,6,raw,2,raw,0.7473730026155095,11.549399927600614,5.774699963800307,0.17316917004669866,3.830290986060509,7.660581972121018,0.0
2.0,6,raw,3,raw,0.6509398899744953,11.549399927600614,5.774699963800307,0.17316917004669866,4.638627025238419,9.277254050476838,0.0
2.0,6,raw,4,raw,0.7404133176706021,11.549399927600614,5.774699963800307,0.17316917004669866,3.90993368862902,7.81986737725804,0.0
2.0,6,raw,5,raw,0.7378438878393697,11.549399927600614,5.774699963800307,0.17316917004669866,4.438630469357004,8.877260938714008,0.0
2.0,6,raw,6,raw,0.7234961422759308,11.549399927600614,5.774699963800307,0.17316917004669866,3.897338346457039,7.794676692914078,0.0
2.0,6,raw,7,raw,0.7030942694754607,11.549399927600614,5.774699963800307,0.17316917004669866,3.159925879565715,6.31985175913143,0.0
2.0,6,raw,8,raw,0.8062566091387648,11.549399927600614,5.774699963800307,0.17316917004669866,4.090271892522941,8.180543785045883,0.0
2.0,6,raw,9,raw,1.0,11.549399927600614,5.774699963800307,0.17316917004669866,4.216432080804297,8.432864161608594,0.0
2.0,6,raw,10,raw,0.8121066359681524,11.549399927600614,5.774699963800307,0.17316917004669866,4.009156658030532,8.018313316061064,0.0
2.0,6,raw,11,raw,0.7449048231599178,11.549399927600614,5.774699963800307,0.17316917004669866,4.275177226313543,8.550354452627086,0.0
2.0,6,raw,12,raw,0.779086821033482,11.549399927600614,5.774699963800307,0.17316917004669866,4.199719210327502,8.399438420655004,0.0
2.0,6,raw,13,raw,0.23011641955747048,11.549399927600614,5.774699963800307,0.17316917004669866,3.746085524200179,7.492171048400358,0.0
2.0,6,raw,14,raw,0.2778132956353615,11.549399927600614,5.774699963800307,0.17316917004669866,2.6353512149013403,5.2707024298026806,0.0
2.0,6,raw,15,raw,0.810984263720063,11.549399927600614,5.774699963800307,0.17316917004669866,4.292455264514079,8.584910529028159,0.0
2.0,6,raw,16,raw,0.8029754101525711,11.549399927600614,5.774699963800307,0.17316917004669866,3.231315637083417,6.462631274166834,0.0
2.0,6,ppo,1,ppo,1.0,11.549399927600614,5.774699963800307,0.17316917004669866,4.155109620428291,8.310219240856583,0.0
2.0,6,ppo,2,ppo,0.7473730026155095,11.549399927600614,5.774699963800307,0.17316917004669866,4.6572474024193555,9.314494804838711,0.0
2.0,6,ppo,3,ppo,0.82294004324952,11.549399927600614,5.774699963800307,0.17316917004669866,4.536969444316039,9.073938888632078,0.0
2.0,6,ppo,4,ppo,0.8277642030216371,11.549399927600614,5.774699963800307,0.17316917004669866,4.688310092406953,9.376620184813905,0.0
2.0,6,ppo,5,ppo,0.8904211138217546,11.549399927600614,5.774699963800307,0.17316917004669866,4.341786309055624,8.683572618111247,0.0
2.0,6,ppo,6,ppo,0.8276286587035258,11.549399927600614,5.774699963800307,0.17316917004669866,4.912145298014499,9.824290596028998,0.0
2.0,6,ppo,7,ppo,0.7609150467763662,11.549399927600614,5.774699963800307,0.17316917004669866,4.010266153534382,8.020532307068764,0.0
2.0,6,ppo,8,ppo,0.9114227305967286,11.549399927600614,5.774699963800307,0.17316917004669866,4.721806052989626,9.443612105979252,0.0
2.0,6,ppo,9,ppo,1.0,11.549399927600614,5.774699963800307,0.17316917004669866,3.11399028739852,6.22798057479704,0.0
2.0,6,ppo,10,ppo,0.9179074479552795,11.549399927600614,5.774699963800307,0.17316917004669866,4.5616267290909285,9.123253458181857,0.0
2.0,6,ppo,11,ppo,0.7942966166179013,11.549399927600614,5.774699963800307,0.17316917004669866,4.618838546599463,9.237677093198926,0.0
2.0,6,ppo,12,ppo,0.8553235124464308,11.549399927600614,5.774699963800307,0.17316917004669866,4.6541291149171355,9.308258229834271,0.0
2.0,6,ppo,13,ppo,0.8426925451905388,11.549399927600614,5.774699963800307,0.17316917004669866,4.448461260255853,8.896922520511707,0.0
2.0,6,ppo,14,ppo,0.8900632110170223,11.549399927600614,5.774699963800307,0.17316917004669866,3.923772525293384,7.847545050586768,0.0
2.0,6,ppo,15,ppo,0.9116921619982048,11.549399927600614,5.774699963800307,0.17316917004669866,4.173165534704732,8.346331069409464,0.0
2.0,6,ppo,16,ppo,0.8785588814704915,11.549399927600614,5.774699963800307,0.17316917004669866,4.713619153601052,9.427238307202105,0.0
2.0,6,mse_oracle,1,raw,1.0,11.549399927600614,5.774699963800307,0.17316917004669866,4.155109620428291,8.310219240856583,0.0
2.0,6,mse_oracle,2,raw,0.7473730026155095,11.549399927600614,5.774699963800307,0.17316917004669866,3.830290986060509,7.660581972121018,0.0
2.0,6,mse_oracle,3,raw,0.6509398899744953,11.549399927600614,5.774699963800307,0.17316917004669866,4.638627025238419,9.277254050476838,0.0
2.0,6,mse_oracle,4,ppo,0.7404133176706021,11.549399927600614,5.774699963800307,0.17316917004669866,4.662902273246395,9.32580454649279,0.0
2.0,6,mse_oracle,5,ppo,0.803156200574948,11.549399927600614,5.774699963800307,0.17316917004669866,4.486616278780208,8.973232557560417,0.0
2.0,6,mse_oracle,6,ppo,0.8154296836689853,11.549399927600614,5.774699963800307,0.17316917004669866,4.828606616379677,9.657213232759354,0.0
2.0,6,mse_oracle,7,raw,0.8281420926299997,11.549399927600614,5.774699963800307,0.17316917004669866,2.5953072639470296,5.190614527894059,0.0
2.0,6,mse_oracle,8,ppo,0.870785625524573,11.549399927600614,5.774699963800307,0.17316917004669866,4.787528244957906,9.575056489915813,0.0
2.0,6,mse_oracle,9,raw,1.0,11.549399927600614,5.774699963800307,0.17316917004669866,3.453004039084573,6.906008078169146,0.0
2.0,6,mse_oracle,10,ppo,0.9239560267171397,11.549399927600614,5.774699963800307,0.17316917004669866,4.039482722463571,8.078965444927142,0.0
2.0,6,mse_oracle,11,ppo,0.8866168292767347,11.549399927600614,5.774699963800307,0.17316917004669866,4.864773233895525,9.72954646779105,0.0
2.0,6,mse_oracle,12,raw,0.8001490705184476,11.549399927600614,5.774699963800307,0.17316917004669866,3.4435850185407264,6.887170037081453,0.0
2.0,6,mse_oracle,13,ppo,0.7597272183058633,11.549399927600614,5.774699963800307,0.17316917004669866,4.302353885272296,8.604707770544591,0.0
2.0,6,mse_oracle,14,ppo,0.7980196627629905,11.549399927600614,5.774699963800307,0.17316917004669866,4.504917236900663,9.009834473801327,0.0
2.0,6,mse_oracle,15,ppo,0.8893745100028758,11.549399927600614,5.774699963800307,0.17316917004669866,4.030199291024313,8.060398582048625,0.0
2.0,6,mse_oracle,16,raw,0.9384399811469557,11.549399927600614,5.774699963800307,0.17316917004669866,3.430569056278583,6.861138112557166,0.0
2.0,7,raw,1,raw,1.0,11.549399927600614,5.774699963800307,0.17316917004669866,3.801963655237614,7.603927310475228,0.0
2.0,7,raw,2,raw,0.8398589835872703,11.549399927600614,5.774699963800307,0.17316917004669866,3.8832538989047287,7.766507797809457,0.0
2.0,7,raw,3,raw,0.7081857939488629,11.549399927600614,5.774699963800307,0.17316917004669866,2.032942798162796,4.065885596325592,0.0
2.0,7,raw,4,raw,0.7868560783429951,11.549399927600614,5.774699963800307,0.17316917004669866,4.006482247210486,8.012964494420972,0.0
2.0,7,raw,5,raw,0.5621914715852653,11.549399927600614,5.774699963800307,0.17316917004669866,4.655644435375847,9.311288870751694,0.0
2.0,7,raw,6,raw,0.7664376788362319,11.549399927600614,5.774699963800307,0.17316917004669866,4.480848292889519,8.961696585779038,0.0
2.0,7,raw,7,raw,0.7465096145954445,11.549399927600614,5.774699963800307,0.17316917004669866,3.5289646555754612,7.0579293111509225,0.0
2.0,7,raw,8,raw,0.6727426017180835,11.549399927600614,5.774699963800307,0.17316917004669866,4.804026202799819,9.608052405599638,0.0
2.0,7,raw,9,raw,0.9999999999999999,11.549399927600614,5.774699963800307,0.17316917004669866,4.423876734254691,8.847753468509381,0.0
2.0,7,raw,10,raw,0.793848244619814,11.549399927600614,5.774699963800307,0.17316917004669866,4.715084975860916,9.430169951721831,0.0
2.0,7,raw,11,raw,0.6733351557810532,11.549399927600614,5.774699963800307,0.17316917004669866,3.8183514543533867,7.6367029087067735,0.0
2.0,7,raw,12,raw,0.5923659802937397,11.549399927600614,5.774699963800307,0.17316917004669866,4.4468433398800915,8.893686679760183,0.0
2.0,7,raw,13,raw,0.5479841222628693,11.549399927600614,5.774699963800307,0.17316917004669866,4.750312616088383,9.500625232176766,0.0
2.0,7,raw,14,raw,0.4513588520406067,11.549399927600614,5.774699963800307,0.17316917004669866,3.949551607590465,7.89910321518093,0.0
2.0,7,raw,15,raw,0.08019553551286994,11.549399927600614,5.774699963800307,0.17316917004669866,4.19565749672092,8.39131499344184,0.0
2.0,7,raw,16,raw,0.21100182582111057,11.549399927600614,5.774699963800307,0.17316917004669866,3.716564398581943,7.433128797163886,0.0
2.0,7,ppo,1,ppo,1.0,11.549399927600614,5.774699963800307,0.17316917004669866,3.801963655237614,7.603927310475228,0.0
2.0,7,ppo,2,ppo,0.8398589835872703,11.549399927600614,5.774699963800307,0.17316917004669866,4.273143560048804,8.546287120097608,0.0
2.0,7,ppo,3,ppo,0.8379166675504066,11.549399927600614,5.774699963800307,0.17316917004669866,4.434231810202915,8.86846362040583,0.0
2.0,7,ppo,4,ppo,0.921099604427868,11.549399927600614,5.774699963800307,0.17316917004669866,4.650381610655815,9.30076322131163,0.0
2.0,7,ppo,5,ppo,0.826820751634566,11.549399927600614,5.774699963800307,0.17316917004669866,4.996926964266463,9.993853928532927,0.0
2.0,7,ppo,6,ppo,0.7582360244699771,11.549399927600614,5.774699963800307,0.17316917004669866,4.802659587229744,9.605319174459488,0.0
2.0,7,ppo,7,ppo,0.8025892324360677,11.549399927600614,5.774699963800307,0.17316917004669866,4.77362189858349,9.54724379716698,0.0
2.0,7,ppo,8,ppo,0.843265378680549,11.549399927600614,5.774699963800307,0.17316917004669866,4.90367068199387,9.80734136398774,0.0
2.0,7,ppo,9,ppo,1.0,11.549399927600614,5.774699963800307,0.17316917004669866,5.1320345171080834,10.264069034216167,0.0
2.0,7,ppo,10,ppo,0.4748282172807193,11.549399927600614,5.774699963800307,0.17316917004669866,4.525490242653108,9.050980485306216,0.0
2.0,7,ppo,11,ppo,0.5785805018255861,11.549399927600614,5.774699963800307,0.17316917004669866,3.3090563675947,6.6181127351894,0.0
2.0,7,ppo,12,ppo,0.44167919363593866,11.549399927600614,5.774699963800307,0.17316917004669866,5.16461855189036,10.32923710378072,0.0
2.0,7,ppo,13,ppo,0.38075079294868036,11.549399927600614,5.774699963800307,0.17316917004669866,4.8896132901708835,9.779226580341767,0.0
2.0,7,ppo,14,ppo,0.39162689871100204,11.549399927600614,5.774699963800307,0.17316917004669866,4.149133131172675,8.29826626234535,0.0
2.0,7,ppo,15,ppo,0.28848462213288956,11.549399927600614,5.774699963800307,0.17316917004669866,4.124005396883378,8.248010793766756,0.0
2.0,7,ppo,16,ppo,0.3752423386226559,11.549399927600614,5.774699963800307,0.17316917004669866,3.5797916382467863,7.1595832764935725,0.0
2.0,7,mse_oracle,1,raw,1.0,11.549399927600614,5.774699963800307,0.17316917004669866,3.801963655237614,7.603927310475228,0.0
2.0,7,mse_oracle,2,raw,0.8398589835872703,11.549399927600614,5.774699963800307,0.17316917004669866,3.8832538989047287,7.766507797809457,0.0
2.0,7,mse_oracle,3,raw,0.7081857939488629,11.549399927600614,5.774699963800307,0.17316917004669866,2.032942798162796,4.065885596325592,0.0
2.0,7,mse_oracle,4,raw,0.7868560783429951,11.549399927600614,5.774699963800307,0.17316917004669866,4.006482247210486,8.012964494420972,0.0
2.0,7,mse_oracle,5,raw,0.5621914715852653,11.549399927600614,5.774699963800307,0.17316917004669866,4.655644435375847,9.311288870751694,0.0
2.0,7,mse_oracle,6,ppo,0.7664376788362319,11.549399927600614,5.774699963800307,0.17316917004669866,4.713448808142444,9.426897616284888,0.0
2.0,7,mse_oracle,7,ppo,0.804652650286392,11.549399927600614,5.774699963800307,0.17316917004669866,4.414280924237137,8.828561848474274,0.0
2.0,7,mse_oracle,8,ppo,0.8936755023174046,11.549399927600614,5.774699963800307,0.17316917004669866,4.931307395893901,9.862614791787802,0.0
2.0,7,mse_oracle,9,raw,1.0,11.549399927600614,5.774699963800307,0.17316917004669866,4.291256156845103,8.582512313690206,0.0
2.0,7,mse_oracle,10,ppo,0.7771633601989932,11.549399927600614,5.774699963800307,0.17316917004669866,4.36391906407373,8.72783812814746,0.0
2.0,7,mse_oracle,11,ppo,0.7362007390320265,11.549399927600614,5.774699963800307,0.17316917004669866,4.494950452191361,8.989900904382722,0.0
2.0,7,mse_oracle,12,ppo,0.798671733037765,11.549399927600614,5.774699963800307,0.17316917004669866,4.889672725430456,9.779345450860912,0.0
2.0,7,mse_oracle,13,ppo,0.8650105542457109,11.549399927600614,5.774699963800307,0.17316917004669866,4.0005932541252385,8.001186508250477,0.0
2.0,7,mse_oracle,14,ppo,0.8348931533736041,11.549399927600614,5.774699963800307,0.17316917004669866,4.735879164309857,9.471758328619714,0.0
2.0,7,mse_oracle,15,ppo,0.8058112826967399,11.549399927600614,5.774699963800307,0.17316917004669866,4.7877573169673635,9.575514633934727,0.0
2.0,7,mse_oracle,16,ppo,0.8183896595792639,11.549399927600614,5.774699963800307,0.17316917004669866,4.477041488551277,8.954082977102553,0.0
2.0,8,raw,1,raw,0.9999999999999999,11.549399927600614,5.774699963800307,0.17316917004669866,3.2671242758863563,6.534248551772713,0.0
2.0,8,raw,2,raw,0.8776851337159797,11.549399927600614,5.774699963800307,0.17316917004669866,2.494525735495205,4.98905147099041,0.0
2.0,8,raw,3,raw,0.8053160045406796,11.549399927600614,5.774699963800307,0.17316917004669866,4.2949687743663185,8.589937548732637,0.0
2.0,8,raw,4,raw,0.8545488232300813,11.549399927600614,5.774699963800307,0.17316917004669866,2.5531171881298187,5.106234376259637,0.0
2.0,8,raw,5,raw,0.8209599648289204,11.549399927600614,5.774699963800307,0.17316917004669866,4.256016189263636,8.512032378527271,0.0
2.0,8,raw,6,raw,0.8706647705465355,11.549399927600614,5.774699963800307,0.17316917004669866,3.563007923629097,7.126015847258194,0.0
2.0,8,raw,7,raw,0.6207579049819734,11.549399927600614,5.774699963800307,0.17316917004669866,5.210762283859297,10.421524567718594,0.0
2.0,8,raw,8,raw,0.8337702788044852,11.549399927600614,5.774699963800307,0.17316917004669866,4.635628507668369,9.271257015336738,0.0
2.0,8,raw,9,raw,1.0,11.549399927600614,5.774699963800307,0.17316917004669866,3.4144859751145495,6.828971950229099,0.0
2.0,8,raw,10,raw,0.8527487271226022,11.549399927600614,5.774699963800307,0.17316917004669866,4.69991158800888,9.39982317601776,0.0
2.0,8,raw,11,raw,0.793753078269479,11.549399927600614,5.774699963800307,0.17316917004669866,3.4424550120403143,6.884910024080629,0.0
2.0,8,raw,12,raw,0.6043503371940634,11.549399927600614,5.774699963800307,0.17316917004669866,4.459224524265287,8.918449048530574,0.0
2.0,8,raw,13,raw,0.4924631307575053,11.549399927600614,5.774699963800307,0.17316917004669866,3.850653095247966,7.701306190495932,0.0
2.0,8,raw,14,raw,0.3756990204850159,11.549399927600614,5.774699963800307,0.17316917004669866,3.4128902628577,6.8257805257154,0.0
2.0,8,raw,15,raw,0.3096815378517834,11.549399927600614,5.774699963800307,0.17316917004669866,3.9853496298132867,7.970699259626573,0.0
2.0,8,raw,16,raw,0.5145761591136094,11.549399927600614,5.774699963800307,0.17316917004669866,4.2357210855619005,8.471442171123801,0.0
2.0,8,ppo,1,ppo,0.9999999999999999,11.549399927600614,5.774699963800307,0.17316917004669866,3.2671242758863563,6.534248551772713,0.0
2.0,8,ppo,2,ppo,0.8776851337159797,11.549399927600614,5.774699963800307,0.17316917004669866,3.7162164343658857,7.432432868731771,0.0
2.0,8,ppo,3,ppo,0.9155168001170226,11.549399927600614,5.774699963800307,0.17316917004669866,4.586848885039264,9.173697770078528,0.0
2.0,8,ppo,4,ppo,0.8413911678697265,11.549399927600614,5.774699963800307,0.17316917004669866,4.635273559978984,9.270547119957968,0.0
2.0,8,ppo,5,ppo,0.9046245793802986,11.549399927600614,5.774699963800307,0.17316917004669866,4.231010186323755,8.46202037264751,0.0
2.0,8,ppo,6,ppo,0.8957081563232753,11.549399927600614,5.774699963800307,0.17316917004669866,4.443197514724332,8.886395029448664,0.0
2.0,8,ppo,7,ppo,0.8882043947881572,11.549399927600614,5.774699963800307,0.17316917004669866,5.240244473979097,10.480488947958195,0.0
2.0,8,ppo,8,ppo,0.8097174031662275,11.549399927600614,5.774699963800307,0.17316917004669866,5.02991778328487,10.05983556656974,0.0
2.0,8,ppo,9,ppo,1.0,11.549399927600614,5.774699963800307,0.17316917004669866,4.331701820972905,8.66340364194581,0.0
2.0,8,ppo,10,ppo,0.7995038200848714,11.549399927600614,5.774699963800307,0.17316917004669866,4.272542734651229,8.545085469302458,0.0
2.0,8,ppo,11,ppo,0.8768769152485312,11.549399927600614,5.774699963800307,0.17316917004669866,4.359492419003823,8.718984838007646,0.0
2.0,8,ppo,12,ppo,0.8676666392753966,11.549399927600614,5.774699963800307,0.17316917004669866,4.407021750630914,8.814043501261828,0.0
2.0,8,ppo,13,ppo,0.9342675344438275,11.549399927600614,5.774699963800307,0.17316917004669866,4.42174601936026,8.84349203872052,0.0
2.0,8,ppo,14,ppo,0.8146971039785975,11.549399927600614,5.774699963800307,0.17316917004669866,4.40154205482674,8.80308410965348,0.0
2.0,8,ppo,15,ppo,0.8427610566840796,11.549399927600614,5.774699963800307,0.17316917004669866,4.812144027789346,9.624288055578692,0.0
2.0,8,ppo,16,ppo,0.9340039133656199,11.549399927600614,5.774699963800307,0.17316917004669866,4.627222912673296,9.254445825346592,0.0
2.0,8,mse_oracle,1,raw,0.9999999999999999,11.549399927600614,5.774699963800307,0.17316917004669866,3.2671242758863563,6.534248551772713,0.0
2.0,8,mse_oracle,2,raw,0.8776851337159797,11.549399927600614,5.774699963800307,0.17316917004669866,2.494525735495205,4.98905147099041,0.0
2.0,8,mse_oracle,3,raw,0.8053160045406796,11.549399927600614,5.774699963800307,0.17316917004669866,4.2949687743663185,8.589937548732637,0.0
2.0,8,mse_oracle,4,ppo,0.8545488232300813,11.549399927600614,5.774699963800307,0.17316917004669866,4.305033452338057,8.610066904676113,0.0
2.0,8,mse_oracle,5,ppo,0.8700728106966571,11.549399927600614,5.774699963800307,0.17316917004669866,4.58664837425915,9.1732967485183,0.0
2.0,8,mse_oracle,6,raw,0.8581768544985833,11.549399927600614,5.774699963800307,0.17316917004669866,3.382444391873271,6.764888783746542,0.0
2.0,8,mse_oracle,7,ppo,0.7340684261541394,11.549399927600614,5.774699963800307,0.17316917004669866,5.332490123490607,10.664980246981214,0.0
2.0,8,mse_oracle,8,ppo,0.9077049339937293,11.549399927600614,5.774699963800307,0.17316917004669866,5.133286352006343,10.266572704012686,0.0
2.0,8,mse_oracle,9,raw,1.0,11.549399927600614,5.774699963800307,0.17316917004669866,4.45041256346709,8.90082512693418,0.0
2.0,8,mse_oracle,10,ppo,0.8430231913266679,11.549399927600614,5.774699963800307,0.17316917004669866,4.548134151939819,9.096268303879638,0.0
2.0,8,mse_oracle,11,ppo,0.6978331013103931,11.549399927600614,5.774699963800307,0.17316917004669866,4.356993968637875,8.71398793727575,0.0
2.0,8,mse_oracle,12,ppo,0.6500956232068701,11.549399927600614,5.774699963800307,0.17316917004669866,5.043546817172097,10.087093634344194,0.0
2.0,8,mse_oracle,13,ppo,0.7387428554119144,11.549399927600614,5.774699963800307,0.17316917004669866,4.19810110282804,8.39620220565608,0.0
2.0,8,mse_oracle,14,ppo,0.891281459164052,11.549399927600614,5.774699963800307,0.17316917004669866,4.0112113430075,8.022422686015,0.0
2.0,8,mse_oracle,15,ppo,0.923286067492383,11.549399927600614,5.774699963800307,0.17316917004669866,4.5602175421102435,9.120435084220487,0.0
2.0,8,mse_oracle,16,ppo,0.9037992410071991,11.549399927600614,5.774699963800307,0.17316917004669866,4.468591656909012,8.937183313818023,0.0
2.0,9,raw,1,raw,1.0,11.549399927600614,5.774699963800307,0.17316917004669866,4.112185896798665,8.22437179359733,0.0
2.0,9,raw,2,raw,0.8830779984234555,11.549399927600614,5.774699963800307,0.17316917004669866,2.8184569155617587,5.636913831123517,0.0
2.0,9,raw,3,raw,0.6838064837200751,11.549399927600614,5.774699963800307,0.17316917004669866,1.9427661099060425,3.885532219812085,0.0
2.0,9,raw,4,raw,0.7828126875154315,11.549399927600614,5.774699963800307,0.17316917004669866,3.9924997472973134,7.984999494594627,0.0
2.0,9,raw,5,raw,0.3049444970936649,11.549399927600614,5.774699963800307,0.17316917004669866,3.5474949212272033,7.094989842454407,0.0
2.0,9,raw,6,raw,0.6312269499255346,11.549399927600614,5.774699963800307,0.17316917004669866,4.65472526105336,9.30945052210672,0.0
2.0,9,raw,7,raw,0.6838545170022707,11.549399927600614,5.774699963800307,0.17316917004669866,3.8860364183691467,7.772072836738293,0.0
2.0,9,raw,8,raw,0.8127830211013313,11.549399927600614,5.774699963800307,0.17316917004669866,3.4237759551426246,6.847551910285249,0.0
2.0,9,raw,9,raw,1.0,11.549399927600614,5.774699963800307,0.17316917004669866,4.3309485382631765,8.661897076526353,0.0
2.0,9,raw,10,raw,0.8766476048767129,11.549399927600614,5.774699963800307,0.17316917004669866,3.455389697611633,6.910779395223266,0.0
2.0,9,raw,11,raw,0.6936874427126931,11.549399927600614,5.774699963800307,0.17316917004669866,4.556271774979366,9.112543549958732,0.0
2.0,9,raw,12,raw,0.6227241770896952,11.549399927600614,5.774699963800307,0.17316917004669866,4.5620809894343495,9.124161978868699,0.0
2.0,9,raw,13,raw,0.778453245339404,11.549399927600614,5.774699963800307,0.17316917004669866,4.40697354226323,8.81394708452646,0.0
2.0,9,raw,14,raw,0.7230702536976792,11.549399927600614,5.774699963800307,0.17316917004669866,4.166065469925202,8.332130939850405,0.0
2.0,9,raw,15,raw,0.8271394433305227,11.549399927600614,5.774699963800307,0.17316917004669866,4.381258067644563,8.762516135289125,0.0
2.0,9,raw,16,raw,0.88318532265939,11.549399927600614,5.774699963800307,0.17316917004669866,3.9874652513348114,7.974930502669623,0.0
2.0,9,ppo,1,ppo,1.0,11.549399927600614,5.774699963800307,0.17316917004669866,4.112185896798665,8.22437179359733,0.0
2.0,9,ppo,2,ppo,0.8830779984234555,11.549399927600614,5.774699963800307,0.17316917004669866,2.846849547249064,5.693699094498128,0.0
2.0,9,ppo,3,ppo,0.8637310834381354,11.549399927600614,5.774699963800307,0.17316917004669866,4.465769442217602,8.931538884435204,0.0
2.0,9,ppo,4,ppo,0.8425061189063539,11.549399927600614,5.774699963800307,0.17316917004669866,4.721939055134446,9.443878110268892,0.0
2.0,9,ppo,5,ppo,0.73914328373223,11.549399927600614,5.774699963800307,0.17316917004669866,4.678261761010754,9.356523522021508,0.0
2.0,9,ppo,6,ppo,0.9103090864880908,11.549399927600614,5.774699963800307,0.17316917004669866,4.567247452372049,9.134494904744098,0.0
2.0,9,ppo,7,ppo,0.9237306848279317,11.549399927600614,5.774699963800307,0.17316917004669866,4.533017591946543,9.066035183893087,0.0
2.0,9,ppo,8,ppo,0.9192283615577255,11.549399927600614,5.774699963800307,0.17316917004669866,4.178043931021215,8.35608786204243,0.0
2.0,9,ppo,9,ppo,1.0,11.549399927600614,5.774699963800307,0.17316917004669866,4.50577171236794,9.01154342473588,0.0
2.0,9,ppo,10,ppo,0.8494721271084325,11.549399927600614,5.774699963800307,0.17316917004669866,4.412877405260274,8.825754810520548,0.0
2.0,9,ppo,11,ppo,0.7798665839602646,11.549399927600614,5.774699963800307,0.17316917004669866,4.021461396835773,8.042922793671545,0.0
2.0,9,ppo,12,ppo,0.8651351058221297,11.549399927600614,5.774699963800307,0.17316917004669866,4.426112659084708,8.852225318169417,0.0
2.0,9,ppo,13,ppo,0.8701603327252401,11.549399927600614,5.774699963800307,0.17316917004669866,4.539284773876318,9.078569547752636,0.0
2.0,9,ppo,14,ppo,0.9049507505747787,11.549399927600614,5.774699963800307,0.17316917004669866,4.6310524878929895,9.262104975785979,0.0
2.0,9,ppo,15,ppo,0.8562089703063315,11.549399927600614,5.774699963800307,0.17316917004669866,5.120579595176565,10.24115919035313,0.0
2.0,9,ppo,16,ppo,0.869327692817377,11.549399927600614,5.774699963800307,0.17316917004669866,4.33382666579749,8.66765333159498,0.0
2.0,9,mse_oracle,1,raw,1.0,11.549399927600614,5.774699963800307,0.17316917004669866,4.112185896798665,8.22437179359733,0.0
2.0,9,mse_oracle,2,ppo,0.8830779984234555,11.549399927600614,5.774699963800307,0.17316917004669866,2.846849547249064,5.693699094498128,0.0
2.0,9,mse_oracle,3,raw,0.8637310834381354,11.549399927600614,5.774699963800307,0.17316917004669866,3.255578444326087,6.511156888652174,0.0
2.0,9,mse_oracle,4,raw,0.7563498349306378,11.549399927600614,5.774699963800307,0.17316917004669866,3.7566404257360886,7.513280851472177,0.0
2.0,9,mse_oracle,5,ppo,0.520492923866571,11.549399927600614,5.774699963800307,0.17316917004669866,4.2412662721468335,8.482532544293667,0.0
2.0,9,mse_oracle,6,ppo,0.7938451238608595,11.549399927600614,5.774699963800307,0.17316917004669866,4.41602840499798,8.83205680999596,0.0
2.0,9,mse_oracle,7,ppo,0.8363066504835939,11.549399927600614,5.774699963800307,0.17316917004669866,4.615448897182284,9.230897794364568,0.0
2.0,9,mse_oracle,8,ppo,0.8823184518976926,11.549399927600614,5.774699963800307,0.17316917004669866,4.56066105064331,9.12132210128662,0.0
2.0,9,mse_oracle,9,raw,0.9999999999999997,11.549399927600614,5.774699963800307,0.17316917004669866,4.5593832703256965,9.118766540651393,0.0
2.0,9,mse_oracle,10,ppo,0.8112528156257656,11.549399927600614,5.774699963800307,0.17316917004669866,4.572165879529326,9.144331759058652,0.0
2.0,9,mse_oracle,11,ppo,0.807253833353625,11.549399927600614,5.774699963800307,0.17316917004669866,4.835494212402553,9.670988424805106,0.0
2.0,9,mse_oracle,12,ppo,0.7817470178326834,11.549399927600614,5.774699963800307,0.17316917004669866,4.580429302805635,9.16085860561127,0.0
2.0,9,mse_oracle,13,ppo,0.8387328498062047,11.549399927600614,5.774699963800307,0.17316917004669866,4.62189730441098,9.24379460882196,0.0
2.0,9,mse_oracle,14,ppo,0.8687847832787401,11.549399927600614,5.774699963800307,0.17316917004669866,4.871229657020503,9.742459314041007,0.0
2.0,9,mse_oracle,15,ppo,0.8851189101611573,11.549399927600614,5.774699963800307,0.17316917004669866,4.7139923099427685,9.427984619885537,0.0
2.0,9,mse_oracle,16,ppo,0.8723205848617113,11.549399927600614,5.774699963800307,0.17316917004669866,4.866650993979598,9.733301987959196,0.0
