candidate,replication,iteration,raw_value,ppo_value,raw_minus_ppo,raw_endpoint_rho
A_320_40_lr014_eps020,0,0,0.26409195184164375,0.26409195184164375,0.0,1.0
A_320_40_lr014_eps020,0,1,0.30923597142260484,0.2947493358458388,0.01448663557676605,0.8409259538240736
A_320_40_lr014_eps020,0,2,0.3609378136601834,0.33831135933515466,0.022626454325028744,0.9231124856868239
A_320_40_lr014_eps020,0,3,0.4050885589232846,0.38495222996054823,0.020136328962736372,0.9074387518169323
A_320_40_lr014_eps020,0,4,0.45646818064693206,0.42528757956231483,0.031180601084617232,0.8494190710968145
A_320_40_lr014_eps020,0,5,0.4866891953754263,0.46382010963551307,0.022869085739913253,0.8545513941398906
A_320_40_lr014_eps020,0,6,0.5299644266814828,0.5013780964342318,0.02858633024725099,0.9052784663316029
A_320_40_lr014_eps020,0,7,0.5547105209632016,0.5320817829259264,0.022628738037275165,0.8864435443735401
A_320_40_lr014_eps020,0,8,0.5798298770470559,0.5598764633042456,0.019953413742810344,0.9633732540576908
A_320_40_lr014_eps020,0,9,0.6054346471837333,0.5799002911555092,0.02553435602822407,0.8884253933457814
A_320_40_lr014_eps020,0,10,0.6149585744153417,0.5974046780959029,0.017553896319438822,0.9683762421168016
A_320_40_lr014_eps020,0,11,0.6228843431986909,0.615941723890104,0.0069426193085868615,0.7291665224337509
A_320_40_lr014_eps020,0,12,0.652772254934736,0.6271024848411905,0.02566977009354554,0.8538619090871378
A_320_40_lr014_eps020,0,13,0.6668380646224701,0.6353945208555187,0.031443543766951354,0.8664515098247106
A_320_40_lr014_eps020,0,14,0.6854069630276242,0.6579221106288741,0.027484852398750093,0.9695893746756813
A_320_40_lr014_eps020,0,15,0.6960491821920751,0.6736939372748793,0.02235524491719587,0.9879506838962565
A_320_40_lr014_eps020,0,16,0.7108378155939579,0.6874028245945812,0.023434990999376626,0.9458467211967877
A_320_40_lr014_eps020,0,17,0.7189303700340635,0.6960860490187247,0.02284432101533873,0.9377843492845112
A_320_40_lr014_eps020,0,18,0.7217114965261567,0.7072514729878492,0.014460023538307554,0.9196255382264541
A_320_40_lr014_eps020,0,19,0.7296284368988973,0.7182735874791268,0.011354849419770496,0.9369984976452751
A_320_40_lr014_eps020,0,20,0.7434072354006145,0.7260182679451784,0.017388967455436055,0.8611147749897154
A_320_40_lr014_eps020,0,21,0.7476455018329518,0.7317975451284773,0.015847956704474475,0.9265745307966818
A_320_40_lr014_eps020,0,22,0.7607394077131541,0.7416109973172499,0.019128410395904183,0.9443773403343879
A_320_40_lr014_eps020,0,23,0.7614164136994229,0.74527796141235,0.01613845228707289,0.9602972356133416
A_320_40_lr014_eps020,0,24,0.7727286022686722,0.7542023415621679,0.018526260706504316,0.9635768715917058
A_320_40_lr014_eps020,0,25,0.7801174089165245,0.763445842601777,0.016671566314747532,0.9389370306357719
A_320_40_lr014_eps020,1,0,0.26409195184164375,0.26409195184164375,0.0,1.0
A_320_40_lr014_eps020,1,1,0.31270585617277097,0.30233271447419585,0.010373141698575117,0.8794372109947912
A_320_40_lr014_eps020,1,2,0.36975735525462,0.3443387752155574,0.02541858003906261,0.9154071896204036
A_320_40_lr014_eps020,1,3,0.4178183870818561,0.38545276062957884,0.03236562645227725,0.9166319965988056
A_320_40_lr014_eps020,1,4,0.4673037483543961,0.42804683043071035,0.03925691792368574,0.9423304141786757
A_320_40_lr014_eps020,1,5,0.507387521953744,0.4700293936177242,0.037358128336019814,0.955447220234398
A_320_40_lr014_eps020,1,6,0.5391881085364784,0.5050222655731749,0.034165842963303494,0.9249374872702565
A_320_40_lr014_eps020,1,7,0.5661190099628345,0.5378111595585061,0.028307850404328372,0.9143479295138842
A_320_40_lr014_eps020,1,8,0.5971716389523489,0.5633367951253448,0.03383484382700408,0.9002823660044393
A_320_40_lr014_eps020,1,9,0.6203010091322418,0.5870122685672444,0.03328874056499742,0.9470977542610773
A_320_40_lr014_eps020,1,10,0.6375109782326679,0.6097566019418091,0.02775437629085875,0.9662317002649422
A_320_40_lr014_eps020,1,11,0.6599557085716063,0.6256027540361131,0.03435295453549325,0.9151916116314183
A_320_40_lr014_eps020,1,12,0.6640985593165104,0.6450369626694401,0.0190615966470703,0.8791056492401887
A_320_40_lr014_eps020,1,13,0.6876926092083875,0.660885975948348,0.026806633260039514,0.8747556268638811
A_320_40_lr014_eps020,1,14,0.6990642470140721,0.6728180065528083,0.02624624046126378,0.9689145027593781
A_320_40_lr014_eps020,1,15,0.7084454172682527,0.682199866512962,0.02624555075529067,0.9218815739131979
A_320_40_lr014_eps020,1,16,0.7226176992647595,0.6902079613998129,0.03240973786494661,0.9196552245803932
A_320_40_lr014_eps020,1,17,0.735247116569723,0.7029473200435619,0.032299796526161106,0.9358866918745357
A_320_40_lr014_eps020,1,18,0.7442478139340581,0.7150851471400235,0.029162666794034675,0.957314304953809
A_320_40_lr014_eps020,1,19,0.731216692854292,0.7284451761174179,0.0027715167368741467,0.8343756493055328
A_320_40_lr014_eps020,1,20,0.7601294683529796,0.7334080306167342,0.026721437736245357,0.8720420575003096
A_320_40_lr014_eps020,1,21,0.7661475943146051,0.743121442395695,0.02302615191891011,0.9456129955416946
A_320_40_lr014_eps020,1,22,0.7734542908608554,0.7480014702540482,0.025452820606807203,0.9747960076841475
A_320_40_lr014_eps020,1,23,0.7759072321880996,0.752897932107047,0.02300930008105262,0.9613898562437243
A_320_40_lr014_eps020,1,24,0.7639828088716487,0.7589140526749044,0.005068756196744295,0.9226329146420351
A_320_40_lr014_eps020,1,25,0.7895560177315625,0.7673932104029116,0.022162807328650835,0.8981807444237114
A_320_40_lr014_eps020,2,0,0.26409195184164375,0.26409195184164375,0.0,1.0
A_320_40_lr014_eps020,2,1,0.3114869412229859,0.2943773235097608,0.01710961771322511,0.8170099523882243
A_320_40_lr014_eps020,2,2,0.362894067327172,0.3341334258856055,0.02876064144156648,0.9240643416426145
A_320_40_lr014_eps020,2,3,0.4190079782322326,0.3782823565396475,0.040725621692585146,0.7761702741385351
A_320_40_lr014_eps020,2,4,0.4665842802325591,0.42169609117468615,0.04488818905787295,0.923674240603409
A_320_40_lr014_eps020,2,5,0.4898198441963353,0.46241452297976576,0.027405321216569523,0.9267092618158722
A_320_40_lr014_eps020,2,6,0.525484406304421,0.49242865396416796,0.033055752340252986,0.8762965272949633
A_320_40_lr014_eps020,2,7,0.5478309426818615,0.5247340359976271,0.023096906684234364,0.8567476936564915
A_320_40_lr014_eps020,2,8,0.5662790476610737,0.5533559665795874,0.01292308108148632,0.9766684556002141
A_320_40_lr014_eps020,2,9,0.5887783192890635,0.5797333797320291,0.009044939557034448,0.847312656837278
A_320_40_lr014_eps020,2,10,0.6140419266503455,0.6033496983171162,0.010692228333229359,0.94525755518795
A_320_40_lr014_eps020,2,11,0.6242146874181514,0.6233564939885563,0.0008581934295951443,0.948829443819492
A_320_40_lr014_eps020,2,12,0.6315285284022365,0.6379587280111585,-0.006430199608921994,0.8826449688653741
A_320_40_lr014_eps020,2,13,0.6409920741791971,0.6516740798304823,-0.010682005651285187,0.9817250749939697
A_320_40_lr014_eps020,2,14,0.6508829857636965,0.6677924818749713,-0.01690949611127479,0.9205430294446226
A_320_40_lr014_eps020,2,15,0.6590290644769161,0.675364677093064,-0.01633561261614791,0.9502859934763741
A_320_40_lr014_eps020,2,16,0.6673060778856781,0.6910177338465688,-0.023711655960890754,0.9028648405454629
A_320_40_lr014_eps020,2,17,0.679247295286648,0.7045402846131437,-0.025292989326495707,0.9471787098750087
A_320_40_lr014_eps020,2,18,0.6933052108048126,0.7138601054002734,-0.020554894595460893,0.936364988169233
A_320_40_lr014_eps020,2,19,0.6953851436577185,0.7199483665883661,-0.02456322293064761,0.9563210452689453
A_320_40_lr014_eps020,2,20,0.7094865853777379,0.7246056688299942,-0.015119083452256321,0.9574772678850453
A_320_40_lr014_eps020,2,21,0.7106457495235222,0.731066635474945,-0.020420885951422774,0.9673208695941075
A_320_40_lr014_eps020,2,22,0.7224876845098056,0.7379736058670384,-0.015485921357232812,0.9502607326514605
A_320_40_lr014_eps020,2,23,0.7301507785070405,0.7464483963061125,-0.016297617799072017,0.923438374072456
A_320_40_lr014_eps020,2,24,0.7313714618308474,0.7511434528714731,-0.019771991040625658,0.9674570168037324
A_320_40_lr014_eps020,2,25,0.7383605953345486,0.7529520443163793,-0.014591448981830735,0.9490987244980329
A_320_40_lr014_eps020,3,0,0.26409195184164375,0.26409195184164375,0.0,1.0
A_320_40_lr014_eps020,3,1,0.3112869617187484,0.30061831768059566,0.010668644038152764,0.8245896155163194
A_320_40_lr014_eps020,3,2,0.3650521464770228,0.3391197678152461,0.025932378661776667,0.8029910625390639
A_320_40_lr014_eps020,3,3,0.39686270146952635,0.3786255107531387,0.01823719071638763,0.6629940195215358
A_320_40_lr014_eps020,3,4,0.44588773619601435,0.4154538685485384,0.030433867647475965,0.8683613373781869
A_320_40_lr014_eps020,3,5,0.48171956018366247,0.44997897567942796,0.031740584504234504,0.8788467898347988
A_320_40_lr014_eps020,3,6,0.5202922114380123,0.48194676425166505,0.03834544718634725,0.9126248903234809
A_320_40_lr014_eps020,3,7,0.5483377865836602,0.51349180346414,0.03484598311952014,0.9727806067184446
A_320_40_lr014_eps020,3,8,0.5678587866814627,0.5461573179053096,0.021701468776153088,0.9330395400910452
A_320_40_lr014_eps020,3,9,0.5859162835433567,0.5754741044717071,0.010442179071649571,0.9750423375084282
A_320_40_lr014_eps020,3,10,0.6021871536827824,0.599346983710716,0.0028401699720663753,0.9079598205699353
A_320_40_lr014_eps020,3,11,0.6154647933333725,0.6146528887755872,0.0008119045577852368,0.9674293420357384
A_320_40_lr014_eps020,3,12,0.6262931211701035,0.6355017475878113,-0.00920862641770781,0.9416743387655278
A_320_40_lr014_eps020,3,13,0.6290089206445094,0.652344539001583,-0.02333561835707354,0.9677519629308035
A_320_40_lr014_eps020,3,14,0.6463567058879246,0.6704849833087051,-0.024128277420780497,0.9549768174176032
A_320_40_lr014_eps020,3,15,0.6546265514031807,0.684664458434371,-0.030037907031190247,0.9713864847265617
A_320_40_lr014_eps020,3,16,0.656119677511868,0.6957147085527983,-0.03959503104093032,0.9391165846873304
A_320_40_lr014_eps020,3,17,0.6570100415732383,0.7041622867177748,-0.04715224514453653,0.9579578027855684
A_320_40_lr014_eps020,3,18,0.6675709181905602,0.7094512098771298,-0.04188029168656959,0.96505711222857
A_320_40_lr014_eps020,3,19,0.6766316602804273,0.7262924653251364,-0.049660805044709044,0.955434865637529
A_320_40_lr014_eps020,3,20,0.6786700032978101,0.7333745160853455,-0.05470451278753541,0.8986102257176349
A_320_40_lr014_eps020,3,21,0.6890832416683799,0.7437660014876094,-0.05468275981922954,0.6967730174898464
A_320_40_lr014_eps020,3,22,0.7076422518598853,0.7486095226555756,-0.04096727079569029,0.9535667227937281
A_320_40_lr014_eps020,3,23,0.7177052826347116,0.757927893813735,-0.04022261117902348,0.9618874947392537
A_320_40_lr014_eps020,3,24,0.7223114469378752,0.7631996195034916,-0.04088817256561639,0.9901795105469462
A_320_40_lr014_eps020,3,25,0.7222840625329136,0.7657373613348879,-0.04345329880197435,0.9543307065854968
A_320_40_lr014_eps020,4,0,0.26409195184164375,0.26409195184164375,0.0,1.0
A_320_40_lr014_eps020,4,1,0.3119132731189757,0.30311809858256017,0.00879517453641554,0.9165217649518543
A_320_40_lr014_eps020,4,2,0.35038189188893926,0.33830486539622034,0.012077026492718912,0.7972885060808605
A_320_40_lr014_eps020,4,3,0.3975735443793577,0.3760203442880587,0.02155320009129902,0.7274256021739037
A_320_40_lr014_eps020,4,4,0.45276542423740396,0.42289997331088514,0.02986545092651882,0.8829588888967363
A_320_40_lr014_eps020,4,5,0.4792925034704018,0.45403201209313165,0.025260491377270156,0.8014922266042709
A_320_40_lr014_eps020,4,6,0.5227232652585381,0.4883179927160184,0.03440527254251968,0.939556675584074
A_320_40_lr014_eps020,4,7,0.5528643051049125,0.521643200818652,0.03122110428626046,0.8878417953487618
A_320_40_lr014_eps020,4,8,0.5726483492755097,0.5462875383667043,0.026360810908805377,0.900238783960532
A_320_40_lr014_eps020,4,9,0.6005977163453085,0.5689667130235037,0.031631003321804796,0.9430416054149191
A_320_40_lr014_eps020,4,10,0.6110337156593025,0.593659987760604,0.01737372789869851,0.9443605256156485
A_320_40_lr014_eps020,4,11,0.6342242709277296,0.6087037451243384,0.025520525803391148,0.9123241310740571
A_320_40_lr014_eps020,4,12,0.6587083758025316,0.6238842809509282,0.03482409485160343,0.938522054728117
A_320_40_lr014_eps020,4,13,0.6749030505393485,0.6433374986875217,0.031565551851826856,0.9498372906563284
A_320_40_lr014_eps020,4,14,0.6835084494748124,0.6578235664300301,0.025684883044782225,0.9671649643933626
A_320_40_lr014_eps020,4,15,0.6999895501716975,0.6681146111986227,0.03187493897307481,0.9410155508515923
A_320_40_lr014_eps020,4,16,0.7012438969874899,0.6815130866555585,0.01973081033193136,0.9451035398183036
A_320_40_lr014_eps020,4,17,0.7180406166605734,0.6978789147721535,0.020161701888419925,0.9427319667106039
A_320_40_lr014_eps020,4,18,0.7162911109818161,0.7019161001334647,0.014375010848351355,0.9608146644712932
A_320_40_lr014_eps020,4,19,0.7428287917706493,0.7154810039881827,0.027347787782466604,0.8980747845686443
A_320_40_lr014_eps020,4,20,0.7417398386877821,0.7273217335842365,0.014418105103545686,0.8573879679099141
A_320_40_lr014_eps020,4,21,0.7582819497548456,0.7340398399430623,0.02424210981178332,0.9345468164535474
A_320_40_lr014_eps020,4,22,0.7674398134776057,0.7421915332296534,0.025248280247952337,0.9812688102516959
A_320_40_lr014_eps020,4,23,0.7733101894538884,0.750669714347238,0.02264047510665046,0.9684962828069568
A_320_40_lr014_eps020,4,24,0.7753283994612293,0.7578945273911588,0.017433872070070522,0.928875300947069
A_320_40_lr014_eps020,4,25,0.7866433316568083,0.7631137809310129,0.023529550725795434,0.9315921187250764
A_320_40_lr014_eps020,5,0,0.26409195184164375,0.26409195184164375,0.0,1.0
A_320_40_lr014_eps020,5,1,0.31479294818942716,0.3022450866266993,0.012547861562727858,0.9076839040286306
A_320_40_lr014_eps020,5,2,0.3577980013083924,0.3407910471407313,0.017006954167661126,0.9364461292641159
A_320_40_lr014_eps020,5,3,0.39835276239890177,0.38173433981260585,0.016618422586295922,0.8981107312285729
A_320_40_lr014_eps020,5,4,0.4362012946250169,0.4177952684629511,0.01840602616206577,0.818568185057206
A_320_40_lr014_eps020,5,5,0.4722113376270711,0.46082951964591057,0.011381817981160558,0.8040097810133248
A_320_40_lr014_eps020,5,6,0.5068222037843745,0.4956798157259401,0.011142388058434372,0.946429552804645
A_320_40_lr014_eps020,5,7,0.5220732249722103,0.5269394302909495,-0.0048662053187391585,0.8760183498399929
A_320_40_lr014_eps020,5,8,0.552357128719445,0.5524983557626911,-0.00014122704324615043,0.8712498282899808
A_320_40_lr014_eps020,5,9,0.5778769449170749,0.57849167797537,-0.0006147330582951804,0.9563252716917209
A_320_40_lr014_eps020,5,10,0.5952706576331264,0.6012199546300192,-0.005949296996892839,0.9371537422278945
A_320_40_lr014_eps020,5,11,0.6131832267286265,0.6215642659818699,-0.008381039253243405,0.8951234282651643
A_320_40_lr014_eps020,5,12,0.6295706611035393,0.6307313949884465,-0.001160733884907228,0.9236561955922447
A_320_40_lr014_eps020,5,13,0.648414285043594,0.6508218445382651,-0.0024075594946710854,0.7943215663012667
A_320_40_lr014_eps020,5,14,0.6602911576585988,0.6649109422941545,-0.004619784635555679,0.8470038948978672
A_320_40_lr014_eps020,5,15,0.6795625647602188,0.6796161846692172,-5.361990899843683e-05,0.9583350452486638
A_320_40_lr014_eps020,5,16,0.6962021684605435,0.6931404382056957,0.0030617302548477943,0.9652145483310484
A_320_40_lr014_eps020,5,17,0.7042125139888324,0.7026529500513757,0.0015595639374567094,0.9204175969486876
A_320_40_lr014_eps020,5,18,0.7164857567112848,0.7114034471258489,0.0050823095854358735,0.9506512172474432
A_320_40_lr014_eps020,5,19,0.7261316021559817,0.7195605468124564,0.006571055343525312,0.9604331249380524
A_320_40_lr014_eps020,5,20,0.7304784873010155,0.729347944266249,0.0011305430347664513,0.9701129858219784
A_320_40_lr014_eps020,5,21,0.7401635713293798,0.7360725829353314,0.004090988394048423,0.932412922306838
A_320_40_lr014_eps020,5,22,0.7506281347852645,0.7430108203757232,0.007617314409541276,0.9179149745286476
A_320_40_lr014_eps020,5,23,0.7565131458015568,0.7484599184735419,0.008053227328014945,0.951973793669884
A_320_40_lr014_eps020,5,24,0.7662563767681271,0.7566278033838387,0.009628573384288353,0.9207429961592286
A_320_40_lr014_eps020,5,25,0.7727153853760612,0.7621111771354306,0.010604208240630575,0.9582462511988331
A_320_40_lr014_eps020,6,0,0.26409195184164375,0.26409195184164375,0.0,1.0
A_320_40_lr014_eps020,6,1,0.32087370533515863,0.3082248623171625,0.012648843017996125,0.9074635032769917
A_320_40_lr014_eps020,6,2,0.37876501584048655,0.3481994977322197,0.030565518108266854,0.8748724451244223
A_320_40_lr014_eps020,6,3,0.42094225424191734,0.39321093472008606,0.027731319521831277,0.9196915072603472
A_320_40_lr014_eps020,6,4,0.4629493830407252,0.43214394474972156,0.03080543829100363,0.8721847115471006
A_320_40_lr014_eps020,6,5,0.49762059068780945,0.4680160590751559,0.02960453161265353,0.8659489796061244
A_320_40_lr014_eps020,6,6,0.5342347135140881,0.4995048566490131,0.034729856865075015,0.839315498029816
A_320_40_lr014_eps020,6,7,0.5608396986560596,0.5263028555499834,0.0345368431060763,0.8931338201108181
A_320_40_lr014_eps020,6,8,0.5864277067685983,0.554333613502317,0.03209409326628132,0.9408451226673613
A_320_40_lr014_eps020,6,9,0.6050487925108505,0.5742260141823389,0.030822778328511657,0.9044898048191036
A_320_40_lr014_eps020,6,10,0.6315036543240693,0.6003006798476086,0.0312029744764607,0.9066535907407223
A_320_40_lr014_eps020,6,11,0.6389456451243265,0.6192890887762528,0.019656556348073728,0.9067410751442998
A_320_40_lr014_eps020,6,12,0.6555660874182982,0.6318127316483222,0.02375335576997606,0.9386172656835117
A_320_40_lr014_eps020,6,13,0.6691266406110874,0.6510371937440921,0.018089446866995318,0.931306472264836
A_320_40_lr014_eps020,6,14,0.6813364946576846,0.6651033118745002,0.01623318278318442,0.9343626818128962
A_320_40_lr014_eps020,6,15,0.6985627437445671,0.6818283765119061,0.016734367232660974,0.9290220548997622
A_320_40_lr014_eps020,6,16,0.7109701511341443,0.6940843593649464,0.01688579176919791,0.9783393447881877
A_320_40_lr014_eps020,6,17,0.7211736438145622,0.7053763239848646,0.015797319829697565,0.9657619515132562
A_320_40_lr014_eps020,6,18,0.7225161155294821,0.7153467550172082,0.0071693605122739035,0.9211310756374744
A_320_40_lr014_eps020,6,19,0.7352862158764629,0.7222449298195369,0.013041286056926005,0.9195870543363727
A_320_40_lr014_eps020,6,20,0.7475744469069878,0.7320922946610786,0.015482152245909209,0.9813476768134602
A_320_40_lr014_eps020,6,21,0.7506824042926011,0.7434363353878218,0.0072460689047793014,0.9339203572409741
A_320_40_lr014_eps020,6,22,0.7628493342829411,0.7488730707973789,0.013976263485562246,0.9522572282865401
A_320_40_lr014_eps020,6,23,0.7713579599743718,0.7577515651916877,0.013606394782684106,0.9540850274170523
A_320_40_lr014_eps020,6,24,0.7785393374588754,0.7656471510458644,0.012892186413010931,0.9384969203147189
A_320_40_lr014_eps020,6,25,0.7760835162561669,0.7710440476753759,0.005039468580790962,0.8913393011843943
A_320_40_lr014_eps020,7,0,0.26409195184164375,0.26409195184164375,0.0,1.0
A_320_40_lr014_eps020,7,1,0.30270094624786575,0.29913762348131484,0.0035633227665509137,0.7500659199138049
A_320_40_lr014_eps020,7,2,0.36202994614495027,0.3401229388501015,0.02190700729484879,0.8233446560283271
A_320_40_lr014_eps020,7,3,0.4071654511518218,0.38127006832933746,0.025895382822484325,0.9014119722702477
A_320_40_lr014_eps020,7,4,0.443890133961559,0.41805520005499175,0.02583493390656727,0.9462835067798804
A_320_40_lr014_eps020,7,5,0.48068676508165575,0.4584962871511467,0.022190477930509045,0.8872876145686489
A_320_40_lr014_eps020,7,6,0.5111133043600166,0.49558828358071916,0.015525020779297405,0.8706637147754888
A_320_40_lr014_eps020,7,7,0.543037238693438,0.5189738240191485,0.02406341467428952,0.8730897173919699
A_320_40_lr014_eps020,7,8,0.5633229233129676,0.5486239112614095,0.014699012051558102,0.9338187719607676
A_320_40_lr014_eps020,7,9,0.5793756102464438,0.5758578649290429,0.0035177453174009,0.8481667067100878
A_320_40_lr014_eps020,7,10,0.6108424494919527,0.5949064139593337,0.01593603553261891,0.8890430516028778
A_320_40_lr014_eps020,7,11,0.6199539726703364,0.6166449806857565,0.003308991984579901,0.9350411317239569
A_320_40_lr014_eps020,7,12,0.6408918526601329,0.6368591268760063,0.004032725784126612,0.9622304990337522
A_320_40_lr014_eps020,7,13,0.652531617263699,0.6542510241134738,-0.001719406849774785,0.9418549377148707
A_320_40_lr014_eps020,7,14,0.6550857381310041,0.6676383792202041,-0.012552641089199956,0.8837108716813057
A_320_40_lr014_eps020,7,15,0.675893028795436,0.6813572177446782,-0.005464188949242166,0.8803123192504916
A_320_40_lr014_eps020,7,16,0.6886021795526667,0.6884361453259741,0.00016603422669259071,0.9888447389989791
A_320_40_lr014_eps020,7,17,0.6987160561137657,0.7003126740140514,-0.0015966179002856462,0.9543147743534003
A_320_40_lr014_eps020,7,18,0.7066972649661989,0.7160474208923694,-0.0093501559261705,0.9368861666441847
A_320_40_lr014_eps020,7,19,0.7112971205425959,0.7231108246068515,-0.011813704064255637,0.9221183052952713
A_320_40_lr014_eps020,7,20,0.7219299837992675,0.7333680759170417,-0.011438092117774135,0.912662965391579
A_320_40_lr014_eps020,7,21,0.7313337419257209,0.74281732921499,-0.011483587289269126,0.9587993003024357
A_320_40_lr014_eps020,7,22,0.7441736238246238,0.7494827050232891,-0.005309081198665244,0.6922892765406332
A_320_40_lr014_eps020,7,23,0.7442402479392092,0.7535247701116121,-0.009284522172402943,0.9521644875344059
A_320_40_lr014_eps020,7,24,0.755370350447503,0.760712139052615,-0.00534178860511203,0.905478899367903
A_320_40_lr014_eps020,7,25,0.7624800652765008,0.765846138259666,-0.003366072983165158,0.8708786207244201
A_320_40_lr014_eps020,8,0,0.26409195184164375,0.26409195184164375,0.0,1.0
A_320_40_lr014_eps020,8,1,0.32113432067450165,0.3073520446928553,0.01378227598164633,0.8217794818900866
A_320_40_lr014_eps020,8,2,0.3713905817497764,0.34766856746150077,0.02372201428827564,0.7984905791523665
A_320_40_lr014_eps020,8,3,0.42310481357644003,0.3917741083410194,0.03133070523542064,0.8721539076415471
A_320_40_lr014_eps020,8,4,0.460680371013746,0.43114926849098084,0.02953110252276514,0.8739322010991447
A_320_40_lr014_eps020,8,5,0.5016989542019862,0.467231410712563,0.03446754348942316,0.8810764432100107
A_320_40_lr014_eps020,8,6,0.5267311465432231,0.49535317569415144,0.031377970849071624,0.9527337771184444
A_320_40_lr014_eps020,8,7,0.5550984348900133,0.5255857900056649,0.02951264488434846,0.8647093051938999
A_320_40_lr014_eps020,8,8,0.5866801702824676,0.5553060787364444,0.03137409154602311,0.7497883618944651
A_320_40_lr014_eps020,8,9,0.6104359543234211,0.5779540086532634,0.03248194567015772,0.9356651676532415
A_320_40_lr014_eps020,8,10,0.6193653071639416,0.5980504518083442,0.021314855355597406,0.924769640964411
A_320_40_lr014_eps020,8,11,0.6359691863010238,0.6214295323048844,0.014539653996139434,0.9476389107133867
A_320_40_lr014_eps020,8,12,0.6433350380525668,0.6398034683283993,0.0035315697241674604,0.8964776828768399
A_320_40_lr014_eps020,8,13,0.6636067366782058,0.6522245825127978,0.011382154165407998,0.9631993762794191
A_320_40_lr014_eps020,8,14,0.6755057108641821,0.6646703360263164,0.010835374837865674,0.9330357866128905
A_320_40_lr014_eps020,8,15,0.6870299349944979,0.6781081877489402,0.00892174724555772,0.9008908256172323
A_320_40_lr014_eps020,8,16,0.6927674327922992,0.6942128267327564,-0.0014453939404571736,0.966202613494557
A_320_40_lr014_eps020,8,17,0.7082868816642506,0.7049690045109582,0.003317877153292348,0.9685017571177126
A_320_40_lr014_eps020,8,18,0.7140057170528693,0.7130624916815599,0.0009432253713094196,0.9773634968389244
A_320_40_lr014_eps020,8,19,0.7164743615509295,0.7208557110972086,-0.004381349546279112,0.9573430681136174
A_320_40_lr014_eps020,8,20,0.7305462222334003,0.7309407911944316,-0.00039456896103129413,0.9289458083484822
A_320_40_lr014_eps020,8,21,0.7376083148656425,0.7396896641526186,-0.0020813492869761197,0.9640598071438293
A_320_40_lr014_eps020,8,22,0.755766650328085,0.7480365826770548,0.007730067651030237,0.968452670512578
A_320_40_lr014_eps020,8,23,0.758515369424376,0.7550602680243025,0.003455101400073546,0.928179056530012
A_320_40_lr014_eps020,8,24,0.7639636859345669,0.7588959429167873,0.005067743017779569,0.9722486701319405
A_320_40_lr014_eps020,8,25,0.7705810488935807,0.7656631816086718,0.00491786728490895,0.9439511944941119
A_320_40_lr014_eps020,9,0,0.26409195184164375,0.26409195184164375,0.0,1.0
A_320_40_lr014_eps020,9,1,0.3119415609878476,0.29921966085381313,0.012721900134034458,0.909683161301871
A_320_40_lr014_eps020,9,2,0.3576452636464282,0.33921877634075404,0.018426487305674144,0.8010494776156207
A_320_40_lr014_eps020,9,3,0.4119953307614455,0.3834364199298516,0.028558910831593898,0.8805070629975832
A_320_40_lr014_eps020,9,4,0.44549384813364806,0.4234368182313116,0.02205702990233649,0.8798137050494418
A_320_40_lr014_eps020,9,5,0.4854297211958723,0.457536975601067,0.027892745594805313,0.904234677281348
A_320_40_lr014_eps020,9,6,0.5097954443962679,0.49093853852308666,0.01885690587318123,0.8576731287118393
A_320_40_lr014_eps020,9,7,0.5474523125020717,0.5227955404335087,0.024656772068562982,0.8653115974552147
A_320_40_lr014_eps020,9,8,0.5648738334829128,0.5514813883347868,0.013392445148125987,0.8089825608986176
A_320_40_lr014_eps020,9,9,0.5947299855095467,0.5756106450176123,0.019119340491934422,0.8645427708887884
A_320_40_lr014_eps020,9,10,0.6218217396424567,0.6003483254578682,0.02147341418458848,0.9634004355749205
A_320_40_lr014_eps020,9,11,0.6345500175758969,0.6175965310151136,0.016953486560783326,0.8779316740214177
A_320_40_lr014_eps020,9,12,0.6508074176699007,0.637963482946552,0.01284393472334866,0.9218749610488945
A_320_40_lr014_eps020,9,13,0.662411887884635,0.6527980465511208,0.009613841333514173,0.887826358095337
A_320_40_lr014_eps020,9,14,0.6805502116535155,0.667111804830081,0.013438406823434446,0.9359833445934347
A_320_40_lr014_eps020,9,15,0.6967608354541929,0.6766217861198777,0.020139049334315207,0.9527989437404281
A_320_40_lr014_eps020,9,16,0.7115448918392416,0.6951787391212965,0.01636615271794517,0.9882205649151656
A_320_40_lr014_eps020,9,17,0.7203115506581514,0.7084606108787167,0.011850939779434744,0.9282219949879132
A_320_40_lr014_eps020,9,18,0.7319134860100467,0.7197354286997755,0.012178057310271218,0.9754513576327506
A_320_40_lr014_eps020,9,19,0.7390599529559856,0.7286708233477368,0.010389129608248782,0.9390728088307008
A_320_40_lr014_eps020,9,20,0.7464210256709446,0.736863032304837,0.009557993366107631,0.9396209438777499
A_320_40_lr014_eps020,9,21,0.7573454355562288,0.7439115074807183,0.01343392807551047,0.9750919370929487
A_320_40_lr014_eps020,9,22,0.7603977987394931,0.7487868967794418,0.011610901960051323,0.91750799389453
A_320_40_lr014_eps020,9,23,0.7586212746314125,0.75619688747736,0.0024243871540524653,0.9347760751752768
A_320_40_lr014_eps020,9,24,0.7705202776758636,0.7557580195727761,0.014762258103087511,0.9686944574992404
A_320_40_lr014_eps020,9,25,0.7769524411901638,0.7663131815413271,0.010639259648836719,0.9806083962010157
A_320_40_lr014_eps020,10,0,0.26409195184164375,0.26409195184164375,0.0,1.0
A_320_40_lr014_eps020,10,1,0.31904881085413334,0.2990135145873439,0.02003529626678946,0.8341424575724422
A_320_40_lr014_eps020,10,2,0.3590432853062863,0.33851255698095933,0.020530728325326986,0.9094344134761159
A_320_40_lr014_eps020,10,3,0.3987400247172166,0.37991070634363716,0.01882931837357943,0.9534604814107148
A_320_40_lr014_eps020,10,4,0.44022381414770706,0.41905950633702016,0.0211643078106869,0.8819129550083487
A_320_40_lr014_eps020,10,5,0.48654439011323297,0.45872592974627896,0.027818460366954012,0.8718673759750699
A_320_40_lr014_eps020,10,6,0.5214198292724513,0.49548333533876926,0.02593649393368208,0.961811099636039
A_320_40_lr014_eps020,10,7,0.5578349143650928,0.5322000302940104,0.025634884071082387,0.9353346323258843
A_320_40_lr014_eps020,10,8,0.5801688359716076,0.561421387585347,0.018747448386260634,0.9710963961619561
A_320_40_lr014_eps020,10,9,0.6026705795920972,0.5859270598232914,0.016743519768805837,0.952094429808707
A_320_40_lr014_eps020,10,10,0.6275299124592956,0.6076809564942574,0.019848955965038217,0.9583735604085883
A_320_40_lr014_eps020,10,11,0.6395183379371182,0.6243123445710483,0.01520599336606987,0.9636576942777609
A_320_40_lr014_eps020,10,12,0.6483482812834667,0.6404424323754471,0.007905848908019597,0.8883898883746043
A_320_40_lr014_eps020,10,13,0.6662209413999161,0.65439968627535,0.01182125512456611,0.97208708645817
A_320_40_lr014_eps020,10,14,0.6712980807200278,0.6684915120686031,0.0028065686514247012,0.9318358494474667
A_320_40_lr014_eps020,10,15,0.6856972717979748,0.680324344319303,0.005372927478671796,0.9072893654204284
A_320_40_lr014_eps020,10,16,0.700122985301218,0.6939699782061414,0.006153007095076601,0.8832996597464304
A_320_40_lr014_eps020,10,17,0.7195951382775041,0.703682993279752,0.015912144997752065,0.9662653088881409
A_320_40_lr014_eps020,10,18,0.7303345863008364,0.7150804292485662,0.015254157052270179,0.9248870914335128
A_320_40_lr014_eps020,10,19,0.7408813137059495,0.7242026315324319,0.016678682173517534,0.9726519128234211
A_320_40_lr014_eps020,10,20,0.7403386977911904,0.7335548561654688,0.006783841625721654,0.9172552052895163
A_320_40_lr014_eps020,10,21,0.7520436230054641,0.7448482142397755,0.007195408765688582,0.9495424092181182
A_320_40_lr014_eps020,10,22,0.7594361021248698,0.7513363761521533,0.008099725972716465,0.9370196004767475
A_320_40_lr014_eps020,10,23,0.7720368503086773,0.7578292267745905,0.014207623534086777,0.9244081800343973
A_320_40_lr014_eps020,10,24,0.7731586304701715,0.7618568932534473,0.011301737216724228,0.9317272630546984
A_320_40_lr014_eps020,10,25,0.7814166645129542,0.7702903755634593,0.011126288949494967,0.9162841688819584
A_320_40_lr014_eps020,11,0,0.26409195184164375,0.26409195184164375,0.0,1.0
A_320_40_lr014_eps020,11,1,0.3169596105617377,0.300373874473302,0.01658573608843572,0.8820255223521354
A_320_40_lr014_eps020,11,2,0.3680095454334037,0.3393668120273503,0.02864273340605339,0.9181673602771027
A_320_40_lr014_eps020,11,3,0.4188099336483003,0.3863987272618659,0.03241120638643441,0.9042263873246551
A_320_40_lr014_eps020,11,4,0.46634487981854417,0.42712128516113274,0.03922359465741143,0.930798581440708
A_320_40_lr014_eps020,11,5,0.4976087445235931,0.468390247809227,0.029218496714366105,0.9310317667931363
A_320_40_lr014_eps020,11,6,0.5279300880754854,0.5045891988254173,0.023340889250068053,0.8822322525155776
A_320_40_lr014_eps020,11,7,0.5506385320294677,0.5330081965326089,0.017630335496858773,0.9314668945123266
A_320_40_lr014_eps020,11,8,0.5781759024937636,0.5604178374252273,0.017758065068536277,0.919339612025395
A_320_40_lr014_eps020,11,9,0.6062493668683265,0.5803160155115249,0.025933351356801637,0.9531292784019862
A_320_40_lr014_eps020,11,10,0.6232695160667315,0.59768882666701,0.02558068939972158,0.9826616471421384
A_320_40_lr014_eps020,11,11,0.6364177806283187,0.6095345420337196,0.026883238594599068,0.9399215616888323
A_320_40_lr014_eps020,11,12,0.6511046489362162,0.6265939378025763,0.024510711133639895,0.9370342698252194
A_320_40_lr014_eps020,11,13,0.6615871098145915,0.64186598568418,0.019721124130411494,0.9056570827796717
A_320_40_lr014_eps020,11,14,0.6774301203269978,0.6544120999345944,0.023018020392403415,0.9355524189784694
A_320_40_lr014_eps020,11,15,0.686453451532113,0.664722038813772,0.021731412718341003,0.8852915731448336
A_320_40_lr014_eps020,11,16,0.703366180198091,0.6766912444289255,0.026674935769165575,0.887458539683995
A_320_40_lr014_eps020,11,17,0.7113188233273069,0.6845191097296154,0.02679971359769151,0.9385302190246119
A_320_40_lr014_eps020,11,18,0.7179665466775773,0.6930695082161237,0.024897038461453636,0.951963633093372
A_320_40_lr014_eps020,11,19,0.7239906308662831,0.6986877308937189,0.025302899972564186,0.9022598055151143
A_320_40_lr014_eps020,11,20,0.7316592940276643,0.7017075395023324,0.02995175452533183,0.9614157720350185
A_320_40_lr014_eps020,11,21,0.7455484633845366,0.7068417927238184,0.0387066706607182,0.9863998008484975
A_320_40_lr014_eps020,11,22,0.7522660573914138,0.7139907856475557,0.03827527174385814,0.9658476840142468
A_320_40_lr014_eps020,11,23,0.7631317894840822,0.7260594102482429,0.03707237923583928,0.9547484160920894
A_320_40_lr014_eps020,11,24,0.762408244531848,0.7288987828535196,0.033509461678328356,0.9609015680735007
A_320_40_lr014_eps020,11,25,0.765647737404487,0.7342915883387321,0.0313561490657549,0.7942549956041787
A_320_40_lr014_eps020,12,0,0.26409195184164375,0.26409195184164375,0.0,1.0
A_320_40_lr014_eps020,12,1,0.311771145012135,0.3019974434058526,0.009773701606282381,0.8392975537449702
A_320_40_lr014_eps020,12,2,0.356602392774466,0.3389024750645445,0.017699917709921464,0.7104199911004639
A_320_40_lr014_eps020,12,3,0.4075418164488588,0.37576206357515296,0.031779752873705824,0.6989004280231093
A_320_40_lr014_eps020,12,4,0.4597480269163635,0.4203869780439362,0.03936104887242731,0.9034207966168154
A_320_40_lr014_eps020,12,5,0.49425831976499923,0.46141357051947773,0.0328447492455215,0.9528238958745936
A_320_40_lr014_eps020,12,6,0.5200299667526084,0.49786460751404427,0.02216535923856411,0.8111202266306528
A_320_40_lr014_eps020,12,7,0.5579527199168903,0.5265612742622071,0.031391445654683214,0.8855176731772106
A_320_40_lr014_eps020,12,8,0.5807407181837771,0.5565965425670518,0.024144175616725327,0.9430071370472951
A_320_40_lr014_eps020,12,9,0.5995199603942837,0.5773221740880683,0.022197786306215384,0.9101180170583995
A_320_40_lr014_eps020,12,10,0.6103010212878525,0.5954573587271165,0.014843662560735993,0.8682314566891132
A_320_40_lr014_eps020,12,11,0.6400016359489561,0.619630381029593,0.02037125491936309,0.7526116594025938
A_320_40_lr014_eps020,12,12,0.6584177417831053,0.639062361529052,0.019355380254053256,0.9820928317090128
A_320_40_lr014_eps020,12,13,0.6753267443111709,0.6505057248321443,0.024821019479026596,0.9524327066112769
A_320_40_lr014_eps020,12,14,0.6847871347290101,0.6625188216909186,0.022268313038091514,0.9666562412920252
A_320_40_lr014_eps020,12,15,0.6887255083093851,0.6719229748722021,0.016802533437182965,0.961451765671648
A_320_40_lr014_eps020,12,16,0.6979009073763787,0.6816712899969875,0.016229617379391215,0.9577258197593692
A_320_40_lr014_eps020,12,17,0.7098387951178996,0.6907777871655303,0.019061007952369313,0.9626073693430565
A_320_40_lr014_eps020,12,18,0.7130837377627659,0.7057112124360866,0.007372525326679313,0.9336309597769461
A_320_40_lr014_eps020,12,19,0.735820285861783,0.7132298872598551,0.022590398601927908,0.8868027348078275
A_320_40_lr014_eps020,12,20,0.7446023471853547,0.7240151398686026,0.02058720731675212,0.9809053730841486
A_320_40_lr014_eps020,12,21,0.7504761947876675,0.7319268066326534,0.018549388155014057,0.9309196493792481
A_320_40_lr014_eps020,12,22,0.7530682916466334,0.7415457245260995,0.0115225671205339,0.9140143601867556
A_320_40_lr014_eps020,12,23,0.769401617070149,0.7505315697566896,0.018870047313459426,0.9505006597361968
A_320_40_lr014_eps020,12,24,0.7727035794956406,0.7583602485814279,0.014343330914212693,0.9841229076506549
A_320_40_lr014_eps020,12,25,0.7790616656239497,0.7644786732195425,0.014582992404407191,0.9415364139215213
A_320_40_lr014_eps020,13,0,0.26409195184164375,0.26409195184164375,0.0,1.0
A_320_40_lr014_eps020,13,1,0.3099202117125851,0.29848020528715546,0.011440006425429639,0.9605227155306825
A_320_40_lr014_eps020,13,2,0.3578791276933004,0.33914246828913813,0.018736659404162248,0.8855721900724838
A_320_40_lr014_eps020,13,3,0.3865336188676194,0.3783169073441633,0.0082167115234561,0.8148666053157506
A_320_40_lr014_eps020,13,4,0.45355312353946337,0.42045891288169357,0.033094210657769796,0.7692185384010741
A_320_40_lr014_eps020,13,5,0.4920795570088361,0.46198309403446947,0.030096462974366633,0.891109163325049
A_320_40_lr014_eps020,13,6,0.513132352115275,0.4987296111213492,0.014402740993925744,0.9053806303599327
A_320_40_lr014_eps020,13,7,0.5463528467376981,0.5258062716406794,0.020546575097018738,0.9215917734195943
A_320_40_lr014_eps020,13,8,0.5641015944909715,0.5515816158487821,0.012519978642189455,0.9486054490378688
A_320_40_lr014_eps020,13,9,0.5855887540246603,0.5700625490723289,0.015526204952331368,0.9513879886357489
A_320_40_lr014_eps020,13,10,0.6040125566488763,0.5935515966909328,0.010460959957943494,0.9412140308894148
A_320_40_lr014_eps020,13,11,0.6147386640913889,0.613718324345328,0.001020339746060861,0.8572213131405606
A_320_40_lr014_eps020,13,12,0.6235093720818488,0.6278891121916258,-0.004379740109777042,0.879188594460356
A_320_40_lr014_eps020,13,13,0.6388121614273425,0.642882266413081,-0.004070104985738454,0.6904966129997043
A_320_40_lr014_eps020,13,14,0.6665123010515579,0.6561161589834984,0.0103961420680595,0.9096027617226154
A_320_40_lr014_eps020,13,15,0.682051279145129,0.6735883826660847,0.008462896479044302,0.9652556405568656
A_320_40_lr014_eps020,13,16,0.6956365229429794,0.6876271702386642,0.008009352704315242,0.9155920832099972
A_320_40_lr014_eps020,13,17,0.702720935675637,0.6973034533782905,0.00541748229734651,0.8268051257410689
A_320_40_lr014_eps020,13,18,0.719192475144481,0.710890950073959,0.008301525070522064,0.9474941460437877
A_320_40_lr014_eps020,13,19,0.7280923117722516,0.7225421166850934,0.005550195087158261,0.8846262033108211
A_320_40_lr014_eps020,13,20,0.7357748385725379,0.7310708573922361,0.004703981180301797,0.8796296467834295
A_320_40_lr014_eps020,13,21,0.7420935438182215,0.7361395427540626,0.005954001064158887,0.88411510858766
A_320_40_lr014_eps020,13,22,0.7552519024734498,0.7461513607246721,0.009100541748777613,0.8652662388748869
A_320_40_lr014_eps020,13,23,0.7651833060865912,0.7537496917037744,0.01143361438281687,0.9640568534966169
A_320_40_lr014_eps020,13,24,0.7627815033862264,0.7572773712316472,0.005504132154579233,0.9385857364200164
A_320_40_lr014_eps020,13,25,0.7701832536639279,0.7652135592096777,0.0049696944542502175,0.8595004318933078
A_320_40_lr014_eps020,14,0,0.26409195184164375,0.26409195184164375,0.0,1.0
A_320_40_lr014_eps020,14,1,0.31125158958384946,0.30164494730878233,0.009606642275067134,0.9081185101849617
A_320_40_lr014_eps020,14,2,0.3604028274712267,0.3430674501148234,0.01733537735640328,0.8985029444497613
A_320_40_lr014_eps020,14,3,0.4193775320639735,0.38701259618983014,0.03236493587414335,0.8815135689170549
A_320_40_lr014_eps020,14,4,0.46409932952787536,0.4312765335992247,0.03282279592865067,0.9497814509979507
A_320_40_lr014_eps020,14,5,0.49867822868898265,0.47181888979069964,0.026859338898283014,0.9652903606729478
A_320_40_lr014_eps020,14,6,0.5328516118339397,0.5039152213004489,0.02893639053349084,0.927509228939619
A_320_40_lr014_eps020,14,7,0.5668824383666723,0.5318773026156489,0.035005135751023375,0.9382314031684716
A_320_40_lr014_eps020,14,8,0.5846198956835159,0.5578481306783613,0.026771765005154657,0.9295758565149981
A_320_40_lr014_eps020,14,9,0.6056439181596934,0.578592262714174,0.027051655445519462,0.9123116561942074
A_320_40_lr014_eps020,14,10,0.6268424199229956,0.6016716287191994,0.025170791203796172,0.9736399133198349
A_320_40_lr014_eps020,14,11,0.645271363114097,0.6186147522325761,0.026656610881520937,0.9685056944340638
A_320_40_lr014_eps020,14,12,0.6585091024760226,0.6357580231797034,0.022751079296319143,0.9349167888396583
A_320_40_lr014_eps020,14,13,0.6718013157571846,0.6504588709147181,0.0213424448424665,0.9459189299013704
A_320_40_lr014_eps020,14,14,0.6710536288421106,0.6634521965253949,0.007601432316715728,0.9434562765037714
A_320_40_lr014_eps020,14,15,0.6871557132611276,0.6723078119065082,0.01484790135461933,0.920199126073037
A_320_40_lr014_eps020,14,16,0.6948985496623064,0.6855960674453468,0.009302482216959507,0.9742760439536468
A_320_40_lr014_eps020,14,17,0.6948059970852607,0.6934043064430174,0.0014016906422432696,0.9748963078512228
A_320_40_lr014_eps020,14,18,0.7139304946632875,0.7033170102976726,0.010613484365614934,0.9228969605906013
A_320_40_lr014_eps020,14,19,0.7174730692502301,0.7177006371887642,-0.00022756793853406787,0.9647793196207127
A_320_40_lr014_eps020,14,20,0.7238609533607429,0.7260400067320729,-0.002179053371330064,0.9136167506469846
A_320_40_lr014_eps020,14,21,0.7294528477218475,0.736583273336596,-0.007130425614748526,0.9809147320208901
A_320_40_lr014_eps020,14,22,0.7298114756592478,0.7440712626030312,-0.014259786943783492,0.9728279485520578
A_320_40_lr014_eps020,14,23,0.7346793388694879,0.7516572351046575,-0.016977896235169654,0.9747899846677139
A_320_40_lr014_eps020,14,24,0.7410801053055052,0.7583087793301624,-0.01722867402465722,0.9838698001815483
A_320_40_lr014_eps020,14,25,0.7478126687350883,0.7663977533908177,-0.01858508465572939,0.9609042825300567
A_320_40_lr014_eps020,15,0,0.26409195184164375,0.26409195184164375,0.0,1.0
A_320_40_lr014_eps020,15,1,0.3116456044664429,0.293620412840038,0.018025191626404924,0.84130746844206
A_320_40_lr014_eps020,15,2,0.36828285241881625,0.3373967307344296,0.030886121684386647,0.8882480774718828
A_320_40_lr014_eps020,15,3,0.41021610442733947,0.3793603493794874,0.03085575504785204,0.7455026796636166
A_320_40_lr014_eps020,15,4,0.4374303203712473,0.4175763108654601,0.019854009505787196,0.691765348420628
A_320_40_lr014_eps020,15,5,0.49550438477708536,0.45652134503374686,0.0389830397433385,0.8619539660039234
A_320_40_lr014_eps020,15,6,0.5283480446683345,0.49248988918890974,0.03585815547942478,0.9549134571817701
A_320_40_lr014_eps020,15,7,0.5541452213407203,0.5224336619295772,0.03171155941114312,0.9090355084643652
A_320_40_lr014_eps020,15,8,0.5769149115425336,0.5472490519656489,0.029665859576884723,0.8323556223333548
A_320_40_lr014_eps020,15,9,0.5908834471669665,0.5700293323548369,0.02085411481212962,0.8831011629206076
A_320_40_lr014_eps020,15,10,0.6242522512273004,0.594629047013821,0.029623204213479415,0.927481414869982
A_320_40_lr014_eps020,15,11,0.6328897559889073,0.6172278209220672,0.015661935066840105,0.9512445855937741
A_320_40_lr014_eps020,15,12,0.642679037294988,0.6348002447897023,0.00787879250528567,0.9077191134554701
A_320_40_lr014_eps020,15,13,0.6682163316991099,0.6514204100325958,0.016795921666514113,0.8394605219202818
A_320_40_lr014_eps020,15,14,0.6885963095353641,0.669246610335298,0.01934969920006613,0.9668849270852258
A_320_40_lr014_eps020,15,15,0.7015366836748483,0.6821380426814071,0.01939864099344124,0.9097602887959229
A_320_40_lr014_eps020,15,16,0.7046882478097858,0.6955145177069093,0.009173730102876476,0.9364847305880205
A_320_40_lr014_eps020,15,17,0.7212636899603819,0.7117270144294569,0.009536675530925076,0.9360295919769894
A_320_40_lr014_eps020,15,18,0.7328437464644197,0.720529776053577,0.0123139704108427,0.874030877395787
A_320_40_lr014_eps020,15,19,0.7445367381174991,0.7271309847940151,0.01740575332348404,0.9481247799495098
A_320_40_lr014_eps020,15,20,0.748057706036811,0.7298682898121553,0.01818941622465564,0.945377962350029
A_320_40_lr014_eps020,15,21,0.7511158632231336,0.7404183087922678,0.010697554430865841,0.9619405019042518
A_320_40_lr014_eps020,15,22,0.7568839663638788,0.7489489439170489,0.007935022446829865,0.9350597917920545
A_320_40_lr014_eps020,15,23,0.7719106060232289,0.756728329379816,0.015182276643412873,0.9369141076277372
A_320_40_lr014_eps020,15,24,0.7740601021958947,0.761944907494567,0.012115194701327714,0.9764320381870759
A_320_40_lr014_eps020,15,25,0.7822481776110644,0.7681197296696325,0.014128447941431865,0.9326378411726899
A_320_40_lr014_eps020,16,0,0.26409195184164375,0.26409195184164375,0.0,1.0
A_320_40_lr014_eps020,16,1,0.30441316819318087,0.2945198623268083,0.009893305866372548,0.89760890874731
A_320_40_lr014_eps020,16,2,0.35884339087508393,0.3363955922022539,0.022447798672830033,0.7616860754547298
A_320_40_lr014_eps020,16,3,0.39824063981946767,0.3791561463019723,0.01908449351749536,0.9228745486522566
A_320_40_lr014_eps020,16,4,0.44298025418643017,0.41862180313215225,0.02435845105427792,0.8250956690045068
A_320_40_lr014_eps020,16,5,0.48659434637520865,0.4581195907360118,0.02847475563919688,0.8821253064472075
A_320_40_lr014_eps020,16,6,0.5144365311964937,0.4869466340727106,0.02748989712378308,0.9022155674743753
A_320_40_lr014_eps020,16,7,0.5394748954158175,0.5211053019304828,0.018369593485334734,0.9560138193836565
A_320_40_lr014_eps020,16,8,0.5638501153534778,0.5469913808284892,0.01685873452498865,0.9828074549468386
A_320_40_lr014_eps020,16,9,0.591752145711235,0.5733836353508583,0.018368510360376678,0.8911011962338963
A_320_40_lr014_eps020,16,10,0.6045608416952356,0.5942540230414773,0.010306818653758265,0.9129422708343843
A_320_40_lr014_eps020,16,11,0.6315666742118498,0.611820970280731,0.01974570393111874,0.8516436755596928
A_320_40_lr014_eps020,16,12,0.6507039858850057,0.6334865723336192,0.017217413551386507,0.9556494353400601
A_320_40_lr014_eps020,16,13,0.6642967156936039,0.6524598303372561,0.01183688535634786,0.9393013121790084
A_320_40_lr014_eps020,16,14,0.6789153195964052,0.6681552041917477,0.010760115404657489,0.9498092441620645
A_320_40_lr014_eps020,16,15,0.6903405285711354,0.6807335321786219,0.0096069963925135,0.8367176506215268
A_320_40_lr014_eps020,16,16,0.6962928526878608,0.692847444895003,0.0034454077928577354,0.9261561414485766
A_320_40_lr014_eps020,16,17,0.7130377557411527,0.7052027392935591,0.007835016447593546,0.8502586021886607
A_320_40_lr014_eps020,16,18,0.7277496861253472,0.715755349489142,0.011994336636205194,0.8367633787641644
A_320_40_lr014_eps020,16,19,0.735952075483234,0.7255701579769475,0.010381917506286586,0.9532180251218945
A_320_40_lr014_eps020,16,20,0.7454434887691685,0.7343937628267161,0.01104972594245246,0.9614905019568251
A_320_40_lr014_eps020,16,21,0.7445727264067985,0.7412270531632693,0.0033456732435291903,0.9464842392641402
A_320_40_lr014_eps020,16,22,0.7549373614650512,0.7480506588223421,0.006886702642709075,0.9661285668746847
A_320_40_lr014_eps020,16,23,0.7604931166429922,0.7517766903845752,0.008716426258417065,0.9678193694190049
A_320_40_lr014_eps020,16,24,0.7710613503929648,0.759455794733307,0.011605555659657707,0.9370747057900012
A_320_40_lr014_eps020,16,25,0.7680305016637369,0.7645451302543046,0.0034853714094322807,0.9678149949847945
A_320_40_lr014_eps020,17,0,0.26409195184164375,0.26409195184164375,0.0,1.0
A_320_40_lr014_eps020,17,1,0.2964242851260027,0.29584773508848744,0.0005765500375152777,0.9539100579170008
A_320_40_lr014_eps020,17,2,0.35144875038435264,0.33505796403531546,0.01639078634903718,0.8170976495626172
A_320_40_lr014_eps020,17,3,0.405761702074888,0.37413318284542957,0.03162851922945842,0.8823861357255903
A_320_40_lr014_eps020,17,4,0.44793797082396775,0.4178799833408302,0.030057987483137538,0.9530538360411069
A_320_40_lr014_eps020,17,5,0.47945216527202444,0.4558194696466885,0.02363269562533593,0.8428162494972367
A_320_40_lr014_eps020,17,6,0.5147806680686194,0.4968413818661607,0.017939286202458715,0.9569280016784258
A_320_40_lr014_eps020,17,7,0.547559749213857,0.5236869795378161,0.023872769676040906,0.9222559488800356
A_320_40_lr014_eps020,17,8,0.5692709325836662,0.552069727273501,0.017201205310165224,0.8904330384053543
A_320_40_lr014_eps020,17,9,0.5931994904204523,0.575529922719432,0.01766956770102024,0.9342954876101864
A_320_40_lr014_eps020,17,10,0.6090526479284386,0.5967519203294881,0.012300727598950512,0.9577521878818344
A_320_40_lr014_eps020,17,11,0.6335170128366746,0.617090665496535,0.01642634734013959,0.97177066488819
A_320_40_lr014_eps020,17,12,0.6406049916522283,0.6261605888450563,0.014444402807171963,0.9173628015152893
A_320_40_lr014_eps020,17,13,0.6552644846947506,0.6440140122561744,0.011250472438576242,0.9802052402507838
A_320_40_lr014_eps020,17,14,0.6612491939047893,0.6588239520878956,0.0024252418168937417,0.8833293962830906
A_320_40_lr014_eps020,17,15,0.6778757523536121,0.6734275828165259,0.004448169537086155,0.8658973560559753
A_320_40_lr014_eps020,17,16,0.6891503837081145,0.6839874457103103,0.005162937997804207,0.9569631428226194
A_320_40_lr014_eps020,17,17,0.6970570399518723,0.6882340812646299,0.008822958687242366,0.9380193012849496
A_320_40_lr014_eps020,17,18,0.698109367131442,0.696894638506459,0.0012147286249829525,0.8888506596326922
A_320_40_lr014_eps020,17,19,0.7109814155938226,0.7052476763155079,0.005733739278314665,0.9499958957173708
A_320_40_lr014_eps020,17,20,0.715691441686881,0.7173055748815228,-0.0016141331946417647,0.9482347181801434
A_320_40_lr014_eps020,17,21,0.7247332669417176,0.7255862399159346,-0.0008529729742170478,0.9647783238199334
A_320_40_lr014_eps020,17,22,0.7240439247460331,0.7312720156279665,-0.0072280908819334355,0.9096096002792233
A_320_40_lr014_eps020,17,23,0.7216764274165224,0.7378264552934398,-0.01615002787691744,0.9483856923607271
A_320_40_lr014_eps020,17,24,0.7348205053702253,0.7435317003654244,-0.008711194995199123,0.9483044436539393
A_320_40_lr014_eps020,17,25,0.7392903153760338,0.7490332969593925,-0.009742981583358623,0.9379975407297875
A_320_40_lr014_eps020,18,0,0.26409195184164375,0.26409195184164375,0.0,1.0
A_320_40_lr014_eps020,18,1,0.3154443273839661,0.30075661770529377,0.014687709678672334,0.7850971567836444
A_320_40_lr014_eps020,18,2,0.37449071859600225,0.3440145529916068,0.030476165604395422,0.7801410076649428
A_320_40_lr014_eps020,18,3,0.410175605447599,0.3883672086515802,0.021808396796018814,0.7890698827713294
A_320_40_lr014_eps020,18,4,0.44238923855590206,0.43033601021728096,0.012053228338621103,0.6556336731772487
A_320_40_lr014_eps020,18,5,0.5003033677978304,0.4688934827451192,0.03140988505271114,0.9269440285735887
A_320_40_lr014_eps020,18,6,0.5403870607706397,0.5016131141157902,0.038773946654849456,0.9238340212160515
A_320_40_lr014_eps020,18,7,0.5584457064865844,0.5336492938904954,0.024796412596089,0.8944264637050899
A_320_40_lr014_eps020,18,8,0.5808421111532596,0.5593784969452861,0.02146361420797349,0.9238516584813732
A_320_40_lr014_eps020,18,9,0.6029812411123975,0.5784724181414717,0.024508822970925825,0.8296587905420204
A_320_40_lr014_eps020,18,10,0.6247810368715676,0.598961905548059,0.02581913132350866,0.8597019196185259
A_320_40_lr014_eps020,18,11,0.6339167710713659,0.6167805769845647,0.017136194086801226,0.8107236116898111
A_320_40_lr014_eps020,18,12,0.6547512202561613,0.6330763001962929,0.021674920059868374,0.5415075099160684
A_320_40_lr014_eps020,18,13,0.6695915184463761,0.6449383240031165,0.02465319444325964,0.8846220278725245
A_320_40_lr014_eps020,18,14,0.6840015176745181,0.6485092623007025,0.03549225537381562,0.8301646524100668
A_320_40_lr014_eps020,18,15,0.7039252803809303,0.6668863645682537,0.0370389158126766,0.9108680947707877
A_320_40_lr014_eps020,18,16,0.7211523086188585,0.6826613987934886,0.038490909825369846,0.8959302102378164
A_320_40_lr014_eps020,18,17,0.7335295109588637,0.6971570449451584,0.03637246601370525,0.9820720977704561
A_320_40_lr014_eps020,18,18,0.7337550461360656,0.7075554164657165,0.026199629670349056,0.9131262351505662
A_320_40_lr014_eps020,18,19,0.751808772173621,0.7188811979200507,0.03292757425357029,0.9652735079413363
A_320_40_lr014_eps020,18,20,0.7504353652069323,0.7255721228419689,0.0248632423649634,0.9385218269341831
A_320_40_lr014_eps020,18,21,0.7557614539155059,0.7321090457870549,0.02365240812845093,0.9355591880869372
A_320_40_lr014_eps020,18,22,0.7646705566097437,0.7398911229562388,0.02477943365350488,0.9727209308721649
A_320_40_lr014_eps020,18,23,0.7780616854492877,0.7458048536746706,0.03225683177461702,0.9760243967528882
A_320_40_lr014_eps020,18,24,0.7712319918932444,0.7547065142717072,0.01652547762153722,0.9684455589575772
A_320_40_lr014_eps020,18,25,0.7803965199258434,0.7606018248102984,0.01979469511554499,0.963182667219183
A_320_40_lr014_eps020,19,0,0.26409195184164375,0.26409195184164375,0.0,1.0
A_320_40_lr014_eps020,19,1,0.31085471995227126,0.2981360681017596,0.012718651850511686,0.8943608773683296
A_320_40_lr014_eps020,19,2,0.3638599521709133,0.3422737627998512,0.021586189371062103,0.8177222600888897
A_320_40_lr014_eps020,19,3,0.4004889372902915,0.3911177295421086,0.009371207748182897,0.9269418316342088
A_320_40_lr014_eps020,19,4,0.4416390854805246,0.43326383812185115,0.008375247358673454,0.9373656576074136
A_320_40_lr014_eps020,19,5,0.4736842252374842,0.46543566514871737,0.008248560088766843,0.7903377898878584
A_320_40_lr014_eps020,19,6,0.5157894756218874,0.504540410213965,0.011249065407922365,0.8278364214688413
A_320_40_lr014_eps020,19,7,0.5435406278374191,0.5347097387538235,0.008830889083595528,0.9489224188414344
A_320_40_lr014_eps020,19,8,0.5676080699920087,0.5611240452670194,0.0064840247249893235,0.8948455004744705
A_320_40_lr014_eps020,19,9,0.5831499840923927,0.5835338837084606,-0.00038389961606788425,0.9106134188359344
A_320_40_lr014_eps020,19,10,0.6018129228890701,0.6041733585695651,-0.0023604356804950433,0.8167709999306796
A_320_40_lr014_eps020,19,11,0.629143715034269,0.6221009215196368,0.007042793514632217,0.9301292078361211
A_320_40_lr014_eps020,19,12,0.6449585484399994,0.6382392367877457,0.006719311652253701,0.9616746254986906
A_320_40_lr014_eps020,19,13,0.6587490150709552,0.6560195452786388,0.0027294697923163636,0.9761262627197714
A_320_40_lr014_eps020,19,14,0.6667740717600281,0.6671697180474081,-0.0003956462873799804,0.9223437254709507
A_320_40_lr014_eps020,19,15,0.6844508453957034,0.6850113847062882,-0.0005605393105847511,0.8713931591306682
A_320_40_lr014_eps020,19,16,0.6954397330714366,0.6935757702666954,0.001863962804741215,0.8968734942141127
A_320_40_lr014_eps020,19,17,0.7023115183782852,0.7016004537386017,0.0007110646396835119,0.9679759873175409
A_320_40_lr014_eps020,19,18,0.7122297996201915,0.7124744458418839,-0.0002446462216924017,0.775555318986391
A_320_40_lr014_eps020,19,19,0.7312518909719202,0.7207431496390532,0.010508741332867055,0.8834670272274344
A_320_40_lr014_eps020,19,20,0.7382057443821303,0.728331887858203,0.009873856523927249,0.9249491610805263
A_320_40_lr014_eps020,19,21,0.7475796778789557,0.7365017848066454,0.01107789307231033,0.9548457613046737
A_320_40_lr014_eps020,19,22,0.7462743860994299,0.742655899550834,0.0036184865485958673,0.9570892251836693
A_320_40_lr014_eps020,19,23,0.7658578540763037,0.7509444219996034,0.014913432076700261,0.9554281749056615
A_320_40_lr014_eps020,19,24,0.7648424318001564,0.7538348264380486,0.011007605362107875,0.9494630247779079
A_320_40_lr014_eps020,19,25,0.7653861058958373,0.7574113309627104,0.007974774933126927,0.9359256090358905
A_320_40_lr014_eps020,20,0,0.26409195184164375,0.26409195184164375,0.0,1.0
A_320_40_lr014_eps020,20,1,0.31433573670260395,0.304265036352477,0.010070700350126971,0.8932655256797225
A_320_40_lr014_eps020,20,2,0.36694665743454036,0.34732444631214915,0.01962221112239121,0.9139371305799077
A_320_40_lr014_eps020,20,3,0.40838581042801625,0.39088089492486927,0.01750491550314698,0.8535076908211979
A_320_40_lr014_eps020,20,4,0.44452230386447883,0.4337357535338781,0.01078655033060072,0.8845426532827243
A_320_40_lr014_eps020,20,5,0.48073395621838855,0.4682354813341253,0.012498474884263255,0.8718894171746499
A_320_40_lr014_eps020,20,6,0.5137118031621591,0.5028198066827888,0.010891996479370336,0.9694038154612764
A_320_40_lr014_eps020,20,7,0.5326885162913559,0.5328241070110227,-0.00013559071966673386,0.8713671614336573
A_320_40_lr014_eps020,20,8,0.5582588526182466,0.5605599494108081,-0.002301096792561519,0.8391206020472414
A_320_40_lr014_eps020,20,9,0.5883289681988483,0.5843486511632414,0.003980317035606862,0.9410455790536143
A_320_40_lr014_eps020,20,10,0.6008826162444081,0.6064499140261624,-0.0055672977817543545,0.9268908909791465
A_320_40_lr014_eps020,20,11,0.6160037908368636,0.6245893251357011,-0.00858553429883746,0.9625762127081111
A_320_40_lr014_eps020,20,12,0.6285018914857592,0.6436555009540819,-0.01515360946832267,0.873859142415366
A_320_40_lr014_eps020,20,13,0.6426273917320666,0.6563309072875818,-0.013703515555515189,0.9402013633995051
A_320_40_lr014_eps020,20,14,0.6580773954537331,0.6714151817074023,-0.013337786253669215,0.710348166567797
A_320_40_lr014_eps020,20,15,0.6721146177428167,0.6822505812223228,-0.010135963479506183,0.9799304766488076
A_320_40_lr014_eps020,20,16,0.6775866999633946,0.6918919072027707,-0.014305207239376116,0.9061430498745607
A_320_40_lr014_eps020,20,17,0.6930948648103081,0.7104053647508146,-0.017310499940506485,0.9285431071557733
A_320_40_lr014_eps020,20,18,0.6980061824519604,0.7197055910686064,-0.021699408616645988,0.9676170164978912
A_320_40_lr014_eps020,20,19,0.705775735132548,0.7266572789239417,-0.02088154379139373,0.9525069728077089
A_320_40_lr014_eps020,20,20,0.707920128525569,0.7352209874556708,-0.027300858930101812,0.9364528850312733
A_320_40_lr014_eps020,20,21,0.7216205503315164,0.7439631729144275,-0.022342622582911087,0.907521048108078
A_320_40_lr014_eps020,20,22,0.7295790453119253,0.7460032851838778,-0.016424239871952517,0.9455845063071738
A_320_40_lr014_eps020,20,23,0.7326608855574538,0.7503776018677866,-0.01771671631033278,0.9729721259729213
A_320_40_lr014_eps020,20,24,0.7334288709412817,0.7612080019714285,-0.02777913103014673,0.9148294246124706
A_320_40_lr014_eps020,20,25,0.7418332144055915,0.7647178466504903,-0.022884632244898784,0.8440146858457821
A_320_40_lr014_eps020,21,0,0.26409195184164375,0.26409195184164375,0.0,1.0
A_320_40_lr014_eps020,21,1,0.3157612476195213,0.30047642906526595,0.015284818554255342,0.9052711747719527
A_320_40_lr014_eps020,21,2,0.36553351020636365,0.3403163295536253,0.02521718065273837,0.882192496702229
A_320_40_lr014_eps020,21,3,0.410784267982682,0.380587740840168,0.03019652714251403,0.9000653211201567
A_320_40_lr014_eps020,21,4,0.4472379704642046,0.41814761752706514,0.029090352937139463,0.8355543129194738
A_320_40_lr014_eps020,21,5,0.49070580155039634,0.4570839329094827,0.033621868640913655,0.8676532657566329
A_320_40_lr014_eps020,21,6,0.5314937645548213,0.492592059213031,0.03890170534179033,0.9405544557927311
A_320_40_lr014_eps020,21,7,0.5640203895520378,0.5306662499368606,0.03335413961517719,0.934803376810715
A_320_40_lr014_eps020,21,8,0.5862607366537189,0.5565454345633111,0.029715302090407847,0.9427793992378316
A_320_40_lr014_eps020,21,9,0.6111900238523,0.5806537681206463,0.03053625573165375,0.9396690986305921
A_320_40_lr014_eps020,21,10,0.6332818015732196,0.6085306775006546,0.024751124072564967,0.9133199174568073
A_320_40_lr014_eps020,21,11,0.655621476056089,0.6320222431483481,0.023599232907740908,0.968191926278599
A_320_40_lr014_eps020,21,12,0.6719560329054759,0.6479273577119724,0.02402867519350349,0.9290827496027387
A_320_40_lr014_eps020,21,13,0.6918769242229151,0.664806625465542,0.0270702987573731,0.9350512339748106
A_320_40_lr014_eps020,21,14,0.6952694917287061,0.6808218144457081,0.014447677282998006,0.9082769559488545
A_320_40_lr014_eps020,21,15,0.7039280590159801,0.6942108515627706,0.009717207453209475,0.9037712057030086
A_320_40_lr014_eps020,21,16,0.719195091414443,0.7061494118740114,0.013045679540431676,0.9767394746776757
A_320_40_lr014_eps020,21,17,0.7333611633381751,0.7182826227650158,0.015078540573159382,0.9256162631650421
A_320_40_lr014_eps020,21,18,0.7403935212831576,0.7245380191056411,0.015855502177516523,0.9374973275183213
A_320_40_lr014_eps020,21,19,0.7458755687246033,0.734531876311051,0.011343692413552264,0.9217879265427672
A_320_40_lr014_eps020,21,20,0.7558895820402888,0.7384677213214669,0.017421860718821902,0.9460436035976644
A_320_40_lr014_eps020,21,21,0.7640648811137388,0.7492274490014595,0.01483743211227928,0.9440853707490965
A_320_40_lr014_eps020,21,22,0.7692987084143359,0.7550149511812162,0.014283757233119698,0.9632992899483548
A_320_40_lr014_eps020,21,23,0.7665234292656493,0.7591860231907347,0.007337406074914621,0.9523238170633381
A_320_40_lr014_eps020,21,24,0.7805912094583126,0.7666155754373966,0.013975634020916061,0.9575475215813116
A_320_40_lr014_eps020,21,25,0.785811482738862,0.7688845326617518,0.016926950077110203,0.96339888251812
A_320_40_lr014_eps020,22,0,0.26409195184164375,0.26409195184164375,0.0,1.0
A_320_40_lr014_eps020,22,1,0.3179767073941991,0.29905073279901445,0.018925974595184636,0.766239975434287
A_320_40_lr014_eps020,22,2,0.3636657156241505,0.3397068230635511,0.02395889256059941,0.8990265124671454
A_320_40_lr014_eps020,22,3,0.4148477851584357,0.3858662169177475,0.028981568240688205,0.8195457008355509
A_320_40_lr014_eps020,22,4,0.45515957365746074,0.4260119249098873,0.029147648747573418,0.8874230175738859
A_320_40_lr014_eps020,22,5,0.48370620884560034,0.4635106775992202,0.020195531246380127,0.6952729595873052
A_320_40_lr014_eps020,22,6,0.5154615025720335,0.49710146003804295,0.01836004253399054,0.9426243868287297
A_320_40_lr014_eps020,22,7,0.5506698570961265,0.5294704089709319,0.021199448125194587,0.8935663380340599
A_320_40_lr014_eps020,22,8,0.5692136526663873,0.556599944584947,0.012613708081440356,0.9793937856686087
A_320_40_lr014_eps020,22,9,0.5900886771504905,0.5761955184641484,0.01389315868634211,0.931217855448424
A_320_40_lr014_eps020,22,10,0.5954820993985642,0.5935017539627467,0.0019803454358174877,0.888386342310982
A_320_40_lr014_eps020,22,11,0.6104096669236618,0.6131175986414207,-0.002707931717758849,0.5088125013110264
A_320_40_lr014_eps020,22,12,0.6341214586544988,0.6258434385624159,0.008278020092082894,0.8038500433084718
A_320_40_lr014_eps020,22,13,0.6528302430462802,0.6433721289260103,0.009458114120269978,0.8993531583179588
A_320_40_lr014_eps020,22,14,0.6656761519649318,0.6583479006803993,0.0073282512845325165,0.9609833022070998
A_320_40_lr014_eps020,22,15,0.6773116796480303,0.6715633746352093,0.005748305012820976,0.9726996747941214
A_320_40_lr014_eps020,22,16,0.6860127832643428,0.6839430701673274,0.0020697130970154243,0.9813656859198785
A_320_40_lr014_eps020,22,17,0.6926535550689833,0.6987650024545161,-0.00611144738553282,0.9448227056498941
A_320_40_lr014_eps020,22,18,0.7027149441285593,0.7113843489204079,-0.008669404791848634,0.9813702641446156
A_320_40_lr014_eps020,22,19,0.7027291489178366,0.7198147435567268,-0.017085594638890256,0.9447317975955383
A_320_40_lr014_eps020,22,20,0.716010711810494,0.7289236655853683,-0.012912953774874225,0.9600295644066908
A_320_40_lr014_eps020,22,21,0.7087053993053634,0.7382732072931504,-0.02956780798778702,0.8724001091299519
A_320_40_lr014_eps020,22,22,0.715984557827585,0.7432560250274501,-0.027271467199865174,0.9011676762720137
A_320_40_lr014_eps020,22,23,0.730205203932626,0.746543628647031,-0.016338424714405053,0.9350555260589563
A_320_40_lr014_eps020,22,24,0.74866303074393,0.750635357798218,-0.001972327054287959,0.9346582197083904
A_320_40_lr014_eps020,22,25,0.7602187715229108,0.7552689983224157,0.004949773200495167,0.9642073161721018
A_320_40_lr014_eps020,23,0,0.26409195184164375,0.26409195184164375,0.0,1.0
A_320_40_lr014_eps020,23,1,0.3079361281649749,0.3011717532581052,0.006764374906869708,0.8875499821011802
A_320_40_lr014_eps020,23,2,0.35942737962229654,0.3428272627925069,0.016600116829789624,0.9247424796274194
A_320_40_lr014_eps020,23,3,0.4040180908612851,0.37967157165303966,0.024346519208245432,0.8723309544736915
A_320_40_lr014_eps020,23,4,0.44865513347799785,0.42368244566495267,0.02497268781304518,0.855598609234143
A_320_40_lr014_eps020,23,5,0.49159569160345673,0.4626972288162436,0.02889846278721314,0.9648225672316622
A_320_40_lr014_eps020,23,6,0.5326060031733888,0.49456040600819834,0.03804559716519046,0.9560262952504207
A_320_40_lr014_eps020,23,7,0.562399526449362,0.5229175205254151,0.039482005923946906,0.9648144331367485
A_320_40_lr014_eps020,23,8,0.5823077559056208,0.5492573978682244,0.03305035803739642,0.948704955320406
A_320_40_lr014_eps020,23,9,0.6096202199358044,0.5742056917754593,0.03541452816034507,0.9070002964298096
A_320_40_lr014_eps020,23,10,0.6277804388951929,0.5931588775844697,0.03462156131072314,0.9155314568144588
A_320_40_lr014_eps020,23,11,0.6451534525535694,0.6121487052296406,0.033004747323928774,0.9457133921859145
A_320_40_lr014_eps020,23,12,0.6527167092636676,0.631301957191818,0.02141475207184962,0.9219379369043627
A_320_40_lr014_eps020,23,13,0.6621188231141629,0.6398644856914969,0.022254337422666026,0.8579575174143025
A_320_40_lr014_eps020,23,14,0.6762665402305172,0.6511466123042998,0.025119927926217422,0.9146452942397388
A_320_40_lr014_eps020,23,15,0.6988535565111529,0.6633209968523757,0.03553255965877722,0.8911728352902424
A_320_40_lr014_eps020,23,16,0.718764583090795,0.6735334940324452,0.04523108905834983,0.9555588555155262
A_320_40_lr014_eps020,23,17,0.7299275248682627,0.6836741143598293,0.04625341050843346,0.969182091273316
A_320_40_lr014_eps020,23,18,0.737708061901867,0.6951919054161576,0.04251615648570939,0.9761448875065935
A_320_40_lr014_eps020,23,19,0.7456567477787185,0.7026278392448164,0.043028908533902066,0.9585186217680295
A_320_40_lr014_eps020,23,20,0.7508924927201964,0.7118571403972181,0.03903535232297828,0.9752254881914101
A_320_40_lr014_eps020,23,21,0.7537450449397883,0.7175403041724493,0.03620474076733904,0.9423011940570903
A_320_40_lr014_eps020,23,22,0.759993119374903,0.7210642889149589,0.03892883045994411,0.8817607260644433
A_320_40_lr014_eps020,23,23,0.7649787654569874,0.7286858663921103,0.03629289906487709,0.957835564917216
A_320_40_lr014_eps020,23,24,0.7741094993774881,0.7330535149627129,0.041055984414775204,0.9341905069329389
A_320_40_lr014_eps020,23,25,0.7812937316432341,0.7463638286784384,0.0349299029647957,0.9201908940338571
A_320_40_lr014_eps020,24,0,0.26409195184164375,0.26409195184164375,0.0,1.0
A_320_40_lr014_eps020,24,1,0.3165024971413864,0.3016552839344189,0.014847213206967469,0.902110449813756
A_320_40_lr014_eps020,24,2,0.3725015008270004,0.3400234108412959,0.032478089985704506,0.9149961602658773
A_320_40_lr014_eps020,24,3,0.42767819603089824,0.3835425297325731,0.04413566629832516,0.858545022352416
A_320_40_lr014_eps020,24,4,0.46087449969986355,0.42972203935623127,0.031152460343632282,0.8872288157750735
A_320_40_lr014_eps020,24,5,0.49914505402207443,0.46499153611711647,0.034153517904957964,0.901033988423423
A_320_40_lr014_eps020,24,6,0.5268704326827527,0.49892652617332317,0.027943906509429517,0.9374196517776504
A_320_40_lr014_eps020,24,7,0.5577035435066781,0.5317540474643669,0.025949496042311115,0.9410736931706105
A_320_40_lr014_eps020,24,8,0.5758559504006566,0.5589033095603526,0.016952640840304012,0.9555414434967934
A_320_40_lr014_eps020,24,9,0.5846965913177739,0.5833568644100163,0.0013397269077575213,0.9474270448102976
A_320_40_lr014_eps020,24,10,0.5986998043105238,0.6023054190742761,-0.0036056147637523184,0.8595900151571266
A_320_40_lr014_eps020,24,11,0.6199274434508832,0.6229765692256415,-0.0030491257747582434,0.889111536720844
A_320_40_lr014_eps020,24,12,0.6291042312092553,0.642005968554625,-0.012901737345369702,0.9377102223561953
A_320_40_lr014_eps020,24,13,0.6472645853710319,0.6557001838894851,-0.008435598518453213,0.9318182413517623
A_320_40_lr014_eps020,24,14,0.6585781554115877,0.673117246926851,-0.014539091515263336,0.9549829178218978
A_320_40_lr014_eps020,24,15,0.6706868741925666,0.6880760603963272,-0.01738918620376062,0.9263040033224377
A_320_40_lr014_eps020,24,16,0.6763127963225294,0.696185460901227,-0.01987266457869763,0.9481451274614355
A_320_40_lr014_eps020,24,17,0.6861989146507714,0.706015326101189,-0.01981641145041757,0.9384461055487536
A_320_40_lr014_eps020,24,18,0.6888859383457819,0.7168095805067726,-0.027923642160990636,0.941764244498544
A_320_40_lr014_eps020,24,19,0.704777350739268,0.7284094979075324,-0.02363214716826445,0.9309451569969349
A_320_40_lr014_eps020,24,20,0.7089991340927609,0.7382901205980629,-0.02929098650530193,0.9754516585608348
A_320_40_lr014_eps020,24,21,0.7030546514029024,0.7451738043827111,-0.04211915297980873,0.9154991776578711
A_320_40_lr014_eps020,24,22,0.7241713548924482,0.7523807408838354,-0.028209385991387226,0.8701884365050114
A_320_40_lr014_eps020,24,23,0.7167416957444273,0.7571958320311408,-0.04045413628671357,0.9159783320408946
A_320_40_lr014_eps020,24,24,0.7350343586967863,0.7647523750915608,-0.02971801639477445,0.9471362945886056
A_320_40_lr014_eps020,24,25,0.7339261169817554,0.7697601334650338,-0.03583401648327844,0.9125563300971787
A_320_40_lr014_eps020,25,0,0.26409195184164375,0.26409195184164375,0.0,1.0
A_320_40_lr014_eps020,25,1,0.3200052116006687,0.3063545511704683,0.013650660430200412,0.902924855384342
A_320_40_lr014_eps020,25,2,0.3707794898109063,0.3503511203017426,0.020428369509163713,0.8601758443916939
A_320_40_lr014_eps020,25,3,0.4106985905259993,0.3894911908921914,0.021207399633807855,0.8452019099232154
A_320_40_lr014_eps020,25,4,0.45815129022034334,0.42660194920364813,0.03154934101669521,0.8722288350587694
A_320_40_lr014_eps020,25,5,0.4874326347401761,0.46286362711073137,0.02456900762944475,0.8494126575910959
A_320_40_lr014_eps020,25,6,0.5111831485570668,0.49297752182510435,0.018205626731962465,0.8897077112664159
A_320_40_lr014_eps020,25,7,0.5454290064943449,0.5229879935554466,0.02244101293889833,0.8253046964683057
A_320_40_lr014_eps020,25,8,0.5744757365129527,0.5476686681228015,0.026807068390151234,0.8650772204975856
A_320_40_lr014_eps020,25,9,0.5955089384241318,0.5729211505314761,0.022587787892655697,0.9036339359664683
A_320_40_lr014_eps020,25,10,0.6094716323487402,0.5942415706220154,0.015230061726724808,0.9417302140705327
A_320_40_lr014_eps020,25,11,0.6303581455012,0.6152048066638587,0.015153338837341268,0.9251803052047567
A_320_40_lr014_eps020,25,12,0.6449448281145864,0.632543002183625,0.012401825930961397,0.8947706396362354
A_320_40_lr014_eps020,25,13,0.6663634611925399,0.6525149847147534,0.01384847647778642,0.8725199312553799
A_320_40_lr014_eps020,25,14,0.6741610397486508,0.6652888072279969,0.008872232520653944,0.9415207550516288
A_320_40_lr014_eps020,25,15,0.6886178150778575,0.6785126232103212,0.010105191867536223,0.9037114554693746
A_320_40_lr014_eps020,25,16,0.7046175966204498,0.6904317172253609,0.014185879395088863,0.9520662166887919
A_320_40_lr014_eps020,25,17,0.7088291390131249,0.7021533610255208,0.0066757779876041035,0.9246395366091725
A_320_40_lr014_eps020,25,18,0.7272317198327882,0.7180556191324451,0.009176100700343137,0.8632259061647143
A_320_40_lr014_eps020,25,19,0.735013550380319,0.7258070348299367,0.009206515550382321,0.9709963911901818
A_320_40_lr014_eps020,25,20,0.7498982402811871,0.7369408377161322,0.012957402565054954,0.9171241639236782
A_320_40_lr014_eps020,25,21,0.7573468780631817,0.746593409946817,0.010753468116364684,0.9641165149641889
A_320_40_lr014_eps020,25,22,0.765152176081311,0.7487756744001896,0.01637650168112148,0.9067084274451508
A_320_40_lr014_eps020,25,23,0.7717276905738311,0.7582488152797682,0.013478875294062886,0.9822612590152584
A_320_40_lr014_eps020,25,24,0.7763094089573567,0.7620332692747177,0.014276139682638966,0.9536318923582472
A_320_40_lr014_eps020,25,25,0.7847536610932955,0.7694701557118493,0.015283505381446183,0.9555010495055807
A_320_40_lr014_eps020,26,0,0.26409195184164375,0.26409195184164375,0.0,1.0
A_320_40_lr014_eps020,26,1,0.3180260574712331,0.3034872083687951,0.014538849102437967,0.8848384200177944
A_320_40_lr014_eps020,26,2,0.3708997358582371,0.34462576624186636,0.02627396961637074,0.8346703418665518
A_320_40_lr014_eps020,26,3,0.41898558408618886,0.3907377754098707,0.028247808676318154,0.8622718330742306
A_320_40_lr014_eps020,26,4,0.4605002752573384,0.43096731950467565,0.029532955752662737,0.8631225734729487
A_320_40_lr014_eps020,26,5,0.5032904061597548,0.47129209973890684,0.031998306420848,0.8964580546256636
A_320_40_lr014_eps020,26,6,0.5353993963724689,0.5050640565546748,0.030335339817794127,0.8807817770321171
A_320_40_lr014_eps020,26,7,0.5494383520435336,0.5246701139217834,0.02476823812175022,0.8772684083316729
A_320_40_lr014_eps020,26,8,0.5753999698008205,0.5469158601397331,0.028484109661087387,0.8906850332104665
A_320_40_lr014_eps020,26,9,0.6041392050755753,0.5740481973531613,0.03009100772241402,0.9312183368775846
A_320_40_lr014_eps020,26,10,0.6177878111987768,0.5915216723407691,0.02626613885800766,0.9744378249022362
A_320_40_lr014_eps020,26,11,0.6251242486815066,0.6024664396854035,0.022657808996103146,0.9403144024115333
A_320_40_lr014_eps020,26,12,0.6462170547597949,0.6188258938353994,0.02739116092439542,0.9332859270668011
A_320_40_lr014_eps020,26,13,0.6594910984179055,0.6340082263193413,0.025482872098564258,0.9579219128477472
A_320_40_lr014_eps020,26,14,0.6555148560675632,0.6432229667016248,0.012291889365938391,0.8753626718027259
A_320_40_lr014_eps020,26,15,0.6774031825146043,0.6550286511462954,0.022374531368308914,0.9631389461122943
A_320_40_lr014_eps020,26,16,0.6859730905422012,0.6688483468914352,0.017124743650765994,0.9571275933592974
A_320_40_lr014_eps020,26,17,0.6882083305843739,0.6774134576409251,0.01079487294344883,0.9266200331581868
A_320_40_lr014_eps020,26,18,0.7024239573646683,0.6862368806146281,0.016187076750040275,0.9042422531213213
A_320_40_lr014_eps020,26,19,0.7112931734448802,0.6953379213854282,0.01595525205945203,0.9574821616649211
A_320_40_lr014_eps020,26,20,0.7180897011849292,0.7048847877243014,0.013204913460627798,0.9599714766571359
A_320_40_lr014_eps020,26,21,0.7258736585533244,0.7099805132191614,0.015893145334162972,0.9609406913220032
A_320_40_lr014_eps020,26,22,0.7297262399119309,0.7151757382097602,0.014550501702170648,0.9735669878212657
A_320_40_lr014_eps020,26,23,0.7320101439961152,0.7183298090634641,0.013680334932651084,0.9147913331725659
A_320_40_lr014_eps020,26,24,0.7341312654310201,0.723833262601041,0.01029800282997917,0.944300538622521
A_320_40_lr014_eps020,26,25,0.7425619044185563,0.7294217047790259,0.013140199639530392,0.9640065360350237
A_320_40_lr014_eps020,27,0,0.26409195184164375,0.26409195184164375,0.0,1.0
A_320_40_lr014_eps020,27,1,0.3137875545372992,0.29868019950485303,0.015107355032446146,0.8661230474567257
A_320_40_lr014_eps020,27,2,0.36138887984783935,0.34117354642880215,0.020215333419037196,0.9501204780619854
A_320_40_lr014_eps020,27,3,0.40608732022283045,0.38057048046614317,0.025516839756687282,0.9550729644549233
A_320_40_lr014_eps020,27,4,0.4209946258008022,0.4206095892795215,0.00038503652128069055,0.6267128630818787
A_320_40_lr014_eps020,27,5,0.4701860360851695,0.4579296044691177,0.012256431616051833,0.8739496787756621
A_320_40_lr014_eps020,27,6,0.5086262663243002,0.49482340363566285,0.01380286268863734,0.9363805228775601
A_320_40_lr014_eps020,27,7,0.5445699932635549,0.5231092040971687,0.021460789166386274,0.9347154076325721
A_320_40_lr014_eps020,27,8,0.568994921502894,0.5525044669877224,0.016490454515171615,0.9444327765839399
A_320_40_lr014_eps020,27,9,0.5755548803109547,0.5788493376088387,-0.0032944572978840236,0.49874449151584005
A_320_40_lr014_eps020,27,10,0.6105313459281332,0.6011430689539916,0.009388276974141574,0.9120274202909894
A_320_40_lr014_eps020,27,11,0.633265117338425,0.6220723574557632,0.011192759882661885,0.9487996897544676
A_320_40_lr014_eps020,27,12,0.648025177040708,0.6405014168855654,0.007523760155142556,0.9705865067903389
A_320_40_lr014_eps020,27,13,0.6543921663351513,0.6545422528061956,-0.0001500864710443084,0.9569687972499518
A_320_40_lr014_eps020,27,14,0.677185175905903,0.6700360619538002,0.007149113952102826,0.8783913927095424
A_320_40_lr014_eps020,27,15,0.6745489813076385,0.6846684675910675,-0.010119486283428958,0.8981493837164526
A_320_40_lr014_eps020,27,16,0.708173222032687,0.6956503297616718,0.012522892271015107,0.8966702795769439
A_320_40_lr014_eps020,27,17,0.7164336628227128,0.7045421288960422,0.011891533926670639,0.9698788251702276
A_320_40_lr014_eps020,27,18,0.7222265365771234,0.711094384569541,0.011132152007582441,0.9458320833710974
A_320_40_lr014_eps020,27,19,0.7406579176347626,0.725211628324623,0.015446289310139583,0.9118178637997995
A_320_40_lr014_eps020,27,20,0.7469049445499751,0.7347932476345532,0.01211169691542191,0.96179644600833
A_320_40_lr014_eps020,27,21,0.7521355943942862,0.7409105296993982,0.011225064694888043,0.98270852244764
A_320_40_lr014_eps020,27,22,0.7607449522608706,0.7503932315312234,0.010351720729647185,0.9463106326988923
A_320_40_lr014_eps020,27,23,0.7630114877802733,0.754160260672302,0.00885122710797126,0.9637218632691832
A_320_40_lr014_eps020,27,24,0.772169179247436,0.7611925886346107,0.010976590612825299,0.9405512816444584
A_320_40_lr014_eps020,27,25,0.7732018700662922,0.7655080045114704,0.007693865554821766,0.9897300647513217
A_320_40_lr014_eps020,28,0,0.26409195184164375,0.26409195184164375,0.0,1.0
A_320_40_lr014_eps020,28,1,0.31977691426028176,0.3003447909048907,0.019432123355391073,0.7991952607110536
A_320_40_lr014_eps020,28,2,0.3652121203636825,0.33512927513075336,0.030082845232929145,0.8512973749416711
A_320_40_lr014_eps020,28,3,0.41679550449202696,0.37922712772467526,0.0375683767673517,0.9525755228259573
A_320_40_lr014_eps020,28,4,0.46714928704234954,0.42481460412653105,0.04233468291581849,0.9594681992148029
A_320_40_lr014_eps020,28,5,0.5040923633942707,0.4666692700115386,0.03742309338273209,0.8760609162150665
A_320_40_lr014_eps020,28,6,0.5373322431379096,0.501538220790977,0.03579402234693263,0.8689588129640956
A_320_40_lr014_eps020,28,7,0.5640720960523498,0.5342233368311883,0.02984875922116148,0.9247431035469752
A_320_40_lr014_eps020,28,8,0.588750215651531,0.5611863337152829,0.027563881936248036,0.90802432830988
A_320_40_lr014_eps020,28,9,0.6011080547639694,0.5884510373263767,0.012657017437592732,0.6085392857723967
A_320_40_lr014_eps020,28,10,0.6224359461669143,0.6090290937343856,0.013406852432528704,0.7915704560558098
A_320_40_lr014_eps020,28,11,0.636333742502313,0.6257616268085857,0.010572115693727291,0.8211354010910187
A_320_40_lr014_eps020,28,12,0.6681632464072305,0.6466999841438735,0.02146326226335693,0.8652921776847925
A_320_40_lr014_eps020,28,13,0.6838741631357478,0.6617829386230591,0.022091224512688634,0.9573281694348356
A_320_40_lr014_eps020,28,14,0.6953872305050205,0.6780270939223264,0.017360136582694086,0.8895649681598109
A_320_40_lr014_eps020,28,15,0.7116753940459852,0.6914982250008893,0.020177169045095922,0.9446983311996889
A_320_40_lr014_eps020,28,16,0.7238470207987999,0.703409246552774,0.020437774246025886,0.9799330660750503
A_320_40_lr014_eps020,28,17,0.7341350393985747,0.7155019078677171,0.01863313153085766,0.940709256269045
A_320_40_lr014_eps020,28,18,0.7355444419039289,0.721612952980651,0.01393148892327789,0.9652907557203212
A_320_40_lr014_eps020,28,19,0.7441641631047522,0.7296234232777241,0.014540739827028082,0.9422089292588636
A_320_40_lr014_eps020,28,20,0.7508456973964935,0.737684322390717,0.013161375005776521,0.9565301211121404
A_320_40_lr014_eps020,28,21,0.7645759556739183,0.7426359410557174,0.021940014618200943,0.9587069127768145
A_320_40_lr014_eps020,28,22,0.7692306331114869,0.7556705877437749,0.013560045367711937,0.9557071102332706
A_320_40_lr014_eps020,28,23,0.7668783592472669,0.7612205672312038,0.00565779201606309,0.9274310889084839
A_320_40_lr014_eps020,28,24,0.782945196536198,0.7643736874417559,0.01857150909444205,0.9320110984976925
A_320_40_lr014_eps020,28,25,0.7864646281352878,0.7726643804357577,0.013800247699530144,0.9676393364458844
A_320_40_lr014_eps020,29,0,0.26409195184164375,0.26409195184164375,0.0,1.0
A_320_40_lr014_eps020,29,1,0.31322542648434676,0.30001555564336374,0.013209870840983018,0.8599240177875209
A_320_40_lr014_eps020,29,2,0.3408882631668821,0.3377290252107055,0.0031592379561765638,0.7095929404800327
A_320_40_lr014_eps020,29,3,0.397407783211451,0.3780073876356716,0.019400395575779383,0.9266383485450789
A_320_40_lr014_eps020,29,4,0.4415731374474106,0.4154000510058371,0.026173086441573512,0.7503248397012038
A_320_40_lr014_eps020,29,5,0.4648838039914383,0.44751998839856405,0.017363815592874254,0.8274178047381822
A_320_40_lr014_eps020,29,6,0.511478309636771,0.47950570732915143,0.03197260230761956,0.8349700456386127
A_320_40_lr014_eps020,29,7,0.5470573074214655,0.5125744988435902,0.034482808577875335,0.6552812110098891
A_320_40_lr014_eps020,29,8,0.5724340233341324,0.5431550230629276,0.02927900027120478,0.9084351426904873
A_320_40_lr014_eps020,29,9,0.6021283846369833,0.5641017151371361,0.03802666949984712,0.9094820573057344
A_320_40_lr014_eps020,29,10,0.6151695947141645,0.5879520340645745,0.027217560649590022,0.9428289849630556
A_320_40_lr014_eps020,29,11,0.6279752356761761,0.6077909606252627,0.02018427505091336,0.8997457159320381
A_320_40_lr014_eps020,29,12,0.6388843308905382,0.6255734335076703,0.013310897382867948,0.8711618468522409
A_320_40_lr014_eps020,29,13,0.6546919214780673,0.6429678310661665,0.011724090411900812,0.9606076576799325
A_320_40_lr014_eps020,29,14,0.665285003054085,0.6554971173870416,0.009787885667043361,0.8630055611959877
A_320_40_lr014_eps020,29,15,0.6887270943904472,0.6764945907600894,0.012232503630357772,0.7546199061640029
A_320_40_lr014_eps020,29,16,0.7058977618756512,0.6907912159670307,0.015106545908620483,0.9347060731618498
A_320_40_lr014_eps020,29,17,0.7153399324755161,0.7034661326974427,0.011873799778073346,0.9597880907719261
A_320_40_lr014_eps020,29,18,0.725053648542712,0.718197232984745,0.0068564155579670105,0.9638898426018573
A_320_40_lr014_eps020,29,19,0.7271698297577933,0.7279042421724796,-0.0007344124146863029,0.9356321193455486
A_320_40_lr014_eps020,29,20,0.7374510942407637,0.7354084252025251,0.002042669038238576,0.9702470376367897
A_320_40_lr014_eps020,29,21,0.7441163059016246,0.7439091106957394,0.00020719520588519114,0.8648663678650118
A_320_40_lr014_eps020,29,22,0.73694243504735,0.7505773039567659,-0.013634868909415898,0.9387967056924215
A_320_40_lr014_eps020,29,23,0.7621938721698547,0.7576176436024197,0.004576228567435003,0.920204013808228
A_320_40_lr014_eps020,29,24,0.7647081401928775,0.7639332873652178,0.0007748528276596556,0.9417436100298354
A_320_40_lr014_eps020,29,25,0.7733487279839334,0.7674774004855623,0.005871327498371048,0.8575771085322702
B_160_40_lr014_eps010,0,0,0.26409195184164375,0.26409195184164375,0.0,1.0
B_160_40_lr014_eps010,0,1,0.3127960399553261,0.29401027510225364,0.018785764853072484,0.8548724172787511
B_160_40_lr014_eps010,0,2,0.3456433891783096,0.3188479359014475,0.026795453276862113,0.731923688517252
B_160_40_lr014_eps010,0,3,0.4027707619823954,0.34537719695720387,0.05739356502519155,0.767658313358122
B_160_40_lr014_eps010,0,4,0.4449324820380166,0.38033483558175374,0.06459764645626287,0.9081518140015636
B_160_40_lr014_eps010,0,5,0.47162515757706197,0.41383293887113315,0.05779221870592882,0.6594146937783284
B_160_40_lr014_eps010,0,6,0.49143211443416,0.44874228580269365,0.042689828631466364,0.7177686474702177
B_160_40_lr014_eps010,0,7,0.546355575284006,0.4758955487191544,0.07046002656485162,0.7669364519950798
B_160_40_lr014_eps010,0,8,0.5707580185275961,0.49535932152916573,0.07539869699843038,0.9489684417258848
B_160_40_lr014_eps010,0,9,0.5830213099475832,0.5197407069303501,0.06328060301723304,0.8641133361428732
B_160_40_lr014_eps010,0,10,0.6051949197641605,0.5414409481968496,0.06375397156731089,0.9131773275150618
B_160_40_lr014_eps010,0,11,0.6223549097975719,0.559189951306573,0.0631649584909989,0.8035250087741609
B_160_40_lr014_eps010,0,12,0.6262102035598947,0.5781105493854646,0.04809965417443007,0.8968303906739729
B_160_40_lr014_eps010,0,13,0.6360516129496007,0.5908105830349515,0.04524102991464918,0.877330860311287
B_160_40_lr014_eps010,0,14,0.6623382347029639,0.6110779972528737,0.05126023745009023,0.959213112765845
B_160_40_lr014_eps010,0,15,0.669725907742243,0.6213864377831455,0.04833946995909755,0.7891281605610754
B_160_40_lr014_eps010,0,16,0.6765714152157688,0.634675673845406,0.04189574137036278,0.929296924484892
B_160_40_lr014_eps010,0,17,0.6840656085442904,0.6381999762437758,0.04586563230051466,0.9501492223435383
B_160_40_lr014_eps010,0,18,0.6988808631693517,0.6494655638223517,0.04941529934700006,0.7773128450906956
B_160_40_lr014_eps010,0,19,0.7022934029951792,0.6508454364524503,0.051447966542728873,0.9096352832813934
B_160_40_lr014_eps010,0,20,0.7080955082133514,0.6672835826919824,0.04081192552136903,0.8985550572319596
B_160_40_lr014_eps010,0,21,0.708680033917576,0.6727778953893483,0.035902138528227656,0.8286267184619057
B_160_40_lr014_eps010,0,22,0.708106181050027,0.6759869112143155,0.03211926983571145,0.8069332798613097
B_160_40_lr014_eps010,0,23,0.719036920552311,0.6848958925108859,0.03414102804142516,0.9194177535474356
B_160_40_lr014_eps010,0,24,0.7192622394865396,0.6839497761191097,0.03531246336742988,0.9240973522266105
B_160_40_lr014_eps010,0,25,0.7065916877605816,0.6931664506196901,0.0134252371408915,0.8434068209155863
B_160_40_lr014_eps010,1,0,0.26409195184164375,0.26409195184164375,0.0,1.0
B_160_40_lr014_eps010,1,1,0.3064890695126054,0.28862069315356864,0.017868376359036764,0.8016023766456724
B_160_40_lr014_eps010,1,2,0.3445424465760222,0.3146733605287605,0.029869086047261684,0.7042755882004047
B_160_40_lr014_eps010,1,3,0.38865886099716124,0.3445834598843511,0.044075401112810164,0.8792703961450953
B_160_40_lr014_eps010,1,4,0.4277515465612506,0.37577265767950846,0.051978888881742125,0.6994709145460272
B_160_40_lr014_eps010,1,5,0.479752590088653,0.40434584509793065,0.07540674499072236,0.7793141184852304
B_160_40_lr014_eps010,1,6,0.5066379617760542,0.43372382997259445,0.07291413180345979,0.9572114865278939
B_160_40_lr014_eps010,1,7,0.5323101366279925,0.4570177992023411,0.07529233742565145,0.8701815089428486
B_160_40_lr014_eps010,1,8,0.511353574660008,0.4837811703115827,0.027572404348425283,0.6373588093801831
B_160_40_lr014_eps010,1,9,0.5620091484099794,0.5022759049648717,0.059733243445107664,0.5692374236305867
B_160_40_lr014_eps010,1,10,0.5672762143682194,0.5310777655695685,0.03619844879865086,0.9003121429675188
B_160_40_lr014_eps010,1,11,0.5865727338191112,0.5470136394607705,0.03955909435834071,0.4129677133137966
B_160_40_lr014_eps010,1,12,0.6080567863892544,0.5729575503740245,0.03509923601522991,0.5537261457633301
B_160_40_lr014_eps010,1,13,0.6269010635948828,0.5935639258226262,0.033337137772256664,0.8871055194454655
B_160_40_lr014_eps010,1,14,0.6491242979703903,0.6113937421472023,0.03773055582318796,0.8239127214605313
B_160_40_lr014_eps010,1,15,0.6449211108674482,0.6209952230601348,0.023925887807313417,0.8771218699356769
B_160_40_lr014_eps010,1,16,0.641460202343542,0.6332782838732768,0.00818191847026517,0.8331694060839272
B_160_40_lr014_eps010,1,17,0.6632193443824703,0.6505555696685289,0.012663774713941423,0.779640728858719
B_160_40_lr014_eps010,1,18,0.6854348406450596,0.6641959001554342,0.02123894048962538,0.939975344188319
B_160_40_lr014_eps010,1,19,0.6679889096630379,0.6839618104073889,-0.015972900744350982,0.8319844861139706
B_160_40_lr014_eps010,1,20,0.6927198995819581,0.694744873013557,-0.0020249734315989087,0.8901534215783125
B_160_40_lr014_eps010,1,21,0.6922680130932422,0.7013060971429304,-0.0090380840496882,0.9062173557973157
B_160_40_lr014_eps010,1,22,0.6949181598157314,0.7094965236520162,-0.014578363836284858,0.9621493517421014
B_160_40_lr014_eps010,1,23,0.7189256688007089,0.709584218567682,0.009341450233026904,0.8996966567126605
B_160_40_lr014_eps010,1,24,0.7306862365096745,0.7208703883768531,0.009815848132821325,0.9330827308960752
B_160_40_lr014_eps010,1,25,0.715498131401471,0.7339253099003328,-0.018427178498861774,0.9066773124707231
B_160_40_lr014_eps010,2,0,0.26409195184164375,0.26409195184164375,0.0,1.0
B_160_40_lr014_eps010,2,1,0.32752692196378713,0.2984811842006361,0.029045737763151058,0.7274018226829655
B_160_40_lr014_eps010,2,2,0.36283910193053914,0.32798677791725744,0.0348523240132817,0.9102889520860499
B_160_40_lr014_eps010,2,3,0.3833133963578095,0.360677487001512,0.0226359093562975,0.9159282119470084
B_160_40_lr014_eps010,2,4,0.4273831600019357,0.39239941189991095,0.03498374810202476,0.5730393415453153
B_160_40_lr014_eps010,2,5,0.45531631883338985,0.4180244747768237,0.03729184405656616,0.70009863646379
B_160_40_lr014_eps010,2,6,0.47774057682575477,0.4429935995931693,0.03474697723258546,0.720984137880647
B_160_40_lr014_eps010,2,7,0.5216408360653421,0.47410644525875956,0.047534390806582505,0.7344072247141985
B_160_40_lr014_eps010,2,8,0.5454422551555707,0.49765758974171315,0.04778466541385751,0.8981937365237737
B_160_40_lr014_eps010,2,9,0.5640088191531657,0.5185967209846922,0.04541209816847347,0.6331006489987671
B_160_40_lr014_eps010,2,10,0.5790756165585277,0.5465842268368138,0.03249138972171384,0.8185182945831851
B_160_40_lr014_eps010,2,11,0.6135602817397553,0.5624182033853803,0.05114207835437501,0.8498536959975582
B_160_40_lr014_eps010,2,12,0.6190487147705543,0.5818798991191724,0.03716881565138197,0.7754152589718551
B_160_40_lr014_eps010,2,13,0.6494320533086051,0.6002930615175747,0.04913899179103043,0.7353498967264925
B_160_40_lr014_eps010,2,14,0.646654801721657,0.6113631521375508,0.035291649584106244,0.6690361108427129
B_160_40_lr014_eps010,2,15,0.6717055124633482,0.6297649738763804,0.04194053858696778,0.5340141636247574
B_160_40_lr014_eps010,2,16,0.6972103814773598,0.6489066421864593,0.04830373929090048,0.8865266054178347
B_160_40_lr014_eps010,2,17,0.683041451901351,0.6504229709319951,0.032618480969355934,0.8302149297167257
B_160_40_lr014_eps010,2,18,0.7072964187774221,0.6648329824373391,0.04246343634008298,0.8010763082598311
B_160_40_lr014_eps010,2,19,0.7293004472698025,0.680709252228041,0.04859119504176146,0.8898814096284484
B_160_40_lr014_eps010,2,20,0.7371513117728462,0.6912439738135296,0.04590733795931656,0.9216057370214589
B_160_40_lr014_eps010,2,21,0.7150217886548784,0.7136924693232106,0.0013293193316677998,0.6332924318792957
B_160_40_lr014_eps010,2,22,0.7106518380451281,0.7219915183854794,-0.011339680340351266,0.44044295538985295
B_160_40_lr014_eps010,2,23,0.753278041447956,0.7253563827045795,0.027921658743376487,0.7306501767536572
B_160_40_lr014_eps010,2,24,0.7116153167133087,0.7312269798440844,-0.01961166313077567,0.7255080016326043
B_160_40_lr014_eps010,2,25,0.7302558348733208,0.7331673958152561,-0.0029115609419353428,0.8983198835720491
B_160_40_lr014_eps010,3,0,0.26409195184164375,0.26409195184164375,0.0,1.0
B_160_40_lr014_eps010,3,1,0.30263390433105486,0.2918415811683138,0.010792323162741035,0.863813568118204
B_160_40_lr014_eps010,3,2,0.34289311272951173,0.3214737239617179,0.021419388767793812,0.809949369776706
B_160_40_lr014_eps010,3,3,0.39583330070299527,0.3589484061811389,0.03688489452185639,0.7118638582776735
B_160_40_lr014_eps010,3,4,0.4262949476439659,0.38944282468253666,0.03685212296142926,0.8839964468089664
B_160_40_lr014_eps010,3,5,0.4715085762686485,0.416096033769099,0.05541254249954952,0.8210419208270566
B_160_40_lr014_eps010,3,6,0.5054684361181476,0.44602510190049033,0.059443334217657295,0.9426689621700147
B_160_40_lr014_eps010,3,7,0.523164243822448,0.46122811401427793,0.06193612980817004,0.6093165878530353
B_160_40_lr014_eps010,3,8,0.5477963760371323,0.49406221222845675,0.05373416380867552,0.890567191033178
B_160_40_lr014_eps010,3,9,0.5799656469498883,0.5147467870843186,0.06521885986556963,0.8618848206980139
B_160_40_lr014_eps010,3,10,0.5743497889276986,0.543626092766579,0.030723696161119585,0.8536479385241305
B_160_40_lr014_eps010,3,11,0.5966121099839049,0.560668362400865,0.035943747583039865,0.8277397947035403
B_160_40_lr014_eps010,3,12,0.5977920167311244,0.5768659807888911,0.0209260359422333,0.8989580642047931
B_160_40_lr014_eps010,3,13,0.6182314213511005,0.5869615954311974,0.03126982591990313,0.8994188882735552
B_160_40_lr014_eps010,3,14,0.6275529130641926,0.5967821348318767,0.030770778232315887,0.8299301132977653
B_160_40_lr014_eps010,3,15,0.6355904069986471,0.6032403564255576,0.032350050573089484,0.8714953002595034
B_160_40_lr014_eps010,3,16,0.6469180355545299,0.6064701688728011,0.04044786668172873,0.8613338304417992
B_160_40_lr014_eps010,3,17,0.6499182347456549,0.6137992925729191,0.03611894217273581,0.917674721010042
B_160_40_lr014_eps010,3,18,0.6651749738725186,0.6193858093126499,0.0457891645598687,0.9360777199477952
B_160_40_lr014_eps010,3,19,0.66207878037676,0.6391606073532913,0.02291817302346877,0.9275104948507351
B_160_40_lr014_eps010,3,20,0.6732308713994392,0.6525269894174713,0.02070388198196782,0.9191887021451336
B_160_40_lr014_eps010,3,21,0.667169322900468,0.6626836014029679,0.00448572149750015,0.8747333629086218
B_160_40_lr014_eps010,3,22,0.6701517943134893,0.6616572071795503,0.008494587133938913,0.8462541809837
B_160_40_lr014_eps010,3,23,0.6699560433367786,0.6727388667519296,-0.0027828234151510145,0.8001678380779069
B_160_40_lr014_eps010,3,24,0.683954139110337,0.6920316308396292,-0.008077491729292174,0.8979243873868012
B_160_40_lr014_eps010,3,25,0.6894153960730707,0.6957668787740325,-0.0063514827009618635,0.8946024467343269
B_160_40_lr014_eps010,4,0,0.26409195184164375,0.26409195184164375,0.0,1.0
B_160_40_lr014_eps010,4,1,0.32050882420042015,0.2891832304759722,0.03132559372444793,0.6934993174417704
B_160_40_lr014_eps010,4,2,0.35643853832139866,0.3225111985935861,0.03392733972781253,0.8980734668358841
B_160_40_lr014_eps010,4,3,0.38762921346808127,0.35805367337991945,0.029575540088161822,0.8982330795815782
B_160_40_lr014_eps010,4,4,0.3842839781252489,0.3863192165067543,-0.002035238381505433,0.42329811975869436
B_160_40_lr014_eps010,4,5,0.4172135706095497,0.41447818268277264,0.0027353879267770775,0.9357538912810706
B_160_40_lr014_eps010,4,6,0.4377330665081301,0.4375316807363915,0.00020138577173861583,0.8653095806761643
B_160_40_lr014_eps010,4,7,0.4421783551579597,0.46566219286843197,-0.023483837710472244,0.6647967502220343
B_160_40_lr014_eps010,4,8,0.49647897831946985,0.49440195598426434,0.002077022335205514,0.4263831587499746
B_160_40_lr014_eps010,4,9,0.5185083279643837,0.525980181773289,-0.007471853808905249,0.4947046884823016
B_160_40_lr014_eps010,4,10,0.5266981330770674,0.547235624190885,-0.02053749111381764,0.7843329019170879
B_160_40_lr014_eps010,4,11,0.5368359546860789,0.5686633452567009,-0.031827390570622005,0.7271628037741741
B_160_40_lr014_eps010,4,12,0.5896882195184988,0.5843802302587511,0.005307989259747736,0.5328601626061241
B_160_40_lr014_eps010,4,13,0.6214939757285678,0.6008818523420734,0.02061212338649443,0.6162838088116617
B_160_40_lr014_eps010,4,14,0.619081853463415,0.6174322975541815,0.0016495559092335466,0.9534780388660801
B_160_40_lr014_eps010,4,15,0.6549644986997,0.6278002578363431,0.027164240863356892,0.9143329378237185
B_160_40_lr014_eps010,4,16,0.6616197742498023,0.6407152171043183,0.020904557145484004,0.947910659559333
B_160_40_lr014_eps010,4,17,0.6632451005297054,0.6552326516535044,0.008012448876201006,0.7895701929075506
B_160_40_lr014_eps010,4,18,0.6714206216023022,0.6643554489648253,0.0070651726374768575,0.9396657655848948
B_160_40_lr014_eps010,4,19,0.6856953914621998,0.6743505828437416,0.011344808618458213,0.9065582620976674
B_160_40_lr014_eps010,4,20,0.6977729661400136,0.6826922114178744,0.015080754722139211,0.8019170665928494
B_160_40_lr014_eps010,4,21,0.7009594321015151,0.6805830383081276,0.020376393793387515,0.9732862095797843
B_160_40_lr014_eps010,4,22,0.7046487096834909,0.7045349112774799,0.00011379840601100089,0.8946019305704696
B_160_40_lr014_eps010,4,23,0.718618027330404,0.7125907882854989,0.006027239044905097,0.9204100693206397
B_160_40_lr014_eps010,4,24,0.7216860713251366,0.7142457135181786,0.0074403578069580645,0.8633069431377717
B_160_40_lr014_eps010,4,25,0.7063011126455215,0.7169949259418607,-0.010693813296339116,0.8496746595158147
B_160_40_lr014_eps010,5,0,0.26409195184164375,0.26409195184164375,0.0,1.0
B_160_40_lr014_eps010,5,1,0.31426147037516833,0.2901173935085887,0.024144076866579656,0.8123228544977885
B_160_40_lr014_eps010,5,2,0.3686833147552271,0.3200128082283861,0.04867050652684096,0.8702758100249474
B_160_40_lr014_eps010,5,3,0.39922300334292293,0.3490273144027827,0.05019568894014026,0.8905326000414703
B_160_40_lr014_eps010,5,4,0.4241512086144623,0.37057804869054783,0.05357315992391448,0.8414707483029821
B_160_40_lr014_eps010,5,5,0.4731563459786329,0.4060292508735676,0.06712709510506526,0.7493398883204204
B_160_40_lr014_eps010,5,6,0.4993118784762832,0.42966970252774633,0.06964217594853689,0.8868120687877289
B_160_40_lr014_eps010,5,7,0.5077987250514857,0.46175395121423723,0.046044773837248476,0.6157756970532571
B_160_40_lr014_eps010,5,8,0.5402723238068617,0.49059361370459675,0.04967871010226499,0.8106761714434328
B_160_40_lr014_eps010,5,9,0.5648779172949421,0.5212806139809557,0.04359730331398637,0.8785006242317545
B_160_40_lr014_eps010,5,10,0.5818162892291712,0.5442264379997613,0.03758985122940983,0.6108916517707683
B_160_40_lr014_eps010,5,11,0.5964513694396834,0.5662440190411406,0.03020735039854272,0.8295668739091252
B_160_40_lr014_eps010,5,12,0.5912219493782591,0.5826317791969617,0.008590170181297374,0.9241254877226399
B_160_40_lr014_eps010,5,13,0.6089246538754947,0.5966752797759318,0.012249374099562838,0.8829766044129642
B_160_40_lr014_eps010,5,14,0.622090512882416,0.6162444994393869,0.005846013443029152,0.8894621781829379
B_160_40_lr014_eps010,5,15,0.6171329539514081,0.6313627773012442,-0.014229823349836135,0.8050949702722416
B_160_40_lr014_eps010,5,16,0.6205785420268408,0.6424097671120754,-0.021831225085234607,0.7095067556900502
B_160_40_lr014_eps010,5,17,0.6402152234880082,0.6525113127715657,-0.01229608928355752,0.849865796747612
B_160_40_lr014_eps010,5,18,0.6440770221375084,0.6642865142693105,-0.02020949213180212,0.8218280213037905
B_160_40_lr014_eps010,5,19,0.652184924601994,0.6758466105451589,-0.02366168594316498,0.9406180604540682
B_160_40_lr014_eps010,5,20,0.6601750538949973,0.6826957254901934,-0.022520671595196107,0.9430748601394199
B_160_40_lr014_eps010,5,21,0.6563076830259656,0.6922597749367213,-0.03595209191075566,0.9159691909317005
B_160_40_lr014_eps010,5,22,0.6682995361904694,0.7065530201732857,-0.03825348398281625,0.9420284541899965
B_160_40_lr014_eps010,5,23,0.6719464323830409,0.7149236995191481,-0.04297726713610728,0.9161126354201844
B_160_40_lr014_eps010,5,24,0.6678675247055337,0.7211040435394431,-0.05323651883390945,0.861656663353511
B_160_40_lr014_eps010,5,25,0.6871115292585996,0.7246554388636742,-0.03754390960507459,0.5818168110946017
B_160_40_lr014_eps010,6,0,0.26409195184164375,0.26409195184164375,0.0,1.0
B_160_40_lr014_eps010,6,1,0.3082757617878933,0.2858371826749548,0.022438579112938506,0.9185911398872645
B_160_40_lr014_eps010,6,2,0.353338874503913,0.3137823360288899,0.039556538475023106,0.8100834591186462
B_160_40_lr014_eps010,6,3,0.40545876015913906,0.34094450277166605,0.06451425738747302,0.8590114721649944
B_160_40_lr014_eps010,6,4,0.4259660934807162,0.36896982547967927,0.05699626800103691,0.8151162819207303
B_160_40_lr014_eps010,6,5,0.4615987486660022,0.39429167042153856,0.06730707824446364,0.6211035744687639
B_160_40_lr014_eps010,6,6,0.516466373686334,0.41931973687183133,0.09714663681450264,0.8307409013266215
B_160_40_lr014_eps010,6,7,0.5216355678605885,0.4579708348858096,0.06366473297477893,0.8433645218963847
B_160_40_lr014_eps010,6,8,0.559331241717824,0.4870486534369438,0.07228258828088019,0.7543371256255115
B_160_40_lr014_eps010,6,9,0.5330173194342968,0.5105080213690063,0.02250929806529045,0.7721977791083485
B_160_40_lr014_eps010,6,10,0.585750225581933,0.5306477333643419,0.055102492217591115,0.6820676735323014
B_160_40_lr014_eps010,6,11,0.6077459112137991,0.5528551627308317,0.05489074848296738,0.9111553386830864
B_160_40_lr014_eps010,6,12,0.640097402833023,0.5831597410648801,0.056937661768142855,0.768080000959851
B_160_40_lr014_eps010,6,13,0.6478068297613621,0.5953613686010223,0.05244546116033977,0.582097859228235
B_160_40_lr014_eps010,6,14,0.6630485480499628,0.6087400113999837,0.054308536649979144,0.9400556426783074
B_160_40_lr014_eps010,6,15,0.6813321653238209,0.621726584136755,0.05960558118706594,0.8544201262263547
B_160_40_lr014_eps010,6,16,0.6893680101189064,0.6373387202702498,0.05202928984865651,0.8500653757782399
B_160_40_lr014_eps010,6,17,0.7011271861318775,0.639476328437332,0.06165085769454548,0.9171433210299628
B_160_40_lr014_eps010,6,18,0.7076214581869675,0.6515844723449356,0.05603698584203198,0.9314526536731198
B_160_40_lr014_eps010,6,19,0.709323545597288,0.6581800687557678,0.05114347684152021,0.9574825677178699
B_160_40_lr014_eps010,6,20,0.7150623783999956,0.6570182231207073,0.0580441552792883,0.9486134020257068
B_160_40_lr014_eps010,6,21,0.6960957037778779,0.6741639866023985,0.02193171717547937,0.7799202707354551
B_160_40_lr014_eps010,6,22,0.7127221194181117,0.6763532259815435,0.03636889343656824,0.8065098713446311
B_160_40_lr014_eps010,6,23,0.7332964791856452,0.6919626256961107,0.041333853489534556,0.9363423859630675
B_160_40_lr014_eps010,6,24,0.7407754649554515,0.6987771790187445,0.04199828593670707,0.9294525119551007
B_160_40_lr014_eps010,6,25,0.7373805123957689,0.7058179958773233,0.03156251651844555,0.9000955033287065
B_160_40_lr014_eps010,7,0,0.26409195184164375,0.26409195184164375,0.0,1.0
B_160_40_lr014_eps010,7,1,0.3070985490411553,0.29664827630837753,0.010450272732777766,0.6008988934940569
B_160_40_lr014_eps010,7,2,0.34136040489063973,0.33313473035887664,0.008225674531763094,0.9264414484045996
B_160_40_lr014_eps010,7,3,0.34563358249139253,0.36211543092535875,-0.016481848433966217,0.20325081578499177
B_160_40_lr014_eps010,7,4,0.4135100588484428,0.3913506075599235,0.02215945128851926,0.6487801106245121
B_160_40_lr014_eps010,7,5,0.4678757412729007,0.42111076101505973,0.04676498025784098,0.6903138360243575
B_160_40_lr014_eps010,7,6,0.503902380579702,0.4501257855557773,0.053776595023924734,0.8682012974238954
B_160_40_lr014_eps010,7,7,0.5320097996193467,0.47941996331329173,0.05258983630605496,0.8726393591620937
B_160_40_lr014_eps010,7,8,0.5309527176791,0.5096114645284132,0.0213412531506868,0.8583482239900606
B_160_40_lr014_eps010,7,9,0.5591620388677232,0.5356929354982729,0.023469103369450295,0.3735416579858192
B_160_40_lr014_eps010,7,10,0.5955881181359709,0.5561765613877865,0.03941155674818442,0.8082714281179305
B_160_40_lr014_eps010,7,11,0.5978075022269776,0.577393987594231,0.020413514632746654,0.8754395966473462
B_160_40_lr014_eps010,7,12,0.6274654716967295,0.5893491073257812,0.03811636437094834,0.8557179919396228
B_160_40_lr014_eps010,7,13,0.6453548658194782,0.6045745432878513,0.04078032253162689,0.5814262672826259
B_160_40_lr014_eps010,7,14,0.6556340996125,0.6134900868121801,0.042144012800319874,0.8976307103063621
B_160_40_lr014_eps010,7,15,0.6601059824243064,0.6249218227211417,0.035184159703164686,0.8158484146698352
B_160_40_lr014_eps010,7,16,0.2695074056281523,0.634940449853629,-0.3654330442254767,0.037742309584459115
B_160_40_lr014_eps010,7,17,0.5085850006580929,0.6478131047474742,-0.13922810408938135,0.2574126780688993
B_160_40_lr014_eps010,7,18,0.18847590245434034,0.650067628994158,-0.4615917265398177,0.11991709223064327
B_160_40_lr014_eps010,7,19,0.2923349263586332,0.6650400782905718,-0.3727051519319386,0.5837687683155125
B_160_40_lr014_eps010,7,20,0.41920964693124385,0.6718295083798028,-0.25261986144855897,0.5256906952872441
B_160_40_lr014_eps010,7,21,0.5535027497390549,0.6750359667951195,-0.12153321705606457,0.5155686844831099
B_160_40_lr014_eps010,7,22,0.623211119045513,0.6723007870246454,-0.04908966797913239,0.6883778829532008
B_160_40_lr014_eps010,7,23,0.6411537589248025,0.6879947830508849,-0.046841024126082376,0.7483226270273923
B_160_40_lr014_eps010,7,24,0.6385132040024643,0.6980597660692901,-0.05954656206682585,0.9474105373953501
B_160_40_lr014_eps010,7,25,0.6186658815012915,0.7060908766672122,-0.08742499516592062,0.8795206600452715
B_160_40_lr014_eps010,8,0,0.26409195184164375,0.26409195184164375,0.0,1.0
B_160_40_lr014_eps010,8,1,0.31122844557390406,0.2905626588357978,0.020665786738106262,0.9247613601702098
B_160_40_lr014_eps010,8,2,0.3564062284540538,0.31410659418233877,0.042299634271715014,0.8949222790273454
B_160_40_lr014_eps010,8,3,0.4010047113384083,0.34855037518805493,0.05245433615035339,0.8525808790156122
B_160_40_lr014_eps010,8,4,0.4310755765688437,0.37888073327833766,0.052194843290506054,0.8512347411120266
B_160_40_lr014_eps010,8,5,0.452016536521091,0.4096254207903815,0.04239111573070947,0.7286714340322236
B_160_40_lr014_eps010,8,6,0.49157406170478846,0.4432864277771625,0.04828763392762597,0.7956902376691466
B_160_40_lr014_eps010,8,7,0.5388003335120619,0.4686853497114474,0.07011498380061454,0.818026024030749
B_160_40_lr014_eps010,8,8,0.5647340839703653,0.5017317881268414,0.0630022958435239,0.8437408589388407
B_160_40_lr014_eps010,8,9,0.5866424360074135,0.5238905559100921,0.06275188009732136,0.6392553942266386
B_160_40_lr014_eps010,8,10,0.6214711280372376,0.5506641376522439,0.07080699038499372,0.8859361992545547
B_160_40_lr014_eps010,8,11,0.6227205862477481,0.5701556478622343,0.05256493838551379,0.8260699598176808
B_160_40_lr014_eps010,8,12,0.6272786988494798,0.5904899555092729,0.036788743340206986,0.8432873785160929
B_160_40_lr014_eps010,8,13,0.6417803549541222,0.6105001142563031,0.031280240697819095,0.900918202995719
B_160_40_lr014_eps010,8,14,0.5643384854708697,0.6252201798412339,-0.06088169437036417,0.3907307129542397
B_160_40_lr014_eps010,8,15,0.6675611131030733,0.6354820696912459,0.032079043411827435,0.5218096489521917
B_160_40_lr014_eps010,8,16,0.6791638033189804,0.6466651301399002,0.03249867317908017,0.9430512964830637
B_160_40_lr014_eps010,8,17,0.6968629514770641,0.6587170382882211,0.03814591318884297,0.9170987261629063
B_160_40_lr014_eps010,8,18,0.6913661299765257,0.6677899246179806,0.0235762053585451,0.8647946352029484
B_160_40_lr014_eps010,8,19,0.7053037565409103,0.6850958376057659,0.020207918935144398,0.7894893694102951
B_160_40_lr014_eps010,8,20,0.7073647489377013,0.6918543900313534,0.015510358906347887,0.9157787285848203
B_160_40_lr014_eps010,8,21,0.704288006902575,0.6869715662662008,0.017316440636374164,0.7801388961379896
B_160_40_lr014_eps010,8,22,0.7257510486499393,0.7076064868619932,0.0181445617879461,0.7902648830054366
B_160_40_lr014_eps010,8,23,0.7088599779092122,0.7157775925945948,-0.006917614685382656,0.8926952611572687
B_160_40_lr014_eps010,8,24,0.7297344728554815,0.7226131419863702,0.007121330869111375,0.7880652974367913
B_160_40_lr014_eps010,8,25,0.7352999798825631,0.7289058918561911,0.00639408802637198,0.9365556646016528
B_160_40_lr014_eps010,9,0,0.26409195184164375,0.26409195184164375,0.0,1.0
B_160_40_lr014_eps010,9,1,0.3162179252428318,0.2953030129657173,0.020914912277114506,0.777304695558982
B_160_40_lr014_eps010,9,2,0.3706217596910259,0.32689368472447167,0.04372807496655423,0.8005541503936459
B_160_40_lr014_eps010,9,3,0.3683661084120984,0.36046709252902437,0.007899015883074012,0.7283144371973628
B_160_40_lr014_eps010,9,4,0.4143597948590271,0.3928391802814233,0.02152061457760379,0.8260136634709773
B_160_40_lr014_eps010,9,5,0.4538417289356533,0.4224044021826695,0.031437326752983774,0.7899085517730524
B_160_40_lr014_eps010,9,6,0.474226076719843,0.4437714076069471,0.030454669112895905,0.8399777245315455
B_160_40_lr014_eps010,9,7,0.5138127103506639,0.47418953342756615,0.03962317692309775,0.5299152087302287
B_160_40_lr014_eps010,9,8,0.5482506540030948,0.4989005809888881,0.049350073014206686,0.66846926850953
B_160_40_lr014_eps010,9,9,0.5702583283937198,0.5221623689475031,0.048095959446216696,0.8264015168475032
B_160_40_lr014_eps010,9,10,0.5694401872553588,0.5376198441193948,0.031820343135964047,0.7986521707071358
B_160_40_lr014_eps010,9,11,0.5909498171603558,0.5671145686002537,0.023835248560102107,0.8335234828160762
B_160_40_lr014_eps010,9,12,0.6052992123239236,0.5741135406498777,0.031185671674045845,0.9607837417466165
B_160_40_lr014_eps010,9,13,0.6182912372039119,0.5966735359740718,0.02161770122984008,0.8661614527051764
B_160_40_lr014_eps010,9,14,0.628146958235722,0.6059692839923898,0.02217767424333217,0.8924967176184235
B_160_40_lr014_eps010,9,15,0.6533434801494268,0.6268893949141103,0.02645408523531645,0.8546612814387314
B_160_40_lr014_eps010,9,16,0.6494026498981574,0.6321800112652307,0.017222638632926723,0.8380942137489766
B_160_40_lr014_eps010,9,17,0.6573546402886863,0.648897475206274,0.008457165082412232,0.8694209533320159
B_160_40_lr014_eps010,9,18,0.6730861570598621,0.6637169098266579,0.009369247233204203,0.9055852046405892
B_160_40_lr014_eps010,9,19,0.6564893304247849,0.6725545847741102,-0.016065254349325375,0.4835190044021601
B_160_40_lr014_eps010,9,20,0.6445156301363604,0.6829357175608021,-0.038420087424441696,0.2911578201126883
B_160_40_lr014_eps010,9,21,0.700743266270273,0.6825903298717177,0.018152936398555197,0.7133945540554164
B_160_40_lr014_eps010,9,22,0.6892199871912246,0.6908221074741319,-0.0016021202829072934,0.8727618738105973
B_160_40_lr014_eps010,9,23,0.70794015996656,0.6896605713792059,0.018279588587354123,0.6266771801772031
B_160_40_lr014_eps010,9,24,0.7102347954723022,0.702366947449619,0.007867848022683144,0.8245400451603119
B_160_40_lr014_eps010,9,25,0.7109910088892081,0.7163941506351513,-0.005403141745943252,0.9246910603195317
B_160_40_lr014_eps010,10,0,0.26409195184164375,0.26409195184164375,0.0,1.0
B_160_40_lr014_eps010,10,1,0.31408515560400735,0.29132663326235114,0.022758522341656207,0.7741928956483941
B_160_40_lr014_eps010,10,2,0.34926232943411195,0.31938660684811726,0.02987572258599469,0.8600768041905233
B_160_40_lr014_eps010,10,3,0.3886418898627204,0.3483873857678111,0.04025450409490933,0.7301823832671049
B_160_40_lr014_eps010,10,4,0.42721925410823786,0.3804454344006578,0.046773819707580044,0.871720095251647
B_160_40_lr014_eps010,10,5,0.4685157351791041,0.4167934537037012,0.05172228147540292,0.7633092207145121
B_160_40_lr014_eps010,10,6,0.4986203029435663,0.4486685320412072,0.04995177090235908,0.731056258466779
B_160_40_lr014_eps010,10,7,0.5280424489304568,0.48478162192708724,0.043260827003369584,0.7977090875321633
B_160_40_lr014_eps010,10,8,0.5398230357608371,0.5123499783718765,0.027473057388960664,0.9097273302641238
B_160_40_lr014_eps010,10,9,0.5555414518314985,0.526984182054744,0.028557269776754546,0.8743977710991421
B_160_40_lr014_eps010,10,10,0.5804851312496995,0.5513805566725788,0.02910457457712068,0.5849663926478791
B_160_40_lr014_eps010,10,11,0.5856522031352497,0.5693160356957474,0.01633616743950228,0.7687718695691717
B_160_40_lr014_eps010,10,12,0.608532601489767,0.588547142152203,0.019985459337563904,0.7064721536039227
B_160_40_lr014_eps010,10,13,0.6150487364941647,0.6133537441456716,0.0016949923484931295,0.8297864737078805
B_160_40_lr014_eps010,10,14,0.6287349718131354,0.6176201940694125,0.011114777743722937,0.7488233468816212
B_160_40_lr014_eps010,10,15,0.6317229420297287,0.6374626222837191,-0.005739680253990409,0.8705300776050215
B_160_40_lr014_eps010,10,16,0.6292453385140679,0.6541860551745136,-0.024940716660445617,0.6217042572617247
B_160_40_lr014_eps010,10,17,0.6526289337112455,0.6602426937567316,-0.007613760045486084,0.7446075108717001
B_160_40_lr014_eps010,10,18,0.6743530985407722,0.6772842863918053,-0.002931187851033079,0.7517107945392103
B_160_40_lr014_eps010,10,19,0.6819437407785196,0.6868907269948415,-0.004946986216321947,0.901969584522891
B_160_40_lr014_eps010,10,20,0.6408706319466312,0.6911715499967548,-0.0503009180501236,0.6152401747809264
B_160_40_lr014_eps010,10,21,0.6912873167987966,0.7049903500387737,-0.013703033239977125,0.8223733042299516
B_160_40_lr014_eps010,10,22,0.6937319507848677,0.7033448447095073,-0.009612893924639598,0.750386745749309
B_160_40_lr014_eps010,10,23,0.7090043855163669,0.7123478047496153,-0.0033434192332484347,0.889657743706586
B_160_40_lr014_eps010,10,24,0.7199352087373511,0.7294238114762671,-0.009488602738916052,0.9090081930386498
B_160_40_lr014_eps010,10,25,0.7216911800392919,0.7316524331483055,-0.009961253109013635,0.7715158720636264
B_160_40_lr014_eps010,11,0,0.26409195184164375,0.26409195184164375,0.0,1.0
B_160_40_lr014_eps010,11,1,0.286037350180181,0.2908612367718929,-0.004823886591711901,0.6420148170353074
B_160_40_lr014_eps010,11,2,0.3436193957927899,0.31952068072178486,0.024098715071005028,0.8041749573235625
B_160_40_lr014_eps010,11,3,0.388796773941702,0.3454786532645621,0.04331812067713986,0.79283757810889
B_160_40_lr014_eps010,11,4,0.4333754348479555,0.3773127257441722,0.056062709103783304,0.8965918498893325
B_160_40_lr014_eps010,11,5,0.439814940330203,0.408783804053818,0.03103113627638504,0.6162373977291514
B_160_40_lr014_eps010,11,6,0.478264938219651,0.43624851955690747,0.04201641866274353,0.8359035827859955
B_160_40_lr014_eps010,11,7,0.5072691723646121,0.46596206677168683,0.041307105592925275,0.5757220372679882
B_160_40_lr014_eps010,11,8,0.5458353650050112,0.49589474701073555,0.04994061799427563,0.7587956413459834
B_160_40_lr014_eps010,11,9,0.578613349874046,0.5196791301740845,0.05893421969996149,0.9317812489629811
B_160_40_lr014_eps010,11,10,0.5895147840040782,0.5412789819587316,0.04823580204534661,0.9107720065343292
B_160_40_lr014_eps010,11,11,0.5926263831172218,0.5620073430735053,0.030619040043716517,0.9206868283038647
B_160_40_lr014_eps010,11,12,0.6329177932710087,0.579735283576281,0.05318250969472771,0.7102208628733481
B_160_40_lr014_eps010,11,13,0.6476164162992604,0.5933813636504086,0.054235052648851756,0.8841919152540403
B_160_40_lr014_eps010,11,14,0.6503317846322437,0.6112878674487485,0.0390439171834952,0.7984757995100676
B_160_40_lr014_eps010,11,15,0.6174325406339778,0.6181342714226815,-0.000701730788703725,0.7294621593317221
B_160_40_lr014_eps010,11,16,0.652209031100104,0.6227243575377536,0.029484673562350405,0.8398760830613426
B_160_40_lr014_eps010,11,17,0.6654191840337321,0.6332015123842067,0.03221767164952538,0.9378150615624067
B_160_40_lr014_eps010,11,18,0.6814807825770451,0.6486563337681335,0.032824448808911666,0.801149708491436
B_160_40_lr014_eps010,11,19,0.6862066978963268,0.6679755232938941,0.01823117460243273,0.8155742460755472
B_160_40_lr014_eps010,11,20,0.7082017261538429,0.6791754296285892,0.02902629652525368,0.8896144914032017
B_160_40_lr014_eps010,11,21,0.7097446371439764,0.6930022408683475,0.0167423962756289,0.9374286235730503
B_160_40_lr014_eps010,11,22,0.7170639820985137,0.7005007869454827,0.016563195153031063,0.9140023921595889
B_160_40_lr014_eps010,11,23,0.7123837068499257,0.7030790691372004,0.009304637712725272,0.8511461652078787
B_160_40_lr014_eps010,11,24,0.6994275285629747,0.7019473543604187,-0.0025198257974439198,0.7923172806699793
B_160_40_lr014_eps010,11,25,0.732008862855669,0.7220997322888978,0.00990913056677123,0.7886180231985183
B_160_40_lr014_eps010,12,0,0.26409195184164375,0.26409195184164375,0.0,1.0
B_160_40_lr014_eps010,12,1,0.3018665347181654,0.2895604557065881,0.012306079011577264,0.6700119255943052
B_160_40_lr014_eps010,12,2,0.33297596885584774,0.3169986046207543,0.01597736423509344,0.563631001484784
B_160_40_lr014_eps010,12,3,0.36124496130320577,0.34232267418157103,0.01892228712163474,0.7343764240898526
B_160_40_lr014_eps010,12,4,0.4184250975768632,0.3784991227115336,0.039925974865329616,0.7736347908914384
B_160_40_lr014_eps010,12,5,0.4625871871175623,0.4066486817694564,0.055938505348105905,0.926205223311843
B_160_40_lr014_eps010,12,6,0.5109409142368755,0.4414489895566771,0.06949192468019838,0.8724196792190504
B_160_40_lr014_eps010,12,7,0.5230469255921635,0.4725810317630275,0.050465893829135966,0.6471099343743815
B_160_40_lr014_eps010,12,8,0.538391951085392,0.4971149680366235,0.04127698304876848,0.7173520887800926
B_160_40_lr014_eps010,12,9,0.6019248670668034,0.5225130271874674,0.07941183987933598,0.6422980345088471
B_160_40_lr014_eps010,12,10,0.6067461356468751,0.5413366089101596,0.06540952673671552,0.919973219825691
B_160_40_lr014_eps010,12,11,0.6393572398024245,0.5587565325407545,0.08060070726167001,0.8215217926697693
B_160_40_lr014_eps010,12,12,0.6398786208547794,0.5740245550526114,0.06585406580216802,0.8867812100962871
B_160_40_lr014_eps010,12,13,0.6561079272068475,0.5917501922732925,0.06435773493355501,0.8893565063277047
B_160_40_lr014_eps010,12,14,0.6717953232825273,0.6015543808705172,0.07024094241201018,0.8701350505883075
B_160_40_lr014_eps010,12,15,0.694769379382553,0.6199511561814794,0.07481822320107356,0.8088341562583015
B_160_40_lr014_eps010,12,16,0.6876403052977003,0.6297355435859698,0.057904761711730424,0.8615310410983447
B_160_40_lr014_eps010,12,17,0.7173519391094033,0.6366152790828831,0.08073666002652025,0.9354226640845696
B_160_40_lr014_eps010,12,18,0.7182485391016981,0.6510940506179363,0.06715448848376171,0.8715775630697983
B_160_40_lr014_eps010,12,19,0.7090230474181216,0.6663803903824648,0.04264265703565684,0.892162970075092
B_160_40_lr014_eps010,12,20,0.7387975465042372,0.6799278175284115,0.058869728975825764,0.8919020382943258
B_160_40_lr014_eps010,12,21,0.7528757116297731,0.6925957066303313,0.06028000499944175,0.8398636011161026
B_160_40_lr014_eps010,12,22,0.73998984720583,0.6961589961524075,0.04383085105342255,0.813659963199484
B_160_40_lr014_eps010,12,23,0.7543160676801643,0.7026067411068654,0.051709326573298964,0.8439072877391431
B_160_40_lr014_eps010,12,24,0.7629701520834637,0.701972581990446,0.06099757009301776,0.910695023336722
B_160_40_lr014_eps010,12,25,0.7757995275250579,0.7072747350048723,0.06852479252018562,0.9623968053263219
B_160_40_lr014_eps010,13,0,0.26409195184164375,0.26409195184164375,0.0,1.0
B_160_40_lr014_eps010,13,1,0.30580233953696717,0.2920410569615884,0.013761282575378786,0.7760195335028499
B_160_40_lr014_eps010,13,2,0.35199621852756396,0.31805066986258307,0.033945548664980896,0.8554760539455907
B_160_40_lr014_eps010,13,3,0.39079746109357616,0.3449472659366737,0.045850195156902473,0.8968295561244742
B_160_40_lr014_eps010,13,4,0.42318266355601925,0.37247788152230216,0.05070478203371709,0.8005814602527422
B_160_40_lr014_eps010,13,5,0.4813869835310161,0.3968181984982087,0.0845687850328074,0.7287359091800961
B_160_40_lr014_eps010,13,6,0.4933261879472186,0.4239924710420375,0.06933371690518109,0.849895536508115
B_160_40_lr014_eps010,13,7,0.5287055706137914,0.4523423220374403,0.07636324857635113,0.616430350487942
B_160_40_lr014_eps010,13,8,0.5466773926199775,0.4746686719794679,0.07200872064050962,0.9258642629429009
B_160_40_lr014_eps010,13,9,0.5590747630433409,0.5019418791584815,0.057132883884859376,0.9075454340306819
B_160_40_lr014_eps010,13,10,0.5808500268581265,0.5253247415965708,0.055525285261555646,0.8160866015255264
B_160_40_lr014_eps010,13,11,0.5901199146354633,0.5492820939353187,0.040837820700144634,0.9201389451708771
B_160_40_lr014_eps010,13,12,0.5897547228778431,0.5749377316938559,0.014816991183987271,0.8048730876973227
B_160_40_lr014_eps010,13,13,0.6068963948023189,0.5903955544298333,0.01650084037248567,0.762488793738202
B_160_40_lr014_eps010,13,14,0.6251537431794513,0.6046475202514887,0.02050622292796256,0.8034599790329908
B_160_40_lr014_eps010,13,15,0.6085441439897057,0.6244817877464821,-0.01593764375677642,0.9278454619547709
B_160_40_lr014_eps010,13,16,0.6425651226029967,0.6283938684251542,0.014171254177842485,0.82848407081237
B_160_40_lr014_eps010,13,17,0.625531813874832,0.644079125989473,-0.018547312114641,0.804935686063737
B_160_40_lr014_eps010,13,18,0.6132161161863652,0.6549263864982653,-0.04171027031190011,0.5433867333625365
B_160_40_lr014_eps010,13,19,0.6542132871748965,0.6594606340523604,-0.005247346877463976,0.7919635107040274
B_160_40_lr014_eps010,13,20,0.6592573688293172,0.6736281040949046,-0.014370735265587409,0.9198067925669108
B_160_40_lr014_eps010,13,21,0.6664964798655599,0.6766869214485933,-0.010190441583033394,0.8932646480085749
B_160_40_lr014_eps010,13,22,0.6761411981750868,0.6845813896541163,-0.008440191479029524,0.9260913524012383
B_160_40_lr014_eps010,13,23,0.677334347795073,0.6915091589129624,-0.01417481111788943,0.9187519220204526
B_160_40_lr014_eps010,13,24,0.6654968365359736,0.6935393628952627,-0.028042526359289166,0.8513333254148852
B_160_40_lr014_eps010,13,25,0.6714149338538116,0.706425636340879,-0.03501070248706739,0.9290909309689246
B_160_40_lr014_eps010,14,0,0.26409195184164375,0.26409195184164375,0.0,1.0
B_160_40_lr014_eps010,14,1,0.30857610992506296,0.2879154592410532,0.02066065068400974,0.7007949774057832
B_160_40_lr014_eps010,14,2,0.34472177458633574,0.3119775327645419,0.03274424182179386,0.5272675473785294
B_160_40_lr014_eps010,14,3,0.40406800850026825,0.3457771882225371,0.05829082027773114,0.5052249294988869
B_160_40_lr014_eps010,14,4,0.4401520792232726,0.3748472328499145,0.0653048463733581,0.9199869341052785
B_160_40_lr014_eps010,14,5,0.47828906221227985,0.4118816679168892,0.06640739429539066,0.7030521440672913
B_160_40_lr014_eps010,14,6,0.5063837127706242,0.4434753393090961,0.06290837346152811,0.7914659141852461
B_160_40_lr014_eps010,14,7,0.5243165241388431,0.4669527566905906,0.0573637674482525,0.8601405350985322
B_160_40_lr014_eps010,14,8,0.5523716474997037,0.48548016444385195,0.06689148305585174,0.7508979132069433
B_160_40_lr014_eps010,14,9,0.5604143455284967,0.5120036665882465,0.048410678940250196,0.8112257233635483
B_160_40_lr014_eps010,14,10,0.589989814695335,0.5350904135435168,0.05489940115181813,0.8556516143117273
B_160_40_lr014_eps010,14,11,0.5877611341448916,0.5493495976300383,0.038411536514853295,0.8393299562459442
B_160_40_lr014_eps010,14,12,0.6178066072168318,0.5725241497412412,0.045282457475590565,0.8576186523545303
B_160_40_lr014_eps010,14,13,0.5741353496054397,0.5868813816050505,-0.012746031999610885,0.20141189383199407
B_160_40_lr014_eps010,14,14,0.6321665866436484,0.6027164675723788,0.029450119071269598,0.5522330687465719
B_160_40_lr014_eps010,14,15,0.641129857094769,0.6168839743109749,0.024245882783794137,0.7873189196596807
B_160_40_lr014_eps010,14,16,0.6179066813394082,0.6264710247289955,-0.008564343389587337,0.30729848479115573
B_160_40_lr014_eps010,14,17,0.6701021550012252,0.6355734815753133,0.034528673425911816,0.6976566218979312
B_160_40_lr014_eps010,14,18,0.6522265188618277,0.6456840999769018,0.006542418884925905,0.705463589317453
B_160_40_lr014_eps010,14,19,0.6832180120859138,0.650627765068591,0.032590247017322826,0.6352736212998082
B_160_40_lr014_eps010,14,20,0.7021129022334445,0.6586875739716198,0.04342532826182466,0.9199441999408448
B_160_40_lr014_eps010,14,21,0.7068302930855461,0.6683262197278786,0.03850407335766748,0.8913388598552696
B_160_40_lr014_eps010,14,22,0.6740463633227687,0.6660281701431925,0.008018193179576194,0.8229700681136793
B_160_40_lr014_eps010,14,23,0.7261624229678405,0.679184450232087,0.04697797273575355,0.7811031843417452
B_160_40_lr014_eps010,14,24,0.7032042011604526,0.7001451983201369,0.0030590028403156833,0.8342102424958291
B_160_40_lr014_eps010,14,25,0.7085238265382628,0.7005033273231649,0.008020499215097954,0.9497039028322545
B_160_40_lr014_eps010,15,0,0.26409195184164375,0.26409195184164375,0.0,1.0
B_160_40_lr014_eps010,15,1,0.30737453826828454,0.2890361687355622,0.01833836953272233,0.7601889213995854
B_160_40_lr014_eps010,15,2,0.34772224721275724,0.3187628391584644,0.028959408054292868,0.7215105606633373
B_160_40_lr014_eps010,15,3,0.3904232643505532,0.34294712606280003,0.047476138287753156,0.7646406921042985
B_160_40_lr014_eps010,15,4,0.41640132985036826,0.37311021602519023,0.04329111382517803,0.7993914393625735
B_160_40_lr014_eps010,15,5,0.4419632341647607,0.40268939376935053,0.03927384039541015,0.8583062698615084
B_160_40_lr014_eps010,15,6,0.45962539337740227,0.4277094748808157,0.03191591849658659,0.8853712830682534
B_160_40_lr014_eps010,15,7,0.5143698402317051,0.44724075035839594,0.06712908987330912,0.6653130360734585
B_160_40_lr014_eps010,15,8,0.5349357960681815,0.4792775277652437,0.05565826830293785,0.9019957596061045
B_160_40_lr014_eps010,15,9,0.5631494808200515,0.5085285644582261,0.05462091636182531,0.8348908492111428
B_160_40_lr014_eps010,15,10,0.5631600700801284,0.5269363356128001,0.036223734467328295,0.8547593167146041
B_160_40_lr014_eps010,15,11,0.5343504305455729,0.5470717257795475,-0.012721295233974694,0.6898903079908785
B_160_40_lr014_eps010,15,12,0.6119524829418687,0.5699739825356954,0.041978500406173236,0.4602525778099157
B_160_40_lr014_eps010,15,13,0.6318623034238288,0.590483966839867,0.04137833658396173,0.7032685005933356
B_160_40_lr014_eps010,15,14,0.649837778152977,0.612727417897923,0.0371103602550541,0.7540003607875678
B_160_40_lr014_eps010,15,15,0.6582674655546044,0.6276746622290515,0.03059280332555281,0.8407154781825912
B_160_40_lr014_eps010,15,16,0.6675236135691119,0.6449999468454182,0.02252366672369377,0.9095608342889024
B_160_40_lr014_eps010,15,17,0.6622238154228611,0.6522418488786877,0.009981966544173382,0.8542068663416634
B_160_40_lr014_eps010,15,18,0.6688168333993476,0.6666819733394223,0.0021348600599253587,0.8085838742546567
B_160_40_lr014_eps010,15,19,0.6955306509021089,0.675726214396698,0.01980443650541086,0.6917786764333131
B_160_40_lr014_eps010,15,20,0.7031145169085327,0.6952757479162788,0.007838768992253886,0.9379861215535611
B_160_40_lr014_eps010,15,21,0.7117593301081394,0.7055526300639409,0.006206700044198543,0.8833914791503114
B_160_40_lr014_eps010,15,22,0.7096472556529434,0.7135257497627978,-0.0038784941098544135,0.9501438633354785
B_160_40_lr014_eps010,15,23,0.7250018551148438,0.7150658722337432,0.009935982881100647,0.9090445045373884
B_160_40_lr014_eps010,15,24,0.7294026858071735,0.7134410600353822,0.015961625771791277,0.9251186065756805
B_160_40_lr014_eps010,15,25,0.7367865453679572,0.7230627267871986,0.013723818580758551,0.85604741766306
B_160_40_lr014_eps010,16,0,0.26409195184164375,0.26409195184164375,0.0,1.0
B_160_40_lr014_eps010,16,1,0.3054320131895287,0.29303998945818405,0.012392023731344626,0.7344681961323238
B_160_40_lr014_eps010,16,2,0.3643700713929463,0.32528822001860397,0.039081851374342336,0.8201195638413492
B_160_40_lr014_eps010,16,3,0.40462188373902325,0.3540144368694009,0.050607446869622374,0.7585199386410718
B_160_40_lr014_eps010,16,4,0.44181997745678725,0.3885093621135109,0.05331061534327636,0.7878645672539731
B_160_40_lr014_eps010,16,5,0.4878189578244127,0.41582396994491977,0.07199498787949293,0.7640019746078169
B_160_40_lr014_eps010,16,6,0.5174023761303705,0.447217861365897,0.07018451476447357,0.8155404448400058
B_160_40_lr014_eps010,16,7,0.5470707359350688,0.47189876948971643,0.0751719664453524,0.9293591679704697
B_160_40_lr014_eps010,16,8,0.5665659309213574,0.49893676846733676,0.06762916245402067,0.8741887116788778
B_160_40_lr014_eps010,16,9,0.5774723340769283,0.5230346910557788,0.05443764302114951,0.9297234796429007
B_160_40_lr014_eps010,16,10,0.5937394818576712,0.546195708159136,0.04754377369853524,0.6450397258860986
B_160_40_lr014_eps010,16,11,0.6179561935565521,0.5618094705764661,0.05614672298008594,0.8834079530455642
B_160_40_lr014_eps010,16,12,0.6332202516888834,0.5703834339510839,0.06283681773779948,0.8328098441146561
B_160_40_lr014_eps010,16,13,0.6365235811650449,0.5831118078044936,0.05341177336055136,0.830199445337427
B_160_40_lr014_eps010,16,14,0.6545104952674327,0.5967413489204038,0.0577691463470289,0.8690927733426924
B_160_40_lr014_eps010,16,15,0.6744399497036865,0.6108565789597734,0.06358337074391307,0.8543091651270273
B_160_40_lr014_eps010,16,16,0.6817711262925827,0.6271623664488585,0.054608759843724264,0.8367204877034299
B_160_40_lr014_eps010,16,17,0.7003843123130706,0.6381374511959094,0.06224686111716127,0.8738323055561463
B_160_40_lr014_eps010,16,18,0.7083323243056057,0.6519175456881047,0.056414778617500994,0.899090760655952
B_160_40_lr014_eps010,16,19,0.7300237147874898,0.6541386832272706,0.0758850315602192,0.9021098354441418
B_160_40_lr014_eps010,16,20,0.7103531325677835,0.6637736785767518,0.046579453991031694,0.8849378895608934
B_160_40_lr014_eps010,16,21,0.6939898381714359,0.6723500116745248,0.021639826496911096,0.5019501295836296
B_160_40_lr014_eps010,16,22,0.7359288680981725,0.6795831582986663,0.05634570979950615,0.7326337352322669
B_160_40_lr014_eps010,16,23,0.7309988023700409,0.6888609010582251,0.04213790131181583,0.8353045845737875
B_160_40_lr014_eps010,16,24,0.7574131126342158,0.6985084888909708,0.05890462374324501,0.8434797520919577
B_160_40_lr014_eps010,16,25,0.7629867157853997,0.7158011220831775,0.047185593702222195,0.8349758984661323
B_160_40_lr014_eps010,17,0,0.26409195184164375,0.26409195184164375,0.0,1.0
B_160_40_lr014_eps010,17,1,0.2914497028817694,0.294100100918191,-0.0026503980364215862,0.7906769187806102
B_160_40_lr014_eps010,17,2,0.33979248614368746,0.3239134111448136,0.015879074998873866,0.6907083783878988
B_160_40_lr014_eps010,17,3,0.3990479778910664,0.35938650492518776,0.03966147296587863,0.6386455572465362
B_160_40_lr014_eps010,17,4,0.42273832365143604,0.3829312535427244,0.03980707010871165,0.5549507892914601
B_160_40_lr014_eps010,17,5,0.45097875509073704,0.41509028992732866,0.03588846516340838,0.44135709709482035
B_160_40_lr014_eps010,17,6,0.484582427867399,0.43921665558800727,0.04536577227939176,0.5198244444031906
B_160_40_lr014_eps010,17,7,0.522714793485646,0.46765419262593616,0.05506060085970982,0.6552276138700159
B_160_40_lr014_eps010,17,8,0.5662864669539587,0.49799800733037963,0.06828845962357905,0.8980375180223935
B_160_40_lr014_eps010,17,9,0.5843149027647576,0.5234111893999012,0.06090371336485645,0.8894446509184225
B_160_40_lr014_eps010,17,10,0.5904988845821516,0.5497425537669457,0.04075633081520591,0.7282884291678193
B_160_40_lr014_eps010,17,11,0.6331173071656692,0.571873127271749,0.06124417989392017,0.8362800490002473
B_160_40_lr014_eps010,17,12,0.6377344799952472,0.591905354471548,0.04582912552369922,0.8992005952231654
B_160_40_lr014_eps010,17,13,0.6603429215753294,0.611592576048086,0.04875034552724333,0.7672735582688925
B_160_40_lr014_eps010,17,14,0.6610109114523068,0.626759050596483,0.03425186085582388,0.9172819547340197
B_160_40_lr014_eps010,17,15,0.6708672201950312,0.6360263819282675,0.03484083826676365,0.8420380601529924
B_160_40_lr014_eps010,17,16,0.6901798500073186,0.6521057004498372,0.03807414955748145,0.8060341064681865
B_160_40_lr014_eps010,17,17,0.706523109063909,0.6659821231749303,0.0405409858889787,0.8899662952097441
B_160_40_lr014_eps010,17,18,0.7155619954520428,0.6770127627503179,0.038549232701724945,0.9654371425879447
B_160_40_lr014_eps010,17,19,0.7208912966134754,0.6818856045815904,0.039005692031884975,0.8509046335174377
B_160_40_lr014_eps010,17,20,0.7446171522073987,0.6910199397735719,0.05359721243382676,0.9221986275132171
B_160_40_lr014_eps010,17,21,0.7337550265703134,0.7011948693733238,0.03256015719698968,0.8874294843143548
B_160_40_lr014_eps010,17,22,0.7261342222372034,0.7077850943243559,0.018349127912847485,0.7244721218809395
B_160_40_lr014_eps010,17,23,0.7477417230715109,0.7110869357844078,0.03665478728710303,0.9228034931105497
B_160_40_lr014_eps010,17,24,0.768274838897091,0.7240497576125571,0.04422508128453395,0.8537151841658979
B_160_40_lr014_eps010,17,25,0.7584823813579846,0.7226902876887512,0.035792093669233416,0.8881677001730021
B_160_40_lr014_eps010,18,0,0.26409195184164375,0.26409195184164375,0.0,1.0
B_160_40_lr014_eps010,18,1,0.3100458913283107,0.2994824258358349,0.010563465492475776,0.8053405824805349
B_160_40_lr014_eps010,18,2,0.34717956137921574,0.32873189842808814,0.018447662951127597,0.9444944751464543
B_160_40_lr014_eps010,18,3,0.3901786857245549,0.359746432675317,0.030432253049237912,0.8306614285062847
B_160_40_lr014_eps010,18,4,0.43310967502158465,0.38534327689020487,0.047766398131379784,0.6276845543832925
B_160_40_lr014_eps010,18,5,0.4711420708498033,0.4239919721525044,0.047150098697298914,0.6145665590492418
B_160_40_lr014_eps010,18,6,0.5012535306500644,0.45920482265585705,0.042048707994207346,0.8709287781701176
B_160_40_lr014_eps010,18,7,0.513493007291028,0.4855483849306367,0.027944622360391302,0.7630398352045573
B_160_40_lr014_eps010,18,8,0.5630993315563061,0.5103478880427225,0.05275144351358363,0.742242387738906
B_160_40_lr014_eps010,18,9,0.5898918449766264,0.5354076263734759,0.05448421860315045,0.9133521763100859
B_160_40_lr014_eps010,18,10,0.6176771289183536,0.5683132527770445,0.049363876141309104,0.877226457783707
B_160_40_lr014_eps010,18,11,0.6189183757190074,0.586389570116632,0.03252880560237548,0.885523723896179
B_160_40_lr014_eps010,18,12,0.6452349932377425,0.6033930920761684,0.04184190116157405,0.8196009637754985
B_160_40_lr014_eps010,18,13,0.6189124254603997,0.614623917826212,0.004288507634187755,0.7935965195854711
B_160_40_lr014_eps010,18,14,0.6624487649608678,0.6312834608210781,0.031165304139789685,0.833338263342559
B_160_40_lr014_eps010,18,15,0.6724607451833965,0.6489959113129509,0.023464833870445623,0.8775418007796794
B_160_40_lr014_eps010,18,16,0.6892563893840356,0.6634115133685637,0.025844876015471807,0.8718663933375955
B_160_40_lr014_eps010,18,17,0.7051701082192016,0.667600143140816,0.037569965078385614,0.928900301561818
B_160_40_lr014_eps010,18,18,0.7072384454961341,0.6801972644000325,0.027041181096101652,0.859896641973228
B_160_40_lr014_eps010,18,19,0.7240903827811138,0.6915264160490726,0.032563966732041205,0.8698679325339824
B_160_40_lr014_eps010,18,20,0.7199105222941984,0.7009858053726333,0.018924716921565055,0.7029885809410577
B_160_40_lr014_eps010,18,21,0.7165421954237698,0.7152632211791106,0.0012789742446592811,0.81300703146555
B_160_40_lr014_eps010,18,22,0.7273719749832726,0.7193974533667256,0.007974521616546992,0.8144684737893407
B_160_40_lr014_eps010,18,23,0.7495721781633577,0.726439370638147,0.02313280752521074,0.8400067872593039
B_160_40_lr014_eps010,18,24,0.7691906111913531,0.7368510142365196,0.03233959695483357,0.895099732334581
B_160_40_lr014_eps010,18,25,0.7731650830761388,0.7398053241992716,0.03335975887686726,0.9539534646406289
B_160_40_lr014_eps010,19,0,0.26409195184164375,0.26409195184164375,0.0,1.0
B_160_40_lr014_eps010,19,1,0.3075837132254195,0.28724427001873826,0.02033944320668124,0.7250446607387744
B_160_40_lr014_eps010,19,2,0.32623178525600655,0.31719462851291613,0.009037156743090413,0.3776103122377297
B_160_40_lr014_eps010,19,3,0.39110577062648316,0.3516616870145328,0.03944408361195034,0.6792705704210102
B_160_40_lr014_eps010,19,4,0.43490803391987115,0.3868836310771721,0.04802440284269904,0.8889010829049306
B_160_40_lr014_eps010,19,5,0.457950890151987,0.4227458737519565,0.03520501640003049,0.8258848833742415
B_160_40_lr014_eps010,19,6,0.507946869644569,0.4467799569222223,0.061166912722346756,0.8180945171018226
B_160_40_lr014_eps010,19,7,0.528691499016634,0.4724978648821694,0.056193634134464654,0.8780148004006425
B_160_40_lr014_eps010,19,8,0.5269262597065427,0.4950766118705504,0.03184964783599231,0.904988764571213
B_160_40_lr014_eps010,19,9,0.5717217541374741,0.5147829679329486,0.056938786204525416,0.9296845836684903
B_160_40_lr014_eps010,19,10,0.6038909562288727,0.542049119297241,0.0618418369316317,0.6492201894804656
B_160_40_lr014_eps010,19,11,0.6207721484549356,0.561752036720417,0.0590201117345186,0.911756164429196
B_160_40_lr014_eps010,19,12,0.6306306124810231,0.5775337872123109,0.05309682526871229,0.9045132064731153
B_160_40_lr014_eps010,19,13,0.6556248081455286,0.596951870796139,0.05867293734938961,0.8412647344238469
B_160_40_lr014_eps010,19,14,0.6669390506880696,0.6103021080595037,0.05663694262856589,0.7541943322058761
B_160_40_lr014_eps010,19,15,0.6862862039485987,0.6263852500238443,0.059900953924754474,0.9003420521208886
B_160_40_lr014_eps010,19,16,0.6904524376807505,0.6407979987143456,0.04965443896640487,0.8240686772959415
B_160_40_lr014_eps010,19,17,0.6964242385437098,0.6539867076647603,0.042437530878949525,0.7933992582219664
B_160_40_lr014_eps010,19,18,0.7180516074893551,0.6628025849147349,0.05524902257462028,0.5279676765303505
B_160_40_lr014_eps010,19,19,0.7081195295909598,0.6721159610391251,0.03600356855183473,0.8460834116477496
B_160_40_lr014_eps010,19,20,0.6508981761493966,0.6842149179962632,-0.033316741846866615,0.24175901778301573
B_160_40_lr014_eps010,19,21,0.7083936984730568,0.6883159631255199,0.020077735347536874,0.7284099386889104
B_160_40_lr014_eps010,19,22,0.692966311357827,0.6934812598727117,-0.00051494851488465,0.7828123388097178
B_160_40_lr014_eps010,19,23,0.7045889003558187,0.7005872365246769,0.004001663831141755,0.8553671885863295
B_160_40_lr014_eps010,19,24,0.7322651587616585,0.7104603734768627,0.02180478528479579,0.8786502807907972
B_160_40_lr014_eps010,19,25,0.750045243719853,0.7167891037756022,0.03325613994425081,0.9231492136414879
B_160_40_lr014_eps010,20,0,0.26409195184164375,0.26409195184164375,0.0,1.0
B_160_40_lr014_eps010,20,1,0.32095360524100564,0.293002829442791,0.027950775798214644,0.8105859876501262
B_160_40_lr014_eps010,20,2,0.36659832968201916,0.3160731449872011,0.05052518469481804,0.8364501507359695
B_160_40_lr014_eps010,20,3,0.3667980564606164,0.34667277644714567,0.020125280013470748,0.6213728511641723
B_160_40_lr014_eps010,20,4,0.43751901226064027,0.37503487813183434,0.062484134128805935,0.5724819790220177
B_160_40_lr014_eps010,20,5,0.47539889443398037,0.4086108137648558,0.06678808066912456,0.7971419773569905
B_160_40_lr014_eps010,20,6,0.5002387810709688,0.4426581254557075,0.05758065561526127,0.8530580440024395
B_160_40_lr014_eps010,20,7,0.5309854950974535,0.47143757521058816,0.059547919886865364,0.7701371009828963
B_160_40_lr014_eps010,20,8,0.5556456158355961,0.49552058122111764,0.06012503461447849,0.40139115904424666
B_160_40_lr014_eps010,20,9,0.581924407391073,0.5182606332449228,0.06366377414615021,0.9044125398679689
B_160_40_lr014_eps010,20,10,0.5998669784807467,0.5309996687443459,0.06886730973640076,0.6931369871570682
B_160_40_lr014_eps010,20,11,0.6159564161751504,0.5591774053588671,0.05677901081628334,0.9263138312651052
B_160_40_lr014_eps010,20,12,0.612980029991456,0.5786059825916963,0.03437404739975969,0.8593929897289341
B_160_40_lr014_eps010,20,13,0.6190079805610901,0.5881413543623367,0.030866626198753355,0.8448270494037224
B_160_40_lr014_eps010,20,14,0.672769893409055,0.6057698164178622,0.06700007699119281,0.7057147556278132
B_160_40_lr014_eps010,20,15,0.693364245464436,0.6191264737172729,0.07423777174716306,0.8941442890605323
B_160_40_lr014_eps010,20,16,0.699169345266103,0.6300907022379967,0.06907864302810629,0.8806629952355004
B_160_40_lr014_eps010,20,17,0.701570911502315,0.6279324976813064,0.07363841382100855,0.7714086145496868
B_160_40_lr014_eps010,20,18,0.734429889539896,0.6477248371214036,0.08670505241849236,0.8399527306410199
B_160_40_lr014_eps010,20,19,0.7377727012685455,0.6615167944769575,0.076255906791588,0.8479023992621838
B_160_40_lr014_eps010,20,20,0.7367707760548048,0.6684517594969367,0.0683190165578681,0.8335846237034366
B_160_40_lr014_eps010,20,21,0.7488446119183089,0.6785361929937112,0.07030841892459772,0.8271119507371384
B_160_40_lr014_eps010,20,22,0.729782802093228,0.6769666461735123,0.05281615591971567,0.8978470883039235
B_160_40_lr014_eps010,20,23,0.7253081662171701,0.6862398783682693,0.03906828784890082,0.9551696407345553
B_160_40_lr014_eps010,20,24,0.7513044603074017,0.6940479666818729,0.05725649362552887,0.7125861557802895
B_160_40_lr014_eps010,20,25,0.774353141570037,0.6963202108260479,0.07803293074398909,0.8901012289622298
B_160_40_lr014_eps010,21,0,0.26409195184164375,0.26409195184164375,0.0,1.0
B_160_40_lr014_eps010,21,1,0.3106311542852151,0.2951022609051494,0.01552889338006569,0.8390003065300262
B_160_40_lr014_eps010,21,2,0.3586118898415707,0.33510341437366764,0.02350847546790308,0.7750222970019084
B_160_40_lr014_eps010,21,3,0.4135297220043138,0.3624995179690692,0.05103020403524461,0.8534248991835669
B_160_40_lr014_eps010,21,4,0.46319254863946235,0.39445710233531517,0.06873544630414719,0.8963754652645778
B_160_40_lr014_eps010,21,5,0.4987797390188977,0.42668781032908015,0.07209192868981756,0.8929588706581708
B_160_40_lr014_eps010,21,6,0.5217582715107622,0.4551857321368992,0.06657253937386293,0.8969702054746199
B_160_40_lr014_eps010,21,7,0.5470467539316384,0.47837630683230914,0.06867044709932923,0.7617012315503124
B_160_40_lr014_eps010,21,8,0.5624729286494621,0.5053746571252891,0.05709827152417302,0.9171156098288309
B_160_40_lr014_eps010,21,9,0.5697557715934007,0.5248507731776185,0.044904998415782216,0.484915457961274
B_160_40_lr014_eps010,21,10,0.6030474937093767,0.5374458405062235,0.06560165320315325,0.7765818209895147
B_160_40_lr014_eps010,21,11,0.6176599190976683,0.5564713519154431,0.061188567182225206,0.8325679345375193
B_160_40_lr014_eps010,21,12,0.618197949713028,0.5633940230006554,0.05480392671237255,0.8550038595011551
B_160_40_lr014_eps010,21,13,0.6134653221988582,0.5892328391646983,0.024232483034159924,0.4782659159642681
B_160_40_lr014_eps010,21,14,0.6426802156738459,0.6036627430128217,0.03901747266102418,0.5590330956712626
B_160_40_lr014_eps010,21,15,0.657092239819516,0.6159681835069148,0.04112405631260119,0.9259025760683176
B_160_40_lr014_eps010,21,16,0.6691296607118327,0.6322371925510001,0.03689246816083258,0.8862546620133602
B_160_40_lr014_eps010,21,17,0.6837498268075916,0.6323030699132435,0.05144675689434808,0.8655682626297981
B_160_40_lr014_eps010,21,18,0.6940173232749257,0.6443076600006522,0.04970966327427351,0.8837072714640344
B_160_40_lr014_eps010,21,19,0.6964129632358846,0.6601122884308118,0.03630067480507282,0.9360671228204224
B_160_40_lr014_eps010,21,20,0.6966179032239881,0.6704288931441041,0.026189010079883945,0.9092467190078989
B_160_40_lr014_eps010,21,21,0.7064318234361779,0.6811454160075329,0.025286407428645075,0.9184101874802809
B_160_40_lr014_eps010,21,22,0.7219354156319757,0.6964186207975989,0.025516794834376855,0.8718546521333473
B_160_40_lr014_eps010,21,23,0.7270732322101252,0.6992143745498559,0.0278588576602693,0.9296575971702287
B_160_40_lr014_eps010,21,24,0.7255687052611197,0.7105345666404543,0.015034138620665383,0.8704913018530744
B_160_40_lr014_eps010,21,25,0.7324052322958476,0.7218019448092692,0.010603287486578461,0.8176368527228828
B_160_40_lr014_eps010,22,0,0.26409195184164375,0.26409195184164375,0.0,1.0
B_160_40_lr014_eps010,22,1,0.28766060146178396,0.29077902323408344,-0.0031184217722994845,0.8636881606860323
B_160_40_lr014_eps010,22,2,0.34397741350029915,0.3179598521878262,0.02601756131247296,0.74737469949983
B_160_40_lr014_eps010,22,3,0.3859133280477616,0.34477922641210407,0.041134101635657505,0.5157589514111384
B_160_40_lr014_eps010,22,4,0.43022646470430687,0.3764477377522507,0.053778726952056155,0.6096762052118706
B_160_40_lr014_eps010,22,5,0.47194578883580496,0.40028526255935104,0.07166052627645392,0.8278238327503777
B_160_40_lr014_eps010,22,6,0.47519716405474316,0.4232474604904442,0.051949703564298955,0.680801744478454
B_160_40_lr014_eps010,22,7,0.5050056885308886,0.4620137704078197,0.04299191812306885,0.6623915412854086
B_160_40_lr014_eps010,22,8,0.5425886649937028,0.4863063545119674,0.05628231048173543,0.7018561042042015
B_160_40_lr014_eps010,22,9,0.5575056513731779,0.5093946057216857,0.04811104565149216,0.8329058575302709
B_160_40_lr014_eps010,22,10,0.5602346653594534,0.5361550439089577,0.024079621450495692,0.7690203756655799
B_160_40_lr014_eps010,22,11,0.6212033339235824,0.5589428186222863,0.06226051530129606,0.5902811053259049
B_160_40_lr014_eps010,22,12,0.643170814305881,0.5735755948268593,0.0695952194790217,0.8911442419602199
B_160_40_lr014_eps010,22,13,0.6623182015352095,0.6045506236442046,0.05776757789100484,0.9518777072693657
B_160_40_lr014_eps010,22,14,0.6734657837615454,0.6264663327179305,0.046999451043614915,0.8900027271153805
B_160_40_lr014_eps010,22,15,0.6838356554370628,0.6386075531456439,0.04522810229141894,0.9685927616655275
B_160_40_lr014_eps010,22,16,0.6778227091619548,0.6509856054334656,0.02683710372848913,0.8336934313132657
B_160_40_lr014_eps010,22,17,0.6523994453218616,0.6623873041228191,-0.009987858800957539,0.28902270180250716
B_160_40_lr014_eps010,22,18,0.7069574088510635,0.6725202223971634,0.03443718645390015,0.6902628316008239
B_160_40_lr014_eps010,22,19,0.7043766675835123,0.6842592606548671,0.020117406928645165,0.96709375989102
B_160_40_lr014_eps010,22,20,0.7140567201495716,0.6894532491384779,0.024603471011093614,0.7111098980989813
B_160_40_lr014_eps010,22,21,0.7154683833818615,0.7036942341991781,0.01177414918268338,0.8494116889008094
B_160_40_lr014_eps010,22,22,0.6980058482697743,0.7087590105119176,-0.010753162242143288,0.23431778029404754
B_160_40_lr014_eps010,22,23,0.7494469625286139,0.7249594323067563,0.024487530221857567,0.6814852955567792
B_160_40_lr014_eps010,22,24,0.7510864880951817,0.7229779995235708,0.028108488571610968,0.8035653480514946
B_160_40_lr014_eps010,22,25,0.753733574991473,0.7244067631084093,0.02932681188306363,0.8914172035147758
B_160_40_lr014_eps010,23,0,0.26409195184164375,0.26409195184164375,0.0,1.0
B_160_40_lr014_eps010,23,1,0.3093024064402905,0.2926172263975078,0.016685180042782688,0.8411339316107836
B_160_40_lr014_eps010,23,2,0.36031326980854567,0.3225457324626879,0.03776753734585775,0.8776313696000217
B_160_40_lr014_eps010,23,3,0.4171446928320921,0.3508747782556164,0.06626991457647569,0.6632607351078873
B_160_40_lr014_eps010,23,4,0.45112725119342756,0.38381012290522115,0.06731712828820641,0.8856752415665125
B_160_40_lr014_eps010,23,5,0.49159947002162024,0.41784354486232683,0.07375592515929341,0.7066607126382176
B_160_40_lr014_eps010,23,6,0.4964286633319582,0.4511867048271707,0.04524195850478746,0.928017759535935
B_160_40_lr014_eps010,23,7,0.5262348084503334,0.47700255229144933,0.0492322561588841,0.6977640996636696
B_160_40_lr014_eps010,23,8,0.5751300191483785,0.5024913261300555,0.07263869301832293,0.7332181414695115
B_160_40_lr014_eps010,23,9,0.5915034479298709,0.5250618271865184,0.06644162074335247,0.705741157362272
B_160_40_lr014_eps010,23,10,0.6180758887775377,0.5506452942204764,0.06743059455706135,0.6596950610831346
B_160_40_lr014_eps010,23,11,0.6264427447780011,0.576069587507664,0.05037315727033709,0.7845834147353375
B_160_40_lr014_eps010,23,12,0.6443636532076852,0.5939968209433981,0.050366832264287065,0.7656095841080298
B_160_40_lr014_eps010,23,13,0.6598591587902173,0.6118483339750991,0.0480108248151182,0.7965216376847329
B_160_40_lr014_eps010,23,14,0.4735082627232808,0.6244902912289647,-0.15098202850568393,0.16546554879056483
B_160_40_lr014_eps010,23,15,0.6611026352257762,0.6368240800417736,0.02427855518400257,0.25571112848732985
B_160_40_lr014_eps010,23,16,0.6632450078178461,0.6358973017650522,0.027347706052793908,0.8539861013359114
B_160_40_lr014_eps010,23,17,0.6580811938938479,0.6395831424445828,0.018498051449265085,0.6900821131754764
B_160_40_lr014_eps010,23,18,0.7031609076725901,0.6594062362722471,0.04375467140034295,0.7991305914867041
B_160_40_lr014_eps010,23,19,0.7033346507576312,0.6644779261435012,0.038856724614130034,0.8838285257465
B_160_40_lr014_eps010,23,20,0.7106056515403365,0.6719418619294987,0.03866378961083783,0.855139563154107
B_160_40_lr014_eps010,23,21,0.716976901263453,0.6923160102249993,0.024660891038453703,0.8935067153289034
B_160_40_lr014_eps010,23,22,0.7029215176402237,0.7024315129818008,0.0004900046584228601,0.8682916152389781
B_160_40_lr014_eps010,23,23,0.720581595179409,0.7087173236339588,0.011864271545450222,0.9668754636876936
B_160_40_lr014_eps010,23,24,0.7351838382590268,0.7190920853949655,0.01609175286406128,0.929687173493712
B_160_40_lr014_eps010,23,25,0.712010116910024,0.717273298826276,-0.005263181916251969,0.88225048222661
B_160_40_lr014_eps010,24,0,0.26409195184164375,0.26409195184164375,0.0,1.0
B_160_40_lr014_eps010,24,1,0.3070918566772282,0.28703860886612514,0.02005324781110307,0.8598351622140314
B_160_40_lr014_eps010,24,2,0.33887429841934363,0.3195460223923611,0.01932827602698256,0.8238366924416426
B_160_40_lr014_eps010,24,3,0.3275182661303613,0.3532228547250787,-0.025704588594717415,0.26719391388135366
B_160_40_lr014_eps010,24,4,0.4544143382312687,0.3854152681771788,0.0689990700540899,0.49065783007565655
B_160_40_lr014_eps010,24,5,0.48515444394548074,0.4183864034165014,0.06676804052897933,0.9015100987346648
B_160_40_lr014_eps010,24,6,0.5292795076360743,0.4532038791486492,0.07607562848742516,0.8451957449434665
B_160_40_lr014_eps010,24,7,0.5308148231600985,0.47800454359441163,0.0528102795656869,0.7993135581371676
B_160_40_lr014_eps010,24,8,0.5655114387441335,0.5042171809104649,0.0612942578336686,0.8194475218929862
B_160_40_lr014_eps010,24,9,0.5846588495966829,0.5289291281956043,0.05572972140107857,0.8670681772898223
B_160_40_lr014_eps010,24,10,0.601243362805156,0.5536588451276687,0.04758451767748728,0.7867594402573665
B_160_40_lr014_eps010,24,11,0.6102750365859231,0.5704095104005711,0.039865526185351996,0.7694624229852945
B_160_40_lr014_eps010,24,12,0.6132654975916061,0.5905449604349561,0.02272053715665001,0.7199060870360067
B_160_40_lr014_eps010,24,13,0.6423751040393656,0.6054056931923161,0.03696941084704952,0.635416089062732
B_160_40_lr014_eps010,24,14,0.6384878387477975,0.6163326651393156,0.02215517360848185,0.7936725354325713
B_160_40_lr014_eps010,24,15,0.6675101991114827,0.634520086879102,0.032990112232380686,0.8864436235815845
B_160_40_lr014_eps010,24,16,0.6560722387642093,0.6455722773059811,0.01049996145822818,0.8939910520733163
B_160_40_lr014_eps010,24,17,0.684134971115908,0.6515185156508243,0.03261645546508374,0.8232166174259533
B_160_40_lr014_eps010,24,18,0.6943723028335091,0.6741229928288448,0.020249310004664345,0.9289875009367613
B_160_40_lr014_eps010,24,19,0.6841085706018976,0.6816952024355403,0.002413368166357288,0.8660113592296158
B_160_40_lr014_eps010,24,20,0.7138616322264488,0.6943390335481697,0.0195225986782791,0.8794160389804591
B_160_40_lr014_eps010,24,21,0.7071656500986796,0.700931572890951,0.006234077207728617,0.8895893042811034
B_160_40_lr014_eps010,24,22,0.7097817126516419,0.7086271526201102,0.0011545600315316928,0.9731343871094139
B_160_40_lr014_eps010,24,23,0.6678622012008791,0.7132544426750436,-0.04539224147416443,0.5782476390379354
B_160_40_lr014_eps010,24,24,0.7393891364679621,0.7163878146204862,0.023001321847475942,0.47077338885760756
B_160_40_lr014_eps010,24,25,0.7345547427262777,0.7161890940967996,0.018365648629478093,0.9403059058016798
B_160_40_lr014_eps010,25,0,0.26409195184164375,0.26409195184164375,0.0,1.0
B_160_40_lr014_eps010,25,1,0.30908852945065857,0.2970596587426755,0.012028870707983086,0.7309921294145816
B_160_40_lr014_eps010,25,2,0.3395269880111867,0.32398141960745186,0.015545568403734833,0.7052060029442923
B_160_40_lr014_eps010,25,3,0.38881886101150687,0.35342466909887804,0.035394191912628825,0.6847092348187194
B_160_40_lr014_eps010,25,4,0.41881600902977123,0.38040599784831586,0.03841001118145537,0.8935322601995043
B_160_40_lr014_eps010,25,5,0.46421128406463724,0.41594909657457485,0.04826218749006239,0.27190768021893796
B_160_40_lr014_eps010,25,6,0.501816978448769,0.44739806970626983,0.05441890874249922,0.5680680328953244
B_160_40_lr014_eps010,25,7,0.5249131414485242,0.46724769738412986,0.05766544406439433,0.8387083429889245
B_160_40_lr014_eps010,25,8,0.5491674999669468,0.4936520192182723,0.05551548074867452,0.7329817412708378
B_160_40_lr014_eps010,25,9,0.5772195744794006,0.5136093479437587,0.06361022653564197,0.8281099458542348
B_160_40_lr014_eps010,25,10,0.6203063817706143,0.5475681222491924,0.07273825952142188,0.8289970061864803
B_160_40_lr014_eps010,25,11,0.6337128395857837,0.567224866391614,0.06648797319416977,0.8418686021410202
B_160_40_lr014_eps010,25,12,0.6465372894620705,0.579892128184671,0.0666451612773995,0.9343427260796878
B_160_40_lr014_eps010,25,13,0.652515564157753,0.5964254244544569,0.05609013970329613,0.8561711025082618
B_160_40_lr014_eps010,25,14,0.6672926186141329,0.6095509044620699,0.05774171415206297,0.7990997702680319
B_160_40_lr014_eps010,25,15,0.6887141079481709,0.6132095307516028,0.07550457719656811,0.8361925949652202
B_160_40_lr014_eps010,25,16,0.6881684678515594,0.6282934915650668,0.05987497628649263,0.8937122878604139
B_160_40_lr014_eps010,25,17,0.6995460587656583,0.6447038379703643,0.054842220795293994,0.853660962592046
B_160_40_lr014_eps010,25,18,0.7035860071103535,0.6496064151602143,0.05397959195013913,0.8892206936465902
B_160_40_lr014_eps010,25,19,0.7086992915641923,0.6589719066967512,0.049727384867441105,0.9153072012238851
B_160_40_lr014_eps010,25,20,0.6990454294061748,0.6722689084380197,0.026776520968155082,0.8592923613181374
B_160_40_lr014_eps010,25,21,0.7254322936407269,0.6728688015216426,0.05256349211908429,0.7836761391591827
B_160_40_lr014_eps010,25,22,0.7487899365727086,0.6888203790750684,0.059969557497640213,0.7723492675324624
B_160_40_lr014_eps010,25,23,0.7279971728313521,0.7026675218173043,0.025329651014047827,0.9069823455860213
B_160_40_lr014_eps010,25,24,0.75045302529288,0.7114349609202006,0.039018064372679406,0.8094913977911417
B_160_40_lr014_eps010,25,25,0.7704068516977131,0.7165640955228613,0.05384275617485179,0.88810951464068
B_160_40_lr014_eps010,26,0,0.26409195184164375,0.26409195184164375,0.0,1.0
B_160_40_lr014_eps010,26,1,0.31304493893069013,0.29142048763534584,0.021624451295344294,0.822806413652627
B_160_40_lr014_eps010,26,2,0.36731148699123384,0.31679112825847533,0.05052035873275851,0.9122315249720444
B_160_40_lr014_eps010,26,3,0.40720337361484915,0.3464315362466512,0.06077183736819797,0.9103856091246902
B_160_40_lr014_eps010,26,4,0.42590619597997464,0.3705154924219516,0.05539070355802306,0.8726386681871589
B_160_40_lr014_eps010,26,5,0.4781799295715806,0.3955744720809146,0.082605457490666,0.7692726674275069
B_160_40_lr014_eps010,26,6,0.5139040868669947,0.4362666468548999,0.07763744001209483,0.8632989453136277
B_160_40_lr014_eps010,26,7,0.4990940841320484,0.4640951110267532,0.034998973105295206,0.38871448012968907
B_160_40_lr014_eps010,26,8,0.5542393145031062,0.4990372433897225,0.055202071113383655,0.6468879470354592
B_160_40_lr014_eps010,26,9,0.5799352199132933,0.5235327155169802,0.05640250439631311,0.8619724405729544
B_160_40_lr014_eps010,26,10,0.5825176920032002,0.5506643294100722,0.0318533625931281,0.612150426194267
B_160_40_lr014_eps010,26,11,0.617973459523099,0.5688295515578026,0.04914390796529644,0.7379562281510471
B_160_40_lr014_eps010,26,12,0.6209567097022518,0.5803246639574433,0.0406320457448085,0.7045636500953343
B_160_40_lr014_eps010,26,13,0.6475019682841081,0.6033866902568841,0.044115278027224036,0.8124654349078928
B_160_40_lr014_eps010,26,14,0.649990639127483,0.6192411956601274,0.03074944346735564,0.8491055976252548
B_160_40_lr014_eps010,26,15,0.6557780433417971,0.6329846263379676,0.02279341700382953,0.8459308770624567
B_160_40_lr014_eps010,26,16,0.6934354957076989,0.6421092195749937,0.05132627613270524,0.6306354188624667
B_160_40_lr014_eps010,26,17,0.7179325489112931,0.6592659598646446,0.058666589046648454,0.8610336769787249
B_160_40_lr014_eps010,26,18,0.7230541282838094,0.6738033097117527,0.04925081857205671,0.9371785907305555
B_160_40_lr014_eps010,26,19,0.7206162034638879,0.6858198762819223,0.03479632718196557,0.9120209339775195
B_160_40_lr014_eps010,26,20,0.7191822157581857,0.6911006636415746,0.02808155211661112,0.92292448822877
B_160_40_lr014_eps010,26,21,0.7371606748568104,0.7011097466419159,0.03605092821489442,0.8946322627092006
B_160_40_lr014_eps010,26,22,0.7245427919741093,0.7010406022626693,0.023502189711440025,0.8991900167513178
B_160_40_lr014_eps010,26,23,0.7461520221306974,0.7158318848382116,0.030320137292485838,0.7789991491594627
B_160_40_lr014_eps010,26,24,0.7614967170345416,0.7222616868319651,0.03923503020257646,0.9339888774322337
B_160_40_lr014_eps010,26,25,0.7516742925934965,0.7379134018998518,0.013760890693644723,0.931481421254629
B_160_40_lr014_eps010,27,0,0.26409195184164375,0.26409195184164375,0.0,1.0
B_160_40_lr014_eps010,27,1,0.3176560722045133,0.2932027004971673,0.024453371707346017,0.7638225248094922
B_160_40_lr014_eps010,27,2,0.34365145478287545,0.3250035215161944,0.01864793326668107,0.6761483687814919
B_160_40_lr014_eps010,27,3,0.3804732701201877,0.35733077463879687,0.023142495481390857,0.8076354385993817
B_160_40_lr014_eps010,27,4,0.39792081901615617,0.38938542943347554,0.00853538958268063,0.44228582766675745
B_160_40_lr014_eps010,27,5,0.45354299666854236,0.4199135047696913,0.03362949189885106,0.8076147826885771
B_160_40_lr014_eps010,27,6,0.49617698386925363,0.4536249026435941,0.04255208122565951,0.7106617649448573
B_160_40_lr014_eps010,27,7,0.51411352157268,0.4807228464816001,0.0333906750910799,0.870728489086389
B_160_40_lr014_eps010,27,8,0.532474751986454,0.5079619909222335,0.024512761064220512,0.7954996506763662
B_160_40_lr014_eps010,27,9,0.5652527428832098,0.5384247294988102,0.026828013384399663,0.7753247038628923
B_160_40_lr014_eps010,27,10,0.5826063140462459,0.5586654809018123,0.023940833144433515,0.8642436712938315
B_160_40_lr014_eps010,27,11,0.574067611673013,0.5755178315460547,-0.0014502198730417248,0.9026454729457112
B_160_40_lr014_eps010,27,12,0.5961246721178529,0.5893609818236382,0.0067636902942147525,0.8329469668850238
B_160_40_lr014_eps010,27,13,0.5435339571664971,0.6044384868463779,-0.0609045296798808,0.6415461135044327
B_160_40_lr014_eps010,27,14,0.602673582698869,0.6168886118910597,-0.014215029192190753,0.6521962102146294
B_160_40_lr014_eps010,27,15,0.6258812176497925,0.638513097846869,-0.012631880197076506,0.7116788841827278
B_160_40_lr014_eps010,27,16,0.6502231932550205,0.6468007355843339,0.0034224576706866072,0.8754429756103181
B_160_40_lr014_eps010,27,17,0.6577018432588521,0.6561680997713929,0.0015337434874591604,0.9076642526894326
B_160_40_lr014_eps010,27,18,0.6774637331243651,0.6611284889833099,0.01633524414105525,0.8070842480867583
B_160_40_lr014_eps010,27,19,0.6868307100056871,0.6740746878480988,0.01275602215758831,0.9066719508054656
B_160_40_lr014_eps010,27,20,0.7012078946124842,0.6871569137230745,0.014050980889409703,0.9344425113344409
B_160_40_lr014_eps010,27,21,0.7028052012884596,0.6957402577808267,0.00706494350763287,0.8839510401779559
B_160_40_lr014_eps010,27,22,0.6929240121668464,0.6882546012537532,0.004669410913093253,0.8224981978917025
B_160_40_lr014_eps010,27,23,0.685080773726086,0.7076673925627341,-0.022586618836648142,0.916890680638056
B_160_40_lr014_eps010,27,24,0.7237508542436707,0.7182362413727714,0.0055146128708992714,0.7686194738104172
B_160_40_lr014_eps010,27,25,0.7066413061972596,0.7238268240364519,-0.01718551783919231,0.8890904593625694
B_160_40_lr014_eps010,28,0,0.26409195184164375,0.26409195184164375,0.0,1.0
B_160_40_lr014_eps010,28,1,0.2941996601449737,0.2907708302743559,0.0034288298706177667,0.9051736622852531
B_160_40_lr014_eps010,28,2,0.33901965597843564,0.32147360357317345,0.01754605240526219,0.778803037307747
B_160_40_lr014_eps010,28,3,0.37844975583826634,0.3562474939570743,0.022202261881192065,0.8037546770229743
B_160_40_lr014_eps010,28,4,0.4150387156843617,0.391217061093503,0.023821654590858665,0.7850160018911736
B_160_40_lr014_eps010,28,5,0.4440773229687876,0.43009197810513033,0.013985344863657267,0.8414375007647739
B_160_40_lr014_eps010,28,6,0.47066781904450583,0.4581313173115617,0.012536501732944128,0.8641544670463047
B_160_40_lr014_eps010,28,7,0.5091321827866742,0.4828797425918888,0.026252440194785343,0.7574193282206665
B_160_40_lr014_eps010,28,8,0.5556932520561133,0.5099823674215234,0.04571088463458994,0.7667277949352711
B_160_40_lr014_eps010,28,9,0.5809807110253574,0.5404046815818216,0.04057602944353578,0.9124778385792032
B_160_40_lr014_eps010,28,10,0.5869889898207187,0.5620694923668845,0.02491949745383415,0.7727098169686499
B_160_40_lr014_eps010,28,11,0.6146338545703095,0.5728615213941957,0.04177233317611384,0.7186943582061021
B_160_40_lr014_eps010,28,12,0.6209567955842671,0.5970501562284769,0.023906639355790182,0.8031327351404193
B_160_40_lr014_eps010,28,13,0.6421524249315855,0.6105121345699784,0.03164029036160709,0.8533071464461509
B_160_40_lr014_eps010,28,14,0.6554188569886031,0.616331729735292,0.039087127253311094,0.7910006501312408
B_160_40_lr014_eps010,28,15,0.6541051444088734,0.6342448050843988,0.019860339324474507,0.8284350413059715
B_160_40_lr014_eps010,28,16,0.6505902580744315,0.645488913512468,0.005101344561963539,0.9117473823706329
B_160_40_lr014_eps010,28,17,0.641293348920885,0.6581931002285215,-0.016899751307636546,0.729908092602578
B_160_40_lr014_eps010,28,18,0.6635387047438932,0.6548262734421798,0.008712431301713397,0.764060480139124
B_160_40_lr014_eps010,28,19,0.6714202505773189,0.6704846239923362,0.0009356265849826961,0.9648401404940281
B_160_40_lr014_eps010,28,20,0.7080948102682825,0.6871267501105107,0.02096806015777175,0.7055407480039038
B_160_40_lr014_eps010,28,21,0.6888623424962049,0.6828857992891764,0.005976543207028562,0.9263120846747548
B_160_40_lr014_eps010,28,22,0.7055479186053922,0.6930668499971298,0.01248106860826248,0.8884532263712246
B_160_40_lr014_eps010,28,23,0.7033353179071944,0.7061277254516564,-0.0027924075444619723,0.9142119546971318
B_160_40_lr014_eps010,28,24,0.7072149628423585,0.6988293477895405,0.008385615052817985,0.7673188918599947
B_160_40_lr014_eps010,28,25,0.7248716577755691,0.7242935650041535,0.0005780927714155171,0.801928093008322
B_160_40_lr014_eps010,29,0,0.26409195184164375,0.26409195184164375,0.0,1.0
B_160_40_lr014_eps010,29,1,0.27426569488993263,0.2859245222858246,-0.011658827395891969,0.7816325471965199
B_160_40_lr014_eps010,29,2,0.3584435978089598,0.31160553849230516,0.046838059316654634,0.5439422471761509
B_160_40_lr014_eps010,29,3,0.4156146106032942,0.3426362211121461,0.0729783894911481,0.7527724017298432
B_160_40_lr014_eps010,29,4,0.38769116471957693,0.3711106503901222,0.016580514329454732,0.4514583523334532
B_160_40_lr014_eps010,29,5,0.46291452217369355,0.4022320346058834,0.06068248756781014,0.5624145650044959
B_160_40_lr014_eps010,29,6,0.5038174787520076,0.4310408568229656,0.07277662192904194,0.8904042383743774
B_160_40_lr014_eps010,29,7,0.5324152575865027,0.4586704779632235,0.07374477962327913,0.8734502945837018
B_160_40_lr014_eps010,29,8,0.5431980180855863,0.487165750560688,0.056032267524898316,0.7641531656734094
B_160_40_lr014_eps010,29,9,0.5761927209275096,0.5173381374932071,0.0588545834343025,0.8117415987218709
B_160_40_lr014_eps010,29,10,0.5804775746893561,0.5458844941590073,0.03459308053034882,0.707005751373676
B_160_40_lr014_eps010,29,11,0.6081170282136688,0.5604152730055434,0.04770175520812536,0.8038710151649613
B_160_40_lr014_eps010,29,12,0.6034800525541123,0.580167173512689,0.023312879041423318,0.9485130461149582
B_160_40_lr014_eps010,29,13,0.6304231848155025,0.6004364142170511,0.02998677059845145,0.7865444422577412
B_160_40_lr014_eps010,29,14,0.6142638769577099,0.617109270192922,-0.002845393235212157,0.933342372595405
B_160_40_lr014_eps010,29,15,0.6145078298274412,0.6319802775530702,-0.017472447725628948,0.8694609660262104
B_160_40_lr014_eps010,29,16,0.6540260325241173,0.6479811654619185,0.0060448670621987555,0.788404687122894
B_160_40_lr014_eps010,29,17,0.6612809559888615,0.6640101798972005,-0.0027292239083389624,0.9184254903738057
B_160_40_lr014_eps010,29,18,0.6642226436496476,0.6636537022449582,0.0005689414046893271,0.8930714448577115
B_160_40_lr014_eps010,29,19,0.6741313569407665,0.6617355680622447,0.012395788878521885,0.9547575084271368
B_160_40_lr014_eps010,29,20,0.6711202806384198,0.6433333245351122,0.027786956103307614,0.8404613949954635
B_160_40_lr014_eps010,29,21,0.6926427857236049,0.6699118084737111,0.022730977249893813,0.9190117971420765
B_160_40_lr014_eps010,29,22,0.686730359592743,0.6752512319763939,0.01147912761634906,0.8740002274492443
B_160_40_lr014_eps010,29,23,0.7059375395025439,0.6982084914955871,0.00772904800695684,0.8271304358976383
B_160_40_lr014_eps010,29,24,0.7210125236581544,0.714640557232616,0.006371966425538389,0.8586147970938055
B_160_40_lr014_eps010,29,25,0.7201087738547397,0.7217943984885653,-0.0016856246338255998,0.84159285311476
C_160_40_lr017_eps020,0,0,0.26409195184164375,0.26409195184164375,0.0,1.0
C_160_40_lr017_eps020,0,1,0.3028218676248238,0.3048100964910253,-0.00198822886620148,0.6750399501364055
C_160_40_lr017_eps020,0,2,0.35253568598953605,0.34732120697355856,0.005214479015977491,0.9152448848797812
C_160_40_lr017_eps020,0,3,0.4078538170455646,0.38761815609496203,0.020235660950602585,0.6083870215120591
C_160_40_lr017_eps020,0,4,0.4524972210642721,0.4401695695978557,0.0123276514664164,0.6130398108234656
C_160_40_lr017_eps020,0,5,0.5178216438409821,0.4683442277401991,0.049477416100782934,0.7279231448825593
C_160_40_lr017_eps020,0,6,0.5390923119319531,0.4942758554312869,0.04481645650066618,0.8377363936076756
C_160_40_lr017_eps020,0,7,0.5568806227281956,0.5283340427632314,0.028546579964964236,0.8263760305730031
C_160_40_lr017_eps020,0,8,0.5993444706493386,0.5616800568907083,0.03766441375863028,0.644873601005963
C_160_40_lr017_eps020,0,9,0.6189551452495498,0.5781107466915633,0.040844398557986494,0.8538925766977772
C_160_40_lr017_eps020,0,10,0.6390154173615623,0.6094454424730588,0.029569974888503547,0.7735789801950853
C_160_40_lr017_eps020,0,11,0.643770568712352,0.6166977616877334,0.027072807024618673,0.7697697656674866
C_160_40_lr017_eps020,0,12,0.6478498566645979,0.6348141836307852,0.0130356730338127,0.7228904393346642
C_160_40_lr017_eps020,0,13,0.6690137897803775,0.6379839309978952,0.031029858782482322,0.7049602188431252
C_160_40_lr017_eps020,0,14,0.679483386028359,0.6596588926027279,0.019824493425631085,0.8543154706883532
C_160_40_lr017_eps020,0,15,0.6980440026555206,0.671910302843507,0.026133699812013633,0.8506745632638856
C_160_40_lr017_eps020,0,16,0.6971143533164519,0.6881264760934594,0.008987877222992435,0.82380678109883
C_160_40_lr017_eps020,0,17,0.6983558212475144,0.6974523809583257,0.0009034402891886506,0.4346409592164948
C_160_40_lr017_eps020,0,18,0.6223187545403376,0.7087811321730944,-0.08646237763275677,0.20111779215529327
C_160_40_lr017_eps020,0,19,0.7198118530580258,0.6988513663709264,0.020960486687099378,0.4012920382188284
C_160_40_lr017_eps020,0,20,0.7280722816200551,0.7168919590670448,0.011180322553010269,0.5605023311138904
C_160_40_lr017_eps020,0,21,0.7316618645073387,0.7149966692341136,0.016665195273225075,0.5369888700262002
C_160_40_lr017_eps020,0,22,0.3324326200404467,0.7103100613203276,-0.3778774412798809,0.041256332941002005
C_160_40_lr017_eps020,0,23,0.5640223050675541,0.724051520878479,-0.16002921581092489,1.0690359383337664e-05
C_160_40_lr017_eps020,0,24,0.7005519316357456,0.7324866982988959,-0.031934766663150316,0.5456077195152462
C_160_40_lr017_eps020,0,25,0.7392489057781904,0.7386416318866212,0.0006072738915691156,0.8883516660747307
C_160_40_lr017_eps020,1,0,0.26409195184164375,0.26409195184164375,0.0,1.0
C_160_40_lr017_eps020,1,1,0.32745740857221267,0.30433548240947433,0.023121926162738338,0.7604164110338951
C_160_40_lr017_eps020,1,2,0.32532584389202135,0.3489237901854504,-0.02359794629342904,0.49280532807532146
C_160_40_lr017_eps020,1,3,0.43020984388912686,0.38814220179850983,0.04206764209061703,0.5758820610901381
C_160_40_lr017_eps020,1,4,0.4660377069536732,0.4272483236921414,0.03878938326153181,0.7982800555233537
C_160_40_lr017_eps020,1,5,0.529963956187242,0.4650431025593932,0.06492085362784883,0.8969232555248047
C_160_40_lr017_eps020,1,6,0.5591082438312093,0.5069050848540928,0.05220315897711647,0.8730395723608423
C_160_40_lr017_eps020,1,7,0.5765856129682225,0.5401164689398708,0.036469144028351774,0.7307671683144882
C_160_40_lr017_eps020,1,8,0.5893143429422034,0.5631109397778781,0.026203403164325345,0.8305821579137191
C_160_40_lr017_eps020,1,9,0.5956204841525016,0.5859714375640293,0.009649046588472321,0.7798505725707126
C_160_40_lr017_eps020,1,10,0.6238869744326222,0.6016547699410075,0.02223220449161467,0.8041700774194047
C_160_40_lr017_eps020,1,11,0.49802067405216416,0.62127610895356,-0.12325543490139584,0.29582033783826023
C_160_40_lr017_eps020,1,12,0.563316752464236,0.6502673970721512,-0.08695064460791524,0.6267656129846154
C_160_40_lr017_eps020,1,13,0.5828058359569667,0.6641223190444825,-0.08131648308751582,0.7694012055755922
C_160_40_lr017_eps020,1,14,0.5447323862884577,0.6692806119674578,-0.12454822567900015,0.7450793365448736
C_160_40_lr017_eps020,1,15,0.6047628512896868,0.6762932734456243,-0.07153042215593752,0.7608840055680666
C_160_40_lr017_eps020,1,16,0.6509024547907668,0.6850156923073857,-0.03411323751661888,0.8145602210356411
C_160_40_lr017_eps020,1,17,0.6744217050643238,0.6989912736129499,-0.02456956854862613,0.7834687394084181
C_160_40_lr017_eps020,1,18,0.6787387754131055,0.7133200250234205,-0.03458124961031506,0.9510746442894932
C_160_40_lr017_eps020,1,19,0.6886581933846225,0.7235707220835144,-0.03491252869889183,0.8058971641040236
C_160_40_lr017_eps020,1,20,0.683880640504987,0.7327789418847983,-0.048898301379811326,0.7321465247920335
C_160_40_lr017_eps020,1,21,0.6944454260043237,0.7439657878358003,-0.04952036183147657,0.8992474251250971
C_160_40_lr017_eps020,1,22,0.6773600560678374,0.7503077025544623,-0.07294764648662488,0.8946366365101818
C_160_40_lr017_eps020,1,23,0.6945737038326225,0.7640497041282168,-0.06947600029559431,0.7764469464289918
C_160_40_lr017_eps020,1,24,0.687832545930063,0.7713565996446393,-0.08352405371457627,0.9167685824266589
C_160_40_lr017_eps020,1,25,0.7078110695147145,0.7609968575823043,-0.05318578806758978,0.8231735039141146
C_160_40_lr017_eps020,2,0,0.26409195184164375,0.26409195184164375,0.0,1.0
C_160_40_lr017_eps020,2,1,0.32513685725079267,0.3094851230783129,0.01565173417247978,0.7730023263844833
C_160_40_lr017_eps020,2,2,0.3803795149742444,0.3493148876799573,0.031064627294287106,0.7820140603667791
C_160_40_lr017_eps020,2,3,0.3816768434275626,0.39716198690795324,-0.01548514348039065,0.23942174670044872
C_160_40_lr017_eps020,2,4,0.4414647254145875,0.4336244589192755,0.007840266495311998,0.5605797406946907
C_160_40_lr017_eps020,2,5,0.5004067530882805,0.46883315524943225,0.03157359783884828,0.4483411502222996
C_160_40_lr017_eps020,2,6,0.5238875306535948,0.5022220713089294,0.02166545934466546,0.7330690212032748
C_160_40_lr017_eps020,2,7,0.5485111667380544,0.522944814032924,0.025566352705130413,0.7642780354217648
C_160_40_lr017_eps020,2,8,0.5506738754155194,0.5515645512569819,-0.0008906758414625182,0.7158355680743758
C_160_40_lr017_eps020,2,9,0.5972140861487143,0.5667536756673733,0.03046041048134096,0.732958277730219
C_160_40_lr017_eps020,2,10,0.6062263477863469,0.5948169225427563,0.011409425243590565,0.8011605418144127
C_160_40_lr017_eps020,2,11,0.6194282458691991,0.600452143141517,0.01897610272768213,0.9255774330034569
C_160_40_lr017_eps020,2,12,0.613680627079895,0.616901032615668,-0.0032204055357729633,0.9052044904269835
C_160_40_lr017_eps020,2,13,0.624658544908041,0.6207711779252889,0.0038873669827520496,0.7105837370581943
C_160_40_lr017_eps020,2,14,0.6281766717516081,0.6320420415683594,-0.0038653698167513406,0.8062794834492054
C_160_40_lr017_eps020,2,15,0.5323958248144016,0.6267655142233544,-0.09436968940895274,0.32912766697291823
C_160_40_lr017_eps020,2,16,0.6492486633878257,0.6352248491220502,0.01402381426577548,0.5829164060939074
C_160_40_lr017_eps020,2,17,0.664249630733041,0.6514574573800267,0.012792173353014302,0.7786856508735688
C_160_40_lr017_eps020,2,18,0.6631736564327276,0.6488868090274261,0.014286847405301506,0.7435622102300191
C_160_40_lr017_eps020,2,19,0.6757608222535574,0.6543419008973277,0.021418921356229692,0.8722320349515131
C_160_40_lr017_eps020,2,20,0.6850162353447489,0.6591075781515836,0.025908657193165263,0.8850370346076374
C_160_40_lr017_eps020,2,21,0.6769202285066248,0.6728361618477096,0.004084066658915253,0.9314161823360322
C_160_40_lr017_eps020,2,22,0.6171256964653064,0.6673869481410407,-0.050261251675734364,0.5807304896322091
C_160_40_lr017_eps020,2,23,0.668099133994203,0.687004925714821,-0.018905791720618015,0.6731603559451266
C_160_40_lr017_eps020,2,24,0.6891353677332005,0.6948610410061564,-0.005725673272955922,0.748284696179704
C_160_40_lr017_eps020,2,25,0.6927334055902603,0.704128497472546,-0.011395091882285713,0.8226600723953515
C_160_40_lr017_eps020,3,0,0.26409195184164375,0.26409195184164375,0.0,1.0
C_160_40_lr017_eps020,3,1,0.3293144878182036,0.3066516424925138,0.022662845325689795,0.7436880344098519
C_160_40_lr017_eps020,3,2,0.3896376366282816,0.35579475183017817,0.033842884798103434,0.8139482439606016
C_160_40_lr017_eps020,3,3,0.42115024142230767,0.40243115817558245,0.01871908324672522,0.754637719665994
C_160_40_lr017_eps020,3,4,0.44458329344820907,0.4414296700112676,0.0031536234369414773,0.5948781239162337
C_160_40_lr017_eps020,3,5,0.4820010248159583,0.4732337421171603,0.008767282698798007,0.5622509027979485
C_160_40_lr017_eps020,3,6,0.5111250398154583,0.4952176729774063,0.015907366838051995,0.8110787157979374
C_160_40_lr017_eps020,3,7,0.5413891665730387,0.5212153404991979,0.020173826073840773,0.7442812954735766
C_160_40_lr017_eps020,3,8,0.5424145994802431,0.5362165337825691,0.0061980656976740045,0.742294148049901
C_160_40_lr017_eps020,3,9,0.5542204640795378,0.5597814776601833,-0.005561013580645424,0.8822281161284242
C_160_40_lr017_eps020,3,10,0.5614642265485041,0.5659082771444278,-0.0044440505959236765,0.502857086381613
C_160_40_lr017_eps020,3,11,0.6111299610826755,0.5958641681521206,0.015265792930554856,0.8475810079537482
C_160_40_lr017_eps020,3,12,0.6210535773117102,0.6237093228391968,-0.002655745527486597,0.5386494687797958
C_160_40_lr017_eps020,3,13,0.6182026058888433,0.6370475818018182,-0.01884497591297485,0.6885629476576942
C_160_40_lr017_eps020,3,14,0.5934628648083395,0.6566268990111068,-0.06316403420276728,0.8158975786886701
C_160_40_lr017_eps020,3,15,0.4831361034090107,0.660897172924659,-0.1777610695156483,0.032090124438539876
C_160_40_lr017_eps020,3,16,0.6734396735408659,0.6758803391175622,-0.0024406655766963103,0.1962462949105411
C_160_40_lr017_eps020,3,17,0.672949455533477,0.6608808710709237,0.012068584462553211,0.8365760990691795
C_160_40_lr017_eps020,3,18,0.6780318991905179,0.6846693078111166,-0.006637408620598695,0.6524292391441532
C_160_40_lr017_eps020,3,19,0.6298871591399143,0.7019606292852957,-0.07207347014538135,0.652315108746397
C_160_40_lr017_eps020,3,20,0.6937882765944411,0.7011983199070909,-0.007410043312649828,0.6339430908604509
C_160_40_lr017_eps020,3,21,0.6746616550168453,0.7016880569979482,-0.027026401981102954,0.8387289290784677
C_160_40_lr017_eps020,3,22,0.7348198278637528,0.7160032477560591,0.018816580107693714,0.45618265029524696
C_160_40_lr017_eps020,3,23,0.7499359735080173,0.7219707714642793,0.02796520204373798,0.8906736143806976
C_160_40_lr017_eps020,3,24,0.7276592739591717,0.7245358838411825,0.003123390117989233,0.7598678070293682
C_160_40_lr017_eps020,3,25,0.7757118687838038,0.7230429520090944,0.05266891677470942,0.5543944899557052
C_160_40_lr017_eps020,4,0,0.26409195184164375,0.26409195184164375,0.0,1.0
C_160_40_lr017_eps020,4,1,0.30578239090560044,0.3020456904680649,0.003736700437535545,0.6316343158783406
C_160_40_lr017_eps020,4,2,0.3799241091562433,0.35228392967948147,0.02764017947676184,0.32657402355391246
C_160_40_lr017_eps020,4,3,0.4048728482508502,0.39495636615442753,0.009916482096422652,0.6537415470279103
C_160_40_lr017_eps020,4,4,0.45275190628947054,0.43401576820087484,0.0187361380885957,0.7305907880559761
C_160_40_lr017_eps020,4,5,0.5052808103572012,0.4795338880639803,0.025746922293220897,0.627258537257802
C_160_40_lr017_eps020,4,6,0.5387666897036635,0.5121667150414391,0.026599974662224413,0.7341261566155463
C_160_40_lr017_eps020,4,7,0.5555857558537255,0.5398434889607578,0.01574226689296765,0.8020403572758823
C_160_40_lr017_eps020,4,8,0.5871896734943106,0.5637406029329908,0.02344907056131984,0.577689452683357
C_160_40_lr017_eps020,4,9,0.606599995690401,0.5716169067876191,0.0349830889027819,0.8163244755359632
C_160_40_lr017_eps020,4,10,0.6103834044418924,0.5912345723466675,0.019148832095224888,0.7960259589959335
C_160_40_lr017_eps020,4,11,0.6252137687331223,0.5954355317603026,0.02977823697281967,0.17906336821305863
C_160_40_lr017_eps020,4,12,0.6605031415605522,0.6163603275113648,0.04414281404918741,0.6553817866801243
C_160_40_lr017_eps020,4,13,0.680627833232646,0.6384434550977164,0.04218437813492959,0.5809179035321645
C_160_40_lr017_eps020,4,14,0.655399254501197,0.6513367224893529,0.004062532011844033,0.6213941942786259
C_160_40_lr017_eps020,4,15,0.6964796770374428,0.6620869641679288,0.034392712869514064,0.6575638485017564
C_160_40_lr017_eps020,4,16,0.7273761391609808,0.6695871867659591,0.05778895239502169,0.8497685813011366
C_160_40_lr017_eps020,4,17,0.71960363779944,0.6762655534704931,0.043338084328946924,0.7544349276944091
C_160_40_lr017_eps020,4,18,0.7439838304183958,0.6820833566717266,0.06190047374666918,0.7997705669406415
C_160_40_lr017_eps020,4,19,0.7325703263470463,0.6871171125315453,0.04545321381550105,0.8647124912891618
C_160_40_lr017_eps020,4,20,0.7152623167827286,0.679850301886716,0.035412014896012534,0.12356080190827846
C_160_40_lr017_eps020,4,21,0.5467894091232914,0.7045383377999449,-0.15774892867665347,0.015233037012398623
C_160_40_lr017_eps020,4,22,0.7004155091918717,0.715104507102561,-0.014688997910689339,0.005111633295633938
C_160_40_lr017_eps020,4,23,0.758152919753566,0.740486040636077,0.017666879117488987,0.6787658704467078
C_160_40_lr017_eps020,4,24,0.7227019122903832,0.7315469191858128,-0.008845006895429663,0.7484048060466094
C_160_40_lr017_eps020,4,25,0.765272513170296,0.7428347098018712,0.022437803368424825,0.8247911666818132
C_160_40_lr017_eps020,5,0,0.26409195184164375,0.26409195184164375,0.0,1.0
C_160_40_lr017_eps020,5,1,0.27864348735333255,0.30328355314925914,-0.02464006579592659,0.4848935300566239
C_160_40_lr017_eps020,5,2,0.37763247518792403,0.34885526739558714,0.02877720779233689,0.5595970813055886
C_160_40_lr017_eps020,5,3,0.4269194078530763,0.3953322353302725,0.0315871725228038,0.7773723014457535
C_160_40_lr017_eps020,5,4,0.47134008352846535,0.434871368099505,0.03646871542896035,0.8758514042279221
C_160_40_lr017_eps020,5,5,0.4841266616031389,0.470519379953984,0.013607281649154868,0.45443372337985266
C_160_40_lr017_eps020,5,6,0.5157781706185292,0.4916343924181215,0.02414377820040764,0.5434680293272202
C_160_40_lr017_eps020,5,7,0.5563564144999075,0.5208213193312476,0.035535095168659825,0.7494649797767869
C_160_40_lr017_eps020,5,8,0.5125500035290663,0.5349298260438283,-0.022379822514762004,0.6215722434586364
C_160_40_lr017_eps020,5,9,0.555922844658737,0.5682725966795531,-0.012349752020816118,0.7217169851169782
C_160_40_lr017_eps020,5,10,0.560239365786158,0.595416619958563,-0.035177254172405026,0.6857499366019931
C_160_40_lr017_eps020,5,11,0.5714421555166335,0.6160058477643373,-0.044563692247703846,0.8619773163021286
C_160_40_lr017_eps020,5,12,0.6294583825427515,0.6309132787996642,-0.0014548962569126411,0.5530197156136484
C_160_40_lr017_eps020,5,13,0.6612695549458618,0.6371612061037006,0.024108348842161176,0.7225139383968621
C_160_40_lr017_eps020,5,14,0.6566716169629211,0.6393465306099249,0.017325086352996233,0.6864568862865358
C_160_40_lr017_eps020,5,15,0.6900125758895133,0.6729227822471802,0.017089793642333095,0.8431983881666184
C_160_40_lr017_eps020,5,16,0.7061298483268912,0.688788625524824,0.01734122280206718,0.7979815524536611
C_160_40_lr017_eps020,5,17,0.692418689302711,0.6999701493435798,-0.007551460040868818,0.8826028376725291
C_160_40_lr017_eps020,5,18,0.7271881793799677,0.6936599313890532,0.03352824799091447,0.8452940363438968
C_160_40_lr017_eps020,5,19,0.28733589723436453,0.7170890187536393,-0.42975312151927475,0.24453271425932724
C_160_40_lr017_eps020,5,20,0.6438162427557635,0.7369030385807442,-0.0930867958249807,0.008874069615353638
C_160_40_lr017_eps020,5,21,0.7297158985541407,0.7395369934345509,-0.009821094880410275,0.23313928994468458
C_160_40_lr017_eps020,5,22,0.7479531575228815,0.7500014475107343,-0.0020482899878527805,0.7735099288109659
C_160_40_lr017_eps020,5,23,0.7626658028212995,0.7350257022468323,0.027640100574467197,0.8072876591696285
C_160_40_lr017_eps020,5,24,0.7831976398382842,0.7378178045390198,0.04537983529926437,0.8143885257214138
C_160_40_lr017_eps020,5,25,0.7956275682484585,0.7536649869646255,0.04196258128383301,0.8767028724680554
C_160_40_lr017_eps020,6,0,0.26409195184164375,0.26409195184164375,0.0,1.0
C_160_40_lr017_eps020,6,1,0.3325873446394666,0.31311640771356375,0.01947093692590285,0.90961614670106
C_160_40_lr017_eps020,6,2,0.38992489979364564,0.3593596739970023,0.030565225796643336,0.8045182266989975
C_160_40_lr017_eps020,6,3,0.4270178220305936,0.3916023941537522,0.03541542787684138,0.755169124559131
C_160_40_lr017_eps020,6,4,0.4719917713271618,0.4341667190881594,0.0378250522390024,0.6052280116393767
C_160_40_lr017_eps020,6,5,0.5136527036060256,0.468594876476651,0.04505782712937456,0.8381356629072153
C_160_40_lr017_eps020,6,6,0.5056214336179091,0.5055525464727799,6.888714512920391e-05,0.8442464325062946
C_160_40_lr017_eps020,6,7,0.5313293644482279,0.5282890976793464,0.003040266768881472,0.7558180993159245
C_160_40_lr017_eps020,6,8,0.5118626053231425,0.5414768678686971,-0.02961426254555455,0.6296061200643656
C_160_40_lr017_eps020,6,9,0.5590088962622336,0.5496885314826636,0.00932036477956999,0.6931040543943398
C_160_40_lr017_eps020,6,10,0.5661019048288526,0.5817923584230547,-0.01569045359420207,0.7141687050601722
C_160_40_lr017_eps020,6,11,0.5933127171238424,0.5968720072706836,-0.0035592901468411986,0.9006734389521126
C_160_40_lr017_eps020,6,12,0.5948156129100308,0.6051591309506665,-0.010343518040635713,0.665554146090288
C_160_40_lr017_eps020,6,13,0.5983966292091535,0.638441855038311,-0.04004522582915748,0.8779312754256197
C_160_40_lr017_eps020,6,14,0.6180444479661381,0.659591784488519,-0.04154733652238085,0.6343997938234438
C_160_40_lr017_eps020,6,15,0.5930346005535303,0.6815396001117303,-0.08850499955820001,0.8622968229367081
C_160_40_lr017_eps020,6,16,0.5806854266066138,0.6890492985508024,-0.10836387194418862,0.19859093519960458
C_160_40_lr017_eps020,6,17,0.6451590422472931,0.6951843146365465,-0.05002527238925336,0.6128017528156874
C_160_40_lr017_eps020,6,18,0.6373295974249588,0.6742611794443258,-0.03693158201936708,0.8944217708815729
C_160_40_lr017_eps020,6,19,0.6401069523703931,0.6875760205040825,-0.04746906813368945,0.8533131613887452
C_160_40_lr017_eps020,6,20,0.6049461381789794,0.722648687767422,-0.11770254958844262,0.4846752610980703
C_160_40_lr017_eps020,6,21,0.629388171850101,0.7402025063051162,-0.1108143344550152,0.8067155388416261
C_160_40_lr017_eps020,6,22,0.6671437195627417,0.7319441147429051,-0.06480039518016345,0.47978770476111393
C_160_40_lr017_eps020,6,23,0.6699832371026289,0.7444168953286867,-0.07443365822605785,0.930057545715098
C_160_40_lr017_eps020,6,24,0.5590675916056347,0.7623665239994913,-0.20329893239385666,0.331531881078415
C_160_40_lr017_eps020,6,25,0.6260380964222807,0.7591143808626781,-0.13307628444039743,0.5166388534173884
C_160_40_lr017_eps020,7,0,0.26409195184164375,0.26409195184164375,0.0,1.0
C_160_40_lr017_eps020,7,1,0.3313327832827243,0.30594147810847616,0.025391305174248147,0.831372350765353
C_160_40_lr017_eps020,7,2,0.3936930581973019,0.34946139542182647,0.04423166277547541,0.6073763316315814
C_160_40_lr017_eps020,7,3,0.44072921588062053,0.3984757398987471,0.0422534759818734,0.8629635279594539
C_160_40_lr017_eps020,7,4,0.4699946313201759,0.4356759720852402,0.034318659234935656,0.5099551756022938
C_160_40_lr017_eps020,7,5,0.48518735372975785,0.4741193143152778,0.011068039414480035,0.5092546788306629
C_160_40_lr017_eps020,7,6,0.5475125068438068,0.5045443542232319,0.04296815262057496,0.44773568063543034
C_160_40_lr017_eps020,7,7,0.562572034197393,0.5361386133251248,0.026433420872268187,0.5947797681214706
C_160_40_lr017_eps020,7,8,0.5866689548414081,0.5599906744807085,0.026678280360699635,0.7394725481972089
C_160_40_lr017_eps020,7,9,0.5984913379683487,0.5828709429132918,0.015620395055056968,0.6969766651592785
C_160_40_lr017_eps020,7,10,0.6477619449855697,0.5914141213352391,0.05634782365033064,0.5936617774178935
C_160_40_lr017_eps020,7,11,0.6355830100906791,0.6126027947583023,0.02298021533237682,0.6798517181975459
C_160_40_lr017_eps020,7,12,0.6042357056129092,0.6179860738516839,-0.013750368238774735,0.8230383502949693
C_160_40_lr017_eps020,7,13,0.6680668758086948,0.6402289542801276,0.027837921528567233,0.2300719405883289
C_160_40_lr017_eps020,7,14,0.6790049846486426,0.6580108006104098,0.02099418403823272,0.8453487870584047
C_160_40_lr017_eps020,7,15,0.6765117809651936,0.660735428581704,0.015776352383489622,0.882695315200759
C_160_40_lr017_eps020,7,16,0.6884727300124264,0.6653758392557145,0.02309689075671184,0.651443698362862
C_160_40_lr017_eps020,7,17,0.6484778851031496,0.6862189202112787,-0.037741035108129095,0.0787037193619522
C_160_40_lr017_eps020,7,18,0.6962655503950778,0.704709857620547,-0.008444307225469294,0.7239177461081141
C_160_40_lr017_eps020,7,19,0.7006506127150514,0.7028395954763395,-0.002188982761288094,0.7144579445717462
C_160_40_lr017_eps020,7,20,0.7159488887953511,0.7016573865741633,0.014291502221187802,0.8870642216465899
C_160_40_lr017_eps020,7,21,0.7113895546402663,0.7334980532173951,-0.02210849857712882,0.8775421071755104
C_160_40_lr017_eps020,7,22,0.713362109276602,0.7455906997648664,-0.03222859048826432,0.7463391869308035
C_160_40_lr017_eps020,7,23,0.6912554001526218,0.7240798273863599,-0.03282442723373813,0.347401647224508
C_160_40_lr017_eps020,7,24,0.6964920064037027,0.7354755909478417,-0.03898358454413897,0.6558500144867712
C_160_40_lr017_eps020,7,25,0.6890917553417881,0.7285158971475746,-0.03942414180578646,0.5788028244178659
C_160_40_lr017_eps020,8,0,0.26409195184164375,0.26409195184164375,0.0,1.0
C_160_40_lr017_eps020,8,1,0.2870483538894149,0.3046094143403367,-0.017561060450921817,0.5134938288132244
C_160_40_lr017_eps020,8,2,0.3653533538865592,0.3588050984006975,0.006548255485861687,0.4812804274838576
C_160_40_lr017_eps020,8,3,0.3147161042890277,0.405800129803034,-0.0910840255140063,0.14866091128936468
C_160_40_lr017_eps020,8,4,0.42637414377580235,0.44297856056857143,-0.016604416792769083,0.2765121381292197
C_160_40_lr017_eps020,8,5,0.47227174847460984,0.4720961732052282,0.000175575269381667,0.6493794546074482
C_160_40_lr017_eps020,8,6,0.507582718652177,0.5138117651338837,-0.006229046481706746,0.7589941833945626
C_160_40_lr017_eps020,8,7,0.5232760729679213,0.5434554510955056,-0.020179378127584302,0.7524056250817095
C_160_40_lr017_eps020,8,8,0.5616807621112219,0.561940074647863,-0.00025931253664113196,0.7941075306350149
C_160_40_lr017_eps020,8,9,0.5362421805688972,0.5849194673240549,-0.0486772867551577,0.4293579859533352
C_160_40_lr017_eps020,8,10,0.5551555019017254,0.6029699486411069,-0.04781444673938151,0.3139181761648844
C_160_40_lr017_eps020,8,11,0.603236475610391,0.6174278492404716,-0.014191373630080606,0.4875383531808949
C_160_40_lr017_eps020,8,12,0.6156078375865542,0.631752709171497,-0.01614487158494271,0.7805095771120765
C_160_40_lr017_eps020,8,13,0.616227032504113,0.6441218043905461,-0.02789477188643308,0.8063837311285639
C_160_40_lr017_eps020,8,14,0.6387647200217971,0.6379421642741954,0.0008225557476017054,0.8266192331048636
C_160_40_lr017_eps020,8,15,0.6203092069468346,0.671955710540841,-0.051646503594006465,0.8593053989302404
C_160_40_lr017_eps020,8,16,0.6410661480830256,0.6873204163368651,-0.04625426825383949,0.6109702304329867
C_160_40_lr017_eps020,8,17,0.6546036979710678,0.7020068612033498,-0.047403163232282,0.8432536099369173
C_160_40_lr017_eps020,8,18,0.6524176936170563,0.7008630058861329,-0.04844531226907667,0.878573215216023
C_160_40_lr017_eps020,8,19,0.6363377746138672,0.7220285948608115,-0.0856908202469443,0.7976621435137236
C_160_40_lr017_eps020,8,20,0.6359394172967723,0.7371537904472608,-0.10121437315048853,0.6143914865159479
C_160_40_lr017_eps020,8,21,0.6627515556943023,0.7426358397033782,-0.07988428400907588,0.8588647996866519
C_160_40_lr017_eps020,8,22,0.6457575450631177,0.753949933528078,-0.10819238846496038,0.7409989546909969
C_160_40_lr017_eps020,8,23,0.6479394753167379,0.7642775226395435,-0.11633804732280562,0.747522543141269
C_160_40_lr017_eps020,8,24,0.6650339909995386,0.7695304683285885,-0.10449647732904987,0.9060203017038629
C_160_40_lr017_eps020,8,25,0.6516593578875611,0.7677510494033352,-0.11609169151577403,0.8181793231239755
C_160_40_lr017_eps020,9,0,0.26409195184164375,0.26409195184164375,0.0,1.0
C_160_40_lr017_eps020,9,1,0.3323015727778125,0.30964384214497626,0.02265773063283627,0.7811497900147063
C_160_40_lr017_eps020,9,2,0.3853447783549933,0.35485175904641786,0.030493019308575453,0.8600985164712543
C_160_40_lr017_eps020,9,3,0.4318556767144154,0.39982781562891645,0.03202786108549893,0.7187633345398398
C_160_40_lr017_eps020,9,4,0.467588540584132,0.4460658834562601,0.021522657127871936,0.7981559438803205
C_160_40_lr017_eps020,9,5,0.47719322715634005,0.4787633696405095,-0.0015701424841694234,0.48474548918164606
C_160_40_lr017_eps020,9,6,0.5394929699550136,0.5033442001782299,0.03614876977678372,0.6844849409316087
C_160_40_lr017_eps020,9,7,0.5557031600078617,0.5215261052442902,0.03417705476357147,0.8719830940429002
C_160_40_lr017_eps020,9,8,0.5514723614210016,0.5513136805931935,0.00015868082780812198,0.584069541153241
C_160_40_lr017_eps020,9,9,0.5595589803602938,0.5767231844474785,-0.017164204087184665,0.5751250274151876
C_160_40_lr017_eps020,9,10,0.6247106234121141,0.5979383258667739,0.026772297545340273,0.4878241176063958
C_160_40_lr017_eps020,9,11,0.6100561306515456,0.6050282884284796,0.00502784222306607,0.7127039471391063
C_160_40_lr017_eps020,9,12,0.6470789626104295,0.6186111471895049,0.02846781542092458,0.6645322364359845
C_160_40_lr017_eps020,9,13,0.666753145921224,0.6448268882632908,0.021926257657933212,0.8399124118898499
C_160_40_lr017_eps020,9,14,0.6703660302431746,0.6684508574526979,0.0019151727904767046,0.8811371403328376
C_160_40_lr017_eps020,9,15,0.6680193123520095,0.6770324133419716,-0.009013100989962108,0.778194369383851
C_160_40_lr017_eps020,9,16,0.6900532837563236,0.6827859301579761,0.007267353598347515,0.8789107081171845
C_160_40_lr017_eps020,9,17,0.709693808467971,0.6934908149773477,0.016202993490623374,0.9182145669443388
C_160_40_lr017_eps020,9,18,0.7249637551862829,0.7119871249604739,0.012976630225808972,0.6698848968187072
C_160_40_lr017_eps020,9,19,0.7205100796540979,0.72727541729326,-0.0067653376391620945,0.8406167183228027
C_160_40_lr017_eps020,9,20,0.7493033625131813,0.7400519524885871,0.009251410024594175,0.74113752545505
C_160_40_lr017_eps020,9,21,0.7378890740134749,0.7517058013290875,-0.013816727315612565,0.9037381154840325
C_160_40_lr017_eps020,9,22,0.7532164761462657,0.7598701267399928,-0.006653650593727023,0.8204434120597122
C_160_40_lr017_eps020,9,23,0.7653560667912036,0.7666057338323645,-0.0012496670411609179,0.8827517877151397
C_160_40_lr017_eps020,9,24,0.772109231902207,0.7615996240404165,0.01050960786179056,0.8877359875162917
C_160_40_lr017_eps020,9,25,0.774894211938835,0.7731455465774033,0.0017486653614317005,0.9211481721412951
C_160_40_lr017_eps020,10,0,0.26409195184164375,0.26409195184164375,0.0,1.0
C_160_40_lr017_eps020,10,1,0.3185294488893752,0.30850508044881286,0.010024368440562315,0.8271265389483521
C_160_40_lr017_eps020,10,2,0.35081419059602675,0.34220554394994457,0.008608646646082185,0.8204576226056968
C_160_40_lr017_eps020,10,3,0.40130415592341645,0.38872865456319716,0.012575501360219288,0.8464819205396737
C_160_40_lr017_eps020,10,4,0.4574903314122588,0.43446746463126,0.023022866780998796,0.710619332190975
C_160_40_lr017_eps020,10,5,0.49668626118065945,0.4747071136270447,0.021979147553614742,0.342161430886736
C_160_40_lr017_eps020,10,6,0.5300488763683255,0.5105455264202893,0.019503349948036264,0.7231392472914975
C_160_40_lr017_eps020,10,7,0.5374375039454908,0.5381915495936156,-0.000754045648124757,0.4440201682771356
C_160_40_lr017_eps020,10,8,0.5659281142196144,0.5623842547945834,0.003543859425030993,0.6901670553477481
C_160_40_lr017_eps020,10,9,0.562203957816913,0.5870238565634366,-0.024819898746523572,0.6716454536682221
C_160_40_lr017_eps020,10,10,0.579830700717491,0.6094074537691415,-0.02957675305165053,0.7885974477173427
C_160_40_lr017_eps020,10,11,0.6088961499622411,0.6276230667274254,-0.018726916765184343,0.428170754140549
C_160_40_lr017_eps020,10,12,0.6408259917617762,0.6413295333864683,-0.0005035416246920166,0.811282431743196
C_160_40_lr017_eps020,10,13,0.6528839493152442,0.6624820930772631,-0.009598143762018951,0.7900864193115054
C_160_40_lr017_eps020,10,14,0.6636498123455635,0.6787100046253113,-0.015060192279747753,0.8869364518383013
C_160_40_lr017_eps020,10,15,0.6558312678055669,0.6814376026638864,-0.025606334858319535,0.8427369738213896
C_160_40_lr017_eps020,10,16,0.6672833374854301,0.7036130552499195,-0.036329717764489344,0.8573608481283632
C_160_40_lr017_eps020,10,17,0.6986519703462738,0.7130821640836549,-0.01443019373738108,0.7617064507315026
C_160_40_lr017_eps020,10,18,0.695667568846082,0.7187784559548639,-0.02311088710878184,0.9126155940116315
C_160_40_lr017_eps020,10,19,0.7044679023356216,0.7332424502403244,-0.028774547904702796,0.9031054982684383
C_160_40_lr017_eps020,10,20,0.6741417013958665,0.7430749878766867,-0.0689332864808202,0.5806835194286669
C_160_40_lr017_eps020,10,21,0.6985700435217164,0.7553721931006793,-0.0568021495789629,0.8765506989319631
C_160_40_lr017_eps020,10,22,0.7273907905668452,0.7629899718920953,-0.035599181325250084,0.8735749965223696
C_160_40_lr017_eps020,10,23,0.7178857595865189,0.7505153826602986,-0.0326296230737797,0.8971940566877222
C_160_40_lr017_eps020,10,24,0.6965780095268415,0.7388916728105698,-0.04231366328372832,0.6876430138991828
C_160_40_lr017_eps020,10,25,0.7032128101346944,0.7561177957552384,-0.05290498562054402,0.7609606114928255
C_160_40_lr017_eps020,11,0,0.26409195184164375,0.26409195184164375,0.0,1.0
C_160_40_lr017_eps020,11,1,0.3145356354449502,0.3066502469974044,0.007885388447545827,0.7980092169648126
C_160_40_lr017_eps020,11,2,0.37400737775999565,0.3463116363695829,0.027695741390412754,0.6579501414373554
C_160_40_lr017_eps020,11,3,0.42099930983300055,0.39196561233925076,0.029033697493749788,0.8855962387044303
C_160_40_lr017_eps020,11,4,0.44876437613814507,0.4209553984857591,0.02780897765238599,0.8248781977277004
C_160_40_lr017_eps020,11,5,0.498672073365556,0.46829400630490436,0.03037806706065166,0.7743994095357268
C_160_40_lr017_eps020,11,6,0.4996421530488199,0.48520703808060706,0.01443511496821287,0.8950309583468273
C_160_40_lr017_eps020,11,7,0.5388639584734186,0.5103594624712114,0.02850449600220717,0.661482938678406
C_160_40_lr017_eps020,11,8,0.5572205218267469,0.5449949687415486,0.012225553085198237,0.6706561223665649
C_160_40_lr017_eps020,11,9,0.5939173622896086,0.5764569867078879,0.017460375581720644,0.8571269160648725
C_160_40_lr017_eps020,11,10,0.585924706211667,0.5965084140365444,-0.010583707824877386,0.7650927442840653
C_160_40_lr017_eps020,11,11,0.5955051521817216,0.6117799451872432,-0.016274793005521593,0.7632389751419586
C_160_40_lr017_eps020,11,12,0.5891594698329952,0.6265522861717341,-0.03739281633873892,0.5029123100445552
C_160_40_lr017_eps020,11,13,0.6145502619327486,0.6456053471091885,-0.031055085176439845,0.6024000549856846
C_160_40_lr017_eps020,11,14,0.6596536963000454,0.6630616109075907,-0.0034079146075453037,0.6875142919135374
C_160_40_lr017_eps020,11,15,0.6436004517126205,0.6769592829572985,-0.03335883124467798,0.6884227604280516
C_160_40_lr017_eps020,11,16,0.6712281128527442,0.6774153793040054,-0.00618726645126122,0.7577138074836177
C_160_40_lr017_eps020,11,17,0.651257657151576,0.6824296945757741,-0.03117203742419805,0.7583105597861575
C_160_40_lr017_eps020,11,18,0.658594665080034,0.6971663254671367,-0.0385716603871028,0.8465581868294872
C_160_40_lr017_eps020,11,19,0.683152129152234,0.7146240728827773,-0.031471943730543295,0.82343381840514
C_160_40_lr017_eps020,11,20,0.667120526894729,0.7218294440507149,-0.054708917155985914,0.8377987657576321
C_160_40_lr017_eps020,11,21,0.6788879043326355,0.7283340183935882,-0.049446114060952784,0.8274513025123345
C_160_40_lr017_eps020,11,22,0.6917122721814846,0.7458975693518131,-0.054185297170328495,0.922589517119698
C_160_40_lr017_eps020,11,23,0.6797792044068663,0.7427832828697122,-0.06300407846284584,0.8667597734576032
C_160_40_lr017_eps020,11,24,0.6781682378817085,0.7454582355424285,-0.06728999766071997,0.8759508814584713
C_160_40_lr017_eps020,11,25,0.6857412960201429,0.7495367067367423,-0.06379541071659944,0.8217682903452251
C_160_40_lr017_eps020,12,0,0.26409195184164375,0.26409195184164375,0.0,1.0
C_160_40_lr017_eps020,12,1,0.2957695527528655,0.3024410991739082,-0.006671546421042729,0.5844347390849048
C_160_40_lr017_eps020,12,2,0.3719850954758892,0.3512168718078573,0.020768223668031882,0.6943578476907737
C_160_40_lr017_eps020,12,3,0.4275469691297339,0.3906476588075853,0.036899310322148604,0.7345709366856137
C_160_40_lr017_eps020,12,4,0.45635215675819674,0.4295824666467453,0.026769690111451416,0.48690652371785254
C_160_40_lr017_eps020,12,5,0.504826644626218,0.4639950880455445,0.040831556580673445,0.8167928555766303
C_160_40_lr017_eps020,12,6,0.37835308450716415,0.4929181822285563,-0.11456509772139217,0.4114544100673526
C_160_40_lr017_eps020,12,7,0.46154129389766924,0.5240595853706865,-0.0625182914730173,0.284303079628092
C_160_40_lr017_eps020,12,8,0.5421491750336851,0.5405331350770827,0.001616039956602422,0.5412074483665529
C_160_40_lr017_eps020,12,9,0.5516679235935891,0.5650443761274893,-0.013376452533900185,0.6119121836639686
C_160_40_lr017_eps020,12,10,0.5887295909252499,0.5831307307693656,0.005598860155884289,0.7212085109931301
C_160_40_lr017_eps020,12,11,0.5807115437586615,0.6037002418523622,-0.022988698093700632,0.8459431078780428
C_160_40_lr017_eps020,12,12,0.6068955127375919,0.6114852481784724,-0.0045897354408804825,0.8358521799922825
C_160_40_lr017_eps020,12,13,0.5999122707559111,0.6359344667116921,-0.036022195955780933,0.6966292256302639
C_160_40_lr017_eps020,12,14,0.6212549295765364,0.6588625724482413,-0.03760764287170493,0.5972894994560718
C_160_40_lr017_eps020,12,15,0.6186045730697136,0.6712900096155491,-0.05268543654583546,0.784442672030481
C_160_40_lr017_eps020,12,16,0.6148445996942693,0.6732548390715712,-0.05841023937730194,0.8694287889017931
C_160_40_lr017_eps020,12,17,0.640300352084328,0.6793727034611777,-0.03907235137684972,0.8800334779863593
C_160_40_lr017_eps020,12,18,0.6475147099419755,0.7114766773819641,-0.06396196743998861,0.9362392938181066
C_160_40_lr017_eps020,12,19,0.6490921901473686,0.723248221243627,-0.07415603109625835,0.8799347415506236
C_160_40_lr017_eps020,12,20,0.6519792659794895,0.7363238162027317,-0.08434455022324217,0.9453835428782688
C_160_40_lr017_eps020,12,21,0.674971803399353,0.7535778779311911,-0.0786060745318381,0.8609831835567382
C_160_40_lr017_eps020,12,22,0.6777516121176219,0.7388673150359855,-0.061115702918363546,0.9256821403196828
C_160_40_lr017_eps020,12,23,0.6729971304927965,0.7335424863178724,-0.06054535582507592,0.9276433026455353
C_160_40_lr017_eps020,12,24,0.6827201853805823,0.7613253299275398,-0.07860514454695744,0.8221295989729565
C_160_40_lr017_eps020,12,25,0.6907856479715004,0.7597003587113534,-0.068914710739853,0.9400846231589985
C_160_40_lr017_eps020,13,0,0.26409195184164375,0.26409195184164375,0.0,1.0
C_160_40_lr017_eps020,13,1,0.3271797924936245,0.30578277152651956,0.02139702096710494,0.6547864784734133
C_160_40_lr017_eps020,13,2,0.3845606896755391,0.34873109916672207,0.03582959050881701,0.8069045781003009
C_160_40_lr017_eps020,13,3,0.42379121644514817,0.4013984560786292,0.022392760366518993,0.6134370337571063
C_160_40_lr017_eps020,13,4,0.46965779880495556,0.45303356636176684,0.016624232443188725,0.8018670555127728
C_160_40_lr017_eps020,13,5,0.5208352868057563,0.48036882758473726,0.04046645922101905,0.9062281633342425
C_160_40_lr017_eps020,13,6,0.5406082744233262,0.5174351673550837,0.023173107068242493,0.8433007404239882
C_160_40_lr017_eps020,13,7,0.5790077306857168,0.5403954699494609,0.0386122607362559,0.8475821802502026
C_160_40_lr017_eps020,13,8,0.5661566270226127,0.5727374840565261,-0.006580857033913423,0.7484926909888246
C_160_40_lr017_eps020,13,9,0.6126213756046256,0.5923744050682987,0.020246970536326847,0.6316457606177672
C_160_40_lr017_eps020,13,10,0.6153882028209057,0.6074161381492518,0.0079720646716539,0.7356817285190876
C_160_40_lr017_eps020,13,11,0.6289615097356706,0.6149773423641063,0.013984167371564271,0.8046173063120955
C_160_40_lr017_eps020,13,12,0.646836473390775,0.6418231665943059,0.0050133067964690525,0.6145361720342605
C_160_40_lr017_eps020,13,13,0.6800378708667978,0.6484575421862548,0.031580328680542946,0.8629986537689877
C_160_40_lr017_eps020,13,14,0.677055516814439,0.6464945050668385,0.03056101174760051,0.874013357183878
C_160_40_lr017_eps020,13,15,0.691129555802986,0.6695545067285714,0.021575049074414543,0.713359279221879
C_160_40_lr017_eps020,13,16,0.7023481823582993,0.6812496222668295,0.02109856009146982,0.8586548826983521
C_160_40_lr017_eps020,13,17,0.6513431917118195,0.6969964689488097,-0.0456532772369902,0.6200009286283068
C_160_40_lr017_eps020,13,18,0.6928718177398455,0.693718174976633,-0.0008463572367874983,0.3885831831713507
C_160_40_lr017_eps020,13,19,0.6944002466523358,0.7002722674020561,-0.005872020749720264,0.5287417363540337
C_160_40_lr017_eps020,13,20,0.7190008725138388,0.7039203000443244,0.015080572469514442,0.7921572271448478
C_160_40_lr017_eps020,13,21,0.7345432961259466,0.7226880132177901,0.011855282908156517,0.7881697924113651
C_160_40_lr017_eps020,13,22,0.7331656228926376,0.7324423881188241,0.0007232347738135303,0.8630028897742763
C_160_40_lr017_eps020,13,23,0.7574280310329455,0.7288231450968425,0.028604885936102997,0.8370905129598184
C_160_40_lr017_eps020,13,24,0.7716287720774171,0.711822093422635,0.059806678654782064,0.8636106073910357
C_160_40_lr017_eps020,13,25,0.7491277757880661,0.7426993033323803,0.006428472455685785,0.8287838924541207
C_160_40_lr017_eps020,14,0,0.26409195184164375,0.26409195184164375,0.0,1.0
C_160_40_lr017_eps020,14,1,0.3098679664973037,0.3069170007985264,0.002950965698777286,0.7285260579060686
C_160_40_lr017_eps020,14,2,0.31397512398428323,0.34176917729579004,-0.027794053311506806,0.409234441519887
C_160_40_lr017_eps020,14,3,0.42082162368998083,0.38333569081298774,0.03748593287699309,0.6084512039115354
C_160_40_lr017_eps020,14,4,0.44767382817859774,0.4241933252606748,0.02348050291792292,0.8072258556735559
C_160_40_lr017_eps020,14,5,0.4944326364042608,0.46879390995822634,0.025638726446034432,0.6353070984433267
C_160_40_lr017_eps020,14,6,0.5345502907727832,0.49489956276939856,0.039650728003384594,0.9072727283164326
C_160_40_lr017_eps020,14,7,0.5469107928675151,0.5333365478640052,0.0135742450035099,0.8530699483288228
C_160_40_lr017_eps020,14,8,0.5643331755690676,0.5578034014493285,0.006529774119739096,0.9189003897416103
C_160_40_lr017_eps020,14,9,0.5771092854902931,0.582629245389105,-0.0055199598988119325,0.6541013639512088
C_160_40_lr017_eps020,14,10,0.604677965493028,0.5793218853449227,0.02535608014810531,0.7987722822419323
C_160_40_lr017_eps020,14,11,0.6066788798333573,0.5938634561159669,0.012815423717390417,0.695373677783518
C_160_40_lr017_eps020,14,12,0.6234746824533733,0.6300437313663634,-0.006569048912990039,0.7382734044194872
C_160_40_lr017_eps020,14,13,0.5645139225338845,0.6575014576352184,-0.09298753510133384,0.4941531706546569
C_160_40_lr017_eps020,14,14,0.5968453380074386,0.6635726926649338,-0.06672735465749524,0.197257713901658
C_160_40_lr017_eps020,14,15,0.6573372392231137,0.6683930372772062,-0.011055798054092514,0.5622389779717324
C_160_40_lr017_eps020,14,16,0.6760376503873192,0.6760748514325957,-3.7201045276491485e-05,0.8345706310341201
C_160_40_lr017_eps020,14,17,0.6574943276943065,0.6900073243327742,-0.03251299663846774,0.7260108890632418
C_160_40_lr017_eps020,14,18,0.22041389077628176,0.6873883438730589,-0.46697445309677715,0.00640034766875512
C_160_40_lr017_eps020,14,19,0.09979651535005271,0.7023271375618694,-0.6025306222118166,1.5189632080669344e-06
C_160_40_lr017_eps020,14,20,0.09980001377803452,0.7206387709800548,-0.6208387572020203,0.9999999873020683
C_160_40_lr017_eps020,14,21,0.09980076960948651,0.7405206973172973,-0.6407199277078108,0.9999999994164168
C_160_40_lr017_eps020,14,22,0.09980925186256343,0.7418528915835716,-0.6420436397210082,0.9999999268305493
C_160_40_lr017_eps020,14,23,0.0998126720155262,0.7566188231002615,-0.6568061510847353,0.9999999887995518
C_160_40_lr017_eps020,14,24,0.09981391653585098,0.7660477326579764,-0.6662338161221255,0.9999999966188058
C_160_40_lr017_eps020,14,25,0.09982379398563361,0.7754130730677617,-0.6755892790821282,0.9999999030165857
C_160_40_lr017_eps020,15,0,0.26409195184164375,0.26409195184164375,0.0,1.0
C_160_40_lr017_eps020,15,1,0.3276203759955941,0.3096350005872333,0.017985375408360815,0.6864735232049036
C_160_40_lr017_eps020,15,2,0.385818576180836,0.35684622097276425,0.02897235520807173,0.8675758770152576
C_160_40_lr017_eps020,15,3,0.39724250988316817,0.4006196560818377,-0.003377146198669523,0.19554018009342722
C_160_40_lr017_eps020,15,4,0.4194100919156721,0.441710511056453,-0.022300419140780903,0.9460199244714604
C_160_40_lr017_eps020,15,5,0.4635089398792042,0.472922331813302,-0.009413391934097792,0.5650600644705488
C_160_40_lr017_eps020,15,6,0.5087951034517734,0.505370355207869,0.003424748243904374,0.4457719497502948
C_160_40_lr017_eps020,15,7,0.5298359338517702,0.5163563148278726,0.013479619023897604,0.8384458945445026
C_160_40_lr017_eps020,15,8,0.5344602281539171,0.5450979856997629,-0.010637757545845727,0.7658455759592399
C_160_40_lr017_eps020,15,9,0.5656139625504857,0.576939275851196,-0.011325313300710294,0.5602975076620069
C_160_40_lr017_eps020,15,10,0.5648305637684579,0.5961186695576967,-0.031288105789238796,0.5387866752613134
C_160_40_lr017_eps020,15,11,0.6089006678920332,0.6190739055456611,-0.010173237653627876,0.831102234820752
C_160_40_lr017_eps020,15,12,0.47658602537990774,0.6281458623843301,-0.15155983700442238,0.09223372889993463
C_160_40_lr017_eps020,15,13,0.6281173747195508,0.6199315567699677,0.008185817949583063,0.23086396916277468
C_160_40_lr017_eps020,15,14,0.6442493783530877,0.643473747798615,0.0007756305544727171,0.9807382777466328
C_160_40_lr017_eps020,15,15,0.6663414256837246,0.64970956198927,0.016631863694454574,0.9225130947361837
C_160_40_lr017_eps020,15,16,0.6768573132313056,0.6834997333113668,-0.006642420080061218,0.6260591390736745
C_160_40_lr017_eps020,15,17,0.6749971749433713,0.6950134165184294,-0.020016241575058102,0.6531987392964638
C_160_40_lr017_eps020,15,18,0.6954751278192196,0.7141443982766456,-0.018669270457425946,0.8519331636604962
C_160_40_lr017_eps020,15,19,0.6985744311515257,0.7179132059262139,-0.01933877477468815,0.8550036473225143
C_160_40_lr017_eps020,15,20,0.7006313648733691,0.7331377003120361,-0.03250633543866699,0.7908929314939934
C_160_40_lr017_eps020,15,21,0.7065451141884997,0.7395327119426286,-0.03298759775412885,0.5004177011870964
C_160_40_lr017_eps020,15,22,0.7180728337174561,0.7378562475922577,-0.019783413874801536,0.9029207831060349
C_160_40_lr017_eps020,15,23,0.7384014779271981,0.743460031508172,-0.005058553580973846,0.8856699880412501
C_160_40_lr017_eps020,15,24,0.7351765634642574,0.7575658132730295,-0.022389249808772105,0.8821514581632278
C_160_40_lr017_eps020,15,25,0.7296720564711182,0.7479412962378739,-0.01826923976675565,0.8037952991874453
C_160_40_lr017_eps020,16,0,0.26409195184164375,0.26409195184164375,0.0,1.0
C_160_40_lr017_eps020,16,1,0.3203392186985897,0.30473772728660015,0.015601491411989576,0.8372441336980266
C_160_40_lr017_eps020,16,2,0.38662882154937483,0.350463157533867,0.03616566401550786,0.7947976368116116
C_160_40_lr017_eps020,16,3,0.4266740303232278,0.38578468931661936,0.04088934100660846,0.8172117822360072
C_160_40_lr017_eps020,16,4,0.4670426817653217,0.4316304614691555,0.0354122202961662,0.7406639682248278
C_160_40_lr017_eps020,16,5,0.43524842635023137,0.46983414719954125,-0.03458572084930989,0.19405895979401297
C_160_40_lr017_eps020,16,6,0.4699977148462343,0.5068533837165011,-0.03685566887026681,0.6065300575589768
C_160_40_lr017_eps020,16,7,0.2838626485304386,0.5328396378081297,-0.24897698927769113,0.008171292796516355
C_160_40_lr017_eps020,16,8,0.5325087893748246,0.5572303948992583,-0.0247216055244337,0.05936399136490549
C_160_40_lr017_eps020,16,9,0.5759008460815633,0.5759890619991426,-8.821591757923741e-05,0.7471206131488304
C_160_40_lr017_eps020,16,10,0.5825831261748897,0.6035132419470447,-0.020930115772154978,0.7371140785430164
C_160_40_lr017_eps020,16,11,0.5768729626847899,0.6152555548184144,-0.038382592133624494,0.3592873653588165
C_160_40_lr017_eps020,16,12,0.6324434450017783,0.6241295957026146,0.008313849299163678,0.44644579345313673
C_160_40_lr017_eps020,16,13,0.6287055551552541,0.6424756762507321,-0.013770121095478038,0.696666825910028
C_160_40_lr017_eps020,16,14,0.5836880138228638,0.6635066176064006,-0.07981860378353678,0.3963565240778174
C_160_40_lr017_eps020,16,15,0.6723503561908412,0.6822516205295491,-0.009901264338707971,0.5009650298983811
C_160_40_lr017_eps020,16,16,0.6546991809345047,0.6935606338550195,-0.038861452920514794,0.8161781760496752
C_160_40_lr017_eps020,16,17,0.6820923811858772,0.68743473782786,-0.005342356641982793,0.5784952025156627
C_160_40_lr017_eps020,16,18,0.6673088817170438,0.6923079469644722,-0.024999065247428343,0.31477011784521786
C_160_40_lr017_eps020,16,19,0.714199745303504,0.6942765786498807,0.01992316665362337,0.6809321212176964
C_160_40_lr017_eps020,16,20,0.712540860487349,0.7037595025812245,0.008781357906124443,0.7232705359864634
C_160_40_lr017_eps020,16,21,0.665585753721489,0.6973367814968939,-0.03175102777540495,0.7415775833888324
C_160_40_lr017_eps020,16,22,0.6930229646338295,0.7041005481206035,-0.011077583486774012,0.8827971339742637
C_160_40_lr017_eps020,16,23,0.7369564598665994,0.7231551303977235,0.013801329468875911,0.6288021090461282
C_160_40_lr017_eps020,16,24,0.7679692850234602,0.7410882626039264,0.02688102241953383,0.5941053000527015
C_160_40_lr017_eps020,16,25,0.775868823278021,0.7493445794501539,0.02652424382786711,0.83031297814051
C_160_40_lr017_eps020,17,0,0.26409195184164375,0.26409195184164375,0.0,1.0
C_160_40_lr017_eps020,17,1,0.3201919837992366,0.3045445126706023,0.015647471128634294,0.8505333583340592
C_160_40_lr017_eps020,17,2,0.3611924811205414,0.34866470533815946,0.012527775782381956,0.5419884994873864
C_160_40_lr017_eps020,17,3,0.41766738496795464,0.39882103041504546,0.018846354552909172,0.6539523203035137
C_160_40_lr017_eps020,17,4,0.46365859043118296,0.4417093548383645,0.021949235592818472,0.6292947493770995
C_160_40_lr017_eps020,17,5,0.4091193582657314,0.4817081044595158,-0.07258874619378436,0.10642843296156744
C_160_40_lr017_eps020,17,6,0.5001511619969308,0.5116103254272102,-0.011459163430279418,0.3135992345188214
C_160_40_lr017_eps020,17,7,0.559160968120929,0.5396552074974221,0.01950576062350684,0.6975567601073697
C_160_40_lr017_eps020,17,8,0.6018667287669002,0.5706048848346411,0.03126184393225906,0.8170243069831362
C_160_40_lr017_eps020,17,9,0.5631503262895173,0.5858175327117934,-0.022667206422276043,0.497823516579674
C_160_40_lr017_eps020,17,10,0.623268819718481,0.6036601144864768,0.019608705232004198,0.729961937923354
C_160_40_lr017_eps020,17,11,0.6240018865867909,0.6252953694459339,-0.0012934828591429914,0.5413074203210595
C_160_40_lr017_eps020,17,12,0.6491637452093914,0.636580763543977,0.012582981665414383,0.6915579759763945
C_160_40_lr017_eps020,17,13,0.6615556696533693,0.6428777828817699,0.018677886771599428,0.8888515870225817
C_160_40_lr017_eps020,17,14,0.5785892448941458,0.6543016544226318,-0.07571240952848601,0.5529318841150739
C_160_40_lr017_eps020,17,15,0.6514110107409999,0.6606015085051057,-0.009190497764105743,0.574044386102901
C_160_40_lr017_eps020,17,16,0.6476407186858107,0.6791113059756613,-0.03147058728985053,0.8371981451180337
C_160_40_lr017_eps020,17,17,0.6666303937929626,0.680688914385598,-0.014058520592635348,0.8890577793383032
C_160_40_lr017_eps020,17,18,0.647735089931006,0.6878724911323085,-0.04013740120130249,0.8729784474197552
C_160_40_lr017_eps020,17,19,0.6677171531548937,0.6998229149280201,-0.03210576177312641,0.8730164499996741
C_160_40_lr017_eps020,17,20,0.7161564623978875,0.7156294970995102,0.0005269652983773687,0.23626490078396675
C_160_40_lr017_eps020,17,21,0.712109312995239,0.6972093585834733,0.014899954411765726,0.8025583032595469
C_160_40_lr017_eps020,17,22,0.7367807501577305,0.7222265798013009,0.014554170356429585,0.797148301255456
C_160_40_lr017_eps020,17,23,0.7232703889365968,0.7277213296739968,-0.004450940737400044,0.8315361687328314
C_160_40_lr017_eps020,17,24,0.7286424599696631,0.7368674436787807,-0.008224983709117506,0.8990925242344661
C_160_40_lr017_eps020,17,25,0.7314261935881203,0.7435551912699232,-0.012128997681802867,0.9341809105665266
C_160_40_lr017_eps020,18,0,0.26409195184164375,0.26409195184164375,0.0,1.0
C_160_40_lr017_eps020,18,1,0.305930157848454,0.30479266394750804,0.001137493900945974,0.5341119012306066
C_160_40_lr017_eps020,18,2,0.3708152224289991,0.3495647171262207,0.02125050530277839,0.460227784822134
C_160_40_lr017_eps020,18,3,0.41393449902353274,0.3999327459985404,0.014001753024992347,0.7500387220080866
C_160_40_lr017_eps020,18,4,0.4320491232301294,0.44055040131145995,-0.008501278081330554,0.3251128005383789
C_160_40_lr017_eps020,18,5,0.49676274180470625,0.47896108693805023,0.017801654866656025,0.5093289545926271
C_160_40_lr017_eps020,18,6,0.4905653206781822,0.508855398846174,-0.01829007816799183,0.16477294994531955
C_160_40_lr017_eps020,18,7,0.5029475399667891,0.5309722573536941,-0.02802471738690504,0.7686382944731436
C_160_40_lr017_eps020,18,8,0.5340172779454672,0.5565694381269416,-0.022552160181474434,0.7853247083153057
C_160_40_lr017_eps020,18,9,0.5903961762559063,0.5851871863149432,0.0052089899409631935,0.5283750850360289
C_160_40_lr017_eps020,18,10,0.6054765726057397,0.6022445169405495,0.0032320556651902477,0.7863255523121526
C_160_40_lr017_eps020,18,11,0.6334523355598383,0.6187835959049566,0.01466873965488169,0.7855489580387371
C_160_40_lr017_eps020,18,12,0.6378739782776637,0.6367635965882454,0.0011103816894182383,0.8178590820637007
C_160_40_lr017_eps020,18,13,0.6603568502734899,0.6465164548693748,0.01384039540411508,0.8213533370846061
C_160_40_lr017_eps020,18,14,0.6520346314292033,0.660714611006386,-0.008679979577182695,0.7677553954822384
C_160_40_lr017_eps020,18,15,0.6789677781127758,0.6279190888531567,0.05104868925961903,0.6749452608209261
C_160_40_lr017_eps020,18,16,0.7106218163051337,0.6492946455110469,0.06132717079408678,0.7512942275275055
C_160_40_lr017_eps020,18,17,0.6973665484894617,0.6640865994757452,0.03327994901371645,0.8209331661541965
C_160_40_lr017_eps020,18,18,0.7069746754295163,0.684547638182744,0.022427037246772308,0.600078819398561
C_160_40_lr017_eps020,18,19,0.6961084464131211,0.6877794964492906,0.00832894996383049,0.6536321484175952
C_160_40_lr017_eps020,18,20,0.7030493399581136,0.684968387265471,0.018080952692642538,0.6994664223104056
C_160_40_lr017_eps020,18,21,0.7429700575117136,0.7045411640098441,0.03842889350186951,0.7119847477087383
C_160_40_lr017_eps020,18,22,0.7495721905751223,0.7004756075142501,0.04909658306087217,0.9299717688015993
C_160_40_lr017_eps020,18,23,0.7641220324513733,0.7208734053230268,0.04324862712834654,0.867345068865602
C_160_40_lr017_eps020,18,24,0.7552284316681372,0.733693791922088,0.0215346397460493,0.7913916459012008
C_160_40_lr017_eps020,18,25,0.7405562110233608,0.7343095928587445,0.006246618164616247,0.8055290930605933
C_160_40_lr017_eps020,19,0,0.26409195184164375,0.26409195184164375,0.0,1.0
C_160_40_lr017_eps020,19,1,0.31611788417016184,0.30540468739914395,0.010713196771017897,0.8691826754839124
C_160_40_lr017_eps020,19,2,0.377634055038878,0.34863122179325734,0.02900283324562064,0.7974604911365712
C_160_40_lr017_eps020,19,3,0.413239330686184,0.3932971491203209,0.019942181565863137,0.7711547203022182
C_160_40_lr017_eps020,19,4,0.46378818094230334,0.44045006108650103,0.02333811985580231,0.8315926874497107
C_160_40_lr017_eps020,19,5,0.4930994123019331,0.47859352471976013,0.014505887582172972,0.7661592558841277
C_160_40_lr017_eps020,19,6,0.4627005291704622,0.4953975807156627,-0.03269705154520047,0.22961322065412348
C_160_40_lr017_eps020,19,7,0.5497295669413208,0.5171132441756606,0.03261632276566018,0.6408869208290372
C_160_40_lr017_eps020,19,8,0.5745739485151686,0.5395482496822411,0.0350256988329275,0.8357586200955487
C_160_40_lr017_eps020,19,9,0.5833585019486016,0.5693280081795016,0.014030493769100039,0.6982359958171047
C_160_40_lr017_eps020,19,10,0.6081785807694852,0.5958842433676461,0.01229433740183905,0.514505528411916
C_160_40_lr017_eps020,19,11,0.6409022198334594,0.6093439732111814,0.03155824662227802,0.7921520768198156
C_160_40_lr017_eps020,19,12,0.598998769689142,0.6336477521915904,-0.03464898250244841,0.7379614536402733
C_160_40_lr017_eps020,19,13,0.6616500133707622,0.6675070490487396,-0.005857035677977351,0.6442974679281944
C_160_40_lr017_eps020,19,14,0.7071130863100311,0.6773979634637679,0.02971512284626321,0.6734799272720304
C_160_40_lr017_eps020,19,15,0.7068728888018203,0.6606339456430645,0.04623894315875576,0.884161862432189
C_160_40_lr017_eps020,19,16,0.6971262939309346,0.6979272001145812,-0.0008009061836465881,0.6369768347929415
C_160_40_lr017_eps020,19,17,0.725887980815108,0.7124480528691352,0.013439927945972818,0.662561662355385
C_160_40_lr017_eps020,19,18,0.7435077454583993,0.7243516196448492,0.019156125813550084,0.789301963072503
C_160_40_lr017_eps020,19,19,0.7233339158378823,0.7317177929156917,-0.00838387707780941,0.8529238402714778
C_160_40_lr017_eps020,19,20,0.7520308625753812,0.7429365912318261,0.009094271343555116,0.7685725018592218
C_160_40_lr017_eps020,19,21,0.7689721693303783,0.7387125865160146,0.030259582814363695,0.929831664820674
C_160_40_lr017_eps020,19,22,0.7510833499210277,0.760899066546414,-0.009815716625386384,0.9022678854853684
C_160_40_lr017_eps020,19,23,0.7697577612205111,0.7593829130573044,0.010374848163206662,0.9026879334797987
C_160_40_lr017_eps020,19,24,0.7846273565687664,0.7623814975214274,0.022245859047339,0.8211400487546819
C_160_40_lr017_eps020,19,25,0.781607980785772,0.6590091470661125,0.12259883371965952,0.759576270169973
C_160_40_lr017_eps020,20,0,0.26409195184164375,0.26409195184164375,0.0,1.0
C_160_40_lr017_eps020,20,1,0.31274541170642817,0.29820764484968443,0.014537766856743739,0.6102853739500523
C_160_40_lr017_eps020,20,2,0.34087532904565276,0.33440257692303327,0.006472752122619496,0.8184873510278284
C_160_40_lr017_eps020,20,3,0.4214259696136861,0.36553589514920753,0.05589007446447858,0.55310640040008
C_160_40_lr017_eps020,20,4,0.4489611929851219,0.4117122337686626,0.037248959216459265,0.8462581204874272
C_160_40_lr017_eps020,20,5,0.46007613160325206,0.45627228502388584,0.0038038465793662213,0.844394842764747
C_160_40_lr017_eps020,20,6,0.5134144763462162,0.4826922810314078,0.030722195314808354,0.7832880467782316
C_160_40_lr017_eps020,20,7,0.5181815357946737,0.5134335390285892,0.004747996766084506,0.8472199476009546
C_160_40_lr017_eps020,20,8,0.5351366228445773,0.5401495420044677,-0.005012919159890439,0.8779066632442989
C_160_40_lr017_eps020,20,9,0.5750409096241044,0.5637646415785897,0.011276268045514626,0.8693801910718348
C_160_40_lr017_eps020,20,10,0.5864713215270656,0.5907897882317186,-0.004318466704652968,0.7888351257108502
C_160_40_lr017_eps020,20,11,0.5951178326985276,0.6074932114600373,-0.012375378761509737,0.553580529502187
C_160_40_lr017_eps020,20,12,0.6231657352145449,0.6246577817091468,-0.001492046494601884,0.7585080413203356
C_160_40_lr017_eps020,20,13,0.6325474922868348,0.6321728408333608,0.0003746514534740397,0.8054313852532041
C_160_40_lr017_eps020,20,14,0.6315335664649393,0.6499063145997362,-0.018372748134796946,0.7104109924916711
C_160_40_lr017_eps020,20,15,0.5168467514706142,0.6666936661121367,-0.14984691464152244,0.009176979968857569
C_160_40_lr017_eps020,20,16,0.6360564842361276,0.6738546948359961,-0.03779821059986854,0.2661680880229794
C_160_40_lr017_eps020,20,17,0.6926485027189846,0.691692452665602,0.0009560500533826177,0.8036182479844308
C_160_40_lr017_eps020,20,18,0.6885298101237765,0.7100016357704703,-0.02147182564669381,0.8837643282685295
C_160_40_lr017_eps020,20,19,0.658559168239789,0.7174983402950713,-0.05893917205528232,0.554180167940208
C_160_40_lr017_eps020,20,20,0.6918794755911877,0.7192926636432146,-0.02741318805202697,0.764971555929358
C_160_40_lr017_eps020,20,21,0.6992882428557831,0.7333752963760122,-0.034087053520229116,0.8804777704331543
C_160_40_lr017_eps020,20,22,0.7187917007856165,0.7381954281024592,-0.0194037273168427,0.7862166988834495
C_160_40_lr017_eps020,20,23,0.7229059041967582,0.751448138411811,-0.028542234215052864,0.8550729319442215
C_160_40_lr017_eps020,20,24,0.7329224201599767,0.7638942236173225,-0.030971803457345848,0.9246367266526438
C_160_40_lr017_eps020,20,25,0.7206505522364332,0.7695207742218417,-0.04887022198540858,0.7352530066700079
C_160_40_lr017_eps020,21,0,0.26409195184164375,0.26409195184164375,0.0,1.0
C_160_40_lr017_eps020,21,1,0.3120858258452106,0.3038515808694615,0.008234244975749094,0.6438729382973156
C_160_40_lr017_eps020,21,2,0.356468518571989,0.3458862463870369,0.010582272184952113,0.6359660864963537
C_160_40_lr017_eps020,21,3,0.39999476997470385,0.38852139479965164,0.011473375175052203,0.9077141990972852
C_160_40_lr017_eps020,21,4,0.473322487336184,0.42793599708729646,0.04538649024888752,0.4077533704230393
C_160_40_lr017_eps020,21,5,0.4911308241272681,0.4582860885438737,0.0328447355833944,0.8579405227260296
C_160_40_lr017_eps020,21,6,0.5433216040898351,0.4881943007394149,0.05512730335042021,0.8571324597924322
C_160_40_lr017_eps020,21,7,0.4835538008048031,0.5058239506932614,-0.022270149888458268,0.5607756260319309
C_160_40_lr017_eps020,21,8,0.4393620883489683,0.5456457006793708,-0.10628361233040251,0.7651860912932246
C_160_40_lr017_eps020,21,9,0.5731460880993396,0.5634846345372323,0.009661453562107347,0.45639499284691964
C_160_40_lr017_eps020,21,10,0.6299443029233271,0.5815622326316131,0.04838207029171404,0.6987039991575229
C_160_40_lr017_eps020,21,11,0.6230249388479059,0.594704500942302,0.0283204379056039,0.8194920620653422
C_160_40_lr017_eps020,21,12,0.635633234543579,0.6043688845147134,0.03126435002886563,0.8884517946173831
C_160_40_lr017_eps020,21,13,0.6573084360732222,0.6193124059599775,0.037996030113244705,0.8481982809329318
C_160_40_lr017_eps020,21,14,0.6456823063981492,0.6270999663788395,0.018582340019309695,0.7958151710776666
C_160_40_lr017_eps020,21,15,0.6640597270419235,0.6426393250305259,0.02142040201139761,0.7021638203987443
C_160_40_lr017_eps020,21,16,0.6972908706764945,0.643239819694226,0.05405105098226859,0.6371322035872342
C_160_40_lr017_eps020,21,17,0.6949380132920814,0.6532633505023175,0.04167466278976384,0.8831511302221683
C_160_40_lr017_eps020,21,18,0.7039270390794355,0.6575251000931791,0.04640193898625644,0.7825749758459727
C_160_40_lr017_eps020,21,19,0.7137857079221551,0.6657988716751844,0.047986836246970754,0.8519539738943905
C_160_40_lr017_eps020,21,20,0.7126597409297367,0.6674886094709278,0.04517113145880891,0.7897523683764099
C_160_40_lr017_eps020,21,21,0.7040259138362679,0.6694911189088314,0.034534794927436496,0.7542942842885801
C_160_40_lr017_eps020,21,22,0.7240884337905261,0.6775849122350005,0.04650352155552562,0.8457192354379157
C_160_40_lr017_eps020,21,23,0.7330059289149312,0.6892303192733218,0.043775609641609425,0.8825837152024976
C_160_40_lr017_eps020,21,24,0.7109628685219649,0.6865597505183989,0.024403118003565982,0.8032439765589062
C_160_40_lr017_eps020,21,25,0.740778689034069,0.6966531224595768,0.04412556657449218,0.8227411871147895
C_160_40_lr017_eps020,22,0,0.26409195184164375,0.26409195184164375,0.0,1.0
C_160_40_lr017_eps020,22,1,0.29587478328668576,0.2939236060421348,0.0019511772445509612,0.5895192529136323
C_160_40_lr017_eps020,22,2,0.26724312813434975,0.3389883722524897,-0.07174524411813993,0.07391200298730599
C_160_40_lr017_eps020,22,3,0.32447982811282094,0.3758416885929483,-0.051361860480127364,0.525452714935109
C_160_40_lr017_eps020,22,4,0.3664439490894103,0.4206352111627679,-0.054191262073357616,0.7465877486710143
C_160_40_lr017_eps020,22,5,0.3403315007440379,0.460357911115253,-0.12002641037121509,0.24746841405796166
C_160_40_lr017_eps020,22,6,0.4579001677102711,0.4960332346156599,-0.03813306690538881,0.2619216265190155
C_160_40_lr017_eps020,22,7,0.5032078090560942,0.5211330697238772,-0.017925260667782994,0.760849843074286
C_160_40_lr017_eps020,22,8,0.5336180387335712,0.5505436821714123,-0.016925643437841087,0.7784195562509669
C_160_40_lr017_eps020,22,9,0.5430178989678618,0.5658035249954537,-0.022785626027591932,0.805805900662115
C_160_40_lr017_eps020,22,10,0.5971258096384239,0.6027599207302355,-0.005634111091811667,0.718473302389019
C_160_40_lr017_eps020,22,11,0.6117092408116049,0.6180882063990892,-0.006378965587484298,0.8723712495761086
C_160_40_lr017_eps020,22,12,0.6291973661066833,0.6247375244701808,0.004459841636502482,0.7793276132232075
C_160_40_lr017_eps020,22,13,0.6418176940414705,0.62848533033128,0.013332363710190531,0.8535004303331419
C_160_40_lr017_eps020,22,14,0.631521364622129,0.6562517597580669,-0.024730395135937888,0.4047235761619786
C_160_40_lr017_eps020,22,15,0.657558038609586,0.657250258649117,0.00030777996046893463,0.5501479155793167
C_160_40_lr017_eps020,22,16,0.6860665434052038,0.6788735587129421,0.007192984692261706,0.7337567572186194
C_160_40_lr017_eps020,22,17,0.6955861913924386,0.6830260813109564,0.012560110081482168,0.8387458516112812
C_160_40_lr017_eps020,22,18,0.6818685163521768,0.6857019488189089,-0.0038334324667320674,0.6797968513566799
C_160_40_lr017_eps020,22,19,0.6161041612387873,0.6825967503708423,-0.06649258913205502,0.6731736950550707
C_160_40_lr017_eps020,22,20,0.6972545631957735,0.6973726128285948,-0.0001180496328212488,0.5638598005235298
C_160_40_lr017_eps020,22,21,0.7202388079572197,0.7190563968930815,0.001182411064138189,0.6758218525131158
C_160_40_lr017_eps020,22,22,0.7191640694858067,0.7340864584051374,-0.014922388919330731,0.7647325435405394
C_160_40_lr017_eps020,22,23,0.7347874138180884,0.7431083550314466,-0.008320941213358135,0.9196646628657033
C_160_40_lr017_eps020,22,24,0.7462571630219746,0.7496342415930416,-0.0033770785710669493,0.9598150343113905
C_160_40_lr017_eps020,22,25,0.7300245479426541,0.7460275582233498,-0.016003010280695618,0.8556698931106167
C_160_40_lr017_eps020,23,0,0.26409195184164375,0.26409195184164375,0.0,1.0
C_160_40_lr017_eps020,23,1,0.2821023169268595,0.3061803121209573,-0.024077995194097812,0.34958202945738676
C_160_40_lr017_eps020,23,2,0.37138649643347654,0.3511274350162896,0.02025906141718692,0.36327263577023056
C_160_40_lr017_eps020,23,3,0.4219977881944892,0.40188759758230297,0.02011019061218622,0.5823021753182018
C_160_40_lr017_eps020,23,4,0.4234496119335641,0.44933556722837165,-0.025885955294807528,0.8347126826352063
C_160_40_lr017_eps020,23,5,0.4565343549279732,0.48251535806828405,-0.025981003140310877,0.7527696094129397
C_160_40_lr017_eps020,23,6,0.4850753633542676,0.5132752208394953,-0.028199857485227686,0.8220776820209755
C_160_40_lr017_eps020,23,7,0.5392508499351031,0.5368163765675996,0.0024344733675034647,0.7423363038472267
C_160_40_lr017_eps020,23,8,0.5518439651363829,0.5457798121608928,0.0060641529754901224,0.8727662424883869
C_160_40_lr017_eps020,23,9,0.5864992870266934,0.5840673874958828,0.0024318995308105773,0.474880283062922
C_160_40_lr017_eps020,23,10,0.5938697276294096,0.6066404147995874,-0.012770687170177819,0.8149163990657671
C_160_40_lr017_eps020,23,11,0.6203325947784459,0.616413739291226,0.00391885548721993,0.7987489308053549
C_160_40_lr017_eps020,23,12,0.6198416914170386,0.6431921407642168,-0.023350449347178226,0.925471956071415
C_160_40_lr017_eps020,23,13,0.6324723803019805,0.6502048322889991,-0.01773245198701856,0.7786254395514699
C_160_40_lr017_eps020,23,14,0.6432150007862283,0.6402241795031812,0.0029908212830470626,0.8778656880435192
C_160_40_lr017_eps020,23,15,0.5188400549780884,0.6576764135859186,-0.13883635860783017,0.026903397536951215
C_160_40_lr017_eps020,23,16,0.6675554105977394,0.6735787634143382,-0.006023352816598826,0.19740750821876593
C_160_40_lr017_eps020,23,17,0.7029879001198125,0.6911435184624095,0.01184438165740298,0.6929923940226852
C_160_40_lr017_eps020,23,18,0.7045218854665897,0.6954049767943851,0.009116908672204604,0.8954122869518305
C_160_40_lr017_eps020,23,19,0.7036097395920081,0.6938501713461317,0.009759568245876427,0.8268197645622959
C_160_40_lr017_eps020,23,20,0.7009353098360583,0.6859454726859859,0.014989837150072405,0.8524291751265731
C_160_40_lr017_eps020,23,21,0.7145938903059181,0.6949640923206887,0.019629797985229458,0.6924737173079322
C_160_40_lr017_eps020,23,22,0.7109475521646105,0.6793041938621325,0.031643358302478,0.7889084873574969
C_160_40_lr017_eps020,23,23,0.7325090037067924,0.7125219516990405,0.01998705200775186,0.7971680594259694
C_160_40_lr017_eps020,23,24,0.7353173382406504,0.7255228922714548,0.009794445969195542,0.8789852385838299
C_160_40_lr017_eps020,23,25,0.7205294300609816,0.7283553287825785,-0.007825898721596891,0.8689583857224038
C_160_40_lr017_eps020,24,0,0.26409195184164375,0.26409195184164375,0.0,1.0
C_160_40_lr017_eps020,24,1,0.31604818170006854,0.2941282335507132,0.02191994814935533,0.7396946550788648
C_160_40_lr017_eps020,24,2,0.3601386115485812,0.32590257729872263,0.03423603424985855,0.7463592905736349
C_160_40_lr017_eps020,24,3,0.37709380240936685,0.35826257479661927,0.01883122761274758,0.29754717848689677
C_160_40_lr017_eps020,24,4,0.43855128261890186,0.39898563696268163,0.03956564565622023,0.7154991321753003
C_160_40_lr017_eps020,24,5,0.47390139558697664,0.4474165406423637,0.026484854944612946,0.8605719347640965
C_160_40_lr017_eps020,24,6,0.48412715975008663,0.4778429787617253,0.00628418098836131,0.650220736802663
C_160_40_lr017_eps020,24,7,0.532700846731235,0.5117532395708729,0.020947607160362036,0.7981847011570983
C_160_40_lr017_eps020,24,8,0.5537147343775829,0.5431236593307737,0.010591075046809229,0.5021221153658869
C_160_40_lr017_eps020,24,9,0.5840904982136886,0.5660386999975932,0.018051798216095483,0.7809444906994714
C_160_40_lr017_eps020,24,10,0.6041862804475434,0.5905303546045033,0.013655925843040095,0.8183825606617205
C_160_40_lr017_eps020,24,11,0.5997339467677306,0.6116441626493522,-0.011910215881621555,0.6623248969947991
C_160_40_lr017_eps020,24,12,0.6120795445249638,0.6220754348792644,-0.009995890354300596,0.6281632382178196
C_160_40_lr017_eps020,24,13,0.6098301280426792,0.6075659389232547,0.002264189119424498,0.8296664155678553
C_160_40_lr017_eps020,24,14,0.5909592980683297,0.6087162616891738,-0.017756963620844113,0.7838368857852843
C_160_40_lr017_eps020,24,15,0.6777254335087033,0.6320846332346519,0.045640800274051374,0.5724422343677974
C_160_40_lr017_eps020,24,16,0.6596872581276637,0.6560920919367366,0.003595166190927146,0.46639457159678305
C_160_40_lr017_eps020,24,17,0.6625165848983551,0.6601289963043089,0.002387588594046197,0.40678533524328647
C_160_40_lr017_eps020,24,18,0.6670548410857415,0.6562547197146494,0.010800121371092097,0.6255130298334819
C_160_40_lr017_eps020,24,19,0.6741792818924975,0.65580197805217,0.01837730384032754,0.8775671204760798
C_160_40_lr017_eps020,24,20,0.6561564516053887,0.6775509177537014,-0.02139446614831264,0.8035450856933538
C_160_40_lr017_eps020,24,21,0.6763854150160594,0.707270089934992,-0.030884674918932542,0.8677418986877198
C_160_40_lr017_eps020,24,22,0.719909644526867,0.7193633609328819,0.0005462835939851196,0.7540848284941799
C_160_40_lr017_eps020,24,23,0.7277873620410535,0.7278458210247356,-5.84589836820637e-05,0.7561647096996685
C_160_40_lr017_eps020,24,24,0.73865496045049,0.7395016944779895,-0.0008467340274995738,0.766171807880076
C_160_40_lr017_eps020,24,25,0.7201012241144947,0.7420412377701093,-0.0219400136556146,0.6998503386733156
C_160_40_lr017_eps020,25,0,0.26409195184164375,0.26409195184164375,0.0,1.0
C_160_40_lr017_eps020,25,1,0.2993727211964443,0.29683770573585133,0.002535015460592982,0.6586481180216851
C_160_40_lr017_eps020,25,2,0.34474379758227686,0.33553681181428846,0.009206985767988396,0.6122507572948873
C_160_40_lr017_eps020,25,3,0.39734000937361463,0.37694223304067054,0.020397776332944095,0.6692628073247378
C_160_40_lr017_eps020,25,4,0.4505170757470533,0.4233495043640372,0.02716757138301612,0.7267322273954829
C_160_40_lr017_eps020,25,5,0.44091855259979285,0.4577920432180877,-0.01687349061829485,0.37708986419438667
C_160_40_lr017_eps020,25,6,0.5074910047263456,0.4980044931281268,0.009486511598218783,0.6192593848420002
C_160_40_lr017_eps020,25,7,0.5278935036697617,0.5287125937429548,-0.0008190900731930295,0.838615824036287
C_160_40_lr017_eps020,25,8,0.5515713439308362,0.5573254388262505,-0.005754094895414341,0.8619938688859887
C_160_40_lr017_eps020,25,9,0.5743114123731223,0.5783599409774062,-0.004048528604283841,0.7029017577362262
C_160_40_lr017_eps020,25,10,0.5687992732796926,0.5948488726287945,-0.026049599349101893,0.5619523006064711
C_160_40_lr017_eps020,25,11,0.5848131177761792,0.6169992175519663,-0.032186099775787125,0.6972160867344542
C_160_40_lr017_eps020,25,12,0.5769895961452219,0.6400452780795536,-0.06305568193433164,0.8647621410842928
C_160_40_lr017_eps020,25,13,0.6024837092196654,0.6455278794162438,-0.04304417019657836,0.788306896788
C_160_40_lr017_eps020,25,14,0.6265078415519109,0.6615954286535397,-0.03508758710162885,0.8977191818674636
C_160_40_lr017_eps020,25,15,0.6302286708059859,0.6876023895090392,-0.0573737187030533,0.8018951775285091
C_160_40_lr017_eps020,25,16,0.62080129089045,0.6873556368913035,-0.06655434600085353,0.7263019984911449
C_160_40_lr017_eps020,25,17,0.6505614297876151,0.7068186324947429,-0.05625720270712775,0.7824109560454963
C_160_40_lr017_eps020,25,18,0.6378779781114373,0.7163747892020811,-0.07849681109064377,0.7327350952213048
C_160_40_lr017_eps020,25,19,0.675034978785389,0.7307110764450268,-0.05567609765963777,0.7620816985398623
C_160_40_lr017_eps020,25,20,0.6677985239784896,0.7316892384663364,-0.06389071448784678,0.7264961706285903
C_160_40_lr017_eps020,25,21,0.7044519739492898,0.739226949991155,-0.03477497604186519,0.8046321414590716
C_160_40_lr017_eps020,25,22,0.6734319561392064,0.7486651593420418,-0.07523320320283544,0.7988316619854415
C_160_40_lr017_eps020,25,23,0.7187848225352887,0.7429047878771988,-0.024119965341910077,0.7167080718774558
C_160_40_lr017_eps020,25,24,0.7224011381910445,0.7522714027155458,-0.029870264524501366,0.8319460666875578
C_160_40_lr017_eps020,25,25,0.7036640788703183,0.7493789516620445,-0.04571487279172615,0.787368698637276
C_160_40_lr017_eps020,26,0,0.26409195184164375,0.26409195184164375,0.0,1.0
C_160_40_lr017_eps020,26,1,0.3284851746338639,0.30957026158402523,0.018914913049838666,0.6755514235915145
C_160_40_lr017_eps020,26,2,0.3529960792699256,0.34463428084311465,0.008361798426810951,0.681294475947267
C_160_40_lr017_eps020,26,3,0.3828498808025534,0.3866228775533696,-0.0037729967508162154,0.8351198680122891
C_160_40_lr017_eps020,26,4,0.4470557509546491,0.42765497568953537,0.019400775265113746,0.38888435669938587
C_160_40_lr017_eps020,26,5,0.4572637199390635,0.462676148330323,-0.005412428391259494,0.8807304149299435
C_160_40_lr017_eps020,26,6,0.5092722231154531,0.5048625383473824,0.004409684768070687,0.6680255756686573
C_160_40_lr017_eps020,26,7,0.5129776678831407,0.5367880474297357,-0.02381037954659504,0.7714454004152462
C_160_40_lr017_eps020,26,8,0.5635461588135156,0.5687142041783967,-0.005168045364881135,0.6687153330760327
C_160_40_lr017_eps020,26,9,0.5786860398464971,0.5927916313336985,-0.014105591487201363,0.8698593708872833
C_160_40_lr017_eps020,26,10,0.5918179870922687,0.6183717368058891,-0.026553749713620345,0.9719529787788431
C_160_40_lr017_eps020,26,11,0.587407087659866,0.6333279438447281,-0.04592085618486208,0.5780234947348136
C_160_40_lr017_eps020,26,12,0.6291485675672844,0.6502641980070202,-0.021115630439735744,0.8619770873397254
C_160_40_lr017_eps020,26,13,0.6262978197549324,0.6698251955313566,-0.04352737577642418,0.8088499576494723
C_160_40_lr017_eps020,26,14,0.5982883016515126,0.6781673175037668,-0.07987901585225421,0.5800832832781249
C_160_40_lr017_eps020,26,15,0.654164506826068,0.6862779022386781,-0.03211339541261016,0.7573743616457853
C_160_40_lr017_eps020,26,16,0.6551311198734204,0.6984512390473101,-0.04332011917388967,0.8843172563761814
C_160_40_lr017_eps020,26,17,0.27312274782352686,0.69407326022369,-0.4209505124001631,0.010812751078366614
C_160_40_lr017_eps020,26,18,0.4628599290644086,0.716923887321111,-0.2540639582567024,0.2192153693169765
C_160_40_lr017_eps020,26,19,0.524447873962906,0.7070646114100441,-0.18261673744713802,0.49649264100406965
C_160_40_lr017_eps020,26,20,0.5684451846844504,0.7352004772514482,-0.16675529256699784,0.6638741175939573
C_160_40_lr017_eps020,26,21,0.6252245356405306,0.7380053061273804,-0.11278077048684976,0.7476948933253054
C_160_40_lr017_eps020,26,22,0.6518891556078598,0.7547645627138214,-0.10287540710596166,0.8391632302574255
C_160_40_lr017_eps020,26,23,0.6866629264568096,0.7643112382182147,-0.07764831176140508,0.8104586719818668
C_160_40_lr017_eps020,26,24,0.7035662190419936,0.7700629747944615,-0.06649675575246794,0.8912027328340679
C_160_40_lr017_eps020,26,25,0.6954693141123798,0.7738061179997918,-0.07833680388741204,0.9324367393805522
C_160_40_lr017_eps020,27,0,0.26409195184164375,0.26409195184164375,0.0,1.0
C_160_40_lr017_eps020,27,1,0.2992924096059363,0.296025426076877,0.0032669835290592975,0.9387579834032256
C_160_40_lr017_eps020,27,2,0.3583865524427097,0.34031538955726376,0.01807116288544597,0.5493232971045792
C_160_40_lr017_eps020,27,3,0.3823421231560035,0.3829268928939018,-0.000584769737898283,0.8561730166168752
C_160_40_lr017_eps020,27,4,0.43293621694228546,0.4354417968370949,-0.0025055798948094288,0.7309458605087519
C_160_40_lr017_eps020,27,5,0.47869820100306504,0.4732961141618849,0.005402086841180154,0.33495363326672917
C_160_40_lr017_eps020,27,6,0.5323968452677423,0.500382812738572,0.032014032529170344,0.7915710233982703
C_160_40_lr017_eps020,27,7,0.5739832796406684,0.5297861333198369,0.04419714632083149,0.8752214381422834
C_160_40_lr017_eps020,27,8,0.5975524618694043,0.5647715279065113,0.032780933962892944,0.8435604693494695
C_160_40_lr017_eps020,27,9,0.5990099650737116,0.5750731971699821,0.02393676790372956,0.7320196119827378
C_160_40_lr017_eps020,27,10,0.6235363218920879,0.5998445148587921,0.023691807033295764,0.7900892323893497
C_160_40_lr017_eps020,27,11,0.6260682426199041,0.6156079354844607,0.010460307135443436,0.653844411743485
C_160_40_lr017_eps020,27,12,0.6547209963227454,0.6348778405880023,0.019843155734743045,0.6536156647757181
C_160_40_lr017_eps020,27,13,0.6386087681691476,0.63852468780415,8.408036499762961e-05,0.7261360364046673
C_160_40_lr017_eps020,27,14,0.669418094080818,0.6572581408730512,0.01215995320776675,0.5401145977632273
C_160_40_lr017_eps020,27,15,0.6866463281083091,0.6688862097423541,0.017760118365954924,0.702306834868914
C_160_40_lr017_eps020,27,16,0.699484553379754,0.6687407894187625,0.030743763960991544,0.8891038998057874
C_160_40_lr017_eps020,27,17,0.6893780340274384,0.6798606198595352,0.009517414167903193,0.6730659505175614
C_160_40_lr017_eps020,27,18,0.6793410606076201,0.6740354348350821,0.005305625772538014,0.7709632613197234
C_160_40_lr017_eps020,27,19,0.666615227145617,0.6686621979737635,-0.0020469708281464216,0.8151983582421144
C_160_40_lr017_eps020,27,20,0.6948665879674186,0.6723047854054073,0.022561802562011346,0.28762335103172615
C_160_40_lr017_eps020,27,21,0.7135586453499109,0.6700798341630406,0.04347881118687025,0.6040095003248865
C_160_40_lr017_eps020,27,22,0.7455822174817169,0.7004386276505263,0.0451435898311906,0.8793227793511942
C_160_40_lr017_eps020,27,23,0.7083148431056777,0.7241091094384434,-0.015794266332765705,0.712466520021568
C_160_40_lr017_eps020,27,24,0.743171246742148,0.7302671524568499,0.01290409428529804,0.7962839867170105
C_160_40_lr017_eps020,27,25,0.7429800716908463,0.7382424937490916,0.004737577941754778,0.8801100756335345
C_160_40_lr017_eps020,28,0,0.26409195184164375,0.26409195184164375,0.0,1.0
C_160_40_lr017_eps020,28,1,0.31686609490820883,0.3073766935221373,0.009489401386071517,0.8712786677327167
C_160_40_lr017_eps020,28,2,0.36527482324787186,0.3404905935185873,0.024784229729284568,0.7486658434203852
C_160_40_lr017_eps020,28,3,0.4313953758170081,0.38239469693971573,0.04900067887729237,0.8934866483738622
C_160_40_lr017_eps020,28,4,0.48278948477118133,0.41699453073655396,0.06579495403462737,0.8158506033935149
C_160_40_lr017_eps020,28,5,0.5110131234563254,0.45504752651222724,0.055965596944098195,0.8060889540043211
C_160_40_lr017_eps020,28,6,0.5290465351373996,0.48428210515681336,0.04476442998058627,0.36305812397050696
C_160_40_lr017_eps020,28,7,0.5715181925262165,0.5207945443836836,0.05072364814253294,0.6895534740118026
C_160_40_lr017_eps020,28,8,0.607742661987499,0.5641930977137453,0.04354956427375378,0.7426254860766002
C_160_40_lr017_eps020,28,9,0.5981717176098731,0.5833131914127561,0.014858526197117028,0.7931773037559678
C_160_40_lr017_eps020,28,10,0.6490058191132134,0.6013644923900591,0.047641326723154354,0.7631387948505971
C_160_40_lr017_eps020,28,11,0.6559530875848019,0.6202221056152033,0.03573098196959856,0.8063465680843152
C_160_40_lr017_eps020,28,12,0.6581202642236168,0.621949552642985,0.03617071158063179,0.705453790281306
C_160_40_lr017_eps020,28,13,0.6881745420791751,0.6516130204044221,0.036561521674752906,0.631617693111693
C_160_40_lr017_eps020,28,14,0.6942318009638918,0.6551838719364154,0.03904792902747645,0.8892114546191457
C_160_40_lr017_eps020,28,15,0.7115180250221768,0.6717577294600782,0.03976029556209859,0.8824084442070065
C_160_40_lr017_eps020,28,16,0.7149561126839661,0.6901144484418488,0.02484166424211731,0.9099401077743469
C_160_40_lr017_eps020,28,17,0.6957784268486559,0.6999456828644731,-0.0041672560158172445,0.7769779351151855
C_160_40_lr017_eps020,28,18,0.7202269613584991,0.6958785708798453,0.02434839047865378,0.7783758255399997
C_160_40_lr017_eps020,28,19,0.726449834791497,0.7103819252144392,0.016067909577057837,0.9199603534426164
C_160_40_lr017_eps020,28,20,0.7379028351760687,0.7164602495109037,0.021442585665164993,0.9506453388583542
C_160_40_lr017_eps020,28,21,0.7135395504057287,0.7191364811805717,-0.005596930774843023,0.7297432746980309
C_160_40_lr017_eps020,28,22,0.7304876467164191,0.7214725775140399,0.009015069202379156,0.78600855465876
C_160_40_lr017_eps020,28,23,0.7233339119755213,0.7430906487539085,-0.019756736778387185,0.7131147154001145
C_160_40_lr017_eps020,28,24,0.7404993946555763,0.7439630442590459,-0.003463649603469565,0.8270547793225043
C_160_40_lr017_eps020,28,25,0.7488657056588529,0.746274307465973,0.0025913981928799013,0.8306101873443287
C_160_40_lr017_eps020,29,0,0.26409195184164375,0.26409195184164375,0.0,1.0
C_160_40_lr017_eps020,29,1,0.3147380705902151,0.30422297950383415,0.010515091086380934,0.6582125146153734
C_160_40_lr017_eps020,29,2,0.36715025260100714,0.33947672463094136,0.02767352797006578,0.5691049198524624
C_160_40_lr017_eps020,29,3,0.41078454140168547,0.38353395954816116,0.027250581853524303,0.6301864496935108
C_160_40_lr017_eps020,29,4,0.47379899874922704,0.41972388813436723,0.05407511061485981,0.7507871245615827
C_160_40_lr017_eps020,29,5,0.46611487198652457,0.4606475682339508,0.00546730375257376,0.6073334609527495
C_160_40_lr017_eps020,29,6,0.5167233457957545,0.4873258579929943,0.02939748780276019,0.7795452585968161
C_160_40_lr017_eps020,29,7,0.5274492176114773,0.5233230622937491,0.004126155317728197,0.9126341658072684
C_160_40_lr017_eps020,29,8,0.5712079629813235,0.547511884437158,0.023696078544165444,0.5919079675705214
C_160_40_lr017_eps020,29,9,0.5998776476100316,0.5814997512443743,0.018377896365657342,0.40578194845282595
C_160_40_lr017_eps020,29,10,0.5952966318995287,0.5904041762457071,0.004892455653821681,0.8675585947123501
C_160_40_lr017_eps020,29,11,0.6378276921613821,0.6142102437856146,0.023617448375767514,0.6106627278004156
C_160_40_lr017_eps020,29,12,0.6297973373908596,0.6291135830127551,0.0006837543781045285,0.6820304933615287
C_160_40_lr017_eps020,29,13,0.6075034715439838,0.6482644171976835,-0.0407609456536997,0.774025226097765
C_160_40_lr017_eps020,29,14,0.6826986296708047,0.6611146153930135,0.02158401427779122,0.5267429653580921
C_160_40_lr017_eps020,29,15,0.6671191745501415,0.6720865557372717,-0.004967381187130249,0.7891857225625225
C_160_40_lr017_eps020,29,16,0.6860668564454995,0.6897212066864772,-0.0036543502409777107,0.8805578510274008
C_160_40_lr017_eps020,29,17,0.7067602639520382,0.6892104586702995,0.017549805281738662,0.867971792390158
C_160_40_lr017_eps020,29,18,0.690394658460846,0.705912569611873,-0.015517911151026964,0.6273235987219998
C_160_40_lr017_eps020,29,19,0.7269730971013825,0.7204186475918497,0.006554449509532767,0.841556101501741
C_160_40_lr017_eps020,29,20,0.7190123744308943,0.7330120510705582,-0.01399967663966395,0.7450453803915285
C_160_40_lr017_eps020,29,21,0.7027309634366454,0.735380736445355,-0.032649773008709526,0.5365444637916392
C_160_40_lr017_eps020,29,22,0.7174385125922802,0.742362058164983,-0.02492354557270282,0.7534794149361438
C_160_40_lr017_eps020,29,23,0.7318527215778194,0.7483693701337799,-0.016516648555960467,0.7786081227254351
C_160_40_lr017_eps020,29,24,0.7376003446903452,0.7520859474323319,-0.014485602741986736,0.9070581032141689
C_160_40_lr017_eps020,29,25,0.7400907874537571,0.7565025431377118,-0.0164117556839547,0.8575002347974459
D_320_40_lr017_eps020,0,0,0.26409195184164375,0.26409195184164375,0.0,1.0
D_320_40_lr017_eps020,0,1,0.3260089342124391,0.30534923567758043,0.02065969853485866,0.8374719234811506
D_320_40_lr017_eps020,0,2,0.39620406433027855,0.35510713622603235,0.0410969281042462,0.7998725535240525
D_320_40_lr017_eps020,0,3,0.4371092606739121,0.40034384724592614,0.03676541342798595,0.9077660114249351
D_320_40_lr017_eps020,0,4,0.44387923492199555,0.4433435927734733,0.0005356421485222529,0.46077127722543004
D_320_40_lr017_eps020,0,5,0.5153068486593358,0.48420227282657674,0.031104575832759107,0.7228008335107519
D_320_40_lr017_eps020,0,6,0.5237109632595399,0.5113725033224142,0.012338459937125679,0.9273349328301148
D_320_40_lr017_eps020,0,7,0.5601101770854632,0.5434615313313317,0.016648645754131497,0.9049806003637908
D_320_40_lr017_eps020,0,8,0.5736270786901501,0.5760878911715663,-0.0024608124814162746,0.8608937132786479
D_320_40_lr017_eps020,0,9,0.592620463259512,0.5979711848630559,-0.005350721603543884,0.7734051527875409
D_320_40_lr017_eps020,0,10,0.61274270038674,0.6249208698383891,-0.012178169451649179,0.8968045734915817
D_320_40_lr017_eps020,0,11,0.6227984611654716,0.6446829809338218,-0.021884519768350263,0.8437336476361451
D_320_40_lr017_eps020,0,12,0.6389612946468785,0.6634363973700342,-0.024475102723155784,0.8640652963901816
D_320_40_lr017_eps020,0,13,0.659240710767078,0.6803410403304473,-0.02110032956336927,0.9225279408538604
D_320_40_lr017_eps020,0,14,0.6771900527674283,0.6916718948334584,-0.014481842066030093,0.7902853684188835
D_320_40_lr017_eps020,0,15,0.6889034010639611,0.6991693133707539,-0.010265912306792857,0.9016976363325976
D_320_40_lr017_eps020,0,16,0.6994809866260061,0.7125917252589378,-0.013110738632931662,0.9399294415657943
D_320_40_lr017_eps020,0,17,0.7018532448997999,0.7265505322657532,-0.024697287365953224,0.9204493666039796
D_320_40_lr017_eps020,0,18,0.7091367370142894,0.7355629691891932,-0.026426232174903808,0.9067887241035705
D_320_40_lr017_eps020,0,19,0.7125070884792715,0.7390062399695216,-0.026499151490250172,0.940584439264191
D_320_40_lr017_eps020,0,20,0.7286705347948471,0.7432927395001744,-0.014622204705327269,0.9464748631614182
D_320_40_lr017_eps020,0,21,0.7253108353333323,0.7510058368617178,-0.025695001528385553,0.9483889210387898
D_320_40_lr017_eps020,0,22,0.7211851965744662,0.7510268016778798,-0.029841605103413604,0.8766342356263835
D_320_40_lr017_eps020,0,23,0.7283456457090715,0.767014463012156,-0.03866881730308458,0.907988850428935
D_320_40_lr017_eps020,0,24,0.747155883186119,0.7778981534963275,-0.030742270310208486,0.944644996862293
D_320_40_lr017_eps020,0,25,0.7419119846939496,0.7755091400939822,-0.03359715540003261,0.9538978443194129
D_320_40_lr017_eps020,1,0,0.26409195184164375,0.26409195184164375,0.0,1.0
D_320_40_lr017_eps020,1,1,0.3259236492873072,0.3088158357717963,0.01710781351551094,0.893040657284373
D_320_40_lr017_eps020,1,2,0.3704605663942815,0.3569244856708869,0.013536080723394572,0.747938576313949
D_320_40_lr017_eps020,1,3,0.44028449207839154,0.4105531366178101,0.02973135546058142,0.7909088327179838
D_320_40_lr017_eps020,1,4,0.48285889117525294,0.4572536082840807,0.025605282891172254,0.9015878747093289
D_320_40_lr017_eps020,1,5,0.5136257234533672,0.49537359376331536,0.018252129690051855,0.9455380503886331
D_320_40_lr017_eps020,1,6,0.552781355509817,0.527752286584026,0.025029068925791043,0.8449914126633955
D_320_40_lr017_eps020,1,7,0.5753604133810993,0.5591371456001475,0.016223267780951844,0.695675831293811
D_320_40_lr017_eps020,1,8,0.6081172936768678,0.5881638031577725,0.01995349051909534,0.8114521310131889
D_320_40_lr017_eps020,1,9,0.6288243086918144,0.6112776596640965,0.017546649027717853,0.8854401736060111
D_320_40_lr017_eps020,1,10,0.6458029077805476,0.6286560296254233,0.01714687815512428,0.9445708296500269
D_320_40_lr017_eps020,1,11,0.6610794628958078,0.6518042849038088,0.00927517799199895,0.8517926077514303
D_320_40_lr017_eps020,1,12,0.6775895633225422,0.6675269086254889,0.010062654697053253,0.8814723569876798
D_320_40_lr017_eps020,1,13,0.6830494687227049,0.6799735446546676,0.00307592406803725,0.8762573721705452
D_320_40_lr017_eps020,1,14,0.6891634359618437,0.6950834728410711,-0.005920036879227375,0.9285375738686075
D_320_40_lr017_eps020,1,15,0.7109415980714106,0.7054608349238136,0.005480763147596934,0.8949997772394439
D_320_40_lr017_eps020,1,16,0.7171617694356411,0.7177865226171295,-0.0006247531814883578,0.7386341481360638
D_320_40_lr017_eps020,1,17,0.7418626506099559,0.7325803405255755,0.009282310084380407,0.8725075527476075
D_320_40_lr017_eps020,1,18,0.7602961505737964,0.7364914474158573,0.023804703157939144,0.8829044112942733
D_320_40_lr017_eps020,1,19,0.7681136515542029,0.7476140790081375,0.02049957254606538,0.9566961942630043
D_320_40_lr017_eps020,1,20,0.7752489873205505,0.7564993503912196,0.01874963692933085,0.8934753426721084
D_320_40_lr017_eps020,1,21,0.774782403370721,0.7661322238093047,0.008650179561416338,0.9758138229698439
D_320_40_lr017_eps020,1,22,0.7850923636627976,0.7666140708352237,0.01847829282757385,0.9230950732583135
D_320_40_lr017_eps020,1,23,0.7908264652376793,0.7749051776600363,0.015921287577642995,0.9587557543269091
D_320_40_lr017_eps020,1,24,0.7933783853298013,0.7811013521750093,0.012277033154792005,0.9536014600672057
D_320_40_lr017_eps020,1,25,0.803348176275708,0.7879614022170749,0.01538677405863309,0.9457384479921722
D_320_40_lr017_eps020,2,0,0.26409195184164375,0.26409195184164375,0.0,1.0
D_320_40_lr017_eps020,2,1,0.31109923245777715,0.3046654482334488,0.006433784224328332,0.908080269951617
D_320_40_lr017_eps020,2,2,0.3715051744801795,0.35115505979882244,0.020350114681357057,0.8032152785512177
D_320_40_lr017_eps020,2,3,0.40567422801697484,0.39729851475967826,0.00837571325729658,0.8164423693223171
D_320_40_lr017_eps020,2,4,0.4676260409306487,0.44337450243354126,0.024251538497107428,0.607520593803398
D_320_40_lr017_eps020,2,5,0.5155911333889257,0.48630999557282073,0.029281137816104974,0.8672185983813283
D_320_40_lr017_eps020,2,6,0.5482038990728477,0.5218320368193484,0.0263718622534993,0.708766021274617
D_320_40_lr017_eps020,2,7,0.5835482118895174,0.5526861685359957,0.030862043353521718,0.9357653740027552
D_320_40_lr017_eps020,2,8,0.6185606075173897,0.5814808213129571,0.03707978620443264,0.9012447069878821
D_320_40_lr017_eps020,2,9,0.6359347967953239,0.6040280873708884,0.03190670942443552,0.9549038278601922
D_320_40_lr017_eps020,2,10,0.6456856052786158,0.6235546375571406,0.02213096772147527,0.8366139730322861
D_320_40_lr017_eps020,2,11,0.6800179350420504,0.638975466408047,0.041042468634003404,0.877435690122209
D_320_40_lr017_eps020,2,12,0.6827764728946245,0.6488675068833767,0.03390896601124782,0.9052614111904985
D_320_40_lr017_eps020,2,13,0.6953998034310463,0.6675944497663014,0.027805353664744903,0.8070400503029994
D_320_40_lr017_eps020,2,14,0.7042250345333335,0.6802496263538702,0.02397540817946331,0.9113709964900946
D_320_40_lr017_eps020,2,15,0.7313382261919719,0.6832268840440041,0.04811134214796775,0.7461168721879224
D_320_40_lr017_eps020,2,16,0.741331753446031,0.6930328946965844,0.048298858749446616,0.9781474062868344
D_320_40_lr017_eps020,2,17,0.7482894355111693,0.7028380621408271,0.04545137337034222,0.92768229237842
D_320_40_lr017_eps020,2,18,0.7598821187305476,0.7140559208178904,0.045826197912657185,0.9030027228669166
D_320_40_lr017_eps020,2,19,0.7609191205034034,0.723713440818449,0.03720567968495436,0.860882216547974
D_320_40_lr017_eps020,2,20,0.7719732120864833,0.7320424017864899,0.03993081029999335,0.9302783555658356
D_320_40_lr017_eps020,2,21,0.7646797548083083,0.7398075810878095,0.02487217372049877,0.9427051313178917
D_320_40_lr017_eps020,2,22,0.7847160087165898,0.7423165926123793,0.0423994161042105,0.9166937466768087
D_320_40_lr017_eps020,2,23,0.7880383693758221,0.7539305031961356,0.03410786617968642,0.8866445747555508
D_320_40_lr017_eps020,2,24,0.7922145583117934,0.7635243744862659,0.02869018382552757,0.9862996204852417
D_320_40_lr017_eps020,2,25,0.7947787663202357,0.7577300007241995,0.037048765596036204,0.7715937301602065
D_320_40_lr017_eps020,3,0,0.26409195184164375,0.26409195184164375,0.0,1.0
D_320_40_lr017_eps020,3,1,0.31820358520562125,0.30107254005774686,0.01713104514787439,0.7836577012155629
D_320_40_lr017_eps020,3,2,0.38069176916116754,0.35149279059398914,0.029198978567178402,0.8364330821334428
D_320_40_lr017_eps020,3,3,0.4255380118866481,0.4000715411480748,0.025466470738573277,0.8387431643760952
D_320_40_lr017_eps020,3,4,0.4666846570372319,0.44658968961394585,0.020094967423286036,0.9316515323198458
D_320_40_lr017_eps020,3,5,0.5074850247271023,0.4854869937817607,0.02199803094534164,0.8877622911071616
D_320_40_lr017_eps020,3,6,0.5495221958084118,0.5242490044494496,0.02527319135896222,0.9373458384197378
D_320_40_lr017_eps020,3,7,0.5839070635636816,0.5532090388149371,0.0306980247487445,0.8132642831850789
D_320_40_lr017_eps020,3,8,0.6178129228759743,0.5802012596122569,0.037611663263717454,0.8858467865011167
D_320_40_lr017_eps020,3,9,0.627516729713402,0.6071845159572609,0.020332213756141138,0.8983352857791819
D_320_40_lr017_eps020,3,10,0.6381762151445598,0.6248298619696258,0.013346353174934045,0.8697025765004446
D_320_40_lr017_eps020,3,11,0.650178612976138,0.641970296381295,0.008208316594843001,0.8923893337025968
D_320_40_lr017_eps020,3,12,0.6640225544334519,0.657605008884529,0.006417545548922932,0.609071088931412
D_320_40_lr017_eps020,3,13,0.6928334033886479,0.6664971544148538,0.026336248973794052,0.8035795995985245
D_320_40_lr017_eps020,3,14,0.6970597251188598,0.689473448486609,0.007586276632250866,0.8592307363478838
D_320_40_lr017_eps020,3,15,0.7055300286299887,0.7049917127998103,0.0005383158301783819,0.7869408338111964
D_320_40_lr017_eps020,3,16,0.7349071119795463,0.7174201451680187,0.017486966811527616,0.8933825305309293
D_320_40_lr017_eps020,3,17,0.7453511002726879,0.724182256957005,0.021168843315682917,0.9627627729896747
D_320_40_lr017_eps020,3,18,0.7582749356099774,0.7381944465964247,0.020080489013552638,0.9670417996167249
D_320_40_lr017_eps020,3,19,0.7652451639286385,0.7448061692929521,0.020438994635686436,0.9130965501540284
D_320_40_lr017_eps020,3,20,0.7678613592827522,0.7504393899422345,0.017421969340517762,0.9262508276865598
D_320_40_lr017_eps020,3,21,0.7828173316161563,0.7617495189218417,0.02106781269431457,0.8787459118644437
D_320_40_lr017_eps020,3,22,0.784527420593665,0.7684062312229004,0.016121189370764566,0.8932935582574867
D_320_40_lr017_eps020,3,23,0.7981802622325579,0.7746848354846183,0.023495426747939585,0.9687153029626332
D_320_40_lr017_eps020,3,24,0.791536451364084,0.7815436349475119,0.009992816416572126,0.946055962825051
D_320_40_lr017_eps020,3,25,0.7990576355099345,0.7846387273732193,0.014418908136715203,0.9608005131527247
D_320_40_lr017_eps020,4,0,0.26409195184164375,0.26409195184164375,0.0,1.0
D_320_40_lr017_eps020,4,1,0.31265809601298544,0.3078366666690437,0.004821429343941752,0.8768359382397846
D_320_40_lr017_eps020,4,2,0.3794858597843767,0.35826287804118934,0.021222981743187375,0.8065004861164178
D_320_40_lr017_eps020,4,3,0.429033369390525,0.4029048068981179,0.02612856249240708,0.7545424039750788
D_320_40_lr017_eps020,4,4,0.46216469606029054,0.44557128858618383,0.016593407474106703,0.6671238987997641
D_320_40_lr017_eps020,4,5,0.5199299354242666,0.49456709429613516,0.02536284112813142,0.857941272576346
D_320_40_lr017_eps020,4,6,0.5534642187528059,0.5279290038617287,0.02553521489107724,0.817419444837723
D_320_40_lr017_eps020,4,7,0.579801713748894,0.5619048120227165,0.017896901726177528,0.8829978616152387
D_320_40_lr017_eps020,4,8,0.6078775467315561,0.5854651794119277,0.02241236731962848,0.8100418348114509
D_320_40_lr017_eps020,4,9,0.6345355305300574,0.6068920163585232,0.02764351417153421,0.9552894134830469
D_320_40_lr017_eps020,4,10,0.6426441117349048,0.629120122537813,0.013523989197091746,0.8419854119654004
D_320_40_lr017_eps020,4,11,0.677181605048228,0.6485455259106977,0.0286360791375303,0.9271511426503224
D_320_40_lr017_eps020,4,12,0.6883669990604673,0.6684020872200688,0.019964911840398503,0.9324916568987769
D_320_40_lr017_eps020,4,13,0.710505533370755,0.6852591924129444,0.02524634095781053,0.8339611448008674
D_320_40_lr017_eps020,4,14,0.7250217720833599,0.7012455018223184,0.023776270261041565,0.939662495295425
D_320_40_lr017_eps020,4,15,0.7344649326279586,0.7095811049121301,0.024883827715828533,0.9140156581773107
D_320_40_lr017_eps020,4,16,0.7463987265838541,0.7165985406381812,0.029800185945672908,0.9158774308654255
D_320_40_lr017_eps020,4,17,0.7545293163180092,0.7331666829211281,0.02136263339688116,0.9368693909093159
D_320_40_lr017_eps020,4,18,0.7468028807991397,0.7401324119192288,0.006670468879910851,0.8766028741524831
D_320_40_lr017_eps020,4,19,0.7668883874491665,0.7517298992382012,0.015158488210965326,0.947423878110689
D_320_40_lr017_eps020,4,20,0.7756680558657293,0.7626056514463561,0.01306240441937323,0.9770097357167828
D_320_40_lr017_eps020,4,21,0.7745161340440315,0.7626239903611932,0.011892143682838308,0.9770787923669362
D_320_40_lr017_eps020,4,22,0.7899817033245652,0.769425601572732,0.0205561017518332,0.9381293729469362
D_320_40_lr017_eps020,4,23,0.7813582370478842,0.7715165140400002,0.009841723007883996,0.9030470410629173
D_320_40_lr017_eps020,4,24,0.7956148348840419,0.7787528990380377,0.01686193584600426,0.8896079635650269
D_320_40_lr017_eps020,4,25,0.7939226493655958,0.7829006456015468,0.011022003764048938,0.9554690681809085
D_320_40_lr017_eps020,5,0,0.26409195184164375,0.26409195184164375,0.0,1.0
D_320_40_lr017_eps020,5,1,0.3241626588696723,0.30091772710445686,0.02324493176521547,0.780854460146577
D_320_40_lr017_eps020,5,2,0.3730441340837041,0.34177830682105165,0.03126582726265248,0.7872812729910142
D_320_40_lr017_eps020,5,3,0.41082013130375655,0.39199725751373976,0.018822873790016792,0.5816309060183448
D_320_40_lr017_eps020,5,4,0.46882703710996015,0.4379460235780846,0.030881013531875556,0.6422933067445741
D_320_40_lr017_eps020,5,5,0.5181082206748918,0.48064151764008417,0.03746670303480765,0.869358185336354
D_320_40_lr017_eps020,5,6,0.5495762764506588,0.5237199790229269,0.025856297427731878,0.7187191538634788
D_320_40_lr017_eps020,5,7,0.5914569228895361,0.5534437386781756,0.03801318421136046,0.8336676647771903
D_320_40_lr017_eps020,5,8,0.6113623856796345,0.578016986321069,0.03334539935856551,0.898811123234402
D_320_40_lr017_eps020,5,9,0.6368515160101126,0.5980407392426347,0.038810776767477906,0.85645350772067
D_320_40_lr017_eps020,5,10,0.6572464404038436,0.6138233625368301,0.04342307786701349,0.8079381845793707
D_320_40_lr017_eps020,5,11,0.6872099902328107,0.6354182444760341,0.051791745756776586,0.9066250945627103
D_320_40_lr017_eps020,5,12,0.6984907577431858,0.6512643251916832,0.047226432551502606,0.9537366308155281
D_320_40_lr017_eps020,5,13,0.7146761381324168,0.6659101956657915,0.048765942466625356,0.8619477713648276
D_320_40_lr017_eps020,5,14,0.7307145786159472,0.6760495988987981,0.05466497971714912,0.9097533112065178
D_320_40_lr017_eps020,5,15,0.7337167301877306,0.6928488448043786,0.040867885383352065,0.9763438502478845
D_320_40_lr017_eps020,5,16,0.7504633471720148,0.7033911023078935,0.047072244864121315,0.8960106978273104
D_320_40_lr017_eps020,5,17,0.7478175573382149,0.7109942202212967,0.03682333711691821,0.8428134848173968
D_320_40_lr017_eps020,5,18,0.7383226381235438,0.7180877018314963,0.020234936292047534,0.5661235334982201
D_320_40_lr017_eps020,5,19,0.7632913041167343,0.7277876808483443,0.03550362326838996,0.8594398736891773
D_320_40_lr017_eps020,5,20,0.7717577119236684,0.7400716352425085,0.03168607668115986,0.8498226749909052
D_320_40_lr017_eps020,5,21,0.7848927845261885,0.7485407294666562,0.03635205505953232,0.8944148985814184
D_320_40_lr017_eps020,5,22,0.7853917140309685,0.7553593872305984,0.030032326800370157,0.956293165574076
D_320_40_lr017_eps020,5,23,0.7983114855172481,0.7635718689888783,0.034739616528369766,0.954540138274578
D_320_40_lr017_eps020,5,24,0.7998391923121362,0.7663362267667961,0.03350296554534005,0.9487347787576302
D_320_40_lr017_eps020,5,25,0.8011316791085908,0.7740808620915479,0.027050817017042927,0.9347868343737658
D_320_40_lr017_eps020,6,0,0.26409195184164375,0.26409195184164375,0.0,1.0
D_320_40_lr017_eps020,6,1,0.32142155901515174,0.3045235098856346,0.016898049129517145,0.742250516484984
D_320_40_lr017_eps020,6,2,0.38545707018736086,0.3497633440961183,0.03569372609124255,0.7985901768181812
D_320_40_lr017_eps020,6,3,0.4349493438212512,0.4003572156087235,0.03459212821252772,0.9003110167658631
D_320_40_lr017_eps020,6,4,0.47365032691789194,0.4464696845927073,0.027180642325184634,0.8460382400243918
D_320_40_lr017_eps020,6,5,0.455992396843492,0.4887620722257573,-0.03276967538226527,0.28255772352516506
D_320_40_lr017_eps020,6,6,0.535080229650878,0.5272594462071809,0.007820783443697077,0.6094184541459985
D_320_40_lr017_eps020,6,7,0.5657432444476382,0.5567838831185937,0.008959361329044513,0.9711458682919751
D_320_40_lr017_eps020,6,8,0.5603016014054122,0.5768200305775871,-0.016518429172174942,0.8345235027719057
D_320_40_lr017_eps020,6,9,0.5973626589173294,0.6027975350899895,-0.00543487617266003,0.7125517560135051
D_320_40_lr017_eps020,6,10,0.6179147580284401,0.6220720017652819,-0.004157243736841787,0.9633444921644895
D_320_40_lr017_eps020,6,11,0.6147608879307752,0.6434755150163648,-0.028714627085589584,0.8687866090869687
D_320_40_lr017_eps020,6,12,0.6378799899306442,0.6596494205825222,-0.021769430651877975,0.905714276197088
D_320_40_lr017_eps020,6,13,0.6455689894680161,0.6676548245807261,-0.022085835112710006,0.6307713132736738
D_320_40_lr017_eps020,6,14,0.6760651672247512,0.6862887766695761,-0.010223609444824922,0.8486454093255025
D_320_40_lr017_eps020,6,15,0.6890926940376793,0.6961328982674704,-0.007040204229791125,0.9428742901989017
D_320_40_lr017_eps020,6,16,0.6968660949573158,0.7111812232133402,-0.014315128256024434,0.894131606442223
D_320_40_lr017_eps020,6,17,0.7052353664910967,0.7257118939739757,-0.02047652748287898,0.866448429112429
D_320_40_lr017_eps020,6,18,0.7256419956393124,0.7392333792809648,-0.013591383641652355,0.910128324909944
D_320_40_lr017_eps020,6,19,0.7317486739853468,0.7489395724936003,-0.017190898508253505,0.9277588180358827
D_320_40_lr017_eps020,6,20,0.745056556459167,0.7532435382028493,-0.008186981743682265,0.9324265490929268
D_320_40_lr017_eps020,6,21,0.7477982484517189,0.761170827413598,-0.013372578961879045,0.9221257995278894
D_320_40_lr017_eps020,6,22,0.7634839049633277,0.7669197631874981,-0.003435858224170363,0.9735714015415371
D_320_40_lr017_eps020,6,23,0.76773887729713,0.780658057773061,-0.012919180475930991,0.886194219994597
D_320_40_lr017_eps020,6,24,0.7817856072766254,0.785313401106409,-0.003527793829783632,0.937057554194709
D_320_40_lr017_eps020,6,25,0.7758115380289187,0.7894054878454236,-0.013593949816504969,0.9386980721289988
D_320_40_lr017_eps020,7,0,0.26409195184164375,0.26409195184164375,0.0,1.0
D_320_40_lr017_eps020,7,1,0.31508462385478064,0.3050374789791414,0.010047144875639236,0.7677893578897079
D_320_40_lr017_eps020,7,2,0.3674466901821901,0.35404778707525664,0.01339890310693348,0.820070539870941
D_320_40_lr017_eps020,7,3,0.43436806718751303,0.4055719338484412,0.028796133339071828,0.8901467382778623
D_320_40_lr017_eps020,7,4,0.48449757637491286,0.45312744639977137,0.03137012997514149,0.9067892762847884
D_320_40_lr017_eps020,7,5,0.50539003910085,0.48912382522940495,0.016266213871445057,0.9050580685066799
D_320_40_lr017_eps020,7,6,0.5510103587010562,0.5266243998371061,0.02438595886395012,0.9259021240011626
D_320_40_lr017_eps020,7,7,0.5754043501559509,0.5556008584347147,0.01980349172123619,0.8839365482080459
D_320_40_lr017_eps020,7,8,0.5939030528126394,0.5818774185138529,0.012025634298786558,0.9085058359172311
D_320_40_lr017_eps020,7,9,0.6195495813393571,0.6068622016453769,0.01268737969398026,0.8884565802522734
D_320_40_lr017_eps020,7,10,0.6334413388314969,0.6262140834406713,0.007227255390825582,0.9558359808310116
D_320_40_lr017_eps020,7,11,0.6485974086833162,0.6423844416222616,0.006212967061054564,0.9051935986462661
D_320_40_lr017_eps020,7,12,0.6582944792189948,0.6609552824325117,-0.0026608032135169157,0.8608426287733674
D_320_40_lr017_eps020,7,13,0.6680192231270237,0.6759573520996354,-0.007938128972611702,0.8647410137302125
D_320_40_lr017_eps020,7,14,0.6965372410046805,0.693858393862587,0.0026788471420935434,0.7773431715739814
D_320_40_lr017_eps020,7,15,0.707644479637376,0.7005732801383777,0.00707119949899826,0.9054991787316463
D_320_40_lr017_eps020,7,16,0.7140306556055541,0.7078336480961231,0.006197007509430974,0.9379643555553361
D_320_40_lr017_eps020,7,17,0.7211210032215876,0.7171444142759691,0.0039765889456184755,0.8517040818259947
D_320_40_lr017_eps020,7,18,0.7479172047021192,0.7247394584038674,0.023177746298251756,0.9398292063461623
D_320_40_lr017_eps020,7,19,0.7568134019415124,0.7361818835348333,0.020631518406679095,0.9590730790496613
D_320_40_lr017_eps020,7,20,0.7602716548435291,0.7471859674078396,0.013085687435689497,0.9502104663586335
D_320_40_lr017_eps020,7,21,0.7532067484694617,0.7445959769227575,0.008610771546704199,0.8579756595216838
D_320_40_lr017_eps020,7,22,0.760210404795954,0.7525702178297735,0.007640186966180518,0.8863055872664664
D_320_40_lr017_eps020,7,23,0.7819619333213165,0.7638190037588145,0.018142929562501964,0.7762685668602014
D_320_40_lr017_eps020,7,24,0.7865657327643739,0.7728072835423098,0.01375844922206415,0.9583866368332677
D_320_40_lr017_eps020,7,25,0.7942568310488733,0.7827448468762818,0.011511984172591583,0.9761780738886326
D_320_40_lr017_eps020,8,0,0.26409195184164375,0.26409195184164375,0.0,1.0
D_320_40_lr017_eps020,8,1,0.3163113725792145,0.30134502140629915,0.014966351172915338,0.7659497348268668
D_320_40_lr017_eps020,8,2,0.37958202983098904,0.3505273369792464,0.02905469285174267,0.7508444095896978
D_320_40_lr017_eps020,8,3,0.4388050796715833,0.402547377298575,0.036257702373008294,0.7230756742113311
D_320_40_lr017_eps020,8,4,0.4902623179496881,0.4486259465585326,0.0416363713911555,0.8892682659512551
D_320_40_lr017_eps020,8,5,0.5224111454081469,0.49092146051162605,0.031489684896520875,0.8952987051215886
D_320_40_lr017_eps020,8,6,0.5479284005903605,0.5233147250130149,0.024613675577345617,0.8995422303306251
D_320_40_lr017_eps020,8,7,0.5767520490111712,0.5527595273709108,0.023992521640260334,0.8469798658184966
D_320_40_lr017_eps020,8,8,0.5966722232698579,0.5800409480337834,0.01663127523607455,0.9119662126747022
D_320_40_lr017_eps020,8,9,0.6170126388899065,0.6029869900785207,0.014025648811385794,0.8273518441797374
D_320_40_lr017_eps020,8,10,0.6383158560065104,0.6210059237579599,0.017309932248550486,0.9237743376054228
D_320_40_lr017_eps020,8,11,0.6357874991975104,0.6392181429865009,-0.003430643788990495,0.5558395435367376
D_320_40_lr017_eps020,8,12,0.6736950556922048,0.6551357126582441,0.018559343033960674,0.8448071116737389
D_320_40_lr017_eps020,8,13,0.6769763244408297,0.6585347649462184,0.018441559494611237,0.7955916765798531
D_320_40_lr017_eps020,8,14,0.6886899156523208,0.6712469769698215,0.017442938682499354,0.9286826515902202
D_320_40_lr017_eps020,8,15,0.7274839112461223,0.6834136433435748,0.04407026790254753,0.8475460743239104
D_320_40_lr017_eps020,8,16,0.7380890611944244,0.697114113190311,0.04097494800411339,0.9681567280181401
D_320_40_lr017_eps020,8,17,0.7408797946823147,0.7034103991206145,0.03746939556170015,0.9546187936117513
D_320_40_lr017_eps020,8,18,0.7540984576800172,0.7143524134971148,0.039746044182902396,0.9428744347862357
D_320_40_lr017_eps020,8,19,0.7485803954409104,0.7208370075351885,0.02774338790572184,0.8792964932423036
D_320_40_lr017_eps020,8,20,0.766456286020119,0.7341550045021376,0.032301281517981395,0.9173251308041104
D_320_40_lr017_eps020,8,21,0.7806744610584625,0.7389396742327554,0.04173478682570708,0.9558541414010416
D_320_40_lr017_eps020,8,22,0.781536055134618,0.7397388557845245,0.04179719935009352,0.9731176159563932
D_320_40_lr017_eps020,8,23,0.7947483872269062,0.7589368208008817,0.035811566426024566,0.9123996869944921
D_320_40_lr017_eps020,8,24,0.7983533657335765,0.7626625051499256,0.035690860583650896,0.9783960365309364
D_320_40_lr017_eps020,8,25,0.802563386219453,0.7687763582773404,0.033787027942112635,0.9452803074358772
D_320_40_lr017_eps020,9,0,0.26409195184164375,0.26409195184164375,0.0,1.0
D_320_40_lr017_eps020,9,1,0.3340224078124337,0.30967137912920634,0.02435102868322736,0.8251978475317248
D_320_40_lr017_eps020,9,2,0.3902265519836463,0.35217218785407567,0.03805436412957064,0.9269848377252731
D_320_40_lr017_eps020,9,3,0.4412605772809649,0.4005612378446389,0.04069933943632603,0.8762788089838441
D_320_40_lr017_eps020,9,4,0.48808936363279404,0.44940243744093517,0.03868692619185887,0.9153007040477164
D_320_40_lr017_eps020,9,5,0.5300562893916007,0.49329398654424034,0.03676230284736032,0.9450716345204703
D_320_40_lr017_eps020,9,6,0.5559634720506837,0.532133626396595,0.023829845654088744,0.8406468538405396
D_320_40_lr017_eps020,9,7,0.5907156498929094,0.569531957031001,0.021183692861908354,0.8929076323222641
D_320_40_lr017_eps020,9,8,0.6170945103039708,0.592979673055418,0.02411483724855279,0.8856243639883725
D_320_40_lr017_eps020,9,9,0.6397122392381088,0.6196823222403804,0.02002991699772838,0.9193374958421171
D_320_40_lr017_eps020,9,10,0.6611633306022737,0.6415890559206846,0.01957427468158912,0.9276808063172108
D_320_40_lr017_eps020,9,11,0.674747715094178,0.6641278075824664,0.010619907511711602,0.8462938081407148
D_320_40_lr017_eps020,9,12,0.6957439787059368,0.6774023422295382,0.018341636476398637,0.8728336624177424
D_320_40_lr017_eps020,9,13,0.7005019195732923,0.6912369293833854,0.009264990189906896,0.8177557413978518
D_320_40_lr017_eps020,9,14,0.7158996798135641,0.7035384295602417,0.012361250253322353,0.677847456215814
D_320_40_lr017_eps020,9,15,0.7301621190885893,0.7163869376647057,0.013775181423883565,0.8641286962306867
D_320_40_lr017_eps020,9,16,0.7362142090797582,0.7258372104588173,0.01037699862094088,0.9285350709558218
D_320_40_lr017_eps020,9,17,0.7579332777384676,0.7358335217837392,0.02209975595472846,0.8601163040034553
D_320_40_lr017_eps020,9,18,0.7522516646523375,0.7396898147250458,0.012561849927291702,0.9330665951480565
D_320_40_lr017_eps020,9,19,0.7647350916519211,0.7510477286399997,0.013687363011921416,0.921595618459701
D_320_40_lr017_eps020,9,20,0.7727896732709764,0.7589659666918301,0.013823706579146222,0.8741849971773652
D_320_40_lr017_eps020,9,21,0.7806894816187364,0.7694701113103181,0.011219370308418353,0.9188833989786618
D_320_40_lr017_eps020,9,22,0.7821417773450743,0.7719297891309923,0.01021198821408198,0.9671849027480401
D_320_40_lr017_eps020,9,23,0.7918096366429682,0.7808405981448685,0.010969038498099715,0.9194959252911089
D_320_40_lr017_eps020,9,24,0.7974389054278993,0.7856816872353686,0.011757218192530727,0.9032832798999713
D_320_40_lr017_eps020,9,25,0.8023679849901604,0.7895237969917289,0.012844187998431456,0.9782637446673985
D_320_40_lr017_eps020,10,0,0.26409195184164375,0.26409195184164375,0.0,1.0
D_320_40_lr017_eps020,10,1,0.32724439858703847,0.3035096221695418,0.02373477641749666,0.8058237643326838
D_320_40_lr017_eps020,10,2,0.38382925053513933,0.35142579649324385,0.032403454041895485,0.9204924808204642
D_320_40_lr017_eps020,10,3,0.43410017282904034,0.4016345781755893,0.03246559465345106,0.671479749038257
D_320_40_lr017_eps020,10,4,0.48422581453738883,0.4493179866087952,0.03490782792859365,0.9373150386927781
D_320_40_lr017_eps020,10,5,0.5156026689963108,0.49098597293392543,0.024616696062385368,0.7581592832858451
D_320_40_lr017_eps020,10,6,0.5452932566322669,0.5274278321544754,0.01786542447779149,0.8034001231115517
D_320_40_lr017_eps020,10,7,0.5844110295577513,0.5589590348889311,0.0254519946688202,0.7893179078817305
D_320_40_lr017_eps020,10,8,0.6134304649072395,0.582427210797654,0.031003254109585487,0.902765920091056
D_320_40_lr017_eps020,10,9,0.6393144036885018,0.6077497935186578,0.03156461016984402,0.957994583985657
D_320_40_lr017_eps020,10,10,0.6483567397064679,0.6278969620800949,0.020459777626372966,0.9488741467686659
D_320_40_lr017_eps020,10,11,0.6633456279445116,0.645749297013394,0.017596330931117565,0.9289012493614426
D_320_40_lr017_eps020,10,12,0.6779310124124679,0.6611947689581276,0.016736243454340327,0.963458724144026
D_320_40_lr017_eps020,10,13,0.6911896625410747,0.6818805483114232,0.009309114229651527,0.9300372353364791
D_320_40_lr017_eps020,10,14,0.7016975833027258,0.6951860549331681,0.006511528369557706,0.9248220188028207
D_320_40_lr017_eps020,10,15,0.7051060174156881,0.7092531980337786,-0.004147180618090496,0.9284877244081391
D_320_40_lr017_eps020,10,16,0.7174295826948482,0.7199656094589372,-0.002536026764088928,0.935348455066556
D_320_40_lr017_eps020,10,17,0.7235937980743361,0.7277613595286135,-0.004167561454277435,0.9394922364479242
D_320_40_lr017_eps020,10,18,0.7319143463372478,0.7358869023026888,-0.003972555965440994,0.9142575576582465
D_320_40_lr017_eps020,10,19,0.7321593842336502,0.7417303501708339,-0.00957096593718365,0.908569605196051
D_320_40_lr017_eps020,10,20,0.7399927884015323,0.7507630191113153,-0.010770230709783002,0.9627658976472409
D_320_40_lr017_eps020,10,21,0.7466807249808167,0.7572811939913158,-0.010600469010499047,0.9396831592478776
D_320_40_lr017_eps020,10,22,0.7314462982248,0.7559813687720178,-0.02453507054721782,0.8146217550515636
D_320_40_lr017_eps020,10,23,0.770250866597733,0.7714159740705492,-0.0011651074728161737,0.8635110754075109
D_320_40_lr017_eps020,10,24,0.7754000806304465,0.7800208187333749,-0.004620738102928401,0.9252634988036673
D_320_40_lr017_eps020,10,25,0.786087625256643,0.7765934358403497,0.00949418941629332,0.9523725407331664
D_320_40_lr017_eps020,11,0,0.26409195184164375,0.26409195184164375,0.0,1.0
D_320_40_lr017_eps020,11,1,0.3065981844314402,0.3070893028236457,-0.0004911183922055029,0.7133139881127206
D_320_40_lr017_eps020,11,2,0.37537901898207493,0.355504003365785,0.019875015616289904,0.7003588797049675
D_320_40_lr017_eps020,11,3,0.4350510859392541,0.41017578823806944,0.024875297701184684,0.7921768608681627
D_320_40_lr017_eps020,11,4,0.48794046676340547,0.4592040348737906,0.02873643188961489,0.9638110617543626
D_320_40_lr017_eps020,11,5,0.5221705135785718,0.5025702510701725,0.019600262508399302,0.8860445046526835
D_320_40_lr017_eps020,11,6,0.5580733207752239,0.5418708924196809,0.016202428355542975,0.8743655165193187
D_320_40_lr017_eps020,11,7,0.5744945822737829,0.5748679934068107,-0.00037341113302780116,0.8890619396192214
D_320_40_lr017_eps020,11,8,0.6083127202114997,0.5991768486008148,0.009135871610684965,0.8706937945009567
D_320_40_lr017_eps020,11,9,0.6355441595056848,0.6260311952124182,0.009512964293266535,0.936093005254636
D_320_40_lr017_eps020,11,10,0.649197142810989,0.649106019983205,9.112282778389602e-05,0.9656703864632081
D_320_40_lr017_eps020,11,11,0.6614832903289944,0.667580252325689,-0.0060969619966945166,0.9433811942728252
D_320_40_lr017_eps020,11,12,0.6643600586133959,0.6785377351591004,-0.014177676545704565,0.9089210458456009
D_320_40_lr017_eps020,11,13,0.687000077720924,0.6941644524809447,-0.007164374760020742,0.9012031079472418
D_320_40_lr017_eps020,11,14,0.6961479551314236,0.7093678294079574,-0.013219874276533816,0.8279265299125041
D_320_40_lr017_eps020,11,15,0.7020198982967275,0.7193560119369002,-0.017336113640172734,0.6358250663717594
D_320_40_lr017_eps020,11,16,0.7270353275482734,0.7258590303102873,0.0011762972379860681,0.8437400236174917
D_320_40_lr017_eps020,11,17,0.7392904814898692,0.7372412875593611,0.002049193930508064,0.9493436143093501
D_320_40_lr017_eps020,11,18,0.7458238423590781,0.745869330746983,-4.548838790496834e-05,0.984331161694153
D_320_40_lr017_eps020,11,19,0.7570815744366451,0.7581707554876564,-0.001089181051011301,0.978398390627011
D_320_40_lr017_eps020,11,20,0.7636488668137761,0.760959099314108,0.0026897674996680943,0.9813601891359273
D_320_40_lr017_eps020,11,21,0.765848012192164,0.7667679922628177,-0.0009199800706536365,0.9433194540939883
D_320_40_lr017_eps020,11,22,0.7755961156750103,0.7711283088765087,0.004467806798501561,0.9481853762263545
D_320_40_lr017_eps020,11,23,0.7528351248301016,0.7808506979220818,-0.028015573091980217,0.6418747563451258
D_320_40_lr017_eps020,11,24,0.7880864856936761,0.7863557160766773,0.0017307696169988063,0.792036088525411
D_320_40_lr017_eps020,11,25,0.7886001733353236,0.7876554986474866,0.0009446746878369883,0.9755259098407133
D_320_40_lr017_eps020,12,0,0.26409195184164375,0.26409195184164375,0.0,1.0
D_320_40_lr017_eps020,12,1,0.3241047015446275,0.30484381056074733,0.019260890983880175,0.7434938892701742
D_320_40_lr017_eps020,12,2,0.37661384775060275,0.34862646382299306,0.027987383927609688,0.8860665332613116
D_320_40_lr017_eps020,12,3,0.4228492052265437,0.39592484596667515,0.026924359259868524,0.9279259336947968
D_320_40_lr017_eps020,12,4,0.4628218418897364,0.4452252394907568,0.01759660239897959,0.9409701042852155
D_320_40_lr017_eps020,12,5,0.5044630284603121,0.48609527276059017,0.018367755699721933,0.727909167761735
D_320_40_lr017_eps020,12,6,0.5401868243808335,0.5217542913372208,0.018432533043612698,0.9003471468408752
D_320_40_lr017_eps020,12,7,0.569901359044198,0.5467211605073645,0.023180198536833507,0.7391855141125994
D_320_40_lr017_eps020,12,8,0.5962435839268053,0.57449847849935,0.021745105427455336,0.8625313971760782
D_320_40_lr017_eps020,12,9,0.6124906967604246,0.5976327288129689,0.014857967947455641,0.893401322256572
D_320_40_lr017_eps020,12,10,0.634414863496363,0.6077501501089911,0.026664713387371863,0.9720996246744075
D_320_40_lr017_eps020,12,11,0.6496523559199918,0.6239570585911568,0.02569529732883502,0.936347783390609
D_320_40_lr017_eps020,12,12,0.6502222484321395,0.6457920627895347,0.004430185642604778,0.9158115722940194
D_320_40_lr017_eps020,12,13,0.6623821474444851,0.6614385740411934,0.0009435734032916532,0.9148529424992498
D_320_40_lr017_eps020,12,14,0.690873225110225,0.6756918344246615,0.015181390685563456,0.851542487115086
D_320_40_lr017_eps020,12,15,0.6917449132132489,0.6904272797253433,0.0013176334879055895,0.9115152891251262
D_320_40_lr017_eps020,12,16,0.6957030959667241,0.697266814136606,-0.001563718169881878,0.8902781150892007
D_320_40_lr017_eps020,12,17,0.7146973953874161,0.7077166612183181,0.006980734169097946,0.8755162065633423
D_320_40_lr017_eps020,12,18,0.7134508488633917,0.7054782444676636,0.007972604395728111,0.9739600631254106
D_320_40_lr017_eps020,12,19,0.7196544031208106,0.7245050800424633,-0.004850676921652641,0.8779865074533898
D_320_40_lr017_eps020,12,20,0.7308316291469391,0.7291933946878777,0.0016382344590614162,0.9642786676531937
D_320_40_lr017_eps020,12,21,0.7370790219741211,0.7355998261068413,0.0014791958672798478,0.9304306765640707
D_320_40_lr017_eps020,12,22,0.7368799698446629,0.7457915353006612,-0.00891156545599836,0.9072727504716659
D_320_40_lr017_eps020,12,23,0.73777054718148,0.7491409873151863,-0.01137044013370625,0.9581560457283599
D_320_40_lr017_eps020,12,24,0.746900248104677,0.7592631273624769,-0.012362879257799886,0.9352151242275881
D_320_40_lr017_eps020,12,25,0.7523037300503528,0.7670891261901074,-0.014785396139754603,0.9232862310139988
D_320_40_lr017_eps020,13,0,0.26409195184164375,0.26409195184164375,0.0,1.0
D_320_40_lr017_eps020,13,1,0.320142129124897,0.3044299836784786,0.015712145446418357,0.8616035336219247
D_320_40_lr017_eps020,13,2,0.3838029144310236,0.34929752314649753,0.034505391284526066,0.8215830502104724
D_320_40_lr017_eps020,13,3,0.4403730291798867,0.4043788939516298,0.035994135228256896,0.9228634169473356
D_320_40_lr017_eps020,13,4,0.5008727637715646,0.45483534171723,0.04603742205433464,0.9315077803587937
D_320_40_lr017_eps020,13,5,0.5294107295913509,0.49450515496896336,0.03490557462238758,0.8786578338980865
D_320_40_lr017_eps020,13,6,0.5526388505853482,0.5280749382938472,0.02456391229150101,0.6093996785596533
D_320_40_lr017_eps020,13,7,0.5968412651137224,0.5623463981672565,0.03449486694646586,0.778204032990889
D_320_40_lr017_eps020,13,8,0.615541699388747,0.5880201905551288,0.027521508833618258,0.8872340667334286
D_320_40_lr017_eps020,13,9,0.6356827876525983,0.6140317224168991,0.021651065235699263,0.8030228494959764
D_320_40_lr017_eps020,13,10,0.6579316811382258,0.6322816658515429,0.02565001528668287,0.9690637762308252
D_320_40_lr017_eps020,13,11,0.6742090048377962,0.6491361355419978,0.02507286929579844,0.9484057594146811
D_320_40_lr017_eps020,13,12,0.690794650837495,0.6659370936634412,0.0248575571740538,0.9527722588215265
D_320_40_lr017_eps020,13,13,0.697046281804254,0.6745540798895979,0.022492201914656063,0.8733753823427265
D_320_40_lr017_eps020,13,14,0.7240791482703055,0.6961415152343161,0.027937633035989395,0.8802176715491496
D_320_40_lr017_eps020,13,15,0.7384913800918798,0.7043222730470938,0.03416910704478593,0.956559947773218
D_320_40_lr017_eps020,13,16,0.7404200844423053,0.7145380670803205,0.02588201736198481,0.9208046580521156
D_320_40_lr017_eps020,13,17,0.7509226619876821,0.72635535211531,0.0245673098723721,0.9039865478541157
D_320_40_lr017_eps020,13,18,0.7602014772424525,0.7358899190822846,0.024311558160167834,0.911192880435192
D_320_40_lr017_eps020,13,19,0.7709985692087106,0.7449361332111721,0.026062435997538436,0.9691691883253934
D_320_40_lr017_eps020,13,20,0.774978072786768,0.7508116220495143,0.024166450737253653,0.9259878301947105
D_320_40_lr017_eps020,13,21,0.7690263741546929,0.7587770708812531,0.010249303273439758,0.9214348854769361
D_320_40_lr017_eps020,13,22,0.7802644644062471,0.7625819230265847,0.01768254137966241,0.9576543346445543
D_320_40_lr017_eps020,13,23,0.7889506779786007,0.7690540999842232,0.019896577994377496,0.889039680703323
D_320_40_lr017_eps020,13,24,0.7954994514558651,0.7770917381381677,0.018407713317697416,0.9393486007671754
D_320_40_lr017_eps020,13,25,0.7935246317919845,0.7784944065206527,0.015030225271331799,0.9269676015443932
D_320_40_lr017_eps020,14,0,0.26409195184164375,0.26409195184164375,0.0,1.0
D_320_40_lr017_eps020,14,1,0.3316437465183954,0.30617216390668095,0.02547158261171445,0.8286734464952417
D_320_40_lr017_eps020,14,2,0.383470508846572,0.3547826069281485,0.02868790191842352,0.9486554370709626
D_320_40_lr017_eps020,14,3,0.4381281015114183,0.4052238891620429,0.032904212349375406,0.9075400409309653
D_320_40_lr017_eps020,14,4,0.4791826017542429,0.4475329976615453,0.03164960409269757,0.8384022525853628
D_320_40_lr017_eps020,14,5,0.5014346713509079,0.488815588468203,0.012619082882704913,0.8258545327555297
D_320_40_lr017_eps020,14,6,0.5406722370926391,0.5215671311470492,0.019105105945589895,0.8054169643830881
D_320_40_lr017_eps020,14,7,0.5593098676298642,0.5535387852619125,0.005771082367951763,0.8936754591011723
D_320_40_lr017_eps020,14,8,0.5808977887696308,0.5815825272769842,-0.0006847385073533996,0.7614146407804757
D_320_40_lr017_eps020,14,9,0.6089463495738661,0.6068442863979268,0.002102063175939306,0.9601047182877187
D_320_40_lr017_eps020,14,10,0.6386330609802481,0.6296152123045274,0.009017848675720641,0.8990994536241379
D_320_40_lr017_eps020,14,11,0.64682903211543,0.6464013523713094,0.0004276797441206126,0.8961667242859896
D_320_40_lr017_eps020,14,12,0.6759073306806112,0.6609711276329733,0.014936203047637875,0.8784686886426037
D_320_40_lr017_eps020,14,13,0.6929924188953529,0.6740300374925629,0.01896238140279005,0.969238280276166
D_320_40_lr017_eps020,14,14,0.7090957693352464,0.6803259374972122,0.028769831838034277,0.9171373555680566
D_320_40_lr017_eps020,14,15,0.6955145630332191,0.693576377128159,0.0019381859050601191,0.84123674264549
D_320_40_lr017_eps020,14,16,0.7284994990798765,0.7047535167925538,0.02374598228732272,0.9209397273677418
D_320_40_lr017_eps020,14,17,0.7476672976034988,0.7134548457826033,0.034212451820895495,0.9200686121773733
D_320_40_lr017_eps020,14,18,0.7531927283947307,0.7343707236828295,0.018822004711901208,0.9212332313072096
D_320_40_lr017_eps020,14,19,0.7643583630121136,0.743691471004831,0.020666892007282556,0.9306538274337774
D_320_40_lr017_eps020,14,20,0.7633901009977204,0.7464897942974916,0.016900306700228795,0.9493846190115361
D_320_40_lr017_eps020,14,21,0.7671349567650001,0.7566206864453682,0.010514270319631924,0.9455637930825758
D_320_40_lr017_eps020,14,22,0.785305916971168,0.765626162252421,0.019679754718747056,0.8758918796987728
D_320_40_lr017_eps020,14,23,0.7855653551444252,0.7700278194526499,0.015537535691775295,0.9778327940128829
D_320_40_lr017_eps020,14,24,0.7644724146765214,0.7734957725085194,-0.009023357831998036,0.7573723612794971
D_320_40_lr017_eps020,14,25,0.7868474527686765,0.7844804069749214,0.0023670457937551292,0.8832250932800748
D_320_40_lr017_eps020,15,0,0.26409195184164375,0.26409195184164375,0.0,1.0
D_320_40_lr017_eps020,15,1,0.3257758252594983,0.3023928794502658,0.023382945809232503,0.7913751735727003
D_320_40_lr017_eps020,15,2,0.38199742579034257,0.3496430568691677,0.03235436892117488,0.8727607951557655
D_320_40_lr017_eps020,15,3,0.4320512238385458,0.3929930293566501,0.03905819448189568,0.8604494846500353
D_320_40_lr017_eps020,15,4,0.4866064472834696,0.43667921392376713,0.04992723335970245,0.922564843919206
D_320_40_lr017_eps020,15,5,0.5153820766754522,0.4762026478756403,0.0391794287998119,0.9074265530947393
D_320_40_lr017_eps020,15,6,0.5490530797012264,0.525301510478087,0.023751569223139368,0.9097236643749357
D_320_40_lr017_eps020,15,7,0.5893764939321785,0.5577225362448638,0.031653957687314715,0.8476465613609689
D_320_40_lr017_eps020,15,8,0.6158628582147394,0.5858599427900409,0.030002915424698462,0.9636650180769893
D_320_40_lr017_eps020,15,9,0.6343955727775024,0.6081290913855393,0.02626648139196308,0.9536921460163031
D_320_40_lr017_eps020,15,10,0.6498238697685462,0.6309238091519951,0.01890006061655114,0.9269100643814271
D_320_40_lr017_eps020,15,11,0.6600587191953595,0.653120605665675,0.006938113529684542,0.8599171189584605
D_320_40_lr017_eps020,15,12,0.670208585027949,0.6674492032354384,0.0027593817925105624,0.8430289371977847
D_320_40_lr017_eps020,15,13,0.6794107028381982,0.6829963108191086,-0.0035856079809104546,0.9144474563001661
D_320_40_lr017_eps020,15,14,0.6951479683562793,0.6916337473027987,0.0035142210534806484,0.8393707822390919
D_320_40_lr017_eps020,15,15,0.6980599941143797,0.7062652591961482,-0.008205265081768554,0.9535864884066368
D_320_40_lr017_eps020,15,16,0.7082395234513316,0.7176892219657325,-0.009449698514400917,0.9111982517614251
D_320_40_lr017_eps020,15,17,0.7158459749370223,0.7262471574635454,-0.010401182526523112,0.8722587317671681
D_320_40_lr017_eps020,15,18,0.7251294987860403,0.7375144416746228,-0.012384942888582495,0.8967749577292737
D_320_40_lr017_eps020,15,19,0.709043793163502,0.7484098577009226,-0.03936606453742064,0.8501532415070788
D_320_40_lr017_eps020,15,20,0.7325213188881607,0.7546916388532648,-0.0221703199651041,0.9031800582996561
D_320_40_lr017_eps020,15,21,0.7410346697975205,0.7684005674942057,-0.027365897696685182,0.922944116664115
D_320_40_lr017_eps020,15,22,0.7467901061551345,0.7696852683757139,-0.022895162220579413,0.8849800925429272
D_320_40_lr017_eps020,15,23,0.7521640891618281,0.7736535455688306,-0.021489456407002505,0.9220504830743996
D_320_40_lr017_eps020,15,24,0.7659994527733078,0.7839772917561983,-0.017977838982890515,0.9752023695605726
D_320_40_lr017_eps020,15,25,0.7618347322432569,0.7852626383462482,-0.02342790610299128,0.9525936753798244
D_320_40_lr017_eps020,16,0,0.26409195184164375,0.26409195184164375,0.0,1.0
D_320_40_lr017_eps020,16,1,0.3154576700912133,0.3089662286705253,0.006491441420687971,0.6829572096281536
D_320_40_lr017_eps020,16,2,0.3928311021615387,0.35654074166622324,0.03629036049531548,0.7613661866325556
D_320_40_lr017_eps020,16,3,0.4375869515933013,0.4055345116678555,0.03205243992544582,0.8342523199568274
D_320_40_lr017_eps020,16,4,0.48966645680945947,0.4539069593310972,0.03575949747836227,0.8325305955200863
D_320_40_lr017_eps020,16,5,0.5283836112046251,0.5016989803697258,0.026684630834899248,0.8602740205121195
D_320_40_lr017_eps020,16,6,0.5610029588089562,0.5389926044565236,0.022010354352432593,0.8462352553956232
D_320_40_lr017_eps020,16,7,0.5751590364761298,0.5685715664184351,0.0065874700576946665,0.8989698176592753
D_320_40_lr017_eps020,16,8,0.6004737846671478,0.590325661101325,0.010148123565822842,0.9155477997224486
D_320_40_lr017_eps020,16,9,0.6281781269725076,0.6163193936401786,0.011858733332329008,0.7579434967573222
D_320_40_lr017_eps020,16,10,0.6441806912195811,0.6395239250258723,0.004656766193708806,0.8657618154058561
D_320_40_lr017_eps020,16,11,0.6672576713513997,0.6573521835956854,0.009905487755714315,0.8304975990876688
D_320_40_lr017_eps020,16,12,0.6757794205881383,0.6720062567664319,0.003773163821706449,0.9627299497743277
D_320_40_lr017_eps020,16,13,0.6902855231247843,0.686819640801728,0.003465882323056335,0.780776082904713
D_320_40_lr017_eps020,16,14,0.7155454363862949,0.6971984267430733,0.018347009643221557,0.9011166195381982
D_320_40_lr017_eps020,16,15,0.7293624653797742,0.7130892627039729,0.016273202675801346,0.9378565961227942
D_320_40_lr017_eps020,16,16,0.7389673528597032,0.7239176228695086,0.015049729990194605,0.875884204350158
D_320_40_lr017_eps020,16,17,0.7363778288076583,0.7360984460244289,0.00027938278322947596,0.9250805860806887
D_320_40_lr017_eps020,16,18,0.751338016949486,0.7435600247489451,0.007777992200540873,0.9403431288632293
D_320_40_lr017_eps020,16,19,0.7592447461530611,0.7468310258165389,0.012413720336522216,0.9617249495397815
D_320_40_lr017_eps020,16,20,0.7739614873152911,0.7524754980558324,0.02148598925945877,0.9629724295792825
D_320_40_lr017_eps020,16,21,0.7785115370436142,0.7599560609844924,0.018555476059121778,0.9444666689521458
D_320_40_lr017_eps020,16,22,0.773094567890145,0.7656897449897291,0.007404822900415886,0.9376369187865082
D_320_40_lr017_eps020,16,23,0.7907690750624904,0.7741954599510871,0.016573615111403317,0.9052907563710184
D_320_40_lr017_eps020,16,24,0.7925022377575144,0.7812184337489565,0.011283804008557885,0.9784834993905025
D_320_40_lr017_eps020,16,25,0.8033619726272202,0.7861504565425363,0.017211516084683853,0.9724685572984199
D_320_40_lr017_eps020,17,0,0.26409195184164375,0.26409195184164375,0.0,1.0
D_320_40_lr017_eps020,17,1,0.3175063238004715,0.30340759597643885,0.014098727824032653,0.8021301339090977
D_320_40_lr017_eps020,17,2,0.38885161090036596,0.35373870719318773,0.035112903707178234,0.8120223968098079
D_320_40_lr017_eps020,17,3,0.4423023265250223,0.4006541423071413,0.041648184217881024,0.7884600384545792
D_320_40_lr017_eps020,17,4,0.4851638092429211,0.440450924179853,0.044712885063068086,0.8612936455653686
D_320_40_lr017_eps020,17,5,0.5279862504795453,0.4819182768198304,0.04606797365971488,0.9174351286097884
D_320_40_lr017_eps020,17,6,0.5513395522286263,0.5150324100877895,0.036307142140836746,0.846269734247295
D_320_40_lr017_eps020,17,7,0.5901563505833455,0.5525944313295333,0.03756191925381214,0.9610596230767423
D_320_40_lr017_eps020,17,8,0.6194410043333667,0.5846173353301004,0.03482366900326628,0.9462041086687073
D_320_40_lr017_eps020,17,9,0.6349501041779066,0.610152863011221,0.02479724116668569,0.9348018087170794
D_320_40_lr017_eps020,17,10,0.6622108587050455,0.6311089076097027,0.03110195109534275,0.9194139274059246
D_320_40_lr017_eps020,17,11,0.6635136214501167,0.6530966391341118,0.010416982316004963,0.7109206918989666
D_320_40_lr017_eps020,17,12,0.6912314975788867,0.6706932765596951,0.02053822101919156,0.9233070793606066
D_320_40_lr017_eps020,17,13,0.7110273016973114,0.6866431133951153,0.02438418830219613,0.9469886209486864
D_320_40_lr017_eps020,17,14,0.7218761202200809,0.6971771909907727,0.024698929229308164,0.9216523199951804
D_320_40_lr017_eps020,17,15,0.7200347378041035,0.7046469009705046,0.0153878368335989,0.8815870227127979
D_320_40_lr017_eps020,17,16,0.738860348726712,0.7181053456646197,0.020755003062092325,0.7093295742267834
D_320_40_lr017_eps020,17,17,0.7480457526290473,0.7257287148155527,0.02231703781349459,0.8958881062554184
D_320_40_lr017_eps020,17,18,0.7573637174739488,0.739697579198508,0.017666138275440835,0.9531062050011126
D_320_40_lr017_eps020,17,19,0.7683921564524966,0.7474436255962942,0.020948530856202408,0.9239986432661549
D_320_40_lr017_eps020,17,20,0.7741670530521875,0.755671232363789,0.0184958206883985,0.9260236321599583
D_320_40_lr017_eps020,17,21,0.7714315126579336,0.7630147127903061,0.008416799867627556,0.9597083654215989
D_320_40_lr017_eps020,17,22,0.7828270716497917,0.7648299076701846,0.017997163979607156,0.8968228391164541
D_320_40_lr017_eps020,17,23,0.7923486467434462,0.7715504094548667,0.020798237288579435,0.9607071324951687
D_320_40_lr017_eps020,17,24,0.7993582045736282,0.780103499518434,0.01925470505519411,0.9287835901416805
D_320_40_lr017_eps020,17,25,0.7899510812230319,0.7870955779877525,0.0028555032352793885,0.8969587477170162
D_320_40_lr017_eps020,18,0,0.26409195184164375,0.26409195184164375,0.0,1.0
D_320_40_lr017_eps020,18,1,0.32391502472067535,0.30180285846844385,0.022112166252231502,0.7935360771601556
D_320_40_lr017_eps020,18,2,0.3811056773010018,0.3441710217163011,0.036934655584700715,0.8816265768596354
D_320_40_lr017_eps020,18,3,0.4330437897582025,0.39569974278050124,0.03734404697770127,0.8028403516944997
D_320_40_lr017_eps020,18,4,0.4803495832567533,0.4470900965989872,0.033259486657766124,0.9257183307825674
D_320_40_lr017_eps020,18,5,0.5280990793219625,0.4874332188945097,0.04066586042745285,0.8787602165959805
D_320_40_lr017_eps020,18,6,0.5604385248946108,0.5255716979669519,0.034866826927658856,0.8608213242224715
D_320_40_lr017_eps020,18,7,0.5914918216490779,0.5543499780358282,0.03714184361324968,0.9080188879207819
D_320_40_lr017_eps020,18,8,0.6128354014257454,0.5846152782254271,0.028220123200318303,0.9270987027910147
D_320_40_lr017_eps020,18,9,0.6307048573748685,0.6069362134254026,0.023768643949465873,0.9251693328538145
D_320_40_lr017_eps020,18,10,0.6469831468182106,0.6258946082165863,0.021088538601624296,0.9276387305916233
D_320_40_lr017_eps020,18,11,0.6611572570623687,0.6438606563570732,0.017296600705295484,0.857174863710382
D_320_40_lr017_eps020,18,12,0.6868493762780131,0.6648914308266358,0.021957945451377303,0.8000492371300381
D_320_40_lr017_eps020,18,13,0.7052879236170702,0.6834581055276876,0.021829818089382558,0.9610312431436363
D_320_40_lr017_eps020,18,14,0.7149752970690684,0.69509807459552,0.019877222473548395,0.8865748193983617
D_320_40_lr017_eps020,18,15,0.7220123613214853,0.7046035660566315,0.017408795264853727,0.9357041667747692
D_320_40_lr017_eps020,18,16,0.7287531208858783,0.7116825849126758,0.017070535973202516,0.9623628175460687
D_320_40_lr017_eps020,18,17,0.7440780835351727,0.7270898112557516,0.016988272279421124,0.9749499072959165
D_320_40_lr017_eps020,18,18,0.7590042789581305,0.7401198667438049,0.018884412214325574,0.9230062068447258
D_320_40_lr017_eps020,18,19,0.7633101083540482,0.7498163780340615,0.013493730319986685,0.9520859043331347
D_320_40_lr017_eps020,18,20,0.7714476128873118,0.7586856428937556,0.012761969993556166,0.878655713611276
D_320_40_lr017_eps020,18,21,0.7748919571909179,0.7647926468925246,0.010099310298393283,0.928535650732802
D_320_40_lr017_eps020,18,22,0.7818135508341263,0.7721993007419258,0.009614250092200516,0.9442789913890965
D_320_40_lr017_eps020,18,23,0.7919873629744782,0.7755210434565075,0.01646631951797073,0.9359515504585296
D_320_40_lr017_eps020,18,24,0.7950834553170056,0.7776573301146917,0.017426125202313902,0.9455573227833695
D_320_40_lr017_eps020,18,25,0.8016416312883019,0.7829718547899196,0.018669776498382307,0.96233150428862
D_320_40_lr017_eps020,19,0,0.26409195184164375,0.26409195184164375,0.0,1.0
D_320_40_lr017_eps020,19,1,0.3250759576978449,0.30399795214995606,0.021078005547888856,0.8336294811117729
D_320_40_lr017_eps020,19,2,0.38723429449464547,0.34851780759791906,0.03871648689672641,0.80128815919837
D_320_40_lr017_eps020,19,3,0.44107047777293085,0.3959434247739709,0.04512705299895997,0.853441883831369
D_320_40_lr017_eps020,19,4,0.477560469539896,0.44888935313514045,0.02867111640475556,0.46495600014655786
D_320_40_lr017_eps020,19,5,0.5196419420879336,0.4939879852478516,0.025653956840081982,0.7250587562865025
D_320_40_lr017_eps020,19,6,0.5434032084787193,0.5283721083324379,0.015031100146281395,0.8617729442041896
D_320_40_lr017_eps020,19,7,0.5749774465063098,0.5642646304191125,0.010712816087197319,0.8023963108882609
D_320_40_lr017_eps020,19,8,0.6059088800246945,0.5889393015039315,0.016969578520762973,0.4546255917690743
D_320_40_lr017_eps020,19,9,0.6227786273859108,0.6146707005553389,0.008107926830571932,0.8672561968219549
D_320_40_lr017_eps020,19,10,0.6427325292230872,0.636959755533357,0.005772773689730171,0.8710206029197803
D_320_40_lr017_eps020,19,11,0.6567724109461818,0.6570254964057973,-0.00025308545961555406,0.9560230735401565
D_320_40_lr017_eps020,19,12,0.6710010720153857,0.6753443683989627,-0.004343296383577,0.9414335262885544
D_320_40_lr017_eps020,19,13,0.6883527204647231,0.6882025921635146,0.0001501283012084187,0.8943036067772872
D_320_40_lr017_eps020,19,14,0.6941098249816029,0.7044469507422819,-0.010337125760679022,0.9426682802833057
D_320_40_lr017_eps020,19,15,0.6957987512694319,0.7092298701273778,-0.0134311188579459,0.9476772046806767
D_320_40_lr017_eps020,19,16,0.7131327970842665,0.724722359332819,-0.011589562248552565,0.9618481207858054
D_320_40_lr017_eps020,19,17,0.7197149550486028,0.7335318316007332,-0.013816876552130375,0.9694762073476576
D_320_40_lr017_eps020,19,18,0.7226058990218898,0.7416643007656574,-0.019058401743767606,0.9175029643839346
D_320_40_lr017_eps020,19,19,0.7280032684863038,0.7463574693780003,-0.01835420089169648,0.9150558698366402
D_320_40_lr017_eps020,19,20,0.7324454816188721,0.755701133310696,-0.023255651691823864,0.887662007322875
D_320_40_lr017_eps020,19,21,0.7371910650972845,0.7657586665101063,-0.028567601412821775,0.808313432402592
D_320_40_lr017_eps020,19,22,0.7397764761626607,0.7707803877241031,-0.031003911561442332,0.9708023736057059
D_320_40_lr017_eps020,19,23,0.7454856069794783,0.7776865900198197,-0.03220098304034136,0.9559126964735191
D_320_40_lr017_eps020,19,24,0.7553446896967351,0.7853468014141075,-0.030002111717372437,0.9684562081408884
D_320_40_lr017_eps020,19,25,0.7545808477090786,0.7876275747017927,-0.03304672699271405,0.955236497501187
D_320_40_lr017_eps020,20,0,0.26409195184164375,0.26409195184164375,0.0,1.0
D_320_40_lr017_eps020,20,1,0.32323091350743033,0.30397109427081603,0.019259819236614295,0.6952222449508446
D_320_40_lr017_eps020,20,2,0.38796100119979204,0.3484087276973239,0.03955227350246815,0.8529597852820398
D_320_40_lr017_eps020,20,3,0.41865958570887735,0.39603778997923983,0.022621795729637517,0.6560563021070869
D_320_40_lr017_eps020,20,4,0.4880495256426961,0.44408172545698243,0.04396780018571367,0.6452366765930534
D_320_40_lr017_eps020,20,5,0.532444300895347,0.48556212504817936,0.04688217584716764,0.8656200386453685
D_320_40_lr017_eps020,20,6,0.5602751254495397,0.5239428663557603,0.03633225909377946,0.859174282532018
D_320_40_lr017_eps020,20,7,0.5851268406602755,0.5585387753556244,0.026588065304651187,0.8772631539508279
D_320_40_lr017_eps020,20,8,0.62309405477719,0.5867490898110432,0.03634496496614681,0.8648683733466861
D_320_40_lr017_eps020,20,9,0.6299192083321775,0.6135681333722066,0.0163510749599709,0.9042288852484572
D_320_40_lr017_eps020,20,10,0.6497203314091925,0.6330537404577428,0.016666590951449733,0.8712354837753078
D_320_40_lr017_eps020,20,11,0.6581707215780993,0.6527758170764452,0.005394904501654141,0.8892393488075452
D_320_40_lr017_eps020,20,12,0.6751197490991157,0.6674304821466427,0.007689266952472962,0.8269097905109835
D_320_40_lr017_eps020,20,13,0.694861075148788,0.681442834701021,0.013418240447767071,0.9672477286731648
D_320_40_lr017_eps020,20,14,0.7174934346096649,0.6899259674447378,0.027567467164927084,0.9387675004677615
D_320_40_lr017_eps020,20,15,0.7366537202569714,0.7030827621594483,0.033570958097523085,0.9322705992969288
D_320_40_lr017_eps020,20,16,0.7436471424293117,0.7189431190315941,0.0247040233977176,0.95215925478184
D_320_40_lr017_eps020,20,17,0.751296185811142,0.7230691029626185,0.028227082848523488,0.9224511092800346
D_320_40_lr017_eps020,20,18,0.7653924778556697,0.731795090342801,0.03359738751286867,0.9583871274378795
D_320_40_lr017_eps020,20,19,0.7668502903034371,0.7402557667682914,0.026594523535145687,0.9812970477077532
D_320_40_lr017_eps020,20,20,0.7688330457914323,0.751661632379845,0.017171413411587344,0.8639706388076448
D_320_40_lr017_eps020,20,21,0.7786350305202403,0.7587102020390502,0.01992482848119015,0.8509514362228264
D_320_40_lr017_eps020,20,22,0.7823958649783614,0.7670364631480532,0.015359401830308261,0.9424613320617171
D_320_40_lr017_eps020,20,23,0.7943429250867996,0.778529152275287,0.01581377281151264,0.951960751962769
D_320_40_lr017_eps020,20,24,0.7960601213671139,0.7800860633656057,0.015974058001508196,0.9728310766147772
D_320_40_lr017_eps020,20,25,0.8072427078663106,0.7886086304203604,0.018634077445950137,0.9500855207145289
D_320_40_lr017_eps020,21,0,0.26409195184164375,0.26409195184164375,0.0,1.0
D_320_40_lr017_eps020,21,1,0.32397772020065,0.30804099521252926,0.015936724988120765,0.7073052432318214
D_320_40_lr017_eps020,21,2,0.39057019047465225,0.35752189021601655,0.0330483002586357,0.7564688433676985
D_320_40_lr017_eps020,21,3,0.4409524449335355,0.40456309820829184,0.03638934672524369,0.7886121233584902
D_320_40_lr017_eps020,21,4,0.4898662101953207,0.44902743896391745,0.040838771231403226,0.9170294400401847
D_320_40_lr017_eps020,21,5,0.53193312238414,0.49278602375111924,0.039147098633020794,0.7102730792203811
D_320_40_lr017_eps020,21,6,0.5628374930705633,0.5262518485832396,0.03658564448732371,0.9720916786654182
D_320_40_lr017_eps020,21,7,0.5820544289739974,0.5547150221156925,0.027339406858304938,0.9053108004051085
D_320_40_lr017_eps020,21,8,0.6090456646304292,0.5867670396268896,0.02227862500353961,0.8931251524661521
D_320_40_lr017_eps020,21,9,0.6278087580020807,0.6111669826906101,0.016641775311470597,0.8915713116199079
D_320_40_lr017_eps020,21,10,0.6457897622391217,0.6301738914315188,0.01561587080760285,0.9193887206511041
D_320_40_lr017_eps020,21,11,0.6646116759552011,0.6487801340109353,0.015831541944265837,0.856748618883224
D_320_40_lr017_eps020,21,12,0.6923312226161528,0.6680130030373732,0.024318219578779554,0.8716785727573894
D_320_40_lr017_eps020,21,13,0.7086237764757498,0.6859769569578805,0.022646819517869288,0.9554551159990379
D_320_40_lr017_eps020,21,14,0.7121271114746506,0.694997310922995,0.017129800551655583,0.9578670199390963
D_320_40_lr017_eps020,21,15,0.7300550035676328,0.7067295247403776,0.02332547882725511,0.9224973046013429
D_320_40_lr017_eps020,21,16,0.7399291664968164,0.7242221873409641,0.015706979155852285,0.8518175866146682
D_320_40_lr017_eps020,21,17,0.7530046889701743,0.73741581980116,0.015588869169014252,0.7798416502588869
D_320_40_lr017_eps020,21,18,0.7598441268566238,0.7456888060593291,0.014155320797294757,0.9186656851720864
D_320_40_lr017_eps020,21,19,0.7740417633003762,0.7564453406836741,0.017596422616702134,0.9479771932971733
D_320_40_lr017_eps020,21,20,0.7834470831285394,0.7613552880735497,0.022091795054989705,0.9830186938391101
D_320_40_lr017_eps020,21,21,0.7838455533958176,0.765765835737497,0.018079717658320615,0.9382653279437061
D_320_40_lr017_eps020,21,22,0.7884547741072488,0.7768759187566714,0.011578855350577455,0.8912003060529146
D_320_40_lr017_eps020,21,23,0.7910062930104443,0.7809898436021013,0.010016449408343009,0.8857510325779616
D_320_40_lr017_eps020,21,24,0.7964073370656592,0.7873339055075684,0.009073431558090816,0.9573033997086533
D_320_40_lr017_eps020,21,25,0.8070038516374135,0.7908241630520303,0.016179688585383212,0.9610046852823702
D_320_40_lr017_eps020,22,0,0.26409195184164375,0.26409195184164375,0.0,1.0
D_320_40_lr017_eps020,22,1,0.3169263577902683,0.3075024817839281,0.009423876006340204,0.8623746859105141
D_320_40_lr017_eps020,22,2,0.3895245098861113,0.3517712462144301,0.03775326367168119,0.8195317952551876
D_320_40_lr017_eps020,22,3,0.43563879435578867,0.3978650927431666,0.03777370161262206,0.7393697216961022
D_320_40_lr017_eps020,22,4,0.49040678002177124,0.44223660636537593,0.04817017365639531,0.7366156675567951
D_320_40_lr017_eps020,22,5,0.523894365345011,0.4862968554900796,0.03759750985493138,0.8297581645835351
D_320_40_lr017_eps020,22,6,0.5542154270050369,0.5198651318710152,0.03435029513402166,0.8075343819770451
D_320_40_lr017_eps020,22,7,0.577359271415345,0.5562870322860558,0.02107223912928924,0.8866865249606412
D_320_40_lr017_eps020,22,8,0.5997525586173833,0.5888943551016124,0.010858203515770937,0.9627436706490995
D_320_40_lr017_eps020,22,9,0.6221796648112418,0.6150979362266173,0.007081728584624414,0.9361788578617541
D_320_40_lr017_eps020,22,10,0.6336417764660316,0.636291741663619,-0.0026499651975874228,0.8736835937939333
D_320_40_lr017_eps020,22,11,0.6457550612241529,0.6462160504738457,-0.0004609892496927337,0.9161231160591456
D_320_40_lr017_eps020,22,12,0.6504990626698275,0.6642980645369035,-0.013799001867076055,0.9228310204010257
D_320_40_lr017_eps020,22,13,0.6642978811646549,0.6849342009449351,-0.020636319780280132,0.8195391225969741
D_320_40_lr017_eps020,22,14,0.6901331493006863,0.6900762064834625,5.694281722379291e-05,0.7503364126161024
D_320_40_lr017_eps020,22,15,0.6916398207511851,0.7008816314050138,-0.009241810653828675,0.796069824092334
D_320_40_lr017_eps020,22,16,0.6954584160306985,0.7172657455889405,-0.02180732955824205,0.7113659580157804
D_320_40_lr017_eps020,22,17,0.7045149811827282,0.7335607296004027,-0.0290457484176746,0.8548458886191378
D_320_40_lr017_eps020,22,18,0.7201345536003546,0.7369773595849888,-0.016842805984634168,0.9255146847753797
D_320_40_lr017_eps020,22,19,0.7209534395357493,0.7448266658470601,-0.023873226311310836,0.9387860550588902
D_320_40_lr017_eps020,22,20,0.7407122199413604,0.7577161112987754,-0.01700389135741498,0.9111660882113161
D_320_40_lr017_eps020,22,21,0.7442987805646518,0.7632524649228255,-0.018953684358173684,0.849626027703657
D_320_40_lr017_eps020,22,22,0.7491678902254536,0.77025507082067,-0.021087180595216415,0.9054064270941913
D_320_40_lr017_eps020,22,23,0.7678054928399013,0.7773830363905176,-0.009577543550616352,0.8494908447484392
D_320_40_lr017_eps020,22,24,0.7726114811741467,0.783900162307682,-0.011288681133535317,0.9688756857188761
D_320_40_lr017_eps020,22,25,0.7722613285307334,0.7861727603389108,-0.013911431808177444,0.8944092339845539
D_320_40_lr017_eps020,23,0,0.26409195184164375,0.26409195184164375,0.0,1.0
D_320_40_lr017_eps020,23,1,0.32083017149091153,0.30515771276902764,0.015672458721883886,0.7909246587369733
D_320_40_lr017_eps020,23,2,0.37517836972957586,0.35470908763253256,0.020469282097043295,0.9002307118199283
D_320_40_lr017_eps020,23,3,0.42285822978957066,0.4033795912632189,0.019478638526351788,0.8913241917447139
D_320_40_lr017_eps020,23,4,0.45816783126407046,0.4493496028314489,0.008818228432621533,0.8908337651475551
D_320_40_lr017_eps020,23,5,0.5061417752148162,0.4951596112900145,0.010982163924801669,0.8270084578583453
D_320_40_lr017_eps020,23,6,0.533501307654215,0.5325132843989563,0.0009880232552587076,0.6831428276437046
D_320_40_lr017_eps020,23,7,0.5694066060217368,0.5640447766707597,0.005361829350977065,0.9189865483868793
D_320_40_lr017_eps020,23,8,0.5979886110631735,0.5899962072573514,0.007992403805822113,0.8016010088730904
D_320_40_lr017_eps020,23,9,0.6199362284838249,0.6137103791564302,0.0062258493273946724,0.9422865233972542
D_320_40_lr017_eps020,23,10,0.6442000399258111,0.6348486929940991,0.009351346931712023,0.847952078636345
D_320_40_lr017_eps020,23,11,0.6764902611433676,0.6545529623350282,0.02193729880833939,0.8931603790081057
D_320_40_lr017_eps020,23,12,0.6889102501652907,0.6720009364992707,0.01690931366602,0.9247214178716149
D_320_40_lr017_eps020,23,13,0.6989984895446029,0.6842645088637547,0.014733980680848191,0.9081872122462997
D_320_40_lr017_eps020,23,14,0.7198170109687677,0.6964318081660825,0.02338520280268519,0.9474464971190321
D_320_40_lr017_eps020,23,15,0.732580995387762,0.7120327118022538,0.020548283585508198,0.970687025930673
D_320_40_lr017_eps020,23,16,0.7440095587575686,0.7208917164741949,0.023117842283373657,0.9178320712115912
D_320_40_lr017_eps020,23,17,0.7406369210690519,0.732885664716716,0.007751256352335867,0.9193927751053551
D_320_40_lr017_eps020,23,18,0.7570247650503429,0.7441271977813926,0.012897567268950305,0.9402157030134973
D_320_40_lr017_eps020,23,19,0.7686649825296659,0.749833768362406,0.018831214167259858,0.955371665390844
D_320_40_lr017_eps020,23,20,0.7685930393703219,0.7558436163672104,0.012749423003111438,0.9356152448484908
D_320_40_lr017_eps020,23,21,0.7826692312993285,0.7606522809497522,0.022016950349576292,0.923369839948562
D_320_40_lr017_eps020,23,22,0.7864174839343177,0.7676605233572652,0.01875696057705245,0.9602080391262365
D_320_40_lr017_eps020,23,23,0.7923834356509173,0.776766617540283,0.015616818110634312,0.9412001078071995
D_320_40_lr017_eps020,23,24,0.7987469407229225,0.7837004814308464,0.015046459292076153,0.9624473802924894
D_320_40_lr017_eps020,23,25,0.7932202511692746,0.788066753458496,0.005153497710778665,0.914643555972408
D_320_40_lr017_eps020,24,0,0.26409195184164375,0.26409195184164375,0.0,1.0
D_320_40_lr017_eps020,24,1,0.3268457697435357,0.30977726734852307,0.01706850239501262,0.8061373125002633
D_320_40_lr017_eps020,24,2,0.38164552677534874,0.35394644866150154,0.027699078113847198,0.849897528493347
D_320_40_lr017_eps020,24,3,0.4311118630613091,0.40620414547071737,0.024907717590591738,0.7695010522207043
D_320_40_lr017_eps020,24,4,0.4802447861140526,0.4513156409807247,0.028929145133327894,0.7625707359349514
D_320_40_lr017_eps020,24,5,0.5125160214901473,0.48877633592855174,0.023739685561595558,0.835138985748176
D_320_40_lr017_eps020,24,6,0.5636414901551918,0.5247136389607929,0.0389278511943989,0.9053898521006716
D_320_40_lr017_eps020,24,7,0.5845973920486303,0.5561948307058436,0.028402561342786625,0.9223968062283077
D_320_40_lr017_eps020,24,8,0.6104680483181952,0.5837750802175338,0.026692968100661463,0.8490155615203876
D_320_40_lr017_eps020,24,9,0.6215509852826568,0.6059886773660113,0.01556230791664559,0.8258670869169824
D_320_40_lr017_eps020,24,10,0.6595059722344002,0.6243258695259765,0.035180102708423755,0.8856897549186438
D_320_40_lr017_eps020,24,11,0.6704307877501009,0.6435892926526494,0.026841495097451484,0.9582782728679241
D_320_40_lr017_eps020,24,12,0.6798857970681662,0.6619383792627701,0.017947417805396104,0.9550301051852669
D_320_40_lr017_eps020,24,13,0.7052998122334436,0.6808885223399108,0.024411289893532806,0.9302810961555219
D_320_40_lr017_eps020,24,14,0.7111171061565283,0.6941749298387122,0.016942176317816138,0.9425550151074854
D_320_40_lr017_eps020,24,15,0.7147145532705022,0.6988427443113888,0.01587180895911333,0.939921242556494
D_320_40_lr017_eps020,24,16,0.734902787604599,0.7136168582955364,0.02128592930906259,0.9294051547059331
D_320_40_lr017_eps020,24,17,0.7392665331793978,0.7257506158202678,0.013515917359130047,0.9515062074242324
D_320_40_lr017_eps020,24,18,0.7522946028428139,0.731936580824204,0.020358022018609923,0.9014124390094012
D_320_40_lr017_eps020,24,19,0.7642743790280577,0.7408261848078944,0.02344819422016331,0.9076599269741227
D_320_40_lr017_eps020,24,20,0.7708943854914696,0.7484548180977291,0.022439567393740534,0.9626692395675766
D_320_40_lr017_eps020,24,21,0.780236889172114,0.7603001597226672,0.0199367294494468,0.984987655579265
D_320_40_lr017_eps020,24,22,0.7829374029715215,0.7661430144014323,0.01679438857008919,0.9305075720200604
D_320_40_lr017_eps020,24,23,0.7840608780255868,0.7752215102002442,0.008839367825342559,0.9631779116312711
D_320_40_lr017_eps020,24,24,0.7927512066975037,0.7793630121848334,0.01338819451267026,0.9562051002579963
D_320_40_lr017_eps020,24,25,0.7965684768457965,0.786103036133891,0.010465440711905472,0.953240188181049
D_320_40_lr017_eps020,25,0,0.26409195184164375,0.26409195184164375,0.0,1.0
D_320_40_lr017_eps020,25,1,0.3153938527013844,0.306506443873352,0.008887408828032406,0.7718292439528969
D_320_40_lr017_eps020,25,2,0.3812927817232504,0.3557830280161561,0.025509753707094296,0.853056166297223
D_320_40_lr017_eps020,25,3,0.4472258392858651,0.4060591299253256,0.04116670936053951,0.8295894857891296
D_320_40_lr017_eps020,25,4,0.49703875421821636,0.4513233303771711,0.045715423841045266,0.9339643511045027
D_320_40_lr017_eps020,25,5,0.53481391642036,0.49454553983029403,0.04026837659006599,0.9523155576910366
D_320_40_lr017_eps020,25,6,0.5488459319415124,0.5210522332504632,0.027793698691049196,0.900905732060361
D_320_40_lr017_eps020,25,7,0.5784562063686949,0.5511292641933965,0.027326942175298408,0.9471747656474707
D_320_40_lr017_eps020,25,8,0.6037412772040569,0.5776330597522635,0.02610821745179337,0.986615963001725
D_320_40_lr017_eps020,25,9,0.6207085283231674,0.5934678220405527,0.027240706282614657,0.9408293448538609
D_320_40_lr017_eps020,25,10,0.6335873589225286,0.6225646896992699,0.011022669223258674,0.9752857576405132
D_320_40_lr017_eps020,25,11,0.6416840675640887,0.6423157264774213,-0.0006316589133326111,0.9815791293567764
D_320_40_lr017_eps020,25,12,0.6537718724148148,0.6573914326120343,-0.003619560197219429,0.9709896181554731
D_320_40_lr017_eps020,25,13,0.6543279837359909,0.6684766243612131,-0.014148640625222253,0.715287954543628
D_320_40_lr017_eps020,25,14,0.6772420339303622,0.677973513001504,-0.000731479071141794,0.7309366827935843
D_320_40_lr017_eps020,25,15,0.6769873264662857,0.6887394665534469,-0.01175214008716119,0.963809436906302
D_320_40_lr017_eps020,25,16,0.6846203432165927,0.6987563511438761,-0.014136007927283423,0.7124315009226292
D_320_40_lr017_eps020,25,17,0.7080442126698471,0.703548435436138,0.004495777233709086,0.9056490454495102
D_320_40_lr017_eps020,25,18,0.711587557326683,0.7161732632268915,-0.004585705900208459,0.9058264374706162
D_320_40_lr017_eps020,25,19,0.7204616308386951,0.7213600238157617,-0.0008983929770666199,0.952230678207479
D_320_40_lr017_eps020,25,20,0.7257900875964927,0.7270460504929482,-0.0012559628964555758,0.9518023511792808
D_320_40_lr017_eps020,25,21,0.7280585307404943,0.7313913127352543,-0.003332781994759948,0.9178791413779643
D_320_40_lr017_eps020,25,22,0.7378372988724327,0.7384239383872256,-0.0005866395147929859,0.9032084962969977
D_320_40_lr017_eps020,25,23,0.7417435346441447,0.7443003493102304,-0.002556814666085705,0.8775580642537048
D_320_40_lr017_eps020,25,24,0.7477289050798269,0.7449891653145043,0.002739739765322602,0.9350709170737594
D_320_40_lr017_eps020,25,25,0.7707288800809265,0.7538612714941664,0.016867608586760174,0.6834067579353236
D_320_40_lr017_eps020,26,0,0.26409195184164375,0.26409195184164375,0.0,1.0
D_320_40_lr017_eps020,26,1,0.31345967492747895,0.3009985782402161,0.012461096687262863,0.7952439275448409
D_320_40_lr017_eps020,26,2,0.3643458935154903,0.3471623656462472,0.017183527869243098,0.8811090321402271
D_320_40_lr017_eps020,26,3,0.4186513310496463,0.3952281720199108,0.02342315902973552,0.8856297405792058
D_320_40_lr017_eps020,26,4,0.47237244768878617,0.44215930282050936,0.03021314486827681,0.768876627618259
D_320_40_lr017_eps020,26,5,0.5187652646788389,0.4818631555236132,0.03690210915522568,0.8428433577494485
D_320_40_lr017_eps020,26,6,0.5514474637199483,0.5202772794121182,0.03117018430783014,0.8237048319896606
D_320_40_lr017_eps020,26,7,0.5718068769430353,0.5566062983702541,0.015200578572781231,0.7979352988291731
D_320_40_lr017_eps020,26,8,0.6136930951586818,0.58267502332701,0.031018071831671712,0.9245843708493364
D_320_40_lr017_eps020,26,9,0.6297910334287768,0.6069244547582465,0.022866578670530324,0.8995369429383298
D_320_40_lr017_eps020,26,10,0.6618256029687403,0.6302019876727624,0.0316236152959779,0.8900843306022291
D_320_40_lr017_eps020,26,11,0.6854466735629876,0.645600677160637,0.03984599640235065,0.9670653176997868
D_320_40_lr017_eps020,26,12,0.6788754987826006,0.6576960961090802,0.021179402673520364,0.8690667841018745
D_320_40_lr017_eps020,26,13,0.713670441015251,0.675551717971131,0.038118723044120006,0.8861655407425421
D_320_40_lr017_eps020,26,14,0.7007898599266348,0.688963184019651,0.01182667590698383,0.8317435263564954
D_320_40_lr017_eps020,26,15,0.7267321906273086,0.7035599025982249,0.023172288029083776,0.7709756176030688
D_320_40_lr017_eps020,26,16,0.736168298067998,0.7110481890863526,0.025120108981645406,0.9250824714716386
D_320_40_lr017_eps020,26,17,0.7478100558664506,0.7239431458421569,0.02386691002429364,0.9389554949523414
D_320_40_lr017_eps020,26,18,0.7607643088391164,0.738945246909162,0.02181906192995442,0.9423874831568436
D_320_40_lr017_eps020,26,19,0.7665987275954668,0.7443442810390709,0.022254446556395857,0.9452398119489844
D_320_40_lr017_eps020,26,20,0.7729319153997047,0.7506763434798039,0.022255571919900796,0.9096327963203061
D_320_40_lr017_eps020,26,21,0.7801354022863864,0.7606026806154211,0.019532721670965314,0.9244841223584847
D_320_40_lr017_eps020,26,22,0.7859954824562162,0.7624695584972564,0.023525923958959805,0.9347136665437309
D_320_40_lr017_eps020,26,23,0.7892662713864647,0.7734344322449157,0.015831839141548953,0.9420590635853653
D_320_40_lr017_eps020,26,24,0.7924573842558742,0.7758149242138426,0.016642460042031626,0.9232211158489102
D_320_40_lr017_eps020,26,25,0.8037948151376031,0.7820599126273656,0.021734902510237464,0.8936048536217641
D_320_40_lr017_eps020,27,0,0.26409195184164375,0.26409195184164375,0.0,1.0
D_320_40_lr017_eps020,27,1,0.3270534675285355,0.3118373403116735,0.015216127216861997,0.807294168518963
D_320_40_lr017_eps020,27,2,0.37221814107810736,0.3540737518985379,0.018144389179569453,0.917518461766792
D_320_40_lr017_eps020,27,3,0.43244547617716156,0.39780652554753015,0.034638950629631404,0.8760357720167529
D_320_40_lr017_eps020,27,4,0.4820007497786914,0.44025843088225264,0.04174231889643876,0.9407019547975618
D_320_40_lr017_eps020,27,5,0.5353655283811416,0.48362328716920333,0.05174224121193827,0.8679417827234546
D_320_40_lr017_eps020,27,6,0.5619204492313004,0.5264392510081088,0.03548119822319151,0.9277359222642648
D_320_40_lr017_eps020,27,7,0.6011051436567032,0.5575043558072945,0.043600787849408684,0.9276805463758988
D_320_40_lr017_eps020,27,8,0.6171138473320146,0.5821601122038914,0.034953735128123165,0.8932970461470995
D_320_40_lr017_eps020,27,9,0.6307283493176427,0.600290965270889,0.030437384046753668,0.9248010203783708
D_320_40_lr017_eps020,27,10,0.6501050137458243,0.6237969942135602,0.026308019532264137,0.8035387946930002
D_320_40_lr017_eps020,27,11,0.6786796130328386,0.6482346280155246,0.030444985017314075,0.9307552846713666
D_320_40_lr017_eps020,27,12,0.6899852213603859,0.6650329335696905,0.02495228779069536,0.9132045033050389
D_320_40_lr017_eps020,27,13,0.7169330333497352,0.6826265894576667,0.034306443892068494,0.9223372601794269
D_320_40_lr017_eps020,27,14,0.7268523142217141,0.6957069103136118,0.031145403908102387,0.969143082830288
D_320_40_lr017_eps020,27,15,0.7305496342336215,0.704436848521369,0.026112785712252506,0.8811075951056277
D_320_40_lr017_eps020,27,16,0.745855434726124,0.7213375813320869,0.024517853394037115,0.8871280169986312
D_320_40_lr017_eps020,27,17,0.7438148544558132,0.7282958190024007,0.015519035453412489,0.8715170632257621
D_320_40_lr017_eps020,27,18,0.7612282566620991,0.7394762071613374,0.021752049500761705,0.9392157784321906
D_320_40_lr017_eps020,27,19,0.7695920837215946,0.7496386886134121,0.019953395108182503,0.9286771989503843
D_320_40_lr017_eps020,27,20,0.7815875231628234,0.7559727817593135,0.025614741403509944,0.9607386352882133
D_320_40_lr017_eps020,27,21,0.7843674017742137,0.7649838002428944,0.01938360153131935,0.9614168251880539
D_320_40_lr017_eps020,27,22,0.7904752671749692,0.7730185343243811,0.01745673285058813,0.9511336083999018
D_320_40_lr017_eps020,27,23,0.8013088255329871,0.774350913978485,0.026957911554502112,0.9510890805824569
D_320_40_lr017_eps020,27,24,0.798637613842121,0.7860460928357428,0.01259152100637817,0.9223303173477436
D_320_40_lr017_eps020,27,25,0.7960786837889904,0.7862550649339274,0.009823618855062999,0.9437960567597143
D_320_40_lr017_eps020,28,0,0.26409195184164375,0.26409195184164375,0.0,1.0
D_320_40_lr017_eps020,28,1,0.32493763216965893,0.3090243347757238,0.015913297393935155,0.8061088423421576
D_320_40_lr017_eps020,28,2,0.3814749780135794,0.35408046063799753,0.02739451737558185,0.8778786784380854
D_320_40_lr017_eps020,28,3,0.43423417200221653,0.3970287251010203,0.03720544690119626,0.7802092738398815
D_320_40_lr017_eps020,28,4,0.4830959352828813,0.4426130991920541,0.0404828360908272,0.8943085682537106
D_320_40_lr017_eps020,28,5,0.5164949516993751,0.4831992785386488,0.03329567316072629,0.733193160585163
D_320_40_lr017_eps020,28,6,0.5649237044170595,0.5253294944960416,0.03959420992101792,0.8914847606451085
D_320_40_lr017_eps020,28,7,0.5874259107388196,0.5527743309523409,0.0346515797864787,0.9376567105150643
D_320_40_lr017_eps020,28,8,0.6189649810806279,0.5792065315868277,0.03975844949380025,0.8423208818452262
D_320_40_lr017_eps020,28,9,0.6435758455903916,0.6051176921672705,0.03845815342312109,0.9536302813005736
D_320_40_lr017_eps020,28,10,0.6561265974722492,0.6270564286672967,0.0290701688049525,0.9445707986711828
D_320_40_lr017_eps020,28,11,0.6705839995781617,0.6467338916440434,0.023850107934118348,0.8455437987230611
D_320_40_lr017_eps020,28,12,0.682048467891617,0.6549103827026322,0.02713808518898475,0.8753147709026861
D_320_40_lr017_eps020,28,13,0.6800633658303515,0.6698252147889251,0.010238151041426446,0.9567318666770332
D_320_40_lr017_eps020,28,14,0.6800041373081769,0.6789624189815002,0.001041718326676655,0.9649234128474615
D_320_40_lr017_eps020,28,15,0.7144470672191974,0.6948108139151071,0.019636253304090245,0.9026976834100432
D_320_40_lr017_eps020,28,16,0.7197748095329158,0.7032491846218462,0.01652562491106968,0.9189592885056131
D_320_40_lr017_eps020,28,17,0.7402932928187831,0.7132077080869387,0.027085584731844414,0.7576256347513095
D_320_40_lr017_eps020,28,18,0.746718026842819,0.720115545212255,0.026602481630564,0.9616044505641238
D_320_40_lr017_eps020,28,19,0.7580323969489321,0.7351054304021426,0.022926966546789496,0.9061491222973418
D_320_40_lr017_eps020,28,20,0.7678535819202716,0.744923417793599,0.022930164126672592,0.918385306583344
D_320_40_lr017_eps020,28,21,0.7781759573591447,0.7534270246635377,0.024748932695606962,0.9508289054440825
D_320_40_lr017_eps020,28,22,0.7876275427673637,0.7618321019404753,0.02579544082688834,0.9915632620411734
D_320_40_lr017_eps020,28,23,0.7933244221964624,0.7668761437134654,0.026448278482997023,0.9572017866067754
D_320_40_lr017_eps020,28,24,0.7976086560567969,0.7733361034775308,0.024272552579266082,0.9476232454328385
D_320_40_lr017_eps020,28,25,0.8007622130126358,0.7724430164792634,0.028319196533372448,0.979706952668929
D_320_40_lr017_eps020,29,0,0.26409195184164375,0.26409195184164375,0.0,1.0
D_320_40_lr017_eps020,29,1,0.3196630268477421,0.3070204830589435,0.012642543788798588,0.8448533880640736
D_320_40_lr017_eps020,29,2,0.37208346382747864,0.3529670756111408,0.01911638821633782,0.8273193365961159
D_320_40_lr017_eps020,29,3,0.4324849614989592,0.3997936869212386,0.032691274577720586,0.7476674281266874
D_320_40_lr017_eps020,29,4,0.47935918684599976,0.44494433507325976,0.03441485177274001,0.8235056665049723
D_320_40_lr017_eps020,29,5,0.5124984387076255,0.4827377259935162,0.02976071271410924,0.8868458732848908
D_320_40_lr017_eps020,29,6,0.5497842959328468,0.5239316421329545,0.025852653799892322,0.9195252816710968
D_320_40_lr017_eps020,29,7,0.57604023435902,0.556364760010552,0.019675474348467947,0.9378969704859828
D_320_40_lr017_eps020,29,8,0.6051609425543727,0.5771354622918632,0.028025480262509506,0.808373122015759
D_320_40_lr017_eps020,29,9,0.6244121921142378,0.6024364362882818,0.02197575582595601,0.9539664728253502
D_320_40_lr017_eps020,29,10,0.6292297633906621,0.6208572874868857,0.008372475903776322,0.9129225445340975
D_320_40_lr017_eps020,29,11,0.6527207845877129,0.6399047947223937,0.012815989865319177,0.9152848850165374
D_320_40_lr017_eps020,29,12,0.6713578835948146,0.652680818691508,0.018677064903306673,0.8576763007948506
D_320_40_lr017_eps020,29,13,0.676628262225175,0.6682347127914378,0.008393549433737268,0.9690120537104122
D_320_40_lr017_eps020,29,14,0.6977073999967874,0.6821587008428586,0.015548699153928869,0.8653538273598697
D_320_40_lr017_eps020,29,15,0.7030553473741531,0.697403504968905,0.005651842405248075,0.9386845255256079
D_320_40_lr017_eps020,29,16,0.7131237203981233,0.7120461712128427,0.0010775491852805796,0.9293642747938031
D_320_40_lr017_eps020,29,17,0.7217670158293593,0.7173586982126999,0.004408317616659385,0.9516134551501205
D_320_40_lr017_eps020,29,18,0.7284178057648938,0.7293834485670506,-0.0009656428021568297,0.924530697232845
D_320_40_lr017_eps020,29,19,0.7487666788008033,0.7386339628899471,0.010132715910856183,0.8483842070035428
D_320_40_lr017_eps020,29,20,0.752415487631137,0.7449213734743404,0.007494114156796572,0.8966449498620372
D_320_40_lr017_eps020,29,21,0.7627248390909764,0.7598985002723563,0.0028263388186201555,0.9394669180396175
D_320_40_lr017_eps020,29,22,0.7726536392344433,0.7657116737780695,0.006941965456373822,0.9638408815790186
D_320_40_lr017_eps020,29,23,0.785542556028744,0.7701502294415777,0.015392326587166272,0.9646020991699973
D_320_40_lr017_eps020,29,24,0.7793449094494111,0.7758088472232152,0.0035360622261959573,0.9383925326306497
D_320_40_lr017_eps020,29,25,0.7915077300188901,0.7826891959338939,0.008818534084996221,0.9514351573600719
