batch_size,path_scale,population_rho,population_value,signal_sq,raw_mse,ppo_mse,raw_relative_risk,ppo_relative_risk,raw_certificate,ppo_certificate,raw_certified,ppo_certified,ppo_only_certified
160,0.0,1.0,0.26409195184164375,0.00904281695326705,0.013523662835072323,0.013523662835072323,1.495514385059669,1.495514385059669,-0.00038087189995344815,-0.00038087189995344815,0.0,0.0,0.0
160,0.0125,0.9991113423992675,0.27493997055625136,0.009476833828209602,0.013784760455315126,0.013784760455315126,1.454574460753143,1.454574460753143,-0.00036617376330396953,-0.00036617376330396953,0.0,0.0,0.0
160,0.025,0.9964458593499054,0.28597265538016053,0.009895138155650449,0.014043957148372473,0.014043957148372473,1.4192785312808303,1.4192785312808303,-0.00035264961438137213,-0.00035264961438137213,0.0,0.0,0.0
160,0.037500000000000006,0.9920219470317241,0.29717412123969494,0.010293303458718516,0.014298600210919322,0.014276318411710284,1.3891167464618255,1.3869520576135468,-0.0003404502239370685,-0.0003385562710043002,0.0,0.0,0.0
160,0.05,0.9858816255429677,0.308527610500356,0.010667033250135856,0.014546080294922287,0.014079018056104148,1.3636481628794987,1.319862582778097,-0.0003297189988068467,-0.0002900187085073048,0.0,0.0,0.0
160,0.0625,0.9780899059271021,0.32001561518908384,0.011012258861536787,0.014783877292858067,0.013818809795392548,1.3424927145959717,1.2548569706854948,-0.0003205875666623088,-0.00023855682937773976,0.0,0.0,0.0
160,0.07500000000000001,0.9687333045860657,0.3316200088243894,0.011325232576600258,0.015009604177147317,0.012321698790062945,1.3253241446148805,1.0879863796812037,-0.0003131715860465,-8.469962814432835e-05,0.0,0.0,0.0
160,0.08750000000000001,0.9579175805678947,0.34332218545606213,0.01160261247170926,0.01522104728810085,0.011726459007623272,1.3118638000893719,1.0106740215805696,-0.0003075669593932852,-1.0526955552690975e-05,0.0,0.0,0.0
160,0.1,0.945764824434929,0.35510320336220125,0.011841535767046728,0.015416201750580841,0.01141068800369769,1.3018752004686662,0.9636155502271906,-0.0003038466086003996,3.662205988466826e-05,0.0,1.0,1.0
160,0.1125,0.9324100679561346,0.36694393078455523,0.012039678067817843,0.015593300952928818,0.011347690888618724,1.295159294550395,0.9425244449808997,-0.00030205794523443293,5.881891023192511e-05,0.0,1.0,1.0
160,0.125,0.9179976078306635,0.378825191103528,0.012195296585101156,0.015750839322073627,0.011393510515701429,1.2915503294373532,0.9342544837835876,-0.00030222113264266007,6.815181589897687e-05,0.0,1.0,1.0
160,0.1375,0.9026772425337433,0.3907279049571117,0.01230725621557245,0.015887587953280068,0.01145018077985168,1.2909122614330075,0.9303601533348833,-0.00030432819770514753,7.285141203626537e-05,0.0,1.0,1.0
160,0.15000000000000002,0.8866006101110279,0.4026332269848695,0.012375038172766027,0.016002602978847487,0.011528480935590005,1.2931356457602456,0.9315915453869827,-0.00030834300851692413,7.195736515996183e-05,0.0,1.0,1.0
160,0.1625,0.8699177893129011,0.4145226751172129,0.012398731645526224,0.01609522686636846,0.01161513412848355,1.298134948519192,0.9368001873542108,-0.0003142020937715901,6.660578894862737e-05,0.0,1.0,1.0
160,0.17500000000000002,0.852774291188516,0.426378250617731,0.012379009664448545,0.016165083106727512,0.011645806665133393,1.3058462304260288,0.9407704639393853,-0.0003218162425937123,6.232225494178793e-05,0.0,1.0,1.0
160,0.1875,0.835308528014389,0.4381825474072605,0.012317090947105019,0.016212064972369666,0.011650672636179341,1.3162251575466457,0.9458948290803754,-0.000331072792147495,5.6645556428682614e-05,0.0,1.0,1.0
160,0.2,0.817649805840848,0.44991884953762884,0.012214689942493433,0.016236319190124197,0.01160775862508781,1.329245299435723,0.9503113611345809,-0.00034183848604861495,5.158916197947791e-05,0.0,1.0,1.0
160,0.21250000000000002,0.7999168498088296,0.46157121602621365,0.012073957591951175,0.016238225477618287,0.011534868988256095,1.3448966798130155,0.9553511266219412,-0.0003539627702817045,4.582253131408181e-05,0.0,1.0,1.0
160,0.225,0.7822168403773045,0.47312455259673075,0.011897415467281732,0.016218372940026416,0.011468745920922844,1.3631845491676284,0.9639695236719485,-0.00036728138518329814,3.643691144050551e-05,0.0,1.0,1.0
160,0.23750000000000002,0.7646449151365986,0.4845646701860775,0.01168788594699981,0.016177534320035786,0.011344373597618933,1.384128352500602,0.9706095395746863,-0.000381620111708058,2.9198549697374574e-05,0.0,1.0,1.0
160,0.25,0.7472840752847211,0.49587833036294354,0.011448420966449942,0.016116639046394522,0.011170620250398786,1.4077608688241794,0.9757345823615972,-0.0003967985367952894,2.3613060864348245e-05,0.0,1.0,1.0
160,0.2625,0.7302054275685712,0.5070532780549707,0.011182231650621521,0.016036745944603782,0.01097281975255274,1.4341275020637263,0.9812727991503252,-0.0004126337149884922,1.7800011335846337e-05,0.0,1.0,1.0
160,0.275,0.7134686904274344,0.5180782621935649,0.010892620836175933,0.0159390163670505,0.010731447195445314,1.46328570568754,0.98520341034957,-0.00042894362012433837,1.3699759462102568e-05,0.0,1.0,1.0
160,0.28750000000000003,0.6971228958261949,0.5289430450571967,0.01058292013843124,0.015824688378674793,0.01049499361777282,1.4953045257526216,0.9916916579253849,-0.00044555030042070206,7.473754255965657e-06,0.0,1.0,1.0
160,0.30000000000000004,0.6812072243839136,0.5396384012252888,0.010256432845268818,0.0156950525067383,0.010223760746900797,1.5302642491320226,0.9968144774249565,-0.00046228267122490617,2.7771283612818086e-06,0.0,1.0,1.0
160,0.3125,0.6657519195599946,0.5501561071471701,0.009916383545654947,0.015551429436718691,0.009931000235260463,1.568256145511117,1.0014739939755477,-0.00047897890074041825,-1.2424186164688034e-06,0.0,0.0,0.0
160,0.325,0.650779235740415,0.5604889223869394,0.009565875044339915,0.015395149916604286,0.009630629696985738,1.6093822933337945,1.006769339171343,-0.0004954883641424716,-5.5041454748949555e-06,0.0,0.0,0.0
160,0.3375,0.6363043842118142,0.5706305636290976,0.00920785279057756,0.015227537023152132,0.0093017086316779,1.6537554812707846,1.010193021460593,-0.0005116731597688386,-7.977746493528816e-06,0.0,0.0,0.0
160,0.35000000000000003,0.6223364496176734,0.5805756725257354,0.00884507676724903,0.015049890848771438,0.008962318448770955,1.7014991779943829,1.0132550213646578,-0.0005274091969294047,-9.965542929363585e-06,0.0,0.0,0.0
160,0.36250000000000004,0.608879257180744,0.5903197784383677,0.008480100553275149,0.01486347558805908,0.008651348538411992,1.7527475640979955,1.0201940984143996,-0.0005425868779566342,-1.4556078736631656e-05,0.0,0.0,0.0
160,0.375,0.5959321775560316,0.5998592570807411,0.00811525708871039,0.0146695089389968,0.00831348292523222,1.8076456209137741,1.024426316302116,-0.0005571114072743449,-1.684919610435547e-05,0.0,0.0,0.0
160,0.3875,0.5834908615946968,0.6091912860074207,0.007752650537462344,0.014469153684909992,0.007980716335326496,1.86634927177385,1.0294177838614151,-0.0005709027675330501,-1.938559281845291e-05,0.0,0.0,0.0
160,0.4,0.571547901593196,0.6183137978207707,0.00739415355389237,0.014263511288342778,0.007664340559730222,1.9290255719445124,1.0365406268437072,-0.0005838954074282848,-2.2965895496217402e-05,0.0,0.0,0.0
160,0.41250000000000003,0.5600934188760158,0.627225431889693,0.007041409211715501,0.014053617305467156,0.007334472373701335,1.9958529440505657,1.0416199588994537,-0.0005960376879688907,-2.4910368768795902e-05,0.0,0.0,0.0
160,0.42500000000000004,0.5491155799483926,0.6359254852904084,0.006695836840728666,0.013840438417731327,0.0070026117663522175,2.0670214563091354,1.0458157707424316,-0.0006072911340452262,-2.607586867800191e-05,0.0,0.0,0.0
160,0.4375,0.5386010451024024,0.6444138635953246,0.006358641032606854,0.013624870874306649,0.006686773630898006,2.1427331413172817,1.0516042023143783,-0.0006176295365444826,-2.7891270854747916e-05,0.0,0.0,0.0
160,0.45,0.5285353544076004,0.6526910320529007,0.006030823114969968,0.013407740142698157,0.0063843874619738256,2.2232023534924923,1.0586262173941439,-0.000627037947356896,-3.005296949532791e-05,0.0,0.0,0.0
160,0.4625,0.5189032565961873,0.6607579676211354,0.005713194447128296,0.013189801573952905,0.006079510658287472,2.308656163555344,1.0641175815997832,-0.0006355116057800918,-3.1136877948529985e-05,0.0,0.0,0.0
160,0.47500000000000003,0.5096889865763955,0.6686161122412354,0.0054063909559273135,0.012971741901724024,0.005781966247005715,2.3993347886731007,1.0694687628290438,-0.0006430548303927204,-3.192389974166412e-05,0.0,0.0,0.0
160,0.48750000000000004,0.5008764972724606,0.6762673276671338,0.005110888401215201,0.01275418140972806,0.005491660589983585,2.4954920570551953,1.0745021528307777,-0.0006496799057235931,-3.236563604531267e-05,0.0,0.0,0.0
160,0.5,0.49244965127361556,0.6837138521014535,0.0048270179337187415,0.012537676618785807,0.005218305962262743,2.5973959059080527,1.0810620623160918,-0.0006554059882307006,-3.3259482426240125e-05,0.0,0.0,0.0
160,0.5125000000000001,0.4843923774402011,0.6909582588296213,0.004554981580396645,0.012322723361793929,0.0049552980415187185,2.705328911718864,1.0878854182078195,-0.0006602580514187691,-3.402689919537622e-05,0.0,0.0,0.0
160,0.525,0.47668879721023333,0.6980034169912464,0.004294867361259015,0.01210976013196272,0.004705779752075033,2.819588851845896,1.0956752225976918,-0.0006642658855098149,-3.4927553219361515e-05,0.0,0.0,0.0
160,0.5375,0.46932332491055095,0.7048524545815487,0.004046663805497127,0.011899171605976169,0.0044661565065430295,2.9404892963462705,1.103663837968464,-0.0006674631630407186,-3.5656879588901706e-05,0.0,0.0,0.0
160,0.55,0.46228074592912205,0.7115087237353186,0.0038102736924547588,0.011691292259037084,0.004233218303746572,3.068360228869806,1.1110011105315987,-0.0006698865781594978,-3.5950291959804104e-05,0.0,0.0,0.0
160,0.5625,0.4555462761674311,0.7179757683113571,0.0035855268938863906,0.011486410002828256,0.0040140952188586305,3.2035486952875742,1.119527293381339,-0.0006715750642600585,-3.64283076226404e-05,0.0,0.0,0.0
160,0.5750000000000001,0.44910560577621966,0.7242572937661381,0.0033721922378879554,0.011284769790129373,0.003807619427356937,3.3464194785043335,1.129122884685155,-0.0006725690919405205,-3.7011311104863444e-05,0.0,0.0,0.0
160,0.5875,0.44294492979165695,0.7303571392811915,0.003169988351963979,0.011086577141133615,0.0036119136032687453,3.4973557976214273,1.1394091088792075,-0.0006729100470794191,-3.7563646360905126e-05,0.0,0.0,0.0
160,0.6000000000000001,0.4370509679362457,0.7362792520889067,0.0029785934732506313,0.010892001556422606,0.0034234599116652197,3.6567600292683875,1.149354533409721,-0.0006726396870696179,-3.781364726524002e-05,0.0,0.0,0.0
160,0.6125,0.4314109755309218,0.742027663925696,0.0027976542384462377,0.01070117979014034,0.003246597960340737,3.8250544485023874,1.1604714820455562,-0.0006717996718939987,-3.8160216361032444e-05,0.0,0.0,0.0
160,0.625,0.4260127471816213,0.7476064695292359,0.0026267934851032116,0.010514218964240606,0.003073539694323551,4.002681986181142,1.1700728328107552,-0.0006704311657266786,-3.7973427783728854e-05,0.0,0.0,0.0
160,0.6375000000000001,0.4208446146536578,0.7530198070874139,0.0024656171102527625,0.010331199510871032,0.0029161163268186796,4.190106999140645,1.182712560961963,-0.0006685745040525531,-3.829243340810296e-05,0.0,0.0,0.0
160,0.65,0.4158954401284393,0.758271840540209,0.002313720042519553,0.010152177935111178,0.0027637727140987865,4.3878160488491265,1.1945147482446248,-0.0006662689208702883,-3.8254477084234846e-05,0.0,0.0,0.0
160,0.6625000000000001,0.41115460584680363,0.7633667436316581,0.0021706913905747303,0.00997718939451577,0.0026215381532346278,4.5963186834560235,1.2076973099987869,-0.0006635523303349884,-3.832197482609128e-05,0.0,0.0,0.0
160,0.675,0.40661200097885625,0.768308685606942,0.0020361188345718903,0.0098062500953393,0.0024843216430130055,4.816148217302424,1.220126055921168,-0.0006604611571652298,-3.80972387174948e-05,0.0,0.0,0.0
160,0.6875,0.4022580064189053,0.7731018184491358,0.0019095923286598395,0.009639359508039829,0.002362545596478871,5.047862501000292,1.2371989356162296,-0.0006570302102472991,-3.850102776461767e-05,0.0,0.0,0.0
160,0.7000000000000001,0.39808347808326483,0.7777502655510481,0.0017907071822605696,0.009476502406778279,0.0022418833266961897,5.292044674113186,1.2519541714609421,-0.0006532925940840054,-3.834997227702771e-05,0.0,0.0,0.0
160,0.7125,0.3940797291858359,0.7822581117195176,0.0016790665859704773,0.009317650739233518,0.00212758409289659,5.549303891273642,1.2671231210684093,-0.0006492796530273585,-3.812398808871956e-05,0.0,0.0,0.0
160,0.7250000000000001,0.39023851187919173,0.7866293944123814,0.0015742836450584438,0.009162765334225428,0.002018555369540316,5.820276011242732,1.28220564056319,-0.0006450209435791938,-3.776309658095913e-05,0.0,0.0,0.0
160,0.7375,0.38655199857528394,0.7908680961118102,0.0014759829799081228,0.009011797455449392,0.001916498627416663,6.105624236947746,1.2984557772718772,-0.000640544230421008,-3.744383003822593e-05,0.0,0.0,0.0
160,0.75,0.3830127631979974,0.7949781377417252,0.0013838019486426428,0.008864690210139964,0.0018262022717828485,6.406039692916496,1.319699161844765,-0.0006358755022272724,-3.760402746691749e-05,0.0,0.0,0.0
160,0.7625000000000001,0.3796137625679421,0.7989633730413617,0.0012973915427884409,0.008721379821753602,0.0017366045409834068,6.722241924753901,1.338535425667243,-0.0006310390037120387,-3.733310484657211e-05,0.0,0.0,0.0
160,0.775,0.37634831807662733,0.8028275838116454,0.001216417002348307,0.008581796775838155,0.0016531880962040186,7.054979303372855,1.3590636212849048,-0.0006260572807466372,-3.7125542977735495e-05,0.0,0.0,0.0
160,0.7875000000000001,0.373210097771237,0.8065744759557846,0.0011405581921919922,0.008445866848180434,0.0015704049728043434,7.405029314592592,1.3768740460197355,-0.0006209512357590176,-3.653697635204986e-05,0.0,0.0,0.0
160,0.8,0.37019309894150987,0.8102076762402578,0.0010695097773339823,0.008313512024127345,0.0014967966424897143,7.773198712452007,1.399516558157,-0.0006157401909774358,-3.6319383538237224e-05,0.0,0.0,0.0
160,0.8125,0.3672916312757684,0.8137307297071467,0.0010029812305232951,0.008184651317689329,0.0014302526978008212,8.16032351215493,1.4260014587258045,-0.0006104419574091129,-3.6318074718589714e-05,0.0,0.0,0.0
160,0.8250000000000001,0.36450030063310246,0.8171470976734555,0.0009406967016685706,0.00805920149868167,0.0013626400807299657,8.567268795974918,1.448543487303579,-0.0006050729077461135,-3.586518722021859e-05,0.0,0.0,0.0
160,0.8375,0.3618139934624115,0.8204601562576266,0.0008823947749942469,0.007937077735759069,0.0013068228852564138,8.994928302709882,1.480995720158173,-0.00059964805166501,-3.607638937228418e-05,0.0,0.0,0.0
160,0.8500000000000001,0.3592278618858165,0.823673195377894,0.0008278281364868317,0.007818194162768393,0.0012510909933444439,9.444223768411087,1.5112931515638874,-0.0005941811122339328,-3.597734283289704e-05,0.0,0.0,0.0
160,0.8625,0.35673730945337473,0.8267894181713538,0.00077676317114985,0.007702464375396771,0.001196233419932776,9.916103983141655,1.5400233486378867,-0.0005886846023609884,-3.5654971146548705e-05,0.0,0.0,0.0
160,0.875,0.35433797756762575,0.8298119407866938,0.0007289795068387081,0.007589801864637732,0.0011461678176808553,10.411543525484907,1.5722908626764087,-0.0005831699004129171,-3.5461006421582516e-05,0.0,0.0,0.0
160,0.8875000000000001,0.35202573256989184,0.8327437925073636,0.0006842695189833356,0.0074801203931453425,0.0010963999874077069,10.931541133468945,1.6022926010743554,-0.0005776473243037706,-3.503108981607156e-05,0.0,0.0,0.0
160,0.9,0.3497966534751488,0.8355879161656036,0.0006424378083131081,0.007373334320101753,0.0010492263691160761,11.477117667564444,1.6331952377944565,-0.0005721262035020348,-3.457702766825228e-05,0.0,0.0,0.0
160,0.9125000000000001,0.34764702033840494,0.8383471688111767,0.0006033006617585514,0.007269358879792043,0.0010087515230918572,12.049313618524312,1.6720543951525988,-0.0005666149485328468,-3.4463323213330996e-05,0.0,0.0,0.0
160,0.925,0.34557330323265756,0.8410243226018375,0.0005666855049991165,0.0071681104186655685,0.0009677918312921205,12.64918611016307,1.7078111629017747,-0.0005611211176616485,-3.4094037734905345e-05,0.0,0.0,0.0
160,0.9375,0.34357215181645545,0.8436220658855786,0.0005324303536364482,0.0070695065952675745,0.0009343035789431868,13.277805344837166,1.7547902229126928,-0.0005556514805386458,-3.415922415107279e-05,0.0,0.0,0.0
160,0.9500000000000001,0.3416403854677262,0.8461430044474721,0.0005003832686785385,0.006973466547050408,0.0008985926623874275,13.936250437522874,1.7958087702662795,-0.0005502120786616089,-3.3847798465255566e-05,0.0,0.0,0.0
160,0.9625,0.33977498395969763,0.8485896628965067,0.0004704018209026971,0.006879911027721284,0.0008689171274659087,14.625604583159975,1.8471806205989254,-0.00054480828257958,-3.387380105787299e-05,0.0,0.0,0.0
160,0.9750000000000001,0.3379730786543516,0.8509644861702198,0.00044235256770598066,0.006788762518453589,0.0008389590204101762,15.346949501524968,1.896584493136273,-0.0005394448458135468,-3.371154847985662e-05,0.0,0.0,0.0
160,0.9875,0.3362319441888,0.8532698411371303,0.00041611054523310283,0.006699945315981198,0.0008080968396736652,16.10135910453297,1.9420244185856281,-0.0005341259555135882,-3.331883502744781e-05,0.0,0.0,0.0
160,1.0,0.334548990630198,0.8555080182790066,0.00039155877787762247,0.0066133856003098845,0.0007822899050447837,16.889892332784907,1.997886266999434,-0.0005288552799067423,-3.321214580920871e-05,0.0,0.0,0.0
160,1.0125,0.33292175607524416,0.8576812334368823,0.000368587806667394,0.006529011484515961,0.0007546662813703736,17.713585111641,2.0474531922087396,-0.0005236360126171282,-3.281667034975327e-05,0.0,0.0,0.0
160,1.0250000000000001,0.33134789967091516,0.8597916296064418,0.00034709523755604884,0.006446753048859085,0.0007317642415364098,18.573441382404635,2.10825203678643,-0.000518470913960758,-3.269686533833068e-05,0.0,0.0,0.0
160,1.0375,0.3298251950337952,0.8618412787699672,0.00032698531023632986,0.006366542361212639,0.0007100773903557503,19.470423171644,2.171588044253545,-0.0005133623493329863,-3.256282681015074e-05,0.0,0.0,0.0
160,1.05,0.3283515240461651,0.8638321837534707,0.00030816848775713985,0.006288313485610396,0.0006866068533683805,20.405439671580126,2.228024216121276,-0.0005083123248175268,-3.216726107695546e-05,0.0,0.0,0.0
160,1.0625,0.32692487100787326,0.8657662800989456,0.00029056106695423615,0.006212002480520966,0.0006642619517342948,21.379335317141326,2.2861354368543707,-0.0005033225201531721,-3.176457520630498e-05,0.0,0.0,0.0
160,1.075,0.3255433171239088,0.867645437942855,0.00027408480948576397,0.0061375473882910505,0.0006443375385052695,22.39287686102077,2.350869206192679,-0.0004983943191984493,-3.1471481966657974e-05,0.0,0.0,0.0
160,1.0875000000000001,0.32420503530851236,0.8694714638930545,0.00025866659309033824,0.006064888217043164,0.0006272232692018095,23.446739467144976,2.424832916026208,-0.0004935288380359902,-3.132731746947506e-05,0.0,0.0,0.0
160,1.1,0.32290828528757987,0.8712461028973341,0.0002442380825503942,0.005993966916172796,0.0006076605730097939,24.541491865569522,2.4879845381377574,-0.0004887269508579042,-3.089091168904898e-05,0.0,0.0,0.0
160,1.1125,0.32165140898202915,0.8729710400976349,0.00023073541974089268,0.005924727346462196,0.0005935558840708528,25.677580638098153,2.5724523991045416,-0.00048398931377131084,-3.083973946804662e-05,0.0,0.0,0.0
160,1.125,0.32043282615569796,0.8746479026648124,0.00021809893206803623,0.005857115245712671,0.0005755664150205216,26.855313733886312,2.6390152833988796,-0.000479316386659794,-3.038473605096126e-05,0.0,0.0,0.0
160,1.1375,0.31925103031222046,0.8762782616095244,0.00020627285854984376,0.005791078190693036,0.0005597424425681061,28.074843347815825,2.713602005146256,-0.00047470845323217137,-3.00449146415523e-05,0.0,0.0,0.0
160,1.1500000000000001,0.3181045848261808,0.8778636335654847,0.00019520509275632562,0.005726565556108001,0.0005467792435017668,29.336148331214233,2.8010500944476426,-0.00047016563938489245,-2.98838028133625e-05,0.0,0.0,0.0
160,1.1625,0.31699211929466276,0.8794054825418978,0.00018484694180828673,0.005663528471205882,0.0005325597085353096,30.63901634401822,2.8810847684331815,-0.00046568792999879564,-2.955558517179694e-05,0.0,0.0,0.0
160,1.175,0.3159123260961061,0.880905221642413,0.00017515290062749763,0.005601919774569042,0.0005250651565252158,31.98302599899727,2.997753132515264,-0.00046127518428503133,-2.9742541751306045e-05,0.0,0.0,0.0
160,1.1875,0.3148639571441342,0.8823642147484123,0.0001660804406347839,0.005541693967562644,0.0005191388432461067,33.36752929111624,3.1258277089215416,-0.00045692714978886814,-3.0009964221962436e-05,0.0,0.0,0.0
160,1.2000000000000002,0.31384582082473955,0.8837837781648498,0.00015758981210429288,0.0054828071668562425,0.0005152039187156681,34.79163464721769,3.2692717367713233,-0.00045264347515391575,-3.03971990619669e-05,0.0,0.0,0.0
160,1.2125000000000001,0.3128567791058988,0.885165182227249,0.00014964385940016665,0.005425217056378383,0.0005047842721817716,36.25419097131587,3.3732374599609494,-0.0004484237217431484,-3.018693508643642e-05,0.0,0.0,0.0
160,1.225,0.3118957448093416,0.8865096528687763,0.00014220784834452553,0.005368882839015845,0.0004935234856351917,37.753773097028414,3.4704377527711223,-0.0004442673742070621,-2.9861829169706627e-05,0.0,0.0,0.0
160,1.2375,0.3109616790348127,0.8878183731466185,0.0001352493049918968,0.005313765188325773,0.0004824281216703743,39.2886690888662,3.5669545340678686,-0.00044017385008337953,-2.9510199417670592e-05,0.0,0.0,0.0
160,1.25,0.31005358872775274,0.8890924847271389,0.0001287378651139199,0.005259826200490602,0.000472152971934653,40.856869855937035,3.667553221554868,-0.000436142508507018,-2.919028407976231e-05,0.0,0.0,0.0
160,1.2625000000000002,0.30917052438187237,0.8903330893295154,0.00012264513372855352,0.005207029346711343,0.0004664407814913902,42.456061552640904,3.8031739809893184,-0.00043217265810353714,-2.922263005984112e-05,0.0,0.0,0.0
160,1.2750000000000001,0.3083115778686141,0.8915412501277713,0.00011694455403936538,0.005155339426204596,0.00045691833978553034,44.08362123873872,3.9071365361034633,-0.0004282635641340446,-2.889777178842402e-05,0.0,0.0,0.0
160,1.2875,0.3074758803859877,0.8927179931112723,0.00011161128518227439,0.005104722519941834,0.0004476215599834064,45.73661625350179,4.010540325311975,-0.0004244144549545626,-2.8560873358096225e-05,0.0,0.0,0.0
160,1.3,0.3066626005197238,0.8938643084039246,0.0001066220882088881,0.005055145945245821,0.00043905704124846024,47.41180772357468,4.117880718939626,-0.00042062452784813936,-2.8256971008363632e-05,0.0,0.0,0.0
160,1.3125,0.30587094241012475,0.8949811515424322,0.00010195521976696164,0.00500657821133814,0.0004309024698161191,49.10565857031786,4.226389495319906,-0.0004168929542835502,-2.796051625417839e-05,0.0,0.0,0.0
160,1.3250000000000002,0.3051001440183987,0.8960694447140912,9.75903329692667e-05,0.004958988975913577,0.0004221451703429627,50.81434630902704,4.325686341042666,-0.00041321888465026637,-2.758716117676416e-05,0.0,0.0,0.0
160,1.3375000000000001,0.3043494754866459,0.8971300779546897,9.350838497203419e-05,0.0049123490028009234,0.0004178724651038769,52.53378083976184,4.468823466781628,-0.0004096014525154556,-2.7570946811206635e-05,0.0,0.0,0.0
160,1.35,0.3036182375860235,0.8981639103071671,8.96915508130132e-05,0.0048666301207557485,0.00041619855060438067,54.2596273187603,4.640331746209423,-0.0004060397784451325,-2.7753094982266237e-05,0.0,0.0,0.0
160,1.3625,0.30290576024795385,0.8991717709417506,8.612314308693624e-05,0.004821805183418475,0.0004157092396011135,55.98733407292331,4.8269167229704975,-0.0004025329734281808,-2.8014818203705072e-05,0.0,0.0,0.0
160,1.375,0.30221140117355516,0.9001544602383509,8.278753706271249e-05,0.004777848030460358,0.0004080926110443643,57.712165381138036,4.92939668848017,-0.00039908014193879986,-2.7650931288440402e-05,0.0,0.0,0.0
160,1.3875000000000002,0.30153454451677175,0.9011127508320347,7.967010087197634e-05,0.0047347334499308336,0.00040137709375924854,59.42923879987528,5.037989024317044,-0.0003956803846700029,-2.7345094395418138e-05,0.0,0.0,0.0
160,1.4000000000000001,0.3008745996369559,0.90204738862244,7.67571304226279e-05,0.004692437141811702,0.00039508159718187994,61.13356656215457,5.1471647651044865,-0.00039233280096807134,-2.7057579674536428e-05,0.0,0.0,0.0
160,1.4125,0.30023099991691526,0.9029590937480185,7.403578871375923e-05,0.0046509356827768,0.0003909260623524239,62.820100434919034,5.280230941603679,-0.00038903649099535846,-2.6935673259286502e-05,0.0,0.0,0.0
160,1.425,0.2996032016426825,0.9038485615260176,7.149404924984231e-05,0.0046102064921500025,0.0003895271216801261,64.48377928684982,5.4483852260051595,-0.00038579055764651366,-2.7032811156574125e-05,0.0,0.0,0.0
160,1.4375,0.298990682941493,0.9047164633591263,6.912064327231107e-05,0.004570227799049491,0.0003835351297149358,66.11957850340596,5.548778361392587,-0.0003825941082410603,-2.6725231347623105e-05,0.0,0.0,0.0
160,1.4500000000000002,0.29839294277466893,0.9055634476097195,6.690501054571472e-05,0.004530978610702007,0.0003775099111976937,67.72256029473442,5.642475923978063,-0.00037944625601328487,-2.6401416555418214e-05,0.0,0.0,0.0
160,1.4625000000000001,0.2978094999823091,0.9063901404426402,6.483725345351641e-05,0.004492438681907423,0.0003718215646547593,69.28792388049217,5.734690241333684,-0.0003763461214185821,-2.609366645210565e-05,0.0,0.0,0.0
160,1.475,0.2972398923768713,0.907197146637455,6.290809417537277e-05,0.004454588485631064,0.00036635183487658464,70.81105450775115,5.8236040954488795,-0.00037329283327373376,-2.579271795960301e-05,0.0,0.0,0.0
160,1.4875,0.29668367588291056,0.907985050371122,6.110883473344703e-05,0.004417409184698922,0.0003610360677561774,72.28757026651527,5.908083001925899,-0.00037028552974706537,-2.5493814806932088e-05,0.0,0.0,0.0
160,1.5,0.29614042372039884,0.9087544159719948,5.9431319709986886e-05,0.004380882604569048,0.000355810154344514,73.71336571267288,5.986913231622608,-0.00036732335921302013,-2.5192200943934806e-05,0.0,0.0,0.0
160,1.5125000000000002,0.295609725629209,0.9095057886460853,5.786790145212554e-05,0.004344991207150967,0.00035446446586263197,75.08465138908838,6.125407297789821,-0.00036440548098440155,-2.521070797489305e-05,0.0,0.0,0.0
160,1.5250000000000001,0.2950911871324884,0.910239695176485,5.6411407592674814e-05,0.004309718065643882,0.00035021716638441183,76.39798844876744,6.208268528117504,-0.00036153106593435266,-2.497348949729765e-05,0.0,0.0,0.0
160,1.5375,0.2945844288367821,0.9109566445968399,5.505511072762127e-05,0.0042750468403636626,0.0003457548109017753,77.6503177246152,6.28015830559958,-0.0003586992970190635,-2.470947451480309e-05,0.0,0.0,0.0
160,1.55,0.2940890857668964,0.9116571288397554,5.3792700102174695e-05,0.004240961755528102,0.0003409545438707833,78.83898275180002,6.3383050715648945,-0.00035590936971120383,-2.4408756720331735e-05,0.0,0.0,0.0
160,1.5625,0.29360480673360634,0.9123416233609869,5.261825516758808e-05,0.004207447576969669,0.0003363835131743858,79.96174642372753,6.392905125854346,-0.0003531604923531768,-2.4120046930577808e-05,0.0,0.0,0.0
160,1.5750000000000002,0.29313125373242815,0.9130105877402573,5.1526220880620856e-05,0.0041744895907449165,0.0003320281079948723,81.0168011431817,6.44386687632566,-0.00035045188643846516,-2.384266040471138e-05,0.0,0.0,0.0
160,1.5875000000000001,0.2926681013717774,0.9136644662595194,5.051138462650579e-05,0.004142073582609755,0.000328152723994608,82.00277250836254,6.4966091589263275,-0.00034778278682857624,-2.359951384628869e-05,0.0,0.0,0.0
160,1.6,0.2922150363289364,0.9143036884594661,4.9568854654627e-05,0.004110185818330111,0.0003245862342382311,82.91871674195413,6.548189109871487,-0.0003451524419124161,-2.337647726460635e-05,0.0,0.0,0.0
160,1.6125,0.291771756832339,0.9149286696750675,4.869403992389633e-05,0.004078813024797815,0.00032569690985061433,83.76411222343786,6.688640136650079,-0.00034256011371428316,-2.3545243943771032e-05,0.0,0.0,0.0
160,1.625,0.2913379721687769,0.9155398115508903,4.788263126203002e-05,0.004047942371922031,0.0003251711052932746,84.53884561544488,6.791003266170313,-0.00034000507795610007,-2.3569520292655792e-05,0.0,0.0,0.0
160,1.6375000000000002,0.2909134022142024,0.9161375025369386,4.7130583749637907e-05,0.00401756145526708,0.0003213173550535501,85.24319318022337,6.817597608389875,-0.00033748662407898257,-2.3305875560832537e-05,0.0,0.0,0.0
160,1.6500000000000001,0.2904977769868871,0.916722118365733,4.643410024628181e-05,0.003987658279408191,0.0003177476417558044,85.87779796007786,6.842980483534789,-0.00033500405522876234,-2.306165102830942e-05,0.0,0.0,0.0
160,1.6625,0.2900908362217594,0.9172940225113179,4.578961598144186e-05,0.003958221241977264,0.00031412987460369173,86.4436435453291,6.86028628698275,-0.0003325566882096449,-2.280892198289124e-05,0.0,0.0,0.0
160,1.675,0.289692328964818,0.9178535666308724,4.5193784138716563e-05,0.003929239118371593,0.0003106463618201299,86.94202517565898,6.873652378093422,-0.0003301438534097945,-2.2563469102920134e-05,0.0,0.0,0.0
160,1.6875,0.28930201318657517,0.9184010909895759,4.464346236657972e-05,0.0039007010470991144,0.00030753953281682474,87.37451891767238,6.888792143663348,-0.0003277648947022655,-2.2346165988270826e-05,0.0,0.0,0.0
160,1.7000000000000002,0.28891965541354636,0.9189369248693581,4.4135700153657535e-05,0.0038725965157346233,0.00030436519598929935,87.7429496360601,6.896122525068327,-0.0003254191693243821,-2.2119507146029554e-05,0.0,0.0,0.0
160,1.7125000000000001,0.2885450303768563,0.9194613869621411,4.366772701079939e-05,0.003844915347462112,0.00030138025582822906,88.04935843148495,6.901670328608935,-0.0003231060477383616,-2.1905564949481525e-05,0.0,0.0,0.0
160,1.725,0.28817792067708453,0.9199747857481653,4.323694140621964e-05,0.0038176476881792453,0.00030511219498481835,88.29597015921381,7.0567478887608805,-0.0003208249134757072,-2.2259396554180892e-05,0.0,0.0,0.0
160,1.7375,0.2878181164645227,0.9204774198599656,4.284090040370917e-05,0.0037907839941407366,0.00030199849707265636,88.4851615726669,7.049303217877963,-0.00031857516296764733,-2.2028395716860514e-05,0.0,0.0,0.0
160,1.75,0.2874654151340595,0.9209695784325471,4.247730995736014e-05,0.0037643150201182515,0.0002985843881475335,88.6194305594439,7.029267824333991,-0.0003163562053636758,-2.1769101646164736e-05,0.0,0.0,0.0
160,1.7625000000000002,0.2871196210339558,0.921451541440293,4.214401581946624e-05,0.0037382318080552033,0.00029547163713593803,88.70136685760546,7.010998629121153,-0.00031416746234003764,-2.1532847811900104e-05,0.0,0.0,0.0
160,1.7750000000000001,0.2867805451878108,0.921923580021108,4.183899502122832e-05,0.003712525676195633,0.0003017128384155123,88.73362456034059,7.211283116681671,-0.0003120083678998244,-2.208927668851414e-05,0.0,0.0,0.0
160,1.7875,0.2864480050290593,0.9223859567882989,4.156034788867256e-05,0.003687188208667126,0.00029808268962655586,88.71889664022962,7.172285718710249,-0.0003098783681661686,-2.1804399047720083e-05,0.0,0.0,0.0
160,1.8,0.2861218241473755,0.9228389261306615,4.130629055875254e-05,0.003662211245498516,0.00029924248932480726,88.65989165232646,7.2444774216453975,-0.0003077769211698799,-2.1924576895114655e-05,0.0,0.0,0.0
160,1.8125,0.2858018320463937,0.923282734501229,4.107514796300184e-05,0.0036375868730537824,0.00029640025898198857,88.55931270972692,7.21604847897247,-0.0003057034966327164,-2.1702634436613874e-05,0.0,0.0,0.0
160,1.8250000000000002,0.2854878639121861,0.9237176206951281,4.0865347248318054e-05,0.003613307414864423,0.000293596230249483,88.41983876726118,7.184479027314932,-0.0003036575757473689,-2.1482125055099023e-05,0.0,0.0,0.0
160,1.8375000000000001,0.2851797603919716,0.9241438161169608,4.067541160652819e-05,0.003589365422843137,0.0002938441235413039,88.24410819894598,7.224121697496073,-0.00030163865095511177,-2.1519340514455935e-05,0.0,0.0,0.0
160,1.85,0.28487736738255376,0.9245615450381224,4.0503954486299584e-05,0.0035657536688624794,0.0002912375446047492,88.03470461306665,7.190348406678662,-0.0002996462257219753,-2.1312355160068224e-05,0.0,0.0,0.0
160,1.8625,0.28458053582801496,0.9249710248444483,4.034967416274693e-05,0.003542465136682721,0.00029266983366233346,87.79414481501122,7.253338217351518,-0.00029767981431419785,-2.1447213557464857e-05,0.0,0.0,0.0
160,1.875,0.28428912152621955,0.9253724662745638,4.0211348641742305e-05,0.0035194930142138626,0.00029010259426227945,87.52486880184796,7.214445773677231,-0.00029573894157363024,-2.1240755877745663e-05,0.0,0.0,0.0
160,1.8875000000000002,0.2840029849436992,0.9257660736493032,4.008783087747828e-05,0.0034968306860973406,0.0002876952861877706,87.22923165348647,7.176623925277048,-0.0002938231426936883,-2.104663370137485e-05,0.0,0.0,0.0
160,1.9000000000000001,0.28372199103852147,0.9261520450925461,3.997804428326924e-05,0.003474471726593602,0.0002847935764502943,86.90949717236828,7.12374958695716,-0.00029193196299637827,-2.0809320234197135e-05,0.0,0.0,0.0
160,1.9125,0.2834460090907577,0.9265305727438046,3.988097851690886e-05,0.003452409892762273,0.0002850202922543768,86.56783311619371,7.146772793790229,-0.00029006495771085597,-2.083684166768478e-05,0.0,0.0,0.0
160,1.925,0.28317491254018967,0.9269018429628857,3.979568552314839e-05,0.0034306391179222675,0.0002882325705145436,86.20630786537728,7.24280953388488,-0.00028822169175392516,-2.11171352242686e-05,0.0,0.0,0.0
160,1.9375,0.2829085788309146,0.9272660365269367,3.972127581700891e-05,0.003409153505379648,0.00028582216915939735,85.82688836796693,7.1956945813157,-0.00028640173951282433,-2.0918575934103016e-05,0.0,0.0,0.0
160,1.9500000000000002,0.2826468892625203,0.927623328820174,3.965691499272452e-05,0.0033879473224116647,0.0002881400992558402,85.43143920885474,7.265822349234743,-0.0002846046846306099,-2.1121070662364835e-05,0.0,0.0,0.0
160,1.9625000000000001,0.282389728847525,0.9279738900165783,3.960182044411162e-05,0.0033670149944958344,0.0002854045909139239,85.02172265660265,7.206855334256752,-0.00028283011979439644,-2.0893235489934046e-05,0.0,0.0,0.0
160,1.975,0.28213698617478883,0.9283178852558317,3.955525828309122e-05,0.0033463510997734183,0.0002828291563631676,84.59939954946245,7.150229037540358,-0.0002810776465266778,-2.0678281336806493e-05,0.0,0.0,0.0
160,1.9875,0.28188855327861956,0.9286554748127616,3.951654044396352e-05,0.0033259503637371518,0.00028291575758901817,84.16603089163435,7.159426265824237,-0.000279346874979921,-2.0688933457329647e-05,0.0,0.0,0.0
160,2.0,0.28164432551330915,0.928986814260544,3.9485021961843116e-05,0.003305807654133496,0.00028028679175752524,83.72308004103702,7.098559854630046,-0.0002776374237345905,-2.0468150432632982e-05,0.0,0.0,0.0
160,2.0125,0.28140420143285133,0.9293120546279079,3.946009841441619e-05,0.0032859179760700965,0.0002780376695513679,83.27191538046526,7.046046024299593,-0.00027594891960073284,-2.0279093546640896e-05,0.0,0.0,0.0
160,2.025,0.28116808267560317,0.9296313425505784,3.944120351688449e-05,0.0032662764673196108,0.0002801452599317754,82.81381337466901,7.1028577972233355,-0.00027428099742323175,-2.045984479526573e-05,0.0,0.0,0.0
160,2.0375,0.28093587385366475,0.9299448204171766,3.942780686061925e-05,0.003246878393811338,0.0002780642768774687,82.34996192634648,7.052491604730902,-0.0002726332998908111,-2.0284099951432206e-05,0.0,0.0,0.0
160,2.0500000000000003,0.28070748244676286,0.9302526265097995,3.9419411786657686e-05,0.0032277191453026085,0.00027936400366741814,81.88146395413989,7.086965304793682,-0.0002710054773488558,-2.039529030986464e-05,0.0,0.0,0.0
160,2.0625,0.2804828187004349,0.9305548951394792,3.941555338574226e-05,0.003208794231222116,0.0002773618515749278,81.40934112529368,7.036863059120656,-0.0002693971876160918,-2.0225435346080773e-05,0.0,0.0,0.0
160,2.075,0.28026179552832037,0.9308517567767247,3.9415796617143196e-05,0.0031900992766777992,0.00027515857133819053,80.93453768457701,6.9809212283817,-0.0002678080958051558,-2.0038135851289026e-05,0.0,0.0,0.0
160,2.0875,0.28004432841837457,0.9311433381773346,3.941973453898776e-05,0.0031716300186222035,0.0002728275741875171,80.45792432938201,6.921091107746534,-0.00026623787414707336,-1.9839666370124995e-05,0.0,0.0,0.0
160,2.1,0.27983033534283086,0.9314297625036656,3.942698664329976e-05,0.003153382302168494,0.000270471224370337,79.98030208845243,6.860053161488592,-0.00026468620181964154,-1.9638760206798167e-05,0.0,0.0,0.0
160,2.1125000000000003,0.27961973667174456,0.931711149441529,3.943719728936812e-05,0.0031353520770507305,0.00027254556574369117,79.50240616860445,6.910875632056307,-0.0002631527647797158,-1.9814211318617458e-05,0.0,0.0,0.0
160,2.125,0.2794124550899602,0.9319876153128879,3.9450034229480067e-05,0.0031175353942221383,0.0002700482681398757,79.0249097399383,6.845324051406655,-0.000261637255599376,-1.960084988238363e-05,0.0,0.0,0.0
160,2.1375,0.27920841551735104,0.9322592731845136,3.946518722142479e-05,0.0030999284025855127,0.0002678551374356456,78.54842763554988,6.787124458140994,-0.0002601393733059475,-1.941314576820877e-05,0.0,0.0,0.0
160,2.15,0.2790075450321884,0.9325262329727598,3.948236672252725e-05,0.00308252734585012,0.00026560978392510705,78.0735199465978,6.727301475915816,-0.0002586588232258454,-1.9220830462219282e-05,0.0,0.0,0.0
160,2.1625,0.2788097727975037,0.9327886015445974,3.950130266030283e-05,0.0030653285595096495,0.0002635117017757403,77.60069549782664,6.670962323492146,-0.0002571953168321945,-1.9040883924812188e-05,0.0,0.0,0.0
160,2.1750000000000003,0.27861502999031323,0.9330464828150631,3.9521743275124144e-05,0.003048328467936114,0.0002615974518296382,77.13041519235814,6.619076744883705,-0.00025574857159618415,-1.8876435227133694e-05,0.0,0.0,0.0
160,2.1875,0.27842324973358246,0.9332999778412492,3.954345403058906e-05,0.0030315235815847404,0.0002624905202727064,76.66309521772398,6.638027119979337,-0.0002543183108421029,-1.8950500630579977e-05,0.0,0.0,0.0
160,2.2,0.27823436703080995,0.933549184912973,3.9566216587540905e-05,0.003014910494305152,0.00026016617854390876,76.19911010785206,6.575462629040783,-0.000252904263605997,-1.875099676629127e-05,0.0,0.0,0.0
160,2.2125,0.27804831870312247,0.9337941996402485,3.958982783793898e-05,0.002998485880754348,0.00025822693813411094,75.73879565803253,6.5225577436497915,-0.00025150616449789477,-1.858415437517462e-05,0.0,0.0,0.0
160,2.225,0.27786504332876977,0.9340351150376842,3.961409899502591e-05,0.0029822464939071695,0.0002564534145075581,75.2824516917987,6.473791428141767,-0.0002501237535675322,-1.8431341818565237e-05,0.0,0.0,0.0
160,2.2375000000000003,0.27768448118491973,0.9342720216059258,3.963885473644347e-05,0.0029661891626601602,0.0002544909315362834,74.83034468029378,6.420239263429264,-0.00024875677617351596,-1.8262426527986394e-05,0.0,0.0,0.0
160,2.25,0.27750657419165614,0.9345050074102477,3.9663932397163035e-05,0.0029503107895248837,0.00025252356010446947,74.38271021599222,6.366579026403626,-0.0002474049828558563,-1.8093068355121047e-05,0.0,0.0,0.0
160,2.2625,0.2773312658580854,0.9347341581564118,3.968918120928673e-05,0.002934608348406938,0.00025056816491411216,73.93975534371263,6.3132611275811,-0.0002460681292118004,-1.792471361491016e-05,0.0,0.0,0.0
160,2.275,0.2771585012304646,0.9349595572638882,3.971446158595466e-05,0.002919078882467108,0.0002486764427926426,73.50166075270334,6.261609319678881,-0.00024474597577489805,-1.7761768402568474e-05,0.0,0.0,0.0
160,2.2875,0.27698822684226604,0.9351812859365417,3.973964444676451e-05,0.0029037195020611946,0.0002464820565117925,73.06858283422834,6.202422289962395,-0.00024343828789722658,-1.757310502552738e-05,0.0,0.0,0.0
160,2.3000000000000003,0.2768203906660978,0.9353994232308758,3.9764610582263204e-05,0.002888527382755272,0.0002445104889223204,72.64065560958076,6.148947150293056,-0.0002421448356347058,-1.7403399658904864e-05,0.0,0.0,0.0
160,2.3125,0.2766549420674036,0.9356140461219307,3.9789250055225205e-05,0.002873499763413219,0.00024266783860397162,72.21799253378653,6.098829162830728,-0.0002408653936354295,-1.7244680026643448e-05,0.0,0.0,0.0
160,2.325,0.2764918317598681,0.9358252295669186,3.9813461636563435e-05,0.0028586339443535565,0.0002442986164480524,71.8006881805092,6.136080772833282,-0.00023959974103094443,-1.738123815897656e-05,0.0,0.0,0.0
160,2.3375,0.2763310117624578,0.9360330465666803,3.983715227385271e-05,0.0028439272855726935,0.00024248872373551532,71.38881981379271,6.086999443850154,-0.00023834766133040147,-1.7225383574241324e-05,0.0,0.0,0.0
160,2.35,0.2761724353580313,0.9362375682250491,3.9860236590567315e-05,0.0028293772050318883,0.00024388320831082602,70.98244885233429,6.118458623713726,-0.00023710894231751228,-1.7341952596221992e-05,0.0,0.0,0.0
160,2.3625000000000003,0.27601605705345383,0.9364388638061956,3.9882636414246235e-05,0.0028149811770052683,0.0002453053292104991,70.58162223196824,6.150679876390395,-0.00023588337595023692,-1.7460928887681497e-05,0.0,0.0,0.0
160,2.375,0.27586183254115526,0.9366370007900263,3.99042803319071e-05,0.002800736730486443,0.00024369154715668545,70.18637367197422,6.1069024457968215,-0.00023467075826313558,-1.732191768010616e-05,0.0,0.0,0.0
160,2.3875,0.2757097186620747,0.9368320449257159,3.9925103271131374e-05,0.0027866414476512844,0.0002421393154813288,69.79672485070866,6.064838801717324,-0.000233470889272313,-1.7188208037866782e-05,0.0,0.0,0.0
160,2.4000000000000004,0.2755596733699337,0.9370240602834324,3.994504610533845e-05,0.002772692962374622,0.00024433971577804187,69.41268649591234,6.116896576704342,-0.00023228357288288914,-1.737354692217979e-05,0.0,0.0,0.0
160,2.4125,0.27541165569678633,0.9372131093043282,3.99640552818482e-05,0.002758888958798643,0.00024278716073922827,69.03425939488525,6.075138246781051,-0.00023110861679892758,-1.7239963963877307e-05,0.0,0.0,0.0
160,2.4250000000000003,0.2752656257197948,0.9373992528488571,3.9982082471423026e-05,0.0027452271699509078,0.0002444800142964527,68.661435329514,6.114739382852142,-0.0002299458324357562,-1.7382324205127524e-05,0.0,0.0,0.0
160,2.4375,0.2751215445291817,0.9375825502434815,3.999908423805139e-05,0.0027317053764100005,0.00024282678652821132,68.29419794094464,6.070808648594225,-0.0002287950348346157,-1.7240354694663595e-05,0.0,0.0,0.0
160,2.45,0.27497937419731266,0.9377630593258256,4.0015021727811745e-05,0.002718321405016869,0.0002410264061860333,67.93252352847149,6.0233981084786485,-0.00022765604257956988,-1.7085967678948836e-05,0.0,0.0,0.0
160,2.4625000000000004,0.27483907774886435,0.9379408364883323,4.0029860375720015e-05,0.0027050731276300603,0.00024394473693145386,67.57638178700253,6.0940691434291825,-0.00022652867771661895,-1.733276450723738e-05,0.0,0.0,0.0
160,2.475,0.27470061913203553,0.9381159367204781,4.00435696295341e-05,0.0026919584599230683,0.00024244234397349633,67.22573648722906,6.054463830684145,-0.00022541276567495042,-1.720389581923679e-05,0.0,0.0,0.0
160,2.4875000000000003,0.27456396319076076,0.9382884136496,4.0056122689543506e-05,0.002678975360222149,0.0002405790489143152,66.88054610241858,6.0060493318070804,-0.0002243081351902715,-1.7044448729105595e-05,0.0,0.0,0.0
160,2.5,0.274429075637887,0.9384583195803793,4.006749626343049e-05,0.002666121828382972,0.0002391046077265282,66.5407643855285,5.967545517556045,-0.00022321461823016106,-1.6918154474363307e-05,0.0,0.0,0.0
320,0.0,1.0,0.26409195184164375,0.00904281695326705,0.006761831417536161,0.006761831417536161,0.7477571925298345,0.7477571925298345,0.00019388377053712561,0.00019388377053712561,1.0,1.0,0.0
320,0.0125,0.9991113423992675,0.27493997055625136,0.009476833828209602,0.006892380227657563,0.006892380227657563,0.7272872303765715,0.7272872303765715,0.00021967855604692333,0.00021967855604692333,1.0,1.0,0.0
320,0.025,0.9964458593499054,0.28597265538016053,0.009895138155650449,0.007021978574186237,0.007021978574186237,0.7096392656404151,0.7096392656404151,0.00024421856442445806,0.00024421856442445806,1.0,1.0,0.0
320,0.037500000000000006,0.9920219470317241,0.29717412123969494,0.010293303458718516,0.007149300105459661,0.007138563763952551,0.6945583732309127,0.6935153318448147,0.00026724028502700273,0.00026815287405510706,1.0,1.0,0.0
320,0.05,0.9858816255429677,0.308527610500356,0.010667033250135856,0.007273040147461144,0.0072486785432602525,0.6818240814397494,0.6795402595344805,0.00028848941372735056,0.0002905601500844263,1.0,1.0,0.0
320,0.0625,0.9780899059271021,0.32001561518908384,0.011012258861536787,0.007391938646429033,0.009683130335031192,0.6712463572979859,0.8793046419251979,0.0003077272182841591,0.00011297592475297558,1.0,1.0,0.0
320,0.07500000000000001,0.9687333045860657,0.3316200088243894,0.011325232576600258,0.0075048020885736585,0.009456755194178396,0.6626620723074402,0.8350164228607159,0.000324736591482261,0.00015882057750585827,1.0,1.0,0.0
320,0.08750000000000001,0.9579175805678947,0.34332218545606213,0.01160261247170926,0.007610523644050425,0.00946154291594059,0.6559319000446859,0.8154665976314165,0.000339327550351001,0.00018199091224033694,1.0,1.0,0.0
320,0.1,0.945764824434929,0.35510320336220125,0.011841535767046728,0.007708100875290421,0.009542854822869318,0.6509376002343331,0.8058798293229578,0.00035134196579928616,0.00019538788025507992,1.0,1.0,0.0
320,0.1125,0.9324100679561346,0.36694393078455523,0.012039678067817843,0.007796650476464409,0.009740141946637512,0.6475796472751975,0.8090035208393977,0.00036065734526504194,0.00019546057030032815,1.0,1.0,0.0
320,0.125,0.9179976078306635,0.378825191103528,0.012195296585101156,0.007875419661036814,0.009974602981984462,0.6457751647186766,0.8179057321303945,0.00036718953854546915,0.00018875895626491908,1.0,1.0,0.0
320,0.1375,0.9026772425337433,0.3907279049571117,0.01230725621557245,0.007943793976640034,0.010191492464533134,0.6454561307165038,0.8280881039624229,0.00037089429030925534,0.00017983991883834184,1.0,1.0,0.0
320,0.15000000000000002,0.8866006101110279,0.4026332269848695,0.012375038172766027,0.008001301489423743,0.010390131422870888,0.6465678228801228,0.8396039897264027,0.0003717676180840941,0.0001687170737410868,1.0,1.0,0.0
320,0.1625,0.8699177893129011,0.4145226751172129,0.012398731645526224,0.00804761343318423,0.010573075189640162,0.649067474259596,0.8527545794133866,0.0003698450480490695,0.00015518079875031525,1.0,1.0,0.0
320,0.17500000000000002,0.852774291188516,0.426378250617731,0.012379009664448545,0.008082541553363756,0.010697562321368816,0.6529231152130144,0.8641694781199903,0.00036519978944220705,0.00014292302416177695,1.0,1.0,0.0
320,0.1875,0.835308528014389,0.4381825474072605,0.012317090947105019,0.008106032486184833,0.010777737136304663,0.6581125787733229,0.8750229402858991,0.0003579399691782158,0.00013084507391803026,1.0,1.0,0.0
320,0.2,0.817649805840848,0.44991884953762884,0.012214689942493433,0.008118159595062098,0.010797959012404552,0.6646226497178614,0.8840141717261079,0.00034820507953166346,0.00012042212905755487,1.0,1.0,0.0
320,0.21250000000000002,0.7999168498088296,0.46157121602621365,0.012073957591951175,0.008119112738809144,0.010783329018044381,0.6724483399065078,0.8931064181667193,0.00033616181251707274,0.00010970342878207749,1.0,1.0,0.0
320,0.225,0.7822168403773045,0.47312455259673075,0.011897415467281732,0.008109186470013208,0.010764144931180039,0.6815922745838142,0.9047464939575975,0.00032199946476782455,9.632799556864391e-05,1.0,1.0,0.0
320,0.23750000000000002,0.7646449151365986,0.4845646701860775,0.01168788594699981,0.008088767160017893,0.01067866783866531,0.692064176250301,0.9136526389022851,0.000305925096893463,8.578353920843253e-05,1.0,1.0,0.0
320,0.25,0.7472840752847211,0.49587833036294354,0.011448420966449942,0.008058319523197261,0.010542328317253269,0.7038804344120897,0.9208543560852616,0.00028815862267647787,7.701787518171719e-05,1.0,1.0,0.0
320,0.2625,0.7302054275685712,0.5070532780549707,0.011182231650621521,0.008018372972301891,0.010378191231975881,0.7170637510318632,0.9280966050635384,0.0002689279876571686,6.834343558487937e-05,1.0,1.0,0.0
320,0.275,0.7134686904274344,0.5180782621935649,0.010892620836175933,0.00796950818352525,0.010166724014941494,0.73164285284377,0.9333588461260276,0.000248464575475308,6.170122980492726e-05,1.0,1.0,0.0
320,0.28750000000000003,0.6971228958261949,0.5289430450571967,0.01058292013843124,0.007912344189337396,0.0099590779572294,0.7476522628763108,0.9410519806403533,0.0002269989556729767,5.302658540215636e-05,1.0,1.0,0.0
320,0.30000000000000004,0.6812072243839136,0.5396384012252888,0.010256432845268818,0.00784752625336915,0.009713713708974857,0.7651321245660113,0.9470850007520586,0.0002047570603114717,4.613112658498669e-05,1.0,1.0,0.0
320,0.3125,0.6657519195599946,0.5501561071471701,0.009916383545654947,0.0077757147183593455,0.00944149969279103,0.7841280727555585,0.9521111854258606,0.00018195685032012618,4.036512749343297e-05,1.0,1.0,0.0
320,0.325,0.650779235740415,0.5604889223869394,0.009565875044339915,0.007697574958302143,0.009160920501008488,0.8046911466668972,0.9576667538040822,0.00015880550731321065,3.442113618317134e-05,1.0,1.0,0.0
320,0.3375,0.6363043842118142,0.5706305636290976,0.00920785279057756,0.007613768511576066,0.008849596145322868,0.8268777406353923,0.9610922705431065,0.00013549716371512706,3.0451814846648903e-05,1.0,1.0,0.0
320,0.35000000000000003,0.6223364496176734,0.5805756725257354,0.00884507676724903,0.007524945424385719,0.00852803007865392,0.8507495889971914,0.9641555752496067,0.00011221116414338145,2.69489685305843e-05,1.0,1.0,0.0
320,0.36250000000000004,0.608879257180744,0.5903197784383677,0.008480100553275149,0.00743173779402954,0.008230738101281774,0.8763737820489977,0.9705943991552003,8.911083453587676e-05,2.1195808419436834e-05,1.0,1.0,0.0
320,0.375,0.5959321775560316,0.5998592570807411,0.00811525708871039,0.0073347544694984,0.007906199618215518,0.9038228104568871,0.9742389590114521,6.634272263301919e-05,1.776988499206417e-05,1.0,1.0,0.0
320,0.3875,0.5834908615946968,0.6091912860074207,0.007752650537462344,0.007234576842454996,0.007585450285289516,0.933174635886925,0.9784331498801753,4.4036264075624625e-05,1.4212021434690447e-05,1.0,1.0,0.0
320,0.4,0.571547901593196,0.6183137978207707,0.00739415355389237,0.007131755644171389,0.007280866326140907,0.9645127859722562,0.9846788105053854,2.2303822326283385e-05,9.629414358874336e-06,1.0,1.0,0.0
320,0.41250000000000003,0.5600934188760158,0.627225431889693,0.007041409211715501,0.007026808652733578,0.00696181628344865,0.9979264720252828,0.9886964489814873,1.2410475134634788e-06,6.765398902682358e-06,1.0,1.0,0.0
320,0.42500000000000004,0.5491155799483926,0.6359254852904084,0.006695836840728666,0.0069202192088656635,0.006639820525905478,1.0335107281545677,0.9916341577377665,-1.9072501291644818e-05,4.7613867599709265e-06,0.0,1.0,1.0
320,0.4375,0.5386010451024024,0.6444138635953246,0.006358641032606854,0.006812435437153324,0.0063335968091450395,1.0713665706586408,0.9960613874358706,-3.8572524386449996e-05,2.1287589942542128e-06,0.0,1.0,1.0
320,0.45,0.5285353544076004,0.6526910320529007,0.006030823114969968,0.006703870071349078,0.006039042327175813,1.1116011767462461,1.0013628673978918,-5.72089912922244e-05,-6.986330374968413e-07,0.0,0.0,0.0
320,0.4625,0.5189032565961873,0.6607579676211354,0.005713194447128296,0.006594900786976453,0.005741127970586143,1.154328081777672,1.0048893003233748,-7.494503888709334e-05,-2.3743494939170234e-06,0.0,0.0,0.0
320,0.47500000000000003,0.5096889865763955,0.6686161122412354,0.0054063909559273135,0.006485870950862012,0.0054522856204915265,1.1996673943365503,1.008488965178128,-9.175579956944936e-05,-3.901046487958105e-06,0.0,0.0,0.0
320,0.48750000000000004,0.5008764972724606,0.6762673276671338,0.005110888401215201,0.00637709070486403,0.005169811455128176,1.2477460285275976,1.0115289259493447,-0.0001076271958101505,-5.008459582602913e-06,0.0,0.0,0.0
320,0.5,0.49244965127361556,0.6837138521014535,0.0048270179337187415,0.006268838309392903,0.0049032108667671345,1.2986979529540263,1.0157846799192838,-0.00012255473193230375,-6.4763993091134045e-06,0.0,0.0,0.0
320,0.5125000000000001,0.4843923774402011,0.6909582588296213,0.004554981580396645,0.006161361680896964,0.004646757671985927,1.352664455859432,1.020148509926859,-0.00013654230854252713,-7.800967785088911e-06,0.0,0.0,0.0
320,0.525,0.47668879721023333,0.6980034169912464,0.004294867361259015,0.00605488006598136,0.004402490580558108,1.409794425922948,1.0250585664809784,-0.00014960107990139932,-9.14797364042291e-06,0.0,0.0,0.0
320,0.5375,0.46932332491055095,0.7048524545815487,0.004046663805497127,0.005949585802988084,0.004169179253111615,1.4702446481731353,1.0302756674394495,-0.00016174836978673137,-1.0413813047231491e-05,0.0,0.0,0.0
320,0.55,0.46228074592912205,0.7115087237353186,0.0038102736924547588,0.005845646129518542,0.003941423548324236,1.534180114434903,1.0344200617738262,-0.00017300665715042158,-1.114773774890558e-05,0.0,0.0,0.0
320,0.5625,0.4555462761674311,0.7179757683113571,0.0035855268938863906,0.005743205001414128,0.0037276570810221487,1.6017743476437871,1.0396399724063154,-0.00018340263913985767,-1.2081065906539442e-05,0.0,0.0,0.0
320,0.5750000000000001,0.44910560577621966,0.7242572937661381,0.0033721922378879554,0.005642384895064687,0.003526614471684456,1.6732097392521668,1.0457928323484955,-0.00019296637586002218,-1.312588987270257e-05,0.0,0.0,0.0
320,0.5875,0.44294492979165695,0.7303571392811915,0.003169988351963979,0.005543288570566808,0.0033369258960423576,1.7486778988107137,1.0526618793330744,-0.00020173051858124046,-1.4189691246662175e-05,0.0,0.0,0.0
320,0.6000000000000001,0.4370509679362457,0.7362792520889067,0.0029785934732506313,0.005446000778211303,0.0031517255290995074,1.8283800146341938,1.0581254398774773,-0.0002097296209216571,-1.4716224747154477e-05,0.0,0.0,0.0
320,0.6125,0.4314109755309218,0.742027663925696,0.0027976542384462377,0.00535058989507017,0.00297957891764503,1.9125272242511937,1.065027577996854,-0.00021699953081303426,-1.546359773189734e-05,0.0,0.0,0.0
320,0.625,0.4260127471816213,0.7476064695292359,0.0026267934851032116,0.005257109482120303,0.002811371725477402,2.001340993090571,1.0702675111008728,-0.00022357685974645278,-1.5689150431806194e-05,0.0,0.0,0.0
320,0.6375000000000001,0.4208446146536578,0.7530198070874139,0.0024656171102527625,0.005165599755435516,0.0026577591730177256,2.0950534995703225,1.0779285891414283,-0.0002294985248405341,-1.6332075335021867e-05,0.0,0.0,0.0
320,0.65,0.4158954401284393,0.758271840540209,0.002313720042519553,0.005076088967555589,0.002509698341614314,2.1939080244245632,1.084702684634805,-0.00023480135862806307,-1.6658155423054684e-05,0.0,0.0,0.0
320,0.6625000000000001,0.41115460584680363,0.7633667436316581,0.0021706913905747303,0.004988594697257885,0.002370117216993716,2.2981593417280117,1.0918720308584189,-0.00023952178106806816,-1.6951195245613796e-05,0.0,0.0,0.0
320,0.675,0.40661200097885625,0.768308685606942,0.0020361188345718903,0.00490312504766965,0.0022366672772682135,2.408074108651212,1.0984954508995985,-0.00024369552811330958,-1.7046617629187475e-05,0.0,0.0,0.0
320,0.6875,0.4022580064189053,0.7731018184491358,0.0019095923286598395,0.0048196797540199145,0.002116985024187546,2.523931250500146,1.1086057439669628,-0.00024735743115560636,-1.7628379119855065e-05,0.0,0.0,0.0
320,0.7000000000000001,0.39808347808326483,0.7777502655510481,0.0017907071822605696,0.0047382512033891395,0.0019995586349051187,2.646022337056593,1.1166307114382026,-0.00025054124179592845,-1.775237347478668e-05,0.0,0.0,0.0
320,0.7125,0.3940797291858359,0.7822581117195176,0.0016790665859704773,0.004658825369616759,0.0018887121717919043,2.774651945636821,1.1248584109606676,-0.000253279496609934,-1.78198747948213e-05,0.0,0.0,0.0
320,0.7250000000000001,0.39023851187919173,0.7866293944123814,0.0015742836450584438,0.004581382667112714,0.001783032182757415,2.910138005621366,1.1325990639324857,-0.000255603416874613,-1.7743625704412554e-05,0.0,0.0,0.0
320,0.7375,0.38655199857528394,0.7908680961118102,0.0014759829799081228,0.004505898727724696,0.001684391022910967,3.052812118473873,1.1411994893164807,-0.00025754283856440876,-1.771468365524177e-05,0.0,0.0,0.0
320,0.75,0.3830127631979974,0.7949781377417252,0.0013838019486426428,0.004432345105069982,0.0015965780426649891,3.203019846458248,1.1537619557705179,-0.00025912616829632386,-1.8085967991899443e-05,0.0,0.0,0.0
320,0.7625000000000001,0.3796137625679421,0.7989633730413617,0.0012973915427884409,0.004360689910876801,0.0015092927472542224,3.3611209623769507,1.1633286463470767,-0.00026038036128751065,-1.8011602379591433e-05,0.0,0.0,0.0
320,0.775,0.37634831807662733,0.8028275838116454,0.001216417002348307,0.0042908983879190775,0.0014282368214272637,3.5274896516864276,1.1741342143936135,-0.00026133091777351554,-1.800468462171133e-05,0.0,0.0,0.0
320,0.7875000000000001,0.373210097771237,0.8065744759557846,0.0011405581921919922,0.004222933424090217,0.0013486227403585035,3.702514657296296,1.1824234393219697,-0.0002620018947113491,-1.7685486594153464e-05,0.0,0.0,0.0
320,0.8,0.37019309894150987,0.8102076762402578,0.0010695097773339823,0.004156756012063672,0.0012784558033287286,3.8865993562260037,1.1953661672131657,-0.00026241592995202365,-1.7760412209553437e-05,0.0,0.0,0.0
320,0.8125,0.3672916312757684,0.8137307297071467,0.0010029812305232951,0.0040923256588446645,0.001213421815274558,4.080161756077465,1.2098150776375622,-0.0002625942764073164,-1.788744970385735e-05,0.0,0.0,0.0
320,0.8250000000000001,0.36450030063310246,0.8171470976734555,0.0009406967016685706,0.004029600749340835,0.0011491791687184539,4.283634397987459,1.2216255958802507,-0.0002625568440521425,-1.7721009699240084e-05,0.0,0.0,0.0
320,0.8375,0.3618139934624115,0.8204601562576266,0.0008823947749942469,0.0039685388678795345,0.001094974756851135,4.497464151354941,1.2409125573735114,-0.00026232224789524947,-1.806929845783549e-05,0.0,0.0,0.0
320,0.8500000000000001,0.3592278618858165,0.823673195377894,0.0008278281364868317,0.0039090970813841965,0.0010408995524751924,4.722111884205543,1.2573860522458216,-0.00026190786031627604,-1.8111070359010664e-05,0.0,0.0,0.0
320,0.8625,0.35673730945337473,0.8267894181713538,0.00077676317114985,0.0038512321876983855,0.0009888163767610724,4.958051991570827,1.2729959574387621,-0.0002613298664066255,-1.8024522476953905e-05,0.0,0.0,0.0
320,0.875,0.35433797756762575,0.8298119407866938,0.0007289795068387081,0.003794900932318866,0.0009400086140964503,5.205771762742454,1.2894856512124613,-0.00026060332116581344,-1.793747411690809e-05,0.0,0.0,0.0
320,0.8875000000000001,0.35202573256989184,0.8327437925073636,0.0006842695189833356,0.0037400601965726712,0.0008930650168511666,5.465770566734473,1.3051363418584716,-0.00025974220759509355,-1.7747617318765633e-05,0.0,0.0,0.0
320,0.9,0.3497966534751488,0.8355879161656036,0.0006424378083131081,0.0036866671600508764,0.0008485357168222049,5.738558833782222,1.3208060077445656,-0.00025875949489771033,-1.7518322223273224e-05,0.0,0.0,0.0
320,0.9125000000000001,0.34764702033840494,0.8383471688111767,0.0006033006617585514,0.0036346794398960216,0.0008093357676786346,6.024656809262156,1.341513144241405,-0.000257667196141685,-1.751298400320708e-05,0.0,0.0,0.0
320,0.925,0.34557330323265756,0.8410243226018375,0.0005666855049991165,0.0035840552093327842,0.0007706311290906419,6.324593055081535,1.3598920782204291,-0.00025647642486836174,-1.7335378047779658e-05,0.0,0.0,0.0
320,0.9375,0.34357215181645545,0.8436220658855786,0.0005324303536364482,0.0035347532976337873,0.0007368542459522743,6.638902672418583,1.3839448501003568,-0.0002551974502397738,-1.7376030846845217e-05,0.0,0.0,0.0
320,0.9500000000000001,0.3416403854677262,0.8461430044474721,0.0005003832686785385,0.003486733273525204,0.0007036297393211465,6.968125218761437,1.4061815879243151,-0.00025383975041196657,-1.7275950004621685e-05,0.0,0.0,0.0
320,0.9625,0.33977498395969763,0.8485896628965067,0.0004704018209026971,0.003439955513860642,0.0006730895264269498,7.312802291579987,1.4308820598000591,-0.00025241206390142537,-1.7228454969561474e-05,0.0,0.0,0.0
320,0.9750000000000001,0.3379730786543516,0.8509644861702198,0.00044235256770598066,0.0033943812592267947,0.0006442892164675632,7.673474750762484,1.4565061073541776,-0.0002509224387792692,-1.7164615144734518e-05,0.0,0.0,0.0
320,0.9875,0.3362319441888,0.8532698411371303,0.00041611054523310283,0.003349972657990599,0.0006153147217886947,8.050679552266486,1.4787289792043092,-0.0002493782795843872,-1.6932355007225314e-05,0.0,0.0,0.0
320,1.0,0.334548990630198,0.8555080182790066,0.00039155877787762247,0.0033066928001549423,0.0005900284083332217,8.444946166392453,1.5068705943239733,-0.00024778639189357223,-1.6869918588725932e-05,0.0,0.0,0.0
320,1.0125,0.33292175607524416,0.8576812334368823,0.000368587806667394,0.0032645057422579804,0.0005646716531072794,8.8567925558205,1.531986796342472,-0.00024615302452519984,-1.666712694739026e-05,0.0,0.0,0.0
320,1.0250000000000001,0.33134789967091516,0.8597916296064418,0.00034709523755604884,0.0032233765244295423,0.000542945393143602,9.286720691202317,1.56425480501134,-0.0002444839093842469,-1.6647263224942014e-05,0.0,0.0,0.0
320,1.0375,0.3298251950337952,0.8618412787699672,0.00032698531023632986,0.0031832711806063195,0.0005222322673184955,9.735211585822,1.597112319636164,-0.00024278429898144915,-1.6595991351984084e-05,0.0,0.0,0.0
320,1.05,0.3283515240461651,0.8638321837534707,0.00030816848775713985,0.003144156742805198,0.0005008172328020085,10.202719835790063,1.6251409624876718,-0.00024105900167908494,-1.637514332881384e-05,0.0,0.0,0.0
320,1.0625,0.32692487100787326,0.8657662800989456,0.00029056106695423615,0.003106001240260483,0.0004804079451573701,10.689667658570663,1.6533803038141897,-0.000239312414731031,-1.6136984647266387e-05,0.0,0.0,0.0
320,1.075,0.3255433171239088,0.867645437942855,0.00027408480948576397,0.0030687736941455252,0.00046228146161381666,11.196438430510385,1.6866365650878132,-0.00023754855519607973,-1.599671543088448e-05,0.0,0.0,0.0
320,1.0875000000000001,0.32420503530851236,0.8694714638930545,0.00025866659309033824,0.003032444108521582,0.000445810185035814,11.723369733572488,1.7234934736242367,-0.00023577108881165572,-1.5907205315365443e-05,0.0,0.0,0.0
320,1.1,0.32290828528757987,0.8712461028973341,0.0002442380825503942,0.002996983458086398,0.0004281486242516458,12.270745932784761,1.7529969928555469,-0.00023398335692056038,-1.563239604460639e-05,0.0,0.0,0.0
320,1.1125,0.32165140898202915,0.8729710400976349,0.00023073541974089268,0.002962363673231098,0.0004146336714424075,12.838790319049076,1.797009197408988,-0.00023218840154666745,-1.563135139462876e-05,0.0,0.0,0.0
320,1.125,0.32043282615569796,0.8746479026648124,0.00021809893206803623,0.0029285576228563356,0.0003989562830852099,13.427656866943156,1.8292445510955322,-0.00023038898871700545,-1.5372874836459762e-05,0.0,0.0,0.0
320,1.1375,0.31925103031222046,0.8762782616095244,0.00020627285854984376,0.002895539095346518,0.00038472197511181625,14.037421673907913,1.8651119580953113,-0.00022858763012771732,-1.5168174907767663e-05,0.0,0.0,0.0
320,1.1500000000000001,0.3181045848261808,0.8778636335654847,0.00019520509275632562,0.0028632827780540005,0.00037232894029018784,14.668074165607116,1.9073730865975191,-0.0002267866032503024,-1.505552704037829e-05,0.0,0.0,0.0
320,1.1625,0.31699211929466276,0.8794054825418978,0.00018484694180828673,0.002831764235602941,0.0003597845237101948,15.31950817200911,1.9463915398900347,-0.00022498796997254562,-1.4869694461662189e-05,0.0,0.0,0.0
320,1.175,0.3159123260961061,0.880905221642413,0.00017515290062749763,0.002800959887284521,0.0003514059903259191,15.991512999498635,2.00628130660116,-0.00022319359386584702,-1.4981512624365826e-05,0.0,0.0,0.0
320,1.1875,0.3148639571441342,0.8823642147484123,0.0001660804406347839,0.002770846983781322,0.00034424396671199793,16.68376464555812,2.0727544158496136,-0.00022140515616745577,-1.5143899716563193e-05,0.0,0.0,0.0
320,1.2000000000000002,0.31384582082473955,0.8837837781648498,0.00015758981210429288,0.0027414035834281212,0.00033839835400589736,17.395817323608846,2.147336490140273,-0.00021962417056252544,-1.536872606163638e-05,0.0,0.0,0.0
320,1.2125000000000001,0.3128567791058988,0.885165182227249,0.00014964385940016665,0.0027126085281891916,0.0003287382752297264,18.127095485657936,2.196804309561668,-0.00021785199684706716,-1.522302534551258e-05,0.0,0.0,0.0
320,1.225,0.3118957448093416,0.8865096528687763,0.00014220784834452553,0.0026844414195079224,0.00031926375678542564,18.876886548514207,2.24505018887529,-0.00021608985354888875,-1.504975221747651e-05,0.0,0.0,0.0
320,1.2375,0.3109616790348127,0.8878183731466185,0.0001352493049918968,0.0026568825941628866,0.00031010153830705693,19.6443345444331,2.2928142834126657,-0.00021433882957953414,-1.4862439831788613e-05,0.0,0.0,0.0
320,1.25,0.31005358872775274,0.8890924847271389,0.0001287378651139199,0.002629913100245301,0.0003015096732179482,20.428434927968517,2.3420434458124872,-0.0002125998949861674,-1.4685603688842404e-05,0.0,0.0,0.0
320,1.2625000000000002,0.30917052438187237,0.8903330893295154,0.00012264513372855352,0.0026035146733556715,0.00029548421729271664,21.228030776320452,2.409261650337487,-0.00021087391086830503,-1.4691322102953866e-05,0.0,0.0,0.0
320,1.2750000000000001,0.3083115778686141,0.8915412501277713,0.00011694455403936538,0.002577669713102298,0.000287684817148418,22.04181061936936,2.4600103827971225,-0.00020916163852034928,-1.4512922364269473e-05,0.0,0.0,0.0
320,1.2875,0.3074758803859877,0.8927179931112723,0.00011161128518227439,0.002552361259970917,0.0002800478583674854,22.868308126750897,2.509135683816688,-0.00020746374785703467,-1.4317108720742936e-05,0.0,0.0,0.0
320,1.3,0.3066626005197238,0.8938643084039246,0.0001066220882088881,0.0025275729726229107,0.0002730125983375361,23.70590386178734,2.5605632277869566,-0.00020578082517519196,-1.414319336093508e-05,0.0,0.0,0.0
320,1.3125,0.30587094241012475,0.8949811515424322,0.00010195521976696164,0.00250328910566907,0.00026643678666188764,24.55282928515893,2.613272643331851,-0.00020411338030167924,-1.3980933186068712e-05,0.0,0.0,0.0
320,1.3250000000000002,0.3051001440183987,0.8960694447140912,9.75903329692667e-05,0.0024794944879567883,0.0002594225220843333,25.40717315451352,2.6582809402446768,-0.00020246185317393937,-1.3755736074780666e-05,0.0,0.0,0.0
320,1.3375000000000001,0.3043494754866459,0.8971300779546897,9.350838497203419e-05,0.0024561745014004617,0.0002550223203709049,26.26689041988092,2.727266869673507,-0.00020082661989641635,-1.3728684508904013e-05,0.0,0.0,0.0
320,1.35,0.3036182375860235,0.8981639103071671,8.96915508130132e-05,0.0024333150603778743,0.0002523765254203793,27.12981365938015,2.813827201477739,-0.00019920799831301322,-1.3828222841626122e-05,0.0,0.0,0.0
320,1.3625,0.30290576024795385,0.8991717709417506,8.612314308693624e-05,0.0024109025917092375,0.00024991715691564134,27.993667036461655,2.9018582921824474,-0.0001976062531328956,-1.3922491175439934e-05,0.0,0.0,0.0
320,1.375,0.30221140117355516,0.9001544602383509,8.278753706271249e-05,0.002388924015230179,0.00024426849353790283,28.856082690569018,2.9505466910178364,-0.00019602160064423465,-1.372588130039118e-05,0.0,0.0,0.0
320,1.3875000000000002,0.30153454451677175,0.9011127508320347,7.967010087197634e-05,0.0023673667249654168,0.00023908840529365949,29.71461939993764,3.0009803260806205,-0.00019445421304794248,-1.355055587584307e-05,0.0,0.0,0.0
320,1.4000000000000001,0.3008745996369559,0.90204738862244,7.67571304226279e-05,0.002346218570905851,0.00023438689191197958,30.566783281077285,3.0536171769506724,-0.00019290422244107398,-1.3398529726594893e-05,0.0,0.0,0.0
320,1.4125,0.30023099991691526,0.9029590937480185,7.403578871375923e-05,0.0023254678413884,0.0002306547625473844,31.410050217459517,3.115449521840756,-0.00019137172447734446,-1.331261277585814e-05,0.0,0.0,0.0
320,1.425,0.2996032016426825,0.9038485615260176,7.149404924984231e-05,0.0023051032460750013,0.000228556303293167,32.24188964342491,3.1968577202062884,-0.00018985678173013854,-1.3350291593682598e-05,0.0,0.0,0.0
320,1.4375,0.298990682941493,0.9047164633591263,6.912064327231107e-05,0.0022851138995247456,0.00022410041076124476,33.05978925170298,3.2421632692040756,-0.00018835942678145694,-1.3173280236559365e-05,0.0,0.0,0.0
320,1.4500000000000002,0.29839294277466893,0.9055634476097195,6.690501054571472e-05,0.0022654893053510035,0.00021969162327813903,33.86128014736721,3.2836348352120592,-0.00018687966505844954,-1.2986862082256068e-05,0.0,0.0,0.0
320,1.4625000000000001,0.2978094999823091,0.9063901404426402,6.483725345351641e-05,0.0022462193409537117,0.0002156374760593253,34.643961940246086,3.325826813653075,-0.0001854174774375166,-1.2818018921493758e-05,0.0,0.0,0.0
320,1.475,0.2972398923768713,0.907197146637455,6.290809417537277e-05,0.002227294242815532,0.00021170492710144803,35.405527253875576,3.3653050513859974,-0.00018397282263441354,-1.2647730798716397e-05,0.0,0.0,0.0
320,1.4875,0.29668367588291056,0.907985050371122,6.110883473344703e-05,0.002208704592349461,0.00020800381079876508,36.14378513325764,3.403825514036798,-0.00018254563939736117,-1.2486072965552034e-05,0.0,0.0,0.0
320,1.5,0.29614042372039884,0.9087544159719948,5.9431319709986886e-05,0.002190441302284524,0.00020443039493266426,36.85668285633644,3.4397754572882486,-0.00018113584851883567,-1.2324921393927577e-05,0.0,0.0,0.0
320,1.5125000000000002,0.295609725629209,0.9095057886460853,5.786790145212554e-05,0.0021724956035754834,0.0002028045007823623,37.54232569454419,3.504611290425724,-0.00017974335468048542,-1.2319610943070126e-05,0.0,0.0,0.0
320,1.5250000000000001,0.2950911871324884,0.910239695176485,5.6411407592674814e-05,0.002154859032821941,0.00019978867799679147,38.19899422438372,3.541636107352418,-0.00017836804814448765,-1.2187067984349917e-05,0.0,0.0,0.0
320,1.5375,0.2945844288367821,0.9109566445968399,5.505511072762127e-05,0.0021375234201818313,0.00019666128487487957,38.8251588623076,3.5720804531270183,-0.00017700980630360786,-1.2036524802516956e-05,0.0,0.0,0.0
320,1.55,0.2940890857668964,0.9116571288397554,5.3792700102174695e-05,0.002120480877764051,0.00019332706162556292,39.41949137590001,3.5939274522073528,-0.0001756684951012595,-1.1860420729488e-05,0.0,0.0,0.0
320,1.5625,0.29360480673360634,0.9123416233609869,5.261825516758808e-05,0.0021037237884848343,0.00019037820629485167,39.980873211863766,3.618101848655014,-0.00017434397033196596,-1.1709595845817406e-05,0.0,0.0,0.0
320,1.5750000000000002,0.29313125373242815,0.9130105877402573,5.1526220880620856e-05,0.0020872447953724583,0.0001876046350220361,40.50840057159085,3.640954679301829,-0.0001730360788318062,-1.1566665202020299e-05,0.0,0.0,0.0
320,1.5875000000000001,0.2926681013717774,0.9136644662595194,5.051138462650579e-05,0.0020710367913048776,0.00018504710819925054,41.00138625418127,3.6634732856273216,-0.00017174465956766162,-1.1435536503683303e-05,0.0,0.0,0.0
320,1.6,0.2922150363289364,0.9143036884594661,4.9568854654627e-05,0.0020550929091650554,0.00018262534033127795,41.459358370977064,3.684275975382675,-0.00017046954463338643,-1.1309801282515333e-05,0.0,0.0,0.0
320,1.6125,0.291771756832339,0.9149286696750675,4.869403992389633e-05,0.0020394065123989077,0.00018242845634990724,41.88205611171893,3.7464226963920795,-0.00016921056016037597,-1.1367425396210927e-05,0.0,0.0,0.0
320,1.625,0.2913379721687769,0.9155398115508903,4.788263126203002e-05,0.0020239711859610155,0.00018165775346132474,42.26942280772244,3.793813094088999,-0.0001679675271494138,-1.1370885386940052e-05,0.0,0.0,0.0
320,1.6375000000000002,0.2909134022142024,0.9161375025369386,4.7130583749637907e-05,0.00200878072763354,0.00017919523893101912,42.621596590111686,3.8021009856979724,-0.0001667402622301317,-1.1225495690417403e-05,0.0,0.0,0.0
320,1.6500000000000001,0.2904977769868871,0.916722118365733,4.643410024628181e-05,0.0019938291397040954,0.00017687444035827696,42.93889898003893,3.8091497287586638,-0.00016552857835391415,-1.1087428909519589e-05,0.0,0.0,0.0
320,1.6625,0.2900908362217594,0.9172940225113179,4.578961598144186e-05,0.001979110620988632,0.000174565670238275,43.22182177266455,3.812341870458686,-0.00016433228542561118,-1.0945964611830815e-05,0.0,0.0,0.0
320,1.675,0.289692328964818,0.9178535666308724,4.5193784138716563e-05,0.0019646195591857965,0.0001723769549231981,43.47101258782949,3.8141739668028016,-0.0001631511908790018,-1.0810569516680931e-05,0.0,0.0,0.0
320,1.6875,0.28930201318657517,0.9184010909895759,4.464346236657972e-05,0.0019503505235495572,0.00017037444541763438,43.68725945883619,3.8163358392465856,-0.0001619851002005531,-1.0687133559339647e-05,0.0,0.0,0.0
320,1.7000000000000002,0.28891965541354636,0.9189369248693581,4.4135700153657535e-05,0.0019362982578673116,0.00016843673513135786,43.87147481803005,3.816337670977209,-0.0001608338174056606,-1.0565587973104527e-05,0.0,0.0,0.0
320,1.7125000000000001,0.2885450303768563,0.9194613869621411,4.366772701079939e-05,0.001922457673731056,0.00016657177848521847,44.024679215742474,3.8145282543335473,-0.0001596971454712218,-1.0446844375325623e-05,0.0,0.0,0.0
320,1.725,0.28817792067708453,0.9199747857481653,4.323694140621964e-05,0.0019088238440896227,0.0001683174384320388,44.147985079606904,3.8929080771616817,-0.0001585748867280893,-1.063184224719463e-05,0.0,0.0,0.0
320,1.7375,0.2878181164645227,0.9204774198599656,4.284090040370917e-05,0.0018953919970703683,0.00016642307494444048,44.24258078633345,3.8846773381549085,-0.00015746684321666602,-1.0504484835962163e-05,0.0,0.0,0.0
320,1.75,0.2874654151340595,0.9209695784325471,4.247730995736014e-05,0.0018821575100591258,0.00016449608057225092,44.30971527972195,3.8725635106690253,-0.0001563728170086501,-1.0371595502265717e-05,0.0,0.0,0.0
320,1.7625000000000002,0.2871196210339558,0.921451541440293,4.214401581946624e-05,0.0018691159040276017,0.00016269472646031428,44.35068342880273,3.860446692058375,-0.00015529261049769153,-1.0246810404472084e-05,0.0,0.0,0.0
320,1.7750000000000001,0.2867805451878108,0.921923580021108,4.183899502122832e-05,0.0018562628380978164,0.0001656922384201988,44.36681228017029,3.9602346647219817,-0.00015422602666151,-1.0527525688912493e-05,0.0,0.0,0.0
320,1.7875,0.2864480050290593,0.9223859567882989,4.156034788867256e-05,0.001843594104333563,0.00016358020041896308,44.35944832011481,3.935968025511825,-0.00015317286929781573,-1.0371687465074694e-05,0.0,0.0,0.0
320,1.8,0.2861218241473755,0.9228389261306615,4.130629055875254e-05,0.001831105622749258,0.0001640787703909306,44.32994582616323,3.972246555462322,-0.00015213294323619298,-1.0435660785735136e-05,0.0,0.0,0.0
320,1.8125,0.2858018320463937,0.923282734501229,4.107514796300184e-05,0.0018187934365268912,0.00016244847763224917,44.27965635486346,3.9549091284728553,-0.0001511060545279306,-1.0316733021886024e-05,0.0,0.0,0.0
320,1.8250000000000002,0.2854878639121861,0.9237176206951281,4.0865347248318054e-05,0.0018066537074322114,0.0001608526796185127,44.20991938363059,3.9361632886927964,-0.00015009201061563096,-1.0198923251466546e-05,0.0,0.0,0.0
320,1.8375000000000001,0.2851797603919716,0.9241438161169608,4.067541160652819e-05,0.0017946827114215685,0.00016055943340189307,44.12205409947299,3.947333955832032,-0.00014909062048427843,-1.0190141852606017e-05,0.0,0.0,0.0
320,1.85,0.28487736738255376,0.9245615450381224,4.0503954486299584e-05,0.0017828768344312397,0.00015907301388168118,44.017352306533326,3.9273452653984053,-0.00014810169479531992,-1.0078370048607436e-05,0.0,0.0,0.0
320,1.8625,0.28458053582801496,0.9249710248444483,4.034967416274693e-05,0.0017712325683413605,0.00015973905695683318,43.89707240750561,3.9588685725822583,-0.00014712504600518215,-1.0148097537497332e-05,0.0,0.0,0.0
320,1.875,0.28428912152621955,0.9253724662745638,4.0211348641742305e-05,0.0017597465071069313,0.00015838912558518477,43.76243440092398,3.9389160258297164,-0.00014616048846954107,-1.004511104019261e-05,0.0,0.0,0.0
320,1.8875000000000002,0.2840029849436992,0.9257660736493032,4.008783087747828e-05,0.0017484153430486703,0.0001570351970256418,43.61461582674323,3.9172784754953063,-0.00014520783853455135,-9.9405261225939e-06,0.0,0.0,0.0
320,1.9000000000000001,0.28372199103852147,0.9261520450925461,3.997804428326924e-05,0.001737235863296801,0.000155492730215548,43.45474858618414,3.8894531486779482,-0.0001442669146161502,-9.818748304243693e-06,0.0,0.0,0.0
320,1.9125,0.2834460090907577,0.9265305727438046,3.988097851690886e-05,0.0017262049463811365,0.00015540866477835002,43.283916558096855,3.8968117272363156,-0.00014333753726845935,-9.819853332222499e-06,0.0,0.0,0.0
320,1.925,0.28317491254018967,0.9269018429628857,3.979568552314839e-05,0.0017153195589611338,0.00015665597340408337,43.10315393268864,3.93650646658567,-0.00014241952924222876,-9.933124469879475e-06,0.0,0.0,0.0
320,1.9375,0.2829085788309146,0.9272660365269367,3.972127581700891e-05,0.001704576752689824,0.00015534063611709564,42.913444183983465,3.910766533097554,-0.0001415127155341893,-9.827645625507374e-06,0.0,0.0,0.0
320,1.9500000000000002,0.2826468892625203,0.927623328820174,3.965691499272452e-05,0.0016939736612058324,0.0001565387722999321,42.71571960442737,3.9473260168787916,-0.00014061692342811418,-9.934957871112645e-06,0.0,0.0,0.0
320,1.9625000000000001,0.282389728847525,0.9279738900165783,3.960182044411162e-05,0.0016835074972479172,0.00015505176988790835,42.510861328301324,3.915268746463976,-0.0001397319825283235,-9.813245702722724e-06,0.0,0.0,0.0
320,1.975,0.28213698617478883,0.9283178852558317,3.955525828309122e-05,0.0016731755498867091,0.0001537112515855967,42.299699774731224,3.885987811923959,-0.00013885772478630754,-9.703259430712967e-06,0.0,0.0,0.0
320,1.9875,0.28188855327861956,0.9286554748127616,3.951654044396352e-05,0.0016629751818685759,0.00015376180438317295,42.083015445817175,3.8910745388052144,-0.00013799398452109206,-9.710847434832802e-06,0.0,0.0,0.0
320,2.0,0.28164432551330915,0.928986814260544,3.9485021961843116e-05,0.001652903827066748,0.00015238054976156836,41.86154002051851,3.8591988098379013,-0.00013714059843391693,-9.596119862976647e-06,0.0,0.0,0.0
320,2.0125,0.28140420143285133,0.9293120546279079,3.946009841441619e-05,0.0016429589880350482,0.0001511833264239806,41.63595769023263,3.831296233380602,-0.00013629740561775373,-9.496474380812977e-06,0.0,0.0,0.0
320,2.025,0.28116808267560317,0.9296313425505784,3.944120351688449e-05,0.0016331382336598054,0.0001523772463876306,41.406906687334505,3.8634025536872634,-0.0001354642475621483,-9.59956364401342e-06,0.0,0.0,0.0
320,2.0375,0.28093587385366475,0.9299448204171766,3.942780686061925e-05,0.001623439196905669,0.00015124644092903404,41.17498096317324,3.836034843725989,-0.00013464096815382924,-9.504583895815258e-06,0.0,0.0,0.0
320,2.0500000000000003,0.28070748244676286,0.9302526265097995,3.9419411786657686e-05,0.0016138595726513042,0.00015205066178017567,40.940731977069944,3.857253441606157,-0.00013382741367349497,-9.57365624944903e-06,0.0,0.0,0.0
320,2.0625,0.2804828187004349,0.9305548951394792,3.941555338574226e-05,0.001604397115611058,0.00015099173017251908,40.70467056264684,3.830765198063593,-0.00013302343278915186,-9.48397502687603e-06,0.0,0.0,0.0
320,2.075,0.28026179552832037,0.9308517567767247,3.9415796617143196e-05,0.0015950496383388996,0.00014987357238166476,40.467268842288505,3.8023732930588525,-0.0001322288765463493,-9.388910939984334e-06,0.0,0.0,0.0
320,2.0875,0.28004432841837457,0.9311433381773346,3.941973453898776e-05,0.0015858150093111018,0.0001487047586452537,40.228962164691005,3.7723429745113712,-0.00013144359835562971,-9.289227049032607e-06,0.0,0.0,0.0
320,2.1,0.27983033534283086,0.9314297625036656,3.942698664329976e-05,0.001576691151084247,0.0001474367450839771,39.99015104422622,3.739488041981331,-0.00013066745397748053,-9.180829467457575e-06,0.0,0.0,0.0
320,2.1125000000000003,0.27961973667174456,0.931711149441529,3.943719728936812e-05,0.0015676760385253652,0.00014845950519644466,39.751203084302226,3.7644537492644763,-0.00012990030150505978,-9.266896172101508e-06,0.0,0.0,0.0
320,2.125,0.2794124550899602,0.9319876153128879,3.9450034229480067e-05,0.0015587676971110691,0.0001472091011884142,39.51245486996915,3.7315329140680027,-0.00012914200134493507,-9.159520691509401e-06,0.0,0.0,0.0
320,2.1375,0.27920841551735104,0.9322592731845136,3.946518722142479e-05,0.0015499642012927564,0.0001460725648493371,39.27421381777494,3.7013017074967154,-0.0001283924161960632,-9.061627098372548e-06,0.0,0.0,0.0
320,2.15,0.2790075450321884,0.9325262329727598,3.948236672252725e-05,0.00154126367292506,0.00014489872611718485,39.0367599732989,3.669960494909003,-0.0001276514110272153,-8.960390548545896e-06,0.0,0.0,0.0
320,2.1625,0.2788097727975037,0.9327886015445974,3.950130266030283e-05,0.0015326642797548248,0.00014378869977709196,38.80034774891332,3.640100201596481,-0.00012691885305303439,-8.864428754927077e-06,0.0,0.0,0.0
320,2.1750000000000003,0.27861502999031323,0.9330464828150631,3.9521743275124144e-05,0.001524164233968057,0.00014279978751781437,38.56520759617907,3.6131955648751886,-0.0001261946117088993,-8.778633760628671e-06,0.0,0.0,0.0
320,2.1875,0.27842324973358246,0.9332999778412492,3.954345403058906e-05,0.0015157617907923702,0.0001430392000944434,38.33154760886199,3.6172662100734705,-0.0001254785586247514,-8.797138415427619e-06,0.0,0.0,0.0
320,2.2,0.27823436703080995,0.933549184912973,3.9566216587540905e-05,0.001507455247152576,0.0001419219561953964,38.09955505392603,3.5869478670368125,-0.000124770567598028,-8.700237866667718e-06,0.0,0.0,0.0
320,2.2125,0.27804831870312247,0.9337941996402485,3.958982783793898e-05,0.001499242940377174,0.00014090062290868528,37.869397829016265,3.559010751081369,-0.00012407051456583498,-8.611417581013436e-06,0.0,0.0,0.0
320,2.225,0.27786504332876977,0.9340351150376842,3.961409899502591e-05,0.0014911232469535848,0.00014002523225615436,37.64122584589935,3.5347322243460955,-0.0001233782775764775,-8.534946327195918e-06,0.0,0.0,0.0
320,2.2375000000000003,0.27768448118491973,0.9342720216059258,3.963885473644347e-05,0.0014830945813300801,0.0001390403686292337,37.41517234014689,3.5076787549414665,-0.00012269373676045912,-8.449128680887169e-06,0.0,0.0,0.0
320,2.25,0.27750657419165614,0.9345050074102477,3.9663932397163035e-05,0.0014751553947624418,0.00013801513581593672,37.19135510799611,3.4796130256063127,-0.0001220167743010487,-8.359852290595764e-06,0.0,0.0,0.0
320,2.2625,0.2773312658580854,0.9347341581564118,3.968918120928673e-05,0.001467304174203469,0.00013702449505587094,36.96987767185632,3.4524394527899473,-0.0001213472744045055,-8.273501676959659e-06,0.0,0.0,0.0
320,2.275,0.2771585012304646,0.9349595572638882,3.971446158595466e-05,0.001459539441233554,0.00013606275648412664,36.75083037635167,3.426025459004242,-0.00012068512327004595,-8.189605066344619e-06,0.0,0.0,0.0
320,2.2875,0.27698822684226604,0.9351812859365417,3.973964444676451e-05,0.0014518597510305973,0.00013492509379928294,36.53429141711417,3.3952264968054635,-0.0001200302090596258,-8.090763194964066e-06,0.0,0.0,0.0
320,2.3000000000000003,0.2768203906660978,0.9353994232308758,3.9764610582263204e-05,0.001444263691377636,0.0001338918824237289,36.32032780479038,3.367111621695364,-0.0001193824218676067,-8.000818106524584e-06,0.0,0.0,0.0
320,2.3125,0.2766549420674036,0.9356140461219307,3.9789250055225205e-05,0.0014367498817066096,0.00013294483801194686,36.108996266893264,3.341225025036336,-0.00011874165369036768,-7.918224976321341e-06,0.0,0.0,0.0
320,2.325,0.2764918317598681,0.9358252295669186,3.9813461636563435e-05,0.0014293169721767782,0.00013396800043073058,35.9003440902546,3.364892047158707,-0.00011810779839591827,-8.003135797504209e-06,0.0,0.0,0.0
320,2.3375,0.2763310117624578,0.9360330465666803,3.983715227385271e-05,0.0014219636427863468,0.00013311497568268708,35.694409906896354,3.34147819521873,-0.00011748075169356202,-7.928614989750922e-06,0.0,0.0,0.0
320,2.35,0.2761724353580313,0.9362375682250491,3.9860236590567315e-05,0.0014146886025159441,0.00013372109772319334,35.49122442616714,3.3547492228091196,-0.00011686041110365703,-7.978173196273213e-06,0.0,0.0,0.0
320,2.3625000000000003,0.27601605705345383,0.9364388638061956,3.9882636414246235e-05,0.0014074905885026342,0.00013443648457120983,35.29081111598412,3.3708023505484355,-0.00011624667592751299,-8.037077093341906e-06,0.0,0.0,0.0
320,2.375,0.27586183254115526,0.9366370007900263,3.99042803319071e-05,0.0014003683652432214,0.0001336141055860019,35.09318683598711,3.3483652499094263,-0.00011563944721746172,-7.96533514659806e-06,0.0,0.0,0.0
320,2.3875,0.2757097186620747,0.9368320449257159,3.9925103271131374e-05,0.0013933207238256422,0.0001328681776670285,34.89836242535433,3.32793572917572,-0.00011503862774713343,-7.900161323651258e-06,0.0,0.0,0.0
320,2.4000000000000004,0.2755596733699337,0.9370240602834324,3.994504610533845e-05,0.001386346481187311,0.00013410145932958546,34.70634324795617,3.3571486931307732,-0.00011444412198196768,-8.003295124060995e-06,0.0,0.0,0.0
320,2.4125,0.27541165569678633,0.9372131093043282,3.99640552818482e-05,0.0013794444793993215,0.00013338913925451128,34.51712969744263,3.337727823509869,-0.00011385583604998524,-7.941132137676361e-06,0.0,0.0,0.0
320,2.4250000000000003,0.2752656257197948,0.9373992528488571,3.9982082471423026e-05,0.0013726135849754539,0.00013448139001525391,34.330717664757,3.363541409114289,-0.00011327367771284264,-8.032441141225625e-06,0.0,0.0,0.0
320,2.4375,0.2751215445291817,0.9375825502434815,3.999908423805139e-05,0.0013658526882050002,0.000133683550632717,34.14709897047232,3.342165281512694,-0.00011269755633719065,-7.963179643546578e-06,0.0,0.0,0.0
320,2.45,0.27497937419731266,0.9377630593258256,4.0015021727811745e-05,0.0013591607025084346,0.0001327856081568339,33.966261764235746,3.31839400363348,-0.00011212738286635294,-7.885499846466884e-06,0.0,0.0,0.0
320,2.4625000000000004,0.27483907774886435,0.9379408364883323,4.0029860375720015e-05,0.0013525365638150301,0.00013435391831682328,33.788190893501266,3.35634241678033,-0.00011156306979234136,-8.017544924993778e-06,0.0,0.0,0.0
320,2.475,0.27470061913203553,0.9381159367204781,4.00435696295341e-05,0.0013459792299615342,0.0001336027469594401,33.61286824361453,3.336434493614713,-0.00011100453112822001,-7.95253007304201e-06,0.0,0.0,0.0
320,2.4875000000000003,0.27456396319076076,0.9382884136496,4.0056122689543506e-05,0.0013394876801110745,0.00013275498219881605,33.44027305120929,3.3142244751879395,-0.00011045168238083015,-7.879403058288167e-06,0.0,0.0,0.0
320,2.5,0.274429075637887,0.9384583195803793,4.006749626343049e-05,0.001333060914191486,0.00013201818294010615,33.27038219276425,3.294894746408171,-0.00010990444052388473,-7.81580836751743e-06,0.0,0.0,0.0
480,0.0,1.0,0.26409195184164375,0.00904281695326705,0.004507887611690774,0.004507887611690774,0.49850479501988965,0.49850479501988965,0.0003854689940339836,0.0003854689940339836,1.0,1.0,0.0
480,0.0125,0.9991113423992675,0.27493997055625136,0.009476833828209602,0.004594920151771709,0.004594920151771709,0.484858153584381,0.484858153584381,0.000414962662497221,0.000414962662497221,1.0,1.0,0.0
480,0.025,0.9964458593499054,0.28597265538016053,0.009895138155650449,0.004681319049457492,0.004681319049457492,0.4730928437602768,0.4730928437602768,0.00044317462402640136,0.00044317462402640136,1.0,1.0,0.0
480,0.037500000000000006,0.9920219470317241,0.29717412123969494,0.010293303458718516,0.00476620007030644,0.004759312214699974,0.46303891548727516,0.46236975658857077,0.0004698037880150265,0.0004703892557415762,1.0,1.0,0.0
480,0.05,0.9858816255429677,0.308527610500356,0.010667033250135856,0.0048486934316407625,0.004971898705645621,0.45454938762649955,0.4660994851199417,0.000494558884572083,0.00048408643628167,1.0,1.0,0.0
480,0.0625,0.9780899059271021,0.32001561518908384,0.011012258861536787,0.004927959097619355,0.008304570514910741,0.44749757153199055,0.7541205323384325,0.0005171654799329817,0.00023015350946321386,1.0,1.0,0.0
480,0.07500000000000001,0.9687333045860657,0.3316200088243894,0.011325232576600258,0.0050032013923824396,0.008501773995550214,0.4417747148716269,0.7506931039205533,0.0005373726506585146,0.00023999397938925376,1.0,1.0,0.0
480,0.08750000000000001,0.9579175805678947,0.34332218545606213,0.01160261247170926,0.00507368242936695,0.008706570885379697,0.437287933363124,0.7503974563150322,0.0005549590535990963,0.0002461635348380129,1.0,1.0,0.0
480,0.1,0.945764824434929,0.35510320336220125,0.011841535767046728,0.00513873391686028,0.008920243762593193,0.43395840015622206,0.7533012556882135,0.0005697381572658482,0.0002483098203785505,1.0,1.0,0.0
480,0.1125,0.9324100679561346,0.36694393078455523,0.012039678067817843,0.005197766984309606,0.009204292299310442,0.43171976485013164,0.7644965461255637,0.0005815624420982002,0.0002410077903231291,1.0,1.0,0.0
480,0.125,0.9179976078306635,0.378825191103528,0.012195296585101156,0.005250279774024542,0.009501633804078806,0.4305167764791177,0.7791228149126636,0.0005903264289415123,0.0002289613363868998,1.0,1.0,0.0
480,0.1375,0.9026772425337433,0.3907279049571117,0.01230725621557245,0.005295862651093356,0.009771929692760285,0.43030408714433577,0.7939974208382694,0.000595968452980723,0.000215502754439034,1.0,1.0,0.0
480,0.15000000000000002,0.8866006101110279,0.4026332269848695,0.012375038172766027,0.005334200992949162,0.010010681585297847,0.4310452152534152,0.8089414711728758,0.0005984711602844336,0.0002009703099347953,1.0,1.0,0.0
480,0.1625,0.8699177893129011,0.4145226751172129,0.012398731645526224,0.005365075622122821,0.0102257222100257,0.43271164950639734,0.8247393767664452,0.0005978607619892893,0.0001847058020175446,1.0,1.0,0.0
480,0.17500000000000002,0.852774291188516,0.426378250617731,0.012379009664448545,0.005388361035575838,0.010381480873447292,0.4352820768086763,0.8386358161801922,0.0005942051334541801,0.00016978994723510648,1.0,1.0,0.0
480,0.1875,0.835308528014389,0.4381825474072605,0.012317090947105019,0.0054040216574565555,0.010486758636346436,0.4387417191822152,0.851398977354407,0.0005876108896201195,0.00015557824641447953,1.0,1.0,0.0
480,0.2,0.817649805840848,0.44991884953762884,0.012214689942493433,0.0054121063967080656,0.010528025808176801,0.44308176647857433,0.8619151085899504,0.0005782196013917563,0.0001433664514169137,1.0,1.0,0.0
480,0.21250000000000002,0.7999168498088296,0.46157121602621365,0.012073957591951175,0.005412741825872762,0.010532815694640476,0.44829889327100514,0.8723581820149786,0.0005662033401166651,0.00013099706127140943,1.0,1.0,0.0
480,0.225,0.7822168403773045,0.47312455259673075,0.011897415467281732,0.005406124313342139,0.010529277934599105,0.4543948497225428,0.885005484052814,0.0005517597480848655,0.00011629169027802333,1.0,1.0,0.0
480,0.23750000000000002,0.7646449151365986,0.4845646701860775,0.01168788594699981,0.005392511440011929,0.0104567659190141,0.4613761175002007,0.8946670053448178,0.0005351068330939699,0.00010464520237878533,1.0,1.0,0.0
480,0.25,0.7472840752847211,0.49587833036294354,0.011448420966449942,0.00537221301546484,0.010332897672871431,0.4692536229413931,0.9025609473264832,0.0005164776758337337,9.481947995417341e-05,1.0,1.0,0.0
480,0.2625,0.7302054275685712,0.5070532780549707,0.011182231650621521,0.0053455819815345935,0.010179981725116928,0.47804250068790877,0.9103712070346095,0.0004961152218723888,8.519124366789044e-05,1.0,1.0,0.0
480,0.275,0.7134686904274344,0.5180782621935649,0.010892620836175933,0.0053130054556835005,0.009978482954773556,0.4877619018958467,0.9160773247181803,0.0004742673073418568,7.770171991920206e-05,1.0,1.0,0.0
480,0.28750000000000003,0.6971228958261949,0.5289430450571967,0.01058292013843124,0.005274896126224931,0.009780439403714928,0.4984348419175405,0.9241720882120096,0.0004511820410375363,6.821086245088649e-05,1.0,1.0,0.0
480,0.30000000000000004,0.6812072243839136,0.5396384012252888,0.010256432845268818,0.005231684168912768,0.00954369802966621,0.5100880830440075,0.9305085085277592,0.00042710363749026426,6.0582459326221654e-05,1.0,1.0,0.0
480,0.3125,0.6657519195599946,0.5501561071471701,0.009916383545654947,0.005183809812239564,0.00927833284530122,0.5227520485037057,0.9356569159092982,0.0004022687673403076,5.423430953006684e-05,1.0,1.0,0.0
480,0.325,0.650779235740415,0.5604889223869394,0.009565875044339915,0.005131716638868095,0.00900435076901607,0.5364607644445981,0.9412992253483287,0.0003769034644651047,4.772956340252677e-05,1.0,1.0,0.0
480,0.3375,0.6363043842118142,0.5706305636290976,0.00920785279057756,0.005075845674384044,0.008698891983204523,0.5512518270902615,0.944725353570611,0.00035122060487644897,4.326166862670819e-05,1.0,1.0,0.0
480,0.35000000000000003,0.6223364496176734,0.5805756725257354,0.00884507676724903,0.005016630282923813,0.00838326728861491,0.5671663926647943,0.9477890932112564,0.0003254179511676435,3.9253805683900264e-05,1.0,1.0,0.0
480,0.36250000000000004,0.608879257180744,0.5903197784383677,0.008480100553275149,0.00495449186268636,0.008090534622238368,0.5842491880326651,0.9540611660688004,0.00029967673870004706,3.311310413812633e-05,1.0,1.0,0.0
480,0.375,0.5959321775560316,0.5998592570807411,0.00811525708871039,0.004889836312998933,0.0077704385158766185,0.6025485403045913,0.9575098399145642,0.0002741607659354739,2.9309578690870617e-05,1.0,1.0,0.0
480,0.3875,0.5834908615946968,0.6091912860074207,0.007752650537462344,0.00482305122830333,0.007453694935277189,0.6221164239246165,0.9614382718864287,0.00024901594127851623,2.5411226185738184e-05,1.0,1.0,0.0
480,0.4,0.571547901593196,0.6183137978207707,0.00739415355389237,0.004754503762780926,0.007153041581611136,0.6430085239815042,0.9673915383926115,0.00022437023224447273,2.0494517643904914e-05,1.0,1.0,0.0
480,0.41250000000000003,0.5600934188760158,0.627225431889693,0.007041409211715501,0.004684539101822385,0.006837597586697755,0.6652843146835219,0.9710552790088319,0.00020033395934091486,1.7323988126508395e-05,1.0,1.0,0.0
480,0.42500000000000004,0.5491155799483926,0.6359254852904084,0.006695836840728666,0.004613479472577109,0.006518890112423232,0.6890071521030451,0.9735736200695448,0.00017700037629288234,1.5040471905961897e-05,1.0,1.0,0.0
480,0.4375,0.5386010451024024,0.6444138635953246,0.006358641032606854,0.004541623624768883,0.0062158712018940505,0.714244380439094,0.9775471158097012,0.0001544464796662275,1.213543561058828e-05,1.0,1.0,0.0
480,0.45,0.5285353544076004,0.6526910320529007,0.006030823114969968,0.0044692467142327195,0.005923927282243142,0.7410674511641643,0.9822750840658078,0.00013273399406266612,9.086145781780206e-06,1.0,1.0,0.0
480,0.4625,0.5189032565961873,0.6607579676211354,0.005713194447128296,0.004396600524650968,0.005628333741352366,0.7695520545184479,0.9851465398979051,0.00011191048341057286,7.213159990954038e-06,1.0,1.0,0.0
480,0.47500000000000003,0.5096889865763955,0.6686161122412354,0.0054063909559273135,0.004323913967241341,0.0053423920783201295,0.7997782628910336,0.9881623659611559,9.201054403830764e-05,5.439904596610638e-06,1.0,1.0,0.0
480,0.48750000000000004,0.5008764972724606,0.6762673276671338,0.005110888401215201,0.004251393803242687,0.005062528410176373,0.8318306856850651,0.9905378503222004,7.305704082766371e-05,4.110599238300365e-06,1.0,1.0,0.0
480,0.5,0.49244965127361556,0.6837138521014535,0.0048270179337187415,0.004179225539595269,0.004798179168268598,0.8657986353026841,0.9940255524536811,5.50623535004952e-05,2.4512950632621683e-06,1.0,1.0,0.0
480,0.5125000000000001,0.4843923774402011,0.6909582588296213,0.004554981580396645,0.004107574453931309,0.004543910882141663,0.901776303906288,0.9975695404998721,3.8029605749553556e-05,9.410093516735259e-07,1.0,1.0,0.0
480,0.525,0.47668879721023333,0.6980034169912464,0.004294867361259015,0.0040365867106542394,0.004301394190052466,0.9398629506152987,1.0015196811087403,2.195385530140591e-05,-5.547804474433485e-07,1.0,0.0,0.0
480,0.5375,0.46932332491055095,0.7048524545815487,0.004046663805497127,0.00396639053532539,0.004070186835301143,0.9801630987820903,1.0058129439297778,6.823227964597649e-06,-1.9994575333413726e-06,1.0,0.0,0.0
480,0.55,0.46228074592912205,0.7115087237353186,0.0038102736924547588,0.003897097419679028,0.0038441586298501246,1.022786742956602,1.0088930455212355,-7.3800168140628895e-06,-2.8802196786060965e-06,0.0,0.0,0.0
480,0.5625,0.4555462761674311,0.7179757683113571,0.0035855268938863906,0.003828803334276085,0.0036321777017433213,1.0678495650958582,1.0130108654146408,-2.0678497433124033e-05,-3.965318667839112e-06,0.0,0.0,0.0
480,0.5750000000000001,0.44910560577621966,0.7242572937661381,0.0033721922378879554,0.003761589930043124,0.0034329461531269626,1.1154731595014444,1.0180161482362755,-3.309880383318935e-05,-5.16408279531561e-06,0.0,0.0,0.0
480,0.5875,0.44294492979165695,0.7303571392811915,0.003169988351963979,0.0036955257137112054,0.003245263326966895,1.165785265873809,1.02374613615103,-4.467067574851424e-05,-6.398372875247845e-06,0.0,0.0,0.0
480,0.6000000000000001,0.4370509679362457,0.7362792520889067,0.0029785934732506313,0.003630667185474202,0.003061147401577603,1.2189200097561292,1.027715742033396,-5.542626553900353e-05,-7.017083907792594e-06,0.0,0.0,0.0
480,0.6125,0.4314109755309218,0.742027663925696,0.0027976542384462377,0.00356705993004678,0.002890572570079794,1.2750181495007957,1.0332129433139534,-6.539948378604611e-05,-7.89805818885227e-06,0.0,0.0,0.0
480,0.625,0.4260127471816213,0.7476064695292359,0.0026267934851032116,0.003504739654746869,0.002723982402528686,1.3342273287270472,1.0369990705309122,-7.462542441971088e-05,-8.26105798116532e-06,0.0,0.0,0.0
480,0.6375000000000001,0.4208446146536578,0.7530198070874139,0.0024656171102527625,0.003443733170290344,0.002571640121750741,1.3967023330468817,1.0430005985345834,-8.313986510319443e-05,-9.01195597732818e-06,0.0,0.0,0.0
480,0.65,0.4158954401284393,0.758271840540209,0.002313720042519553,0.003384059311703726,0.00242500688411949,1.4626053496163753,1.0480986634315315,-9.097883788065469e-05,-9.45938153599463e-06,0.0,0.0,0.0
480,0.6625000000000001,0.41115460584680363,0.7633667436316581,0.0021706913905747303,0.0033257297981719234,0.0022863102382467454,1.5321062278186746,1.0532636044782961,-9.817826464576142e-05,-9.827602052121284e-06,0.0,0.0,0.0
480,0.675,0.40661200097885625,0.768308685606942,0.0020361188345718903,0.0032687500317797667,0.0021541158220199494,1.6053827391008082,1.0579519158924084,-0.0001047736517626695,-1.0029743933085023e-05,0.0,0.0,0.0
480,0.6875,0.4022580064189053,0.7731018184491358,0.0019095923286598395,0.003213119836013277,0.002035131500090438,1.6826208336667643,1.0657413467505406,-0.00011079983812504218,-1.067082957160089e-05,0.0,0.0,0.0
480,0.7000000000000001,0.39808347808326483,0.7777502655510481,0.0017907071822605696,0.0031588341355927594,0.0019187837376414285,1.764014891371062,1.0715228914306227,-0.00011629079103323613,-1.0886507207373007e-05,0.0,0.0,0.0
480,0.7125,0.3940797291858359,0.7822581117195176,0.0016790665859704773,0.003105883579744506,0.0018090881980903425,1.8497679637578806,1.0774368409247537,-0.00012127944447079246,-1.1051837030188536e-05,0.0,0.0,0.0
480,0.7250000000000001,0.39023851187919173,0.7866293944123814,0.0015742836450584438,0.0030542551114084763,0.0017045244538297815,1.9400920037475775,1.0827302050555843,-0.00012579757463975278,-1.1070468745563702e-05,0.0,0.0,0.0
480,0.7375,0.38655199857528394,0.7908680961118102,0.0014759829799081228,0.0030039324851497975,0.0016070218214090685,2.035208078982582,1.0887807266646818,-0.00012987570794554236,-1.1138301527580388e-05,0.0,0.0,0.0
480,0.75,0.3830127631979974,0.7949781377417252,0.0013838019486426428,0.0029548967367133212,0.0015200366329590359,2.1353465643054985,1.0984495537457686,-0.00013354305698600767,-1.1579948166893414e-05,0.0,0.0,0.0
480,0.7625000000000001,0.3796137625679421,0.7989633730413617,0.0012973915427884409,0.002907126607251201,0.0014335221493444942,2.2407473082513008,1.104926386573688,-0.00013682748047933463,-1.1571101557264537e-05,0.0,0.0,0.0
480,0.775,0.37634831807662733,0.8028275838116454,0.001216417002348307,0.002860598925279385,0.0013532530631683453,2.351659767790952,1.112491078763183,-0.00013975546344914165,-1.1631065169703268e-05,0.0,0.0,0.0
480,0.7875000000000001,0.373210097771237,0.8065744759557846,0.0011405581921919922,0.002815288949393478,0.0012746953295432234,2.4683431048641973,1.1176065704227143,-0.0001423521143621263,-1.1401656674854652e-05,0.0,0.0,0.0
480,0.8,0.37019309894150987,0.8102076762402578,0.0010695097773339823,0.0027711706747091153,0.0012056755236084,2.5910662374840028,1.127316036898554,-0.0001446411762768863,-1.15740884333255e-05,0.0,0.0,0.0
480,0.8125,0.3672916312757684,0.8137307297071467,0.0010029812305232951,0.002728217105896443,0.0011411448544324703,2.7201078373849765,1.137752950608148,-0.00014664504940671756,-1.1743908032279888e-05,0.0,0.0,0.0
480,0.8250000000000001,0.36450030063310246,0.8171470976734555,0.0009406967016685706,0.002686400499560557,0.001078025531381283,2.8557562653249726,1.145986298739141,-0.00014838482282081885,-1.1672950525580557e-05,0.0,0.0,0.0
480,0.8375,0.3618139934624115,0.8204601562576266,0.0008823947749942469,0.002645692578586356,0.0010243587140493754,2.998309434236627,1.1608848364452906,-0.0001498803133053293,-1.2066934819685915e-05,0.0,0.0,0.0
480,0.8500000000000001,0.3592278618858165,0.823673195377894,0.0008278281364868317,0.0026060647209227975,0.0009708357388521085,3.148074589470362,1.1727503524731326,-0.0001511501096770571,-1.215564620104853e-05,0.0,0.0,0.0
480,0.8625,0.35673730945337473,0.8267894181713538,0.00077676317114985,0.002567488125132257,0.0009196773623705046,3.305367994380552,1.1839868270390541,-0.0001522116210885046,-1.2147706253755642e-05,0.0,0.0,0.0
480,0.875,0.35433797756762575,0.8298119407866938,0.0007289795068387081,0.002529933954879244,0.0008712888795683154,3.4705145084949693,1.1952172473911455,-0.00015308112808344558,-1.2096296682016625e-05,0.0,0.0,0.0
480,0.8875000000000001,0.35202573256989184,0.8327437925073636,0.0006842695189833356,0.002493373464381781,0.0008252866933323198,3.6438470444896485,1.2060842554531768,-0.00015377383535886786,-1.1986459819663653e-05,0.0,0.0,0.0
480,0.9,0.3497966534751488,0.8355879161656036,0.0006424378083131081,0.0024577781067005844,0.0007816388327242477,3.825705889188148,1.2166762643946019,-0.0001543039253629355,-1.1832087074946867e-05,0.0,0.0,0.0
480,0.9125000000000001,0.34764702033840494,0.8383471688111767,0.0006033006617585514,0.0024231196265973474,0.0007428638492075605,4.016437872841437,1.231332727271007,-0.00015468461201129766,-1.1862870933165775e-05,0.0,0.0,0.0
480,0.925,0.34557330323265756,0.8410243226018375,0.0005666855049991165,0.0023893701395551895,0.0007049108950234823,4.216395370054356,1.243919049993314,-0.0001549281939372662,-1.1749158152071097e-05,0.0,0.0,0.0
480,0.9375,0.34357215181645545,0.8436220658855786,0.0005324303536364482,0.002356502198422525,0.0006710378016219701,4.425935114945722,1.260329725829578,-0.00015504610680681653,-1.1781633078769357e-05,0.0,0.0,0.0
480,0.9500000000000001,0.3416403854677262,0.8461430044474721,0.0005003832686785385,0.0023244888490168026,0.000638642098299053,4.645416812507625,1.2763058604769941,-0.00015504897432875247,-1.1752000517743731e-05,0.0,0.0,0.0
480,0.9625,0.33977498395969763,0.8485896628965067,0.0004704018209026971,0.002293303675907095,0.0006078136594139636,4.875201527719992,1.2921158728671038,-0.00015494665767537384,-1.1680006273457648e-05,0.0,0.0,0.0
480,0.9750000000000001,0.3379730786543516,0.8509644861702198,0.00044235256770598066,0.00226292083948453,0.0005793992818200255,5.1156498338416565,1.3098133120934792,-0.0001547483031011767,-1.1648970699693813e-05,0.0,0.0,0.0
480,0.9875,0.3362319441888,0.8532698411371303,0.00041611054523310283,0.002233315105327066,0.0005510540158270379,5.3671197015109895,1.324297166077203,-0.00015446238760798687,-1.1470195000484478e-05,0.0,0.0,0.0
480,1.0,0.334548990630198,0.8555080182790066,0.00039155877787762247,0.0022044618667699614,0.000525941242762701,5.629964110928302,1.3431987034321533,-0.0001540967625558488,-1.1422509515231679e-05,0.0,0.0,0.0
480,1.0125,0.33292175607524416,0.8576812334368823,0.000368587806667394,0.0021763371615053204,0.0005013401103529147,5.904528370546999,1.3601646643870497,-0.00015365869516122376,-1.1283945813269262e-05,0.0,0.0,0.0
480,1.0250000000000001,0.33134789967091516,0.8597916296064418,0.00034709523755604884,0.002148917682953028,0.00048000577701266605,6.191147127468211,1.3829223944196436,-0.00015315490785874325,-1.1297395853812463e-05,0.0,0.0,0.0
480,1.0375,0.3298251950337952,0.8618412787699672,0.00032698531023632986,0.00212218078707088,0.00045961722630607734,6.490141057214667,1.4056204114303705,-0.00015259161553093676,-1.1273712865928538e-05,0.0,0.0,0.0
480,1.05,0.3283515240461651,0.8638321837534707,0.00030816848775713985,0.002096104495203465,0.0004388873592798846,6.801813223860042,1.4241798779431372,-0.00015197456063293765,-1.1111104079433305e-05,0.0,0.0,0.0
480,1.0625,0.32692487100787326,0.8657662800989456,0.00029056106695423615,0.0020706674935069887,0.00041912327629839517,7.126445105713775,1.4424619261341292,-0.00015130904625698397,-1.0927787794253516e-05,0.0,0.0,0.0
480,1.075,0.3255433171239088,0.867645437942855,0.00027408480948576397,0.0020458491294303503,0.000401596102649999,7.464292287006924,1.4652256847195249,-0.00015059996719528985,-1.0838459918959979e-05,0.0,0.0,0.0
480,1.0875000000000001,0.32420503530851236,0.8694714638930545,0.00025866659309033824,0.0020216294056810543,0.00038533915698048217,7.8155798223816575,1.489713659490246,-0.00014985183907021088,-1.0767167930662234e-05,0.0,0.0,0.0
480,1.1,0.32290828528757987,0.8712461028973341,0.0002442380825503942,0.001997988972057599,0.00036831130799892976,8.180497288523174,1.5080011444281434,-0.00014906882560811242,-1.0546224163125526e-05,0.0,0.0,0.0
480,1.1125,0.32165140898202915,0.8729710400976349,0.00023073541974089268,0.0019749091154873987,0.00035499293389959236,8.559193546032716,1.5385281301771365,-0.00014825476413845301,-1.0561888703489474e-05,0.0,0.0,0.0
480,1.125,0.32043282615569796,0.8746479026648124,0.00021809893206803623,0.0019523717485708904,0.00034008623910677265,8.951771244628771,1.559320973661083,-0.00014741318940274261,-1.0368921098292596e-05,0.0,0.0,0.0
480,1.1375,0.31925103031222046,0.8762782616095244,0.00020627285854984376,0.0019303593968976785,0.00032638181929305304,9.358281115938608,1.5822819424116632,-0.00014654735575956598,-1.020926166317279e-05,0.0,0.0,0.0
480,1.1500000000000001,0.3181045848261808,0.8778636335654847,0.00019520509275632562,0.001908855185369334,0.00031417883921966156,9.778716110404744,1.6094807506474782,-0.00014566025787210573,-1.0112768449383555e-05,0.0,0.0,0.0
480,1.1625,0.31699211929466276,0.8794054825418978,0.00018484694180828673,0.0018878428237352938,0.0003021927954351566,10.213005448006072,1.6348271303756525,-0.0001447546499637956,-9.974397558283941e-06,0.0,0.0,0.0
480,1.175,0.3159123260961061,0.880905221642413,0.00017515290062749763,0.001867306591523014,0.00029351960159282027,10.661008666332423,1.6757906979631259,-0.0001438330637261189,-1.0061169582052425e-05,0.0,0.0,0.0
480,1.1875,0.3148639571441342,0.8823642147484123,0.0001660804406347839,0.0018472313225208815,0.0002859456745339617,11.122509763705414,1.7217299848256375,-0.0001428978249603183,-1.0188544881430113e-05,0.0,0.0,0.0
480,1.2000000000000002,0.31384582082473955,0.8837837781648498,0.00015758981210429288,0.0018276023889520808,0.0002794631657693071,11.597211549072565,1.7733580745965893,-0.000141951069032062,-1.035923506152621e-05,0.0,0.0,0.0
480,1.2125000000000001,0.3128567791058988,0.885165182227249,0.00014964385940016665,0.0018084056854594612,0.0002700562762457114,12.084730323771957,1.804659926095241,-0.00014099475521504005,-1.0235055431871303e-05,0.0,0.0,0.0
480,1.225,0.3118957448093416,0.8865096528687763,0.00014220784834452553,0.0017896276130052815,0.0002611771805021703,12.584591032342805,1.8365876675766795,-0.00014003067999616428,-1.0112393233399807e-05,0.0,0.0,0.0
480,1.2375,0.3109616790348127,0.8878183731466185,0.0001352493049918968,0.0017712550627752577,0.00025265934385261784,13.096223029622067,1.8681008665275982,-0.00013906048941158568,-9.97985330316129e-06,0.0,0.0,0.0
480,1.25,0.31005358872775274,0.8890924847271389,0.0001287378651139199,0.001753275400163534,0.0002446285736457133,13.618956618645678,1.900206853898361,-0.0001380856904792172,-9.850710225202438e-06,0.0,0.0,0.0
480,1.2625000000000002,0.30917052438187237,0.8903330893295154,0.00012264513372855352,0.001735676448903781,0.00023849869589315876,14.152020517546967,1.9446242067868764,-0.00013710766178989434,-9.847552783991447e-06,0.0,0.0,0.0
480,1.2750000000000001,0.3083115778686141,0.8915412501277713,0.00011694455403936538,0.001718446475401532,0.00023127364293604722,14.694540412912907,1.9776349983616754,-0.00013612766331578418,-9.717972556217957e-06,0.0,0.0,0.0
480,1.2875,0.3074758803859877,0.8927179931112723,0.00011161128518227439,0.0017015741733139448,0.00022418995782884507,15.245538751167263,2.008667469984925,-0.00013514684549119197,-9.569187174958508e-06,0.0,0.0,0.0
480,1.3,0.3066626005197238,0.8938643084039246,0.0001066220882088881,0.001685048648415274,0.0002176644507005614,15.803935907858229,2.0414573974027337,-0.0001341662576175428,-9.438600811792233e-06,0.0,0.0,0.0
480,1.3125,0.30587094241012475,0.8949811515424322,0.00010195521976696164,0.00166885940377938,0.00021161489227714385,16.368552856772617,2.0755670260024996,-0.00013318685564105555,-9.321072163365489e-06,0.0,0.0,0.0
480,1.3250000000000002,0.3051001440183987,0.8960694447140912,9.75903329692667e-05,0.0016529963253045256,0.0002051816393314569,16.938115436342347,2.1024791399786804,-0.00013220950934849702,-9.145261040786166e-06,0.0,0.0,0.0
480,1.3375000000000001,0.3043494754866459,0.8971300779546897,9.350838497203419e-05,0.0016374496676003077,0.00020073893879324757,17.511260279920613,2.1467480039708002,-0.00013123500902340325,-9.114597074803137e-06,0.0,0.0,0.0
480,1.35,0.3036182375860235,0.8981639103071671,8.96915508130132e-05,0.0016222100402519162,0.0001977691836923788,18.08654243958677,2.2049923532338433,-0.00013026407160230676,-9.186598794746078e-06,0.0,0.0,0.0
480,1.3625,0.30290576024795385,0.8991717709417506,8.612314308693624e-05,0.001607268394472825,0.0001946531293538173,18.66244469097444,2.260172148586431,-0.00012929734636780058,-9.22504883268489e-06,0.0,0.0,0.0
480,1.375,0.30221140117355516,0.9001544602383509,8.278753706271249e-05,0.0015926160101534526,0.00018966045436908237,19.237388460379343,2.290930025197059,-0.00012833542021271292,-9.08419797104144e-06,0.0,0.0,0.0
480,1.3875000000000002,0.30153454451677175,0.9011127508320347,7.967010087197634e-05,0.0015782444833102778,0.0001849921758051298,19.80974626662509,2.321977426668479,-0.00012737882250725562,-8.952376369318044e-06,0.0,0.0,0.0
480,1.4000000000000001,0.3008745996369559,0.90204738862244,7.67571304226279e-05,0.001564145713937234,0.00018082199015534612,20.377855520718192,2.3557679808994014,-0.00012642802959874152,-8.84551307728105e-06,0.0,0.0,0.0
480,1.4125,0.30023099991691526,0.9029590937480185,7.403578871375923e-05,0.0015503118942589331,0.00017723099594570455,20.940033478306344,2.3938557152531144,-0.00012548346897133978,-8.771592614715353e-06,0.0,0.0,0.0
480,1.425,0.2996032016426825,0.9038485615260176,7.149404924984231e-05,0.0015367354973833342,0.00017489936383084727,21.494593095616604,2.4463485516066643,-0.00012454552309134682,-8.789451739385421e-06,0.0,0.0,0.0
480,1.4375,0.298990682941493,0.9047164633591263,6.912064327231107e-05,0.0015234092663498305,0.00017095550444334775,22.03985950113532,2.473291571807905,-0.00012361453296158917,-8.655963199538118e-06,0.0,0.0,0.0
480,1.4500000000000002,0.29839294277466893,0.9055634476097195,6.690501054571472e-05,0.0015103262035673357,0.00016708552730495413,22.574186764911474,2.497354472290058,-0.00012269080140683782,-8.515343924535351e-06,0.0,0.0,0.0
480,1.4625000000000001,0.2978094999823091,0.9063901404426402,6.483725345351641e-05,0.0014974795606358079,0.00016357611319418067,23.095974626830724,2.5228723377595386,-0.00012177459611049478,-8.392803077956462e-06,0.0,0.0,0.0
480,1.475,0.2972398923768713,0.907197146637455,6.290809417537277e-05,0.001484862828543688,0.00016015595784306912,23.60368483591705,2.54587203669837,-0.00012086615242130681,-8.26606841175419e-06,0.0,0.0,0.0
480,1.4875,0.29668367588291056,0.907985050371122,6.110883473344703e-05,0.001472469728232974,0.0001569930584796276,24.095856755505093,2.5690730180737633,-0.0001199656759474598,-8.150159018425348e-06,0.0,0.0,0.0
480,1.5,0.29614042372039884,0.9087544159719948,5.9431319709986886e-05,0.0014602942015230157,0.00015397047512871433,24.57112190422429,2.590729532510129,-0.00011907334495410745,-8.035828210591834e-06,0.0,0.0,0.0
480,1.5125000000000002,0.295609725629209,0.9095057886460853,5.786790145212554e-05,0.0014483304023836555,0.00015225117908893908,25.028217129696124,2.631012621304358,-0.00011818931257918006,-8.022578599129151e-06,0.0,0.0,0.0
480,1.5250000000000001,0.2950911871324884,0.910239695176485,5.6411407592674814e-05,0.001436572688547961,0.00014964584853425136,25.46599614958915,2.6527586337640563,-0.00011731370888119933,-7.924927480034008e-06,0.0,0.0,0.0
480,1.5375,0.2945844288367821,0.9109566445968399,5.505511072762127e-05,0.001425015613454554,0.00014696344286591436,25.883439241538397,2.669387835636165,-0.00011644664273178929,-7.812208231754912e-06,0.0,0.0,0.0
480,1.55,0.2940890857668964,0.9116571288397554,5.3792700102174695e-05,0.001413653918509367,0.0001441179008771561,26.279660917266668,2.6791349124215054,-0.00011558820356461135,-7.677642065873421e-06,0.0,0.0,0.0
480,1.5625,0.29360480673360634,0.9123416233609869,5.261825516758808e-05,0.0014024825256565563,0.0001417097706683403,26.653915474575843,2.693167422921903,-0.0001147384629915623,-7.572778817563939e-06,0.0,0.0,0.0
480,1.5750000000000002,0.29313125373242815,0.9130105877402573,5.1526220880620856e-05,0.0013914965302483054,0.00013946347736442402,27.005600381060564,2.706650613627218,-0.0001138974762962532,-7.47466680112327e-06,0.0,0.0,0.0
480,1.5875000000000001,0.2926681013717774,0.9136644662595194,5.051138462650579e-05,0.0013806911942032516,0.00013734523626746475,27.334257502787512,2.7190946611943203,-0.0001130652838140234,-7.380877389481512e-06,0.0,0.0,0.0
480,1.6,0.2922150363289364,0.9143036884594661,4.9568854654627e-05,0.0013700619394433702,0.00013530504236229358,27.639572247318043,2.7296382638864047,-0.00011224191220704318,-7.28757595515166e-06,0.0,0.0,0.0
480,1.6125,0.291771756832339,0.9149286696750675,4.869403992389633e-05,0.0013596043415992716,0.00013467230518300489,27.92137074114595,2.765683549639413,-0.0001114273756424069,-7.308152547024227e-06,0.0,0.0,0.0
480,1.625,0.2913379721687769,0.9155398115508903,4.788263126203002e-05,0.0013493141239740102,0.00013381996951734146,28.179615205148295,2.7947497033952278,-0.00011062167688051832,-7.304673751701473e-06,0.0,0.0,0.0
480,1.6375000000000002,0.2909134022142024,0.9161375025369386,4.7130583749637907e-05,0.0013391871517556934,0.00013182120022350876,28.41439772674112,2.796935444800671,-0.00010982480828051473,-7.198702400279023e-06,0.0,0.0,0.0
480,1.6500000000000001,0.2904977769868871,0.916722118365733,4.643410024628181e-05,0.0013292194264693969,0.00012991670655910115,28.625932653359282,2.797872810499955,-0.00010903675272896478,-7.096021536589645e-06,0.0,0.0,0.0
480,1.6625,0.2900908362217594,0.9172940225113179,4.578961598144186e-05,0.0013194070806590882,0.0001280442687831361,28.814547848443034,2.796360398283999,-0.00010825748449759995,-6.9916454881440125e-06,0.0,0.0,0.0
480,1.675,0.289692328964818,0.9178535666308724,4.5193784138716563e-05,0.0013097463727905312,0.00012628715262422082,28.980675058552997,2.794347829705928,-0.00010748697003540424,-6.892936321267862e-06,0.0,0.0,0.0
480,1.6875,0.28930201318657517,0.9184010909895759,4.464346236657972e-05,0.0013002336823663716,0.00012465274961790426,29.124839639224124,2.7921837377743315,-0.00010672516869998231,-6.800789416362586e-06,0.0,0.0,0.0
480,1.7000000000000002,0.28891965541354636,0.9189369248693581,4.4135700153657535e-05,0.0012908655052448746,0.00012312724817871068,29.247649878686705,2.7897427196135034,-0.00010597203343275345,-6.714281582129518e-06,0.0,0.0,0.0
480,1.7125000000000001,0.2885450303768563,0.9194613869621411,4.366772701079939e-05,0.0012816384491540374,0.00012163561937088162,29.349786143828318,2.7854808962417517,-0.00010522751138217523,-6.62727085060699e-06,0.0,0.0,0.0
480,1.725,0.28817792067708453,0.9199747857481653,4.323694140621964e-05,0.0012725492293930818,0.00012271918624777895,29.43199005307127,2.8382948066286153,-0.0001044915444788833,-6.7559908115325415e-06,0.0,0.0,0.0
480,1.7375,0.2878181164645227,0.9204774198599656,4.284090040370917e-05,0.001263594664713579,0.00012123126756836854,29.495053857555636,2.8298020449138908,-0.00010376406996633893,-6.663181208996047e-06,0.0,0.0,0.0
480,1.75,0.2874654151340595,0.9209695784325471,4.247730995736014e-05,0.0012547716733727506,0.00011979997804715673,29.5398101864813,2.8203287394473695,-0.0001030450208903082,-6.572426787632711e-06,0.0,0.0,0.0
480,1.7625000000000002,0.2871196210339558,0.921451541440293,4.214401581946624e-05,0.0012460772693517344,0.00011843575623510636,29.56712228586849,2.8102627130374485,-0.0001023343265502428,-6.48479793532941e-06,0.0,0.0,0.0
480,1.7750000000000001,0.2867805451878108,0.921923580021108,4.183899502122832e-05,0.0012375085587318776,0.00012035203842176097,29.57787485344686,2.876551847402085,-0.0001016319129154052,-6.673608689045276e-06,0.0,0.0,0.0
480,1.7875,0.2864480050290593,0.9223859567882989,4.156034788867256e-05,0.0012290627362223753,0.00011874603734976548,29.5729655467432,2.85719546111235,-0.00010093770300836475,-6.560783604192898e-06,0.0,0.0,0.0
480,1.8,0.2861218241473755,0.9228389261306615,4.130629055875254e-05,0.0012207370818328386,0.00011902419741297173,29.553297217442154,2.8815029334012965,-0.00010025161725829733,-6.6060220826086315e-06,0.0,0.0,0.0
480,1.8125,0.2858018320463937,0.923282734501229,4.107514796300184e-05,0.0012125289576845942,0.00011779788384900272,29.519770903242307,2.867862678306317,-9.957357382633536e-05,-6.5214325503100755e-06,0.0,0.0,0.0
480,1.8250000000000002,0.2854878639121861,0.9237176206951281,4.0865347248318054e-05,0.0012044358049548077,0.00011660482940818929,29.473279589087063,2.8533913758187515,-9.890348890505161e-05,-6.437855983589055e-06,0.0,0.0,0.0
480,1.8375000000000001,0.2851797603919716,0.9241438161169608,4.067541160652819e-05,0.0011964551409477122,0.00011613120335542278,29.41470273298199,2.8550713752773516,-9.824127699400065e-05,-6.4137422986560414e-06,0.0,0.0,0.0
480,1.85,0.28487736738255376,0.9245615450381224,4.0503954486299584e-05,0.0011885845562874932,0.00011501817030732517,29.344901537688884,2.8396775516383204,-9.758685115310146e-05,-6.3337083447871755e-06,0.0,0.0,0.0
480,1.8625,0.28458053582801496,0.9249710248444483,4.034967416274693e-05,0.0011808217122275737,0.00011542879805499975,29.264714938337075,2.860712024325838,-9.694012323551027e-05,-6.38172553084149e-06,0.0,0.0,0.0
480,1.875,0.28428912152621955,0.9253724662745638,4.0211348641742305e-05,0.0011731643380712875,0.00011448463602615322,29.174956267282653,2.8470727765472117,-9.630100410151135e-05,-6.313229427674929e-06,0.0,0.0,0.0
480,1.8875000000000002,0.2840029849436992,0.9257660736493032,4.008783087747828e-05,0.0011656102286991135,0.00011348183397159886,29.076410551162155,2.830829992234726,-9.566940381483901e-05,-6.2384902630002495e-06,0.0,0.0,0.0
480,1.9000000000000001,0.28372199103852147,0.9261520450925461,3.997804428326924e-05,0.0011581572421978672,0.00011239244813729919,28.969832390789424,2.8113543359182103,-9.504523182274082e-05,-6.155224327592546e-06,0.0,0.0,0.0
480,1.9125,0.2834460090907577,0.9265305727438046,3.988097851690886e-05,0.0011508032975874245,0.00011220478895300777,28.855944372064574,2.813491371718345,-9.442839712099383e-05,-6.147523887068407e-06,0.0,0.0,0.0
480,1.925,0.28317491254018967,0.9269018429628857,3.979568552314839e-05,0.001143546372640756,0.00011279710770059661,28.735435955125762,2.8344054441526003,-9.381880840499665e-05,-6.205120885083099e-06,0.0,0.0,0.0
480,1.9375,0.2829085788309146,0.9272660365269367,3.972127581700891e-05,0.001136384501793216,0.00011184679176966172,28.60896278932231,2.8157905170248383,-9.32163742079776e-05,-6.1306688559754895e-06,0.0,0.0,0.0
480,1.9500000000000002,0.2826468892625203,0.927623328820174,3.965691499272452e-05,0.0011293157741372217,0.00011267166331462943,28.47714640295158,2.841160572760141,-9.262100302728226e-05,-6.206253607361918e-06,0.0,0.0,0.0
480,1.9625000000000001,0.282389728847525,0.9279738900165783,3.960182044411162e-05,0.0011223383314986114,0.00011160082954590318,28.340574218867545,2.818073217199718,-9.20326034396325e-05,-6.119915773652283e-06,0.0,0.0,0.0
480,1.975,0.28213698617478883,0.9283178852558317,3.955525828309122e-05,0.0011154503665911394,0.00011067194999307307,28.199799849820817,2.7979074033851594,-9.14510842061841e-05,-6.044918795348458e-06,0.0,0.0,0.0
480,1.9875,0.28188855327861956,0.9286554748127616,3.951654044396352e-05,0.0011086501212457173,0.00011071048664789123,28.055343630544787,2.801623963132207,-9.087635436814908e-05,-6.051485427333856e-06,0.0,0.0,0.0
480,2.0,0.28164432551330915,0.928986814260544,3.9485021961843116e-05,0.0011019358847111653,0.00010974513576291606,27.90769334701234,2.779411794907187,-9.03083233336924e-05,-5.972109673091201e-06,0.0,0.0,0.0
480,2.0125,0.28140420143285133,0.9293120546279079,3.946009841441619e-05,0.0010953059920233653,0.00010889854538151821,27.757305126821752,2.759712969740939,-8.974690095676068e-05,-5.902267992203673e-06,0.0,0.0,0.0
480,2.025,0.28116808267560317,0.9296313425505784,3.944120351688449e-05,0.0010887588224398703,0.00010978790853958235,27.604604458223005,2.78358413917524,-8.91919976084538e-05,-5.9794699269293184e-06,0.0,0.0,0.0
480,2.0375,0.28093587385366475,0.9299448204171766,3.942780686061925e-05,0.0010822927979371128,0.00010897382894622248,27.449987308782163,2.7638825900576847,-8.864352424150196e-05,-5.9114118772762755e-06,0.0,0.0,0.0
480,2.0500000000000003,0.28070748244676286,0.9302526265097995,3.9419411786657686e-05,0.0010759063817675362,0.00010961288115109485,27.29382131804663,2.7806828205436487,-8.810139244837468e-05,-5.9664448959771585e-06,0.0,0.0,0.0
480,2.0625,0.2804828187004349,0.9305548951394792,3.941555338574226e-05,0.0010695980770740387,0.00010886835637171617,27.136447041764562,2.762065911044572,-8.75655145135052e-05,-5.903488253807783e-06,0.0,0.0,0.0
480,2.075,0.28026179552832037,0.9308517567767247,3.9415796617143196e-05,0.0010633664255592665,0.00010811190606282284,26.97817922819234,2.7428573146179036,-8.703580346008049e-05,-5.83916930288277e-06,0.0,0.0,0.0
480,2.0875,0.28004432841837457,0.9311433381773346,3.941973453898776e-05,0.0010572100062074012,0.0001073304867978326,26.819308109794004,2.722760263432984,-8.651217309181515e-05,-5.772413942001812e-06,0.0,0.0,0.0
480,2.1,0.27983033534283086,0.9314297625036656,3.942698664329976e-05,0.0010511274340561647,0.00010642525198852382,26.660100696150813,2.699299668812244,-8.599453803009353e-05,-5.694852554344046e-06,0.0,0.0,0.0
480,2.1125000000000003,0.27961973667174456,0.931711149441529,3.943719728936812e-05,0.0010451173590169103,0.00010709748501402916,26.500802056201486,2.7156464550005333,-8.54828137468411e-05,-5.751124456596189e-06,0.0,0.0,0.0
480,2.125,0.2794124550899602,0.9319876153128879,3.9450034229480067e-05,0.0010391784647407127,0.00010626271220459371,26.34163657997943,2.6936025349551187,-8.497691659345478e-05,-5.679077627884661e-06,0.0,0.0,0.0
480,2.1375,0.27920841551735104,0.9322592731845136,3.946518722142479e-05,0.0010333094675285042,0.00010547837398723426,26.18280921184996,2.6726941239486215,-8.447676382610176e-05,-5.611120875093805e-06,0.0,0.0,0.0
480,2.15,0.2790075450321884,0.9325262329727598,3.948236672252725e-05,0.0010275091152833734,0.00010466170684787748,26.02450664886593,2.6508468345733993,-8.398227362767192e-05,-5.54024391065477e-06,0.0,0.0,0.0
480,2.1625,0.2788097727975037,0.9327886015445974,3.950130266030283e-05,0.0010217761865032166,0.00010388103244420916,25.86689849927555,2.629812827631259,-8.349336512664768e-05,-5.4722770316320385e-06,0.0,0.0,0.0
480,2.1750000000000003,0.27861502999031323,0.9330464828150631,3.9521743275124144e-05,0.0010161094893120378,0.0001032005660805398,25.710138397452713,2.6112351715390174,-8.300995841313766e-05,-5.412699938460331e-06,0.0,0.0,0.0
480,2.1875,0.27842324973358246,0.9332999778412492,3.954345403058906e-05,0.0010105078605282469,0.00010322209336835573,25.55436507257466,2.610345906771515,-8.253197455230092e-05,-5.412684343710166e-06,0.0,0.0,0.0
480,2.2,0.27823436703080995,0.933549184912973,3.9566216587540905e-05,0.001004970164768384,0.00010250721541255894,25.399703369284023,2.5907762797021556,-8.205933559537168e-05,-5.3499849001265335e-06,0.0,0.0,0.0
480,2.2125,0.27804831870312247,0.9337941996402485,3.958982783793898e-05,0.0009994952935847826,0.0001017918511668767,25.246265219344174,2.571161753558561,-8.15919645884817e-05,-5.287171982959707e-06,0.0,0.0,0.0
480,2.225,0.27786504332876977,0.9340351150376842,3.961409899502591e-05,0.000994082164635723,0.0001012158381723531,25.094150563932896,2.5550458230808712,-8.112978557945926e-05,-5.236147830072811e-06,0.0,0.0,0.0
480,2.2375000000000003,0.27768448118491973,0.9342720216059258,3.963885473644347e-05,0.0009887297208867201,0.0001005568476602171,24.94344822676459,2.5368252521122003,-8.067272362277352e-05,-5.178029398520759e-06,0.0,0.0,0.0
480,2.25,0.27750657419165614,0.9345050074102477,3.9663932397163035e-05,0.0009834369298416278,9.984566105309248e-05,24.794236738664072,2.517291025340542,-8.022070478277951e-05,-5.115446935754003e-06,0.0,0.0,0.0
480,2.2625,0.2773312658580854,0.9347341581564118,3.968918120928673e-05,0.0009782027828023126,9.917660510312384e-05,24.64658511457088,2.4988322278595625,-7.97736561354072e-05,-5.056431030976155e-06,0.0,0.0,0.0
480,2.275,0.2771585012304646,0.9349595572638882,3.971446158595466e-05,0.0009730262941557027,9.852486104795466e-05,24.50055358423445,2.4808308387793625,-7.933150576842859e-05,-4.998883954270001e-06,0.0,0.0,0.0
480,2.2875,0.27698822684226604,0.9351812859365417,3.973964444676451e-05,0.000967906500687065,9.773943956177978e-05,24.356194278076117,2.459494565753153,-7.889418278042554e-05,-4.929982584776299e-06,0.0,0.0,0.0
480,2.3000000000000003,0.2768203906660978,0.9353994232308758,3.9764610582263204e-05,0.000962842460918424,9.701901359086503e-05,24.213551869860254,2.4398331121627996,-7.846161727857367e-05,-4.866624255731156e-06,0.0,0.0,0.0
480,2.3125,0.2766549420674036,0.9356140461219307,3.9789250055225205e-05,0.0009578332544710731,9.637050448127193e-05,24.072664177928843,2.4220236457715383,-7.803374037534708e-05,-4.809406626213972e-06,0.0,0.0,0.0
480,2.325,0.2764918317598681,0.9358252295669186,3.9813461636563435e-05,0.0009528779814511855,9.719112842495665e-05,23.9335627268364,2.4411624719338487,-7.761048418424288e-05,-4.877101677013423e-06,0.0,0.0,0.0
480,2.3375,0.2763310117624578,0.9360330465666803,3.983715227385271e-05,0.0009479757618575645,9.665705966507767e-05,23.796273271264237,2.4263044456749223,-7.719178181461552e-05,-4.829692128254122e-06,0.0,0.0,0.0
480,2.35,0.2761724353580313,0.9362375682250491,3.9860236590567315e-05,0.0009431257350106295,9.700039419398244e-05,23.66081628411143,2.4335127558409173,-7.67775673657053e-05,-4.856913396290286e-06,0.0,0.0,0.0
480,2.3625000000000003,0.27601605705345383,0.9364388638061956,3.9882636414246235e-05,0.0009383270590017561,9.748020302478006e-05,23.527207410656082,2.444176508601115,-7.636777591993835e-05,-4.8957931618953755e-06,0.0,0.0,0.0
480,2.375,0.27586183254115526,0.9366370007900263,3.99042803319071e-05,0.0009335789101621477,9.692162506244072e-05,23.395457890658076,2.4288528512802943,-7.596234353557046e-05,-4.846474302095358e-06,0.0,0.0,0.0
480,2.3875,0.2757097186620747,0.9368320449257159,3.9925103271131374e-05,0.0009288804825504281,9.644446506226176e-05,23.265574950236218,2.4156347049951856,-7.556120723874022e-05,-4.804145752246083e-06,0.0,0.0,0.0
480,2.4000000000000004,0.2755596733699337,0.9370240602834324,3.994504610533845e-05,0.0009242309874582073,9.735537384676667e-05,23.13756216530411,2.437232731939584,-7.516430501499385e-05,-4.879877858021399e-06,0.0,0.0,0.0
480,2.4125,0.27541165569678633,0.9372131093043282,3.99640552818482e-05,0.000919629652932881,9.692313209293894e-05,23.011419798295083,2.425257682419475,-7.47715758003378e-05,-4.841521528942713e-06,0.0,0.0,0.0
480,2.4250000000000003,0.2752656257197948,0.9373992528488571,3.9982082471423026e-05,0.0009150757233169694,9.781518192152099e-05,22.887145109838006,2.4464754178683377,-7.438295947187144e-05,-4.915813453258327e-06,0.0,0.0,0.0
480,2.4375,0.2751215445291817,0.9375825502434815,3.999908423805139e-05,0.0009105684588033336,9.730247200088557e-05,22.76473264698155,2.4326174924855177,-7.399839683804899e-05,-4.870787959840906e-06,0.0,0.0,0.0
480,2.45,0.27497937419731266,0.9377630593258256,4.0015021727811745e-05,0.0009061071350056231,9.670534214710076e-05,22.644174509490497,2.41672596868509,-7.361782962861397e-05,-4.8186772356395664e-06,0.0,0.0,0.0
480,2.4625000000000004,0.27483907774886435,0.9379408364883323,4.0029860375720015e-05,0.0009016910425433534,9.782364544527974e-05,22.52546059566751,2.443766841230712,-7.324120048424884e-05,-4.912471730912577e-06,0.0,0.0,0.0
480,2.475,0.27470061913203553,0.9381159367204781,4.00435696295341e-05,0.0008973194866410228,9.732288128808803e-05,22.408578829076355,2.4304247145915685,-7.286845294597654e-05,-4.868741490977084e-06,0.0,0.0,0.0
480,2.4875000000000003,0.27456396319076076,0.9382884136496,4.0056122689543506e-05,0.0008929917867407164,9.6813626626983e-05,22.293515367472857,2.4169495229815596,-7.24995314443497e-05,-4.8243878346823575e-06,0.0,0.0,0.0
480,2.5,0.274429075637887,0.9384583195803793,4.006749626343049e-05,0.0008887072761276574,9.632270801129879e-05,22.180254795176168,2.4040111560255464,-7.213438128845929e-05,-4.781692998568806e-06,0.0,0.0,0.0
640,0.0,1.0,0.26409195184164375,0.00904281695326705,0.0033809157087680806,0.0033809157087680806,0.37387859626491726,0.37387859626491726,0.0004812616057824125,0.0004812616057824125,1.0,1.0,0.0
640,0.0125,0.9991113423992675,0.27493997055625136,0.009476833828209602,0.0034461901138287815,0.0034461901138287815,0.36364361518828575,0.36364361518828575,0.0005126047157223698,0.0005126047157223698,1.0,1.0,0.0
640,0.025,0.9964458593499054,0.28597265538016053,0.009895138155650449,0.0035109892870931183,0.0035109892870931183,0.35481963282020756,0.35481963282020756,0.0005426526538273731,0.0005426526538273731,1.0,1.0,0.0
640,0.037500000000000006,0.9920219470317241,0.29717412123969494,0.010293303458718516,0.0035746500527298304,0.0035696864400736853,0.34727918661545637,0.34679696896044876,0.0005710855395090384,0.0005715074465848108,1.0,1.0,0.0
640,0.05,0.9858816255429677,0.308527610500356,0.010667033250135856,0.003636520073730572,0.0038335087868383052,0.3409120407198747,0.35937909791267236,0.0005975936199944492,0.0005808495793802918,1.0,1.0,0.0
640,0.0625,0.9780899059271021,0.32001561518908384,0.011012258861536787,0.0036959693232145167,0.007615290604850515,0.33562317864899294,0.6915284775450496,0.0006218846107573931,0.0002887423018183331,1.0,1.0,0.0
640,0.07500000000000001,0.9687333045860657,0.3316200088243894,0.011325232576600258,0.0037524010442868292,0.008024283396236124,0.3313310361537201,0.7085314444504722,0.0006436906802466415,0.00028058068033095146,1.0,1.0,0.0
640,0.08750000000000001,0.9579175805678947,0.34332218545606213,0.01160261247170926,0.0038052618220252125,0.008329084870099248,0.32796595002234297,0.7178628856568399,0.0006627748052231441,0.000278249846136851,1.0,1.0,0.0
640,0.1,0.945764824434929,0.35510320336220125,0.011841535767046728,0.0038540504376452104,0.008608938232455132,0.32546880011716656,0.7270119688708414,0.0006789362529991291,0.00027477079044028573,1.0,1.0,0.0
640,0.1125,0.9324100679561346,0.36694393078455523,0.012039678067817843,0.0038983252382322046,0.008936367475646906,0.32378982363759873,0.7422430587686467,0.0006920149905147794,0.0002637814003345297,1.0,1.0,0.0
640,0.125,0.9179976078306635,0.378825191103528,0.012195296585101156,0.003937709830518407,0.009265149215125978,0.3228875823593383,0.7597313563037981,0.0007018948741395338,0.00024906252644789015,1.0,1.0,0.0
640,0.1375,0.9026772425337433,0.3907279049571117,0.01230725621557245,0.003971896988320017,0.009562148306873861,0.3227280653582519,0.7769520792761927,0.0007085055343164569,0.00023333417223938007,1.0,1.0,0.0
640,0.15000000000000002,0.8866006101110279,0.4026332269848695,0.012375038172766027,0.004000650744711872,0.009820956666511328,0.3232839114400614,0.7936102118961125,0.0007118229313846032,0.00021709692803164945,1.0,1.0,0.0
640,0.1625,0.8699177893129011,0.4145226751172129,0.012398731645526224,0.004023806716592115,0.010052045720218469,0.324533737129798,0.8107317754429746,0.0007118686189593993,0.0001994683036511592,1.0,1.0,0.0
640,0.17500000000000002,0.852774291188516,0.426378250617731,0.012379009664448545,0.004041270776681878,0.01022344014948653,0.3264615576065072,0.8258689852102931,0.0007087078054601667,0.0001832234087717713,1.0,1.0,0.0
640,0.1875,0.835308528014389,0.4381825474072605,0.012317090947105019,0.004053016243092416,0.010341269386367324,0.3290562893866614,0.8395869958886609,0.0007024463498410712,0.0001679448326627041,1.0,1.0,0.0
640,0.2,0.817649805840848,0.44991884953762884,0.012214689942493433,0.004059079797531049,0.010393059206062925,0.3323113248589307,0.8508655770218715,0.0006932268623218026,0.0001548386125965932,1.0,1.0,0.0
640,0.21250000000000002,0.7999168498088296,0.46157121602621365,0.012073957591951175,0.004059556369404572,0.010407559032938524,0.3362241699532539,0.8619840639391083,0.0006812241039164614,0.0001416438775160754,1.0,1.0,0.0
640,0.225,0.7822168403773045,0.47312455259673075,0.011897415467281732,0.004054593235006604,0.010411844436308637,0.3407961372919071,0.875134979100422,0.000666639889743386,0.0001262735376327131,1.0,1.0,0.0
640,0.23750000000000002,0.7646449151365986,0.4845646701860775,0.01168788594699981,0.004044383580008947,0.010345814959188498,0.3460320881251505,0.8851741885660843,0.0006496977011942234,0.00011407603396396159,1.0,1.0,0.0
640,0.25,0.7472840752847211,0.49587833036294354,0.011448420966449942,0.0040291597615986306,0.010228182350680511,0.35194021720604485,0.8934142429470938,0.0006306372024123615,0.00010372028234040159,1.0,1.0,0.0
640,0.2625,0.7302054275685712,0.5070532780549707,0.011182231650621521,0.0040091864861509455,0.010080876971687452,0.3585318755159316,0.901508508020145,0.000609708838979999,9.36151477093959e-05,1.0,1.0,0.0
640,0.275,0.7134686904274344,0.5180782621935649,0.010892620836175933,0.003984754091762625,0.009884362424689586,0.365821426421885,0.9074365640142565,0.0005871686732751312,8.570196497633946e-05,1.0,1.0,0.0
640,0.28750000000000003,0.6971228958261949,0.5289430450571967,0.01058292013843124,0.003956172094668698,0.009691120126957692,0.3738261314381554,0.9157321419978377,0.0005632735837198161,7.580300097525156e-05,1.0,1.0,0.0
640,0.30000000000000004,0.6812072243839136,0.5396384012252888,0.010256432845268818,0.003923763126684575,0.009458690190011887,0.38256606228300566,0.9222202624156096,0.0005382769260796606,6.780812569683913e-05,1.0,1.0,0.0
640,0.3125,0.6657519195599946,0.5501561071471701,0.009916383545654947,0.0038878573591796728,0.009196749421556315,0.39206403637777926,0.927429781151017,0.0005124247258503984,6.116890054838378e-05,1.0,1.0,0.0
640,0.325,0.650779235740415,0.5604889223869394,0.009565875044339915,0.0038487874791510715,0.008926065903019862,0.4023455733334486,0.9331154611204519,0.00048595244304105176,5.438377701220449e-05,1.0,1.0,0.0
640,0.3375,0.6363043842118142,0.5706305636290976,0.00920785279057756,0.003806884255788033,0.008623539902145351,0.41343887031769616,0.9365418950843633,0.00045908232545710986,4.966659551673783e-05,1.0,1.0,0.0
640,0.35000000000000003,0.6223364496176734,0.5805756725257354,0.00884507676724903,0.0037624727121928596,0.008310885893595403,0.4253747944985957,0.9396058521920811,0.0004320213446797745,4.540622426055832e-05,1.0,1.0,0.0
640,0.36250000000000004,0.608879257180744,0.5903197784383677,0.008480100553275149,0.00371586889701477,0.008020432882716665,0.43818689102449887,0.9457945495256005,0.00040495969078213216,3.9071751997471156e-05,1.0,1.0,0.0
640,0.375,0.5959321775560316,0.5998592570807411,0.00811525708871039,0.0036673772347492,0.007702557964707168,0.45191140522844353,0.9491452803661202,0.0003780697875867012,3.507942554027392e-05,1.0,1.0,0.0
640,0.3875,0.5834908615946968,0.6091912860074207,0.007752650537462344,0.003617288421227498,0.007387817260271026,0.4665873179434625,0.9529408328895554,0.000351505779879962,3.101082856126209e-05,1.0,1.0,0.0
640,0.4,0.571547901593196,0.6183137978207707,0.00739415355389237,0.0035658778220856945,0.00708912920934625,0.4822563929861281,0.9587479023362246,0.00032540343720356745,2.5927069286420203e-05,1.0,1.0,0.0
640,0.41250000000000003,0.5600934188760158,0.627225431889693,0.007041409211715501,0.003513404326366789,0.006775488238322308,0.4989632360126414,0.9622346940225042,0.00029988041525464055,2.260328273842145e-05,1.0,1.0,0.0
640,0.42500000000000004,0.5491155799483926,0.6359254852904084,0.006695836840728666,0.0034601096044328318,0.006458424905682108,0.5167553640772838,0.964543351235434,0.0002750368150851459,2.018001447895738e-05,1.0,1.0,0.0
640,0.4375,0.5386010451024024,0.6444138635953246,0.006358641032606854,0.003406217718576662,0.006157008398268556,0.5356832853293204,0.9682899799966167,0.0002509559816925663,1.7138773918755278e-05,1.0,1.0,0.0
640,0.45,0.5285353544076004,0.6526910320529007,0.006030823114969968,0.003351935035674539,0.005866369759776806,0.5558005883731231,0.9727311923997657,0.00022770548674011146,1.3978535191418729e-05,1.0,1.0,0.0
640,0.4625,0.5189032565961873,0.6607579676211354,0.005713194447128296,0.0032974503934882263,0.005571936626735478,0.577164040888836,0.9752751596851705,0.0002053382445594059,1.2006914733389495e-05,1.0,1.0,0.0
640,0.47500000000000003,0.5096889865763955,0.6686161122412354,0.0054063909559273135,0.003242935475431006,0.0052874453072344315,0.5998336971682752,0.97799906635267,0.00018389371584218617,1.0110380138894975e-05,1.0,1.0,0.0
640,0.48750000000000004,0.5008764972724606,0.6762673276671338,0.005110888401215201,0.003188545352432015,0.005008886887700471,0.6238730142637988,0.9800423125086282,0.0001633991591465708,8.67012864875204e-06,1.0,1.0,0.0
640,0.5,0.49244965127361556,0.6837138521014535,0.0048270179337187415,0.0031344191546964517,0.004745663319019331,0.6493489764770132,0.9831459887208799,0.00014387089621689466,6.915142249449918e-06,1.0,1.0,0.0
640,0.5125000000000001,0.4843923774402011,0.6909582588296213,0.004554981580396645,0.003080680840448482,0.00449248748721953,0.676332227929716,0.9862800557863786,0.00012531556289559388,5.311997920054781e-06,1.0,1.0,0.0
640,0.525,0.47668879721023333,0.6980034169912464,0.004294867361259015,0.00302744003299068,0.004250845994799646,0.704897212961474,0.9897502384226217,0.00010773132290280848,3.741816149046358e-06,1.0,1.0,0.0
640,0.5375,0.46932332491055095,0.7048524545815487,0.004046663805497127,0.002974792901494042,0.004020690626395908,0.7351223240865676,0.9935815821749421,9.110902684026223e-05,2.20772022360365e-06,1.0,1.0,0.0
640,0.55,0.46228074592912205,0.7115087237353186,0.0038102736924547588,0.002922823064759271,0.0037955261706130684,0.7670900572174515,0.9961295373949399,7.543330335411647e-05,1.2535393565436814e-06,1.0,1.0,0.0
640,0.5625,0.4555462761674311,0.7179757683113571,0.0035855268938863906,0.002871602500707064,0.003584438012103908,0.8008871738218936,0.9996963119188035,6.068357342024277e-05,9.255495151103393e-08,1.0,1.0,0.0
640,0.5750000000000001,0.44910560577621966,0.7242572937661381,0.0033721922378879554,0.0028211924475323434,0.0033861119938482153,0.8366048696260834,1.0041278061801655,4.683498218022703e-05,-1.1831792566220937e-06,1.0,0.0,0.0
640,0.5875,0.44294492979165695,0.7303571392811915,0.003169988351963979,0.002771644285283404,0.003199432042429164,0.8743389494053568,1.0092882645600079,3.38592456678489e-05,-2.502713689540698e-06,1.0,0.0,0.0
640,0.6000000000000001,0.4370509679362457,0.7362792520889067,0.0029785934732506313,0.0027230003891056515,0.003015858337816651,0.9141900073170969,1.0125108931113556,2.172541215232328e-05,-3.167513488111689e-06,1.0,0.0,0.0
640,0.6125,0.4314109755309218,0.742027663925696,0.0027976542384462377,0.002675294947535085,0.002846069396297176,0.9562636121255969,1.017305625972503,1.0400539727447975e-05,-4.115288417329772e-06,1.0,0.0,0.0
640,0.625,0.4260127471816213,0.7476064695292359,0.0026267934851032116,0.0026285547410601516,0.0026802877410543277,1.0006704965452855,1.0203648502459317,-1.497067563398973e-07,-4.547011755844865e-06,0.0,0.0,0.0
640,0.6375000000000001,0.4208446146536578,0.7530198070874139,0.0024656171102527625,0.002582799877717758,0.0025285805961172483,1.0475267497851612,1.0255366032311608,-9.960535234524627e-06,-5.3518962984813e-06,0.0,0.0,0.0
640,0.65,0.4158954401284393,0.758271840540209,0.002313720042519553,0.0025380444837777945,0.0023826611553720775,1.0969540122122816,1.0297966528298947,-1.9067577506950524e-05,-5.8599945924645845e-06,0.0,0.0,0.0
640,0.6625000000000001,0.41115460584680363,0.7633667436316581,0.0021706913905747303,0.0024942973486289425,0.0022444067488732603,1.1490796708640059,1.033959391288235,-2.7506506434608036e-05,-6.265805455375048e-06,0.0,0.0,0.0
640,0.675,0.40661200097885625,0.768308685606942,0.0020361188345718903,0.002451562523834825,0.002112840094395817,1.204037054325606,1.0376801483888134,-3.5312713587349444e-05,-6.521307085033776e-06,0.0,0.0,0.0
640,0.6875,0.4022580064189053,0.7731018184491358,0.0019095923286598395,0.0024098398770099573,0.001994204738041884,1.261965625250073,1.0443091481423294,-4.252104160976002e-05,-7.192054797473784e-06,0.0,0.0,0.0
640,0.7000000000000001,0.39808347808326483,0.7777502655510481,0.0017907071822605696,0.0023691256016945697,0.0018783962890095833,1.3230111685282966,1.0489689814268326,-4.9165565651890014e-05,-7.453574073666162e-06,0.0,0.0,0.0
640,0.7125,0.3940797291858359,0.7822581117195176,0.0016790665859704773,0.0023294126848083796,0.0017692762112395616,1.3873259728184104,1.0537260559067967,-5.52794184012217e-05,-7.667818147872165e-06,0.0,0.0,0.0
640,0.7250000000000001,0.39023851187919173,0.7866293944123814,0.0015742836450584438,0.002290691333556357,0.0016652705893659646,1.455069002810683,1.0577957756171334,-6.089465352232263e-05,-7.733890266139266e-06,0.0,0.0,0.0
640,0.7375,0.38655199857528394,0.7908680961118102,0.0014759829799081228,0.002252949363862348,0.0015683372206581193,1.5264060592369364,1.0625713453387826,-6.604214263610914e-05,-7.850110463749707e-06,0.0,0.0,0.0
640,0.75,0.3830127631979974,0.7949781377417252,0.0013838019486426428,0.002216172552534991,0.0014817659281060594,1.601509923229124,1.070793352733394,-7.075150133084961e-05,-8.32693825439041e-06,0.0,0.0,0.0
640,0.7625000000000001,0.3796137625679421,0.7989633730413617,0.0012973915427884409,0.0021803449554384006,0.0013956368503896303,1.6805604811884753,1.0757252566869937,-7.505104007524658e-05,-8.350851146101097e-06,0.0,0.0,0.0
640,0.775,0.37634831807662733,0.8028275838116454,0.001216417002348307,0.0021454491939595388,0.0013157611840388863,1.7637448258432138,1.081669510947968,-7.896773628695471e-05,-8.444255443699248e-06,0.0,0.0,0.0
640,0.7875000000000001,0.373210097771237,0.8065744759557846,0.0011405581921919922,0.0021114667120451084,0.0012377316241355834,1.851257328648148,1.0851981359730867,-8.252722418751488e-05,-8.259741715205256e-06,0.0,0.0,0.0
640,0.8,0.37019309894150987,0.8102076762402578,0.0010695097773339823,0.002078378006031836,0.0011692853837482358,1.9432996781130019,1.0932909717412485,-8.575379943931758e-05,-8.48092654521155e-06,0.0,0.0,0.0
640,0.8125,0.3672916312757684,0.8137307297071467,0.0010029812305232951,0.0020461628294223323,0.0011050063740114264,2.0400808780387325,1.101721887093441,-8.867043590641817e-05,-8.672137196491158e-06,0.0,0.0,0.0
640,0.8250000000000001,0.36450030063310246,0.8171470976734555,0.0009406967016685706,0.0020148003746704177,0.0010424487127126977,2.1418171989937296,1.1081666501685863,-9.129881220515702e-05,-8.64892093875081e-06,0.0,0.0,0.0
640,0.8375,0.3618139934624115,0.8204601562576266,0.0008823947749942469,0.0019842694339397672,0.0009890506926484956,2.2487320756774705,1.1208709759811804,-9.365934601036922e-05,-9.06575300061114e-06,0.0,0.0,0.0
640,0.8500000000000001,0.3592278618858165,0.823673195377894,0.0008278281364868317,0.0019545485406920983,0.0009358038320405666,2.3610559421027717,1.1304325025867885,-9.577123435744766e-05,-9.177934122067467e-06,0.0,0.0,0.0
640,0.8625,0.35673730945337473,0.8267894181713538,0.00077676317114985,0.0019256160938491927,0.0008851078551752207,2.4790259957854137,1.1394822618392,-9.765249842944415e-05,-9.209298142156506e-06,0.0,0.0,0.0
640,0.875,0.35433797756762575,0.8298119407866938,0.0007289795068387081,0.001897450466159433,0.0008369290123042479,2.602885881371227,1.1480830454804876,-9.932003154226162e-05,-9.175707964570888e-06,0.0,0.0,0.0
640,0.8875000000000001,0.35202573256989184,0.8327437925073636,0.0006842695189833356,0.0018700300982863356,0.0007913975315728964,2.7328852833672364,1.1565582122505293,-0.000100789649240755,-9.105881070112664e-06,0.0,0.0,0.0
640,0.9,0.3497966534751488,0.8355879161656036,0.0006424378083131081,0.0018433335800254382,0.0007481903906752692,2.869279416891111,1.1646113927196202,-0.00010207614059554807,-8.988969500783692e-06,0.0,0.0,0.0
640,0.9125000000000001,0.34764702033840494,0.8383471688111767,0.0006033006617585514,0.0018173397199480108,0.0007096278899720234,3.012328404631078,1.1762425187858083,-0.00010319331994610406,-9.037814398145123e-06,0.0,0.0,0.0
640,0.925,0.34557330323265756,0.8410243226018375,0.0005666855049991165,0.0017920276046663921,0.0006720507779899025,3.1622965275407675,1.1859325358797563,-0.00010415407847171844,-8.956048204216816e-06,0.0,0.0,0.0
640,0.9375,0.34357215181645545,0.8436220658855786,0.0005324303536364482,0.0017673766488168936,0.000638129579456818,3.3194513362092914,1.1985221636941887,-0.00010497043509033787,-8.984434194731432e-06,0.0,0.0,0.0
640,0.9500000000000001,0.3416403854677262,0.8461430044474721,0.0005003832686785385,0.001743366636762602,0.0006061482777880061,3.4840626093807185,1.2113679967533333,-0.0001056535862871454,-8.990025774304746e-06,0.0,0.0,0.0
640,0.9625,0.33977498395969763,0.8485896628965067,0.0004704018209026971,0.001719977756930321,0.0005751757259074703,3.6564011457899936,1.222732779400626,-0.00010621395456234805,-8.905781925405724e-06,0.0,0.0,0.0
640,0.9750000000000001,0.3379730786543516,0.8509644861702198,0.00044235256770598066,0.0016971906296133973,0.0005469543144962566,3.836737375381242,1.2364669144631297,-0.00010666123526213042,-8.891148477173456e-06,0.0,0.0,0.0
640,0.9875,0.3362319441888,0.8532698411371303,0.00041611054523310283,0.0016749863289952996,0.0005189236628462095,4.025339776133243,1.24708125951365,-0.00010700444161978673,-8.739114997114066e-06,0.0,0.0,0.0
640,1.0,0.334548990630198,0.8555080182790066,0.00039155877787762247,0.0016533464000774711,0.0004938976599774407,4.222473083196227,1.2613627579862434,-0.00010725194788698714,-8.698804978484553e-06,0.0,0.0,0.0
640,1.0125,0.33292175607524416,0.8576812334368823,0.000368587806667394,0.0016322528711289902,0.0004696743389757323,4.42839627791025,1.2742535984093384,-0.00010741153047923569,-8.592355246208757e-06,0.0,0.0,0.0
640,1.0250000000000001,0.33134789967091516,0.8597916296064418,0.00034709523755604884,0.0016116882622147712,0.0004485359689471981,4.643360345601159,1.2922561891237954,-0.00010749040709599141,-8.622462168247688e-06,0.0,0.0,0.0
640,1.0375,0.3298251950337952,0.8618412787699672,0.00032698531023632986,0.0015916355903031598,0.00042830970579986824,4.867605792911,1.3098744573274739,-0.00010749527380568055,-8.612573622900763e-06,0.0,0.0,0.0
640,1.05,0.3283515240461651,0.8638321837534707,0.00030816848775713985,0.001572078371402599,0.00040792242251882257,5.1013599178950315,1.3236993356708697,-0.00010743234010986403,-8.479084454743032e-06,0.0,0.0,0.0
640,1.0625,0.32692487100787326,0.8657662800989456,0.00029056106695423615,0.0015530006201302416,0.00038848094186890776,5.3448338292853315,1.3370027372940991,-0.00010730736201996047,-8.323189367747088e-06,0.0,0.0,0.0
640,1.075,0.3255433171239088,0.867645437942855,0.00027408480948576397,0.0015343868470727626,0.0003712534231680902,5.598219215255193,1.3545202445353806,-0.00010712567319489489,-8.25933216299773e-06,0.0,0.0,0.0
640,1.0875000000000001,0.32420503530851236,0.8694714638930545,0.00025866659309033824,0.001516222054260791,0.00035510364295281626,5.861684866786244,1.3728237524232507,-0.00010689221419948849,-8.197149238310633e-06,0.0,0.0,0.0
640,1.1,0.32290828528757987,0.8712461028973341,0.0002442380825503942,0.001498491729043199,0.00033839264987257174,6.135372966392381,1.3855032202144415,-0.00010661155995188843,-8.003138222385094e-06,0.0,0.0,0.0
640,1.1125,0.32165140898202915,0.8729710400976349,0.00023073541974089268,0.001481181836615549,0.0003251725651281848,6.419395159524538,1.4092875965612108,-0.00010628794543434581,-8.02715735791983e-06,0.0,0.0,0.0
640,1.125,0.32043282615569796,0.8746479026648124,0.00021809893206803623,0.0014642788114281678,0.000310651217117554,6.713828433471578,1.4243591849438582,-0.0001059252897456112,-7.866944229209009e-06,0.0,0.0,0.0
640,1.1375,0.31925103031222046,0.8762782616095244,0.00020627285854984376,0.001447769547673259,0.0002972117413836714,7.018710836953956,1.440866934569839,-0.00010552721857549029,-7.729805040875349e-06,0.0,0.0,0.0
640,1.1500000000000001,0.3181045848261808,0.8778636335654847,0.00019520509275632562,0.0014316413890270003,0.0002851037886843984,7.334037082803558,1.4605345826724576,-0.00010509708518300736,-7.641389153886189e-06,0.0,0.0,0.0
640,1.1625,0.31699211929466276,0.8794054825418978,0.00018484694180828673,0.0014158821178014704,0.0002733969312976375,7.659754086004555,1.4790449256184615,-0.00010463798995942063,-7.5267491065948165e-06,0.0,0.0,0.0
640,1.175,0.3159123260961061,0.880905221642413,0.00017515290062749763,0.0014004799436422605,0.0002645764072262708,7.995756499749318,1.5105453936441084,-0.00010415279865625485,-7.60099806089572e-06,0.0,0.0,0.0
640,1.1875,0.3148639571441342,0.8823642147484123,0.0001660804406347839,0.001385423491890661,0.0002567965284449436,8.34188232277906,1.5462177693136498,-0.00010364415935674956,-7.710867463863576e-06,0.0,0.0,0.0
640,1.2000000000000002,0.31384582082473955,0.8837837781648498,0.00015758981210429288,0.0013707017917140606,0.00024999557165101194,8.697908661804423,1.5863688668247473,-0.00010311451826683027,-7.85448956147112e-06,0.0,0.0,0.0
640,1.2125000000000001,0.3128567791058988,0.885165182227249,0.00014964385940016665,0.0013563042640945958,0.00024071527675370382,9.063547742828968,1.6085877343620272,-0.00010256613439902649,-7.74107047505066e-06,0.0,0.0,0.0
640,1.225,0.3118957448093416,0.8865096528687763,0.00014220784834452553,0.0013422207097539612,0.00023213389236054265,9.438443274257104,1.6323564069273744,-0.00010200109321980204,-7.643713741361455e-06,0.0,0.0,0.0
640,1.2375,0.3109616790348127,0.8878183731466185,0.0001352493049918968,0.0013284412970814433,0.0002239382466253983,9.82216727221655,1.6557441580850647,-0.00010142131932761146,-7.538560038847628e-06,0.0,0.0,0.0
640,1.25,0.31005358872775274,0.8890924847271389,0.0001287378651139199,0.0013149565501226505,0.0002161880238595958,10.214217463984259,1.6792885579412975,-0.00010082858822574211,-7.433263493382452e-06,0.0,0.0,0.0
640,1.2625000000000002,0.30917052438187237,0.8903330893295154,0.00012264513372855352,0.0013017573366778357,0.00021000593519337983,10.614015388160226,1.712305485011571,-0.000100224537250689,-7.425668124510237e-06,0.0,0.0,0.0
640,1.2750000000000001,0.3083115778686141,0.8915412501277713,0.00011694455403936538,0.001288834856551149,0.00020306805582986185,11.02090530968468,1.736447306143952,-9.961067571350162e-05,-7.3204976521922e-06,0.0,0.0,0.0
640,1.2875,0.3074758803859877,0.8927179931112723,0.00011161128518227439,0.0012761806299854586,0.00019626100755952488,11.434154063375448,1.7584333630690436,-9.898839430827065e-05,-7.195226402066292e-06,0.0,0.0,0.0
640,1.3,0.3066626005197238,0.8938643084039246,0.0001066220882088881,0.0012637864863114553,0.00018999037688207407,11.85295193089367,1.7819044822106227,-9.835897383871823e-05,-7.086304537220808e-06,0.0,0.0,0.0
640,1.3125,0.30587094241012475,0.8949811515424322,0.00010195521976696164,0.001251644552834535,0.00018420394508477194,12.276414642579464,1.8067142173378241,-9.772359331074373e-05,-6.991141652013877e-06,0.0,0.0,0.0
640,1.3250000000000002,0.3051001440183987,0.8960694447140912,9.75903329692667e-05,0.0012397472439783942,0.00017806119795501867,12.70358657725676,1.8245782398456822,-9.708333743577583e-05,-6.8400235237889185e-06,0.0,0.0,0.0
640,1.3375000000000001,0.3043494754866459,0.8971300779546897,9.350838497203419e-05,0.0012280872507002309,0.0001735972480044189,13.13344520994046,1.8564885711194468,-9.643920358689672e-05,-6.8075533577527005e-06,0.0,0.0,0.0
640,1.35,0.3036182375860235,0.8981639103071671,8.96915508130132e-05,0.0012166575301889371,0.00017046551282837857,13.564906829690075,1.900574929111896,-9.579210824695354e-05,-6.8657867713060575e-06,0.0,0.0,0.0
640,1.3625,0.30290576024795385,0.8991717709417506,8.612314308693624e-05,0.0012054512958546188,0.00016702111557290525,13.996833518230828,1.9393290767884224,-9.514289298525302e-05,-6.876327661307366e-06,0.0,0.0,0.0
640,1.375,0.30221140117355516,0.9001544602383509,8.278753706271249e-05,0.0011944620076150894,0.0001623564347846721,14.428041345284509,1.9611216922866697,-9.449232999695205e-05,-6.763356306366568e-06,0.0,0.0,0.0
640,1.3875000000000002,0.30153454451677175,0.9011127508320347,7.967010087197634e-05,0.0011836833624827084,0.00015794406106086495,14.85730969996882,1.9824759769624087,-9.384112723691223e-05,-6.6532866160555315e-06,0.0,0.0,0.0
640,1.4000000000000001,0.3008745996369559,0.90204738862244,7.67571304226279e-05,0.0011731092854529255,0.0001540395392770294,15.283391640538643,2.006843382873766,-9.31899331775753e-05,-6.569004752624129e-06,0.0,0.0,0.0
640,1.4125,0.30023099991691526,0.9029590937480185,7.403578871375923e-05,0.0011627339206942,0.00015051911264486463,15.705025108729759,2.033058811959294,-9.253934121833746e-05,-6.50108253414396e-06,0.0,0.0,0.0
640,1.425,0.2996032016426825,0.9038485615260176,7.149404924984231e-05,0.0011525516230375006,0.0001480708940996874,16.120944821712456,2.0710939673068522,-9.188989377195097e-05,-6.509031812236832e-06,0.0,0.0,0.0
640,1.4375,0.298990682941493,0.9047164633591263,6.912064327231107e-05,0.0011425569497623728,0.00014438305128439924,16.52989462585149,2.0888557231098197,-9.124208605165525e-05,-6.397304681027495e-06,0.0,0.0,0.0
640,1.4500000000000002,0.29839294277466893,0.9055634476097195,6.690501054571472e-05,0.0011327446526755017,0.0001407824793183617,16.930640073683605,2.104214290829057,-9.059636958103191e-05,-6.279584845674993e-06,0.0,0.0,0.0
640,1.4625000000000001,0.2978094999823091,0.9063901404426402,6.483725345351641e-05,0.0011231096704768558,0.00013754543176160833,17.321980970123043,2.12139509981277,-8.995315544698386e-05,-6.180195156187814e-06,0.0,0.0,0.0
640,1.475,0.2972398923768713,0.907197146637455,6.290809417537277e-05,0.001113647121407766,0.0001343814732138797,17.702763626937788,2.136155529354556,-8.931281731475342e-05,-6.0752372182730885e-06,0.0,0.0,0.0
640,1.4875,0.29668367588291056,0.907985050371122,6.110883473344703e-05,0.0011043522961747304,0.0001314876823200589,18.07189256662882,2.1516967700922467,-8.867569422250908e-05,-5.982202044862008e-06,0.0,0.0,0.0
640,1.5,0.29614042372039884,0.9087544159719948,5.9431319709986886e-05,0.001095220651142262,0.00012874051522673938,18.42834142816822,2.1662065701210693,-8.804209317174337e-05,-5.891281618923963e-06,0.0,0.0,0.0
640,1.5125000000000002,0.295609725629209,0.9095057886460853,5.786790145212554e-05,0.0010862478017877417,0.00012697451824222747,18.771162847272095,2.1942132867436754,-8.741229152852739e-05,-5.874062427158666e-06,0.0,0.0,0.0
640,1.5250000000000001,0.2950911871324884,0.910239695176485,5.6411407592674814e-05,0.0010774295164109706,0.00012457443380298132,19.09949711219186,2.208319896969876,-8.678653924955514e-05,-5.793857227876054e-06,0.0,0.0,0.0
640,1.5375,0.2945844288367821,0.9109566445968399,5.505511072762127e-05,0.0010687617100909156,0.00012211452186143172,19.4125794311538,2.2180415268907376,-8.616506094588003e-05,-5.700049946373887e-06,0.0,0.0,0.0
640,1.55,0.2940890857668964,0.9116571288397554,5.3792700102174695e-05,0.0010602404388820254,0.00011951332050295272,19.709745687950004,2.2217386425285817,-8.55480577962873e-05,-5.586252734066132e-06,0.0,0.0,0.0
640,1.5625,0.29360480673360634,0.9123416233609869,5.261825516758808e-05,0.0010518618942424172,0.00011737555285508462,19.990436605931883,2.230700210055348,-8.493570932136048e-05,-5.504370303437206e-06,0.0,0.0,0.0
640,1.5750000000000002,0.29313125373242815,0.9130105877402573,5.1526220880620856e-05,0.0010436223976862291,0.00011539289853561799,20.254200285795424,2.239498580789913,-8.43281750284767e-05,-5.428667600674756e-06,0.0,0.0,0.0
640,1.5875000000000001,0.2926681013717774,0.9136644662595194,5.051138462650579e-05,0.0010355183956524388,0.00011349430030157184,20.500693127090635,2.2469053489778195,-8.37255959372043e-05,-5.353547832380615e-06,0.0,0.0,0.0
640,1.6,0.2922150363289364,0.9143036884594661,4.9568854654627e-05,0.0010275464545825277,0.00011164489337780136,20.729679185488532,2.252319408138269,-8.312809599387156e-05,-5.2764632914698205e-06,0.0,0.0,0.0
640,1.6125,0.291771756832339,0.9149286696750675,4.869403992389633e-05,0.0010197032561994539,0.00011079422959955371,20.941028055859466,2.27531397626308,-8.25357833834224e-05,-5.278516122430878e-06,0.0,0.0,0.0
640,1.625,0.2913379721687769,0.9155398115508903,4.788263126203002e-05,0.0010119855929805078,0.00010990107754534981,21.13471140386122,2.2952180080483418,-8.194875174607061e-05,-5.271567934082182e-06,0.0,0.0,0.0
640,1.6375000000000002,0.2909134022142024,0.9161375025369386,4.7130583749637907e-05,0.00100439036381677,0.00010813418086975361,21.310798295055843,2.2943526743520204,-8.136708130570625e-05,-5.185305755209835e-06,0.0,0.0,0.0
640,1.6500000000000001,0.2904977769868871,0.916722118365733,4.643410024628181e-05,0.0009969145698520477,0.00010643783965951325,21.469449490019464,2.2922343513706007,-8.079083991649011e-05,-5.1003178501246725e-06,0.0,0.0,0.0
640,1.6625,0.2900908362217594,0.9172940225113179,4.578961598144186e-05,0.000989555310494316,0.00010478356805556665,21.610910886332274,2.2883696621966547,-8.022008403359432e-05,-5.014485926300608e-06,0.0,0.0,0.0
640,1.675,0.289692328964818,0.9178535666308724,4.5193784138716563e-05,0.0009823097795928983,0.00010324225147473218,21.735506293914746,2.284434761157491,-7.965485961360546e-05,-4.9341197235613274e-06,0.0,0.0,0.0
640,1.6875,0.28930201318657517,0.9184010909895759,4.464346236657972e-05,0.0009751752617747786,0.0001017919017180392,21.843629729418094,2.280107687038204,-7.909520294969691e-05,-4.857617344874056e-06,0.0,0.0,0.0
640,1.7000000000000002,0.28891965541354636,0.9189369248693581,4.4135700153657535e-05,0.0009681491289336558,0.00010047250470238711,21.935737409015026,2.2764452439316507,-7.854114144629986e-05,-4.788628386642014e-06,0.0,0.0,0.0
640,1.7125000000000001,0.2885450303768563,0.9194613869621411,4.366772701079939e-05,0.000961228836865528,9.91675398137132e-05,22.012339607871237,2.270957217195854,-7.799269433765194e-05,-4.717484088247674e-06,0.0,0.0,0.0
640,1.725,0.28817792067708453,0.9199747857481653,4.323694140621964e-05,0.0009544119220448113,9.9920060155649e-05,22.073992539803452,2.3109881713620815,-7.744987335428029e-05,-4.818065093701496e-06,0.0,0.0,0.0
640,1.7375,0.2878181164645227,0.9204774198599656,4.284090040370917e-05,0.0009476959985351841,9.863536388033257e-05,22.121290393166724,2.302364398293382,-7.691268334117538e-05,-4.742529395512989e-06,0.0,0.0,0.0
640,1.75,0.2874654151340595,0.9209695784325471,4.247730995736014e-05,0.0009410787550295629,9.745192678460963e-05,22.154857639860975,2.294211353836542,-7.638112283113724e-05,-4.672842430316207e-06,0.0,0.0,0.0
640,1.7625000000000002,0.2871196210339558,0.921451541440293,4.214401581946624e-05,0.0009345579520138008,9.630627112250239e-05,22.175341714401366,2.2851707235269854,-7.585518457651844e-05,-4.603791700758072e-06,0.0,0.0,0.0
640,1.7750000000000001,0.2867805451878108,0.921923580021108,4.183899502122832e-05,0.0009281314190489082,9.768193842254206e-05,22.183406140085147,2.3347104387421367,-7.533485604235279e-05,-4.746650189111667e-06,0.0,0.0,0.0
640,1.7875,0.2864480050290593,0.9223859567882989,4.156034788867256e-05,0.0009217970521667816,9.63289558151667e-05,22.179724160057404,2.3178091789126127,-7.482011986363927e-05,-4.655331673752002e-06,0.0,0.0,0.0
640,1.8,0.2861218241473755,0.9228389261306615,4.130629055875254e-05,0.000915552811374629,9.64969109239923e-05,22.164972913081616,2.336131122370784,-7.431095426934949e-05,-4.69120273104538e-06,0.0,0.0,0.0
640,1.8125,0.2858018320463937,0.923282734501229,4.107514796300184e-05,0.0009093967182634456,9.547258695737947e-05,22.13982817743173,2.3243394532230477,-7.380733347553772e-05,-4.623782314522099e-06,0.0,0.0,0.0
640,1.8250000000000002,0.2854878639121861,0.9237176206951281,4.0865347248318054e-05,0.0009033268537161057,9.448090430302756e-05,22.104959691815296,2.312005419381729,-7.330922804976196e-05,-4.557322349650309e-06,0.0,0.0,0.0
640,1.8375000000000001,0.2851797603919716,0.9241438161169608,4.067541160652819e-05,0.0008973413557107842,9.391708833218765e-05,22.061027049736495,2.3089400850000112,-7.281660524886177e-05,-4.525542521681054e-06,0.0,0.0,0.0
640,1.85,0.28487736738255376,0.9245615450381224,4.0503954486299584e-05,0.0008914384172156198,9.299074852014714e-05,22.008676153266663,2.295843694758277,-7.232942933199223e-05,-4.461377492877043e-06,0.0,0.0,0.0
640,1.8625,0.28458053582801496,0.9249710248444483,4.034967416274693e-05,0.0008856162841706802,9.327366860408303e-05,21.948536203752806,2.311633750197628,-7.184766185067433e-05,-4.498539527513568e-06,0.0,0.0,0.0
640,1.875,0.28428912152621955,0.9253724662745638,4.0211348641742305e-05,0.0008798732535534656,9.253239124663742e-05,21.88121720046199,2.301151151905959,-7.137126191749649e-05,-4.447288621416085e-06,0.0,0.0,0.0
640,1.8875000000000002,0.2840029849436992,0.9257660736493032,4.008783087747828e-05,0.0008742076715243352,9.170515244457739e-05,21.807307913371616,2.287605750604436,-7.090018645498283e-05,-4.3874723332034245e-06,0.0,0.0,0.0
640,1.9000000000000001,0.28372199103852147,0.9261520450925461,3.997804428326924e-05,0.0008686179316484005,9.084230709817479e-05,21.72737429309207,2.272304929538341,-7.043439042603617e-05,-4.323462339266972e-06,0.0,0.0,0.0
640,1.9125,0.2834460090907577,0.9265305727438046,3.988097851690886e-05,0.0008631024731905682,9.060285104033664e-05,21.641958279048428,2.27183119395936,-6.997382704726106e-05,-4.311359164491362e-06,0.0,0.0,0.0
640,1.925,0.28317491254018967,0.9269018429628857,3.979568552314839e-05,0.0008576597794805669,9.086767484885324e-05,21.55157696634432,2.2833549329360654,-6.951844798638058e-05,-4.341119092684913e-06,0.0,0.0,0.0
640,1.9375,0.2829085788309146,0.9272660365269367,3.972127581700891e-05,0.000852288376344912,9.009986959594476e-05,21.456722091991733,2.2683025089884805,-6.906820354487176e-05,-4.282180471209548e-06,0.0,0.0,0.0
640,1.9500000000000002,0.2826468892625203,0.927623328820174,3.965691499272452e-05,0.0008469868306029162,9.073810882197808e-05,21.357859802213685,2.288077850700816,-6.86230428268663e-05,-4.341901475486553e-06,0.0,0.0,0.0
640,1.9625000000000001,0.282389728847525,0.9279738900165783,3.960182044411162e-05,0.0008417537486239586,8.987535937490058e-05,21.255430664150662,2.269475452567588,-6.8182913895287e-05,-4.2732508091170625e-06,0.0,0.0,0.0
640,1.975,0.28213698617478883,0.9283178852558317,3.955525828309122e-05,0.0008365877749433546,8.915229919681125e-05,21.149849887365612,2.2538671991157595,-6.774776391612239e-05,-4.215748477666203e-06,0.0,0.0,0.0
640,1.9875,0.28188855327861956,0.9286554748127616,3.951654044396352e-05,0.0008314875909342879,8.918482778025037e-05,21.041507722908587,2.256898675295704,-6.731753929167758e-05,-4.221804423584383e-06,0.0,0.0,0.0
640,2.0,0.28164432551330915,0.928986814260544,3.9485021961843116e-05,0.000826451913533374,8.842742876358993e-05,20.930770010259256,2.2395182874418293,-6.689218578358013e-05,-4.1601045781484794e-06,0.0,0.0,0.0
640,2.0125,0.28140420143285133,0.9293120546279079,3.946009841441619e-05,0.0008214794940175241,8.775615486028699e-05,20.817978845116315,2.223921337921107,-6.647164862626417e-05,-4.105164797899019e-06,0.0,0.0,0.0
640,2.025,0.28116808267560317,0.9296313425505784,3.944120351688449e-05,0.0008165691168299027,8.849323961555822e-05,20.703453343667253,2.243674931919228,-6.605587263160655e-05,-4.169423068387268e-06,0.0,0.0,0.0
640,2.0375,0.28093587385366475,0.9299448204171766,3.942780686061925e-05,0.0008117195984528345,8.783752295481672e-05,20.58749048158662,2.2278064632235326,-6.56448022853383e-05,-4.114825868006785e-06,0.0,0.0,0.0
640,2.0500000000000003,0.28070748244676286,0.9302526265097995,3.9419411786657686e-05,0.0008069297863256521,8.839399083655444e-05,20.470365988534972,2.2423975100123945,-6.523838183581453e-05,-4.162839219241224e-06,0.0,0.0,0.0
640,2.0625,0.2804828187004349,0.9305548951394792,3.941555338574226e-05,0.000802198557805529,8.780666947131471e-05,20.35233528132342,2.2277162675350617,-6.483655537568187e-05,-4.113244867273659e-06,0.0,0.0,0.0
640,2.075,0.28026179552832037,0.9308517567767247,3.9415796617143196e-05,0.0007975248191694498,8.723107290340188e-05,20.233634421144252,2.213099325397429,-6.443926691694606e-05,-4.064298484331989e-06,0.0,0.0,0.0
640,2.0875,0.28004432841837457,0.9311433381773346,3.941973453898776e-05,0.0007929075046555509,8.664335087412202e-05,20.114481082345502,2.19796890789379,-6.404646045990788e-05,-4.014007388486413e-06,0.0,0.0,0.0
640,2.1,0.27983033534283086,0.9314297625036656,3.942698664329976e-05,0.0007883455755421235,8.591950544079716e-05,19.99507552211311,2.1792054822277005,-6.365808005640002e-05,-3.951864097787279e-06,0.0,0.0,0.0
640,2.1125000000000003,0.27961973667174456,0.931711149441529,3.943719728936812e-05,0.0007838380192626826,8.641647492282141e-05,19.875601542151113,2.1912428078685613,-6.327406986773174e-05,-3.99323859884353e-06,0.0,0.0,0.0
640,2.125,0.2794124550899602,0.9319876153128879,3.9450034229480067e-05,0.0007793838485555346,8.578951771268347e-05,19.756227434984574,2.174637345398677,-6.289437421771463e-05,-3.93885609607229e-06,0.0,0.0,0.0
640,2.1375,0.27920841551735104,0.9322592731845136,3.946518722142479e-05,0.0007749821006463782,8.518127855618284e-05,19.63710690888747,2.1583903321745748,-6.251893764112104e-05,-3.8858677634544344e-06,0.0,0.0,0.0
640,2.15,0.2790075450321884,0.9325262329727598,3.948236672252725e-05,0.00077063183646253,8.454319721322377e-05,19.51837998664945,2.141290004405597,-6.214770492790025e-05,-3.8301705917092045e-06,0.0,0.0,0.0
640,2.1625,0.2788097727975037,0.9327886015445974,3.950130266030283e-05,0.0007663321398774124,8.392719877776776e-05,19.40017387445666,2.1246691406486478,-6.178062116345431e-05,-3.7762011699845194e-06,0.0,0.0,0.0
640,2.1750000000000003,0.27861502999031323,0.9330464828150631,3.9521743275124144e-05,0.0007620821169840284,8.340095536190248e-05,19.282603798089536,2.110254974870931,-6.141763176525687e-05,-3.7297330273761594e-06,0.0,0.0,0.0
640,2.1875,0.27842324973358246,0.9332999778412492,3.954345403058906e-05,0.0007578808953961851,8.33135400053119e-05,19.165773804430994,2.1068857551205378,-6.105868251607568e-05,-3.7204573078514418e-06,0.0,0.0,0.0
640,2.2,0.27823436703080995,0.933549184912973,3.9566216587540905e-05,0.000753727623576288,8.279984502114021e-05,19.049777526963016,2.0926904860348268,-6.070371959404351e-05,-3.6748584168559413e-06,0.0,0.0,0.0
640,2.2125,0.27804831870312247,0.9337941996402485,3.958982783793898e-05,0.000749621470188587,8.223746529597244e-05,18.934698914508132,2.0772372547971574,-6.035268959980508e-05,-3.6250491839328444e-06,0.0,0.0,0.0
640,2.225,0.27786504332876977,0.9340351150376842,3.961409899502591e-05,0.0007455616234767924,8.181114113045248e-05,18.820612922949675,2.0652026224482594,-6.000553958095015e-05,-3.5867485815112583e-06,0.0,0.0,0.0
640,2.2375000000000003,0.27768448118491973,0.9342720216059258,3.963885473644347e-05,0.0007415472906650401,8.131508717570881e-05,18.707586170073444,2.0513985006975677,-5.9662217053930716e-05,-3.5424797573375538e-06,0.0,0.0,0.0
640,2.25,0.27750657419165614,0.9345050074102477,3.9663932397163035e-05,0.0007375776973812209,8.076092367167035e-05,18.595677553998055,2.0361300252076564,-5.932267002364492e-05,-3.493244258333122e-06,0.0,0.0,0.0
640,2.2625,0.2773312658580854,0.9347341581564118,3.968918120928673e-05,0.0007336520871017345,8.02526601267503e-05,18.48493883592816,2.0220286153943703,-5.898684700085806e-05,-3.4478957079844037e-06,0.0,0.0,0.0
640,2.275,0.2771585012304646,0.9349595572638882,3.971446158595466e-05,0.000729769720616777,7.975591332986868e-05,18.375415188175836,2.008233528666923,-5.86546970176199e-05,-3.4035233982326923e-06,0.0,0.0,0.0
640,2.2875,0.27698822684226604,0.9351812859365417,3.973964444676451e-05,0.0007259298755152987,7.91466124430282e-05,18.267145708557084,1.991628600226998,-5.8326169640825405e-05,-3.3495922796824135e-06,0.0,0.0,0.0
640,2.3000000000000003,0.2768203906660978,0.9353994232308758,3.9764610582263204e-05,0.000722131845688818,7.858257917443312e-05,18.16016390239519,1.9761938573965179,-5.8001214984057163e-05,-3.299527330334443e-06,0.0,0.0,0.0
640,2.3125,0.2766549420674036,0.9356140461219307,3.9789250055225205e-05,0.0007183749408533048,7.808333771593447e-05,18.054498133446632,1.9624229561391398,-5.767978371783676e-05,-3.2549974511602878e-06,0.0,0.0,0.0
640,2.325,0.2764918317598681,0.9358252295669186,3.9813461636563435e-05,0.0007146584860883891,7.880269242206965e-05,17.9501720451273,1.979297684321419,-5.736182707840518e-05,-3.3140846167680288e-06,0.0,0.0,0.0
640,2.3375,0.2763310117624578,0.9360330465666803,3.983715227385271e-05,0.0007109818213931734,7.842810165627297e-05,17.847204953448177,1.9687175709030187,-5.704729687514226e-05,-3.2802306975057225e-06,0.0,0.0,0.0
640,2.35,0.2761724353580313,0.9362375682250491,3.9860236590567315e-05,0.0007073443012579721,7.864004242937701e-05,17.74561221308357,1.9728945223568166,-5.673614549672941e-05,-3.296283496298824e-06,0.0,0.0,0.0
640,2.3625000000000003,0.27601605705345383,0.9364388638061956,3.9882636414246235e-05,0.0007037452942513171,7.900206225156519e-05,17.64540555799206,1.9808635876274554,-5.6428325916151024e-05,-3.3251511961721115e-06,0.0,0.0,0.0
640,2.375,0.27586183254115526,0.9366370007900263,3.99042803319071e-05,0.0007001841826216107,7.857538480066013e-05,17.546593417993556,1.9690966519657283,-5.612379169462481e-05,-3.2870438798440074e-06,0.0,0.0,0.0
640,2.3875,0.2757097186620747,0.9368320449257159,3.9925103271131374e-05,0.0006966603619128211,7.823260875987838e-05,17.449181212677164,1.9594841929049185,-5.5822496984543636e-05,-3.256137966543496e-06,0.0,0.0,0.0
640,2.4000000000000004,0.2755596733699337,0.9370240602834324,3.994504610533845e-05,0.0006931732405936555,7.898233110535728e-05,17.353171623978085,1.9772747513439894,-5.5524396531506956e-05,-3.318169225001601e-06,0.0,0.0,0.0
640,2.4125,0.27541165569678633,0.9372131093043282,3.99640552818482e-05,0.0006897222396996608,7.869012851215278e-05,17.258564848721313,1.9690226118742777,-5.5229445675514074e-05,-3.291716224575889e-06,0.0,0.0,0.0
640,2.4250000000000003,0.2752656257197948,0.9373992528488571,3.9982082471423026e-05,0.0006863067924877269,7.948207787465456e-05,17.1653588323785,1.987942422245363,-5.493760035138583e-05,-3.3574996092746803e-06,0.0,0.0,0.0
640,2.4375,0.2751215445291817,0.9375825502434815,3.999908423805139e-05,0.0006829263441025001,7.911193268496985e-05,17.07354948523616,1.9778435979719293,-5.4648817088478145e-05,-3.324592117988069e-06,0.0,0.0,0.0
640,2.45,0.27497937419731266,0.9377630593258256,4.0015021727811745e-05,0.0006795803512542173,7.86652091422342e-05,16.983130882117873,1.9658919512108954,-5.4363053009744476e-05,-3.285265930225909e-06,0.0,0.0,0.0
640,2.4625000000000004,0.27483907774886435,0.9379408364883323,4.0029860375720015e-05,0.0006762682819075151,7.955850900950798e-05,16.894095446750633,1.987479053455903,-5.408026583020258e-05,-3.359935133871977e-06,0.0,0.0,0.0
640,2.475,0.27470061913203553,0.9381159367204781,4.00435696295341e-05,0.0006729896149807671,7.9182948452412e-05,16.806434121807264,1.9774198250799968,-5.3800413854854805e-05,-3.3268471999446216e-06,0.0,0.0,0.0
640,2.4875000000000003,0.27456396319076076,0.9382884136496,4.0056122689543506e-05,0.0006697438400555373,7.884294884106647e-05,16.720136525604644,1.9683120468783692,-5.352345597610947e-05,-3.296880222879452e-06,0.0,0.0,0.0
640,2.5,0.274429075637887,0.9384583195803793,4.006749626343049e-05,0.000666530457095743,7.847497054689511e-05,16.635191096382126,1.9585693608342338,-5.324935167074657e-05,-3.264635314094493e-06,0.0,0.0,0.0
960,0.0,1.0,0.26409195184164375,0.00904281695326705,0.002253943805845387,0.002253943805845387,0.24925239750994482,0.24925239750994482,0.0005770542175308415,0.0005770542175308415,1.0,1.0,0.0
960,0.0125,0.9991113423992675,0.27493997055625136,0.009476833828209602,0.0022974600758858543,0.0022974600758858543,0.2424290767921905,0.2424290767921905,0.0006102467689475186,0.0006102467689475186,1.0,1.0,0.0
960,0.025,0.9964458593499054,0.28597265538016053,0.009895138155650449,0.002340659524728746,0.002340659524728746,0.2365464218801384,0.2365464218801384,0.0006421306836283448,0.0006421306836283448,1.0,1.0,0.0
960,0.037500000000000006,0.9920219470317241,0.29717412123969494,0.010293303458718516,0.00238310003515322,0.0023800606654473967,0.23151945774363758,0.23122418133232678,0.0006723672910030503,0.0006726256374280452,1.0,1.0,0.0
960,0.05,0.9858816255429677,0.308527610500356,0.010667033250135856,0.0024243467158203812,0.0026951188680309894,0.22727469381324977,0.25265871070540297,0.0007006283554168154,0.0006776127224789138,1.0,1.0,0.0
960,0.0625,0.9780899059271021,0.32001561518908384,0.011012258861536787,0.0024639795488096776,0.006926010694790289,0.22374878576599527,0.6289364227516668,0.0007266037415818042,0.00034733109417345233,1.0,1.0,0.0
960,0.07500000000000001,0.9687333045860657,0.3316200088243894,0.011325232576600258,0.0025016006961912198,0.007546792796922032,0.22088735743581345,0.6663697849803909,0.0007500087098347684,0.00032116738127264927,1.0,1.0,0.0
960,0.08750000000000001,0.9579175805678947,0.34332218545606213,0.01160261247170926,0.002536841214683475,0.007951598854818802,0.218643966681562,0.6853283149986477,0.0007705905568471918,0.00031033615743568903,1.0,1.0,0.0
960,0.1,0.945764824434929,0.35510320336220125,0.011841535767046728,0.00256936695843014,0.008297632702317068,0.21697920007811103,0.7007226820534692,0.00078813434873241,0.0003012317605020211,1.0,1.0,0.0
960,0.1125,0.9324100679561346,0.36694393078455523,0.012039678067817843,0.002598883492154803,0.00866844265198337,0.21585988242506582,0.7199895714117297,0.0008024675389313585,0.00028655501034593025,1.0,1.0,0.0
960,0.125,0.9179976078306635,0.378825191103528,0.012195296585101156,0.002625139887012271,0.00902866462617315,0.21525838823955884,0.7403398976949326,0.0008134633193375553,0.00026916371650888055,1.0,1.0,0.0
960,0.1375,0.9026772425337433,0.3907279049571117,0.01230725621557245,0.002647931325546678,0.009352366920987436,0.21515204357216788,0.7599067377141159,0.0008210426156521907,0.00025116559003972614,1.0,1.0,0.0
960,0.15000000000000002,0.8866006101110279,0.4026332269848695,0.012375038172766027,0.002667100496474581,0.009631231747724808,0.2155226076267076,0.7782789526193492,0.000825174702484773,0.00023322354612850363,1.0,1.0,0.0
960,0.1625,0.8699177893129011,0.4145226751172129,0.012398731645526224,0.0026825378110614103,0.009878369230411238,0.21635582475319867,0.7967241741195039,0.0008258764759295093,0.0002142308052847738,1.0,1.0,0.0
960,0.17500000000000002,0.852774291188516,0.426378250617731,0.012379009664448545,0.002694180517787919,0.010065399425525767,0.21764103840433816,0.8131021542403939,0.0008232104774661532,0.00019665687030843615,1.0,1.0,0.0
960,0.1875,0.835308528014389,0.4381825474072605,0.012317090947105019,0.0027020108287282778,0.010195780136388211,0.2193708595911076,0.8277750144229149,0.000817281810062023,0.00018031141891092865,1.0,1.0,0.0
960,0.2,0.817649805840848,0.44991884953762884,0.012214689942493433,0.0027060531983540328,0.010258092603949049,0.22154088323928717,0.8398160454537926,0.0008082341232518491,0.00016631077377627268,1.0,1.0,0.0
960,0.21250000000000002,0.7999168498088296,0.46157121602621365,0.012073957591951175,0.002706370912936381,0.010282302371236573,0.22414944663550257,0.8516099458632381,0.0007962448677162576,0.00015229069376074123,1.0,1.0,0.0
960,0.225,0.7822168403773045,0.47312455259673075,0.011897415467281732,0.0027030621566710693,0.010294410938018169,0.2271974248612714,0.8652644741480302,0.0007815200314019064,0.0001362553849874029,1.0,1.0,0.0
960,0.23750000000000002,0.7646449151365986,0.4845646701860775,0.01168788594699981,0.0026962557200059644,0.010234863999362893,0.23068805875010034,0.8756813717873507,0.000764288569294477,0.00012350686554913798,1.0,1.0,0.0
960,0.25,0.7472840752847211,0.49587833036294354,0.011448420966449942,0.00268610650773242,0.010123467028489591,0.23462681147069656,0.8842675385677046,0.0007447967289909895,0.00011262108472662978,1.0,1.0,0.0
960,0.2625,0.7302054275685712,0.5070532780549707,0.011182231650621521,0.0026727909907672967,0.009981772218257976,0.23902125034395438,0.8926458090056807,0.0007233024560876091,0.00010203905175090135,1.0,1.0,0.0
960,0.275,0.7134686904274344,0.5180782621935649,0.010892620836175933,0.0026565027278417502,0.009790241894605615,0.24388095094792334,0.8987958033103327,0.0007000700392084055,9.3702210033477e-05,1.0,1.0,0.0
960,0.28750000000000003,0.6971228958261949,0.5289430450571967,0.01058292013843124,0.0026374480631124655,0.009601800850200454,0.24921742095877025,0.9072921957836656,0.0006753651264020959,8.339513949961677e-05,1.0,1.0,0.0
960,0.30000000000000004,0.6812072243839136,0.5396384012252888,0.010256432845268818,0.002615842084456384,0.009373682350357564,0.2550440415220038,0.91393201630346,0.0006494502146690569,7.503379206745661e-05,1.0,1.0,0.0
960,0.3125,0.6657519195599946,0.5501561071471701,0.009916383545654947,0.002591904906119782,0.00911516599781141,0.26137602425185286,0.919202646392736,0.000622580684360489,6.810349156670072e-05,1.0,1.0,0.0
960,0.325,0.650779235740415,0.5604889223869394,0.009565875044339915,0.0025658583194340476,0.008847781037023654,0.26823038222229906,0.924931696892575,0.0005950014216169988,6.10379906218822e-05,1.0,1.0,0.0
960,0.3375,0.6363043842118142,0.5706305636290976,0.00920785279057756,0.002537922837192022,0.00854818782108618,0.2756259135451308,0.9283584365981157,0.0005669440460377708,5.607152240676733e-05,1.0,1.0,0.0
960,0.35000000000000003,0.6223364496176734,0.5805756725257354,0.00884507676724903,0.0025083151414619065,0.008238504498575898,0.28358319633239715,0.931422611172906,0.0005386247381919055,5.155864283721623e-05,1.0,1.0,0.0
960,0.36250000000000004,0.608879257180744,0.5903197784383677,0.008480100553275149,0.00247724593134318,0.007950331143194963,0.29212459401633256,0.9375279329824007,0.0005102426428642174,4.503039985681583e-05,1.0,1.0,0.0
960,0.375,0.5959321775560316,0.5998592570807411,0.00811525708871039,0.0024449181564994665,0.007634677413537717,0.30127427015229563,0.9407807208176762,0.00048197880923792855,4.0849272389677215e-05,1.0,1.0,0.0
960,0.3875,0.5834908615946968,0.6091912860074207,0.007752650537462344,0.002411525614151665,0.007321939585264862,0.31105821196230826,0.9444433938926821,0.00045399561848140775,3.6610430936785995e-05,1.0,1.0,0.0
960,0.4,0.571547901593196,0.6183137978207707,0.00739415355389237,0.002377251881390463,0.007025216837081364,0.3215042619907521,0.9501042662798377,0.00042643664216266216,3.1359620928935495e-05,1.0,1.0,0.0
960,0.41250000000000003,0.5600934188760158,0.627225431889693,0.007041409211715501,0.0023422695509111927,0.00671337888994686,0.33264215734176095,0.9534141090361764,0.00039942687116836627,2.7882577350334508e-05,1.0,1.0,0.0
960,0.42500000000000004,0.5491155799483926,0.6359254852904084,0.006695836840728666,0.0023067397362885544,0.006397959698940985,0.34450357605152254,0.9555130824013232,0.00037307325387740946,2.5319557051952867e-05,1.0,1.0,0.0
960,0.4375,0.5386010451024024,0.6444138635953246,0.006358641032606854,0.0022708118123844416,0.006098145594643062,0.357122190219547,0.9590328441835321,0.0003474654837189051,2.2142112226922273e-05,1.0,1.0,0.0
960,0.45,0.5285353544076004,0.6526910320529007,0.006030823114969968,0.0022346233571163597,0.005808812237310471,0.37053372558208214,0.9631873007337237,0.0003226769794175567,1.8870924601057254e-05,1.0,1.0,0.0
960,0.4625,0.5189032565961873,0.6607579676211354,0.005713194447128296,0.002198300262325484,0.00551553951211859,0.38477602725922394,0.9654037794724357,0.000298766005708239,1.6800669475825026e-05,1.0,1.0,0.0
960,0.47500000000000003,0.5096889865763955,0.6686161122412354,0.0054063909559273135,0.0021619569836206706,0.005232498536148733,0.3998891314455168,0.967835766744184,0.00027577688764606465,1.478085568117931e-05,1.0,1.0,0.0
960,0.48750000000000004,0.5008764972724606,0.6762673276671338,0.005110888401215201,0.0021256969016213434,0.00495524536522457,0.41591534284253256,0.9695467746950561,0.00025374127746547793,1.322965805920364e-05,1.0,1.0,0.0
960,0.5,0.49244965127361556,0.6837138521014535,0.0048270179337187415,0.0020896127697976343,0.004693147469770062,0.43289931765134204,0.9722664249880785,0.00023267943893329413,1.1378989435637741e-05,1.0,1.0,0.0
960,0.5125000000000001,0.4843923774402011,0.6909582588296213,0.004554981580396645,0.0020537872269656547,0.004441064092297399,0.450888151953144,0.9749905710728852,0.00021260152004163422,9.682986488435964e-06,1.0,1.0,0.0
960,0.525,0.47668879721023333,0.6980034169912464,0.004294867361259015,0.0020182933553271197,0.004200297799546825,0.46993147530764934,0.9779807957365028,0.0001935087905042111,8.038412745536139e-06,1.0,1.0,0.0
960,0.5375,0.46932332491055095,0.7048524545815487,0.004046663805497127,0.001983195267662695,0.003971194417490672,0.49008154939104515,0.9813502204201063,0.00017539482571592675,6.414897980548673e-06,1.0,1.0,0.0
960,0.55,0.46228074592912205,0.7115087237353186,0.0038102736924547588,0.001948548709839514,0.0037468937113760126,0.511393371478301,0.9833660292686446,0.00015824662352229582,5.3872983916934225e-06,1.0,1.0,0.0
960,0.5625,0.4555462761674311,0.7179757683113571,0.0035855268938863906,0.0019144016671380425,0.0035366983224644944,0.5339247825479291,0.9863817584229663,0.0001420456442736096,4.15042857086118e-06,1.0,1.0,0.0
960,0.5750000000000001,0.44910560577621966,0.7242572937661381,0.0033721922378879554,0.001880794965021562,0.0033392778345694685,0.5577365797507222,0.9902394641240555,0.00012676876819364344,2.7977242820713855e-06,1.0,1.0,0.0
960,0.5875,0.44294492979165695,0.7303571392811915,0.003169988351963979,0.0018477628568556027,0.0031536007578914327,0.5828926329369045,0.9948303929689857,0.000112389167084212,1.3929454961664484e-06,1.0,1.0,0.0
960,0.6000000000000001,0.4370509679362457,0.7362792520889067,0.0029785934732506313,0.001815333592737101,0.002970569274055699,0.6094600048780646,0.9973060441893149,9.887708984365007e-05,6.820569315692531e-07,1.0,1.0,0.0
960,0.6125,0.4314109755309218,0.742027663925696,0.0027976542384462377,0.00178352996502339,0.002801566222514558,0.6375090747503979,1.0013983086310527,8.620056324094205e-05,-3.3251864580723624e-07,1.0,0.0,0.0
960,0.625,0.4260127471816213,0.7476064695292359,0.0026267934851032116,0.0017523698273734345,0.0026365930795799694,0.6671136643635236,1.0037306299609514,7.432601090703106e-05,-8.329655305244093e-07,1.0,0.0,0.0
960,0.6375000000000001,0.4208446146536578,0.7530198070874139,0.0024656171102527625,0.001721866585145172,0.002485521070483756,0.6983511665234409,1.0080726079277382,6.321879463414519e-05,-1.6918366196344571e-06,1.0,0.0,0.0
960,0.65,0.4158954401284393,0.758271840540209,0.002313720042519553,0.001692029655851863,0.0023403154266246656,0.7313026748081877,1.0114946422282582,5.2843682866753664e-05,-2.2606076489345753e-06,1.0,0.0,0.0
960,0.6625000000000001,0.41115460584680363,0.7633667436316581,0.0021706913905747303,0.0016628648990859617,0.002202503259499775,0.7660531139093373,1.0146551780981736,4.3165251776545336e-05,-2.704008858628812e-06,1.0,0.0,0.0
960,0.675,0.40661200097885625,0.768308685606942,0.0020361188345718903,0.0016343750158898834,0.002071564366771685,0.8026913695504041,1.0174083808852186,3.414822458797059e-05,-3.0128702369825684e-06,1.0,0.0,0.0
960,0.6875,0.4022580064189053,0.7731018184491358,0.0019095923286598395,0.0016065599180066384,0.00195327797599333,0.8413104168333821,1.0228769495341183,2.5757754905522094e-05,-3.713280023346714e-06,1.0,0.0,0.0
960,0.7000000000000001,0.39808347808326483,0.7777502655510481,0.0017907071822605696,0.0015794170677963797,0.001838008840377738,0.882007445685531,1.0264150714230427,1.7959659729456143e-05,-4.020640939959317e-06,1.0,0.0,0.0
960,0.7125,0.3940797291858359,0.7822581117195176,0.0016790665859704773,0.001552941789872253,0.0017294642243887808,0.9248839818789403,1.03001527088884,1.0720607668349063e-05,-4.283799265555794e-06,1.0,0.0,0.0
960,0.7250000000000001,0.39023851187919173,0.7866293944123814,0.0015742836450584438,0.0015271275557042381,0.0016260167249021477,0.9700460018737888,1.0328613461786826,4.008267595107485e-06,-4.397311786714832e-06,1.0,0.0,0.0
960,0.7375,0.38655199857528394,0.7908680961118102,0.0014759829799081228,0.0015019662425748987,0.00152965261990717,1.017604039491291,1.0363619640128832,-2.2085773266759565e-06,-4.561919399919008e-06,0.0,0.0,0.0
960,0.75,0.3830127631979974,0.7949781377417252,0.0013838019486426428,0.0014774483683566606,0.0014434952232530828,1.0676732821527493,1.0431371517210195,-7.959945675691517e-06,-5.073928341887405e-06,0.0,0.0,0.0
960,0.7625000000000001,0.3796137625679421,0.7989633730413617,0.0012973915427884409,0.0014535633036256005,0.0013577515514347663,1.1203736541256504,1.0465241268002994,-1.327459967115857e-05,-5.130600734937658e-06,0.0,0.0,0.0
960,0.775,0.37634831807662733,0.8028275838116454,0.001216417002348307,0.0014302994626396925,0.0012782693049094272,1.175829883895476,1.0508479431327529,-1.8180009124767777e-05,-5.2574457176952256e-06,0.0,0.0,0.0
960,0.7875000000000001,0.373210097771237,0.8065744759557846,0.0011405581921919922,0.001407644474696739,0.0012007679187279435,1.2341715524320986,1.052789701523459,-2.2702334012903474e-05,-5.1178267555558596e-06,0.0,0.0,0.0
960,0.8,0.37019309894150987,0.8102076762402578,0.0010695097773339823,0.0013855853373545576,0.0011328952438880715,1.2955331187420014,1.0592659065839427,-2.6866422601748907e-05,-5.387764657097583e-06,0.0,0.0,0.0
960,0.8125,0.3672916312757684,0.8137307297071467,0.0010029812305232951,0.0013641085529482214,0.0010688678935903825,1.3600539186924883,1.0656908235787341,-3.069582240611874e-05,-5.600366360702427e-06,0.0,0.0,0.0
960,0.8250000000000001,0.36450030063310246,0.8171470976734555,0.0009406967016685706,0.0013432002497802784,0.0010068718940441125,1.4278781326624863,1.0703470015980316,-3.421280158949517e-05,-5.624891351921066e-06,0.0,0.0,0.0
960,0.8375,0.3618139934624115,0.8204601562576266,0.0008823947749942469,0.001322846289293178,0.0009537426712476158,1.4991547171183135,1.08085711551707,-3.743837871540915e-05,-6.064571181536354e-06,0.0,0.0,0.0
960,0.8500000000000001,0.3592278618858165,0.823673195377894,0.0008278281364868317,0.0013030323604613988,0.0009007719252290247,1.574037294735181,1.0881146527004442,-4.0392359037838206e-05,-6.200222043086404e-06,0.0,0.0,0.0
960,0.8625,0.35673730945337473,0.8267894181713538,0.00077676317114985,0.0012837440625661286,0.0008505383479799367,1.652683997190276,1.0949776966393459,-4.309337577038368e-05,-6.27089003055737e-06,0.0,0.0,0.0
960,0.875,0.35433797756762575,0.8298119407866938,0.0007289795068387081,0.001264966977439622,0.0008025691450401805,1.7352572542474847,1.1009488435698298,-4.555893500107769e-05,-6.255119247125159e-06,0.0,0.0,0.0
960,0.8875000000000001,0.35202573256989184,0.8327437925073636,0.0006842695189833356,0.0012466867321908905,0.0007575083698134731,1.8219235222448242,1.1070321690478822,-4.7805463122642165e-05,-6.225302320561684e-06,0.0,0.0,0.0
960,0.9,0.3497966534751488,0.8355879161656036,0.0006424378083131081,0.0012288890533502922,0.0007147419486262907,1.912852944594074,1.1125465210446384,-4.984835582816065e-05,-6.145851926620517e-06,0.0,0.0,0.0
960,0.9125000000000001,0.34764702033840494,0.8383471688111767,0.0006033006617585514,0.0012115598132986737,0.0006763919307364863,2.0082189364207186,1.1211523103006094,-5.1702027880910404e-05,-6.21275786312447e-06,0.0,0.0,0.0
960,0.925,0.34557330323265756,0.8410243226018375,0.0005666855049991165,0.0011946850697775947,0.0006391906609563228,2.108197685027178,1.1279460217661987,-5.337996300617066e-05,-6.162938256362536e-06,0.0,0.0,0.0
960,0.9375,0.34357215181645545,0.8436220658855786,0.0005324303536364482,0.0011782510992112624,0.000605221357291666,2.212967557472861,1.1367146015587994,-5.489476337385921e-05,-6.187235310693508e-06,0.0,0.0,0.0
960,0.9500000000000001,0.3416403854677262,0.8461430044474721,0.0005003832686785385,0.0011622444245084013,0.0005736544572769593,2.3227084062538124,1.1464301330296727,-5.625819824553834e-05,-6.2280510308657695e-06,0.0,0.0,0.0
960,0.9625,0.33977498395969763,0.8485896628965067,0.0004704018209026971,0.0011466518379535475,0.0005425377924009772,2.437600763859996,1.1533496859341483,-5.748125144932229e-05,-6.131557577353811e-06,0.0,0.0,0.0
960,0.9750000000000001,0.3379730786543516,0.8509644861702198,0.00044235256770598066,0.001131460419742265,0.0005145093471724878,2.5578249169208283,1.1631205168327807,-5.857416742308417e-05,-6.133326254653109e-06,0.0,0.0,0.0
960,0.9875,0.3362319441888,0.8532698411371303,0.00041611054523310283,0.001116657552663533,0.00048679330986538103,2.6835598507554947,1.1698653529500966,-5.9546495631586576e-05,-6.008034993743648e-06,0.0,0.0,0.0
960,1.0,0.334548990630198,0.8555080182790066,0.00039155877787762247,0.0011022309333849807,0.00046185407719218037,2.814982055464151,1.1795268125403333,-6.040713321812545e-05,-5.975100441737422e-06,0.0,0.0,0.0
960,1.0125,0.33292175607524416,0.8576812334368823,0.000368587806667394,0.0010881685807526602,0.00043800856759854996,2.9522641852734997,1.1883425324316272,-6.116436579724763e-05,-5.900764679148258e-06,0.0,0.0,0.0
960,1.0250000000000001,0.33134789967091516,0.8597916296064418,0.00034709523755604884,0.001074458841476514,0.00041706616088173015,3.0955735637341055,1.201589983827947,-6.182590633323955e-05,-5.947528482682911e-06,0.0,0.0,0.0
960,1.0375,0.3298251950337952,0.8618412787699672,0.00032698531023632986,0.00106109039353544,0.00039700218529365914,3.2450705286073336,1.214128503224577,-6.239893208042437e-05,-5.951434379872989e-06,0.0,0.0,0.0
960,1.05,0.3283515240461651,0.8638321837534707,0.00030816848775713985,0.0010480522476017326,0.0003769574857577606,3.400906611930021,1.2232187933986025,-6.289011958679038e-05,-5.847064830052764e-06,0.0,0.0,0.0
960,1.0625,0.32692487100787326,0.8657662800989456,0.00029056106695423615,0.0010353337467534944,0.0003578386074394203,3.5632225528568875,1.2315435484540689,-6.330567778293696e-05,-5.718590941240652e-06,0.0,0.0,0.0
960,1.075,0.3255433171239088,0.867645437942855,0.00027408480948576397,0.0010229245647151752,0.00034091074368618136,3.732146143503462,1.2438148043512363,-6.365137919449996e-05,-5.680204407035479e-06,0.0,0.0,0.0
960,1.0875000000000001,0.32420503530851236,0.8694714638930545,0.00025866659309033824,0.0010108147028405272,0.00032486812892515036,3.9077899111908287,1.2559338453562556,-6.393258932876607e-05,-5.627130545959031e-06,0.0,0.0,0.0
960,1.1,0.32290828528757987,0.8712461028973341,0.0002442380825503942,0.0009989944860287995,0.00030847399174621377,4.090248644261587,1.26300529600074,-6.415429429566445e-05,-5.460052281644666e-06,0.0,0.0,0.0
960,1.1125,0.32165140898202915,0.8729710400976349,0.00023073541974089268,0.0009874545577436993,0.0002953521963567772,4.279596773016358,1.2800470629452851,-6.432112673023858e-05,-5.492426012350186e-06,0.0,0.0,0.0
960,1.125,0.32043282615569796,0.8746479026648124,0.00021809893206803623,0.0009761858742854452,0.00028121619512833535,4.475885622314386,1.2893973962266336,-6.443739008847977e-05,-5.364967360125425e-06,0.0,0.0,0.0
960,1.1375,0.31925103031222046,0.8762782616095244,0.00020627285854984376,0.0009651796984488393,0.0002680416634742897,4.679140557969304,1.2994519267280147,-6.450708139141463e-05,-5.250348418577907e-06,0.0,0.0,0.0
960,1.1500000000000001,0.3181045848261808,0.8778636335654847,0.00019520509275632562,0.000954427592684667,0.0002560287381491353,4.889358055202372,1.311588414697437,-6.453391249390902e-05,-5.1700098583888225e-06,0.0,0.0,0.0
960,1.1625,0.31699211929466276,0.8794054825418978,0.00018484694180828673,0.0009439214118676469,0.00024460106716011834,5.106502724003036,1.32326272086127,-6.452132995504561e-05,-5.079100654905688e-06,0.0,0.0,0.0
960,1.175,0.3159123260961061,0.880905221642413,0.00017515290062749763,0.000933653295761507,0.00023563321285972134,5.330504333166211,1.3453000893250908,-6.44725335863908e-05,-5.140826539739016e-06,0.0,0.0,0.0
960,1.1875,0.3148639571441342,0.8823642147484123,0.0001660804406347839,0.0009236156612604407,0.00022764738235592547,5.561254881852707,1.3707055538016617,-6.439049375318084e-05,-5.233190046297033e-06,0.0,0.0,0.0
960,1.2000000000000002,0.31384582082473955,0.8837837781648498,0.00015758981210429288,0.0009138011944760404,0.00022052797753271684,5.7986057745362825,1.3993796590529057,-6.427796750159855e-05,-5.349744061416037e-06,0.0,0.0,0.0
960,1.2125000000000001,0.3128567791058988,0.885165182227249,0.00014964385940016665,0.0009042028427297306,0.0002113742772616963,6.042365161885979,1.4125155426288138,-6.413751358301294e-05,-5.2470855182300214e-06,0.0,0.0,0.0
960,1.225,0.3118957448093416,0.8865096528687763,0.00014220784834452553,0.0008948138065026408,0.00020309060421891498,6.292295516171403,1.428125146278069,-6.39715064434398e-05,-5.175034249323104e-06,0.0,0.0,0.0
960,1.2375,0.3109616790348127,0.8878183731466185,0.0001352493049918968,0.0008856275313876288,0.00019521714939817872,6.548111514811033,1.4433874496425307,-6.378214924363723e-05,-5.097266774533964e-06,0.0,0.0,0.0
960,1.25,0.31005358872775274,0.8890924847271389,0.0001287378651139199,0.000876637700081767,0.00018774747407347833,6.809478309322839,1.4583702619842338,-6.3571485972267e-05,-5.015816761562467e-06,0.0,0.0,0.0
960,1.2625000000000002,0.30917052438187237,0.8903330893295154,0.00012264513372855352,0.0008678382244518905,0.0001815131744936009,7.076010258773484,1.4799867632362658,-6.334141271148364e-05,-5.003783465029028e-06,0.0,0.0,0.0
960,1.2750000000000001,0.3083115778686141,0.8915412501277713,0.00011694455403936538,0.000859223237700766,0.00017486246872367646,7.347270206456454,1.4952596139262286,-6.309368811121905e-05,-4.923022748166442e-06,0.0,0.0,0.0
960,1.2875,0.3074758803859877,0.8927179931112723,0.00011161128518227439,0.0008507870866569724,0.0001683320572902047,7.622769375583632,1.5081992561531625,-6.282994312534933e-05,-4.821265629174078e-06,0.0,0.0,0.0
960,1.3,0.3066626005197238,0.8938643084039246,0.0001066220882088881,0.000842524324207637,0.00016231630306358673,7.901967953929114,1.5223515670185113,-6.255169005989366e-05,-4.734008262649384e-06,0.0,0.0,0.0
960,1.3125,0.30587094241012475,0.8949811515424322,0.00010195521976696164,0.00083442970188969,0.00015679299789240003,8.184276428386308,1.5378614086731484,-6.226033098043191e-05,-4.661211140662264e-06,0.0,0.0,0.0
960,1.3250000000000002,0.3051001440183987,0.8960694447140912,9.75903329692667e-05,0.0008264981626522628,0.00015094075657858043,8.469057718171173,1.5466773397126838,-6.195716552305467e-05,-4.534786006791668e-06,0.0,0.0,0.0
960,1.3375000000000001,0.3043494754866459,0.8971300779546897,9.350838497203419e-05,0.0008187248338001539,0.00014645555721559022,8.755630139960306,1.566229138268093,-6.164339815039019e-05,-4.500509640702263e-06,0.0,0.0,0.0
960,1.35,0.3036182375860235,0.8981639103071671,8.96915508130132e-05,0.0008111050201259581,0.00014316184196437837,9.043271219793384,1.596157504989949,-6.132014489160032e-05,-4.54497474786604e-06,0.0,0.0,0.0
960,1.3625,0.30290576024795385,0.8991717709417506,8.612314308693624e-05,0.0008036341972364125,0.00013938910179199323,9.33122234548722,1.6184860049904142,-6.0988439602705494e-05,-4.527606489929845e-06,0.0,0.0,0.0
960,1.375,0.30221140117355516,0.9001544602383509,8.278753706271249e-05,0.0007963080050767263,0.00013505241520026187,9.618694230189671,1.631313359376281,-6.0649239781191174e-05,-4.4425146416916976e-06,0.0,0.0,0.0
960,1.3875000000000002,0.30153454451677175,0.9011127508320347,7.967010087197634e-05,0.0007891222416551389,0.00013089594631660013,9.904873133312545,1.6429745272563385,-6.030343196656882e-05,-4.354196862793022e-06,0.0,0.0,0.0
960,1.4000000000000001,0.3008745996369559,0.90204738862244,7.67571304226279e-05,0.000782072856968617,0.00012725708839871267,10.188927760359096,1.65791878484813,-5.9951836756409085e-05,-4.2924964279672064e-06,0.0,0.0,0.0
960,1.4125,0.30023099991691526,0.9029590937480185,7.403578871375923e-05,0.0007751559471294666,0.00012380722934402473,10.470016739153172,1.6722619086654735,-5.959521346533513e-05,-4.2305724535725686e-06,0.0,0.0,0.0
960,1.425,0.2996032016426825,0.9038485615260176,7.149404924984231e-05,0.0007683677486916671,0.00012124242436852754,10.747296547808302,1.6958393830070404,-5.9234264452555105e-05,-4.228611885088245e-06,0.0,0.0,0.0
960,1.4375,0.298990682941493,0.9047164633591263,6.912064327231107e-05,0.0007617046331749153,0.00011781059812545072,11.01992975056766,1.7044198744117343,-5.886963914172136e-05,-4.1386461625168705e-06,0.0,0.0,0.0
960,1.4500000000000002,0.29839294277466893,0.9055634476097195,6.690501054571472e-05,0.0007551631017836679,0.00011447943133176925,11.287093382455737,1.7110741093680568,-5.850193775522602e-05,-4.0438257668146354e-06,0.0,0.0,0.0
960,1.4625000000000001,0.2978094999823091,0.9063901404426402,6.483725345351641e-05,0.0007487397803179039,0.000111514750329036,11.547987313415362,1.719917861866002,-5.8131714783472946e-05,-3.967587234419165e-06,0.0,0.0,0.0
960,1.475,0.2972398923768713,0.907197146637455,6.290809417537277e-05,0.000742431414271844,0.00010860698858469026,11.801842417958525,1.7264390220107426,-5.775948220820006e-05,-3.884406024791987e-06,0.0,0.0,0.0
960,1.4875,0.29668367588291056,0.907985050371122,6.110883473344703e-05,0.000736234864116487,0.00010598230616049015,12.047928377752546,1.7343205221107296,-5.73857124975584e-05,-3.814245071298665e-06,0.0,0.0,0.0
960,1.5,0.29614042372039884,0.9087544159719948,5.9431319709986886e-05,0.0007301471007615079,0.00010351055532476442,12.285560952112146,1.741683607732009,-5.701084138937929e-05,-3.746735027256091e-06,0.0,0.0,0.0
960,1.5125000000000002,0.295609725629209,0.9095057886460853,5.786790145212554e-05,0.0007241652011918278,0.00010169785739551584,12.514108564848062,1.7574139521829921,-5.663527047787469e-05,-3.7255462551881763e-06,0.0,0.0,0.0
960,1.5250000000000001,0.2950911871324884,0.910239695176485,5.6411407592674814e-05,0.0007182863442739805,9.950301907171125e-05,12.732998074794574,1.7638811601756947,-5.625936961791098e-05,-3.6627869757180974e-06,0.0,0.0,0.0
960,1.5375,0.2945844288367821,0.9109566445968399,5.505511072762127e-05,0.000712507806727277,9.726560085694911e-05,12.941719620769199,1.766695218145311,-5.588347915997075e-05,-3.587891660992867e-06,0.0,0.0,0.0
960,1.55,0.2940890857668964,0.9116571288397554,5.3792700102174695e-05,0.0007068269592546835,9.490874012874932e-05,13.139830458633334,1.7643423726356584,-5.550791202796326e-05,-3.4948634022588437e-06,0.0,0.0,0.0
960,1.5625,0.29360480673360634,0.9123416233609869,5.261825516758808e-05,0.0007012412628282781,9.304133504182895e-05,13.326957737287922,1.7682329971887927,-5.5132955651158664e-05,-3.4359617893104744e-06,0.0,0.0,0.0
960,1.5750000000000002,0.29313125373242815,0.9130105877402573,5.1526220880620856e-05,0.0006957482651241527,9.132231970681196e-05,13.502800190530282,1.772346547952608,-5.475887376070021e-05,-3.382668400226244e-06,0.0,0.0,0.0
960,1.5875000000000001,0.2926681013717774,0.9136644662595194,5.051138462650579e-05,0.0006903455971016258,8.964336433567893e-05,13.667128751393756,1.7747160367613184,-5.43859080603852e-05,-3.3262182752797173e-06,0.0,0.0,0.0
960,1.6,0.2922150363289364,0.9143036884594661,4.9568854654627e-05,0.0006850309697216851,8.798474439330916e-05,13.819786123659021,1.7750005523901333,-5.4014279780699945e-05,-3.265350627787984e-06,0.0,0.0,0.0
960,1.6125,0.291771756832339,0.9149286696750675,4.869403992389633e-05,0.0006798021707996358,8.691615401610253e-05,13.960685370572975,1.7849444028867467,-5.364419112443786e-05,-3.2488796978375274e-06,0.0,0.0,0.0
960,1.625,0.2913379721687769,0.9155398115508903,4.788263126203002e-05,0.0006746570619870051,8.598218557335818e-05,14.089807602574147,1.7956863127014566,-5.327582661162289e-05,-3.238462116462894e-06,0.0,0.0,0.0
960,1.6375000000000002,0.2909134022142024,0.9161375025369386,4.7130583749637907e-05,0.0006695935758778467,8.444716151599844e-05,14.20719886337056,1.7917699039033699,-5.290935433089776e-05,-3.1719091101406455e-06,0.0,0.0,0.0
960,1.6500000000000001,0.2904977769868871,0.916722118365733,4.643410024628181e-05,0.0006646097132346984,8.295897275992535e-05,14.312966326679641,1.7865958922412466,-5.2544927104015415e-05,-3.1046141636597007e-06,0.0,0.0,0.0
960,1.6625,0.2900908362217594,0.9172940225113179,4.578961598144186e-05,0.0006597035403295441,8.152286732799719e-05,14.407273924221517,1.7803789261093108,-5.21826835695887e-05,-3.037326364457204e-06,0.0,0.0,0.0
960,1.675,0.289692328964818,0.9178535666308724,4.5193784138716563e-05,0.0006548731863952656,8.019735032524354e-05,14.490337529276498,1.7745216926090541,-5.1822749191806676e-05,-2.975303125854793e-06,0.0,0.0,0.0
960,1.6875,0.28930201318657517,0.9184010909895759,4.464346236657972e-05,0.0006501168411831858,7.893105381817414e-05,14.562419819612062,1.768031636302077,-5.1465237199411516e-05,-2.914445273385526e-06,0.0,0.0,0.0
960,1.7000000000000002,0.28891965541354636,0.9189369248693581,4.4135700153657535e-05,0.0006454327526224373,7.781776122606352e-05,14.623824939343352,1.7631477682497974,-5.1110249459846284e-05,-2.8629751911545092e-06,0.0,0.0,0.0
960,1.7125000000000001,0.2885450303768563,0.9194613869621411,4.366772701079939e-05,0.0006408192245770187,7.669946025654477e-05,14.674893071914159,1.7564335381499558,-5.075787729312865e-05,-2.8076973258883577e-06,0.0,0.0,0.0
960,1.725,0.28817792067708453,0.9199747857481653,4.323694140621964e-05,0.0006362746146965409,7.712093406351907e-05,14.715995026535635,1.7836815360955485,-5.040820222967731e-05,-2.8801393758704517e-06,0.0,0.0,0.0
960,1.7375,0.2878181164645227,0.9204774198599656,4.284090040370917e-05,0.0006317973323567895,7.603946019229659e-05,14.747526928777818,1.774926751672873,-5.006129671601183e-05,-2.821877582029931e-06,0.0,0.0,0.0
960,1.75,0.2874654151340595,0.9209695784325471,4.247730995736014e-05,0.0006273858366863753,7.510387552206254e-05,14.76990509324065,1.7680939682257144,-4.97172247719663e-05,-2.773258072999704e-06,0.0,0.0,0.0
960,1.7625000000000002,0.2871196210339558,0.921451541440293,4.214401581946624e-05,0.0006230386346758672,7.417678600989843e-05,14.783561142934245,1.7600787340165223,-4.937604260279409e-05,-2.7227854661867365e-06,0.0,0.0,0.0
960,1.7750000000000001,0.2867805451878108,0.921923580021108,4.183899502122832e-05,0.0006187542793659388,7.501183842332314e-05,14.78893742672343,1.7928690300821886,-4.903779916930039e-05,-2.819691689178059e-06,0.0,0.0,0.0
960,1.7875,0.2864480050290593,0.9223859567882989,4.156034788867256e-05,0.0006145313681111877,7.391187428056791e-05,14.7864827733716,1.7784228967128757,-4.870253671891379e-05,-2.7498797433111046e-06,0.0,0.0,0.0
960,1.8,0.2861218241473755,0.9228389261306615,4.130629055875254e-05,0.0006103685409164193,7.396962443501285e-05,14.776648608721077,1.7907593113402713,-4.8370291280401674e-05,-2.7763833794821262e-06,0.0,0.0,0.0
960,1.8125,0.2858018320463937,0.923282734501229,4.107514796300184e-05,0.0006062644788422971,7.314729006575624e-05,14.759885451621154,1.7808162281397786,-4.80410931247401e-05,-2.7261320787341244e-06,0.0,0.0,0.0
960,1.8250000000000002,0.2854878639121861,0.9237176206951281,4.0865347248318054e-05,0.0006022179024774038,7.235697919786585e-05,14.736639794543532,1.7706194629447065,-4.7714967194472296e-05,-2.6767887157115633e-06,0.0,0.0,0.0
960,1.8375000000000001,0.2851797603919716,0.9241438161169608,4.067541160652819e-05,0.0005982275704738561,7.17029733089525e-05,14.707351366490995,1.762808794722671,-4.739193350372288e-05,-2.6373427447060665e-06,0.0,0.0,0.0
960,1.85,0.28487736738255376,0.9245615450381224,4.0503954486299584e-05,0.0005942922781437466,7.096332673296914e-05,14.672450768844442,1.7520098378782347,-4.7072007510883e-05,-2.589046640966912e-06,0.0,0.0,0.0
960,1.8625,0.28458053582801496,0.9249710248444483,4.034967416274693e-05,0.0005904108561137868,7.111853915316632e-05,14.632357469168538,1.7625554760694182,-4.675520046583839e-05,-2.615353524185648e-06,0.0,0.0,0.0
960,1.875,0.28428912152621955,0.9253724662745638,4.0211348641742305e-05,0.0005865821690356438,7.058014646712165e-05,14.587478133641326,1.7552295272647067,-4.644151973348163e-05,-2.5813478151572446e-06,0.0,0.0,0.0
960,1.8875000000000002,0.2840029849436992,0.9257660736493032,4.008783087747828e-05,0.0005828051143495568,6.992847091755593e-05,14.538205275581078,1.744381508974146,-4.613096909512667e-05,-2.5364544034066e-06,0.0,0.0,0.0
960,1.9000000000000001,0.28372199103852147,0.9261520450925461,3.997804428326924e-05,0.0005790786210989336,6.92921660590504e-05,14.484916195394712,1.733255523158472,-4.582354902933148e-05,-2.4917003509413984e-06,0.0,0.0,0.0
960,1.9125,0.2834460090907577,0.9265305727438046,3.988097851690886e-05,0.0005754016487937122,6.90009131276655e-05,14.427972186032287,1.7301710162003743,-4.5519256973528295e-05,-2.4751944419143146e-06,0.0,0.0,0.0
960,1.925,0.28317491254018967,0.9269018429628857,3.979568552314839e-05,0.000571773186320378,6.893824199710986e-05,14.367717977562881,1.7323044217195305,-4.521808756776452e-05,-2.4771173002867254e-06,0.0,0.0,0.0
960,1.9375,0.2829085788309146,0.9272660365269367,3.972127581700891e-05,0.000568192250896608,6.835294742222781e-05,14.304481394661154,1.720814500952123,-4.4920032881765924e-05,-2.4336920864436072e-06,0.0,0.0,0.0
960,1.9500000000000002,0.2826468892625203,0.927623328820174,3.965691499272452e-05,0.0005646578870686108,6.880455432932674e-05,14.23857320147579,1.7349951286414909,-4.462508262645034e-05,-2.4775493436111893e-06,0.0,0.0,0.0
960,1.9625000000000001,0.282389728847525,0.9279738900165783,3.960182044411162e-05,0.0005611691657493057,6.814988920389799e-05,14.170287109433772,1.7208776879354588,-4.43332243509415e-05,-2.4265858445818414e-06,0.0,0.0,0.0
960,1.975,0.28213698617478883,0.9283178852558317,3.955525828309122e-05,0.0005577251832955697,6.763264840054943e-05,14.099899924910408,1.7098269948463596,-4.404444362606067e-05,-2.386578159983948e-06,0.0,0.0,0.0
960,1.9875,0.28188855327861956,0.9286554748127616,3.951654044396352e-05,0.0005543250606228587,6.765916891260951e-05,14.027671815272393,1.7121733874592002,-4.375872421520609e-05,-2.3921234198349092e-06,0.0,0.0,0.0
960,2.0,0.28164432551330915,0.928986814260544,3.9485021961843116e-05,0.0005509679423555826,6.710972176426378e-05,13.95384667350617,1.699624779976472,-4.347604823346786e-05,-2.3480994832057565e-06,0.0,0.0,0.0
960,2.0125,0.28140420143285133,0.9293120546279079,3.946009841441619e-05,0.0005476529960116827,6.661376433905579e-05,13.878652563410876,1.688129706101275,-4.319639629576765e-05,-2.308061603594366e-06,0.0,0.0,0.0
960,2.025,0.28116808267560317,0.9296313425505784,3.944120351688449e-05,0.0005443794112199352,6.719857069153409e-05,13.802302229111502,1.703765724663216,-4.2919747654759304e-05,-2.359376209845216e-06,0.0,0.0,0.0
960,2.0375,0.28093587385366475,0.9299448204171766,3.942780686061925e-05,0.0005411463989685564,6.670121696341094e-05,13.724993654391081,1.6917303363893808,-4.264608032917465e-05,-2.3182398587372935e-06,0.0,0.0,0.0
960,2.0500000000000003,0.28070748244676286,0.9302526265097995,3.9419411786657686e-05,0.0005379531908837681,6.717510052201402e-05,13.646910659023314,1.7041121994811403,-4.2375371223254386e-05,-2.3592335425052883e-06,0.0,0.0,0.0
960,2.0625,0.2804828187004349,0.9305548951394792,3.941555338574226e-05,0.0005347990385370194,6.674498257091326e-05,13.568223520882281,1.6933666240255514,-4.210759623785855e-05,-2.323001480739535e-06,0.0,0.0,0.0
960,2.075,0.28026179552832037,0.9308517567767247,3.9415796617143196e-05,0.0005316832127796332,6.635023974398092e-05,13.48908961409617,1.6833413361769547,-4.184273037381165e-05,-2.2894276657812066e-06,0.0,0.0,0.0
960,2.0875,0.28004432841837457,0.9311433381773346,3.941973453898776e-05,0.0005286050031037006,6.595621495041146e-05,13.409654054897002,1.673177552354596,-4.158074782800059e-05,-2.255600834971015e-06,0.0,0.0,0.0
960,2.1,0.27983033534283086,0.9314297625036656,3.942698664329976e-05,0.0005255637170280824,6.541375889307051e-05,13.330050348075407,1.659111295643157,-4.132162208270652e-05,-2.2088756412305143e-06,0.0,0.0,0.0
960,2.1125000000000003,0.27961973667174456,0.931711149441529,3.943719728936812e-05,0.0005225586795084552,6.573546483161366e-05,13.250401028100743,1.6668391607365896,-4.10653259886224e-05,-2.2353527410908716e-06,0.0,0.0,0.0
960,2.125,0.2794124550899602,0.9319876153128879,3.9450034229480067e-05,0.0005195892323703563,6.531632322077324e-05,13.170818289989715,1.6556721558422351,-4.0811831841974486e-05,-2.1986345642599193e-06,0.0,0.0,0.0
960,2.1375,0.27920841551735104,0.9322592731845136,3.946518722142479e-05,0.0005166547337642521,6.488418312513142e-05,13.09140460592498,1.6440865404005283,-4.0561111456140324e-05,-2.160614651815064e-06,0.0,0.0,0.0
960,2.15,0.2790075450321884,0.9325262329727598,3.948236672252725e-05,0.0005137545576416867,6.442468757857008e-05,13.012253324432965,1.6317331742377952,-4.0313136228128555e-05,-2.120097272763641e-06,0.0,0.0,0.0
960,2.1625,0.2788097727975037,0.9327886015445974,3.950130266030283e-05,0.0005108880932516083,6.397336511132638e-05,12.933449249637775,1.619525453666037,-4.0067877200260964e-05,-2.0801253083370015e-06,0.0,0.0,0.0
960,2.1750000000000003,0.27861502999031323,0.9330464828150631,3.9521743275124144e-05,0.0005080547446560189,6.36013446432652e-05,12.855069198726357,1.6092747782028451,-3.982530511737605e-05,-2.0467661162919896e-06,0.0,0.0,0.0
960,2.1875,0.27842324973358246,0.9332999778412492,3.954345403058906e-05,0.0005052539302641234,6.340498664226807e-05,12.77718253628733,1.6034256034695598,-3.958539047985042e-05,-2.0282302719927155e-06,0.0,0.0,0.0
960,2.2,0.27823436703080995,0.933549184912973,3.9566216587540905e-05,0.000502485082384192,6.309247462972148e-05,12.699851684642011,1.5946046923674986,-3.934810359271535e-05,-1.999731933585349e-06,0.0,0.0,0.0
960,2.2125,0.27804831870312247,0.9337941996402485,3.958982783793898e-05,0.0004997476467923913,6.268307942506815e-05,12.623132609672087,1.5833127560357534,-3.9113414611128446e-05,-1.96292638490598e-06,0.0,0.0,0.0
960,2.225,0.27786504332876977,0.9340351150376842,3.961409899502591e-05,0.0004970410823178616,6.240644408855185e-05,12.547075281966448,1.5753594218156475,-3.888129358244103e-05,-1.9373493329497046e-06,0.0,0.0,0.0
960,2.2375000000000003,0.27768448118491973,0.9342720216059258,3.963885473644347e-05,0.0004943648604433601,6.207332669120051e-05,12.471724113382296,1.5659717492829344,-3.865171048508792e-05,-1.9069301161543488e-06,0.0,0.0,0.0
960,2.25,0.27750657419165614,0.9345050074102477,3.9663932397163035e-05,0.0004917184649208139,6.167618629024824e-05,12.397118369332036,1.5549690250747712,-3.8424635264510324e-05,-1.8710415809122424e-06,0.0,0.0,0.0
960,2.2625,0.2773312658580854,0.9347341581564118,3.968918120928673e-05,0.0004891013914011563,6.132871515037678e-05,12.32329255728544,1.5452250029291783,-3.820003786630892e-05,-1.839360384992654e-06,0.0,0.0,0.0
960,2.275,0.2771585012304646,0.9349595572638882,3.971446158595466e-05,0.00048651314707785136,6.098696561178269e-05,12.250276792117225,1.535636218554483,-3.797788826681122e-05,-1.8081628421953825e-06,0.0,0.0,0.0
960,2.2875,0.27698822684226604,0.9351812859365417,3.973964444676451e-05,0.0004839532503435325,6.05537853242766e-05,12.178097139038059,1.5237626347008426,-3.775815650122528e-05,-1.7692019745885277e-06,0.0,0.0,0.0
960,2.3000000000000003,0.2768203906660978,0.9353994232308758,3.9764610582263204e-05,0.000481421230459212,6.0146144758001196e-05,12.106775934930127,1.512554602630236,-3.7540812689540646e-05,-1.7324304049377295e-06,0.0,0.0,0.0
960,2.3125,0.2766549420674036,0.9356140461219307,3.9789250055225205e-05,0.00047891662723553653,5.979617095059701e-05,12.036332088964421,1.502822266506741,-3.732582706032647e-05,-1.7005882761066034e-06,0.0,0.0,0.0
960,2.325,0.2764918317598681,0.9358252295669186,3.9813461636563435e-05,0.00047643899072559275,6.0414256419182696e-05,11.9667813634182,1.5174328967089898,-3.7113169972567497e-05,-1.7510675565226372e-06,0.0,0.0,0.0
960,2.3375,0.2763310117624578,0.9360330465666803,3.983715227385271e-05,0.0004739878809287823,6.019914364746827e-05,11.898136635632119,1.5111306961311146,-3.6902811935669014e-05,-1.7307692667573223e-06,0.0,0.0,0.0
960,2.35,0.2761724353580313,0.9362375682250491,3.9860236590567315e-05,0.00047156286750531473,6.027969066477155e-05,11.830408142055715,1.5122762888727153,-3.6694723627753535e-05,-1.7356535963073603e-06,0.0,0.0,0.0
960,2.3625000000000003,0.27601605705345383,0.9364388638061956,3.9882636414246235e-05,0.0004691635295008781,6.0523921478350306e-05,11.763603705328041,1.5175506666537952,-3.648887591236371e-05,-1.754509230448846e-06,0.0,0.0,0.0
960,2.375,0.27586183254115526,0.9366370007900263,3.99042803319071e-05,0.00046678945508107385,6.0229144538879545e-05,11.697728945329038,1.5093404526511627,-3.628523985367918e-05,-1.7276134575926581e-06,0.0,0.0,0.0
960,2.3875,0.2757097186620747,0.9368320449257159,3.9925103271131374e-05,0.00046444024127521405,6.0020752457495006e-05,11.632787475118109,1.5033336808146514,-3.608378673034703e-05,-1.708130180840909e-06,0.0,0.0,0.0
960,2.4000000000000004,0.2755596733699337,0.9370240602834324,3.994504610533845e-05,0.00046211549372910364,6.0609288363947875e-05,11.568781082652055,1.5173167707483945,-3.5884488048020045e-05,-1.756460591981801e-06,0.0,0.0,0.0
960,2.4125,0.27541165569678633,0.9372131093043282,3.99640552818482e-05,0.0004598148264664405,6.045712493136661e-05,11.505709899147542,1.5127875413290808,-3.568731555069035e-05,-1.7419109202090647e-06,0.0,0.0,0.0
960,2.4250000000000003,0.2752656257197948,0.9373992528488571,3.9982082471423026e-05,0.0004575378616584847,6.11489738277881e-05,11.443572554919003,1.5294094266223874,-3.5492241230900244e-05,-1.799185765291031e-06,0.0,0.0,0.0
960,2.4375,0.2751215445291817,0.9375825502434815,3.999908423805139e-05,0.0004552842294016668,6.0921393369054136e-05,11.382366323490775,1.5230697034583411,-3.529923733890731e-05,-1.7783962761352335e-06,0.0,0.0,0.0
960,2.45,0.27497937419731266,0.9377630593258256,4.0015021727811745e-05,0.00045305356750281154,6.0625076137367634e-05,11.322087254745249,1.5150579337367005,-3.510827639087499e-05,-1.7518546248122506e-06,0.0,0.0,0.0
960,2.4625000000000004,0.27483907774886435,0.9379408364883323,4.0029860375720015e-05,0.0004508455212716767,6.129337257373621e-05,11.262730297833755,1.5311912656810942,-3.4919331176156325e-05,-1.8073985368313766e-06,0.0,0.0,0.0
960,2.475,0.27470061913203553,0.9381159367204781,4.00435696295341e-05,0.0004486597433205114,6.104301561673595e-05,11.204289414538177,1.5244149355684244,-3.473237476373307e-05,-1.7849529089121572e-06,0.0,0.0,0.0
960,2.4875000000000003,0.27456396319076076,0.9382884136496,4.0056122689543506e-05,0.0004464958933703582,6.0872271055149946e-05,11.146757683736428,1.5196745707751793,-3.454738050786925e-05,-1.7693726110765477e-06,0.0,0.0,0.0
960,2.5,0.274429075637887,0.9384583195803793,4.006749626343049e-05,0.0004443536380638287,6.062723308249144e-05,11.090127397588084,1.5131275656429217,-3.436432205303385e-05,-1.7475776296201809e-06,0.0,0.0,0.0
1280,0.0,1.0,0.26409195184164375,0.00904281695326705,0.0016904578543840403,0.0016904578543840403,0.18693929813245863,0.18693929813245863,0.0006249505234050559,0.0006249505234050559,1.0,1.0,0.0
1280,0.0125,0.9991113423992675,0.27493997055625136,0.009476833828209602,0.0017230950569143907,0.0017230950569143907,0.18182180759414288,0.18182180759414288,0.000659067795560093,0.000659067795560093,1.0,1.0,0.0
1280,0.025,0.9964458593499054,0.28597265538016053,0.009895138155650449,0.0017554946435465592,0.0017554946435465592,0.17740981641010378,0.17740981641010378,0.0006918696985288306,0.0006918696985288306,1.0,1.0,0.0
1280,0.037500000000000006,0.9920219470317241,0.29717412123969494,0.010293303458718516,0.0017873250263649152,0.0017852477781342521,0.17363959330772819,0.17343778751826577,0.0007230081667500562,0.0007231847328496626,1.0,1.0,0.0
1280,0.05,0.9858816255429677,0.308527610500356,0.010667033250135856,0.001818260036865286,0.002125923908627332,0.17045602035993734,0.1992985171017683,0.0007521457231279985,0.0007259942940282246,1.0,1.0,0.0
1280,0.0625,0.9780899059271021,0.32001561518908384,0.011012258861536787,0.0018479846616072583,0.006581370739760176,0.16781158932449647,0.5976403953549754,0.0007789633069940099,0.0003766254903510119,1.0,1.0,0.0
1280,0.07500000000000001,0.9687333045860657,0.3316200088243894,0.011325232576600258,0.0018762005221434146,0.007308047497264987,0.16566551807686006,0.6452889552453502,0.0008031677246288317,0.00034146073174349807,1.0,1.0,0.0
1280,0.08750000000000001,0.9579175805678947,0.34332218545606213,0.01160261247170926,0.0019026309110126063,0.007762855847178578,0.16398297501117148,0.6690610296695515,0.0008244984326592156,0.000326379313085108,1.0,1.0,0.0
1280,0.1,0.945764824434929,0.35510320336220125,0.011841535767046728,0.0019270252188226052,0.008141979937248037,0.16273440005858328,0.6875780386447831,0.0008427333965990506,0.00031446224553288883,1.0,1.0,0.0
1280,0.1125,0.9324100679561346,0.36694393078455523,0.012039678067817843,0.0019491626191161023,0.008534480240151604,0.16189491181879936,0.7088628277332713,0.0008576938131396479,0.00029794181535163037,1.0,1.0,0.0
1280,0.125,0.9179976078306635,0.378825191103528,0.012195296585101156,0.0019688549152592034,0.008910422331696737,0.16144379117966914,0.7306441683904998,0.000869247541936566,0.00027921431153937564,1.0,1.0,0.0
1280,0.1375,0.9026772425337433,0.3907279049571117,0.01230725621557245,0.0019859484941600085,0.009247476228044223,0.16136403267912594,0.7513840669330775,0.0008773111563200577,0.00026008129893989926,1.0,1.0,0.0
1280,0.15000000000000002,0.8866006101110279,0.4026332269848695,0.012375038172766027,0.002000325372355936,0.009536369288331549,0.1616419557200307,0.7706133229809675,0.0008818505880348577,0.00024128685517693063,1.0,1.0,0.0
1280,0.1625,0.8699177893129011,0.4145226751172129,0.012398731645526224,0.0020119033582960575,0.009791530985507623,0.162266868564899,0.7897203734577686,0.0008828804044145643,0.0002216120561015811,1.0,1.0,0.0
1280,0.17500000000000002,0.852774291188516,0.426378250617731,0.012379009664448545,0.002020635388340939,0.009986379063545384,0.1632307788032536,0.8067187387554442,0.0008804618134691466,0.00020337360107676865,1.0,1.0,0.0
1280,0.1875,0.835308528014389,0.4381825474072605,0.012317090947105019,0.002026508121546208,0.010123035511398653,0.1645281446933307,0.8218690236900418,0.0008746995401724989,0.00018649471203504108,1.0,1.0,0.0
1280,0.2,0.817649805840848,0.44991884953762884,0.012214689942493433,0.0020295398987655246,0.01019060930289211,0.16615566242946536,0.8342912796697532,0.0008657377537168723,0.00017204685436611244,1.0,1.0,0.0
1280,0.21250000000000002,0.7999168498088296,0.46157121602621365,0.012073957591951175,0.002029778184702286,0.010219674040385596,0.16811208497662694,0.8464228868253029,0.0008537552496161556,0.00015761410188307428,1.0,1.0,0.0
1280,0.225,0.7822168403773045,0.47312455259673075,0.011897415467281732,0.002027296617503302,0.010235694188872935,0.17039806864595355,0.8603292216718342,0.0008389601022311667,0.0001412463086647478,1.0,1.0,0.0
1280,0.23750000000000002,0.7646449151365986,0.4845646701860775,0.01168788594699981,0.0020221917900044733,0.010179388519450092,0.17301604406257526,0.870934963397984,0.0008215840033446038,0.00012822228134172611,1.0,1.0,0.0
1280,0.25,0.7472840752847211,0.49587833036294354,0.011448420966449942,0.0020145798807993153,0.010071109367394132,0.17597010860302242,0.87969418637801,0.0008018764922803034,0.00011707148591974379,1.0,1.0,0.0
1280,0.2625,0.7302054275685712,0.5070532780549707,0.011182231650621521,0.0020045932430754728,0.009932219841543237,0.1792659377579658,0.8882144594984485,0.0007800992646414141,0.00010625100377165415,1.0,1.0,0.0
1280,0.275,0.7134686904274344,0.5180782621935649,0.010892620836175933,0.0019923770458813127,0.00974318162956363,0.1829107132109425,0.8944754229583708,0.0007565207221750427,9.77023325620457e-05,1.0,1.0,0.0
1280,0.28750000000000003,0.6971228958261949,0.5289430450571967,0.01058292013843124,0.001978086047334349,0.009557141211821836,0.1869130657190777,0.9030722226765797,0.0007314108977432358,8.719120876179931e-05,1.0,1.0,0.0
1280,0.30000000000000004,0.6812072243839136,0.5396384012252888,0.010256432845268818,0.0019618815633422877,0.009331178430530402,0.19128303114150283,0.9097878932473852,0.0007050368589637551,7.864662525276535e-05,1.0,1.0,0.0
1280,0.3125,0.6657519195599946,0.5501561071471701,0.009916383545654947,0.0019439286795898364,0.009074374285938958,0.19603201818888963,0.9150890790135955,0.0006776586636155344,7.157078707585911e-05,1.0,1.0,0.0
1280,0.325,0.650779235740415,0.5604889223869394,0.009565875044339915,0.0019243937395755357,0.00880863860402555,0.2011727866667243,0.9208398147786367,0.0006495259109049723,6.436509742672099e-05,1.0,1.0,0.0
1280,0.3375,0.6363043842118142,0.5706305636290976,0.00920785279057756,0.0019034421278940165,0.008510511780556593,0.20671943515884808,0.9242667073549916,0.0006208749063281013,5.927398585178223e-05,1.0,1.0,0.0
1280,0.35000000000000003,0.6223364496176734,0.5805756725257354,0.00884507676724903,0.0018812363560964298,0.008202313801066145,0.21268739724929786,0.9273309906633184,0.0005919264349479711,5.4634852125545255e-05,1.0,1.0,0.0
1280,0.36250000000000004,0.608879257180744,0.5903197784383677,0.008480100553275149,0.001857934448507385,0.00791528027343411,0.21909344551224944,0.9333946247108007,0.0005628841189052599,4.8009723786488243e-05,1.0,1.0,0.0
1280,0.375,0.5959321775560316,0.5998592570807411,0.00811525708871039,0.0018336886173746,0.0076007371379529926,0.22595570261422177,0.9365984410434542,0.0005339333200635422,4.373419581437882e-05,1.0,1.0,0.0
1280,0.3875,0.5834908615946968,0.6091912860074207,0.007752650537462344,0.001808644210613749,0.00728900074776178,0.23329365897173124,0.9401946743942453,0.0005052405377821306,3.941023212454799e-05,1.0,1.0,0.0
1280,0.4,0.571547901593196,0.6183137978207707,0.00739415355389237,0.0017829389110428473,0.006993260650948922,0.24112819649306405,0.9457824482516443,0.00047695324464220944,3.40758967501931e-05,1.0,1.0,0.0
1280,0.41250000000000003,0.5600934188760158,0.627225431889693,0.007041409211715501,0.0017567021631833945,0.006682324215759136,0.2494816180063207,0.9490038165430126,0.0004492000991252291,3.052222465629104e-05,1.0,1.0,0.0
1280,0.42500000000000004,0.5491155799483926,0.6359254852904084,0.006695836840728666,0.0017300548022164159,0.006367727095570423,0.2583776820386419,0.9509979479842677,0.00042209147327354127,2.788932833845061e-05,1.0,1.0,0.0
1280,0.4375,0.5386010451024024,0.6444138635953246,0.006358641032606854,0.001703108859288331,0.006068714192830315,0.2678416426646602,0.9544042762769898,0.0003957202347320745,2.4643781381005775e-05,1.0,1.0,0.0
1280,0.45,0.5285353544076004,0.6526910320529007,0.006030823114969968,0.0016759675178372696,0.005780033476077303,0.27790029418656154,0.9584153549007027,0.0003701627257562794,2.1317119305876514e-05,1.0,1.0,0.0
1280,0.4625,0.5189032565961873,0.6607579676211354,0.005713194447128296,0.0016487251967441132,0.005487340954810145,0.288582020444418,0.9604680893660683,0.00034547988628265555,1.9197546847042793e-05,1.0,1.0,0.0
1280,0.47500000000000003,0.5096889865763955,0.6686161122412354,0.0054063909559273135,0.001621467737715503,0.005205025150605885,0.2999168485841376,0.9627541169399411,0.0003217184735480039,1.711609345232144e-05,1.0,1.0,0.0
1280,0.48750000000000004,0.5008764972724606,0.6762673276671338,0.005110888401215201,0.0015942726762160075,0.004928424603986619,0.3119365071318994,0.96429900578827,0.00029891233662493146,1.550942276442944e-05,1.0,1.0,0.0
1280,0.5,0.49244965127361556,0.6837138521014535,0.0048270179337187415,0.0015672095773482258,0.004666889545145428,0.3246744882385066,0.9668266431216779,0.0002770837102914939,1.3610913028731616e-05,1.0,1.0,0.0
1280,0.5125000000000001,0.4843923774402011,0.6909582588296213,0.004554981580396645,0.001540340420224241,0.004415352394836333,0.338166113964858,0.9693458287161386,0.0002562444986146544,1.1868480772626555e-05,1.0,1.0,0.0
1280,0.525,0.47668879721023333,0.6980034169912464,0.004294867361259015,0.00151372001649534,0.004175023701920414,0.352448606480737,0.9720960743934431,0.0002363975243049124,1.0186711043781065e-05,1.0,1.0,0.0
1280,0.5375,0.46932332491055095,0.7048524545815487,0.004046663805497127,0.001487396450747021,0.003946446313038054,0.3675611620432838,0.9752345395426884,0.00021753772515375902,8.518486859021221e-06,1.0,1.0,0.0
1280,0.55,0.46228074592912205,0.7115087237353186,0.0038102736924547588,0.0014614115323796355,0.0037225774817574845,0.38354502860872575,0.9769842752054968,0.00019965328360638552,7.454177909268312e-06,1.0,1.0,0.0
1280,0.5625,0.4555462761674311,0.7179757683113571,0.0035855268938863906,0.001435801250353532,0.0035128284776447874,0.4004435869109468,0.9797244816750476,0.000182726679700293,6.1793653805362725e-06,1.0,1.0,0.0
1280,0.5750000000000001,0.44910560577621966,0.7242572937661381,0.0033721922378879554,0.0014105962237661717,0.0033158607549300953,0.4183024348130417,0.9832952930960006,0.00016673566120035165,4.788176051418107e-06,1.0,1.0,0.0
1280,0.5875,0.44294492979165695,0.7303571392811915,0.003169988351963979,0.001385822142641702,0.003130685115622567,0.4371694747026784,0.9876014571734746,0.00015165412779239356,3.34077508902004e-06,1.0,1.0,0.0
1280,0.6000000000000001,0.4370509679362457,0.7362792520889067,0.0029785934732506313,0.0013615001945528258,0.002947924742175223,0.45709500365854844,0.9897036197282946,0.00013745292868931348,2.6068421414097057e-06,1.0,1.0,0.0
1280,0.6125,0.4314109755309218,0.742027663925696,0.0027976542384462377,0.0013376474737675425,0.002779314635623249,0.4781318060627984,0.9934446499603274,0.0001241005749976891,1.5588662399540315e-06,1.0,1.0,0.0
1280,0.625,0.4260127471816213,0.7476064695292359,0.0026267934851032116,0.0013142773705300758,0.00261474574884279,0.5003352482726428,0.995413519818461,0.00011156386973871656,1.0240575821358185e-06,1.0,1.0,0.0
1280,0.6375000000000001,0.4208446146536578,0.7530198070874139,0.0024656171102527625,0.001291399938858879,0.00246399130766701,0.5237633748925806,0.999340610276027,9.98084595684801e-05,1.381932197889644e-07,1.0,1.0,0.0
1280,0.65,0.4158954401284393,0.758271840540209,0.002313720042519553,0.0012690222418888972,0.0023191425622509595,0.5484770061061408,1.0023436369274399,8.879931305360574e-05,-4.609141771695527e-07,1.0,0.0,0.0
1280,0.6625000000000001,0.41115460584680363,0.7633667436316581,0.0021706913905747303,0.0012471486743144712,0.0021815515148130324,0.5745398354320029,1.0050030715031428,7.850113088212202e-05,-9.231105602556753e-07,1.0,0.0,0.0
1280,0.675,0.40661200097885625,0.768308685606942,0.0020361188345718903,0.0012257812619174125,0.002050926502959619,0.602018527162803,1.007272497133421,6.887869367563062e-05,-1.2586518129569457e-06,1.0,0.0,0.0
1280,0.6875,0.4022580064189053,0.7731018184491358,0.0019095923286598395,0.0012049199385049786,0.001932814594969053,0.6309828126250365,1.0121608502300126,5.9897153163163175e-05,-1.9738926362831426e-06,1.0,0.0,0.0
1280,0.7000000000000001,0.39808347808326483,0.7777502655510481,0.0017907071822605696,0.0011845628008472849,0.0018178151160618155,0.6615055842641483,1.0151381164211477,5.1522272420129206e-05,-2.3041743731059033e-06,1.0,0.0,0.0
1280,0.7125,0.3940797291858359,0.7822581117195176,0.0016790665859704773,0.0011647063424041898,0.0017095582309633903,0.6936629864092052,1.0181598783798613,4.372062070313444e-05,-2.591789824397599e-06,1.0,0.0,0.0
1280,0.7250000000000001,0.39023851187919173,0.7866293944123814,0.0015742836450584438,0.0011453456667781785,0.0016063897926702395,0.7275345014053415,1.0203941314594573,3.6459728153822555e-05,-2.7290225470026328e-06,1.0,0.0,0.0
1280,0.7375,0.38655199857528394,0.7908680961118102,0.0014759829799081228,0.001126474681931174,0.0015103103195316953,0.7632030296184682,1.0232572733499334,2.970820532804065e-05,-2.917823868003667e-06,1.0,0.0,0.0
1280,0.75,0.3830127631979974,0.7949781377417252,0.0013838019486426428,0.0011080862762674955,0.0014243598708265945,0.800754961614562,1.0293090512148322,2.343583215188752e-05,-3.447423385635894e-06,1.0,0.0,0.0
1280,0.7625000000000001,0.3796137625679421,0.7989633730413617,0.0012973915427884409,0.0010901724777192003,0.0013388089019573343,0.8402802405942377,1.0319235618569522,1.7613620530885453e-05,-3.520475529355938e-06,1.0,0.0,0.0
1280,0.775,0.37634831807662733,0.8028275838116454,0.001216417002348307,0.0010727245969797694,0.0012595233653446974,0.8818724129216069,1.035437159225145,1.221385445632569e-05,-3.6640408546931967e-06,1.0,0.0,0.0
1280,0.7875000000000001,0.373210097771237,0.8065744759557846,0.0011405581921919922,0.0010557333560225542,0.0011822860660241233,0.925628664324074,1.036585484298645,7.2101110744022305e-06,-3.5468692757311427e-06,1.0,0.0,0.0
1280,0.8,0.37019309894150987,0.8102076762402578,0.0010695097773339823,0.001039189003015918,0.0011147001739579892,0.9716498390565009,1.0422533740052897,2.577265817035459e-06,-3.841183713040589e-06,1.0,0.0,0.0
1280,0.8125,0.3672916312757684,0.8137307297071467,0.0010029812305232951,0.0010230814147111661,0.0010507986533798606,1.0200404390193663,1.0476752918213805,-1.708515655969036e-06,-4.064480942808062e-06,0.0,0.0,0.0
1280,0.8250000000000001,0.36450030063310246,0.8171470976734555,0.0009406967016685706,0.0010074001873352089,0.0009890834847098198,1.0709085994968648,1.0514371773127542,-5.669796281664256e-06,-4.112876558506184e-06,0.0,0.0,0.0
1280,0.8375,0.3618139934624115,0.8204601562576266,0.0008823947749942469,0.0009921347169698836,0.0009360886605471759,1.1243660378387352,1.060850185285015,-9.327895067929119e-06,-4.563980271998965e-06,0.0,0.0,0.0
1280,0.8500000000000001,0.3592278618858165,0.823673195377894,0.0008278281364868317,0.0009772742703460491,0.0008832559718232537,1.1805279710513858,1.0669557277572719,-1.2702921378033485e-05,-4.711366003595873e-06,0.0,0.0,0.0
1280,0.8625,0.35673730945337473,0.8267894181713538,0.00077676317114985,0.0009628080469245964,0.0008332535943822948,1.2395129978927069,1.072725414039419,-1.581381444085344e-05,-4.801685974757811e-06,0.0,0.0,0.0
1280,0.875,0.35433797756762575,0.8298119407866938,0.0007289795068387081,0.0009487252330797165,0.0007853892114081468,1.3014429406856134,1.077381742614501,-1.867838673048572e-05,-4.79482488840229e-06,0.0,0.0,0.0
1280,0.8875000000000001,0.35202573256989184,0.8327437925073636,0.0006842695189833356,0.0009350150491431678,0.0007405637889337614,1.3664426416836182,1.0822691474465587,-2.1313370063585736e-05,-4.7850129457861895e-06,0.0,0.0,0.0
1280,0.9,0.3497966534751488,0.8355879161656036,0.0006424378083131081,0.0009216667900127191,0.0006980177276018013,1.4346397084455556,1.0865140852071473,-2.3734463444466936e-05,-4.72429313953892e-06,0.0,0.0,0.0
1280,0.9125000000000001,0.34764702033840494,0.8383471688111767,0.0006033006617585514,0.0009086698599740054,0.0006597739511187177,1.506164202315539,1.0936072060580098,-2.5956381848313596e-05,-4.800229595614143e-06,0.0,0.0,0.0
1280,0.925,0.34557330323265756,0.8410243226018375,0.0005666855049991165,0.0008960138023331961,0.0006227606024395329,1.5811482637703838,1.0989527647094202,-2.7992905273396768e-05,-4.7663832824353994e-06,0.0,0.0,0.0
1280,0.9375,0.34357215181645545,0.8436220658855786,0.0005324303536364482,0.0008836883244084468,0.0005887672462090898,1.6597256681046457,1.1058108204911046,-2.9856927515619884e-05,-4.788635868674536e-06,0.0,0.0,0.0
1280,0.9500000000000001,0.3416403854677262,0.8461430044474721,0.0005003832686785385,0.000871683318381301,0.0005574075470214359,1.7420313046903593,1.1139612011678421,-3.156050422473482e-05,-4.847063659146277e-06,0.0,0.0,0.0
1280,0.9625,0.33977498395969763,0.8485896628965067,0.0004704018209026971,0.0008599888784651605,0.0005262188256477307,1.8282005728949968,1.1186581392009096,-3.3114899892809394e-05,-4.744445403327854e-06,0.0,0.0,0.0
1280,0.9750000000000001,0.3379730786543516,0.8509644861702198,0.00044235256770598066,0.0008485953148066987,0.0004982868635106034,1.918368687690621,1.126447318017606,-3.4530633503561034e-05,-4.754415143392935e-06,0.0,0.0,0.0
1280,0.9875,0.3362319441888,0.8532698411371303,0.00041611054523310283,0.0008374931644976498,0.00047072813337496684,2.0126698880666214,1.1312573996683202,-3.58175226374865e-05,-4.6424949920584415e-06,0.0,0.0,0.0
1280,1.0,0.334548990630198,0.8555080182790066,0.00039155877787762247,0.0008266732000387356,0.0004458322857995502,2.1112365415981134,1.1386088398173781,-3.6984725883694614e-05,-4.6132481733638585e-06,0.0,0.0,0.0
1280,1.0125,0.33292175607524416,0.8576812334368823,0.000368587806667394,0.0008161264355644951,0.00042217568190995873,2.214198138955125,1.1453869994427714,-3.8040783456253596e-05,-4.554969395618003e-06,0.0,0.0,0.0
1280,1.0250000000000001,0.33134789967091516,0.8597916296064418,0.00034709523755604884,0.0008058441311073856,0.0004013312568489961,2.3216801728005794,1.1562568811800227,-3.8993655951863624e-05,-4.610061639900518e-06,0.0,0.0,0.0
1280,1.0375,0.3298251950337952,0.8618412787699672,0.00032698531023632986,0.0007958177951515799,0.00038134842504055456,2.4338028964555,1.1662555261731287,-3.9850761217796255e-05,-4.6208647583591e-06,0.0,0.0,0.0
1280,1.05,0.3283515240461651,0.8638321837534707,0.00030816848775713985,0.0007860391857012995,0.0003614750173772296,2.5506799589475158,1.1729785222624687,-4.0619009325253574e-05,-4.531055017707628e-06,0.0,0.0,0.0
1280,1.0625,0.32692487100787326,0.8657662800989456,0.00029056106695423615,0.0007765003100651208,0.00034251744022467656,2.6724169146426657,1.1788139540340539,-4.1304835664425194e-05,-4.416291727987435e-06,0.0,0.0,0.0
1280,1.075,0.3255433171239088,0.867645437942855,0.00027408480948576397,0.0007671934235363813,0.00032573940394522695,2.7991096076275963,1.188462084259164,-4.191423219430248e-05,-4.390640529054354e-06,0.0,0.0,0.0
1280,1.0875000000000001,0.32420503530851236,0.8694714638930545,0.00025866659309033824,0.0007581110271303955,0.0003097503719113174,2.930842433393122,1.197488891822758,-4.245277689340487e-05,-4.34212119978323e-06,0.0,0.0,0.0
1280,1.1,0.32290828528757987,0.8712461028973341,0.0002442380825503942,0.0007492458645215995,0.00029351466268303473,3.0676864831961903,1.201756333893889,-4.292566146755246e-05,-4.188509311274447e-06,0.0,0.0,0.0
1280,1.1125,0.32165140898202915,0.8729710400976349,0.00023073541974089268,0.0007405909183077745,0.0002804420119710735,3.209697579762269,1.2154267961373224,-4.333771737818496e-05,-4.225060339565369e-06,0.0,0.0,0.0
1280,1.125,0.32043282615569796,0.8746479026648124,0.00021809893206803623,0.0007321394057140839,0.00026649868413372606,3.356914216735789,1.2219165018680214,-4.369344025991405e-05,-4.113978925583636e-06,0.0,0.0,0.0
1280,1.1375,0.31925103031222046,0.8762782616095244,0.00020627285854984376,0.0007238847738366295,0.0002534566245195989,3.509355418476978,1.2287444228071027,-4.3997012799376785e-05,-4.010620107429187e-06,0.0,0.0,0.0
1280,1.1500000000000001,0.3181045848261808,0.8778636335654847,0.00019520509275632562,0.0007158206945135001,0.00024149121288150372,3.667018541401779,1.237115330709927,-4.425232614935984e-05,-3.934320210640138e-06,0.0,0.0,0.0
1280,1.1625,0.31699211929466276,0.8794054825418978,0.00018484694180828673,0.0007079410589007352,0.00023020313509135879,3.8298770430022775,1.2453716184826744,-4.446299995285812e-05,-3.855276429061125e-06,0.0,0.0,0.0
1280,1.175,0.3159123260961061,0.880905221642413,0.00017515290062749763,0.0007002399718211303,0.00022116161567644664,3.997878249874659,1.2626774371655825,-4.4632401051458775e-05,-3.9107407791606655e-06,0.0,0.0,0.0
1280,1.1875,0.3148639571441342,0.8823642147484123,0.0001660804406347839,0.0006927117459453305,0.0002130728093114164,4.17094116138953,1.2829494460456676,-4.476366095139647e-05,-3.994351337513763e-06,0.0,0.0,0.0
1280,1.2000000000000002,0.31384582082473955,0.8837837781648498,0.00015758981210429288,0.0006853508958570303,0.00020579418047356928,4.348954330902211,1.3058850551669847,-4.485969211898269e-05,-4.097371311388494e-06,0.0,0.0,0.0
1280,1.2125000000000001,0.3128567791058988,0.885165182227249,0.00014964385940016665,0.0006781521320472979,0.0001967037775156925,4.531773871414484,1.3144794467622067,-4.492320317500616e-05,-4.000093039819699e-06,0.0,0.0,0.0
1280,1.225,0.3118957448093416,0.8865096528687763,0.00014220784834452553,0.0006711103548769806,0.00018856896014810112,4.719221637128552,1.3260095159534162,-4.495671305525868e-05,-3.940694503303926e-06,0.0,0.0,0.0
1280,1.2375,0.3109616790348127,0.8878183731466185,0.0001352493049918968,0.0006642206485407216,0.00018085660078456895,4.911083636108275,1.3372090954212639,-4.4962564201650115e-05,-3.876620142377133e-06,0.0,0.0,0.0
1280,1.25,0.31005358872775274,0.8890924847271389,0.0001287378651139199,0.0006574782750613252,0.0001735271991804196,5.107108731992129,1.347911114005702,-4.4942934845529456e-05,-3.807093395652474e-06,0.0,0.0,0.0
1280,1.2625000000000002,0.30917052438187237,0.8903330893295154,0.00012264513372855352,0.0006508786683389179,0.00016726679414371144,5.307007694080113,1.3638274023486132,-4.489985044188097e-05,-3.7928411352884238e-06,0.0,0.0,0.0
1280,1.2750000000000001,0.3083115778686141,0.8915412501277713,0.00011694455403936538,0.0006444174282755745,0.00016075967517058379,5.51045265484234,1.374665767817367,-4.483519431007778e-05,-3.7242852961535646e-06,0.0,0.0,0.0
1280,1.2875,0.3074758803859877,0.8927179931112723,0.00011161128518227439,0.0006380903149927293,0.00015436758215554462,5.717077031687724,1.3830822026952216,-4.475071753388867e-05,-3.63428524272797e-06,0.0,0.0,0.0
1280,1.3,0.3066626005197238,0.8938643084039246,0.0001066220882088881,0.0006318932431557277,0.00014847926615434306,5.926475965446835,1.3925751094224557,-4.464804817048137e-05,-3.5578601253636723e-06,0.0,0.0,0.0
1280,1.3125,0.30587094241012475,0.8949811515424322,0.00010195521976696164,0.0006258222764172675,0.00014308752429621408,6.138207321289732,1.4034350043408104,-4.4528699815276005e-05,-3.4962458849864576e-06,0.0,0.0,0.0
1280,1.3250000000000002,0.3051001440183987,0.8960694447140912,9.75903329692667e-05,0.0006198736219891971,0.00013738053589036132,6.35179328862838,1.4077268896461848,-4.439407956669409e-05,-3.382167248293043e-06,0.0,0.0,0.0
1280,1.3375000000000001,0.3043494754866459,0.8971300779546897,9.350838497203419e-05,0.0006140436253501154,0.0001328847118211759,6.56672260497023,1.4210994218424164,-4.424549543213691e-05,-3.346987782177045e-06,0.0,0.0,0.0
1280,1.35,0.3036182375860235,0.8981639103071671,8.96915508130132e-05,0.0006083287650944686,0.00012951000653237823,6.782453414845038,1.4439487929289752,-4.408416321392371e-05,-3.3845687361460287e-06,0.0,0.0,0.0
1280,1.3625,0.30290576024795385,0.8991717709417506,8.612314308693624e-05,0.0006027256479273094,0.00012557309490153723,6.998416759115414,1.4580644690914102,-4.3911212911431724e-05,-3.3532459042410846e-06,0.0,0.0,0.0
1280,1.375,0.30221140117355516,0.9001544602383509,8.278753706271249e-05,0.0005972310038075447,0.00012140040540805674,7.214020672642254,1.4664091929210863,-4.372769467331074e-05,-3.282093809354262e-06,0.0,0.0,0.0
1280,1.3875000000000002,0.30153454451677175,0.9011127508320347,7.967010087197634e-05,0.0005918416812413542,0.00011737188894446769,7.42865484998441,1.473223802403303,-4.353458433139712e-05,-3.2046519861617648e-06,0.0,0.0,0.0
1280,1.4000000000000001,0.3008745996369559,0.90204738862244,7.67571304226279e-05,0.0005865546427264627,0.00011386586295955431,7.641695820269321,1.4834564858353123,-4.3332788545825965e-05,-3.154242265638746e-06,0.0,0.0,0.0
1280,1.4125,0.30023099991691526,0.9029590937480185,7.403578871375923e-05,0.0005813669603471,0.00011045128769360477,7.852512554364879,1.4918634570185634,-4.312314958883397e-05,-3.095317413286871e-06,0.0,0.0,0.0
1280,1.425,0.2996032016426825,0.9038485615260176,7.149404924984231e-05,0.0005762758115187503,0.00010782818950294762,8.060472410856228,1.5082120908571344,-4.290644979285718e-05,-3.0884019215139512e-06,0.0,0.0,0.0
1280,1.4375,0.298990682941493,0.9047164633591263,6.912064327231107e-05,0.0005712784748811864,0.00010452437154597647,8.264947312925745,1.5122019500626918,-4.2683415686754405e-05,-3.0093169032615593e-06,0.0,0.0,0.0
1280,1.4500000000000002,0.29839294277466893,0.9055634476097195,6.690501054571472e-05,0.0005663723263377509,0.00010132790733847303,8.465320036841803,1.5145040186375565,-4.2454721842323074e-05,-2.925946227384457e-06,0.0,0.0,0.0
1280,1.4625000000000001,0.2978094999823091,0.9063901404426402,6.483725345351641e-05,0.0005615548352384279,9.849940961274983e-05,8.660990485061522,1.5191792428926179,-4.2220994451717485e-05,-2.8612832735348406e-06,0.0,0.0,0.0
1280,1.475,0.2972398923768713,0.907197146637455,6.290809417537277e-05,0.000556823560703883,9.571974627009555e-05,8.851381813468894,1.5215807683388358,-4.198281465492337e-05,-2.7889904280514364e-06,0.0,0.0,0.0
1280,1.4875,0.29668367588291056,0.907985050371122,6.110883473344703e-05,0.0005521761480873652,9.32296180807058e-05,9.03594628331441,1.5256323981199713,-4.174072163508305e-05,-2.730266584516995e-06,0.0,0.0,0.0
1280,1.5,0.29614042372039884,0.9087544159719948,5.9431319709986886e-05,0.000547610325571131,9.089557537377695e-05,9.21417071408411,1.5294221265374792,-4.149521549819725e-05,-2.6744617314221555e-06,0.0,0.0,0.0
1280,1.5125000000000002,0.295609725629209,0.9095057886460853,5.786790145212554e-05,0.0005431239008938709,8.905952697216004e-05,9.385581423636047,1.5390142849026507,-4.124675995254836e-05,-2.651288169202933e-06,0.0,0.0,0.0
1280,1.5250000000000001,0.2950911871324884,0.910239695176485,5.6411407592674814e-05,0.0005387147582054853,8.696731170607623e-05,9.54974855609593,1.5416617917786046,-4.099578480208889e-05,-2.5972518496391205e-06,0.0,0.0,0.0
1280,1.5375,0.2945844288367821,0.9109566445968399,5.505511072762127e-05,0.0005343808550454578,8.48411403547078e-05,9.7062897155769,1.5410220637725975,-4.074268826701611e-05,-2.5318125183023555e-06,0.0,0.0,0.0
1280,1.55,0.2940890857668964,0.9116571288397554,5.3792700102174695e-05,0.0005301202194410127,8.260644994164762e-05,9.854872843975002,1.5356442376891966,-4.048783914380123e-05,-2.449168736355199e-06,0.0,0.0,0.0
1280,1.5625,0.29360480673360634,0.9123416233609869,5.261825516758808e-05,0.0005259309471212086,8.08742261352011e-05,9.995218302965942,1.5369993907555148,-4.023157881605775e-05,-2.4017575322471067e-06,0.0,0.0,0.0
1280,1.5750000000000002,0.29313125373242815,0.9130105877402573,5.1526220880620856e-05,0.0005218111988431146,7.928703029240894e-05,10.127100142897712,1.5387705315339553,-3.997422312681197e-05,-2.359668800001987e-06,0.0,0.0,0.0
1280,1.5875000000000001,0.2926681013717774,0.9136644662595194,5.051138462650579e-05,0.0005177591978262194,7.771789635273248e-05,10.250346563545317,1.5386213806530677,-3.9716064121975664e-05,-2.3125534967292687e-06,0.0,0.0,0.0
1280,1.6,0.2922150363289364,0.9143036884594661,4.9568854654627e-05,0.0005137732272912639,7.615466990106306e-05,10.364839592744266,1.5363411245160656,-3.945737167411413e-05,-2.2597942959470655e-06,0.0,0.0,0.0
1280,1.6125,0.291771756832339,0.9149286696750675,4.869403992389633e-05,0.0005098516280997269,7.497711622437694e-05,10.470514027929733,1.5397596161985798,-3.9198394994945606e-05,-2.234061485540852e-06,0.0,0.0,0.0
1280,1.625,0.2913379721687769,0.9155398115508903,4.788263126203002e-05,0.0005059927964902539,7.402273958736236e-05,10.56735570193061,1.5459204650280138,-3.893936404439903e-05,-2.2219092076532486e-06,0.0,0.0,0.0
1280,1.6375000000000002,0.2909134022142024,0.9161375025369386,4.7130583749637907e-05,0.000502195181908385,7.260365183912087e-05,10.655399147527921,1.5404785186790448,-3.868049084349351e-05,-2.165210787606052e-06,0.0,0.0,0.0
1280,1.6500000000000001,0.2904977769868871,0.916722118365733,4.643410024628181e-05,0.0004984572849260239,7.12195393101314e-05,10.734724745009732,1.5337766626765696,-3.8421970697778075e-05,-2.1067623204272146e-06,0.0,0.0,0.0
1280,1.6625,0.2900908362217594,0.9172940225113179,4.578961598144186e-05,0.000494777655247158,6.989251696421246e-05,10.805455443166137,1.5263835580656389,-3.816398333758588e-05,-2.0487465835355015e-06,0.0,0.0,0.0
1280,1.675,0.289692328964818,0.9178535666308724,4.5193784138716563e-05,0.0004911548897964491,6.867489975049922e-05,10.867753146957373,1.5195651583348355,-3.790669398090727e-05,-1.9958948270015257e-06,0.0,0.0,0.0
1280,1.6875,0.28930201318657517,0.9184010909895759,4.464346236657972e-05,0.0004875876308873893,6.750062986824162e-05,10.921814864709047,1.5119936109340135,-3.765025432426882e-05,-1.9428592376412614e-06,0.0,0.0,0.0
1280,1.7000000000000002,0.28891965541354636,0.9189369248693581,4.4135700153657535e-05,0.0004840745644668279,6.649038948790174e-05,10.967868704507513,1.506499030408871,-3.7394803466619485e-05,-1.9001485934107574e-06,0.0,0.0,0.0
1280,1.7125000000000001,0.2885450303768563,0.9194613869621411,4.366772701079939e-05,0.000480614418432764,6.546542047796057e-05,11.006169803935618,1.4991716986270074,-3.714046877086699e-05,-1.8528039447087004e-06,0.0,0.0,0.0
1280,1.725,0.28817792067708453,0.9199747857481653,4.323694140621964e-05,0.00047720596102240567,6.57213710174541e-05,11.036996269901726,1.5200282184622815,-3.688736666737582e-05,-1.911176516954929e-06,0.0,0.0,0.0
1280,1.7375,0.2878181164645227,0.9204774198599656,4.284090040370917e-05,0.00047384799926759207,6.474150834827861e-05,11.060645196583362,1.5112079283626187,-3.663560340343005e-05,-1.861551675288403e-06,0.0,0.0,0.0
1280,1.75,0.2874654151340595,0.9209695784325471,4.247730995736014e-05,0.00047053937751478144,6.392984989078899e-05,11.077428819930487,1.5050352754203005,-3.638527574238081e-05,-1.8234658943414523e-06,0.0,0.0,0.0
1280,1.7625000000000002,0.2871196210339558,0.921451541440293,4.214401581946624e-05,0.0004672789760069004,6.311204345359645e-05,11.087670857200683,1.4975327392612907,-3.613647161593191e-05,-1.7822823489010677e-06,0.0,0.0,0.0
1280,1.7750000000000001,0.2867805451878108,0.921923580021108,4.183899502122832e-05,0.0004640657095244541,6.367678842371366e-05,11.091703070042573,1.521948325752214,-3.588927073277419e-05,-1.856212439211254e-06,0.0,0.0,0.0
1280,1.7875,0.2864480050290593,0.9223859567882989,4.156034788867256e-05,0.0004608985260833908,6.270333351326852e-05,11.089862080028702,1.5087297556130073,-3.564374514655105e-05,-1.797153778090656e-06,0.0,0.0,0.0
1280,1.8,0.2861218241473755,0.9228389261306615,4.130629055875254e-05,0.0004577764056873145,6.270598119052313e-05,11.082486456540808,1.5180734058250152,-3.539995978592777e-05,-1.8189737037005006e-06,0.0,0.0,0.0
1280,1.8125,0.2858018320463937,0.923282734501229,4.107514796300184e-05,0.0004546983591317228,6.198464161994463e-05,11.069914088715866,1.5090546155981441,-3.515797294934129e-05,-1.7773069608401372e-06,0.0,0.0,0.0
1280,1.8250000000000002,0.2854878639121861,0.9237176206951281,4.0865347248318054e-05,0.00045166342685805285,6.129501664528499e-05,11.052479845907648,1.4999264847261953,-3.491783676682746e-05,-1.7365218987421898e-06,0.0,0.0,0.0
1280,1.8375000000000001,0.2851797603919716,0.9241438161169608,4.067541160652819e-05,0.0004486706778553921,6.059591579733493e-05,11.030513524868248,1.4897431495840008,-3.467959763115343e-05,-1.693242856218573e-06,0.0,0.0,0.0
1280,1.85,0.28487736738255376,0.9245615450381224,4.0503954486299584e-05,0.0004457192086078099,5.9949615839380134e-05,11.004338076633331,1.4800929094382136,-3.444329660032838e-05,-1.6528812150118468e-06,0.0,0.0,0.0
1280,1.8625,0.28458053582801496,0.9249710248444483,4.034967416274693e-05,0.0004428081420853401,6.004097442770796e-05,10.974268101876403,1.488016339005313,-3.420896977342042e-05,-1.6737605225216873e-06,0.0,0.0,0.0
1280,1.875,0.28428912152621955,0.9253724662745638,4.0211348641742305e-05,0.0004399366267767328,5.960402407736376e-05,10.940608600230995,1.4822687149440805,-3.397664864147419e-05,-1.6483774120278237e-06,0.0,0.0,0.0
1280,1.8875000000000002,0.2840029849436992,0.9257660736493032,4.008783087747828e-05,0.0004371038357621676,5.904013015404518e-05,10.903653956685808,1.4727693881590005,-3.374636041519859e-05,-1.6109454385081865e-06,0.0,0.0,0.0
1280,1.9000000000000001,0.28372199103852147,0.9261520450925461,3.997804428326924e-05,0.00043430896582420024,5.85170955394882e-05,10.863687146546035,1.463730819968538,-3.351812833097914e-05,-1.5758193567786119e-06,0.0,0.0,0.0
1280,1.9125,0.2834460090907577,0.9265305727438046,3.988097851690886e-05,0.0004315512365952841,5.819994417132995e-05,10.820979139524214,1.459340927320882,-3.32919719366619e-05,-1.5571120806257925e-06,0.0,0.0,0.0
1280,1.925,0.28317491254018967,0.9269018429628857,3.979568552314839e-05,0.00042882988974028344,5.797352557123817e-05,10.77578848317216,1.456779166111263,-3.3067907358456484e-05,-1.5451164040876317e-06,0.0,0.0,0.0
1280,1.9375,0.2829085788309146,0.9272660365269367,3.972127581700891e-05,0.000426144188172456,5.747948633536934e-05,10.728361045995866,1.447070496933944,-3.2845947550213004e-05,-1.5094478940606365e-06,0.0,0.0,0.0
1280,1.9500000000000002,0.2826468892625203,0.927623328820174,3.965691499272452e-05,0.0004234934153014581,5.7837777083001064e-05,10.678929901106843,1.458453767611828,-3.262610252624236e-05,-1.5453732776735064e-06,0.0,0.0,0.0
1280,1.9625000000000001,0.282389728847525,0.9279738900165783,3.960182044411162e-05,0.0004208768743119793,5.728715411839668e-05,10.627715332075331,1.446578805619394,-3.240837957876875e-05,-1.5032533623142307e-06,0.0,0.0,0.0
1280,1.975,0.28213698617478883,0.9283178852558317,3.955525828309122e-05,0.0004182938874716773,5.687282300241853e-05,10.574924943682806,1.4378068927116596,-3.2192783481029816e-05,-1.4719930011428212e-06,0.0,0.0,0.0
1280,1.9875,0.28188855327861956,0.9286554748127616,3.951654044396352e-05,0.00041574379546714397,5.6896339478789066e-05,10.520753861454294,1.4398107435409482,-3.197931667697034e-05,-1.4772829179601716e-06,0.0,0.0,0.0
1280,2.0,0.28164432551330915,0.928986814260544,3.9485021961843116e-05,0.000413225956766687,5.645086826460071e-05,10.465385005129628,1.4296780262437936,-3.176797945841173e-05,-1.4420969357343955e-06,0.0,0.0,0.0
1280,2.0125,0.28140420143285133,0.9293120546279079,3.946009841441619e-05,0.00041073974700876206,5.604256907844018e-05,10.408989422558157,1.420233890191359,-3.15587701305194e-05,-1.409510006442039e-06,0.0,0.0,0.0
1280,2.025,0.28116808267560317,0.9296313425505784,3.944120351688449e-05,0.00040828455841495135,5.655123622952202e-05,10.351726671833626,1.4338111210352102,-3.135168516633569e-05,-1.4543527805741905e-06,0.0,0.0,0.0
1280,2.0375,0.28093587385366475,0.9299448204171766,3.942780686061925e-05,0.00040585979922641726,5.6133063967708056e-05,10.29374524079331,1.4236922729723047,-3.1146719351092836e-05,-1.4199468541025485e-06,0.0,0.0,0.0
1280,2.0500000000000003,0.28070748244676286,0.9302526265097995,3.9419411786657686e-05,0.00040346489316282606,5.656565536474382e-05,10.235182994267486,1.4349695442155135,-3.094386591697431e-05,-1.4574307041373216e-06,0.0,0.0,0.0
1280,2.0625,0.2804828187004349,0.9305548951394792,3.941555338574226e-05,0.0004010992789027645,5.621413912071252e-05,10.17616764066171,1.4261918022707958,-3.074311666894689e-05,-1.4278797874724724e-06,0.0,0.0,0.0
1280,2.075,0.28026179552832037,0.9308517567767247,3.9415796617143196e-05,0.0003987624095847249,5.590982316427043e-05,10.116817210572126,1.4184623415667172,-3.054446210224445e-05,-1.4019922565058152e-06,0.0,0.0,0.0
1280,2.0875,0.28004432841837457,0.9311433381773346,3.941973453898776e-05,0.00039645375232777544,5.561264698855618e-05,10.057240541172751,1.410781874584999,-3.0347891512046955e-05,-1.3763975582133158e-06,0.0,0.0,0.0
1280,2.1,0.27983033534283086,0.9314297625036656,3.942698664329976e-05,0.00039417278777106174,5.516088561920719e-05,9.997537761056554,1.3990642023508852,-3.0153393095859768e-05,-1.3373814129521315e-06,0.0,0.0,0.0
1280,2.1125000000000003,0.27961973667174456,0.931711149441529,3.943719728936812e-05,0.0003919190096313413,5.539495978600978e-05,9.937800771075556,1.4046373371706036,-2.996095404906772e-05,-1.3564098122145414e-06,0.0,0.0,0.0
1280,2.125,0.2794124550899602,0.9319876153128879,3.9450034229480067e-05,0.0003896919242777673,5.507972597481811e-05,9.878113717492287,1.3961895610640143,-2.977056065410442e-05,-1.3285237983537337e-06,0.0,0.0,0.0
1280,2.1375,0.27920841551735104,0.9322592731845136,3.946518722142479e-05,0.0003874910503231891,5.4735635409605706e-05,9.818553454443736,1.386934644513505,-2.9582198363649968e-05,-1.2979880959953783e-06,0.0,0.0,0.0
1280,2.15,0.2790075450321884,0.9325262329727598,3.948236672252725e-05,0.000385315918231265,5.436543276124323e-05,9.759189993324725,1.376954759153894,-2.939585187824271e-05,-1.2650606132908583e-06,0.0,0.0,0.0
1280,2.1625,0.2788097727975037,0.9327886015445974,3.950130266030283e-05,0.0003831660699387062,5.399644827810568e-05,9.70008693722833,1.3669536101747315,-2.9211505218664286e-05,-1.232087377513242e-06,0.0,0.0,0.0
1280,2.1750000000000003,0.27861502999031323,0.9330464828150631,3.9521743275124144e-05,0.0003810410584920142,5.3701539283946546e-05,9.641301899044768,1.3587846798688021,-2.902914179343566e-05,-1.2052826607499042e-06,0.0,0.0,0.0
1280,2.1875,0.27842324973358246,0.9332999778412492,3.954345403058906e-05,0.00037894044769809255,5.3450709960746156e-05,9.582886902215497,1.3516955276440712,-2.8848744461737796e-05,-1.182116754063353e-06,0.0,0.0,0.0
1280,2.2,0.27823436703080995,0.933549184912973,3.9566216587540905e-05,0.000376863811788144,5.3238789434012126e-05,9.524888763481508,1.3455617955338346,-2.867029559205126e-05,-1.1621686919500539e-06,0.0,0.0,0.0
1280,2.2125,0.27804831870312247,0.9337941996402485,3.958982783793898e-05,0.0003748107350942935,5.290588648961601e-05,9.467349457254066,1.3363505066550514,-2.8493777116790138e-05,-1.131864985392548e-06,0.0,0.0,0.0
1280,2.225,0.27786504332876977,0.9340351150376842,3.961409899502591e-05,0.0003727808117383962,5.270409556760153e-05,9.410306461474837,1.3304378214993415,-2.8319170583186473e-05,-1.1126497086689276e-06,0.0,0.0,0.0
1280,2.2375000000000003,0.27768448118491973,0.9342720216059258,3.963885473644347e-05,0.00037077364533252003,5.245244644894637e-05,9.353793085036722,1.323258373575618,-2.814645720066651e-05,-1.089155295562747e-06,0.0,0.0,0.0
1280,2.25,0.27750657419165614,0.9345050074102477,3.9663932397163035e-05,0.00036878884869061046,5.213381759953717e-05,9.297838776999027,1.3143885250083283,-2.7975617884943035e-05,-1.0599402422018014e-06,0.0,0.0,0.0
1280,2.2625,0.2773312658580854,0.9347341581564118,3.968918120928673e-05,0.00036682604355086723,5.186674266219e-05,9.24246941796408,1.306823196696582,-2.7806633299034346e-05,-1.0350927234967779e-06,0.0,0.0,0.0
1280,2.275,0.2771585012304646,0.9349595572638882,3.971446158595466e-05,0.0003648848603083885,5.1602491752739696e-05,9.187707594087918,1.2993375634982631,-2.7639483891406878e-05,-1.0104825641767283e-06,0.0,0.0,0.0
1280,2.2875,0.27698822684226604,0.9351812859365417,3.973964444676451e-05,0.00036296493775764933,5.1257371764900806e-05,9.133572854278542,1.2898296519377652,-2.747414993142521e-05,-9.790068220415855e-07,0.0,0.0,0.0
1280,2.3000000000000003,0.2768203906660978,0.9353994232308758,3.9764610582263204e-05,0.000361065922844409,5.092792754978524e-05,9.080081951197595,1.2807349752470951,-2.7310611542282394e-05,-9.488819422393731e-07,0.0,0.0,0.0
1280,2.3125,0.2766549420674036,0.9356140461219307,3.9789250055225205e-05,0.0003591874704266524,5.065258756792828e-05,9.027249066723316,1.2730219216905416,-2.7148848731571313e-05,-9.233836885797615e-07,0.0,0.0,0.0
1280,2.325,0.2764918317598681,0.9358252295669186,3.9813461636563435e-05,0.00035732924304419456,5.1220038417739206e-05,8.97508602256365,1.2865005029027752,-2.6988841419648647e-05,-9.695590263999406e-07,0.0,0.0,0.0
1280,2.3375,0.2763310117624578,0.9360330465666803,3.983715227385271e-05,0.0003554909106965867,5.108466464306591e-05,8.923602476724088,1.2823372587451627,-2.683056946593239e-05,-9.560385513831221e-07,0.0,0.0,0.0
1280,2.35,0.2761724353580313,0.9362375682250491,3.9860236590567315e-05,0.00035367215062898603,5.109951478246883e-05,8.872806106541786,1.2819671721306647,-2.6674012693265593e-05,-9.553386463116287e-07,0.0,0.0,0.0
1280,2.3625000000000003,0.27601605705345383,0.9364388638061956,3.9882636414246235e-05,0.00035187264712565854,5.1284851091742864e-05,8.82270277899603,1.2858942061669651,-2.6519150910470045e-05,-9.691882475872134e-07,0.0,0.0,0.0
1280,2.375,0.27586183254115526,0.9366370007900263,3.99042803319071e-05,0.00035009209131080536,5.105602440798924e-05,8.773296708996778,1.2794623529938796,-2.6365963933206352e-05,-9.478982464669822e-07,0.0,0.0,0.0
1280,2.3875,0.2757097186620747,0.9368320449257159,3.9925103271131374e-05,0.00034833018095641055,5.091482430630332e-05,8.724590606338582,1.2752584247695178,-2.6214431603248733e-05,-9.341262879896153e-07,0.0,0.0,0.0
1280,2.4000000000000004,0.2755596733699337,0.9370240602834324,3.994504610533845e-05,0.00034658662029682776,5.142276699324318e-05,8.676585811989042,1.2873377804505974,-2.6064533806276593e-05,-9.75606275471902e-07,0.0,0.0,0.0
1280,2.4125,0.27541165569678633,0.9372131093043282,3.99640552818482e-05,0.0003448611198498304,5.1340623140973534e-05,8.629282424360657,1.2846700060564826,-2.591625048827849e-05,-9.670082680256532e-07,0.0,0.0,0.0
1280,2.4250000000000003,0.2752656257197948,0.9373992528488571,3.9982082471423026e-05,0.00034315339624386347,5.198242180435486e-05,8.58267941618925,1.3001429288108997,-2.576956167065744e-05,-1.0200288432992062e-06,0.0,0.0,0.0
1280,2.4375,0.2751215445291817,0.9375825502434815,3.999908423805139e-05,0.00034146317205125006,5.182612371109627e-05,8.53677474261808,1.2956827562015467,-2.5624447464121888e-05,-1.005298355208815e-06,0.0,0.0,0.0
1280,2.45,0.27497937419731266,0.9377630593258256,4.0015021727811745e-05,0.00033979017562710864,5.160500963493435e-05,8.491565441058937,1.289640924999603,-2.5480888081440238e-05,-9.851489721054214e-07,0.0,0.0,0.0
1280,2.4625000000000004,0.27483907774886435,0.9379408364883323,4.0029860375720015e-05,0.00033813414095375753,5.216080435585033e-05,8.447047723375317,1.30304737179369,-2.533886384913319e-05,-1.031130238311077e-06,0.0,0.0,0.0
1280,2.475,0.27470061913203553,0.9381159367204781,4.00435696295341e-05,0.00033649480749038354,5.197304919889794e-05,8.403217060903632,1.2979124908126387,-2.5198355218172203e-05,-1.014005763395926e-06,0.0,0.0,0.0
1280,2.4875000000000003,0.27456396319076076,0.9382884136496,4.0056122689543506e-05,0.00033487192002776864,5.188693216219168e-05,8.360068262802322,1.2953558327235841,-2.5059342773749138e-05,-1.0056188051750947e-06,0.0,0.0,0.0
1280,2.5,0.274429075637887,0.9384583195803793,4.006749626343049e-05,0.0003332652285478715,5.1703364350289606e-05,8.317595548191063,1.2904066680472657,-2.492180724417749e-05,-9.89048787383025e-07,0.0,0.0,0.0
