replication,method,threshold,update,rollout_cycle,minibatch,population_value,population_rho,sample_rho,chosen_ppo,raw_risk,ppo_risk
0.0,raw,nan,0.0,0.0,0.0,0.4381825474072605,1.0,1.0,0.0,nan,nan
0.0,raw,nan,1.0,1.0,1.0,0.44188905933284556,1.0,1.0,0.0,nan,nan
0.0,raw,nan,2.0,1.0,2.0,0.44094033786272196,0.9158819114313117,0.8846106871855797,0.0,nan,nan
0.0,raw,nan,3.0,1.0,3.0,0.42765540183706297,0.8139494043006134,0.8300766158719332,0.0,nan,nan
0.0,raw,nan,4.0,1.0,4.0,0.44994934235575695,0.6868183025017156,0.7643297726249992,0.0,nan,nan
0.0,raw,nan,5.0,1.0,5.0,0.4708079862381374,0.7129213542449302,0.7237327567134342,0.0,nan,nan
0.0,raw,nan,6.0,1.0,6.0,0.5143877363599966,0.7282814212536377,0.7337307741737631,0.0,nan,nan
0.0,raw,nan,7.0,1.0,7.0,0.49884364788026203,0.8603541465062332,0.8198618691824366,0.0,nan,nan
0.0,raw,nan,8.0,1.0,8.0,0.5446025705344479,0.7149750265508749,0.7451379803176225,0.0,nan,nan
0.0,raw,nan,9.0,2.0,1.0,0.5432131805581645,1.0,1.0,0.0,nan,nan
0.0,raw,nan,10.0,2.0,2.0,0.5225310672135726,0.6813744002059604,0.7268851906543128,0.0,nan,nan
0.0,raw,nan,11.0,2.0,3.0,0.5368620679453503,0.6261686932156607,0.6766223237585623,0.0,nan,nan
0.0,raw,nan,12.0,2.0,4.0,0.4596486491865478,0.5587636257733758,0.6032068761249947,0.0,nan,nan
0.0,raw,nan,13.0,2.0,5.0,0.48367272481701834,0.38651209140410103,0.5672020630468426,0.0,nan,nan
0.0,raw,nan,14.0,2.0,6.0,0.5089861052848464,0.42746820673753144,0.45029009597332076,0.0,nan,nan
0.0,raw,nan,15.0,2.0,7.0,0.5528696994205727,0.5669981892883268,0.8409945881200314,0.0,nan,nan
0.0,raw,nan,16.0,2.0,8.0,0.5379966282837354,0.6031941586023019,0.7161868908873553,0.0,nan,nan
0.0,ppo,nan,0.0,0.0,0.0,0.4381825474072605,1.0,1.0,0.0,nan,nan
0.0,ppo,nan,1.0,1.0,1.0,0.44188905933284556,1.0,1.0,1.0,nan,nan
0.0,ppo,nan,2.0,1.0,2.0,0.43923647185967907,0.9158819114313117,0.8846106871855797,1.0,nan,nan
0.0,ppo,nan,3.0,1.0,3.0,0.4235940490357697,0.8239964070019988,0.8178592304464819,1.0,nan,nan
0.0,ppo,nan,4.0,1.0,4.0,0.45000510609129396,0.72629656746936,0.8155801886513865,1.0,nan,nan
0.0,ppo,nan,5.0,1.0,5.0,0.47760588055273134,0.8399933840412203,0.855497801665285,1.0,nan,nan
0.0,ppo,nan,6.0,1.0,6.0,0.5052063328916073,0.8143281745614819,0.8268791250055857,1.0,nan,nan
0.0,ppo,nan,7.0,1.0,7.0,0.5078577318109092,0.9265015437654202,0.9201535807261608,1.0,nan,nan
0.0,ppo,nan,8.0,1.0,8.0,0.5231467178351832,0.9057634406225812,0.9162109672050914,1.0,nan,nan
0.0,ppo,nan,9.0,2.0,1.0,0.5142325151437035,1.0,1.0,1.0,nan,nan
0.0,ppo,nan,10.0,2.0,2.0,0.5362411747886735,0.8263865103913652,0.8616772929609036,1.0,nan,nan
0.0,ppo,nan,11.0,2.0,3.0,0.5304034412565528,0.8982359332822644,0.8889256698770686,1.0,nan,nan
0.0,ppo,nan,12.0,2.0,4.0,0.5455009138536827,0.8802745223094659,0.918783657362823,1.0,nan,nan
0.0,ppo,nan,13.0,2.0,5.0,0.556259524903352,0.9060263724815598,0.9234994721528681,1.0,nan,nan
0.0,ppo,nan,14.0,2.0,6.0,0.5711980930865431,0.8741662073955369,0.9134971865301735,1.0,nan,nan
0.0,ppo,nan,15.0,2.0,7.0,0.5776555300247721,0.9219136523514534,0.9329169822614619,1.0,nan,nan
0.0,ppo,nan,16.0,2.0,8.0,0.5844258457688314,0.928301492896966,0.9550199538664652,1.0,nan,nan
0.0,mse_oracle,nan,0.0,0.0,0.0,0.4381825474072605,1.0,1.0,0.0,nan,nan
0.0,mse_oracle,nan,1.0,1.0,1.0,0.44188905933284556,1.0,1.0,0.0,0.06706072794876566,0.06706072794876566
0.0,mse_oracle,nan,2.0,1.0,2.0,0.44094033786272196,0.9158819114313117,0.8846106871855797,0.0,0.06900492505899211,0.07029319712552114
0.0,mse_oracle,nan,3.0,1.0,3.0,0.42765540183706297,0.8139494043006134,0.8300766158719332,0.0,0.07576117846154361,0.0770849094566394
0.0,mse_oracle,nan,4.0,1.0,4.0,0.44994934235575695,0.6868183025017156,0.7643297726249992,0.0,0.08576173828523495,0.08689313083818978
0.0,mse_oracle,nan,5.0,1.0,5.0,0.4790997837657267,0.7129213542449302,0.7237327567134342,1.0,0.07914549685472864,0.07845254408636027
0.0,mse_oracle,nan,6.0,1.0,6.0,0.5124712198921696,0.8055702394896798,0.8439191976744868,1.0,0.0669138543575578,0.061541647925562964
0.0,mse_oracle,nan,7.0,1.0,7.0,0.5067739929985339,0.9239317315505033,0.9300838092995011,1.0,0.05702715962749057,0.051147824393773855
0.0,mse_oracle,nan,8.0,1.0,8.0,0.5311139081289641,0.852062197830829,0.8759248329864734,1.0,0.06174582759242203,0.06008593155769384
0.0,mse_oracle,nan,9.0,2.0,1.0,0.5328443198803972,1.0,1.0,0.0,0.07042932545582944,0.07042932545582944
0.0,mse_oracle,nan,10.0,2.0,2.0,0.5469518579001994,0.8396624049956767,0.8716849353290418,1.0,0.09572176193580294,0.09298608710592421
0.0,mse_oracle,nan,11.0,2.0,3.0,0.5401910283558776,0.893853174419135,0.9068312775912818,1.0,0.08369665157001072,0.08279537180847557
0.0,mse_oracle,nan,12.0,2.0,4.0,0.5379106894400622,0.893673265749628,0.9098540681268489,1.0,0.0717406900731836,0.06712850786884873
0.0,mse_oracle,nan,13.0,2.0,5.0,0.5456969941220944,0.8292842628159811,0.8657841153793951,1.0,0.06389000663889162,0.06014525353668393
0.0,mse_oracle,nan,14.0,2.0,6.0,0.5732984504279538,0.7428496276132027,0.784026313539387,1.0,0.0892229749315503,0.08571553419401126
0.0,mse_oracle,nan,15.0,2.0,7.0,0.5807286670590781,0.8687102377204439,0.8942626663441374,1.0,0.07011017425744084,0.06898238432004049
0.0,mse_oracle,nan,16.0,2.0,8.0,0.5775892323046968,0.9155449006149079,0.9389289873052108,1.0,0.06519754670392972,0.06027455050134416
1.0,raw,nan,0.0,0.0,0.0,0.4381825474072605,1.0,1.0,0.0,nan,nan
1.0,raw,nan,1.0,1.0,1.0,0.43090107962721275,1.0,1.0,0.0,nan,nan
1.0,raw,nan,2.0,1.0,2.0,0.4354268468406185,0.8340339865850842,0.8214624416843447,0.0,nan,nan
1.0,raw,nan,3.0,1.0,3.0,0.4745474256394835,0.7579763508358524,0.6981618537014705,0.0,nan,nan
1.0,raw,nan,4.0,1.0,4.0,0.4961323242568239,0.8365447333542809,0.8264448858008938,0.0,nan,nan
1.0,raw,nan,5.0,1.0,5.0,0.49656205608598225,0.8093110010507317,0.8346726415255208,0.0,nan,nan
1.0,raw,nan,6.0,1.0,6.0,0.5234259999324832,0.741016810110485,0.7301134794563425,0.0,nan,nan
1.0,raw,nan,7.0,1.0,7.0,0.5287198450775582,0.856591230336423,0.8490708579485629,0.0,nan,nan
1.0,raw,nan,8.0,1.0,8.0,0.5525434218178449,0.7903742961372231,0.7520025138731079,0.0,nan,nan
1.0,raw,nan,9.0,2.0,1.0,0.5354246133722013,1.0,1.0,0.0,nan,nan
1.0,raw,nan,10.0,2.0,2.0,0.5617398106215888,0.7750393219224033,0.8626628870785915,0.0,nan,nan
1.0,raw,nan,11.0,2.0,3.0,0.5858032180640232,0.8601807095746541,0.8141278072790515,0.0,nan,nan
1.0,raw,nan,12.0,2.0,4.0,0.5867542972548825,0.8740315358574114,0.9289916942389859,0.0,nan,nan
1.0,raw,nan,13.0,2.0,5.0,0.5570042038633608,0.8580440837403063,0.848346260179243,0.0,nan,nan
1.0,raw,nan,14.0,2.0,6.0,0.5432877558558402,0.7568505898650301,0.836303762367806,0.0,nan,nan
1.0,raw,nan,15.0,2.0,7.0,0.5962271540007222,0.6913750021336855,0.6141499220131237,0.0,nan,nan
1.0,raw,nan,16.0,2.0,8.0,0.5865066197898031,0.6869775379316186,0.7731421877612563,0.0,nan,nan
1.0,ppo,nan,0.0,0.0,0.0,0.4381825474072605,1.0,1.0,0.0,nan,nan
1.0,ppo,nan,1.0,1.0,1.0,0.43090107962721275,1.0,1.0,1.0,nan,nan
1.0,ppo,nan,2.0,1.0,2.0,0.4579550365504244,0.8340339865850842,0.8214624416843447,1.0,nan,nan
1.0,ppo,nan,3.0,1.0,3.0,0.46541014427802957,0.9357539959552155,0.9627004231379415,1.0,nan,nan
1.0,ppo,nan,4.0,1.0,4.0,0.47415016854283326,0.8559566589668388,0.8799635490574859,1.0,nan,nan
1.0,ppo,nan,5.0,1.0,5.0,0.49169078970862823,0.8070639583764493,0.8118130432872428,1.0,nan,nan
1.0,ppo,nan,6.0,1.0,6.0,0.49697242144888476,0.9014935540636637,0.8774066391330172,1.0,nan,nan
1.0,ppo,nan,7.0,1.0,7.0,0.5119820066654888,0.9239800247907558,0.926084544207633,1.0,nan,nan
1.0,ppo,nan,8.0,1.0,8.0,0.5133999136567865,0.9023245820975188,0.9121907008152365,1.0,nan,nan
1.0,ppo,nan,9.0,2.0,1.0,0.4942479109996266,1.0,1.0,1.0,nan,nan
1.0,ppo,nan,10.0,2.0,2.0,0.5159771919529472,0.8080609899739054,0.802324014952921,1.0,nan,nan
1.0,ppo,nan,11.0,2.0,3.0,0.5420998683138906,0.7975207044999446,0.7665111409199056,1.0,nan,nan
1.0,ppo,nan,12.0,2.0,4.0,0.5624807334904628,0.9025624756243352,0.8927569056607045,1.0,nan,nan
1.0,ppo,nan,13.0,2.0,5.0,0.54939722331072,0.8985434919329587,0.9223169558901195,1.0,nan,nan
1.0,ppo,nan,14.0,2.0,6.0,0.5469165500007394,0.8353742034102875,0.8658931473244967,1.0,nan,nan
1.0,ppo,nan,15.0,2.0,7.0,0.5174381918499658,0.8857328919951092,0.8850282399548317,1.0,nan,nan
1.0,ppo,nan,16.0,2.0,8.0,0.5186735923251301,0.7632620122321445,0.840405855789087,1.0,nan,nan
1.0,mse_oracle,nan,0.0,0.0,0.0,0.4381825474072605,1.0,1.0,0.0,nan,nan
1.0,mse_oracle,nan,1.0,1.0,1.0,0.43090107962721275,1.0,1.0,0.0,0.06706072794876566,0.06706072794876566
1.0,mse_oracle,nan,2.0,1.0,2.0,0.4354268468406185,0.8340339865850842,0.8214624416843447,0.0,0.07739079602195147,0.07838342022686029
1.0,mse_oracle,nan,3.0,1.0,3.0,0.4745474256394835,0.7579763508358524,0.6981618537014705,0.0,0.07989209744282755,0.0809958844637218
1.0,mse_oracle,nan,4.0,1.0,4.0,0.501059089200067,0.8365447333542809,0.8264448858008938,1.0,0.06603747126086518,0.06493680125606797
1.0,mse_oracle,nan,5.0,1.0,5.0,0.49978261595956053,0.9055925080520089,0.9308067933684846,0.0,0.05805489415728311,0.06543284207072869
1.0,mse_oracle,nan,6.0,1.0,6.0,0.522497177680754,0.7903167524587081,0.8021108676231968,0.0,0.0618445970913706,0.0634054754118474
1.0,mse_oracle,nan,7.0,1.0,7.0,0.5260322385098585,0.8734710310739423,0.8597324905133941,0.0,0.05581323324336488,0.05666997833781001
1.0,mse_oracle,nan,8.0,1.0,8.0,0.5316662736267657,0.7938382326313544,0.7528892474660761,1.0,0.05662614403534698,0.05484604368957364
1.0,mse_oracle,nan,9.0,2.0,1.0,0.5524444554453012,1.0,1.0,0.0,0.07099825363100726,0.07099825363100726
1.0,mse_oracle,nan,10.0,2.0,2.0,0.5522864492690939,0.8756771991358212,0.908894492822017,0.0,0.0806905304092478,0.08106019119168156
1.0,mse_oracle,nan,11.0,2.0,3.0,0.5713556321508272,0.7385843707781464,0.7309569116647184,1.0,0.09910534976887225,0.0982713495698703
1.0,mse_oracle,nan,12.0,2.0,4.0,0.565827980900337,0.8461071397801193,0.9168240639264823,0.0,0.08078230013073623,0.08265379648835229
1.0,mse_oracle,nan,13.0,2.0,5.0,0.5755741584227841,0.7565380978678345,0.703056130873596,1.0,0.09549552282799087,0.094003234488504
1.0,mse_oracle,nan,14.0,2.0,6.0,0.582132319322762,0.870920359716773,0.8904579976372309,1.0,0.07336637617858013,0.06963930739250687
1.0,mse_oracle,nan,15.0,2.0,7.0,0.6095530197868532,0.9010460648443687,0.9111180181787507,1.0,0.07263637187437443,0.07085625823033331
1.0,mse_oracle,nan,16.0,2.0,8.0,0.5883388917690552,0.8947904923581487,0.9288580530190876,1.0,0.06830702256811524,0.06671996906904942
2.0,raw,nan,0.0,0.0,0.0,0.4381825474072605,1.0,1.0,0.0,nan,nan
2.0,raw,nan,1.0,1.0,1.0,0.44093746732325295,1.0,1.0,0.0,nan,nan
2.0,raw,nan,2.0,1.0,2.0,0.4440760169271885,0.7870940834926476,0.8216000366826304,0.0,nan,nan
2.0,raw,nan,3.0,1.0,3.0,0.45865484230908926,0.7833077143875483,0.73132190946533,0.0,nan,nan
2.0,raw,nan,4.0,1.0,4.0,0.48750791547305194,0.7105330635596845,0.746686694874067,0.0,nan,nan
2.0,raw,nan,5.0,1.0,5.0,0.4942496601356623,0.8510253834071748,0.8349062410919562,0.0,nan,nan
2.0,raw,nan,6.0,1.0,6.0,0.497906012616235,0.7790649147557704,0.7590049412579005,0.0,nan,nan
2.0,raw,nan,7.0,1.0,7.0,0.47894285098775535,0.8367374186696656,0.8598826757514552,0.0,nan,nan
2.0,raw,nan,8.0,1.0,8.0,0.5105448010467225,0.697409781835198,0.6568528602958398,0.0,nan,nan
2.0,raw,nan,9.0,2.0,1.0,0.5603268605747597,1.0,1.0,0.0,nan,nan
2.0,raw,nan,10.0,2.0,2.0,0.5366872688699721,0.7358825192238678,0.7859339523246869,0.0,nan,nan
2.0,raw,nan,11.0,2.0,3.0,0.5474453521645593,0.5242587132688852,0.658550816471195,0.0,nan,nan
2.0,raw,nan,12.0,2.0,4.0,0.5805674747127699,0.5361656583757943,0.6008714502712983,0.0,nan,nan
2.0,raw,nan,13.0,2.0,5.0,0.4064572659111018,0.5082243305472148,0.5109827459894136,0.0,nan,nan
2.0,raw,nan,14.0,2.0,6.0,0.4435164517613546,0.0566789337911296,0.17575315876198364,0.0,nan,nan
2.0,raw,nan,15.0,2.0,7.0,0.3474476621886619,0.2034063019726251,0.1303455889631934,0.0,nan,nan
2.0,raw,nan,16.0,2.0,8.0,0.3044630494774119,0.13890558947970133,0.09444638513588834,0.0,nan,nan
2.0,ppo,nan,0.0,0.0,0.0,0.4381825474072605,1.0,1.0,0.0,nan,nan
2.0,ppo,nan,1.0,1.0,1.0,0.44093746732325295,1.0,1.0,1.0,nan,nan
2.0,ppo,nan,2.0,1.0,2.0,0.44507228566225293,0.7870940834926476,0.8216000366826304,1.0,nan,nan
2.0,ppo,nan,3.0,1.0,3.0,0.45667002220517294,0.8521464745230068,0.8155529632229215,1.0,nan,nan
2.0,ppo,nan,4.0,1.0,4.0,0.4627417441296269,0.7900009667844368,0.8086413477590018,1.0,nan,nan
2.0,ppo,nan,5.0,1.0,5.0,0.4919068407108227,0.7814337247759302,0.712710651664279,1.0,nan,nan
2.0,ppo,nan,6.0,1.0,6.0,0.49588043471901827,0.8968606409707274,0.9069698224694239,1.0,nan,nan
2.0,ppo,nan,7.0,1.0,7.0,0.49165429561933804,0.911417291918148,0.9236404157316647,1.0,nan,nan
2.0,ppo,nan,8.0,1.0,8.0,0.5105214986332983,0.8563381206476041,0.9007538637768767,1.0,nan,nan
2.0,ppo,nan,9.0,2.0,1.0,0.5291917325524742,1.0,1.0,1.0,nan,nan
2.0,ppo,nan,10.0,2.0,2.0,0.5178559899287892,0.8207976837261152,0.8350770651874737,1.0,nan,nan
2.0,ppo,nan,11.0,2.0,3.0,0.5166035361224522,0.7646934159508185,0.7489997614734538,1.0,nan,nan
2.0,ppo,nan,12.0,2.0,4.0,0.5251241958993846,0.7183062104948119,0.750553081227918,1.0,nan,nan
2.0,ppo,nan,13.0,2.0,5.0,0.5373637736758407,0.7032652745441109,0.721840798412893,1.0,nan,nan
2.0,ppo,nan,14.0,2.0,6.0,0.5683210151441073,0.7463134398046221,0.8661114810747097,1.0,nan,nan
2.0,ppo,nan,15.0,2.0,7.0,0.5428258549132983,0.7954137050335329,0.8422849930056756,1.0,nan,nan
2.0,ppo,nan,16.0,2.0,8.0,0.5426104086624757,0.8267762812451384,0.8378281936383991,1.0,nan,nan
2.0,mse_oracle,nan,0.0,0.0,0.0,0.4381825474072605,1.0,1.0,0.0,nan,nan
2.0,mse_oracle,nan,1.0,1.0,1.0,0.44093746732325295,1.0,1.0,0.0,0.06706072794876566,0.06706072794876566
2.0,mse_oracle,nan,2.0,1.0,2.0,0.4440760169271885,0.7870940834926476,0.8216000366826304,0.0,0.07581685092298582,0.07764775897859659
2.0,mse_oracle,nan,3.0,1.0,3.0,0.46274417017555064,0.7833077143875483,0.73132190946533,1.0,0.0766928826394356,0.07634611417423827
2.0,mse_oracle,nan,4.0,1.0,4.0,0.4833708939103729,0.7852717202967043,0.8217604065340856,0.0,0.07080876087934294,0.07383227688329588
2.0,mse_oracle,nan,5.0,1.0,5.0,0.4961947736692049,0.8570469378442916,0.8117998973118243,1.0,0.0640485409410336,0.0634037052438586
2.0,mse_oracle,nan,6.0,1.0,6.0,0.4934423399856068,0.9084749590372249,0.9351005105129171,1.0,0.060587845514935915,0.05929462587738296
2.0,mse_oracle,nan,7.0,1.0,7.0,0.5133849381907529,0.9054778242448708,0.9050673019912729,1.0,0.06265584566246549,0.05317494729652829
2.0,mse_oracle,nan,8.0,1.0,8.0,0.5211161384026594,0.9447965024550601,0.9462015766136798,1.0,0.05687817590413395,0.04627562664687493
2.0,mse_oracle,nan,9.0,2.0,1.0,0.5387648470928672,1.0,1.0,0.0,0.0703279915739478,0.0703279915739478
2.0,mse_oracle,nan,10.0,2.0,2.0,0.518960544663856,0.82937433310432,0.7982533769489151,1.0,0.08262558565803768,0.07953425808464964
2.0,mse_oracle,nan,11.0,2.0,3.0,0.5030561906638578,0.8056398692630343,0.7904605502741024,1.0,0.07873251914596388,0.07220554289516506
2.0,mse_oracle,nan,12.0,2.0,4.0,0.5245879169721872,0.7079738944952683,0.7402480512755861,1.0,0.09008863073428328,0.08418007262488825
2.0,mse_oracle,nan,13.0,2.0,5.0,0.5527594671771271,0.7925544091236472,0.7934524237503142,1.0,0.08380470468631364,0.08106929186111661
2.0,mse_oracle,nan,14.0,2.0,6.0,0.5644818777781737,0.8942375311019843,0.9401698436956017,1.0,0.07065320689104866,0.06661238723729614
2.0,mse_oracle,nan,15.0,2.0,7.0,0.5526708629175883,0.9156722255314186,0.9351880306263686,1.0,0.07647348408665297,0.07286965479610982
2.0,mse_oracle,nan,16.0,2.0,8.0,0.570229575895449,0.8266686590900408,0.8437950523006617,1.0,0.07854658051948725,0.07162542879382967
3.0,raw,nan,0.0,0.0,0.0,0.4381825474072605,1.0,1.0,0.0,nan,nan
3.0,raw,nan,1.0,1.0,1.0,0.43194990928087507,1.0,1.0,0.0,nan,nan
3.0,raw,nan,2.0,1.0,2.0,0.46313302108144117,0.7936734345933992,0.8017937400148408,0.0,nan,nan
3.0,raw,nan,3.0,1.0,3.0,0.45750043426703096,0.8991653066955831,0.8960845854712042,0.0,nan,nan
3.0,raw,nan,4.0,1.0,4.0,0.46383422501868943,0.7827198317584737,0.7698972902240235,0.0,nan,nan
3.0,raw,nan,5.0,1.0,5.0,0.49248950968419736,0.741472077179854,0.7794432166566562,0.0,nan,nan
3.0,raw,nan,6.0,1.0,6.0,0.4912966157146976,0.776244452422375,0.8200691763363391,0.0,nan,nan
3.0,raw,nan,7.0,1.0,7.0,0.49502892757408135,0.7100521380296421,0.6565125812025338,0.0,nan,nan
3.0,raw,nan,8.0,1.0,8.0,0.540085727753772,0.6716683937731688,0.6305575194534517,0.0,nan,nan
3.0,raw,nan,9.0,2.0,1.0,0.5070933800046726,1.0,1.0,0.0,nan,nan
3.0,raw,nan,10.0,2.0,2.0,0.5228573282436597,0.859078788244598,0.87671531805405,0.0,nan,nan
3.0,raw,nan,11.0,2.0,3.0,0.5597356509657375,0.8882987586607322,0.9222976071190971,0.0,nan,nan
3.0,raw,nan,12.0,2.0,4.0,0.5809063367416548,0.7522938963293782,0.6121024988034088,0.0,nan,nan
3.0,raw,nan,13.0,2.0,5.0,0.560608558596244,0.7887593573844391,0.8787035523826071,0.0,nan,nan
3.0,raw,nan,14.0,2.0,6.0,0.5640400596108789,0.670648926956627,0.8261466634021111,0.0,nan,nan
3.0,raw,nan,15.0,2.0,7.0,0.5249391298970502,0.5893447291998326,0.7661034464705166,0.0,nan,nan
3.0,raw,nan,16.0,2.0,8.0,0.5414556951656899,0.4912107076029443,0.646992350147334,0.0,nan,nan
3.0,ppo,nan,0.0,0.0,0.0,0.4381825474072605,1.0,1.0,0.0,nan,nan
3.0,ppo,nan,1.0,1.0,1.0,0.43194990928087507,1.0,1.0,1.0,nan,nan
3.0,ppo,nan,2.0,1.0,2.0,0.4602027228412543,0.7936734345933992,0.8017937400148408,1.0,nan,nan
3.0,ppo,nan,3.0,1.0,3.0,0.4605508858571908,0.9533515340693461,0.9522484395372681,1.0,nan,nan
3.0,ppo,nan,4.0,1.0,4.0,0.4895874094285969,0.8916510210952405,0.8903272219775294,1.0,nan,nan
3.0,ppo,nan,5.0,1.0,5.0,0.48555573432337895,0.928614704074769,0.94494582098502,1.0,nan,nan
3.0,ppo,nan,6.0,1.0,6.0,0.504039333534364,0.8796910310808097,0.920544908331964,1.0,nan,nan
3.0,ppo,nan,7.0,1.0,7.0,0.5035804841210185,0.9285114449982212,0.9151553633356724,1.0,nan,nan
3.0,ppo,nan,8.0,1.0,8.0,0.4969198426098734,0.9207601799059807,0.8929758557327732,1.0,nan,nan
3.0,ppo,nan,9.0,2.0,1.0,0.5190719633628668,1.0,1.0,1.0,nan,nan
3.0,ppo,nan,10.0,2.0,2.0,0.5291737139441126,0.9042361040114604,0.9292626177684543,1.0,nan,nan
3.0,ppo,nan,11.0,2.0,3.0,0.5053239777932149,0.854489700469055,0.8786048125409667,1.0,nan,nan
3.0,ppo,nan,12.0,2.0,4.0,0.547949930628185,0.8750131961504382,0.8515991292897145,1.0,nan,nan
3.0,ppo,nan,13.0,2.0,5.0,0.5108283141286438,0.8516939697225803,0.8212851838847043,1.0,nan,nan
3.0,ppo,nan,14.0,2.0,6.0,0.5241979189230659,0.9145136159589368,0.8962508315570527,1.0,nan,nan
3.0,ppo,nan,15.0,2.0,7.0,0.5549969796253778,0.9212780758187279,0.9105064978610196,1.0,nan,nan
3.0,ppo,nan,16.0,2.0,8.0,0.5761333668039788,0.7607013146450688,0.7821553320879687,1.0,nan,nan
3.0,mse_oracle,nan,0.0,0.0,0.0,0.4381825474072605,1.0,1.0,0.0,nan,nan
3.0,mse_oracle,nan,1.0,1.0,1.0,0.43194990928087507,1.0,1.0,0.0,0.06706072794876566,0.06706072794876566
3.0,mse_oracle,nan,2.0,1.0,2.0,0.46313302108144117,0.7936734345933992,0.8017937400148408,0.0,0.07681324702970455,0.08020167246481322
3.0,mse_oracle,nan,3.0,1.0,3.0,0.464149709726168,0.8991653066955831,0.8960845854712042,1.0,0.06577148546042322,0.06433337146980826
3.0,mse_oracle,nan,4.0,1.0,4.0,0.48086121798493825,0.8354282290666833,0.8364443216205769,0.0,0.06710964088400326,0.06998299105291625
3.0,mse_oracle,nan,5.0,1.0,5.0,0.49717937675285,0.8319141446541711,0.8476082666404257,1.0,0.06400017065611951,0.06000518613531127
3.0,mse_oracle,nan,6.0,1.0,6.0,0.5112302452302981,0.8258529854515313,0.8153398006347248,0.0,0.05957934271567111,0.06330907177959788
3.0,mse_oracle,nan,7.0,1.0,7.0,0.5119564112479338,0.8818246397681166,0.8695158170184536,1.0,0.05791280207046105,0.057288290280796635
3.0,mse_oracle,nan,8.0,1.0,8.0,0.5103058153208913,0.8676429520158936,0.8470133896970005,1.0,0.05755493037475316,0.05535963494648691
3.0,mse_oracle,nan,9.0,2.0,1.0,0.5201770983055521,1.0,1.0,0.0,0.06997681639915956,0.06997681639915956
3.0,mse_oracle,nan,10.0,2.0,2.0,0.549251991230058,0.9036520923341012,0.9215333592265055,0.0,0.07808873439466306,0.08610277163402556
3.0,mse_oracle,nan,11.0,2.0,3.0,0.5376367432123613,0.7807988768752625,0.7880939379282359,1.0,0.09586677239334461,0.09140894577454692
3.0,mse_oracle,nan,12.0,2.0,4.0,0.5378841299944771,0.8332048746676897,0.835333322737639,0.0,0.0792179320218104,0.08141624814766868
3.0,mse_oracle,nan,13.0,2.0,5.0,0.5268644315097524,0.6654080035814105,0.6931647181312233,1.0,0.09883254175199427,0.09733932119144162
3.0,mse_oracle,nan,14.0,2.0,6.0,0.5079659459675474,0.7593636246299676,0.7239786335381851,0.0,0.07498955623714443,0.07686158587778477
3.0,mse_oracle,nan,15.0,2.0,7.0,0.5683231224473316,0.8050603504069781,0.8062544184248059,1.0,0.06104854061669094,0.055766043514458796
3.0,mse_oracle,nan,16.0,2.0,8.0,0.5645232612902629,0.8653134672602135,0.9140585188229838,1.0,0.0545943668764806,0.05264444225942139
4.0,raw,nan,0.0,0.0,0.0,0.4381825474072605,1.0,1.0,0.0,nan,nan
4.0,raw,nan,1.0,1.0,1.0,0.43579712889147887,1.0,1.0,0.0,nan,nan
4.0,raw,nan,2.0,1.0,2.0,0.4604791030046217,0.8389325725764403,0.8446902579615907,0.0,nan,nan
4.0,raw,nan,3.0,1.0,3.0,0.48218204630580264,0.8645158710289306,0.8631560868500419,0.0,nan,nan
4.0,raw,nan,4.0,1.0,4.0,0.4756333326592817,0.852494275827165,0.863302934553546,0.0,nan,nan
4.0,raw,nan,5.0,1.0,5.0,0.5093337690319825,0.620715159926765,0.7027998640542986,0.0,nan,nan
4.0,raw,nan,6.0,1.0,6.0,0.5251214913065777,0.7625075799202764,0.7721968674088485,0.0,nan,nan
4.0,raw,nan,7.0,1.0,7.0,0.5379508207744196,0.8199590102824158,0.8433253095614225,0.0,nan,nan
4.0,raw,nan,8.0,1.0,8.0,0.5527520571363035,0.8280849349432388,0.8031924329683766,0.0,nan,nan
4.0,raw,nan,9.0,2.0,1.0,0.5513699127091669,1.0,1.0,0.0,nan,nan
4.0,raw,nan,10.0,2.0,2.0,0.49078615193948344,0.9618885494497853,0.980753688288899,0.0,nan,nan
4.0,raw,nan,11.0,2.0,3.0,0.5365225961735944,0.608381392841987,0.48265880746769596,0.0,nan,nan
4.0,raw,nan,12.0,2.0,4.0,0.5656290833601154,0.6633326947087965,0.7383650869686414,0.0,nan,nan
4.0,raw,nan,13.0,2.0,5.0,0.5719345380573844,0.7877259330318124,0.802672401771938,0.0,nan,nan
4.0,raw,nan,14.0,2.0,6.0,0.5496755895789366,0.6792340195676989,0.7746459169916045,0.0,nan,nan
4.0,raw,nan,15.0,2.0,7.0,0.5986152352693261,0.6632203544265144,0.6430503460479018,0.0,nan,nan
4.0,raw,nan,16.0,2.0,8.0,0.6013802046581849,0.6238456554254571,0.6990117698307408,0.0,nan,nan
4.0,ppo,nan,0.0,0.0,0.0,0.4381825474072605,1.0,1.0,0.0,nan,nan
4.0,ppo,nan,1.0,1.0,1.0,0.43579712889147887,1.0,1.0,1.0,nan,nan
4.0,ppo,nan,2.0,1.0,2.0,0.45874973315166845,0.8389325725764403,0.8446902579615907,1.0,nan,nan
4.0,ppo,nan,3.0,1.0,3.0,0.4772722685173526,0.9058012357065764,0.9320527803751029,1.0,nan,nan
4.0,ppo,nan,4.0,1.0,4.0,0.4916299941817186,0.8986562381075516,0.9067627313281659,1.0,nan,nan
4.0,ppo,nan,5.0,1.0,5.0,0.5021348350563075,0.8382803124272242,0.8365643039642262,1.0,nan,nan
4.0,ppo,nan,6.0,1.0,6.0,0.5024096479690143,0.8761566043466611,0.8381834379240863,1.0,nan,nan
4.0,ppo,nan,7.0,1.0,7.0,0.5127312274820021,0.909875690188846,0.9050411001626358,1.0,nan,nan
4.0,ppo,nan,8.0,1.0,8.0,0.5161643717877987,0.9315055256118886,0.9418730550529922,1.0,nan,nan
4.0,ppo,nan,9.0,2.0,1.0,0.5121711242258159,1.0,1.0,1.0,nan,nan
4.0,ppo,nan,10.0,2.0,2.0,0.5163916874793487,0.932517447424474,0.9491973222100372,1.0,nan,nan
4.0,ppo,nan,11.0,2.0,3.0,0.5300522026228123,0.9105008681310084,0.8756288016816499,1.0,nan,nan
4.0,ppo,nan,12.0,2.0,4.0,0.5361275100671137,0.8177782371214971,0.8336271113823813,1.0,nan,nan
4.0,ppo,nan,13.0,2.0,5.0,0.5506821577639149,0.8867708178750231,0.9399929717269222,1.0,nan,nan
4.0,ppo,nan,14.0,2.0,6.0,0.5663832340849736,0.8729553875128864,0.9206658460911189,1.0,nan,nan
4.0,ppo,nan,15.0,2.0,7.0,0.5617283094175032,0.9118770231248692,0.9413007469801377,1.0,nan,nan
4.0,ppo,nan,16.0,2.0,8.0,0.5871733305151352,0.8969519413316862,0.9497799122145031,1.0,nan,nan
4.0,mse_oracle,nan,0.0,0.0,0.0,0.4381825474072605,1.0,1.0,0.0,nan,nan
4.0,mse_oracle,nan,1.0,1.0,1.0,0.43579712889147887,1.0,1.0,0.0,0.06706072794876566,0.06706072794876566
4.0,mse_oracle,nan,2.0,1.0,2.0,0.4604791030046217,0.8389325725764403,0.8446902579615907,0.0,0.0740066253241089,0.07495571770026585
4.0,mse_oracle,nan,3.0,1.0,3.0,0.48218204630580264,0.8645158710289306,0.8631560868500419,0.0,0.06752171792313337,0.06940272782580992
4.0,mse_oracle,nan,4.0,1.0,4.0,0.4756333326592817,0.852494275827165,0.863302934553546,0.0,0.06322291299440973,0.06770775245151868
4.0,mse_oracle,nan,5.0,1.0,5.0,0.5093337690319825,0.620715159926765,0.7027998640542986,0.0,0.07768969606413295,0.07860354137097533
4.0,mse_oracle,nan,6.0,1.0,6.0,0.5229718167436913,0.7625075799202764,0.7721968674088485,1.0,0.060239641806350816,0.05338217104794875
4.0,mse_oracle,nan,7.0,1.0,7.0,0.5284411952097848,0.8664094855992748,0.9012102496317334,1.0,0.05480074161645758,0.048169391483246775
4.0,mse_oracle,nan,8.0,1.0,8.0,0.5328554375527962,0.899592550437547,0.9288911656941417,1.0,0.05410765358970752,0.04361707146068433
4.0,mse_oracle,nan,9.0,2.0,1.0,0.5393332336122165,1.0,1.0,0.0,0.07159477134636498,0.07159477134636498
4.0,mse_oracle,nan,10.0,2.0,2.0,0.4856358329396286,0.8683605159847287,0.881456583351714,0.0,0.08079419326904705,0.08171743683134355
4.0,mse_oracle,nan,11.0,2.0,3.0,0.489768436311198,0.635650602781611,0.5443364831783085,0.0,0.12535390820189735,0.1254197308009265
4.0,mse_oracle,nan,12.0,2.0,4.0,0.5141656513339871,0.5337225746766244,0.5274198133602384,1.0,0.17312514991124933,0.1711554408021135
4.0,mse_oracle,nan,13.0,2.0,5.0,0.5341049842103681,0.4799234192453137,0.7479128428329878,1.0,0.17737640685837236,0.17487656888454914
4.0,mse_oracle,nan,14.0,2.0,6.0,0.595025183892806,0.7149354627172014,0.6639572774112142,1.0,0.0928163444866245,0.09106968561892241
4.0,mse_oracle,nan,15.0,2.0,7.0,0.5729955208339765,0.8888657138109141,0.9213521256624244,1.0,0.06902863557875098,0.06900418217728096
4.0,mse_oracle,nan,16.0,2.0,8.0,0.5971169874094929,0.7927912201687172,0.8027809467391436,1.0,0.08585788175808157,0.08205933265849219
5.0,raw,nan,0.0,0.0,0.0,0.4381825474072605,1.0,1.0,0.0,nan,nan
5.0,raw,nan,1.0,1.0,1.0,0.43758732384569143,1.0,1.0,0.0,nan,nan
5.0,raw,nan,2.0,1.0,2.0,0.465639326094592,0.8818183322121036,0.8913821070775652,0.0,nan,nan
5.0,raw,nan,3.0,1.0,3.0,0.44704822807082006,0.908713999157107,0.8935627441695948,0.0,nan,nan
5.0,raw,nan,4.0,1.0,4.0,0.4918052095116191,0.6186835216110411,0.5837952189292166,0.0,nan,nan
5.0,raw,nan,5.0,1.0,5.0,0.5028827737002881,0.8010323742284661,0.7943695816053884,0.0,nan,nan
5.0,raw,nan,6.0,1.0,6.0,0.5147271950903924,0.7924371412468351,0.8401370352105219,0.0,nan,nan
5.0,raw,nan,7.0,1.0,7.0,0.5286022905857487,0.7314243973415573,0.7238496180450689,0.0,nan,nan
5.0,raw,nan,8.0,1.0,8.0,0.5395675236662232,0.7611042371167038,0.7663140513924812,0.0,nan,nan
5.0,raw,nan,9.0,2.0,1.0,0.5492728164508274,1.0,1.0,0.0,nan,nan
5.0,raw,nan,10.0,2.0,2.0,0.5576958886612657,0.8831195525348305,0.8949313769544701,0.0,nan,nan
5.0,raw,nan,11.0,2.0,3.0,0.5294023353377028,0.7049149455465794,0.7681823443666613,0.0,nan,nan
5.0,raw,nan,12.0,2.0,4.0,0.5439995468574229,0.4224803018177527,0.7089556605983773,0.0,nan,nan
5.0,raw,nan,13.0,2.0,5.0,0.5586253668202615,0.4158863149251245,0.6064375813900046,0.0,nan,nan
5.0,raw,nan,14.0,2.0,6.0,0.5570809541769934,0.46319938329730165,0.4536458783838209,0.0,nan,nan
5.0,raw,nan,15.0,2.0,7.0,0.5729082676593099,0.6122211041205575,0.7036807609179251,0.0,nan,nan
5.0,raw,nan,16.0,2.0,8.0,0.55880894888484,0.38323251915020445,0.6924969626680026,0.0,nan,nan
5.0,ppo,nan,0.0,0.0,0.0,0.4381825474072605,1.0,1.0,0.0,nan,nan
5.0,ppo,nan,1.0,1.0,1.0,0.43758732384569143,1.0,1.0,1.0,nan,nan
5.0,ppo,nan,2.0,1.0,2.0,0.4562911927266641,0.8818183322121036,0.8913821070775652,1.0,nan,nan
5.0,ppo,nan,3.0,1.0,3.0,0.46759449393952973,0.865335335187292,0.8586054423407924,1.0,nan,nan
5.0,ppo,nan,4.0,1.0,4.0,0.4778025227581274,0.86115612562195,0.8546441686907277,1.0,nan,nan
5.0,ppo,nan,5.0,1.0,5.0,0.48980586699831663,0.8625054464473325,0.8558030420871641,1.0,nan,nan
5.0,ppo,nan,6.0,1.0,6.0,0.49814612785031886,0.9045341517367704,0.9064265699070715,1.0,nan,nan
5.0,ppo,nan,7.0,1.0,7.0,0.47799272589600555,0.8837924551827697,0.8723639182243202,1.0,nan,nan
5.0,ppo,nan,8.0,1.0,8.0,0.5115740781600443,0.8182959663747931,0.7966320128497885,1.0,nan,nan
5.0,ppo,nan,9.0,2.0,1.0,0.4957016556685175,1.0,1.0,1.0,nan,nan
5.0,ppo,nan,10.0,2.0,2.0,0.5059568655565777,0.7529237534295409,0.7344992550192493,1.0,nan,nan
5.0,ppo,nan,11.0,2.0,3.0,0.5132809883534195,0.6706353866344684,0.7264972937483424,1.0,nan,nan
5.0,ppo,nan,12.0,2.0,4.0,0.5362865161379069,0.7138650102581653,0.73850795147787,1.0,nan,nan
5.0,ppo,nan,13.0,2.0,5.0,0.5427072464235183,0.7818164815746198,0.8518976944588217,1.0,nan,nan
5.0,ppo,nan,14.0,2.0,6.0,0.5252254617876999,0.8013521647391332,0.7456305652315746,1.0,nan,nan
5.0,ppo,nan,15.0,2.0,7.0,0.5008107861234824,0.8052554388389138,0.8329261360325436,1.0,nan,nan
5.0,ppo,nan,16.0,2.0,8.0,0.5377941453363666,0.7284092558162155,0.8181911880454112,1.0,nan,nan
5.0,mse_oracle,nan,0.0,0.0,0.0,0.4381825474072605,1.0,1.0,0.0,nan,nan
5.0,mse_oracle,nan,1.0,1.0,1.0,0.43758732384569143,1.0,1.0,0.0,0.06706072794876566,0.06706072794876566
5.0,mse_oracle,nan,2.0,1.0,2.0,0.465639326094592,0.8818183322121036,0.8913821070775652,0.0,0.07141075703056488,0.07513743137095459
5.0,mse_oracle,nan,3.0,1.0,3.0,0.44704822807082006,0.908713999157107,0.8935627441695948,0.0,0.06347916377262074,0.06693361438398117
5.0,mse_oracle,nan,4.0,1.0,4.0,0.4918052095116191,0.6186835216110411,0.5837952189292166,0.0,0.07821205495962155,0.08153162022951829
5.0,mse_oracle,nan,5.0,1.0,5.0,0.5028827737002881,0.8010323742284661,0.7943695816053884,0.0,0.061068069444814986,0.06304080058482417
5.0,mse_oracle,nan,6.0,1.0,6.0,0.5208606783273694,0.7924371412468351,0.8401370352105219,1.0,0.059952301601621606,0.054342058005613925
5.0,mse_oracle,nan,7.0,1.0,7.0,0.5204324466516727,0.8462518154238535,0.8730664659658011,1.0,0.054738579368321494,0.04899449692610779
5.0,mse_oracle,nan,8.0,1.0,8.0,0.5299463547505489,0.8628135456458291,0.8909730322293621,1.0,0.05476659450543446,0.0486784175585232
5.0,mse_oracle,nan,9.0,2.0,1.0,0.5143091030631719,1.0,1.0,0.0,0.07131446717380573,0.07131446717380573
5.0,mse_oracle,nan,10.0,2.0,2.0,0.551891427012286,0.7185095383732483,0.7896038925386974,1.0,0.10355928832633572,0.10137034972357505
5.0,mse_oracle,nan,11.0,2.0,3.0,0.5427352902352521,0.9105318510060894,0.9095754469166797,1.0,0.070791971439817,0.06622620202010923
5.0,mse_oracle,nan,12.0,2.0,4.0,0.5478584238440941,0.7940574874989357,0.8598470074973941,1.0,0.09308863144987159,0.09043140979091994
5.0,mse_oracle,nan,13.0,2.0,5.0,0.5452625841702687,0.8233504221528372,0.8193573254680817,1.0,0.0954350486332324,0.09064820991792799
5.0,mse_oracle,nan,14.0,2.0,6.0,0.5691617683235249,0.8013172034893791,0.770056591186151,1.0,0.08975270706426171,0.07852415996067276
5.0,mse_oracle,nan,15.0,2.0,7.0,0.5685459365778043,0.8269689865288873,0.836114525336401,1.0,0.08880952149465351,0.08451766954293966
5.0,mse_oracle,nan,16.0,2.0,8.0,0.5763917070479498,0.8475412130043602,0.9168708140794658,1.0,0.07508611210631021,0.06900593523576316
6.0,raw,nan,0.0,0.0,0.0,0.4381825474072605,1.0,1.0,0.0,nan,nan
6.0,raw,nan,1.0,1.0,1.0,0.43651690709700025,1.0,1.0,0.0,nan,nan
6.0,raw,nan,2.0,1.0,2.0,0.4611219216328467,0.8101812147029553,0.8101427542700408,0.0,nan,nan
6.0,raw,nan,3.0,1.0,3.0,0.4600147540381443,0.791550982253783,0.8760231285575373,0.0,nan,nan
6.0,raw,nan,4.0,1.0,4.0,0.4622949924049241,0.6420500896478888,0.7018248420552029,0.0,nan,nan
6.0,raw,nan,5.0,1.0,5.0,0.4945085805866127,0.5644217858786487,0.5003499786303778,0.0,nan,nan
6.0,raw,nan,6.0,1.0,6.0,0.5204541894119171,0.6987878523992023,0.5356336972266613,0.0,nan,nan
6.0,raw,nan,7.0,1.0,7.0,0.534197762087774,0.7352548741549928,0.6931874203171383,0.0,nan,nan
6.0,raw,nan,8.0,1.0,8.0,0.5222612196296377,0.7744126219292065,0.7903440556899324,0.0,nan,nan
6.0,raw,nan,9.0,2.0,1.0,0.5239002659772454,1.0,1.0,0.0,nan,nan
6.0,raw,nan,10.0,2.0,2.0,0.5374484533925179,0.7203146707690292,0.6860710945313784,0.0,nan,nan
6.0,raw,nan,11.0,2.0,3.0,0.5603128831675509,0.7265621782764605,0.7290133490984064,0.0,nan,nan
6.0,raw,nan,12.0,2.0,4.0,0.5713013332032363,0.5452696088835001,0.7219990534001914,0.0,nan,nan
6.0,raw,nan,13.0,2.0,5.0,0.5630912099794634,0.495889867238041,0.6588150622562001,0.0,nan,nan
6.0,raw,nan,14.0,2.0,6.0,0.5538767930070955,0.5259526480964403,0.5690324711709217,0.0,nan,nan
6.0,raw,nan,15.0,2.0,7.0,0.5641595832494422,0.6460079691392885,0.6205508322218346,0.0,nan,nan
6.0,raw,nan,16.0,2.0,8.0,0.5871143556870454,0.5416467719620733,0.6159034484397635,0.0,nan,nan
6.0,ppo,nan,0.0,0.0,0.0,0.4381825474072605,1.0,1.0,0.0,nan,nan
6.0,ppo,nan,1.0,1.0,1.0,0.43651690709700025,1.0,1.0,1.0,nan,nan
6.0,ppo,nan,2.0,1.0,2.0,0.4670016182377313,0.8101812147029553,0.8101427542700408,1.0,nan,nan
6.0,ppo,nan,3.0,1.0,3.0,0.45856906965204564,0.8738817440683455,0.8805023023401528,1.0,nan,nan
6.0,ppo,nan,4.0,1.0,4.0,0.4789722218738908,0.7553719288338938,0.8685937281469364,1.0,nan,nan
6.0,ppo,nan,5.0,1.0,5.0,0.49231176797560755,0.8268335450067655,0.7642151933109577,1.0,nan,nan
6.0,ppo,nan,6.0,1.0,6.0,0.5119530804422214,0.9382743866043426,0.9499037592511874,1.0,nan,nan
6.0,ppo,nan,7.0,1.0,7.0,0.5165036783738428,0.8897857134064577,0.8931896966385209,1.0,nan,nan
6.0,ppo,nan,8.0,1.0,8.0,0.5081123242138429,0.8943699634469422,0.8720263321113573,1.0,nan,nan
6.0,ppo,nan,9.0,2.0,1.0,0.5079633069847813,1.0,1.0,1.0,nan,nan
6.0,ppo,nan,10.0,2.0,2.0,0.5498634531514305,0.8383631070012423,0.8445681931580209,1.0,nan,nan
6.0,ppo,nan,11.0,2.0,3.0,0.52689982292416,0.7990230979036762,0.758290759090802,1.0,nan,nan
6.0,ppo,nan,12.0,2.0,4.0,0.5394551044954687,0.7944271490830489,0.7853097509623728,1.0,nan,nan
6.0,ppo,nan,13.0,2.0,5.0,0.5635624372506198,0.8473011032758961,0.9227968270942953,1.0,nan,nan
6.0,ppo,nan,14.0,2.0,6.0,0.5543167597941143,0.7223330431492399,0.7760626041977465,1.0,nan,nan
6.0,ppo,nan,15.0,2.0,7.0,0.5778161623331037,0.7059903056041174,0.8023579007238735,1.0,nan,nan
6.0,ppo,nan,16.0,2.0,8.0,0.5334563669993254,0.7183686742599753,0.6558663321085191,1.0,nan,nan
6.0,mse_oracle,nan,0.0,0.0,0.0,0.4381825474072605,1.0,1.0,0.0,nan,nan
6.0,mse_oracle,nan,1.0,1.0,1.0,0.43651690709700025,1.0,1.0,0.0,0.06706072794876566,0.06706072794876566
6.0,mse_oracle,nan,2.0,1.0,2.0,0.4611219216328467,0.8101812147029553,0.8101427542700408,0.0,0.07240641039144757,0.07620741744021135
6.0,mse_oracle,nan,3.0,1.0,3.0,0.4600147540381443,0.791550982253783,0.8760231285575373,0.0,0.06690045666392368,0.06912352516606794
6.0,mse_oracle,nan,4.0,1.0,4.0,0.4676528266805648,0.6420500896478888,0.7018248420552029,1.0,0.07427159323250768,0.07361651136693813
6.0,mse_oracle,nan,5.0,1.0,5.0,0.5009581294588175,0.6409333982687327,0.5810598888107359,0.0,0.07375815935423,0.07517404090618948
6.0,mse_oracle,nan,6.0,1.0,6.0,0.5281239513554046,0.7804453464086328,0.5838487199030533,0.0,0.06168997403085132,0.06287648673200044
6.0,mse_oracle,nan,7.0,1.0,7.0,0.5317889197952933,0.8271073572802882,0.8313778624995184,1.0,0.052939402031721636,0.045422599788158664
6.0,mse_oracle,nan,8.0,1.0,8.0,0.5321765786310398,0.860114699358234,0.8580472858739939,1.0,0.052284255305938034,0.04347694400958464
6.0,mse_oracle,nan,9.0,2.0,1.0,0.5469578039112695,1.0,1.0,0.0,0.07091504707761018,0.07091504707761018
6.0,mse_oracle,nan,10.0,2.0,2.0,0.5138056676986288,0.9016715092080431,0.867518010764304,1.0,0.08461679706346668,0.0833122578202786
6.0,mse_oracle,nan,11.0,2.0,3.0,0.5260242312120128,0.7782481866610075,0.8322224519298335,1.0,0.09234496771254698,0.08888467871517683
6.0,mse_oracle,nan,12.0,2.0,4.0,0.515855840467479,0.7806969932302423,0.749008333766929,1.0,0.08602194001327299,0.08348215004970758
6.0,mse_oracle,nan,13.0,2.0,5.0,0.5412912832542515,0.7799935605714023,0.8448128462202916,1.0,0.08013549760396102,0.0760064068994778
6.0,mse_oracle,nan,14.0,2.0,6.0,0.5399172336582998,0.7592994414150123,0.7801694490717451,1.0,0.07882567977896006,0.07714124056258816
6.0,mse_oracle,nan,15.0,2.0,7.0,0.5742949236916983,0.7914842399089511,0.8003299375144363,1.0,0.06780200477014606,0.060863214998260834
6.0,mse_oracle,nan,16.0,2.0,8.0,0.5865044723371364,0.878460804796443,0.8366287730301419,1.0,0.05684003447919679,0.051342000836014964
7.0,raw,nan,0.0,0.0,0.0,0.4381825474072605,1.0,1.0,0.0,nan,nan
7.0,raw,nan,1.0,1.0,1.0,0.43385331620401446,1.0,1.0,0.0,nan,nan
7.0,raw,nan,2.0,1.0,2.0,0.4640040390555189,0.8596521937804454,0.8560528466328186,0.0,nan,nan
7.0,raw,nan,3.0,1.0,3.0,0.4664160788390951,0.8885712773683344,0.9092449866572284,0.0,nan,nan
7.0,raw,nan,4.0,1.0,4.0,0.4714250816348029,0.8465165457031936,0.8602167807594039,0.0,nan,nan
7.0,raw,nan,5.0,1.0,5.0,0.4983294018471921,0.7841572494354425,0.8407664938925177,0.0,nan,nan
7.0,raw,nan,6.0,1.0,6.0,0.5048300524721211,0.8112714519870076,0.7701371427666598,0.0,nan,nan
7.0,raw,nan,7.0,1.0,7.0,0.5176890581260067,0.717155037731121,0.6919364150387304,0.0,nan,nan
7.0,raw,nan,8.0,1.0,8.0,0.5256449914368928,0.7425816307737061,0.7074890378879787,0.0,nan,nan
7.0,raw,nan,9.0,2.0,1.0,0.515659265453426,1.0,1.0,0.0,nan,nan
7.0,raw,nan,10.0,2.0,2.0,0.4972848448389828,0.7393708632435898,0.8073964037142729,0.0,nan,nan
7.0,raw,nan,11.0,2.0,3.0,0.5280229061871761,0.554479381445516,0.7785802003082702,0.0,nan,nan
7.0,raw,nan,12.0,2.0,4.0,0.5343829419724241,0.5741590725528795,0.6644885812344452,0.0,nan,nan
7.0,raw,nan,13.0,2.0,5.0,0.5044525131934531,0.5188035036709328,0.5642682442216767,0.0,nan,nan
7.0,raw,nan,14.0,2.0,6.0,0.5306624702132394,0.21512078217229294,0.3721233799790951,0.0,nan,nan
7.0,raw,nan,15.0,2.0,7.0,0.5552970828538801,0.35450032097278195,0.19071452973860176,0.0,nan,nan
7.0,raw,nan,16.0,2.0,8.0,0.4971215703711735,0.6976652445803683,0.5524947151528904,0.0,nan,nan
7.0,ppo,nan,0.0,0.0,0.0,0.4381825474072605,1.0,1.0,0.0,nan,nan
7.0,ppo,nan,1.0,1.0,1.0,0.43385331620401446,1.0,1.0,1.0,nan,nan
7.0,ppo,nan,2.0,1.0,2.0,0.4606744028318306,0.8596521937804454,0.8560528466328186,1.0,nan,nan
7.0,ppo,nan,3.0,1.0,3.0,0.4480422307538617,0.8641611742871854,0.8894691041594402,1.0,nan,nan
7.0,ppo,nan,4.0,1.0,4.0,0.47947899600596194,0.8433218389222783,0.8191230295066373,1.0,nan,nan
7.0,ppo,nan,5.0,1.0,5.0,0.48937975835023056,0.9413750560715286,0.926761339485037,1.0,nan,nan
7.0,ppo,nan,6.0,1.0,6.0,0.49227929164386464,0.9174365585209976,0.9076798232773247,1.0,nan,nan
7.0,ppo,nan,7.0,1.0,7.0,0.5019158773755494,0.8433904616610275,0.8171983578543068,1.0,nan,nan
7.0,ppo,nan,8.0,1.0,8.0,0.5212679092123295,0.8952624504580146,0.8815634828202852,1.0,nan,nan
7.0,ppo,nan,9.0,2.0,1.0,0.5122438065271797,1.0,1.0,1.0,nan,nan
7.0,ppo,nan,10.0,2.0,2.0,0.5263926176237225,0.8327385557486207,0.7859492173376162,1.0,nan,nan
7.0,ppo,nan,11.0,2.0,3.0,0.5505900159376184,0.866027038924689,0.8646733543216947,1.0,nan,nan
7.0,ppo,nan,12.0,2.0,4.0,0.5392097444057082,0.9362741361381696,0.9478908685883657,1.0,nan,nan
7.0,ppo,nan,13.0,2.0,5.0,0.5665939878287414,0.8682841999987316,0.896218760533748,1.0,nan,nan
7.0,ppo,nan,14.0,2.0,6.0,0.5648851159803275,0.9046704632755764,0.8787789138921751,1.0,nan,nan
7.0,ppo,nan,15.0,2.0,7.0,0.5502489070913313,0.927836886426697,0.953374115520651,1.0,nan,nan
7.0,ppo,nan,16.0,2.0,8.0,0.5809997068870557,0.8864082050082137,0.8834997995936986,1.0,nan,nan
7.0,mse_oracle,nan,0.0,0.0,0.0,0.4381825474072605,1.0,1.0,0.0,nan,nan
7.0,mse_oracle,nan,1.0,1.0,1.0,0.43385331620401446,1.0,1.0,0.0,0.06706072794876566,0.06706072794876566
7.0,mse_oracle,nan,2.0,1.0,2.0,0.4640040390555189,0.8596521937804454,0.8560528466328186,0.0,0.07522929043262097,0.0757971112314047
7.0,mse_oracle,nan,3.0,1.0,3.0,0.4580461240192952,0.8885712773683344,0.9092449866572284,1.0,0.06591038993740596,0.06493041452379936
7.0,mse_oracle,nan,4.0,1.0,4.0,0.4648760652977234,0.8595753312787265,0.8729964155710032,0.0,0.06764356663485938,0.06852728054157473
7.0,mse_oracle,nan,5.0,1.0,5.0,0.49875762202786456,0.8001238109519893,0.8558518958958737,1.0,0.06949000949636538,0.0659869295337689
7.0,mse_oracle,nan,6.0,1.0,6.0,0.5155571580231083,0.8532057797987378,0.8290905045247049,1.0,0.05923197237046672,0.0583186386819575
7.0,mse_oracle,nan,7.0,1.0,7.0,0.5118889054047328,0.8976599628798616,0.9073200859944124,1.0,0.05581983791853181,0.05496071360133187
7.0,mse_oracle,nan,8.0,1.0,8.0,0.5301312866221739,0.8926535008667686,0.8911549835655875,1.0,0.05803423744995582,0.05738038500784781
7.0,mse_oracle,nan,9.0,2.0,1.0,0.5285428997139828,1.0,1.0,0.0,0.07058119953919015,0.07058119953919015
7.0,mse_oracle,nan,10.0,2.0,2.0,0.5009882932341312,0.8744650338918832,0.8633341310649583,1.0,0.09101796910763983,0.0882521501395487
7.0,mse_oracle,nan,11.0,2.0,3.0,0.5422526797697372,0.7905734566749453,0.7778439124868858,1.0,0.08503010702980121,0.08207201437938622
7.0,mse_oracle,nan,12.0,2.0,4.0,0.5523140913185343,0.8995353793330045,0.8504275640656465,1.0,0.0741058476418477,0.07011475169651134
7.0,mse_oracle,nan,13.0,2.0,5.0,0.5623336453083684,0.9114101393651064,0.9479746292786762,1.0,0.07608427676157337,0.0719735917369796
7.0,mse_oracle,nan,14.0,2.0,6.0,0.5506451473072419,0.921055588583038,0.9401424439827731,1.0,0.06741032835682911,0.06667336243770365
7.0,mse_oracle,nan,15.0,2.0,7.0,0.5666452336375742,0.874256436686591,0.9309635621805135,1.0,0.07074745187502293,0.06908017249720136
7.0,mse_oracle,nan,16.0,2.0,8.0,0.5683765826474076,0.8964714348150755,0.903329081673878,1.0,0.06521223365227567,0.06112871372738177
8.0,raw,nan,0.0,0.0,0.0,0.4381825474072605,1.0,1.0,0.0,nan,nan
8.0,raw,nan,1.0,1.0,1.0,0.456591980794149,1.0,1.0,0.0,nan,nan
8.0,raw,nan,2.0,1.0,2.0,0.46722770804749586,0.9315884383713089,0.9434757664669385,0.0,nan,nan
8.0,raw,nan,3.0,1.0,3.0,0.47984724767822995,0.8943517680365797,0.9477928468677098,0.0,nan,nan
8.0,raw,nan,4.0,1.0,4.0,0.4828568144783383,0.8529483075498905,0.8195448909544416,0.0,nan,nan
8.0,raw,nan,5.0,1.0,5.0,0.49137167695545886,0.7186863374690994,0.7354472545395013,0.0,nan,nan
8.0,raw,nan,6.0,1.0,6.0,0.49415196405028033,0.6973643772669998,0.6671782234998387,0.0,nan,nan
8.0,raw,nan,7.0,1.0,7.0,0.5109700477749359,0.6689572603114581,0.6740911468086191,0.0,nan,nan
8.0,raw,nan,8.0,1.0,8.0,0.518911592273365,0.6850169719169227,0.5995445142245377,0.0,nan,nan
8.0,raw,nan,9.0,2.0,1.0,0.5412355614749638,1.0,1.0,0.0,nan,nan
8.0,raw,nan,10.0,2.0,2.0,0.5416666423293008,0.8960332670526915,0.9279156589226824,0.0,nan,nan
8.0,raw,nan,11.0,2.0,3.0,0.5483315828488188,0.8062662129504273,0.8315944236335079,0.0,nan,nan
8.0,raw,nan,12.0,2.0,4.0,0.5597844426434379,0.7917415744396845,0.7632457546799625,0.0,nan,nan
8.0,raw,nan,13.0,2.0,5.0,0.5759009896992159,0.7406194868054535,0.7572296449437573,0.0,nan,nan
8.0,raw,nan,14.0,2.0,6.0,0.4685504727434193,0.6846870252928727,0.6853104189731573,0.0,nan,nan
8.0,raw,nan,15.0,2.0,7.0,0.5455941213598117,0.5991193260879852,0.5141799627976139,0.0,nan,nan
8.0,raw,nan,16.0,2.0,8.0,0.5963834166924626,0.769208421630843,0.7526361304666835,0.0,nan,nan
8.0,ppo,nan,0.0,0.0,0.0,0.4381825474072605,1.0,1.0,0.0,nan,nan
8.0,ppo,nan,1.0,1.0,1.0,0.456591980794149,1.0,1.0,1.0,nan,nan
8.0,ppo,nan,2.0,1.0,2.0,0.4620790313148057,0.9315884383713089,0.9434757664669385,1.0,nan,nan
8.0,ppo,nan,3.0,1.0,3.0,0.4759799747505346,0.9025621795802402,0.9294538396165644,1.0,nan,nan
8.0,ppo,nan,4.0,1.0,4.0,0.487764423662853,0.8672035711140527,0.8676460777207659,1.0,nan,nan
8.0,ppo,nan,5.0,1.0,5.0,0.49288150622416904,0.8727425591601161,0.8904657791357787,1.0,nan,nan
8.0,ppo,nan,6.0,1.0,6.0,0.49675676608712255,0.9170804389884989,0.9212371937119344,1.0,nan,nan
8.0,ppo,nan,7.0,1.0,7.0,0.5049557785815884,0.9388856881864166,0.9204837145804616,1.0,nan,nan
8.0,ppo,nan,8.0,1.0,8.0,0.5057340863848158,0.8457827644184907,0.89251323109712,1.0,nan,nan
8.0,ppo,nan,9.0,2.0,1.0,0.5326434984210319,1.0,1.0,1.0,nan,nan
8.0,ppo,nan,10.0,2.0,2.0,0.5288963779283846,0.8623180829603341,0.8872358278074306,1.0,nan,nan
8.0,ppo,nan,11.0,2.0,3.0,0.5012277047579088,0.7202030102595369,0.660661087671271,1.0,nan,nan
8.0,ppo,nan,12.0,2.0,4.0,0.5528462512642793,0.8581937757268175,0.8829291009160629,1.0,nan,nan
8.0,ppo,nan,13.0,2.0,5.0,0.5378060685476832,0.8536766873527499,0.895334941115748,1.0,nan,nan
8.0,ppo,nan,14.0,2.0,6.0,0.5492623562906958,0.8657771379913387,0.8677848353486889,1.0,nan,nan
8.0,ppo,nan,15.0,2.0,7.0,0.5548547658403834,0.9113115868648723,0.8932791658819609,1.0,nan,nan
8.0,ppo,nan,16.0,2.0,8.0,0.5801068429881884,0.8422479548777162,0.8592143219100515,1.0,nan,nan
8.0,mse_oracle,nan,0.0,0.0,0.0,0.4381825474072605,1.0,1.0,0.0,nan,nan
8.0,mse_oracle,nan,1.0,1.0,1.0,0.456591980794149,1.0,1.0,0.0,0.06706072794876566,0.06706072794876566
8.0,mse_oracle,nan,2.0,1.0,2.0,0.46722770804749586,0.9315884383713089,0.9434757664669385,0.0,0.06521588288456906,0.06806807641767854
8.0,mse_oracle,nan,3.0,1.0,3.0,0.47984724767822995,0.8943517680365797,0.9477928468677098,0.0,0.06438071952849982,0.06772367932631562
8.0,mse_oracle,nan,4.0,1.0,4.0,0.49179725207824126,0.8529483075498905,0.8195448909544416,1.0,0.06412080325447556,0.06247955007331012
8.0,mse_oracle,nan,5.0,1.0,5.0,0.4981504860299702,0.8409119253194617,0.8405662471629661,0.0,0.06116710527878688,0.06529119374488625
8.0,mse_oracle,nan,6.0,1.0,6.0,0.49791847421364543,0.7831165177344341,0.7565649878391325,0.0,0.061173507089414526,0.0634620888830992
8.0,mse_oracle,nan,7.0,1.0,7.0,0.5118172475168166,0.7456284301369566,0.7545754803444021,0.0,0.0656626674503569,0.0666288413045061
8.0,mse_oracle,nan,8.0,1.0,8.0,0.5149510141039105,0.7167808900770537,0.6335074509923664,1.0,0.06121969062790041,0.06022457702527018
8.0,mse_oracle,nan,9.0,2.0,1.0,0.5348409453587766,1.0,1.0,0.0,0.06859187426117988,0.06859187426117988
8.0,mse_oracle,nan,10.0,2.0,2.0,0.5312194215001397,0.935068742368979,0.9602693013364897,1.0,0.08282215739130458,0.07997527873758052
8.0,mse_oracle,nan,11.0,2.0,3.0,0.5052380426252546,0.8905780734537876,0.853043344400829,0.0,0.07369457239741152,0.07409411263216857
8.0,mse_oracle,nan,12.0,2.0,4.0,0.5517320546117888,0.8072955634478672,0.7650220154002907,1.0,0.08242308211227081,0.0806586244153313
8.0,mse_oracle,nan,13.0,2.0,5.0,0.5412146100199245,0.9209839592477724,0.9431188219484271,1.0,0.07056860120208691,0.06886088279089284
8.0,mse_oracle,nan,14.0,2.0,6.0,0.5243207422180972,0.9012244486854099,0.9166229898694167,1.0,0.06001155912468573,0.05645243347404317
8.0,mse_oracle,nan,15.0,2.0,7.0,0.5629902539366403,0.83493273408414,0.8658325177496912,1.0,0.06634386077083763,0.06465104603101951
8.0,mse_oracle,nan,16.0,2.0,8.0,0.5722084453884254,0.9241398513876117,0.9135674229339664,1.0,0.06637878551750592,0.05795063712306463
9.0,raw,nan,0.0,0.0,0.0,0.4381825474072605,1.0,1.0,0.0,nan,nan
9.0,raw,nan,1.0,1.0,1.0,0.44727579083593433,1.0,1.0,0.0,nan,nan
9.0,raw,nan,2.0,1.0,2.0,0.45765359122708177,0.8395704715979794,0.7316429152170282,0.0,nan,nan
9.0,raw,nan,3.0,1.0,3.0,0.45946465236205875,0.8920941613187241,0.8856946162526914,0.0,nan,nan
9.0,raw,nan,4.0,1.0,4.0,0.4968383395021137,0.770580019760362,0.7737111986277598,0.0,nan,nan
9.0,raw,nan,5.0,1.0,5.0,0.5021950603461689,0.8963469896203722,0.9334972749385143,0.0,nan,nan
9.0,raw,nan,6.0,1.0,6.0,0.499066405323546,0.755596375036628,0.7835480133098595,0.0,nan,nan
9.0,raw,nan,7.0,1.0,7.0,0.5114430296823671,0.7475766204320048,0.8114029352198125,0.0,nan,nan
9.0,raw,nan,8.0,1.0,8.0,0.5242898394665688,0.7150492097787788,0.7214229966217338,0.0,nan,nan
9.0,raw,nan,9.0,2.0,1.0,0.5444091832700858,1.0,1.0,0.0,nan,nan
9.0,raw,nan,10.0,2.0,2.0,0.5411514696359668,0.8836664290377962,0.8569032967697018,0.0,nan,nan
9.0,raw,nan,11.0,2.0,3.0,0.554354906447369,0.7647641514762407,0.8187434606815114,0.0,nan,nan
9.0,raw,nan,12.0,2.0,4.0,0.5821587644076923,0.719348995722064,0.8124331303361346,0.0,nan,nan
9.0,raw,nan,13.0,2.0,5.0,0.5595160556264968,0.7305090910735126,0.7583383498988768,0.0,nan,nan
9.0,raw,nan,14.0,2.0,6.0,0.5258223716629065,0.5757968437354893,0.6726022068890914,0.0,nan,nan
9.0,raw,nan,15.0,2.0,7.0,0.5175742962881997,0.49061794788437146,0.523174486209143,0.0,nan,nan
9.0,raw,nan,16.0,2.0,8.0,0.5310831047742556,0.5739458684957922,0.5699187652091606,0.0,nan,nan
9.0,ppo,nan,0.0,0.0,0.0,0.4381825474072605,1.0,1.0,0.0,nan,nan
9.0,ppo,nan,1.0,1.0,1.0,0.44727579083593433,1.0,1.0,1.0,nan,nan
9.0,ppo,nan,2.0,1.0,2.0,0.4461778210194439,0.8395704715979794,0.7316429152170282,1.0,nan,nan
9.0,ppo,nan,3.0,1.0,3.0,0.4637281254953071,0.8760634728896567,0.8381727171793205,1.0,nan,nan
9.0,ppo,nan,4.0,1.0,4.0,0.4637973690729161,0.879761163954036,0.8980426663449707,1.0,nan,nan
9.0,ppo,nan,5.0,1.0,5.0,0.500418943065185,0.8338994124524429,0.8434078297080702,1.0,nan,nan
9.0,ppo,nan,6.0,1.0,6.0,0.5049969401502622,0.8479020263016708,0.8556554087193762,1.0,nan,nan
9.0,ppo,nan,7.0,1.0,7.0,0.5223249734814069,0.8499510889695568,0.863254906792768,1.0,nan,nan
9.0,ppo,nan,8.0,1.0,8.0,0.5136325069253701,0.9185811804548116,0.9181672914044322,1.0,nan,nan
9.0,ppo,nan,9.0,2.0,1.0,0.48568101190272384,1.0,1.0,1.0,nan,nan
9.0,ppo,nan,10.0,2.0,2.0,0.5211314317210723,0.8174214227188903,0.7448636176447522,1.0,nan,nan
9.0,ppo,nan,11.0,2.0,3.0,0.5001395831464016,0.8602559566008532,0.8909877396000018,1.0,nan,nan
9.0,ppo,nan,12.0,2.0,4.0,0.5440950452854527,0.7146163994259169,0.758369145695208,1.0,nan,nan
9.0,ppo,nan,13.0,2.0,5.0,0.5372166352614509,0.9223110491458156,0.9289576735565708,1.0,nan,nan
9.0,ppo,nan,14.0,2.0,6.0,0.5327633495731333,0.720809458627737,0.7476294287583488,1.0,nan,nan
9.0,ppo,nan,15.0,2.0,7.0,0.5663660667432571,0.6931842917004626,0.8044882349168933,1.0,nan,nan
9.0,ppo,nan,16.0,2.0,8.0,0.5728893498935814,0.8118566678364431,0.8343221731438053,1.0,nan,nan
9.0,mse_oracle,nan,0.0,0.0,0.0,0.4381825474072605,1.0,1.0,0.0,nan,nan
9.0,mse_oracle,nan,1.0,1.0,1.0,0.44727579083593433,1.0,1.0,0.0,0.06706072794876566,0.06706072794876566
9.0,mse_oracle,nan,2.0,1.0,2.0,0.45765359122708177,0.8395704715979794,0.7316429152170282,0.0,0.07162652047334853,0.0735370470966276
9.0,mse_oracle,nan,3.0,1.0,3.0,0.47416649989696597,0.8920941613187241,0.8856946162526914,1.0,0.06951586288494545,0.06929368814478792
9.0,mse_oracle,nan,4.0,1.0,4.0,0.46412220609786287,0.926097325112279,0.9568526234166249,1.0,0.06457152287363627,0.06319602299427239
9.0,mse_oracle,nan,5.0,1.0,5.0,0.4891483255144439,0.7641763084455231,0.7328757577845312,1.0,0.07215654126759447,0.07116884660047848
9.0,mse_oracle,nan,6.0,1.0,6.0,0.4970112110078438,0.8202945908700134,0.8423000169805861,0.0,0.06536446137559902,0.06672052903207466
9.0,mse_oracle,nan,7.0,1.0,7.0,0.5185078154776042,0.8284590086141076,0.839724206953476,1.0,0.06525681450685049,0.06391586662520474
9.0,mse_oracle,nan,8.0,1.0,8.0,0.5203944942040938,0.8756648809875006,0.8906768162997134,1.0,0.05767802080917918,0.056463260062884046
9.0,mse_oracle,nan,9.0,2.0,1.0,0.48718596839939793,1.0,1.0,0.0,0.0708701866499917,0.0708701866499917
9.0,mse_oracle,nan,10.0,2.0,2.0,0.5333737189748526,0.8332679358914712,0.8600527773110304,1.0,0.09352156265646647,0.09247917601631554
9.0,mse_oracle,nan,11.0,2.0,3.0,0.5231547612496887,0.8195927995601108,0.8107993623293356,1.0,0.08011830948319207,0.0771437209832514
9.0,mse_oracle,nan,12.0,2.0,4.0,0.5668501215538433,0.7917123749115355,0.8106756855982606,1.0,0.08371054002439479,0.08098464814149028
9.0,mse_oracle,nan,13.0,2.0,5.0,0.5227286828853519,0.8176428181875602,0.8485397842648675,0.0,0.07931234465627864,0.08212221462961454
9.0,mse_oracle,nan,14.0,2.0,6.0,0.4828092854787132,0.5071623702080669,0.7914124600025186,1.0,0.12364484950115417,0.12256433859272098
9.0,mse_oracle,nan,15.0,2.0,7.0,0.5462030326070071,0.40073834748707443,0.8496515142959005,1.0,0.16811492364762173,0.16465510152872034
9.0,mse_oracle,nan,16.0,2.0,8.0,0.5546460196576402,0.6233903940953277,0.78066152734695,1.0,0.09945995354549282,0.09794091017461447
10.0,raw,nan,0.0,0.0,0.0,0.4381825474072605,1.0,1.0,0.0,nan,nan
10.0,raw,nan,1.0,1.0,1.0,0.4405558875410997,1.0,1.0,0.0,nan,nan
10.0,raw,nan,2.0,1.0,2.0,0.4588483692322715,0.8359579573812851,0.850094698823081,0.0,nan,nan
10.0,raw,nan,3.0,1.0,3.0,0.4637028857441648,0.8707330791631809,0.8031914212216824,0.0,nan,nan
10.0,raw,nan,4.0,1.0,4.0,0.4875587945561296,0.8084216363323665,0.7372022303220113,0.0,nan,nan
10.0,raw,nan,5.0,1.0,5.0,0.49837412504045525,0.7502462470550064,0.7648245180588817,0.0,nan,nan
10.0,raw,nan,6.0,1.0,6.0,0.4636879802466352,0.7809557335077646,0.7267329478204603,0.0,nan,nan
10.0,raw,nan,7.0,1.0,7.0,0.495178678186083,0.6189054727303367,0.6663053092182286,0.0,nan,nan
10.0,raw,nan,8.0,1.0,8.0,0.5489196141994571,0.6253059274346574,0.6838200314573343,0.0,nan,nan
10.0,raw,nan,9.0,2.0,1.0,0.5395522667603055,1.0,1.0,0.0,nan,nan
10.0,raw,nan,10.0,2.0,2.0,0.56021282936865,0.8921575608554227,0.9228451474205744,0.0,nan,nan
10.0,raw,nan,11.0,2.0,3.0,0.5808984317186041,0.8921710525501433,0.9213626952015921,0.0,nan,nan
10.0,raw,nan,12.0,2.0,4.0,0.5563173692849205,0.8611868754787069,0.8735481446616145,0.0,nan,nan
10.0,raw,nan,13.0,2.0,5.0,0.5617024675463826,0.6168309197347245,0.7228282706211024,0.0,nan,nan
10.0,raw,nan,14.0,2.0,6.0,0.5819546123437217,0.5922693027270914,0.6416656183535655,0.0,nan,nan
10.0,raw,nan,15.0,2.0,7.0,0.5644063639210758,0.6948901552689803,0.8152803289108964,0.0,nan,nan
10.0,raw,nan,16.0,2.0,8.0,0.5996523238691931,0.6457645935965991,0.7200183112364132,0.0,nan,nan
10.0,ppo,nan,0.0,0.0,0.0,0.4381825474072605,1.0,1.0,0.0,nan,nan
10.0,ppo,nan,1.0,1.0,1.0,0.4405558875410997,1.0,1.0,1.0,nan,nan
10.0,ppo,nan,2.0,1.0,2.0,0.4642318033559683,0.8359579573812851,0.850094698823081,1.0,nan,nan
10.0,ppo,nan,3.0,1.0,3.0,0.4667976923501428,0.9128028020512069,0.9038539247547714,1.0,nan,nan
10.0,ppo,nan,4.0,1.0,4.0,0.47270461059412866,0.9024666132641476,0.8847124968059664,1.0,nan,nan
10.0,ppo,nan,5.0,1.0,5.0,0.48810029413043216,0.7715897919542569,0.7646883222664465,1.0,nan,nan
10.0,ppo,nan,6.0,1.0,6.0,0.4694241699081171,0.8071086122876078,0.8482541260457851,1.0,nan,nan
10.0,ppo,nan,7.0,1.0,7.0,0.49158506759872045,0.6789748978025052,0.7552280707102847,1.0,nan,nan
10.0,ppo,nan,8.0,1.0,8.0,0.5142938408480023,0.7266083398260398,0.6935340264462122,1.0,nan,nan
10.0,ppo,nan,9.0,2.0,1.0,0.5070749880130813,1.0,1.0,1.0,nan,nan
10.0,ppo,nan,10.0,2.0,2.0,0.5387819879408302,0.7277543722413627,0.7619964194239731,1.0,nan,nan
10.0,ppo,nan,11.0,2.0,3.0,0.5421562316307652,0.842018326403093,0.7825613074306289,1.0,nan,nan
10.0,ppo,nan,12.0,2.0,4.0,0.5472336880807661,0.9146023344712658,0.9410507285679849,1.0,nan,nan
10.0,ppo,nan,13.0,2.0,5.0,0.5602537801122061,0.8553809628223128,0.9024117628524352,1.0,nan,nan
10.0,ppo,nan,14.0,2.0,6.0,0.5617291833970035,0.8730844629928318,0.9082120231452822,1.0,nan,nan
10.0,ppo,nan,15.0,2.0,7.0,0.5812883591232627,0.8451663148087997,0.8784114193972655,1.0,nan,nan
10.0,ppo,nan,16.0,2.0,8.0,0.5786733633426493,0.8370547828401922,0.8224344932889892,1.0,nan,nan
10.0,mse_oracle,nan,0.0,0.0,0.0,0.4381825474072605,1.0,1.0,0.0,nan,nan
10.0,mse_oracle,nan,1.0,1.0,1.0,0.4405558875410997,1.0,1.0,0.0,0.06706072794876566,0.06706072794876566
10.0,mse_oracle,nan,2.0,1.0,2.0,0.4588483692322715,0.8359579573812851,0.850094698823081,0.0,0.07009693375544152,0.07028204642149467
10.0,mse_oracle,nan,3.0,1.0,3.0,0.4637028857441648,0.8707330791631809,0.8031914212216824,0.0,0.06587471238124283,0.06711581097720709
10.0,mse_oracle,nan,4.0,1.0,4.0,0.4937274972103135,0.8084216363323665,0.7372022303220113,1.0,0.06779419791471428,0.06725408942453603
10.0,mse_oracle,nan,5.0,1.0,5.0,0.4936524637811379,0.8354666245373865,0.8893806045591451,1.0,0.05998192598546041,0.058798446951300515
10.0,mse_oracle,nan,6.0,1.0,6.0,0.4932506025738513,0.8609631746156025,0.8540277093097187,1.0,0.061856603069128366,0.05757524572679303
10.0,mse_oracle,nan,7.0,1.0,7.0,0.5121651996252286,0.8156314387121628,0.8681106481804,0.0,0.06423054570432228,0.06489127999123336
10.0,mse_oracle,nan,8.0,1.0,8.0,0.4913331308504632,0.7785915180140356,0.7727628299365866,1.0,0.06058330941935203,0.05933630644604537
10.0,mse_oracle,nan,9.0,2.0,1.0,0.5066280272455589,1.0,1.0,0.0,0.06234005936646407,0.06234005936646407
10.0,mse_oracle,nan,10.0,2.0,2.0,0.5019227891451472,0.5650342488265127,0.7242076571631089,1.0,0.20737938024139954,0.19430281995116389
10.0,mse_oracle,nan,11.0,2.0,3.0,0.511212142871908,0.5517678643638655,0.31453858953914066,1.0,0.20075208599667427,0.19065125304009956
10.0,mse_oracle,nan,12.0,2.0,4.0,0.5234641659052012,0.8010185341085235,0.8564076248671577,1.0,0.09802309237948155,0.09223369804214496
10.0,mse_oracle,nan,13.0,2.0,5.0,0.522206809076081,0.7731577994838217,0.7810919049476763,1.0,0.10399646903758195,0.09554070878958182
10.0,mse_oracle,nan,14.0,2.0,6.0,0.5495640351298686,0.7551558913521236,0.6844296012399759,1.0,0.08369640151691012,0.08318979471055893
10.0,mse_oracle,nan,15.0,2.0,7.0,0.5412712490689444,0.9004406962111337,0.9082908246410858,1.0,0.07200157305185151,0.06815159014995593
10.0,mse_oracle,nan,16.0,2.0,8.0,0.5448260994347657,0.8524732920681638,0.8780217941358485,1.0,0.07247529310904471,0.06970425529732252
11.0,raw,nan,0.0,0.0,0.0,0.4381825474072605,1.0,1.0,0.0,nan,nan
11.0,raw,nan,1.0,1.0,1.0,0.45206699995856053,1.0,1.0,0.0,nan,nan
11.0,raw,nan,2.0,1.0,2.0,0.4554029711717896,0.80084851149124,0.7880112800954662,0.0,nan,nan
11.0,raw,nan,3.0,1.0,3.0,0.4693968410868501,0.7527894891949346,0.7175803386415271,0.0,nan,nan
11.0,raw,nan,4.0,1.0,4.0,0.4919916405222154,0.7105774805591298,0.5423068586049051,0.0,nan,nan
11.0,raw,nan,5.0,1.0,5.0,0.48577900494291054,0.7975749436468729,0.8219317737244621,0.0,nan,nan
11.0,raw,nan,6.0,1.0,6.0,0.5143966618643873,0.7019710336481385,0.7815010028727223,0.0,nan,nan
11.0,raw,nan,7.0,1.0,7.0,0.5045005672193346,0.7711826778510237,0.8139622798477306,0.0,nan,nan
11.0,raw,nan,8.0,1.0,8.0,0.49451728451185506,0.6820534581093336,0.642197834579397,0.0,nan,nan
11.0,raw,nan,9.0,2.0,1.0,0.5068347313719758,1.0,1.0,0.0,nan,nan
11.0,raw,nan,10.0,2.0,2.0,0.5249900199438661,0.9327920195136501,0.9322146662812345,0.0,nan,nan
11.0,raw,nan,11.0,2.0,3.0,0.5383607241974506,0.5912471609172936,0.6918889887425095,0.0,nan,nan
11.0,raw,nan,12.0,2.0,4.0,0.5061577325757266,0.548717919743834,0.5809097415057147,0.0,nan,nan
11.0,raw,nan,13.0,2.0,5.0,0.5330571276613745,0.505141133578643,0.4391008073485162,0.0,nan,nan
11.0,raw,nan,14.0,2.0,6.0,0.5731603240441743,0.5765664660055666,0.7065801233381854,0.0,nan,nan
11.0,raw,nan,15.0,2.0,7.0,0.5849806157324178,0.616067095331663,0.7331014515013875,0.0,nan,nan
11.0,raw,nan,16.0,2.0,8.0,0.5305377993615837,0.5721846970260012,0.5145729456410063,0.0,nan,nan
11.0,ppo,nan,0.0,0.0,0.0,0.4381825474072605,1.0,1.0,0.0,nan,nan
11.0,ppo,nan,1.0,1.0,1.0,0.45206699995856053,1.0,1.0,1.0,nan,nan
11.0,ppo,nan,2.0,1.0,2.0,0.46195374786766336,0.80084851149124,0.7880112800954662,1.0,nan,nan
11.0,ppo,nan,3.0,1.0,3.0,0.46669581523741893,0.8659740614463975,0.8728054200595196,1.0,nan,nan
11.0,ppo,nan,4.0,1.0,4.0,0.4791389805593474,0.7877235206312345,0.7205644568954074,1.0,nan,nan
11.0,ppo,nan,5.0,1.0,5.0,0.4871692189624839,0.8213583820765281,0.8377990323360817,1.0,nan,nan
11.0,ppo,nan,6.0,1.0,6.0,0.4936747611824206,0.8364862941108825,0.8306658409107374,1.0,nan,nan
11.0,ppo,nan,7.0,1.0,7.0,0.506919744876689,0.840162177999263,0.8294185513030594,1.0,nan,nan
11.0,ppo,nan,8.0,1.0,8.0,0.49176332938952394,0.8862168902887917,0.8982521297127382,1.0,nan,nan
11.0,ppo,nan,9.0,2.0,1.0,0.49350673252283916,1.0,1.0,1.0,nan,nan
11.0,ppo,nan,10.0,2.0,2.0,0.5238894144784446,0.8220805388810988,0.8304108396548558,1.0,nan,nan
11.0,ppo,nan,11.0,2.0,3.0,0.5111531599988833,0.8785772821305949,0.8077524409438915,1.0,nan,nan
11.0,ppo,nan,12.0,2.0,4.0,0.5199987128459486,0.7932148976622622,0.7179958903574225,1.0,nan,nan
11.0,ppo,nan,13.0,2.0,5.0,0.5385229566004535,0.8597869701519169,0.847356157089739,1.0,nan,nan
11.0,ppo,nan,14.0,2.0,6.0,0.529628453931168,0.9145823923586596,0.9282189065297235,1.0,nan,nan
11.0,ppo,nan,15.0,2.0,7.0,0.5257242310094797,0.8581952284926332,0.8372295411043162,1.0,nan,nan
11.0,ppo,nan,16.0,2.0,8.0,0.5673566997490215,0.9362480672289011,0.9130669022418935,1.0,nan,nan
11.0,mse_oracle,nan,0.0,0.0,0.0,0.4381825474072605,1.0,1.0,0.0,nan,nan
11.0,mse_oracle,nan,1.0,1.0,1.0,0.45206699995856053,1.0,1.0,0.0,0.06706072794876566,0.06706072794876566
11.0,mse_oracle,nan,2.0,1.0,2.0,0.4554029711717896,0.80084851149124,0.7880112800954662,0.0,0.0685971870187965,0.06956527652120988
11.0,mse_oracle,nan,3.0,1.0,3.0,0.4671572376153082,0.7527894891949346,0.7175803386415271,1.0,0.07027778749488986,0.06970399236702392
11.0,mse_oracle,nan,4.0,1.0,4.0,0.4797782023147891,0.7616274199837045,0.6098175451939493,1.0,0.06998172433794772,0.06840378760004974
11.0,mse_oracle,nan,5.0,1.0,5.0,0.49243668338709534,0.8414679924534834,0.8446449848632166,1.0,0.06349841527290714,0.060519424942229255
11.0,mse_oracle,nan,6.0,1.0,6.0,0.49438484219032847,0.8814853003019741,0.9183160848408873,1.0,0.06036008884206068,0.05735926894496622
11.0,mse_oracle,nan,7.0,1.0,7.0,0.5009351551971799,0.849682452734127,0.8414689983466099,1.0,0.06195260474020884,0.060279926835168765
11.0,mse_oracle,nan,8.0,1.0,8.0,0.48908356324555546,0.8686501852967384,0.8869472496957608,1.0,0.05971430013833068,0.054574048820347165
11.0,mse_oracle,nan,9.0,2.0,1.0,0.4972282301870694,1.0,1.0,0.0,0.06513514060707692,0.06513514060707692
11.0,mse_oracle,nan,10.0,2.0,2.0,0.5233441924753898,0.8623540547195357,0.8628570112228312,1.0,0.07383362814283591,0.07247658249496729
11.0,mse_oracle,nan,11.0,2.0,3.0,0.5239931654118445,0.9230258514200009,0.9213229495847148,0.0,0.07268514262530755,0.07587300686494983
11.0,mse_oracle,nan,12.0,2.0,4.0,0.5215650769013939,0.7480474647941381,0.7909832347183632,1.0,0.09776283715402324,0.0933120692621554
11.0,mse_oracle,nan,13.0,2.0,5.0,0.5189113967354846,0.7328693003414924,0.7995095398385539,1.0,0.08660139136222741,0.08403851591227526
11.0,mse_oracle,nan,14.0,2.0,6.0,0.5384615677008712,0.8234008354255876,0.8019891085302763,1.0,0.07047172662860442,0.07023987824625755
11.0,mse_oracle,nan,15.0,2.0,7.0,0.5646144968623358,0.8705712140689437,0.9279749684278991,1.0,0.0639870414457252,0.06026771773971058
11.0,mse_oracle,nan,16.0,2.0,8.0,0.5696877764334942,0.8400045714127427,0.8905629968778875,1.0,0.07507770824545894,0.06876109136001321
12.0,raw,nan,0.0,0.0,0.0,0.4381825474072605,1.0,1.0,0.0,nan,nan
12.0,raw,nan,1.0,1.0,1.0,0.4374340966123183,1.0,1.0,0.0,nan,nan
12.0,raw,nan,2.0,1.0,2.0,0.44911081255093704,0.8201759781243027,0.8553060538571078,0.0,nan,nan
12.0,raw,nan,3.0,1.0,3.0,0.4545912642208481,0.7868800675746215,0.8267138322429483,0.0,nan,nan
12.0,raw,nan,4.0,1.0,4.0,0.46338845042392723,0.7739374352293023,0.7985884404211436,0.0,nan,nan
12.0,raw,nan,5.0,1.0,5.0,0.45762319618083325,0.6948894826492074,0.6652699146538504,0.0,nan,nan
12.0,raw,nan,6.0,1.0,6.0,0.45327565568080513,0.6479219828250321,0.5908623125488291,0.0,nan,nan
12.0,raw,nan,7.0,1.0,7.0,0.456995802773192,0.5335759674087981,0.5527538977380224,0.0,nan,nan
12.0,raw,nan,8.0,1.0,8.0,0.5314275756867625,0.47128850909206693,0.48515305757217514,0.0,nan,nan
12.0,raw,nan,9.0,2.0,1.0,0.5588970192737156,1.0,1.0,0.0,nan,nan
12.0,raw,nan,10.0,2.0,2.0,0.5593984644934219,0.7617671747586291,0.8251014144459817,0.0,nan,nan
12.0,raw,nan,11.0,2.0,3.0,0.5144896640750255,0.5667911720471012,0.5760044929224896,0.0,nan,nan
12.0,raw,nan,12.0,2.0,4.0,0.5125235974804481,0.33254582715611725,0.27090843937889103,0.0,nan,nan
12.0,raw,nan,13.0,2.0,5.0,0.5365590665764365,0.30971651629952013,0.5626906457331804,0.0,nan,nan
12.0,raw,nan,14.0,2.0,6.0,0.5368855400509135,0.3587448572741513,0.658428534679327,0.0,nan,nan
12.0,raw,nan,15.0,2.0,7.0,0.4874971893865489,0.36152650036632134,0.42327268945991947,0.0,nan,nan
12.0,raw,nan,16.0,2.0,8.0,0.5186907409462695,0.34340133849220095,0.5074896687337358,0.0,nan,nan
12.0,ppo,nan,0.0,0.0,0.0,0.4381825474072605,1.0,1.0,0.0,nan,nan
12.0,ppo,nan,1.0,1.0,1.0,0.4374340966123183,1.0,1.0,1.0,nan,nan
12.0,ppo,nan,2.0,1.0,2.0,0.4554452137938336,0.8201759781243027,0.8553060538571078,1.0,nan,nan
12.0,ppo,nan,3.0,1.0,3.0,0.45797933930906626,0.8472609487741621,0.8815568834837493,1.0,nan,nan
12.0,ppo,nan,4.0,1.0,4.0,0.4657650234832234,0.8498636572567295,0.8577084252787979,1.0,nan,nan
12.0,ppo,nan,5.0,1.0,5.0,0.46387561901768504,0.7791291568717182,0.8036783384086149,1.0,nan,nan
12.0,ppo,nan,6.0,1.0,6.0,0.471692606924388,0.7436946303729182,0.7442787768335932,1.0,nan,nan
12.0,ppo,nan,7.0,1.0,7.0,0.5041146736285103,0.6459074851775849,0.6581424592289673,1.0,nan,nan
12.0,ppo,nan,8.0,1.0,8.0,0.5147227468665555,0.7348520967019868,0.7276564746402253,1.0,nan,nan
12.0,ppo,nan,9.0,2.0,1.0,0.5305929859898535,1.0,1.0,1.0,nan,nan
12.0,ppo,nan,10.0,2.0,2.0,0.5312670522460642,0.8472071894186743,0.8375671237820271,1.0,nan,nan
12.0,ppo,nan,11.0,2.0,3.0,0.5164388322879387,0.851002154397974,0.8323869582360848,1.0,nan,nan
12.0,ppo,nan,12.0,2.0,4.0,0.5241068897362827,0.7581691447393141,0.7974980525141673,1.0,nan,nan
12.0,ppo,nan,13.0,2.0,5.0,0.5586153027462151,0.7710785494936339,0.8577032863392918,1.0,nan,nan
12.0,ppo,nan,14.0,2.0,6.0,0.5479648315946474,0.8013485903828713,0.7934658629484442,1.0,nan,nan
12.0,ppo,nan,15.0,2.0,7.0,0.5466606004616061,0.780804606808332,0.6664070356475259,1.0,nan,nan
12.0,ppo,nan,16.0,2.0,8.0,0.5619854023852813,0.8567356295474056,0.8437970963167495,1.0,nan,nan
12.0,mse_oracle,nan,0.0,0.0,0.0,0.4381825474072605,1.0,1.0,0.0,nan,nan
12.0,mse_oracle,nan,1.0,1.0,1.0,0.4374340966123183,1.0,1.0,0.0,0.06706072794876566,0.06706072794876566
12.0,mse_oracle,nan,2.0,1.0,2.0,0.44911081255093704,0.8201759781243027,0.8553060538571078,0.0,0.07295827659698474,0.07575425997701926
12.0,mse_oracle,nan,3.0,1.0,3.0,0.46272467889488733,0.7868800675746215,0.8267138322429483,1.0,0.07373095737552873,0.07327072147974117
12.0,mse_oracle,nan,4.0,1.0,4.0,0.471954244378297,0.8514647945301991,0.8592666253658668,0.0,0.06929914625896245,0.07080623822319834
12.0,mse_oracle,nan,5.0,1.0,5.0,0.4532682030612804,0.7520706588508191,0.7239902784233159,1.0,0.07086090549940277,0.07050509752944706
12.0,mse_oracle,nan,6.0,1.0,6.0,0.4655753041811594,0.67298084402414,0.6343565821027115,1.0,0.08248970720323529,0.07941995100155413
12.0,mse_oracle,nan,7.0,1.0,7.0,0.4995033795873046,0.6177394369583488,0.6603586535698847,1.0,0.07389198088780856,0.07055382394523835
12.0,mse_oracle,nan,8.0,1.0,8.0,0.5273059643026214,0.693521277533299,0.7424004963310787,0.0,0.06379356128112589,0.06429384431094237
12.0,mse_oracle,nan,9.0,2.0,1.0,0.5426781074588829,1.0,1.0,0.0,0.06828003291311495,0.06828003291311495
12.0,mse_oracle,nan,10.0,2.0,2.0,0.529758556298309,0.8980880274065552,0.8960715496525362,1.0,0.08588167404870468,0.0804838109282807
12.0,mse_oracle,nan,11.0,2.0,3.0,0.5020020423065974,0.8561669153500816,0.7557196625494963,1.0,0.09124875176997141,0.08565104032547655
12.0,mse_oracle,nan,12.0,2.0,4.0,0.5217412296225039,0.7672715955776614,0.7810731140608375,1.0,0.09807255048645659,0.09253662720150065
12.0,mse_oracle,nan,13.0,2.0,5.0,0.5521537758236957,0.8209435963171497,0.8597718759830328,1.0,0.08406919894912698,0.07760023920157869
12.0,mse_oracle,nan,14.0,2.0,6.0,0.5389082809521958,0.836790445554759,0.886704114633045,1.0,0.07933847414926015,0.07343731126238352
12.0,mse_oracle,nan,15.0,2.0,7.0,0.582779341297777,0.7242993419830098,0.7732015259372933,1.0,0.10234121680290957,0.09726085485733191
12.0,mse_oracle,nan,16.0,2.0,8.0,0.5692587065327643,0.8987112467529719,0.9170924285134014,1.0,0.0721485718758944,0.06469633544508044
13.0,raw,nan,0.0,0.0,0.0,0.4381825474072605,1.0,1.0,0.0,nan,nan
13.0,raw,nan,1.0,1.0,1.0,0.443034921680169,1.0,1.0,0.0,nan,nan
13.0,raw,nan,2.0,1.0,2.0,0.44222986925609015,0.8078720693498621,0.745621358296096,0.0,nan,nan
13.0,raw,nan,3.0,1.0,3.0,0.43837782932543246,0.7030991288566226,0.7843695361214336,0.0,nan,nan
13.0,raw,nan,4.0,1.0,4.0,0.4296941179346401,0.627539239009362,0.6287116363901805,0.0,nan,nan
13.0,raw,nan,5.0,1.0,5.0,0.47401219450200255,0.5253392856757494,0.5533960672414905,0.0,nan,nan
13.0,raw,nan,6.0,1.0,6.0,0.45481690430124766,0.7052759211689064,0.7296824580713905,0.0,nan,nan
13.0,raw,nan,7.0,1.0,7.0,0.4255251338633246,0.5541665242679499,0.4308548178369176,0.0,nan,nan
13.0,raw,nan,8.0,1.0,8.0,0.4571125360938766,0.43782705943848854,0.4296372073223659,0.0,nan,nan
13.0,raw,nan,9.0,2.0,1.0,0.5332640678280528,1.0,1.0,0.0,nan,nan
13.0,raw,nan,10.0,2.0,2.0,0.5217290013760473,0.6901519105230903,0.7889173380335677,0.0,nan,nan
13.0,raw,nan,11.0,2.0,3.0,0.5124052295514299,0.49997311938870487,0.7899109599972975,0.0,nan,nan
13.0,raw,nan,12.0,2.0,4.0,0.47138642197789093,0.4281250150891689,0.5034663142773225,0.0,nan,nan
13.0,raw,nan,13.0,2.0,5.0,0.5210182430231891,0.43402622035503474,0.5464709421553279,0.0,nan,nan
13.0,raw,nan,14.0,2.0,6.0,0.5455803043996497,0.5047748726788187,0.5014988761175024,0.0,nan,nan
13.0,raw,nan,15.0,2.0,7.0,0.501843300320764,0.3897472722744229,0.48278343982443456,0.0,nan,nan
13.0,raw,nan,16.0,2.0,8.0,0.5380608876938636,0.19619409887116737,0.2620438063311713,0.0,nan,nan
13.0,ppo,nan,0.0,0.0,0.0,0.4381825474072605,1.0,1.0,0.0,nan,nan
13.0,ppo,nan,1.0,1.0,1.0,0.443034921680169,1.0,1.0,1.0,nan,nan
13.0,ppo,nan,2.0,1.0,2.0,0.4452673740728996,0.8078720693498621,0.745621358296096,1.0,nan,nan
13.0,ppo,nan,3.0,1.0,3.0,0.45992452299883446,0.7560580570282209,0.8285933365217923,1.0,nan,nan
13.0,ppo,nan,4.0,1.0,4.0,0.45706617453313475,0.7888074437470044,0.7631974100107256,1.0,nan,nan
13.0,ppo,nan,5.0,1.0,5.0,0.4715085210112753,0.819605117324616,0.7915552415951669,1.0,nan,nan
13.0,ppo,nan,6.0,1.0,6.0,0.48591599554678433,0.8174090695838699,0.8573009499902344,1.0,nan,nan
13.0,ppo,nan,7.0,1.0,7.0,0.4562129256576294,0.82717367247331,0.7968448069007754,1.0,nan,nan
13.0,ppo,nan,8.0,1.0,8.0,0.4929139420814334,0.7227323517495419,0.7772118032314421,1.0,nan,nan
13.0,ppo,nan,9.0,2.0,1.0,0.5063472795341849,1.0,1.0,1.0,nan,nan
13.0,ppo,nan,10.0,2.0,2.0,0.5278634808872408,0.8640910436021939,0.9235705836210611,1.0,nan,nan
13.0,ppo,nan,11.0,2.0,3.0,0.5158727571509862,0.8935311387176645,0.9346912462665179,1.0,nan,nan
13.0,ppo,nan,12.0,2.0,4.0,0.5363957580485106,0.8405101276036607,0.8539982621516973,1.0,nan,nan
13.0,ppo,nan,13.0,2.0,5.0,0.569347355995526,0.8041391782500024,0.815712533950044,1.0,nan,nan
13.0,ppo,nan,14.0,2.0,6.0,0.5746823896072666,0.764077611333976,0.8549462926110335,1.0,nan,nan
13.0,ppo,nan,15.0,2.0,7.0,0.5752153007075452,0.788116319821617,0.8474446351970115,1.0,nan,nan
13.0,ppo,nan,16.0,2.0,8.0,0.5478225258602748,0.8008679550616461,0.8775703310545606,1.0,nan,nan
13.0,mse_oracle,nan,0.0,0.0,0.0,0.4381825474072605,1.0,1.0,0.0,nan,nan
13.0,mse_oracle,nan,1.0,1.0,1.0,0.443034921680169,1.0,1.0,0.0,0.06706072794876566,0.06706072794876566
13.0,mse_oracle,nan,2.0,1.0,2.0,0.44222986925609015,0.8078720693498621,0.745621358296096,0.0,0.0729331219285094,0.07457930109616831
13.0,mse_oracle,nan,3.0,1.0,3.0,0.43837782932543246,0.7030991288566226,0.7843695361214336,0.0,0.07771164074396078,0.07895183166226398
13.0,mse_oracle,nan,4.0,1.0,4.0,0.47194373222283403,0.627539239009362,0.6287116363901805,1.0,0.08229409998001232,0.0795744431149745
13.0,mse_oracle,nan,5.0,1.0,5.0,0.4848713003929521,0.7622916885858285,0.7144323785001914,1.0,0.06894108972852528,0.06645877662522662
13.0,mse_oracle,nan,6.0,1.0,6.0,0.47370330634346447,0.77126586220774,0.8085861781582593,0.0,0.06395135723664666,0.065593253645426
13.0,mse_oracle,nan,7.0,1.0,7.0,0.4742072036890726,0.6559118618713379,0.5371221309268163,1.0,0.07023867263021319,0.06877339069369987
13.0,mse_oracle,nan,8.0,1.0,8.0,0.4986885151956506,0.6980163709516987,0.723412815951636,1.0,0.07069970368818226,0.06977124122648909
13.0,mse_oracle,nan,9.0,2.0,1.0,0.5242547646610254,1.0,1.0,0.0,0.06832186910446582,0.06832186910446582
13.0,mse_oracle,nan,10.0,2.0,2.0,0.5398935796683217,0.8914207388256901,0.9505756973638559,1.0,0.07763285091143393,0.07529953185464416
13.0,mse_oracle,nan,11.0,2.0,3.0,0.539775591136343,0.9029827487121524,0.9179700421718271,0.0,0.07514588717663731,0.07831790786870316
13.0,mse_oracle,nan,12.0,2.0,4.0,0.5411885223042195,0.7283603971727793,0.7436098575138035,1.0,0.09437948107798777,0.09105175118705935
13.0,mse_oracle,nan,13.0,2.0,5.0,0.5710365471238179,0.8692229546015656,0.8735108496614019,1.0,0.07348970291462138,0.06868128872906387
13.0,mse_oracle,nan,14.0,2.0,6.0,0.5585197975499596,0.8971027606871788,0.9271324646204361,1.0,0.0687310607271431,0.06853718772126156
13.0,mse_oracle,nan,15.0,2.0,7.0,0.5776170289735447,0.8700079450347008,0.880555966878628,1.0,0.07544846932703453,0.07202127090256755
13.0,mse_oracle,nan,16.0,2.0,8.0,0.5650100313000047,0.8713585074185614,0.8749727966854084,0.0,0.06670429828185953,0.068815181855557
14.0,raw,nan,0.0,0.0,0.0,0.4381825474072605,1.0,1.0,0.0,nan,nan
14.0,raw,nan,1.0,1.0,1.0,0.4360239826636994,1.0,1.0,0.0,nan,nan
14.0,raw,nan,2.0,1.0,2.0,0.4675827895605785,0.8441769980715421,0.8441685001599183,0.0,nan,nan
14.0,raw,nan,3.0,1.0,3.0,0.46372055185727606,0.8529584073294256,0.8432356945151235,0.0,nan,nan
14.0,raw,nan,4.0,1.0,4.0,0.4773394797660783,0.7874843772453138,0.7815888412126833,0.0,nan,nan
14.0,raw,nan,5.0,1.0,5.0,0.49155742549260795,0.7274642526997164,0.7591554084604409,0.0,nan,nan
14.0,raw,nan,6.0,1.0,6.0,0.5079432531202401,0.7083513919973821,0.6954311506592351,0.0,nan,nan
14.0,raw,nan,7.0,1.0,7.0,0.5260695426011139,0.7616752959484806,0.7969479786637905,0.0,nan,nan
14.0,raw,nan,8.0,1.0,8.0,0.5444192949174574,0.766247099473546,0.8228630517612123,0.0,nan,nan
14.0,raw,nan,9.0,2.0,1.0,0.5531953035511652,1.0,1.0,0.0,nan,nan
14.0,raw,nan,10.0,2.0,2.0,0.5355155968207927,0.8405637602497328,0.8521590240010379,0.0,nan,nan
14.0,raw,nan,11.0,2.0,3.0,0.5641947950546333,0.7371772602320622,0.8146823659175577,0.0,nan,nan
14.0,raw,nan,12.0,2.0,4.0,0.5502879406161053,0.7533236726710836,0.7812894803202232,0.0,nan,nan
14.0,raw,nan,13.0,2.0,5.0,0.5148725748794338,0.5696579898661386,0.7392227424020369,0.0,nan,nan
14.0,raw,nan,14.0,2.0,6.0,0.5273197657233958,0.3748342404369092,0.5535781762937214,0.0,nan,nan
14.0,raw,nan,15.0,2.0,7.0,0.5759008207327343,0.3757616680400305,0.35891453627984327,0.0,nan,nan
14.0,raw,nan,16.0,2.0,8.0,0.5755206693125161,0.5153763655103897,0.6915074539477354,0.0,nan,nan
14.0,ppo,nan,0.0,0.0,0.0,0.4381825474072605,1.0,1.0,0.0,nan,nan
14.0,ppo,nan,1.0,1.0,1.0,0.4360239826636994,1.0,1.0,1.0,nan,nan
14.0,ppo,nan,2.0,1.0,2.0,0.4642519715508337,0.8441769980715421,0.8441685001599183,1.0,nan,nan
14.0,ppo,nan,3.0,1.0,3.0,0.4495323722439058,0.8377914647071699,0.8341166661773176,1.0,nan,nan
14.0,ppo,nan,4.0,1.0,4.0,0.4687534935861064,0.7661008868217415,0.8322493916263566,1.0,nan,nan
14.0,ppo,nan,5.0,1.0,5.0,0.4867451818483135,0.767597510311707,0.8127389131492616,1.0,nan,nan
14.0,ppo,nan,6.0,1.0,6.0,0.48891245694881563,0.8900498089581788,0.9046927078870284,1.0,nan,nan
14.0,ppo,nan,7.0,1.0,7.0,0.4956694936282047,0.8460359369125108,0.8941309755034044,1.0,nan,nan
14.0,ppo,nan,8.0,1.0,8.0,0.5105161842080872,0.8226941805596885,0.8498541995656329,1.0,nan,nan
14.0,ppo,nan,9.0,2.0,1.0,0.4990155015143201,1.0,1.0,1.0,nan,nan
14.0,ppo,nan,10.0,2.0,2.0,0.5219789334636594,0.8006981375087766,0.8260453998757065,1.0,nan,nan
14.0,ppo,nan,11.0,2.0,3.0,0.5322401248089903,0.811664610567107,0.9243056697729151,1.0,nan,nan
14.0,ppo,nan,12.0,2.0,4.0,0.5571745689265957,0.9057227830397295,0.8967165106480702,1.0,nan,nan
14.0,ppo,nan,13.0,2.0,5.0,0.5371354894367488,0.8786321768239854,0.868003935672168,1.0,nan,nan
14.0,ppo,nan,14.0,2.0,6.0,0.519454477656091,0.8536466518797873,0.7746705667263319,1.0,nan,nan
14.0,ppo,nan,15.0,2.0,7.0,0.5477901546670851,0.8049013888635684,0.8475785546293796,1.0,nan,nan
14.0,ppo,nan,16.0,2.0,8.0,0.5782052312054445,0.8579470317479906,0.8440266986465439,1.0,nan,nan
14.0,mse_oracle,nan,0.0,0.0,0.0,0.4381825474072605,1.0,1.0,0.0,nan,nan
14.0,mse_oracle,nan,1.0,1.0,1.0,0.4360239826636994,1.0,1.0,0.0,0.06706072794876566,0.06706072794876566
14.0,mse_oracle,nan,2.0,1.0,2.0,0.4675827895605785,0.8441769980715421,0.8441685001599183,0.0,0.07210108631119182,0.07268051667505869
14.0,mse_oracle,nan,3.0,1.0,3.0,0.46372055185727606,0.8529584073294256,0.8432356945151235,0.0,0.0637370267324688,0.06661925979454267
14.0,mse_oracle,nan,4.0,1.0,4.0,0.4856481004936377,0.7874843772453138,0.7815888412126833,1.0,0.06677328599803138,0.0661098819608338
14.0,mse_oracle,nan,5.0,1.0,5.0,0.49846620959827215,0.8260118608800756,0.8759732250201079,0.0,0.0623660524761198,0.06313989938363385
14.0,mse_oracle,nan,6.0,1.0,6.0,0.5079883015774832,0.771159712891871,0.7661128846098049,0.0,0.06098022924298859,0.06275784700909263
14.0,mse_oracle,nan,7.0,1.0,7.0,0.5224578074883894,0.7747964716817484,0.8045068304461763,0.0,0.05906556293370566,0.06158839430093105
14.0,mse_oracle,nan,8.0,1.0,8.0,0.5432073651565434,0.7664753883908214,0.825470228634622,1.0,0.05724934414780094,0.05696441024054176
14.0,mse_oracle,nan,9.0,2.0,1.0,0.5347517606587668,1.0,1.0,0.0,0.07126450573193835,0.07126450573193835
14.0,mse_oracle,nan,10.0,2.0,2.0,0.5530745539289423,0.8020315058876493,0.7781762197113745,1.0,0.10329458844407138,0.09708127089334748
14.0,mse_oracle,nan,11.0,2.0,3.0,0.5443564413469052,0.9066381027944731,0.9182379418248908,1.0,0.07012987819370267,0.06686844318727428
14.0,mse_oracle,nan,12.0,2.0,4.0,0.5558379219560685,0.8809354482215398,0.8551853415031178,1.0,0.08492192154726658,0.08308942511492168
14.0,mse_oracle,nan,13.0,2.0,5.0,0.565249651541699,0.772036411252646,0.735504696690522,1.0,0.07972184621617738,0.07406203585564629
14.0,mse_oracle,nan,14.0,2.0,6.0,0.5429350354515264,0.817323913651134,0.7364530017417732,1.0,0.07546291754384854,0.07023760212430812
14.0,mse_oracle,nan,15.0,2.0,7.0,0.5579465304623116,0.7204377175399767,0.704178100090959,1.0,0.1077398419159707,0.10325488960227161
14.0,mse_oracle,nan,16.0,2.0,8.0,0.5845890682211051,0.8508218167627151,0.8528400963531284,1.0,0.08027188675530735,0.07374987810458108
15.0,raw,nan,0.0,0.0,0.0,0.4381825474072605,1.0,1.0,0.0,nan,nan
15.0,raw,nan,1.0,1.0,1.0,0.43964244708238565,1.0,1.0,0.0,nan,nan
15.0,raw,nan,2.0,1.0,2.0,0.4594616650725909,0.715612823158299,0.7006400056641543,0.0,nan,nan
15.0,raw,nan,3.0,1.0,3.0,0.45753741039227813,0.805472483437727,0.9078760219134818,0.0,nan,nan
15.0,raw,nan,4.0,1.0,4.0,0.4575486388970939,0.7249079378977447,0.7618488276161177,0.0,nan,nan
15.0,raw,nan,5.0,1.0,5.0,0.47048069953111066,0.7211558940594418,0.8261320250459299,0.0,nan,nan
15.0,raw,nan,6.0,1.0,6.0,0.5189562923543726,0.7228932623893515,0.72695498982046,0.0,nan,nan
15.0,raw,nan,7.0,1.0,7.0,0.4987813714326165,0.8052959901517552,0.8335335415925236,0.0,nan,nan
15.0,raw,nan,8.0,1.0,8.0,0.5410704403885135,0.7136125757194506,0.6846584079541695,0.0,nan,nan
15.0,raw,nan,9.0,2.0,1.0,0.542288576371513,1.0,1.0,0.0,nan,nan
15.0,raw,nan,10.0,2.0,2.0,0.562209216846943,0.8110157251243765,0.8990417968618611,0.0,nan,nan
15.0,raw,nan,11.0,2.0,3.0,0.5393022330686261,0.794674471188108,0.8764484972144377,0.0,nan,nan
15.0,raw,nan,12.0,2.0,4.0,0.5770012221154524,0.552551707901366,0.44475315377124214,0.0,nan,nan
15.0,raw,nan,13.0,2.0,5.0,0.5657508604262208,0.6851124545723792,0.670714382640777,0.0,nan,nan
15.0,raw,nan,14.0,2.0,6.0,0.5831551203294247,0.5539347622330354,0.8631912774643574,0.0,nan,nan
15.0,raw,nan,15.0,2.0,7.0,0.5754262100085139,0.5848903123853088,0.6886509393590082,0.0,nan,nan
15.0,raw,nan,16.0,2.0,8.0,0.42656561273249954,0.4334835708255945,0.264321394492314,0.0,nan,nan
15.0,ppo,nan,0.0,0.0,0.0,0.4381825474072605,1.0,1.0,0.0,nan,nan
15.0,ppo,nan,1.0,1.0,1.0,0.43964244708238565,1.0,1.0,1.0,nan,nan
15.0,ppo,nan,2.0,1.0,2.0,0.447951666382563,0.715612823158299,0.7006400056641543,1.0,nan,nan
15.0,ppo,nan,3.0,1.0,3.0,0.4489317498054201,0.8133302298191604,0.9031523929680073,1.0,nan,nan
15.0,ppo,nan,4.0,1.0,4.0,0.44260771276251165,0.769190090636426,0.8235949580530002,1.0,nan,nan
15.0,ppo,nan,5.0,1.0,5.0,0.46955362569048653,0.7100867902433426,0.7032039175511731,1.0,nan,nan
15.0,ppo,nan,6.0,1.0,6.0,0.4891589499030783,0.8141376842994827,0.7349684843654127,1.0,nan,nan
15.0,ppo,nan,7.0,1.0,7.0,0.5041916412422707,0.7494413775609463,0.6409782074729373,1.0,nan,nan
15.0,ppo,nan,8.0,1.0,8.0,0.5200597156685967,0.8504666860214832,0.8369156078998938,1.0,nan,nan
15.0,ppo,nan,9.0,2.0,1.0,0.5260549232319188,1.0,1.0,1.0,nan,nan
15.0,ppo,nan,10.0,2.0,2.0,0.5501734694669755,0.9439484477195017,0.9727587194404904,1.0,nan,nan
15.0,ppo,nan,11.0,2.0,3.0,0.5416586792913632,0.9698934783535015,0.9758301181826587,1.0,nan,nan
15.0,ppo,nan,12.0,2.0,4.0,0.5393695495435674,0.8694538603690695,0.8364013945790439,1.0,nan,nan
15.0,ppo,nan,13.0,2.0,5.0,0.5699363829760786,0.8623201116879406,0.9243981692008857,1.0,nan,nan
15.0,ppo,nan,14.0,2.0,6.0,0.5797179703877876,0.8145875372933327,0.8280054719324923,1.0,nan,nan
15.0,ppo,nan,15.0,2.0,7.0,0.5513719768143555,0.9377955367595002,0.9402032083835646,1.0,nan,nan
15.0,ppo,nan,16.0,2.0,8.0,0.5302798654068508,0.8105515208826859,0.8275540600025878,1.0,nan,nan
15.0,mse_oracle,nan,0.0,0.0,0.0,0.4381825474072605,1.0,1.0,0.0,nan,nan
15.0,mse_oracle,nan,1.0,1.0,1.0,0.43964244708238565,1.0,1.0,0.0,0.06706072794876566,0.06706072794876566
15.0,mse_oracle,nan,2.0,1.0,2.0,0.4594616650725909,0.715612823158299,0.7006400056641543,0.0,0.07649454667606195,0.08196565803370474
15.0,mse_oracle,nan,3.0,1.0,3.0,0.45753741039227813,0.805472483437727,0.9078760219134818,0.0,0.07007884831521884,0.07545326643260483
15.0,mse_oracle,nan,4.0,1.0,4.0,0.4572436186004676,0.7249079378977447,0.7618488276161177,1.0,0.07578995238086433,0.07513653367395567
15.0,mse_oracle,nan,5.0,1.0,5.0,0.4756344204744801,0.787618565859014,0.8279194723086494,1.0,0.07380607091891096,0.07311708678751667
15.0,mse_oracle,nan,6.0,1.0,6.0,0.5185821425886478,0.787451704516963,0.7943828090984908,1.0,0.06792122131602042,0.06489513636602248
15.0,mse_oracle,nan,7.0,1.0,7.0,0.49948252822608363,0.905610283052704,0.9348327355353766,1.0,0.05594568453309888,0.05242398835412493
15.0,mse_oracle,nan,8.0,1.0,8.0,0.5374822153391655,0.8107004902515581,0.7999172017547438,1.0,0.06166375929427041,0.06009994531284108
15.0,mse_oracle,nan,9.0,2.0,1.0,0.5242437706276936,1.0,1.0,0.0,0.0694842678397356,0.0694842678397356
15.0,mse_oracle,nan,10.0,2.0,2.0,0.5311954822611258,0.7701586259072003,0.904667332745004,1.0,0.1220530990167293,0.11874600611494067
15.0,mse_oracle,nan,11.0,2.0,3.0,0.5424370263204142,0.7556295681688375,0.7705839386560952,1.0,0.12041253082775656,0.116023923807594
15.0,mse_oracle,nan,12.0,2.0,4.0,0.5533352086868708,0.78202783631126,0.8068941981186223,1.0,0.1171600784191325,0.10893678693188677
15.0,mse_oracle,nan,13.0,2.0,5.0,0.5870995248853232,0.8789252137426496,0.8838743964726049,1.0,0.07691382337070526,0.07264760328627823
15.0,mse_oracle,nan,14.0,2.0,6.0,0.5855008153525877,0.8915554927391353,0.9328848364817749,1.0,0.06965714647268485,0.06249031162435388
15.0,mse_oracle,nan,15.0,2.0,7.0,0.5869701069541731,0.9636892452054273,0.9581523851339936,1.0,0.053456630161869426,0.04268257686305469
15.0,mse_oracle,nan,16.0,2.0,8.0,0.575834528253922,0.9025636531598435,0.9419208246232406,1.0,0.0602499582885125,0.05172050270454305
16.0,raw,nan,0.0,0.0,0.0,0.4381825474072605,1.0,1.0,0.0,nan,nan
16.0,raw,nan,1.0,1.0,1.0,0.4418320129486405,1.0,1.0,0.0,nan,nan
16.0,raw,nan,2.0,1.0,2.0,0.4209267557619284,0.6950794975977767,0.7452390155565168,0.0,nan,nan
16.0,raw,nan,3.0,1.0,3.0,0.45356591665966833,0.5486408110257579,0.5370971851482514,0.0,nan,nan
16.0,raw,nan,4.0,1.0,4.0,0.44376312209483526,0.7015579993027888,0.7293636827012847,0.0,nan,nan
16.0,raw,nan,5.0,1.0,5.0,0.47659243193946077,0.5741348173934372,0.5685528400937935,0.0,nan,nan
16.0,raw,nan,6.0,1.0,6.0,0.48953444558876447,0.6694867782892567,0.7268885617606116,0.0,nan,nan
16.0,raw,nan,7.0,1.0,7.0,0.5337656105831464,0.6566084263887383,0.5863434783986726,0.0,nan,nan
16.0,raw,nan,8.0,1.0,8.0,0.5401216258981097,0.793245790832222,0.8146588449443999,0.0,nan,nan
16.0,raw,nan,9.0,2.0,1.0,0.5479900223303762,1.0,1.0,0.0,nan,nan
16.0,raw,nan,10.0,2.0,2.0,0.5480917248341615,0.8723625059992232,0.9080806723084113,0.0,nan,nan
16.0,raw,nan,11.0,2.0,3.0,0.5727908578640731,0.8530160495421436,0.8665431238816127,0.0,nan,nan
16.0,raw,nan,12.0,2.0,4.0,0.5415184524912912,0.8773671049942628,0.8582235000859381,0.0,nan,nan
16.0,raw,nan,13.0,2.0,5.0,0.5590544195471538,0.7467448041685828,0.7556565887145368,0.0,nan,nan
16.0,raw,nan,14.0,2.0,6.0,0.5605887715955494,0.7498983362638292,0.7630190999636228,0.0,nan,nan
16.0,raw,nan,15.0,2.0,7.0,0.5849702616359824,0.8263091641866358,0.8544854147411203,0.0,nan,nan
16.0,raw,nan,16.0,2.0,8.0,0.5903127833051715,0.7063729733230097,0.8188086424110094,0.0,nan,nan
16.0,ppo,nan,0.0,0.0,0.0,0.4381825474072605,1.0,1.0,0.0,nan,nan
16.0,ppo,nan,1.0,1.0,1.0,0.4418320129486405,1.0,1.0,1.0,nan,nan
16.0,ppo,nan,2.0,1.0,2.0,0.4458913902406351,0.6950794975977767,0.7452390155565168,1.0,nan,nan
16.0,ppo,nan,3.0,1.0,3.0,0.4679089196057498,0.75633872399993,0.7122284763591603,1.0,nan,nan
16.0,ppo,nan,4.0,1.0,4.0,0.4701815816602947,0.7933172908669007,0.7942672491350274,1.0,nan,nan
16.0,ppo,nan,5.0,1.0,5.0,0.49447449017676487,0.8183126476589574,0.8326412136951891,1.0,nan,nan
16.0,ppo,nan,6.0,1.0,6.0,0.4784916073503514,0.8637663487685192,0.9072678655016292,1.0,nan,nan
16.0,ppo,nan,7.0,1.0,7.0,0.5029875268820134,0.8012084192447801,0.7730668475917031,1.0,nan,nan
16.0,ppo,nan,8.0,1.0,8.0,0.5083709404158696,0.8844919845650688,0.905599240099461,1.0,nan,nan
16.0,ppo,nan,9.0,2.0,1.0,0.5233164296702912,1.0,1.0,1.0,nan,nan
16.0,ppo,nan,10.0,2.0,2.0,0.5309402470303561,0.8414989351924178,0.8626780647010673,1.0,nan,nan
16.0,ppo,nan,11.0,2.0,3.0,0.48640018658909023,0.882908831839077,0.8764532113241483,1.0,nan,nan
16.0,ppo,nan,12.0,2.0,4.0,0.5149514230530147,0.8125634309978196,0.8315796334435557,1.0,nan,nan
16.0,ppo,nan,13.0,2.0,5.0,0.5354616153102528,0.7990274243433445,0.766765937141362,1.0,nan,nan
16.0,ppo,nan,14.0,2.0,6.0,0.544456422647682,0.6971030121375478,0.6478218669575383,1.0,nan,nan
16.0,ppo,nan,15.0,2.0,7.0,0.5533774589491453,0.794825728147651,0.8467698998186445,1.0,nan,nan
16.0,ppo,nan,16.0,2.0,8.0,0.47922649002006656,0.8346983026606393,0.7813600597410103,1.0,nan,nan
16.0,mse_oracle,nan,0.0,0.0,0.0,0.4381825474072605,1.0,1.0,0.0,nan,nan
16.0,mse_oracle,nan,1.0,1.0,1.0,0.4418320129486405,1.0,1.0,0.0,0.06706072794876566,0.06706072794876566
16.0,mse_oracle,nan,2.0,1.0,2.0,0.4209267557619284,0.6950794975977767,0.7452390155565168,0.0,0.08044537535497809,0.08305565275106055
16.0,mse_oracle,nan,3.0,1.0,3.0,0.4603476557056187,0.5486408110257579,0.5370971851482514,1.0,0.09854490606955187,0.09482862369646115
16.0,mse_oracle,nan,4.0,1.0,4.0,0.464547316812192,0.7492977196224555,0.7668141803267111,1.0,0.07142828391351116,0.06412916235972424
16.0,mse_oracle,nan,5.0,1.0,5.0,0.48401333983790495,0.7390464877899243,0.7223059677422393,1.0,0.07237801645654271,0.0681584430448807
16.0,mse_oracle,nan,6.0,1.0,6.0,0.49491770798806944,0.8358924892069602,0.8701450285184118,1.0,0.06545023522894813,0.06350849513704375
16.0,mse_oracle,nan,7.0,1.0,7.0,0.4991646724983218,0.8402805936819151,0.7740748496122167,1.0,0.06069787280316841,0.0588762583192618
16.0,mse_oracle,nan,8.0,1.0,8.0,0.5146462708617823,0.8275093422615567,0.8310953740715383,0.0,0.06185816965836072,0.06222894047693798
16.0,mse_oracle,nan,9.0,2.0,1.0,0.5268182620684126,1.0,1.0,0.0,0.07014807445059099,0.07014807445059099
16.0,mse_oracle,nan,10.0,2.0,2.0,0.5335078329658179,0.8896879772969297,0.9002449192115705,0.0,0.07026185132280213,0.070606145389083
16.0,mse_oracle,nan,11.0,2.0,3.0,0.5443186716985403,0.9047413919397317,0.9017573537243744,1.0,0.07088415724886094,0.06996589958515435
16.0,mse_oracle,nan,12.0,2.0,4.0,0.5250386245417884,0.8754184790135602,0.8411789793709868,0.0,0.08935957297873534,0.09342167579214394
16.0,mse_oracle,nan,13.0,2.0,5.0,0.563711559696793,0.7777715768103788,0.8030865759003856,1.0,0.08089599882204067,0.07648323600601507
16.0,mse_oracle,nan,14.0,2.0,6.0,0.5632871259884119,0.7861063501218295,0.8052502539198313,0.0,0.07879898267533675,0.08019075210990498
16.0,mse_oracle,nan,15.0,2.0,7.0,0.5773736139622974,0.737269668560791,0.7780342816070364,1.0,0.07849899080384629,0.07572200524410906
16.0,mse_oracle,nan,16.0,2.0,8.0,0.575558637387269,0.7521033910906941,0.7806606188702557,1.0,0.08254702035535179,0.0819523407659203
17.0,raw,nan,0.0,0.0,0.0,0.4381825474072605,1.0,1.0,0.0,nan,nan
17.0,raw,nan,1.0,1.0,1.0,0.4399357454293959,1.0,1.0,0.0,nan,nan
17.0,raw,nan,2.0,1.0,2.0,0.458321678089415,0.9100977062366286,0.9054582463275797,0.0,nan,nan
17.0,raw,nan,3.0,1.0,3.0,0.47043551795245064,0.8907143459265509,0.8819158686909807,0.0,nan,nan
17.0,raw,nan,4.0,1.0,4.0,0.46221314397562324,0.7856240274348827,0.8462675694219723,0.0,nan,nan
17.0,raw,nan,5.0,1.0,5.0,0.4668473902890425,0.6644884537418373,0.6095024054864593,0.0,nan,nan
17.0,raw,nan,6.0,1.0,6.0,0.4890732035026443,0.6347341564941928,0.6015948860507234,0.0,nan,nan
17.0,raw,nan,7.0,1.0,7.0,0.5050115002751069,0.7726652970143649,0.8435856638461549,0.0,nan,nan
17.0,raw,nan,8.0,1.0,8.0,0.545697844320742,0.8094048982984529,0.8609254268643105,0.0,nan,nan
17.0,raw,nan,9.0,2.0,1.0,0.5638115290183376,1.0,1.0,0.0,nan,nan
17.0,raw,nan,10.0,2.0,2.0,0.5806023907997921,0.894678053441995,0.8782997071732284,0.0,nan,nan
17.0,raw,nan,11.0,2.0,3.0,0.5773705800391401,0.8296877526182556,0.8864977806740757,0.0,nan,nan
17.0,raw,nan,12.0,2.0,4.0,0.5402485657371439,0.6905214896887183,0.7420045232488862,0.0,nan,nan
17.0,raw,nan,13.0,2.0,5.0,0.5358584593441561,0.5534441189684907,0.661558638063332,0.0,nan,nan
17.0,raw,nan,14.0,2.0,6.0,0.5574572333595794,0.48403309686231416,0.38008807500999475,0.0,nan,nan
17.0,raw,nan,15.0,2.0,7.0,0.564379763101773,0.594228429321483,0.5835590288270457,0.0,nan,nan
17.0,raw,nan,16.0,2.0,8.0,0.4758689180468418,0.555980273598623,0.6857003326842489,0.0,nan,nan
17.0,ppo,nan,0.0,0.0,0.0,0.4381825474072605,1.0,1.0,0.0,nan,nan
17.0,ppo,nan,1.0,1.0,1.0,0.4399357454293959,1.0,1.0,1.0,nan,nan
17.0,ppo,nan,2.0,1.0,2.0,0.4636054843805657,0.9100977062366286,0.9054582463275797,1.0,nan,nan
17.0,ppo,nan,3.0,1.0,3.0,0.4763438128571223,0.9301819127627864,0.9316950174824614,1.0,nan,nan
17.0,ppo,nan,4.0,1.0,4.0,0.4688854586240781,0.8831697087944647,0.8749108979490201,1.0,nan,nan
17.0,ppo,nan,5.0,1.0,5.0,0.47744248228465624,0.8361365020293341,0.7978251165517954,1.0,nan,nan
17.0,ppo,nan,6.0,1.0,6.0,0.49999961026539813,0.8193859913175827,0.8472723263351098,1.0,nan,nan
17.0,ppo,nan,7.0,1.0,7.0,0.4908823374931955,0.8821626393690095,0.8936560630123028,1.0,nan,nan
17.0,ppo,nan,8.0,1.0,8.0,0.5297401081959899,0.8685074057782687,0.8897237384647166,1.0,nan,nan
17.0,ppo,nan,9.0,2.0,1.0,0.5377605099666505,1.0,1.0,1.0,nan,nan
17.0,ppo,nan,10.0,2.0,2.0,0.5490752579108499,0.9349190586306634,0.93201372348212,1.0,nan,nan
17.0,ppo,nan,11.0,2.0,3.0,0.5518603412016713,0.8376844553443463,0.9011637395845575,1.0,nan,nan
17.0,ppo,nan,12.0,2.0,4.0,0.5661268569426047,0.8283099252723124,0.8016351728816293,1.0,nan,nan
17.0,ppo,nan,13.0,2.0,5.0,0.5639025226594996,0.8248906307412867,0.7465861619883379,1.0,nan,nan
17.0,ppo,nan,14.0,2.0,6.0,0.5620521599451979,0.8994456308886192,0.9016301825762403,1.0,nan,nan
17.0,ppo,nan,15.0,2.0,7.0,0.5669343034339054,0.8489819213576175,0.8595329526126186,1.0,nan,nan
17.0,ppo,nan,16.0,2.0,8.0,0.5562722599322609,0.8509815590927025,0.9126717847531396,1.0,nan,nan
17.0,mse_oracle,nan,0.0,0.0,0.0,0.4381825474072605,1.0,1.0,0.0,nan,nan
17.0,mse_oracle,nan,1.0,1.0,1.0,0.4399357454293959,1.0,1.0,0.0,0.06706072794876566,0.06706072794876566
17.0,mse_oracle,nan,2.0,1.0,2.0,0.4636054843805657,0.9100977062366286,0.9054582463275797,1.0,0.07108805633614776,0.06946672860102376
17.0,mse_oracle,nan,3.0,1.0,3.0,0.47316066390745065,0.9301819127627864,0.9316950174824614,0.0,0.06581618285968824,0.06702393436749055
17.0,mse_oracle,nan,4.0,1.0,4.0,0.46743870764081935,0.7986065249507467,0.852062201590921,0.0,0.06793294180314051,0.06984974056812718
17.0,mse_oracle,nan,5.0,1.0,5.0,0.4707503452190708,0.6945336303792655,0.639164596316988,0.0,0.07399743372927094,0.07542687515182778
17.0,mse_oracle,nan,6.0,1.0,6.0,0.4861660966011776,0.6637300077234995,0.6269012135664042,1.0,0.08031025693398029,0.07583408969803587
17.0,mse_oracle,nan,7.0,1.0,7.0,0.49959075180190526,0.7632526655564196,0.8541926351306495,0.0,0.06562567063194205,0.06628870472821594
17.0,mse_oracle,nan,8.0,1.0,8.0,0.5292806268490233,0.8096635045633017,0.8442918597801504,1.0,0.06550411499121309,0.05578710460941111
17.0,mse_oracle,nan,9.0,2.0,1.0,0.5595191768902201,1.0,1.0,0.0,0.0686858451662799,0.0686858451662799
17.0,mse_oracle,nan,10.0,2.0,2.0,0.5561305338862836,0.8827612344395882,0.920146814365831,0.0,0.08684419577128549,0.08713050487392607
17.0,mse_oracle,nan,11.0,2.0,3.0,0.5509056212886057,0.7488100823261975,0.8632699531837307,1.0,0.11792326804145721,0.11161190307705945
17.0,mse_oracle,nan,12.0,2.0,4.0,0.5574174487913849,0.734724070350099,0.7509889502599253,1.0,0.10413530672795124,0.10029955274335162
17.0,mse_oracle,nan,13.0,2.0,5.0,0.576938987157957,0.7726158231313048,0.8315286977732457,1.0,0.08353224579293948,0.08236782328785955
17.0,mse_oracle,nan,14.0,2.0,6.0,0.5774601501286718,0.8686512857472701,0.8835830405467894,1.0,0.07195720268940968,0.06901200261685858
17.0,mse_oracle,nan,15.0,2.0,7.0,0.546812717578903,0.7886115899810868,0.7028313744094191,1.0,0.09320099937676257,0.08992162796809
17.0,mse_oracle,nan,16.0,2.0,8.0,0.49600176165924187,0.707730076968702,0.43211909780663116,1.0,0.10410508162537602,0.09931367560964235
18.0,raw,nan,0.0,0.0,0.0,0.4381825474072605,1.0,1.0,0.0,nan,nan
18.0,raw,nan,1.0,1.0,1.0,0.44564624719180174,1.0,1.0,0.0,nan,nan
18.0,raw,nan,2.0,1.0,2.0,0.45469383771288996,0.8751051973796429,0.8849804080644937,0.0,nan,nan
18.0,raw,nan,3.0,1.0,3.0,0.4646558769632292,0.7346732474477864,0.7343906080292696,0.0,nan,nan
18.0,raw,nan,4.0,1.0,4.0,0.4636803774364978,0.7624084244226669,0.7753911439593171,0.0,nan,nan
18.0,raw,nan,5.0,1.0,5.0,0.45375685139420313,0.7073635689372005,0.6687100763211801,0.0,nan,nan
18.0,raw,nan,6.0,1.0,6.0,0.48215914967748363,0.5487391102862033,0.43224935480361976,0.0,nan,nan
18.0,raw,nan,7.0,1.0,7.0,0.49834754160187883,0.6972314968607124,0.6883013208464204,0.0,nan,nan
18.0,raw,nan,8.0,1.0,8.0,0.49622479455729085,0.7120978545062672,0.7364657815700785,0.0,nan,nan
18.0,raw,nan,9.0,2.0,1.0,0.5468198480287134,1.0,1.0,0.0,nan,nan
18.0,raw,nan,10.0,2.0,2.0,0.5563025849809429,0.7343378704808898,0.8185375670340188,0.0,nan,nan
18.0,raw,nan,11.0,2.0,3.0,0.5506116330432987,0.6486501270247939,0.6859132420118291,0.0,nan,nan
18.0,raw,nan,12.0,2.0,4.0,0.5346877071873077,0.4006452194261911,0.2803359617585363,0.0,nan,nan
18.0,raw,nan,13.0,2.0,5.0,0.5623365034009129,0.39429709210160463,0.5565899495887634,0.0,nan,nan
18.0,raw,nan,14.0,2.0,6.0,0.4056164626291833,0.4013123722566256,0.3415724741317969,0.0,nan,nan
18.0,raw,nan,15.0,2.0,7.0,0.4341443916934718,0.21066612181018193,0.27522322606053484,0.0,nan,nan
18.0,raw,nan,16.0,2.0,8.0,0.4436919898151739,0.1850474616617018,0.32177114053433176,0.0,nan,nan
18.0,ppo,nan,0.0,0.0,0.0,0.4381825474072605,1.0,1.0,0.0,nan,nan
18.0,ppo,nan,1.0,1.0,1.0,0.44564624719180174,1.0,1.0,1.0,nan,nan
18.0,ppo,nan,2.0,1.0,2.0,0.4527827884441681,0.8751051973796429,0.8849804080644937,1.0,nan,nan
18.0,ppo,nan,3.0,1.0,3.0,0.46968908496041195,0.7529383365077146,0.7514474300634759,1.0,nan,nan
18.0,ppo,nan,4.0,1.0,4.0,0.4709694274607296,0.8795285846169089,0.8564936508950961,1.0,nan,nan
18.0,ppo,nan,5.0,1.0,5.0,0.4878619284800265,0.8827550360174939,0.8472833977696267,1.0,nan,nan
18.0,ppo,nan,6.0,1.0,6.0,0.48026291071499816,0.8883485378488418,0.8658948671164469,1.0,nan,nan
18.0,ppo,nan,7.0,1.0,7.0,0.49047912286025225,0.8150235546057181,0.8089288479364588,1.0,nan,nan
18.0,ppo,nan,8.0,1.0,8.0,0.49502291016771044,0.8517647907397555,0.8572892338164009,1.0,nan,nan
18.0,ppo,nan,9.0,2.0,1.0,0.5106230245147646,1.0,1.0,1.0,nan,nan
18.0,ppo,nan,10.0,2.0,2.0,0.5193458436068346,0.8352665322186262,0.8987525983846126,1.0,nan,nan
18.0,ppo,nan,11.0,2.0,3.0,0.5313718257548765,0.8131099066594856,0.8449809935743621,1.0,nan,nan
18.0,ppo,nan,12.0,2.0,4.0,0.5361967100246855,0.8345386285003022,0.8473872567837608,1.0,nan,nan
18.0,ppo,nan,13.0,2.0,5.0,0.5440067659976522,0.8644526929903844,0.8854798039545523,1.0,nan,nan
18.0,ppo,nan,14.0,2.0,6.0,0.49795956788849566,0.9015218720981524,0.9301291895510825,1.0,nan,nan
18.0,ppo,nan,15.0,2.0,7.0,0.5519493450916022,0.8344460578812868,0.8019982226309911,1.0,nan,nan
18.0,ppo,nan,16.0,2.0,8.0,0.5708856903091468,0.870595056971817,0.8500321806325197,1.0,nan,nan
18.0,mse_oracle,nan,0.0,0.0,0.0,0.4381825474072605,1.0,1.0,0.0,nan,nan
18.0,mse_oracle,nan,1.0,1.0,1.0,0.44564624719180174,1.0,1.0,0.0,0.06706072794876566,0.06706072794876566
18.0,mse_oracle,nan,2.0,1.0,2.0,0.45469383771288996,0.8751051973796429,0.8849804080644937,0.0,0.06939446861186696,0.07195663341463895
18.0,mse_oracle,nan,3.0,1.0,3.0,0.4646558769632292,0.7346732474477864,0.7343906080292696,0.0,0.07437048524042676,0.07775892951493513
18.0,mse_oracle,nan,4.0,1.0,4.0,0.4636803774364978,0.7624084244226669,0.7753911439593171,0.0,0.07071580443927994,0.07427960417083945
18.0,mse_oracle,nan,5.0,1.0,5.0,0.45375685139420313,0.7073635689372005,0.6687100763211801,0.0,0.07348407089620013,0.07515551635241888
18.0,mse_oracle,nan,6.0,1.0,6.0,0.48874960393746575,0.5487391102862033,0.43224935480361976,1.0,0.089619540194832,0.08641481137103771
18.0,mse_oracle,nan,7.0,1.0,7.0,0.5087604175853547,0.7650027679325043,0.7754167871358822,1.0,0.06556340179166023,0.06232184148327688
18.0,mse_oracle,nan,8.0,1.0,8.0,0.4845762350263259,0.8376389519641133,0.839796881075055,1.0,0.06129897262309878,0.05333438310283217
18.0,mse_oracle,nan,9.0,2.0,1.0,0.47919584307447577,1.0,1.0,0.0,0.06385365357546166,0.06385365357546166
18.0,mse_oracle,nan,10.0,2.0,2.0,0.49691686857423656,0.6591038222765015,0.7829378146668917,1.0,0.14308766107461485,0.13517003920444956
18.0,mse_oracle,nan,11.0,2.0,3.0,0.5440848412420329,0.681939864934021,0.8005823104145857,1.0,0.12738832358286956,0.11965203050918641
18.0,mse_oracle,nan,12.0,2.0,4.0,0.5451896306723901,0.6528997366343885,0.619336980211389,1.0,0.14217230798458996,0.13500023587407736
18.0,mse_oracle,nan,13.0,2.0,5.0,0.5511832050745729,0.714932943777882,0.772392633271402,1.0,0.12004936495436436,0.11680653530875941
18.0,mse_oracle,nan,14.0,2.0,6.0,0.4485786303591758,0.7499320473774848,0.7127169029998056,1.0,0.11275472739578052,0.11189455176604894
18.0,mse_oracle,nan,15.0,2.0,7.0,0.5379970093199338,0.7314698235573879,0.7366321728335765,1.0,0.07080075383786308,0.06981517277165347
18.0,mse_oracle,nan,16.0,2.0,8.0,0.5467252161395496,0.7514420889482109,0.7013378237009585,1.0,0.0864727689067281,0.08412356681988298
19.0,raw,nan,0.0,0.0,0.0,0.4381825474072605,1.0,1.0,0.0,nan,nan
19.0,raw,nan,1.0,1.0,1.0,0.43375496258617674,1.0,1.0,0.0,nan,nan
19.0,raw,nan,2.0,1.0,2.0,0.4400132263668701,0.7619434331129012,0.6901400708645613,0.0,nan,nan
19.0,raw,nan,3.0,1.0,3.0,0.46369627312388983,0.74424084617628,0.7300889059827463,0.0,nan,nan
19.0,raw,nan,4.0,1.0,4.0,0.4526821321396435,0.7784257675557653,0.7584713884860692,0.0,nan,nan
19.0,raw,nan,5.0,1.0,5.0,0.4945580597095958,0.7045695869802925,0.6228319269697483,0.0,nan,nan
19.0,raw,nan,6.0,1.0,6.0,0.48157930318391745,0.8075108364407299,0.8718956941507193,0.0,nan,nan
19.0,raw,nan,7.0,1.0,7.0,0.5078683009830146,0.7192215709852837,0.782715516746694,0.0,nan,nan
19.0,raw,nan,8.0,1.0,8.0,0.5263933471278035,0.7893127194991963,0.7739925787802778,0.0,nan,nan
19.0,raw,nan,9.0,2.0,1.0,0.5419560578889889,1.0,1.0,0.0,nan,nan
19.0,raw,nan,10.0,2.0,2.0,0.5205308930882293,0.9382578782522084,0.9255055008278582,0.0,nan,nan
19.0,raw,nan,11.0,2.0,3.0,0.5451229371464025,0.7544649115304896,0.891073574295603,0.0,nan,nan
19.0,raw,nan,12.0,2.0,4.0,0.5699560419274247,0.6786061551288776,0.701577155464531,0.0,nan,nan
19.0,raw,nan,13.0,2.0,5.0,0.5565725807913096,0.7262430194809734,0.7233554232912297,0.0,nan,nan
19.0,raw,nan,14.0,2.0,6.0,0.550501777258409,0.6891197758212148,0.7101109507756649,0.0,nan,nan
19.0,raw,nan,15.0,2.0,7.0,0.5489785948809254,0.4425129412493624,0.457990331661599,0.0,nan,nan
19.0,raw,nan,16.0,2.0,8.0,0.5720840935363379,0.33391566671107253,0.5205909973320512,0.0,nan,nan
19.0,ppo,nan,0.0,0.0,0.0,0.4381825474072605,1.0,1.0,0.0,nan,nan
19.0,ppo,nan,1.0,1.0,1.0,0.43375496258617674,1.0,1.0,1.0,nan,nan
19.0,ppo,nan,2.0,1.0,2.0,0.43927196446505934,0.7619434331129012,0.6901400708645613,1.0,nan,nan
19.0,ppo,nan,3.0,1.0,3.0,0.4627376711216105,0.8347529525298121,0.8230054144923639,1.0,nan,nan
19.0,ppo,nan,4.0,1.0,4.0,0.4688572137326606,0.8334581442444884,0.8649146528891968,1.0,nan,nan
19.0,ppo,nan,5.0,1.0,5.0,0.49162652479415325,0.8575966392021687,0.8318011853618001,1.0,nan,nan
19.0,ppo,nan,6.0,1.0,6.0,0.47495379786387015,0.8414344324115335,0.9093301930676576,1.0,nan,nan
19.0,ppo,nan,7.0,1.0,7.0,0.4932539533952678,0.776813361946894,0.8557742544674731,1.0,nan,nan
19.0,ppo,nan,8.0,1.0,8.0,0.5191874034900412,0.8140279074620744,0.7582472091796592,1.0,nan,nan
19.0,ppo,nan,9.0,2.0,1.0,0.5271645946193652,1.0,1.0,1.0,nan,nan
19.0,ppo,nan,10.0,2.0,2.0,0.516453352077665,0.9088393306971422,0.9127898542881265,1.0,nan,nan
19.0,ppo,nan,11.0,2.0,3.0,0.5292018180984357,0.8203187298093287,0.9008028608353825,1.0,nan,nan
19.0,ppo,nan,12.0,2.0,4.0,0.5050881787058829,0.8514924327929916,0.8910856156119271,1.0,nan,nan
19.0,ppo,nan,13.0,2.0,5.0,0.5354112630369142,0.7228114447220164,0.7940033674652124,1.0,nan,nan
19.0,ppo,nan,14.0,2.0,6.0,0.5613350524884673,0.8599624814659274,0.8739886563267137,1.0,nan,nan
19.0,ppo,nan,15.0,2.0,7.0,0.5640858650217265,0.8502459275272023,0.7836049698197051,1.0,nan,nan
19.0,ppo,nan,16.0,2.0,8.0,0.5797913319300845,0.8727003205637233,0.8648033151670366,1.0,nan,nan
19.0,mse_oracle,nan,0.0,0.0,0.0,0.4381825474072605,1.0,1.0,0.0,nan,nan
19.0,mse_oracle,nan,1.0,1.0,1.0,0.43375496258617674,1.0,1.0,0.0,0.06706072794876566,0.06706072794876566
19.0,mse_oracle,nan,2.0,1.0,2.0,0.4400132263668701,0.7619434331129012,0.6901400708645613,0.0,0.07708732987726172,0.08196692088011824
19.0,mse_oracle,nan,3.0,1.0,3.0,0.46369627312388983,0.74424084617628,0.7300889059827463,0.0,0.07883797446922895,0.082196769674149
19.0,mse_oracle,nan,4.0,1.0,4.0,0.4597194863928094,0.7784257675557653,0.7584713884860692,1.0,0.07330434367696868,0.07311225054990786
19.0,mse_oracle,nan,5.0,1.0,5.0,0.49250497597065984,0.7776474651698645,0.7422719107175801,1.0,0.07382152527520464,0.07089828236957837
19.0,mse_oracle,nan,6.0,1.0,6.0,0.4889846397487013,0.8097133990559272,0.8996553398916152,0.0,0.06180770197826472,0.06248632724699544
19.0,mse_oracle,nan,7.0,1.0,7.0,0.5041363908370062,0.7665884208022288,0.8027469957305122,1.0,0.0637051049162308,0.06059343228493044
19.0,mse_oracle,nan,8.0,1.0,8.0,0.5258714044093818,0.8238503180244358,0.7941163744955992,1.0,0.06036558857254032,0.060000436761588456
19.0,mse_oracle,nan,9.0,2.0,1.0,0.5313101495109057,1.0,1.0,0.0,0.06961403908393354,0.06961403908393354
19.0,mse_oracle,nan,10.0,2.0,2.0,0.5163386077465958,0.9352986450621414,0.9239502380169199,1.0,0.06756086128725167,0.06371162619672761
19.0,mse_oracle,nan,11.0,2.0,3.0,0.5397922107650118,0.8303567723891232,0.9022628702243268,1.0,0.08800114388183986,0.08554677841135512
19.0,mse_oracle,nan,12.0,2.0,4.0,0.5187910474738041,0.8919837800286337,0.926529038322872,1.0,0.08243295837489703,0.0818810568228212
19.0,mse_oracle,nan,13.0,2.0,5.0,0.5628643603071893,0.7577570040364591,0.7907756077854926,1.0,0.10237151274405638,0.0935061153596476
19.0,mse_oracle,nan,14.0,2.0,6.0,0.5734850887168355,0.8728803013082987,0.8985764536102088,1.0,0.07881881672971414,0.0716095039280551
19.0,mse_oracle,nan,15.0,2.0,7.0,0.5770678352930025,0.841732369728815,0.7844919092632477,1.0,0.06606330875284852,0.06296031621159437
19.0,mse_oracle,nan,16.0,2.0,8.0,0.5797849185521549,0.8786703403265212,0.8499361307751566,1.0,0.060480603554412926,0.049971882926618166
20.0,raw,nan,0.0,0.0,0.0,0.4381825474072605,1.0,1.0,0.0,nan,nan
20.0,raw,nan,1.0,1.0,1.0,0.4532285629507514,1.0,1.0,0.0,nan,nan
20.0,raw,nan,2.0,1.0,2.0,0.43924303082010613,0.9497014649107577,0.9514044834831424,0.0,nan,nan
20.0,raw,nan,3.0,1.0,3.0,0.4811875452218775,0.7204594983453467,0.6809897464573783,0.0,nan,nan
20.0,raw,nan,4.0,1.0,4.0,0.48752977958083993,0.8444757753489953,0.8251666072503318,0.0,nan,nan
20.0,raw,nan,5.0,1.0,5.0,0.47940849525075285,0.7685779495903458,0.8809271010645358,0.0,nan,nan
20.0,raw,nan,6.0,1.0,6.0,0.4958829992655996,0.6630248231104197,0.6378018479590025,0.0,nan,nan
20.0,raw,nan,7.0,1.0,7.0,0.5048012735662301,0.6771934588234612,0.6561002261594007,0.0,nan,nan
20.0,raw,nan,8.0,1.0,8.0,0.5382048601614349,0.7095343168154534,0.8363746842547447,0.0,nan,nan
20.0,raw,nan,9.0,2.0,1.0,0.5712619604440293,1.0,1.0,0.0,nan,nan
20.0,raw,nan,10.0,2.0,2.0,0.5620018993960627,0.8369443018002493,0.8393945401185946,0.0,nan,nan
20.0,raw,nan,11.0,2.0,3.0,0.5511156923426315,0.6104304145237489,0.8507200027782813,0.0,nan,nan
20.0,raw,nan,12.0,2.0,4.0,0.549148367778915,0.5348779527983727,0.6518393022276747,0.0,nan,nan
20.0,raw,nan,13.0,2.0,5.0,0.5346512661758296,0.5074304018291881,0.7324096103991796,0.0,nan,nan
20.0,raw,nan,14.0,2.0,6.0,0.5492624710248604,0.4276582880196775,0.39261915836838335,0.0,nan,nan
20.0,raw,nan,15.0,2.0,7.0,0.5664966895831101,0.7532146270903219,0.7486365324381302,0.0,nan,nan
20.0,raw,nan,16.0,2.0,8.0,0.5877340846958772,0.6804922158643109,0.7470029607764277,0.0,nan,nan
20.0,ppo,nan,0.0,0.0,0.0,0.4381825474072605,1.0,1.0,0.0,nan,nan
20.0,ppo,nan,1.0,1.0,1.0,0.4532285629507514,1.0,1.0,1.0,nan,nan
20.0,ppo,nan,2.0,1.0,2.0,0.437447421836493,0.9497014649107577,0.9514044834831424,1.0,nan,nan
20.0,ppo,nan,3.0,1.0,3.0,0.4633387116482784,0.7380284986793356,0.7205987674952128,1.0,nan,nan
20.0,ppo,nan,4.0,1.0,4.0,0.4922867526094618,0.8082476935874391,0.7801899037373331,1.0,nan,nan
20.0,ppo,nan,5.0,1.0,5.0,0.489489544562739,0.8767641112656839,0.9134974087726864,1.0,nan,nan
20.0,ppo,nan,6.0,1.0,6.0,0.5034515376246456,0.8680702438388322,0.8770671925065495,1.0,nan,nan
20.0,ppo,nan,7.0,1.0,7.0,0.4855822341945206,0.903886401938608,0.9069302044386521,1.0,nan,nan
20.0,ppo,nan,8.0,1.0,8.0,0.5062445344882054,0.7703153490015187,0.895643015069897,1.0,nan,nan
20.0,ppo,nan,9.0,2.0,1.0,0.5415571696316445,1.0,1.0,1.0,nan,nan
20.0,ppo,nan,10.0,2.0,2.0,0.5348532732211896,0.8197393702106799,0.8609427135903951,1.0,nan,nan
20.0,ppo,nan,11.0,2.0,3.0,0.5549721051909763,0.6936835613182002,0.5771267724434804,1.0,nan,nan
20.0,ppo,nan,12.0,2.0,4.0,0.5559814700151491,0.806128731901655,0.8361182494804978,1.0,nan,nan
20.0,ppo,nan,13.0,2.0,5.0,0.5496226356192367,0.8356334615822084,0.8958785895222452,1.0,nan,nan
20.0,ppo,nan,14.0,2.0,6.0,0.5597331619794508,0.8564273892579601,0.8873129036335884,1.0,nan,nan
20.0,ppo,nan,15.0,2.0,7.0,0.5504616559675201,0.8518173553869727,0.885301995732315,1.0,nan,nan
20.0,ppo,nan,16.0,2.0,8.0,0.45619386391482314,0.7913676268271593,0.737826978087949,1.0,nan,nan
20.0,mse_oracle,nan,0.0,0.0,0.0,0.4381825474072605,1.0,1.0,0.0,nan,nan
20.0,mse_oracle,nan,1.0,1.0,1.0,0.4532285629507514,1.0,1.0,0.0,0.06706072794876566,0.06706072794876566
20.0,mse_oracle,nan,2.0,1.0,2.0,0.43924303082010613,0.9497014649107577,0.9514044834831424,0.0,0.06549536750714782,0.06609053233610927
20.0,mse_oracle,nan,3.0,1.0,3.0,0.4811875452218775,0.7204594983453467,0.6809897464573783,0.0,0.07798377010124194,0.07926396947196611
20.0,mse_oracle,nan,4.0,1.0,4.0,0.49558654170964855,0.8444757753489953,0.8251666072503318,1.0,0.06331399236559436,0.06155581133005909
20.0,mse_oracle,nan,5.0,1.0,5.0,0.4831388904950146,0.9052011339772197,0.9504694796720033,0.0,0.0591472147022795,0.06096278108454655
20.0,mse_oracle,nan,6.0,1.0,6.0,0.4887788062165177,0.7509080104323019,0.7628506105396489,0.0,0.06570349603460567,0.06872770208467853
20.0,mse_oracle,nan,7.0,1.0,7.0,0.4996067802670468,0.6931219536237334,0.6726457766548084,0.0,0.07281530193259453,0.07481355674592344
20.0,mse_oracle,nan,8.0,1.0,8.0,0.5252463114909156,0.7374194541820199,0.8250635290119052,1.0,0.06399064224603218,0.06155698338399756
20.0,mse_oracle,nan,9.0,2.0,1.0,0.5662781470598313,1.0,1.0,0.0,0.06712269702179224,0.06712269702179224
20.0,mse_oracle,nan,10.0,2.0,2.0,0.5671290411018867,0.8708984051865754,0.9201548880818502,1.0,0.08458029748419436,0.08300526247304091
20.0,mse_oracle,nan,11.0,2.0,3.0,0.5721270058160686,0.8249320118588649,0.8341557282528588,1.0,0.08745300314580262,0.08567025418640115
20.0,mse_oracle,nan,12.0,2.0,4.0,0.5601686826177934,0.7967231863028392,0.842443370233892,0.0,0.09089401422345927,0.09337208621806589
20.0,mse_oracle,nan,13.0,2.0,5.0,0.5701884326424229,0.615907734188512,0.7880848007216282,1.0,0.13481563267922875,0.12707685197927102
20.0,mse_oracle,nan,14.0,2.0,6.0,0.576980331347853,0.7228793693724135,0.786033383473251,1.0,0.09477578066654838,0.09198270194909407
20.0,mse_oracle,nan,15.0,2.0,7.0,0.5658194754616381,0.7838461468385841,0.8107063579024754,1.0,0.08045170529861867,0.07724483258976597
20.0,mse_oracle,nan,16.0,2.0,8.0,0.5411231371121825,0.8617838494242693,0.8563624938405502,1.0,0.06621240713704767,0.06410670210285543
21.0,raw,nan,0.0,0.0,0.0,0.4381825474072605,1.0,1.0,0.0,nan,nan
21.0,raw,nan,1.0,1.0,1.0,0.4520813159345118,1.0,1.0,0.0,nan,nan
21.0,raw,nan,2.0,1.0,2.0,0.48218533210649,0.897662660197164,0.8900527587098126,0.0,nan,nan
21.0,raw,nan,3.0,1.0,3.0,0.4893819699336802,0.8970457385424633,0.9045880937327592,0.0,nan,nan
21.0,raw,nan,4.0,1.0,4.0,0.5047761714824256,0.8471290595156175,0.842629274419661,0.0,nan,nan
21.0,raw,nan,5.0,1.0,5.0,0.4945153357285811,0.8250431052647719,0.7728753287616189,0.0,nan,nan
21.0,raw,nan,6.0,1.0,6.0,0.5171542041783276,0.6923959641513563,0.6366770398632849,0.0,nan,nan
21.0,raw,nan,7.0,1.0,7.0,0.5312065327308999,0.7951127583691033,0.8104928670069437,0.0,nan,nan
21.0,raw,nan,8.0,1.0,8.0,0.5291999661126392,0.7880351539528191,0.8209984635814405,0.0,nan,nan
21.0,raw,nan,9.0,2.0,1.0,0.5398954081109858,1.0,1.0,0.0,nan,nan
21.0,raw,nan,10.0,2.0,2.0,0.5279643077126445,0.7797230529161079,0.8482888019812813,0.0,nan,nan
21.0,raw,nan,11.0,2.0,3.0,0.5295865304854153,0.40459418503246264,0.6421776706866631,0.0,nan,nan
21.0,raw,nan,12.0,2.0,4.0,0.5537278870236527,0.40163975374900207,0.2979740519462475,0.0,nan,nan
21.0,raw,nan,13.0,2.0,5.0,0.563180049619277,0.6149920384270955,0.7072348648319183,0.0,nan,nan
21.0,raw,nan,14.0,2.0,6.0,0.5689722418979473,0.5173008741557692,0.4383555066009233,0.0,nan,nan
21.0,raw,nan,15.0,2.0,7.0,0.5305338840524024,0.45560057832677514,0.44384323153739047,0.0,nan,nan
21.0,raw,nan,16.0,2.0,8.0,0.5711474424494168,0.5409027055349485,0.5059264787035912,0.0,nan,nan
21.0,ppo,nan,0.0,0.0,0.0,0.4381825474072605,1.0,1.0,0.0,nan,nan
21.0,ppo,nan,1.0,1.0,1.0,0.4520813159345118,1.0,1.0,1.0,nan,nan
21.0,ppo,nan,2.0,1.0,2.0,0.4739471346109658,0.897662660197164,0.8900527587098126,1.0,nan,nan
21.0,ppo,nan,3.0,1.0,3.0,0.4873515579866142,0.9049883186741843,0.931857242416935,1.0,nan,nan
21.0,ppo,nan,4.0,1.0,4.0,0.4986688805450766,0.9268313132947159,0.920654153637323,1.0,nan,nan
21.0,ppo,nan,5.0,1.0,5.0,0.4996712001428562,0.9531297573055837,0.9497041818109966,1.0,nan,nan
21.0,ppo,nan,6.0,1.0,6.0,0.4536061261112955,0.892491989596576,0.9015254495395777,1.0,nan,nan
21.0,ppo,nan,7.0,1.0,7.0,0.4947110751680404,0.6874768047027382,0.7005666421507304,1.0,nan,nan
21.0,ppo,nan,8.0,1.0,8.0,0.5239330767109256,0.7587573405766959,0.8051931683910739,1.0,nan,nan
21.0,ppo,nan,9.0,2.0,1.0,0.5293424133121364,1.0,1.0,1.0,nan,nan
21.0,ppo,nan,10.0,2.0,2.0,0.523560272104094,0.7992511780152071,0.8674137523113777,1.0,nan,nan
21.0,ppo,nan,11.0,2.0,3.0,0.5172426126332361,0.7593765814843718,0.7262428890163823,1.0,nan,nan
21.0,ppo,nan,12.0,2.0,4.0,0.5210067667584167,0.8517499245413337,0.7478130779545589,1.0,nan,nan
21.0,ppo,nan,13.0,2.0,5.0,0.554802239121466,0.791780904408607,0.7917264265595343,1.0,nan,nan
21.0,ppo,nan,14.0,2.0,6.0,0.5620782650032337,0.849778565396729,0.8074325402066235,1.0,nan,nan
21.0,ppo,nan,15.0,2.0,7.0,0.5662024877604726,0.8898885320366554,0.8762892692133107,1.0,nan,nan
21.0,ppo,nan,16.0,2.0,8.0,0.5901150204052399,0.848891588059239,0.857898877924497,1.0,nan,nan
21.0,mse_oracle,nan,0.0,0.0,0.0,0.4381825474072605,1.0,1.0,0.0,nan,nan
21.0,mse_oracle,nan,1.0,1.0,1.0,0.4520813159345118,1.0,1.0,0.0,0.06706072794876566,0.06706072794876566
21.0,mse_oracle,nan,2.0,1.0,2.0,0.48218533210649,0.897662660197164,0.8900527587098126,0.0,0.06843840505554363,0.07084046977806613
21.0,mse_oracle,nan,3.0,1.0,3.0,0.4893819699336802,0.8970457385424633,0.9045880937327592,0.0,0.06152298891514062,0.06326983286634706
21.0,mse_oracle,nan,4.0,1.0,4.0,0.5047761714824256,0.8471290595156175,0.842629274419661,0.0,0.06220567660628662,0.06546657422522484
21.0,mse_oracle,nan,5.0,1.0,5.0,0.4945153357285811,0.8250431052647719,0.7728753287616189,0.0,0.05943002391295706,0.05953371089926987
21.0,mse_oracle,nan,6.0,1.0,6.0,0.5178859471775394,0.6923959641513563,0.6366770398632849,1.0,0.06658153718781866,0.06456936513111933
21.0,mse_oracle,nan,7.0,1.0,7.0,0.5264203720337557,0.8139779880828321,0.8179758978998027,1.0,0.05642568458215268,0.051730099706443364
21.0,mse_oracle,nan,8.0,1.0,8.0,0.5266408622359066,0.8347460505411228,0.8846523681239706,1.0,0.05287139726035188,0.05096179665603749
21.0,mse_oracle,nan,9.0,2.0,1.0,0.5126567275216638,1.0,1.0,0.0,0.06941562880817186,0.06941562880817186
21.0,mse_oracle,nan,10.0,2.0,2.0,0.5334967599780982,0.7320746876695906,0.7609068848428038,1.0,0.11637196310887081,0.1105480619731741
21.0,mse_oracle,nan,11.0,2.0,3.0,0.5374581910568529,0.8200892271991014,0.8263355033902471,1.0,0.08869074276344999,0.08536941191425398
21.0,mse_oracle,nan,12.0,2.0,4.0,0.527198939720071,0.8413048467899918,0.8694770427279442,1.0,0.07410183943341721,0.07126037917736189
21.0,mse_oracle,nan,13.0,2.0,5.0,0.5202064758436141,0.8024079119540173,0.8795603338471006,1.0,0.10154112619965591,0.09761713815061893
21.0,mse_oracle,nan,14.0,2.0,6.0,0.5576331673522922,0.7054940178635951,0.701710777317684,1.0,0.11746209452318275,0.11329731595583925
21.0,mse_oracle,nan,15.0,2.0,7.0,0.552186112103303,0.8321810426813981,0.8402842841721792,1.0,0.0861891897696655,0.08159428476862844
21.0,mse_oracle,nan,16.0,2.0,8.0,0.5957186881072061,0.779241901675571,0.7559282071793832,1.0,0.07201434375896394,0.06886583583356108
22.0,raw,nan,0.0,0.0,0.0,0.4381825474072605,1.0,1.0,0.0,nan,nan
22.0,raw,nan,1.0,1.0,1.0,0.44589440978333167,1.0,1.0,0.0,nan,nan
22.0,raw,nan,2.0,1.0,2.0,0.463758944129536,0.8090789759399979,0.7561162202971602,0.0,nan,nan
22.0,raw,nan,3.0,1.0,3.0,0.4836612560572161,0.9001251727824224,0.8997390625100293,0.0,nan,nan
22.0,raw,nan,4.0,1.0,4.0,0.47173610148264244,0.8006666373087353,0.8433480396237201,0.0,nan,nan
22.0,raw,nan,5.0,1.0,5.0,0.4879814403489529,0.6359722069221231,0.6393378147068568,0.0,nan,nan
22.0,raw,nan,6.0,1.0,6.0,0.5097600859065721,0.6474033332029523,0.655664022773203,0.0,nan,nan
22.0,raw,nan,7.0,1.0,7.0,0.5107890340561906,0.7269566964006987,0.7321927214934948,0.0,nan,nan
22.0,raw,nan,8.0,1.0,8.0,0.5279430268347858,0.6699148785426383,0.6993386132339989,0.0,nan,nan
22.0,raw,nan,9.0,2.0,1.0,0.5428429605328475,1.0,1.0,0.0,nan,nan
22.0,raw,nan,10.0,2.0,2.0,0.5600284261640661,0.8806911003411381,0.9173533729401412,0.0,nan,nan
22.0,raw,nan,11.0,2.0,3.0,0.56346997158448,0.7617914142701488,0.8270122028159326,0.0,nan,nan
22.0,raw,nan,12.0,2.0,4.0,0.5310977059908966,0.43024308149592666,0.49081352440479753,0.0,nan,nan
22.0,raw,nan,13.0,2.0,5.0,0.5105745440963295,0.27073684253416863,0.3063572081398639,0.0,nan,nan
22.0,raw,nan,14.0,2.0,6.0,0.484144872649443,0.295264396597417,0.30350124724538746,0.0,nan,nan
22.0,raw,nan,15.0,2.0,7.0,0.4801633041772312,0.42322759978613245,0.5108725728986471,0.0,nan,nan
22.0,raw,nan,16.0,2.0,8.0,0.5581214083164022,0.37569174619449625,0.4967257268580693,0.0,nan,nan
22.0,ppo,nan,0.0,0.0,0.0,0.4381825474072605,1.0,1.0,0.0,nan,nan
22.0,ppo,nan,1.0,1.0,1.0,0.44589440978333167,1.0,1.0,1.0,nan,nan
22.0,ppo,nan,2.0,1.0,2.0,0.45239229474386483,0.8090789759399979,0.7561162202971602,1.0,nan,nan
22.0,ppo,nan,3.0,1.0,3.0,0.48139241272743394,0.9400210118170168,0.935548398967186,1.0,nan,nan
22.0,ppo,nan,4.0,1.0,4.0,0.4800120144272872,0.851061464657406,0.885415240140871,1.0,nan,nan
22.0,ppo,nan,5.0,1.0,5.0,0.4786923417316762,0.7940576380168326,0.7818391972374443,1.0,nan,nan
22.0,ppo,nan,6.0,1.0,6.0,0.5003822067511801,0.7247217055036826,0.6891083447582308,1.0,nan,nan
22.0,ppo,nan,7.0,1.0,7.0,0.4968291607888203,0.7630882432797642,0.7617096401213347,1.0,nan,nan
22.0,ppo,nan,8.0,1.0,8.0,0.5078145565157463,0.7264143318460906,0.7768164600249814,1.0,nan,nan
22.0,ppo,nan,9.0,2.0,1.0,0.5055851343397612,1.0,1.0,1.0,nan,nan
22.0,ppo,nan,10.0,2.0,2.0,0.529617152237051,0.7220664851046998,0.7818946872232105,1.0,nan,nan
22.0,ppo,nan,11.0,2.0,3.0,0.5364823796526549,0.7097548876259412,0.7716852667976559,1.0,nan,nan
22.0,ppo,nan,12.0,2.0,4.0,0.5321596857548618,0.8126035790332972,0.9177597096114033,1.0,nan,nan
22.0,ppo,nan,13.0,2.0,5.0,0.5538442306416833,0.8595955871988956,0.9111996671225563,1.0,nan,nan
22.0,ppo,nan,14.0,2.0,6.0,0.515948050622461,0.7719520546519947,0.6585106290934942,1.0,nan,nan
22.0,ppo,nan,15.0,2.0,7.0,0.5477421471216644,0.792693628957805,0.7415876577152338,1.0,nan,nan
22.0,ppo,nan,16.0,2.0,8.0,0.5684722560407368,0.9135760040615526,0.9152263317280396,1.0,nan,nan
22.0,mse_oracle,nan,0.0,0.0,0.0,0.4381825474072605,1.0,1.0,0.0,nan,nan
22.0,mse_oracle,nan,1.0,1.0,1.0,0.44589440978333167,1.0,1.0,0.0,0.06706072794876566,0.06706072794876566
22.0,mse_oracle,nan,2.0,1.0,2.0,0.463758944129536,0.8090789759399979,0.7561162202971602,0.0,0.07052691675512318,0.07474058085939017
22.0,mse_oracle,nan,3.0,1.0,3.0,0.4849866328927011,0.9001251727824224,0.8997390625100293,1.0,0.06392195370179192,0.06385507137607237
22.0,mse_oracle,nan,4.0,1.0,4.0,0.4724942279797728,0.836228027887653,0.8888148324054371,1.0,0.061135560453818405,0.0563307811868691
22.0,mse_oracle,nan,5.0,1.0,5.0,0.49023196978069383,0.7254283680049047,0.7204564753326367,1.0,0.06906708079221431,0.06841125945448022
22.0,mse_oracle,nan,6.0,1.0,6.0,0.49953184529442013,0.8291358698349439,0.8017686133781814,0.0,0.06243050502781374,0.06391354080542211
22.0,mse_oracle,nan,7.0,1.0,7.0,0.5242700485832603,0.7766958876074059,0.7338073616437641,1.0,0.0622752760724514,0.05860799380521049
22.0,mse_oracle,nan,8.0,1.0,8.0,0.5240504835167127,0.8813037483867842,0.884856652584029,1.0,0.05468399043176646,0.05350978118717731
22.0,mse_oracle,nan,9.0,2.0,1.0,0.5395333880075086,1.0,1.0,0.0,0.07141228245313982,0.07141228245313982
22.0,mse_oracle,nan,10.0,2.0,2.0,0.5295993992833726,0.797397947008488,0.8603828095362165,1.0,0.09075027867994788,0.09011420496031523
22.0,mse_oracle,nan,11.0,2.0,3.0,0.5407332998848644,0.792804656357126,0.8270303143460318,1.0,0.08818833043760885,0.08250375264182498
22.0,mse_oracle,nan,12.0,2.0,4.0,0.5285316695457976,0.8213487969561226,0.827224297817421,1.0,0.0819124985946185,0.07808927924659838
22.0,mse_oracle,nan,13.0,2.0,5.0,0.5835902469188723,0.7931389881572036,0.7898406181999779,1.0,0.08284211415215262,0.07695747132365971
22.0,mse_oracle,nan,14.0,2.0,6.0,0.5878821951888031,0.9214809105219564,0.8759230852278902,1.0,0.06178552976151926,0.058526302240763495
22.0,mse_oracle,nan,15.0,2.0,7.0,0.5863937055226786,0.8974789973424425,0.8841657968370635,1.0,0.06614580057151923,0.06307649198276123
22.0,mse_oracle,nan,16.0,2.0,8.0,0.591867872039549,0.9224766978207924,0.9390019607230163,1.0,0.05608914861983072,0.05116770094126001
23.0,raw,nan,0.0,0.0,0.0,0.4381825474072605,1.0,1.0,0.0,nan,nan
23.0,raw,nan,1.0,1.0,1.0,0.4175431445122554,1.0,1.0,0.0,nan,nan
23.0,raw,nan,2.0,1.0,2.0,0.44198800939030874,0.7747044288416326,0.7954074187806159,0.0,nan,nan
23.0,raw,nan,3.0,1.0,3.0,0.4390751012944524,0.8546924316663808,0.7995134420441763,0.0,nan,nan
23.0,raw,nan,4.0,1.0,4.0,0.40332272991292817,0.5911369385346666,0.6704476093256303,0.0,nan,nan
23.0,raw,nan,5.0,1.0,5.0,0.48227046880259045,0.3851045697864276,0.45137442000999617,0.0,nan,nan
23.0,raw,nan,6.0,1.0,6.0,0.5075034508461133,0.729882383939793,0.7728518149238076,0.0,nan,nan
23.0,raw,nan,7.0,1.0,7.0,0.48066665063038744,0.7438731792515305,0.7334623598448622,0.0,nan,nan
23.0,raw,nan,8.0,1.0,8.0,0.46316629018118627,0.6004059311195481,0.663938631758572,0.0,nan,nan
23.0,raw,nan,9.0,2.0,1.0,0.5524573205063976,1.0,1.0,0.0,nan,nan
23.0,raw,nan,10.0,2.0,2.0,0.5540311299871669,0.6633803088564626,0.7973966788292365,0.0,nan,nan
23.0,raw,nan,11.0,2.0,3.0,0.5210078069745592,0.5361907523748286,0.5692779762705721,0.0,nan,nan
23.0,raw,nan,12.0,2.0,4.0,0.4628487767643651,0.2793110481705944,0.4963339062844989,0.0,nan,nan
23.0,raw,nan,13.0,2.0,5.0,0.458658638978918,0.10114905973676988,0.25763879614025453,0.0,nan,nan
23.0,raw,nan,14.0,2.0,6.0,0.4969255355757263,0.10038746146537732,0.13546449954024983,0.0,nan,nan
23.0,raw,nan,15.0,2.0,7.0,0.10704058564578887,0.1083467049196193,0.1487090466931646,0.0,nan,nan
23.0,raw,nan,16.0,2.0,8.0,0.10723286487482882,0.004625581821225239,0.37892564402592405,0.0,nan,nan
23.0,ppo,nan,0.0,0.0,0.0,0.4381825474072605,1.0,1.0,0.0,nan,nan
23.0,ppo,nan,1.0,1.0,1.0,0.4175431445122554,1.0,1.0,1.0,nan,nan
23.0,ppo,nan,2.0,1.0,2.0,0.4425992095251168,0.7747044288416326,0.7954074187806159,1.0,nan,nan
23.0,ppo,nan,3.0,1.0,3.0,0.4678856238525788,0.8504663434017624,0.8732424052155274,1.0,nan,nan
23.0,ppo,nan,4.0,1.0,4.0,0.4698344156849309,0.8447463163428802,0.8567669068587941,1.0,nan,nan
23.0,ppo,nan,5.0,1.0,5.0,0.49631078396597506,0.8834701734510515,0.8401165259942845,1.0,nan,nan
23.0,ppo,nan,6.0,1.0,6.0,0.49556887703841085,0.9168585358748739,0.9154607571392778,1.0,nan,nan
23.0,ppo,nan,7.0,1.0,7.0,0.4922148813603087,0.8663612557442143,0.891836760350099,1.0,nan,nan
23.0,ppo,nan,8.0,1.0,8.0,0.47881805534908295,0.816301732634633,0.8126314094907708,1.0,nan,nan
23.0,ppo,nan,9.0,2.0,1.0,0.5285180625762607,1.0,1.0,1.0,nan,nan
23.0,ppo,nan,10.0,2.0,2.0,0.536766644760704,0.78087007671374,0.7817133538451465,1.0,nan,nan
23.0,ppo,nan,11.0,2.0,3.0,0.5395314814711559,0.8346737154508007,0.8438025826637378,1.0,nan,nan
23.0,ppo,nan,12.0,2.0,4.0,0.5227669327627176,0.7484699115024757,0.8400077468810839,1.0,nan,nan
23.0,ppo,nan,13.0,2.0,5.0,0.5255284304593066,0.7246484442204256,0.7309772160886636,1.0,nan,nan
23.0,ppo,nan,14.0,2.0,6.0,0.5441035135506018,0.7684948472983524,0.7772271780265724,1.0,nan,nan
23.0,ppo,nan,15.0,2.0,7.0,0.5514934064613508,0.7863202370265088,0.7485712443181103,1.0,nan,nan
23.0,ppo,nan,16.0,2.0,8.0,0.5628452788377243,0.8005646327054511,0.7918503710865948,1.0,nan,nan
23.0,mse_oracle,nan,0.0,0.0,0.0,0.4381825474072605,1.0,1.0,0.0,nan,nan
23.0,mse_oracle,nan,1.0,1.0,1.0,0.4175431445122554,1.0,1.0,0.0,0.06706072794876566,0.06706072794876566
23.0,mse_oracle,nan,2.0,1.0,2.0,0.44198800939030874,0.7747044288416326,0.7954074187806159,0.0,0.08204630985764592,0.08504725277194433
23.0,mse_oracle,nan,3.0,1.0,3.0,0.47303825863085475,0.8546924316663808,0.7995134420441763,1.0,0.07423011300389894,0.0735005208306741
23.0,mse_oracle,nan,4.0,1.0,4.0,0.4696185715379874,0.8117467078662522,0.8091450517588421,1.0,0.06734810108847118,0.06382539544165938
23.0,mse_oracle,nan,5.0,1.0,5.0,0.5005992723578784,0.754755568294394,0.6772403901349856,1.0,0.07067343977990889,0.070584273153847
23.0,mse_oracle,nan,6.0,1.0,6.0,0.49512356418193937,0.8772825963679847,0.8885725868806862,1.0,0.05720793781097315,0.04898392528226518
23.0,mse_oracle,nan,7.0,1.0,7.0,0.4861074148182022,0.7971767026935042,0.7973596974729397,1.0,0.061361699065150696,0.058970218980703634
23.0,mse_oracle,nan,8.0,1.0,8.0,0.47693068539873346,0.7813125038257471,0.7908310428895795,1.0,0.06587610573129965,0.0642083561713456
23.0,mse_oracle,nan,9.0,2.0,1.0,0.5322165689415514,1.0,1.0,0.0,0.06238300606418311,0.06238300606418311
23.0,mse_oracle,nan,10.0,2.0,2.0,0.5393424929257,0.7276774061726109,0.7735311666697673,1.0,0.13933122361044992,0.13270111806568738
23.0,mse_oracle,nan,11.0,2.0,3.0,0.5485072259928503,0.762490724212969,0.7769852691463007,1.0,0.12319781940216383,0.11672811091427673
23.0,mse_oracle,nan,12.0,2.0,4.0,0.551115263489807,0.7534164267247271,0.834722200806041,1.0,0.12527688569166456,0.11975753078705983
23.0,mse_oracle,nan,13.0,2.0,5.0,0.5633225311243708,0.7479569656894538,0.7571852726490289,1.0,0.1161040307108222,0.1082529686256779
23.0,mse_oracle,nan,14.0,2.0,6.0,0.5616043037760668,0.7897963406039998,0.8356601976454348,1.0,0.1045090868083813,0.09774598281135333
23.0,mse_oracle,nan,15.0,2.0,7.0,0.554212108807181,0.7843488147224836,0.7639633227894448,1.0,0.10089188957436797,0.09747164156746545
23.0,mse_oracle,nan,16.0,2.0,8.0,0.5717744395935135,0.8063403131331884,0.761895417879126,1.0,0.09215692424285907,0.08709785964391956
24.0,raw,nan,0.0,0.0,0.0,0.4381825474072605,1.0,1.0,0.0,nan,nan
24.0,raw,nan,1.0,1.0,1.0,0.4340524909924267,1.0,1.0,0.0,nan,nan
24.0,raw,nan,2.0,1.0,2.0,0.4576168421300588,0.7927878572226827,0.7188552788997827,0.0,nan,nan
24.0,raw,nan,3.0,1.0,3.0,0.46970201266102163,0.8805021296299663,0.8470061037213005,0.0,nan,nan
24.0,raw,nan,4.0,1.0,4.0,0.492930430242232,0.7545521859773235,0.7400414477414843,0.0,nan,nan
24.0,raw,nan,5.0,1.0,5.0,0.49326405508550997,0.8489565171395009,0.8649802624858914,0.0,nan,nan
24.0,raw,nan,6.0,1.0,6.0,0.5061999173739162,0.7372271096957411,0.6766268182556788,0.0,nan,nan
24.0,raw,nan,7.0,1.0,7.0,0.5256958711744402,0.7538009966283374,0.8064620417255094,0.0,nan,nan
24.0,raw,nan,8.0,1.0,8.0,0.5447263411368882,0.852893977428199,0.8855992822681574,0.0,nan,nan
24.0,raw,nan,9.0,2.0,1.0,0.5494271236768804,1.0,1.0,0.0,nan,nan
24.0,raw,nan,10.0,2.0,2.0,0.5377655083656263,0.8137719862150987,0.6812182314586016,0.0,nan,nan
24.0,raw,nan,11.0,2.0,3.0,0.5189672472627557,0.7673810077651249,0.7506031813632779,0.0,nan,nan
24.0,raw,nan,12.0,2.0,4.0,0.5655662941209603,0.6880926442325077,0.6410907038315161,0.0,nan,nan
24.0,raw,nan,13.0,2.0,5.0,0.5644875269195787,0.8472698370146687,0.8616689824318345,0.0,nan,nan
24.0,raw,nan,14.0,2.0,6.0,0.540784573496887,0.8280547347711367,0.816713227329982,0.0,nan,nan
24.0,raw,nan,15.0,2.0,7.0,0.5358731161105218,0.6494786904881564,0.6325553562198939,0.0,nan,nan
24.0,raw,nan,16.0,2.0,8.0,0.5690922121274785,0.5590881870656741,0.6320324700486875,0.0,nan,nan
24.0,ppo,nan,0.0,0.0,0.0,0.4381825474072605,1.0,1.0,0.0,nan,nan
24.0,ppo,nan,1.0,1.0,1.0,0.4340524909924267,1.0,1.0,1.0,nan,nan
24.0,ppo,nan,2.0,1.0,2.0,0.4535811330846517,0.7927878572226827,0.7188552788997827,1.0,nan,nan
24.0,ppo,nan,3.0,1.0,3.0,0.4750459696521135,0.8877447613355106,0.870192922389743,1.0,nan,nan
24.0,ppo,nan,4.0,1.0,4.0,0.4706972858734868,0.8918148895323385,0.9119168206950786,1.0,nan,nan
24.0,ppo,nan,5.0,1.0,5.0,0.4969225103220287,0.8145688588501173,0.8228559076506794,1.0,nan,nan
24.0,ppo,nan,6.0,1.0,6.0,0.47718412862085274,0.9097092046795994,0.8833975620844406,1.0,nan,nan
24.0,ppo,nan,7.0,1.0,7.0,0.5113464302418425,0.7845458828450387,0.7789654037495337,1.0,nan,nan
24.0,ppo,nan,8.0,1.0,8.0,0.5215626878402236,0.8867585149359495,0.9088177198586797,1.0,nan,nan
24.0,ppo,nan,9.0,2.0,1.0,0.5150670805441665,1.0,1.0,1.0,nan,nan
24.0,ppo,nan,10.0,2.0,2.0,0.5285142683094025,0.8145970630144459,0.8182450320045267,1.0,nan,nan
24.0,ppo,nan,11.0,2.0,3.0,0.5400088577385386,0.8240502132895746,0.917037796488678,1.0,nan,nan
24.0,ppo,nan,12.0,2.0,4.0,0.5349379199194083,0.7743717357739535,0.7760985029180052,1.0,nan,nan
24.0,ppo,nan,13.0,2.0,5.0,0.5510186827441671,0.8081703415995842,0.8768705854051324,1.0,nan,nan
24.0,ppo,nan,14.0,2.0,6.0,0.5418693188152433,0.8901982322867512,0.8867440535864426,1.0,nan,nan
24.0,ppo,nan,15.0,2.0,7.0,0.539756924608403,0.8578769606582115,0.8192426629686215,1.0,nan,nan
24.0,ppo,nan,16.0,2.0,8.0,0.5345659011961029,0.7696765334239637,0.846644227405747,1.0,nan,nan
24.0,mse_oracle,nan,0.0,0.0,0.0,0.4381825474072605,1.0,1.0,0.0,nan,nan
24.0,mse_oracle,nan,1.0,1.0,1.0,0.4340524909924267,1.0,1.0,0.0,0.06706072794876566,0.06706072794876566
24.0,mse_oracle,nan,2.0,1.0,2.0,0.4576168421300588,0.7927878572226827,0.7188552788997827,0.0,0.07544586867842057,0.07710335000716305
24.0,mse_oracle,nan,3.0,1.0,3.0,0.4793066723269992,0.8805021296299663,0.8470061037213005,1.0,0.06691642244634619,0.06631368252255894
24.0,mse_oracle,nan,4.0,1.0,4.0,0.48481829677636706,0.8877886926839839,0.8886989612112615,0.0,0.06215225111667755,0.06690569388892981
24.0,mse_oracle,nan,5.0,1.0,5.0,0.4879562827210183,0.8396902367295033,0.8481467794962277,0.0,0.06428645647699265,0.0701780186702979
24.0,mse_oracle,nan,6.0,1.0,6.0,0.5014198875548916,0.7357928418854504,0.6905710823061368,0.0,0.06680125980613823,0.06746321938563885
24.0,mse_oracle,nan,7.0,1.0,7.0,0.5148679445614868,0.7555881156484122,0.802979662997882,1.0,0.06536662432586895,0.06353320902413268
24.0,mse_oracle,nan,8.0,1.0,8.0,0.5359028521238066,0.8796827192847207,0.8995275410867829,1.0,0.06114522340569452,0.05182090046623211
24.0,mse_oracle,nan,9.0,2.0,1.0,0.5121825225374269,1.0,1.0,0.0,0.07132533832887708,0.07132533832887708
24.0,mse_oracle,nan,10.0,2.0,2.0,0.4999844569012965,0.696312356534077,0.6207904786200578,1.0,0.13195668708481406,0.1251542657386859
24.0,mse_oracle,nan,11.0,2.0,3.0,0.49304565635405917,0.5587756788787996,0.7200456085607099,0.0,0.13971110091738095,0.14083528764341613
24.0,mse_oracle,nan,12.0,2.0,4.0,0.5243740160272458,0.51959457349535,0.4134922560483804,1.0,0.1491312468111298,0.14800467443837284
24.0,mse_oracle,nan,13.0,2.0,5.0,0.5301107939654023,0.7441374864811313,0.749786580016064,1.0,0.08117976268167484,0.07541354364919718
24.0,mse_oracle,nan,14.0,2.0,6.0,0.5260564882214058,0.7162652847021853,0.6864532364290368,1.0,0.08536300477949625,0.0811668971213055
24.0,mse_oracle,nan,15.0,2.0,7.0,0.5512806304628959,0.6866280387501653,0.6559685559566729,1.0,0.08710621431818928,0.08368516012910059
24.0,mse_oracle,nan,16.0,2.0,8.0,0.5593391082832047,0.7329764650341345,0.6874300226520892,1.0,0.07914306193835055,0.07545836931031125
25.0,raw,nan,0.0,0.0,0.0,0.4381825474072605,1.0,1.0,0.0,nan,nan
25.0,raw,nan,1.0,1.0,1.0,0.45208724872090705,1.0,1.0,0.0,nan,nan
25.0,raw,nan,2.0,1.0,2.0,0.46102118713045165,0.9056648162044065,0.897026257856607,0.0,nan,nan
25.0,raw,nan,3.0,1.0,3.0,0.46142243809037176,0.8483351192369591,0.8573276056177946,0.0,nan,nan
25.0,raw,nan,4.0,1.0,4.0,0.46190445938649893,0.7651413268530632,0.8542365795859607,0.0,nan,nan
25.0,raw,nan,5.0,1.0,5.0,0.47680507304042996,0.6353191643875246,0.6467361008520679,0.0,nan,nan
25.0,raw,nan,6.0,1.0,6.0,0.4903103956746627,0.6688304095444797,0.7987574248850567,0.0,nan,nan
25.0,raw,nan,7.0,1.0,7.0,0.49246328181234067,0.6661236342180085,0.6244750416814284,0.0,nan,nan
25.0,raw,nan,8.0,1.0,8.0,0.49509488932500334,0.6456887167502118,0.6792064097190149,0.0,nan,nan
25.0,raw,nan,9.0,2.0,1.0,0.5256787339230665,1.0,1.0,0.0,nan,nan
25.0,raw,nan,10.0,2.0,2.0,0.5417210335796228,0.7569774156383148,0.8200873683688428,0.0,nan,nan
25.0,raw,nan,11.0,2.0,3.0,0.5649796015374833,0.7506124820500697,0.7590930328992036,0.0,nan,nan
25.0,raw,nan,12.0,2.0,4.0,0.5018113902527488,0.687493096675701,0.5857527043191714,0.0,nan,nan
25.0,raw,nan,13.0,2.0,5.0,0.5091485586326923,0.7277786796290078,0.763342220120727,0.0,nan,nan
25.0,raw,nan,14.0,2.0,6.0,0.5458112546245371,0.6155479038400876,0.6426614494784247,0.0,nan,nan
25.0,raw,nan,15.0,2.0,7.0,0.526129605102208,0.5077007066544764,0.48192172953408235,0.0,nan,nan
25.0,raw,nan,16.0,2.0,8.0,0.5242245126892379,0.5170265501566688,0.6800708114035315,0.0,nan,nan
25.0,ppo,nan,0.0,0.0,0.0,0.4381825474072605,1.0,1.0,0.0,nan,nan
25.0,ppo,nan,1.0,1.0,1.0,0.45208724872090705,1.0,1.0,1.0,nan,nan
25.0,ppo,nan,2.0,1.0,2.0,0.4568156415551529,0.9056648162044065,0.897026257856607,1.0,nan,nan
25.0,ppo,nan,3.0,1.0,3.0,0.454666621699839,0.9503513160912762,0.9569266135342279,1.0,nan,nan
25.0,ppo,nan,4.0,1.0,4.0,0.46271793057728045,0.7702599096951419,0.9208011252529774,1.0,nan,nan
25.0,ppo,nan,5.0,1.0,5.0,0.47561198430889284,0.7335355894338641,0.7499621962223448,1.0,nan,nan
25.0,ppo,nan,6.0,1.0,6.0,0.48704421018569405,0.8214526694009201,0.8381841477144442,1.0,nan,nan
25.0,ppo,nan,7.0,1.0,7.0,0.4909690679110431,0.7981954497146542,0.810993687121687,1.0,nan,nan
25.0,ppo,nan,8.0,1.0,8.0,0.5074993668605052,0.8672605237298707,0.8512730767012857,1.0,nan,nan
25.0,ppo,nan,9.0,2.0,1.0,0.5060151982713313,1.0,1.0,1.0,nan,nan
25.0,ppo,nan,10.0,2.0,2.0,0.5157018165634714,0.7102116170797355,0.6984507215250123,1.0,nan,nan
25.0,ppo,nan,11.0,2.0,3.0,0.5042436013166541,0.7901033338288789,0.8317642611197338,1.0,nan,nan
25.0,ppo,nan,12.0,2.0,4.0,0.5301541264129166,0.7185198083563997,0.8255458253445772,1.0,nan,nan
25.0,ppo,nan,13.0,2.0,5.0,0.5392174356846232,0.8450630607540468,0.8859820575474805,1.0,nan,nan
25.0,ppo,nan,14.0,2.0,6.0,0.5599900077784921,0.9248202794121504,0.9523180677861238,1.0,nan,nan
25.0,ppo,nan,15.0,2.0,7.0,0.5384666062092249,0.9189915605658111,0.9240839104187747,1.0,nan,nan
25.0,ppo,nan,16.0,2.0,8.0,0.5326185126826817,0.9464928633491627,0.9300631086540302,1.0,nan,nan
25.0,mse_oracle,nan,0.0,0.0,0.0,0.4381825474072605,1.0,1.0,0.0,nan,nan
25.0,mse_oracle,nan,1.0,1.0,1.0,0.45208724872090705,1.0,1.0,0.0,0.06706072794876566,0.06706072794876566
25.0,mse_oracle,nan,2.0,1.0,2.0,0.46102118713045165,0.9056648162044065,0.897026257856607,0.0,0.06646959422532833,0.07403782765296983
25.0,mse_oracle,nan,3.0,1.0,3.0,0.46142243809037176,0.8483351192369591,0.8573276056177946,0.0,0.06685878401385685,0.07083458380309586
25.0,mse_oracle,nan,4.0,1.0,4.0,0.46190445938649893,0.7651413268530632,0.8542365795859607,0.0,0.07114213462865585,0.07352413311451336
25.0,mse_oracle,nan,5.0,1.0,5.0,0.47680507304042996,0.6353191643875246,0.6467361008520679,0.0,0.07541839300978917,0.07899845332870598
25.0,mse_oracle,nan,6.0,1.0,6.0,0.4903103956746627,0.6688304095444797,0.7987574248850567,0.0,0.06912648604592882,0.07259374345287971
25.0,mse_oracle,nan,7.0,1.0,7.0,0.49246328181234067,0.6661236342180085,0.6244750416814284,0.0,0.06667364226210896,0.06744141215203119
25.0,mse_oracle,nan,8.0,1.0,8.0,0.49509488932500334,0.6456887167502118,0.6792064097190149,0.0,0.07121486654760677,0.07272273516627606
25.0,mse_oracle,nan,9.0,2.0,1.0,0.5256787339230665,1.0,1.0,0.0,0.060753374731799724,0.060753374731799724
25.0,mse_oracle,nan,10.0,2.0,2.0,0.5417210335796228,0.7569774156383148,0.8200873683688428,0.0,0.0937801526342545,0.09503135624139995
25.0,mse_oracle,nan,11.0,2.0,3.0,0.5573736997765503,0.7506124820500697,0.7590930328992036,1.0,0.10879778742080962,0.10360831084770487
25.0,mse_oracle,nan,12.0,2.0,4.0,0.4904877088949613,0.7448853816228953,0.7373914968465717,1.0,0.10853897504172831,0.10442341008773158
25.0,mse_oracle,nan,13.0,2.0,5.0,0.47886550121926813,0.7537360217389873,0.7465514005622104,1.0,0.08582614104797844,0.08412584821815429
25.0,mse_oracle,nan,14.0,2.0,6.0,0.503410413441827,0.7901484218762853,0.8207188178812006,1.0,0.07328835997347577,0.07180720563865338
25.0,mse_oracle,nan,15.0,2.0,7.0,0.531948303129825,0.7965591780584729,0.824176978968695,1.0,0.07632833804381554,0.07560480732936291
25.0,mse_oracle,nan,16.0,2.0,8.0,0.5036285069561615,0.8121062059105622,0.763254420720884,0.0,0.07674227006041934,0.07744099168440476
26.0,raw,nan,0.0,0.0,0.0,0.4381825474072605,1.0,1.0,0.0,nan,nan
26.0,raw,nan,1.0,1.0,1.0,0.43716015596897995,1.0,1.0,0.0,nan,nan
26.0,raw,nan,2.0,1.0,2.0,0.46334108973175386,0.76454229833327,0.7720026734470418,0.0,nan,nan
26.0,raw,nan,3.0,1.0,3.0,0.47394945741903,0.7805779104142885,0.823718110455654,0.0,nan,nan
26.0,raw,nan,4.0,1.0,4.0,0.4770376193369823,0.7680845214819805,0.7110681320727227,0.0,nan,nan
26.0,raw,nan,5.0,1.0,5.0,0.5115305942759591,0.7509446664531363,0.7899619210006464,0.0,nan,nan
26.0,raw,nan,6.0,1.0,6.0,0.5098398098485156,0.8304842312129751,0.8302354510396955,0.0,nan,nan
26.0,raw,nan,7.0,1.0,7.0,0.5280181760115578,0.769226119711852,0.7616670556556209,0.0,nan,nan
26.0,raw,nan,8.0,1.0,8.0,0.5339917521121611,0.7428640704831964,0.7556789521625328,0.0,nan,nan
26.0,raw,nan,9.0,2.0,1.0,0.5383921331127453,1.0,1.0,0.0,nan,nan
26.0,raw,nan,10.0,2.0,2.0,0.530028111812415,0.8733968184487575,0.833880532335721,0.0,nan,nan
26.0,raw,nan,11.0,2.0,3.0,0.5378841895746389,0.7400729292452801,0.7921781144642852,0.0,nan,nan
26.0,raw,nan,12.0,2.0,4.0,0.5342796404728256,0.6715352138752914,0.7191672792763535,0.0,nan,nan
26.0,raw,nan,13.0,2.0,5.0,0.5626620453913203,0.5641517911381679,0.6514976386375729,0.0,nan,nan
26.0,raw,nan,14.0,2.0,6.0,0.47451459120417805,0.6123402499635258,0.5528156730005397,0.0,nan,nan
26.0,raw,nan,15.0,2.0,7.0,0.4063629523007999,0.23989364343416267,0.6195772966716192,0.0,nan,nan
26.0,raw,nan,16.0,2.0,8.0,0.42290509349115135,0.08550413343909753,0.622778976977987,0.0,nan,nan
26.0,ppo,nan,0.0,0.0,0.0,0.4381825474072605,1.0,1.0,0.0,nan,nan
26.0,ppo,nan,1.0,1.0,1.0,0.43716015596897995,1.0,1.0,1.0,nan,nan
26.0,ppo,nan,2.0,1.0,2.0,0.46566393801497635,0.76454229833327,0.7720026734470418,1.0,nan,nan
26.0,ppo,nan,3.0,1.0,3.0,0.4683892514714824,0.8788338969017234,0.9039984394198892,1.0,nan,nan
26.0,ppo,nan,4.0,1.0,4.0,0.4697438412792208,0.9098060526882723,0.8639523616906618,1.0,nan,nan
26.0,ppo,nan,5.0,1.0,5.0,0.48017126411089966,0.8704830175702268,0.8634635676298864,1.0,nan,nan
26.0,ppo,nan,6.0,1.0,6.0,0.49401290963480027,0.8917832588784548,0.9409139634455622,1.0,nan,nan
26.0,ppo,nan,7.0,1.0,7.0,0.5113220643151973,0.9021568436841024,0.9081836227106388,1.0,nan,nan
26.0,ppo,nan,8.0,1.0,8.0,0.5206566320600201,0.8761076114712341,0.8793441938367881,1.0,nan,nan
26.0,ppo,nan,9.0,2.0,1.0,0.504615771385393,1.0,1.0,1.0,nan,nan
26.0,ppo,nan,10.0,2.0,2.0,0.5323294878747398,0.8117730552456576,0.8228374547219517,1.0,nan,nan
26.0,ppo,nan,11.0,2.0,3.0,0.5291775928185369,0.837970254892554,0.852173142268879,1.0,nan,nan
26.0,ppo,nan,12.0,2.0,4.0,0.5377319038909814,0.8356001186382016,0.8602759177103801,1.0,nan,nan
26.0,ppo,nan,13.0,2.0,5.0,0.5583333163661112,0.8953811624416821,0.8855851188368967,1.0,nan,nan
26.0,ppo,nan,14.0,2.0,6.0,0.5618006216207548,0.9257683263041463,0.9442332620823534,1.0,nan,nan
26.0,ppo,nan,15.0,2.0,7.0,0.569057628693827,0.9346672169860456,0.9116237348600315,1.0,nan,nan
26.0,ppo,nan,16.0,2.0,8.0,0.5603009041002804,0.8729561086434151,0.9052250569364204,1.0,nan,nan
26.0,mse_oracle,nan,0.0,0.0,0.0,0.4381825474072605,1.0,1.0,0.0,nan,nan
26.0,mse_oracle,nan,1.0,1.0,1.0,0.43716015596897995,1.0,1.0,0.0,0.06706072794876566,0.06706072794876566
26.0,mse_oracle,nan,2.0,1.0,2.0,0.46334108973175386,0.76454229833327,0.7720026734470418,0.0,0.07488078876960454,0.08006020646000148
26.0,mse_oracle,nan,3.0,1.0,3.0,0.47394945741903,0.7805779104142885,0.823718110455654,0.0,0.06658792727005085,0.06857181148518335
26.0,mse_oracle,nan,4.0,1.0,4.0,0.4745575547515135,0.7680845214819805,0.7110681320727227,1.0,0.06562186644780417,0.06217262893284764
26.0,mse_oracle,nan,5.0,1.0,5.0,0.5022298477652206,0.7921382856847781,0.7977136092954901,0.0,0.06370190728464309,0.06438777494174078
26.0,mse_oracle,nan,6.0,1.0,6.0,0.4965336300506772,0.8489734260297328,0.839821467630911,1.0,0.057826553173706476,0.053304292606996144
26.0,mse_oracle,nan,7.0,1.0,7.0,0.5210290533344345,0.8241342130307857,0.8075126690534021,1.0,0.06177428355397294,0.058833495736532196
26.0,mse_oracle,nan,8.0,1.0,8.0,0.5290829581971623,0.8221969275051948,0.7674210646894746,1.0,0.0537783798218782,0.044831037507225543
26.0,mse_oracle,nan,9.0,2.0,1.0,0.5068395055901984,1.0,1.0,0.0,0.07054665570315286,0.07054665570315286
26.0,mse_oracle,nan,10.0,2.0,2.0,0.5412578952421436,0.8456567801663903,0.8535571369837602,1.0,0.09037035055544698,0.08692515492462359
26.0,mse_oracle,nan,11.0,2.0,3.0,0.5234337843057632,0.7704533760383369,0.8360949980441404,0.0,0.10333786723256477,0.1040423864862215
26.0,mse_oracle,nan,12.0,2.0,4.0,0.5598545250364374,0.5695267223490279,0.5741291143964437,1.0,0.14223818251952575,0.13988190134532497
26.0,mse_oracle,nan,13.0,2.0,5.0,0.5718174016805417,0.8592879545406097,0.8266975451689285,1.0,0.07967694251962734,0.0786832761490634
26.0,mse_oracle,nan,14.0,2.0,6.0,0.5523780402869588,0.9331087781183479,0.8940406532120008,0.0,0.0678142226044873,0.068248885954386
26.0,mse_oracle,nan,15.0,2.0,7.0,0.5872389874899605,0.821682551229025,0.8625569933994267,1.0,0.08066843910954705,0.07329372412119459
26.0,mse_oracle,nan,16.0,2.0,8.0,0.5732629429561366,0.885487564180637,0.8394846125471929,1.0,0.07006322301921968,0.062274978952923395
27.0,raw,nan,0.0,0.0,0.0,0.4381825474072605,1.0,1.0,0.0,nan,nan
27.0,raw,nan,1.0,1.0,1.0,0.4377494189094085,1.0,1.0,0.0,nan,nan
27.0,raw,nan,2.0,1.0,2.0,0.44028539210707873,0.6798208042342948,0.5912053034809766,0.0,nan,nan
27.0,raw,nan,3.0,1.0,3.0,0.4543040948373071,0.6910720095630184,0.625798397000492,0.0,nan,nan
27.0,raw,nan,4.0,1.0,4.0,0.44207916955651627,0.7500934325663898,0.8009872738441567,0.0,nan,nan
27.0,raw,nan,5.0,1.0,5.0,0.44451274522937273,0.5612277120933806,0.5665618002078455,0.0,nan,nan
27.0,raw,nan,6.0,1.0,6.0,0.4559615169525102,0.529801583462002,0.6187719747330545,0.0,nan,nan
27.0,raw,nan,7.0,1.0,7.0,0.4606694640155216,0.5410049699550596,0.5655942293442783,0.0,nan,nan
27.0,raw,nan,8.0,1.0,8.0,0.470439521528421,0.510997544284336,0.4420858720316276,0.0,nan,nan
27.0,raw,nan,9.0,2.0,1.0,0.5061862244268487,1.0,1.0,0.0,nan,nan
27.0,raw,nan,10.0,2.0,2.0,0.3775598022154606,0.6909963568487565,0.567595162741447,0.0,nan,nan
27.0,raw,nan,11.0,2.0,3.0,0.4893000241752041,0.396163929821504,0.5160058165315831,0.0,nan,nan
27.0,raw,nan,12.0,2.0,4.0,0.46523594523853407,0.5039005291865943,0.4328083423188575,0.0,nan,nan
27.0,raw,nan,13.0,2.0,5.0,0.4380536137088321,0.6322806035026639,0.42934427954308574,0.0,nan,nan
27.0,raw,nan,14.0,2.0,6.0,0.5160137306906218,0.660727071501847,0.779310290730519,0.0,nan,nan
27.0,raw,nan,15.0,2.0,7.0,0.5425424760492573,0.5102397552712766,0.5006757829429208,0.0,nan,nan
27.0,raw,nan,16.0,2.0,8.0,0.5428395991076757,0.2868497919578885,0.4301195213355576,0.0,nan,nan
27.0,ppo,nan,0.0,0.0,0.0,0.4381825474072605,1.0,1.0,0.0,nan,nan
27.0,ppo,nan,1.0,1.0,1.0,0.4377494189094085,1.0,1.0,1.0,nan,nan
27.0,ppo,nan,2.0,1.0,2.0,0.44290096427103043,0.6798208042342948,0.5912053034809766,1.0,nan,nan
27.0,ppo,nan,3.0,1.0,3.0,0.4505119728938918,0.7354011679213418,0.6689166772047936,1.0,nan,nan
27.0,ppo,nan,4.0,1.0,4.0,0.4622885199846558,0.856398193894857,0.8875870380787313,1.0,nan,nan
27.0,ppo,nan,5.0,1.0,5.0,0.4636106161058429,0.7533209469142984,0.6956781684528515,1.0,nan,nan
27.0,ppo,nan,6.0,1.0,6.0,0.4715369652427362,0.7708452737695781,0.8426372502417551,1.0,nan,nan
27.0,ppo,nan,7.0,1.0,7.0,0.4878330309072436,0.8061010100742249,0.798554461681793,1.0,nan,nan
27.0,ppo,nan,8.0,1.0,8.0,0.4913349196333152,0.8449194505000192,0.8485186449861709,1.0,nan,nan
27.0,ppo,nan,9.0,2.0,1.0,0.49202648646469993,1.0,1.0,1.0,nan,nan
27.0,ppo,nan,10.0,2.0,2.0,0.4997905897786821,0.8503104545416684,0.9161860349201437,1.0,nan,nan
27.0,ppo,nan,11.0,2.0,3.0,0.5226579179861501,0.8948294215384781,0.8863542862181574,1.0,nan,nan
27.0,ppo,nan,12.0,2.0,4.0,0.5295084734496553,0.9077901609013532,0.8928421794725315,1.0,nan,nan
27.0,ppo,nan,13.0,2.0,5.0,0.5439300672573483,0.8742113648606871,0.8734241507839007,1.0,nan,nan
27.0,ppo,nan,14.0,2.0,6.0,0.5301037105801782,0.9395684257124154,0.9356789772888915,1.0,nan,nan
27.0,ppo,nan,15.0,2.0,7.0,0.5161174123549837,0.88555589983845,0.8437262279395408,1.0,nan,nan
27.0,ppo,nan,16.0,2.0,8.0,0.5550320690046008,0.881677941502074,0.8605164641517538,1.0,nan,nan
27.0,mse_oracle,nan,0.0,0.0,0.0,0.4381825474072605,1.0,1.0,0.0,nan,nan
27.0,mse_oracle,nan,1.0,1.0,1.0,0.4377494189094085,1.0,1.0,0.0,0.06706072794876566,0.06706072794876566
27.0,mse_oracle,nan,2.0,1.0,2.0,0.44028539210707873,0.6798208042342948,0.5912053034809766,0.0,0.07963202458025669,0.08047594959645987
27.0,mse_oracle,nan,3.0,1.0,3.0,0.4543040948373071,0.6910720095630184,0.625798397000492,0.0,0.07912185675178016,0.08217728966215752
27.0,mse_oracle,nan,4.0,1.0,4.0,0.44207916955651627,0.7500934325663898,0.8009872738441567,0.0,0.07298008421185502,0.07507447551070062
27.0,mse_oracle,nan,5.0,1.0,5.0,0.4733986541398502,0.5612277120933806,0.5665618002078455,1.0,0.0856965984653139,0.0838721143808807
27.0,mse_oracle,nan,6.0,1.0,6.0,0.4793290764284821,0.7324907079467872,0.8072255946642958,1.0,0.06922662147646078,0.06881439111749943
27.0,mse_oracle,nan,7.0,1.0,7.0,0.49174272484389697,0.7643207127355383,0.7518684689177252,1.0,0.0650982901007126,0.06429218058881167
27.0,mse_oracle,nan,8.0,1.0,8.0,0.48589577150651003,0.7965662983232453,0.7774845693654069,1.0,0.06177890366547588,0.05943080079147263
27.0,mse_oracle,nan,9.0,2.0,1.0,0.4981340649475513,1.0,1.0,0.0,0.0672244550838644,0.0672244550838644
27.0,mse_oracle,nan,10.0,2.0,2.0,0.47617517347517146,0.9642724786754566,0.9569379973901134,1.0,0.06454635095825136,0.06327119612813648
27.0,mse_oracle,nan,11.0,2.0,3.0,0.4992135497312597,0.8291753372905664,0.8594832681522053,1.0,0.07328713156534808,0.06885573572279113
27.0,mse_oracle,nan,12.0,2.0,4.0,0.5105476141198467,0.8240354513023984,0.877384832482189,0.0,0.0760457457694658,0.08217806650513558
27.0,mse_oracle,nan,13.0,2.0,5.0,0.49497773779262727,0.7852756160406724,0.8105069770456519,1.0,0.07257129275848381,0.07210551935717202
27.0,mse_oracle,nan,14.0,2.0,6.0,0.5406702971129541,0.828237351343859,0.8241061139950612,1.0,0.06062332140688674,0.05910292186356152
27.0,mse_oracle,nan,15.0,2.0,7.0,0.5397746387976524,0.8684406597689068,0.8947634292419036,1.0,0.07112215702797331,0.06709384984993028
27.0,mse_oracle,nan,16.0,2.0,8.0,0.5684734520048915,0.8436544752331606,0.8586200851700204,0.0,0.07051393732972387,0.0751796052439687
28.0,raw,nan,0.0,0.0,0.0,0.4381825474072605,1.0,1.0,0.0,nan,nan
28.0,raw,nan,1.0,1.0,1.0,0.44965053836329905,1.0,1.0,0.0,nan,nan
28.0,raw,nan,2.0,1.0,2.0,0.4649262771374658,0.9053781227459613,0.9457038769429529,0.0,nan,nan
28.0,raw,nan,3.0,1.0,3.0,0.43587838277212454,0.8130234924095664,0.8047167976976869,0.0,nan,nan
28.0,raw,nan,4.0,1.0,4.0,0.4511526636184782,0.5842949138627567,0.5746295119392711,0.0,nan,nan
28.0,raw,nan,5.0,1.0,5.0,0.4378042711755142,0.5914639836676352,0.6387125667501143,0.0,nan,nan
28.0,raw,nan,6.0,1.0,6.0,0.4941529519134746,0.45242169551596984,0.5689442892969228,0.0,nan,nan
28.0,raw,nan,7.0,1.0,7.0,0.4897520529670133,0.642741056919721,0.6962327524933087,0.0,nan,nan
28.0,raw,nan,8.0,1.0,8.0,0.5146757348930882,0.5879802531347688,0.6211532972537179,0.0,nan,nan
28.0,raw,nan,9.0,2.0,1.0,0.5201842883789384,1.0,1.0,0.0,nan,nan
28.0,raw,nan,10.0,2.0,2.0,0.44661451164577415,0.6962320127017791,0.6050977964669153,0.0,nan,nan
28.0,raw,nan,11.0,2.0,3.0,0.4812376559962586,0.6891979560361654,0.7495193469355002,0.0,nan,nan
28.0,raw,nan,12.0,2.0,4.0,0.5256953547013068,0.4023002411279681,0.5967165676936327,0.0,nan,nan
28.0,raw,nan,13.0,2.0,5.0,0.472898954836202,0.5905899455694815,0.5993219486696995,0.0,nan,nan
28.0,raw,nan,14.0,2.0,6.0,0.501876396013665,0.48521823072667913,0.513225967112133,0.0,nan,nan
28.0,raw,nan,15.0,2.0,7.0,0.5149548936276522,0.34462128137809034,0.6369373927663935,0.0,nan,nan
28.0,raw,nan,16.0,2.0,8.0,0.5690477659517406,0.25975364458121697,0.15810360930873582,0.0,nan,nan
28.0,ppo,nan,0.0,0.0,0.0,0.4381825474072605,1.0,1.0,0.0,nan,nan
28.0,ppo,nan,1.0,1.0,1.0,0.44965053836329905,1.0,1.0,1.0,nan,nan
28.0,ppo,nan,2.0,1.0,2.0,0.45608103923860277,0.9053781227459613,0.9457038769429529,1.0,nan,nan
28.0,ppo,nan,3.0,1.0,3.0,0.46176521674316806,0.8051987716519096,0.7986459638438986,1.0,nan,nan
28.0,ppo,nan,4.0,1.0,4.0,0.4605420686434983,0.8703879771375026,0.9051404211885264,1.0,nan,nan
28.0,ppo,nan,5.0,1.0,5.0,0.47750780335328336,0.8030093484613741,0.8796091724887923,1.0,nan,nan
28.0,ppo,nan,6.0,1.0,6.0,0.5009524951037063,0.7727537927188247,0.8391645687439344,1.0,nan,nan
28.0,ppo,nan,7.0,1.0,7.0,0.5047921809636394,0.8323663430051065,0.8134684915088483,1.0,nan,nan
28.0,ppo,nan,8.0,1.0,8.0,0.5183577410514609,0.7973173640825917,0.7894370659937343,1.0,nan,nan
28.0,ppo,nan,9.0,2.0,1.0,0.5206854482389637,1.0,1.0,1.0,nan,nan
28.0,ppo,nan,10.0,2.0,2.0,0.42510918376001183,0.8267741320471057,0.6691719284673485,1.0,nan,nan
28.0,ppo,nan,11.0,2.0,3.0,0.4941926228031998,0.5864453157295973,0.643984645897275,1.0,nan,nan
28.0,ppo,nan,12.0,2.0,4.0,0.5342620958138465,0.7885894059773714,0.7783747301011646,1.0,nan,nan
28.0,ppo,nan,13.0,2.0,5.0,0.5277790426568161,0.7948384904304101,0.8539541820237188,1.0,nan,nan
28.0,ppo,nan,14.0,2.0,6.0,0.5479935505890523,0.826006384214286,0.8676482868817114,1.0,nan,nan
28.0,ppo,nan,15.0,2.0,7.0,0.5429176928011356,0.6929620912635697,0.7440562414006472,1.0,nan,nan
28.0,ppo,nan,16.0,2.0,8.0,0.5201345684767158,0.7073362347260718,0.6762475241095361,1.0,nan,nan
28.0,mse_oracle,nan,0.0,0.0,0.0,0.4381825474072605,1.0,1.0,0.0,nan,nan
28.0,mse_oracle,nan,1.0,1.0,1.0,0.44965053836329905,1.0,1.0,0.0,0.06706072794876566,0.06706072794876566
28.0,mse_oracle,nan,2.0,1.0,2.0,0.4649262771374658,0.9053781227459613,0.9457038769429529,0.0,0.0667135112701458,0.06862455353021747
28.0,mse_oracle,nan,3.0,1.0,3.0,0.43587838277212454,0.8130234924095664,0.8047167976976869,0.0,0.06757441213266685,0.0744422028858877
28.0,mse_oracle,nan,4.0,1.0,4.0,0.4478873976277411,0.5842949138627567,0.5746295119392711,1.0,0.08569480120274227,0.08446249108983869
28.0,mse_oracle,nan,5.0,1.0,5.0,0.4669652340419443,0.6094559087373866,0.7147829803684445,1.0,0.0788645158359325,0.0779498932933882
28.0,mse_oracle,nan,6.0,1.0,6.0,0.5000440866085435,0.6518911511826375,0.7397124846473021,1.0,0.07122308324085323,0.0697290588823372
28.0,mse_oracle,nan,7.0,1.0,7.0,0.49450109163187733,0.7815440533646393,0.7882227002449007,1.0,0.05954845038285765,0.053893443313808735
28.0,mse_oracle,nan,8.0,1.0,8.0,0.5062827851749299,0.7056319109830536,0.736119724350595,1.0,0.06330208361943561,0.062202844533783705
28.0,mse_oracle,nan,9.0,2.0,1.0,0.5204277694901162,1.0,1.0,0.0,0.06661932767146679,0.06661932767146679
28.0,mse_oracle,nan,10.0,2.0,2.0,0.41776203849384985,0.6842439404807469,0.5031795985574252,1.0,0.14522511488068124,0.13434967884495358
28.0,mse_oracle,nan,11.0,2.0,3.0,0.49348463778202445,0.6698287775002494,0.7710941737984999,1.0,0.0875981705113911,0.07889756264993214
28.0,mse_oracle,nan,12.0,2.0,4.0,0.5226537799613346,0.5963864191266305,0.7675631669423149,1.0,0.14101123370343063,0.1384299670388578
28.0,mse_oracle,nan,13.0,2.0,5.0,0.5417745899821736,0.7608301528957966,0.8950028583199918,1.0,0.09698743654816684,0.09563701281194728
28.0,mse_oracle,nan,14.0,2.0,6.0,0.5492621756268075,0.69001133286923,0.778459575273063,1.0,0.11612458655825486,0.11284994066656018
28.0,mse_oracle,nan,15.0,2.0,7.0,0.5570880130339482,0.7070401029464004,0.8320979018797098,1.0,0.10837040509778836,0.10680787041101383
28.0,mse_oracle,nan,16.0,2.0,8.0,0.5550138081358635,0.6962657173980755,0.6368432281866657,1.0,0.10936562568574477,0.10241635619918721
29.0,raw,nan,0.0,0.0,0.0,0.4381825474072605,1.0,1.0,0.0,nan,nan
29.0,raw,nan,1.0,1.0,1.0,0.44456033594056454,1.0,1.0,0.0,nan,nan
29.0,raw,nan,2.0,1.0,2.0,0.4437550843054722,0.8436815362493888,0.8263188703433385,0.0,nan,nan
29.0,raw,nan,3.0,1.0,3.0,0.4576807741640571,0.7681508261788388,0.8207205372457315,0.0,nan,nan
29.0,raw,nan,4.0,1.0,4.0,0.48771154211673745,0.7331418294016552,0.729099537085707,0.0,nan,nan
29.0,raw,nan,5.0,1.0,5.0,0.5174432954820338,0.8103831672636621,0.7980336991318862,0.0,nan,nan
29.0,raw,nan,6.0,1.0,6.0,0.5274798222746022,0.875800811780518,0.8721631728269267,0.0,nan,nan
29.0,raw,nan,7.0,1.0,7.0,0.5443227628395721,0.8496539868755607,0.8925485284051566,0.0,nan,nan
29.0,raw,nan,8.0,1.0,8.0,0.5512398141799699,0.8566343927528147,0.8114133069247326,0.0,nan,nan
29.0,raw,nan,9.0,2.0,1.0,0.5415571283105954,1.0,1.0,0.0,nan,nan
29.0,raw,nan,10.0,2.0,2.0,0.5598380530141542,0.8812078636988208,0.8864435413874145,0.0,nan,nan
29.0,raw,nan,11.0,2.0,3.0,0.5558242320974812,0.8666085337177399,0.9130122304401799,0.0,nan,nan
29.0,raw,nan,12.0,2.0,4.0,0.5482259053241753,0.6269424903891163,0.8049664078429704,0.0,nan,nan
29.0,raw,nan,13.0,2.0,5.0,0.550654250978499,0.5826635034057966,0.6186429534354561,0.0,nan,nan
29.0,raw,nan,14.0,2.0,6.0,0.5617768037648904,0.5622912668742128,0.7853795092265582,0.0,nan,nan
29.0,raw,nan,15.0,2.0,7.0,0.5607478720127336,0.6594698087372898,0.6371043214484747,0.0,nan,nan
29.0,raw,nan,16.0,2.0,8.0,0.5711416343777945,0.5762782968992904,0.7029463380080065,0.0,nan,nan
29.0,ppo,nan,0.0,0.0,0.0,0.4381825474072605,1.0,1.0,0.0,nan,nan
29.0,ppo,nan,1.0,1.0,1.0,0.44456033594056454,1.0,1.0,1.0,nan,nan
29.0,ppo,nan,2.0,1.0,2.0,0.446620372346999,0.8436815362493888,0.8263188703433385,1.0,nan,nan
29.0,ppo,nan,3.0,1.0,3.0,0.4627716290587847,0.8735536050751086,0.8671627812719765,1.0,nan,nan
29.0,ppo,nan,4.0,1.0,4.0,0.4781781355431132,0.9191346554937717,0.9410923959154385,1.0,nan,nan
29.0,ppo,nan,5.0,1.0,5.0,0.48502686942790335,0.8355123118824036,0.8847756395005898,1.0,nan,nan
29.0,ppo,nan,6.0,1.0,6.0,0.5146198608331275,0.857601439145882,0.8636245287620173,1.0,nan,nan
29.0,ppo,nan,7.0,1.0,7.0,0.5161934312255512,0.8928404248356746,0.8806884635012336,1.0,nan,nan
29.0,ppo,nan,8.0,1.0,8.0,0.5211767130001778,0.894605216806376,0.8594067815967968,1.0,nan,nan
29.0,ppo,nan,9.0,2.0,1.0,0.523710062957523,1.0,1.0,1.0,nan,nan
29.0,ppo,nan,10.0,2.0,2.0,0.5097803184057973,0.9083624337818094,0.925273455490875,1.0,nan,nan
29.0,ppo,nan,11.0,2.0,3.0,0.5194900729638248,0.8317774661306124,0.8090138025096865,1.0,nan,nan
29.0,ppo,nan,12.0,2.0,4.0,0.5487032573599104,0.7590804878096636,0.8450503045873327,1.0,nan,nan
29.0,ppo,nan,13.0,2.0,5.0,0.563016907937017,0.8252758314921927,0.8145454439027029,1.0,nan,nan
29.0,ppo,nan,14.0,2.0,6.0,0.5627719333883374,0.9143860434832928,0.9102317559252014,1.0,nan,nan
29.0,ppo,nan,15.0,2.0,7.0,0.5395855186243801,0.9150090996850314,0.9006470618498905,1.0,nan,nan
29.0,ppo,nan,16.0,2.0,8.0,0.5401124372526447,0.7039785958458686,0.7703208771401768,1.0,nan,nan
29.0,mse_oracle,nan,0.0,0.0,0.0,0.4381825474072605,1.0,1.0,0.0,nan,nan
29.0,mse_oracle,nan,1.0,1.0,1.0,0.44456033594056454,1.0,1.0,0.0,0.06706072794876566,0.06706072794876566
29.0,mse_oracle,nan,2.0,1.0,2.0,0.4437550843054722,0.8436815362493888,0.8263188703433385,0.0,0.07106106510530448,0.07591858774210405
29.0,mse_oracle,nan,3.0,1.0,3.0,0.4576807741640571,0.7681508261788388,0.8207205372457315,0.0,0.07567405499765481,0.07634195243325069
29.0,mse_oracle,nan,4.0,1.0,4.0,0.48771154211673745,0.7331418294016552,0.729099537085707,0.0,0.07241231082088856,0.07654425838729564
29.0,mse_oracle,nan,5.0,1.0,5.0,0.5174432954820338,0.8103831672636621,0.7980336991318862,0.0,0.06345377981913428,0.06353879106680657
29.0,mse_oracle,nan,6.0,1.0,6.0,0.5274798222746022,0.875800811780518,0.8721631728269267,0.0,0.053834180445100764,0.053956153796173724
29.0,mse_oracle,nan,7.0,1.0,7.0,0.5368176662256922,0.8496539868755607,0.8925485284051566,1.0,0.05456371298353917,0.052266325295389215
29.0,mse_oracle,nan,8.0,1.0,8.0,0.5494327977220943,0.8812855611908917,0.8782389006865443,0.0,0.0521669750696477,0.05413750743589932
29.0,mse_oracle,nan,9.0,2.0,1.0,0.5372453899986289,1.0,1.0,0.0,0.07088015616402056,0.07088015616402056
29.0,mse_oracle,nan,10.0,2.0,2.0,0.5523497288630572,0.8894645243490065,0.8983059073194438,1.0,0.0858416935443291,0.08341137083554635
29.0,mse_oracle,nan,11.0,2.0,3.0,0.5647681843154507,0.8445714773959606,0.9059361506992354,1.0,0.08612144332606739,0.08196432380017864
29.0,mse_oracle,nan,12.0,2.0,4.0,0.5759333258365746,0.8355577592563251,0.8391156378481869,1.0,0.0769283140361208,0.07513171719638514
29.0,mse_oracle,nan,13.0,2.0,5.0,0.5792755525612585,0.9164626203998844,0.9491595714208769,1.0,0.06007747106545995,0.054881131560428696
29.0,mse_oracle,nan,14.0,2.0,6.0,0.5806714721159011,0.9030904087210743,0.9321105392612461,1.0,0.06651755456897152,0.060835161234304574
29.0,mse_oracle,nan,15.0,2.0,7.0,0.5905478652679351,0.9067756500019662,0.8714888659531177,1.0,0.06861624660750747,0.06294459331128313
29.0,mse_oracle,nan,16.0,2.0,8.0,0.5828056582729174,0.9188300068665889,0.9291049665307219,1.0,0.06201620174594737,0.055406404445984575
30.0,raw,nan,0.0,0.0,0.0,0.4381825474072605,1.0,1.0,0.0,nan,nan
30.0,raw,nan,1.0,1.0,1.0,0.43204445951599535,1.0,1.0,0.0,nan,nan
30.0,raw,nan,2.0,1.0,2.0,0.45423867833857484,0.7415360840239013,0.7530868405626315,0.0,nan,nan
30.0,raw,nan,3.0,1.0,3.0,0.459283338957776,0.8494222915642655,0.8851145452221623,0.0,nan,nan
30.0,raw,nan,4.0,1.0,4.0,0.46016640732088254,0.7795963994456334,0.7904381520908765,0.0,nan,nan
30.0,raw,nan,5.0,1.0,5.0,0.4411159772608215,0.620255791764957,0.5212175923029642,0.0,nan,nan
30.0,raw,nan,6.0,1.0,6.0,0.47235715722903415,0.5609513156686002,0.5793053785644967,0.0,nan,nan
30.0,raw,nan,7.0,1.0,7.0,0.4306516293716033,0.6562308586992881,0.5819069176994374,0.0,nan,nan
30.0,raw,nan,8.0,1.0,8.0,0.5163459397923014,0.4565059635157438,0.5088568571801467,0.0,nan,nan
30.0,raw,nan,9.0,2.0,1.0,0.5206869005303562,1.0,1.0,0.0,nan,nan
30.0,raw,nan,10.0,2.0,2.0,0.537031019497312,0.7661134101239244,0.7963334207548125,0.0,nan,nan
30.0,raw,nan,11.0,2.0,3.0,0.49368672041261846,0.6183436290958861,0.6062376561787213,0.0,nan,nan
30.0,raw,nan,12.0,2.0,4.0,0.49707702038290047,0.6164205847733752,0.6555859580674724,0.0,nan,nan
30.0,raw,nan,13.0,2.0,5.0,0.5167712011285762,0.6965387474349619,0.7444432747166984,0.0,nan,nan
30.0,raw,nan,14.0,2.0,6.0,0.4905880378358371,0.6214028790266549,0.6584723572266714,0.0,nan,nan
30.0,raw,nan,15.0,2.0,7.0,0.5123104433548715,0.40100737040517037,0.5739621311354423,0.0,nan,nan
30.0,raw,nan,16.0,2.0,8.0,0.565197904593667,0.45084056093200126,0.5331044194395864,0.0,nan,nan
30.0,ppo,nan,0.0,0.0,0.0,0.4381825474072605,1.0,1.0,0.0,nan,nan
30.0,ppo,nan,1.0,1.0,1.0,0.43204445951599535,1.0,1.0,1.0,nan,nan
30.0,ppo,nan,2.0,1.0,2.0,0.44386431632764206,0.7415360840239013,0.7530868405626315,1.0,nan,nan
30.0,ppo,nan,3.0,1.0,3.0,0.4530896708048017,0.8256887359390487,0.8659215819077932,1.0,nan,nan
30.0,ppo,nan,4.0,1.0,4.0,0.4616028315877209,0.8268009784816986,0.8065440618557498,1.0,nan,nan
30.0,ppo,nan,5.0,1.0,5.0,0.4660630215257545,0.7010349845193172,0.6642058022187615,1.0,nan,nan
30.0,ppo,nan,6.0,1.0,6.0,0.46791530418814653,0.7644421584105968,0.8567554667479322,1.0,nan,nan
30.0,ppo,nan,7.0,1.0,7.0,0.46026121538184545,0.8218472437954565,0.8218388453463294,1.0,nan,nan
30.0,ppo,nan,8.0,1.0,8.0,0.48868848934477144,0.6448807593335995,0.6675782249415647,1.0,nan,nan
30.0,ppo,nan,9.0,2.0,1.0,0.4934084449256345,1.0,1.0,1.0,nan,nan
30.0,ppo,nan,10.0,2.0,2.0,0.5078992232434573,0.8330855005119536,0.8739131544525527,1.0,nan,nan
30.0,ppo,nan,11.0,2.0,3.0,0.5004163620474248,0.8477934650367356,0.7909298889226949,1.0,nan,nan
30.0,ppo,nan,12.0,2.0,4.0,0.5187882180052625,0.8977705466172171,0.8737358776636035,1.0,nan,nan
30.0,ppo,nan,13.0,2.0,5.0,0.5296878772700853,0.8780997963593186,0.8471010022459052,1.0,nan,nan
30.0,ppo,nan,14.0,2.0,6.0,0.509671754002616,0.9070334604016297,0.875542622767227,1.0,nan,nan
30.0,ppo,nan,15.0,2.0,7.0,0.5457484759254708,0.8905713195194235,0.8944340746990131,1.0,nan,nan
30.0,ppo,nan,16.0,2.0,8.0,0.5505643584023312,0.9352148380685352,0.9295716217636049,1.0,nan,nan
30.0,mse_oracle,nan,0.0,0.0,0.0,0.4381825474072605,1.0,1.0,0.0,nan,nan
30.0,mse_oracle,nan,1.0,1.0,1.0,0.43204445951599535,1.0,1.0,0.0,0.06706072794876566,0.06706072794876566
30.0,mse_oracle,nan,2.0,1.0,2.0,0.45423867833857484,0.7415360840239013,0.7530868405626315,0.0,0.07909026246257306,0.0825155523534035
30.0,mse_oracle,nan,3.0,1.0,3.0,0.4628170467789916,0.8494222915642655,0.8851145452221623,1.0,0.07034168691398471,0.06673422940532021
30.0,mse_oracle,nan,4.0,1.0,4.0,0.4563770730996246,0.850214006497117,0.8597005762306185,0.0,0.0689161380693736,0.06902062776303336
30.0,mse_oracle,nan,5.0,1.0,5.0,0.44085377210117427,0.6232293874921312,0.5616667184881491,0.0,0.08004832870798974,0.08228461548694993
30.0,mse_oracle,nan,6.0,1.0,6.0,0.4670596201729696,0.5637128536606401,0.6537191727191037,0.0,0.09207228118913766,0.09234653678938864
30.0,mse_oracle,nan,7.0,1.0,7.0,0.4433877735311747,0.6367327166750244,0.5465465129004703,1.0,0.08428619781514543,0.07929774128148942
30.0,mse_oracle,nan,8.0,1.0,8.0,0.5062027852353416,0.5850577150249255,0.6481800933026967,1.0,0.0864580663326786,0.08297723426601752
30.0,mse_oracle,nan,9.0,2.0,1.0,0.5056075536666839,1.0,1.0,0.0,0.06729013211405196,0.06729013211405196
30.0,mse_oracle,nan,10.0,2.0,2.0,0.5330318955311344,0.8633081974036017,0.8956470530510201,1.0,0.0867901772515102,0.08009879568147349
30.0,mse_oracle,nan,11.0,2.0,3.0,0.5434870006106628,0.8537649874478944,0.8466915456577571,1.0,0.0858536446502985,0.08307320294811202
30.0,mse_oracle,nan,12.0,2.0,4.0,0.5214040827974311,0.894220069413688,0.8732904933007365,0.0,0.06910006559168294,0.07037758041164113
30.0,mse_oracle,nan,13.0,2.0,5.0,0.5577379415870479,0.8785807434368789,0.8912477602322697,1.0,0.05569081099616564,0.05453630740568979
30.0,mse_oracle,nan,14.0,2.0,6.0,0.5624683578719396,0.7761489720805611,0.7499342365604198,1.0,0.07513369923468041,0.07106133174077832
30.0,mse_oracle,nan,15.0,2.0,7.0,0.5725452977999987,0.8038350037375006,0.8680097714359426,1.0,0.07235590173867734,0.06881084349067507
30.0,mse_oracle,nan,16.0,2.0,8.0,0.5716607614713926,0.8550210110404574,0.8481166789409489,1.0,0.06441923010860064,0.06008460217725044
31.0,raw,nan,0.0,0.0,0.0,0.4381825474072605,1.0,1.0,0.0,nan,nan
31.0,raw,nan,1.0,1.0,1.0,0.4471172016244341,1.0,1.0,0.0,nan,nan
31.0,raw,nan,2.0,1.0,2.0,0.44250778052713347,0.8717958417542941,0.8830929223217064,0.0,nan,nan
31.0,raw,nan,3.0,1.0,3.0,0.4470469153245984,0.7911076335273354,0.8641876624075796,0.0,nan,nan
31.0,raw,nan,4.0,1.0,4.0,0.414102141374562,0.5978836273121133,0.5961932165627924,0.0,nan,nan
31.0,raw,nan,5.0,1.0,5.0,0.4663417308013494,0.3931411137416472,0.44900461095608507,0.0,nan,nan
31.0,raw,nan,6.0,1.0,6.0,0.5087732751572771,0.5710269420758011,0.48375872083299,0.0,nan,nan
31.0,raw,nan,7.0,1.0,7.0,0.5196532055747031,0.717395340638715,0.7010331875758101,0.0,nan,nan
31.0,raw,nan,8.0,1.0,8.0,0.5174142626243762,0.7567641298779182,0.6770748966461115,0.0,nan,nan
31.0,raw,nan,9.0,2.0,1.0,0.5509395517188558,1.0,1.0,0.0,nan,nan
31.0,raw,nan,10.0,2.0,2.0,0.56468683297531,0.7001234850851629,0.7103455548625586,0.0,nan,nan
31.0,raw,nan,11.0,2.0,3.0,0.5578554356381554,0.7128606814341243,0.7662639420526653,0.0,nan,nan
31.0,raw,nan,12.0,2.0,4.0,0.5566669674198285,0.7070357864215778,0.7843948749230165,0.0,nan,nan
31.0,raw,nan,13.0,2.0,5.0,0.5561115729291739,0.6039320622363823,0.5027738950540394,0.0,nan,nan
31.0,raw,nan,14.0,2.0,6.0,0.5762069468625496,0.6291670439577345,0.722847204472178,0.0,nan,nan
31.0,raw,nan,15.0,2.0,7.0,0.5624276580110902,0.6398202888496373,0.6172951918481215,0.0,nan,nan
31.0,raw,nan,16.0,2.0,8.0,0.59484536010066,0.6540457287300182,0.7239133190381243,0.0,nan,nan
31.0,ppo,nan,0.0,0.0,0.0,0.4381825474072605,1.0,1.0,0.0,nan,nan
31.0,ppo,nan,1.0,1.0,1.0,0.4471172016244341,1.0,1.0,1.0,nan,nan
31.0,ppo,nan,2.0,1.0,2.0,0.44185289291434665,0.8717958417542941,0.8830929223217064,1.0,nan,nan
31.0,ppo,nan,3.0,1.0,3.0,0.4689146192927253,0.8818337205341157,0.8624878007130904,1.0,nan,nan
31.0,ppo,nan,4.0,1.0,4.0,0.46166954783029507,0.7392488360918312,0.7244704870397929,1.0,nan,nan
31.0,ppo,nan,5.0,1.0,5.0,0.4773762506098676,0.6895749638591668,0.756170530316487,1.0,nan,nan
31.0,ppo,nan,6.0,1.0,6.0,0.5008855026254099,0.6971491738373227,0.7261037017150846,1.0,nan,nan
31.0,ppo,nan,7.0,1.0,7.0,0.479433291609205,0.7649187110927369,0.7659088258683283,1.0,nan,nan
31.0,ppo,nan,8.0,1.0,8.0,0.484867885193264,0.7081315214961676,0.7157915321366498,1.0,nan,nan
31.0,ppo,nan,9.0,2.0,1.0,0.5160526313055893,1.0,1.0,1.0,nan,nan
31.0,ppo,nan,10.0,2.0,2.0,0.5110334913441384,0.7244932364708948,0.5953368481051113,1.0,nan,nan
31.0,ppo,nan,11.0,2.0,3.0,0.5365958370108661,0.7170012707441442,0.7703637621019899,1.0,nan,nan
31.0,ppo,nan,12.0,2.0,4.0,0.5219601897522026,0.812944030163116,0.7296669789246646,1.0,nan,nan
31.0,ppo,nan,13.0,2.0,5.0,0.4903279896582759,0.9102040733528387,0.879257901347127,1.0,nan,nan
31.0,ppo,nan,14.0,2.0,6.0,0.541141517241872,0.8881178986730924,0.8953575175120052,1.0,nan,nan
31.0,ppo,nan,15.0,2.0,7.0,0.5255207699090637,0.8930749749344032,0.8883044815557796,1.0,nan,nan
31.0,ppo,nan,16.0,2.0,8.0,0.5499699729489183,0.9352391459387017,0.9332778571661983,1.0,nan,nan
31.0,mse_oracle,nan,0.0,0.0,0.0,0.4381825474072605,1.0,1.0,0.0,nan,nan
31.0,mse_oracle,nan,1.0,1.0,1.0,0.4471172016244341,1.0,1.0,0.0,0.06706072794876566,0.06706072794876566
31.0,mse_oracle,nan,2.0,1.0,2.0,0.44250778052713347,0.8717958417542941,0.8830929223217064,0.0,0.06770775392890065,0.07142486004298074
31.0,mse_oracle,nan,3.0,1.0,3.0,0.46283949570109384,0.7911076335273354,0.8641876624075796,1.0,0.07447196468755427,0.07142669144990722
31.0,mse_oracle,nan,4.0,1.0,4.0,0.45141921925809353,0.7240363952070664,0.679739398268697,0.0,0.0689757618424324,0.06962262389336613
31.0,mse_oracle,nan,5.0,1.0,5.0,0.49895159975378467,0.5808011837123668,0.6450855258607048,1.0,0.07828202496465116,0.0779894655747108
31.0,mse_oracle,nan,6.0,1.0,6.0,0.5119169316791691,0.8120165615634083,0.8083573032651487,1.0,0.05987902549221931,0.0554238900210145
31.0,mse_oracle,nan,7.0,1.0,7.0,0.49346408666138486,0.8559686085696603,0.8595321701232582,1.0,0.05746237211291477,0.05506641681857658
31.0,mse_oracle,nan,8.0,1.0,8.0,0.5034185475452577,0.7936002034057043,0.7941448324392538,1.0,0.06484504041035,0.05748498457893005
31.0,mse_oracle,nan,9.0,2.0,1.0,0.5242939783489485,1.0,1.0,0.0,0.06953531812959783,0.06953531812959783
31.0,mse_oracle,nan,10.0,2.0,2.0,0.48868016808235953,0.7289882909256497,0.6105700748165275,1.0,0.10658429380875337,0.10587493674380306
31.0,mse_oracle,nan,11.0,2.0,3.0,0.5066928464762456,0.6632573392528921,0.6641240778240044,0.0,0.09571513873540768,0.09756755618092784
31.0,mse_oracle,nan,12.0,2.0,4.0,0.5088468128827477,0.7716280126467003,0.7784276018958023,1.0,0.07414580735529519,0.07411499416108286
31.0,mse_oracle,nan,13.0,2.0,5.0,0.47859030388677715,0.70284682171413,0.6954625309179181,1.0,0.08482187440593651,0.08439926912181558
31.0,mse_oracle,nan,14.0,2.0,6.0,0.5309516962501379,0.7553561007546586,0.7861196273381224,1.0,0.07234426018430487,0.06823375730604937
31.0,mse_oracle,nan,15.0,2.0,7.0,0.4756932696693802,0.8298830993642159,0.8168817384204807,1.0,0.05994971728588531,0.054968031119301916
31.0,mse_oracle,nan,16.0,2.0,8.0,0.5417209333672441,0.6903817157623519,0.6005922210450314,1.0,0.06893471314925904,0.06533652981245544
32.0,raw,nan,0.0,0.0,0.0,0.4381825474072605,1.0,1.0,0.0,nan,nan
32.0,raw,nan,1.0,1.0,1.0,0.43936885360799577,1.0,1.0,0.0,nan,nan
32.0,raw,nan,2.0,1.0,2.0,0.4545457984344262,0.8583410927649336,0.8383410633692226,0.0,nan,nan
32.0,raw,nan,3.0,1.0,3.0,0.44011421490282676,0.7343613926781519,0.7639657522806947,0.0,nan,nan
32.0,raw,nan,4.0,1.0,4.0,0.43567244321410376,0.536735697338918,0.765738509104699,0.0,nan,nan
32.0,raw,nan,5.0,1.0,5.0,0.4672769290141285,0.4752868656200014,0.6812279657862028,0.0,nan,nan
32.0,raw,nan,6.0,1.0,6.0,0.4788628996934173,0.5814407608009101,0.4528421813047978,0.0,nan,nan
32.0,raw,nan,7.0,1.0,7.0,0.505828892311563,0.6397898716058974,0.5930323451492796,0.0,nan,nan
32.0,raw,nan,8.0,1.0,8.0,0.518116475283278,0.6987501492328146,0.6467484317292359,0.0,nan,nan
32.0,raw,nan,9.0,2.0,1.0,0.5466343252341317,1.0,1.0,0.0,nan,nan
32.0,raw,nan,10.0,2.0,2.0,0.5467992802663182,0.9001555381977819,0.9338077458605761,0.0,nan,nan
32.0,raw,nan,11.0,2.0,3.0,0.5222349539442764,0.6705436896168895,0.5929191443800915,0.0,nan,nan
32.0,raw,nan,12.0,2.0,4.0,0.5090436001162554,0.6240207102485417,0.6097155870616459,0.0,nan,nan
32.0,raw,nan,13.0,2.0,5.0,0.5370930643753931,0.5887692365252872,0.5049581553735165,0.0,nan,nan
32.0,raw,nan,14.0,2.0,6.0,0.5648265123247816,0.7316850988906384,0.6476371745831568,0.0,nan,nan
32.0,raw,nan,15.0,2.0,7.0,0.5787275571415497,0.6679809992874484,0.5598527065565105,0.0,nan,nan
32.0,raw,nan,16.0,2.0,8.0,0.5757457012829091,0.655989365854827,0.6945536808022901,0.0,nan,nan
32.0,ppo,nan,0.0,0.0,0.0,0.4381825474072605,1.0,1.0,0.0,nan,nan
32.0,ppo,nan,1.0,1.0,1.0,0.43936885360799577,1.0,1.0,1.0,nan,nan
32.0,ppo,nan,2.0,1.0,2.0,0.46833566179352665,0.8583410927649336,0.8383410633692226,1.0,nan,nan
32.0,ppo,nan,3.0,1.0,3.0,0.46859375609501785,0.8884207843291689,0.8391900876357415,1.0,nan,nan
32.0,ppo,nan,4.0,1.0,4.0,0.4744166108235126,0.8230302378817692,0.8482943850575954,1.0,nan,nan
32.0,ppo,nan,5.0,1.0,5.0,0.4897253819111421,0.8226426063726756,0.8617840925792228,1.0,nan,nan
32.0,ppo,nan,6.0,1.0,6.0,0.4624698532126562,0.8376499593679751,0.8340546264119401,1.0,nan,nan
32.0,ppo,nan,7.0,1.0,7.0,0.498087111115998,0.731143409169601,0.8560987528831866,1.0,nan,nan
32.0,ppo,nan,8.0,1.0,8.0,0.5154649097522561,0.7945458684681861,0.7550619105424246,1.0,nan,nan
32.0,ppo,nan,9.0,2.0,1.0,0.506576830033896,1.0,1.0,1.0,nan,nan
32.0,ppo,nan,10.0,2.0,2.0,0.5245077152837575,0.7909686012222601,0.8791066721677415,1.0,nan,nan
32.0,ppo,nan,11.0,2.0,3.0,0.5078204894017543,0.6714947445506604,0.5093422836136771,1.0,nan,nan
32.0,ppo,nan,12.0,2.0,4.0,0.5220690222171781,0.7986022964724496,0.7901929441897879,1.0,nan,nan
32.0,ppo,nan,13.0,2.0,5.0,0.5561157056617502,0.7451591576543365,0.8113432599769826,1.0,nan,nan
32.0,ppo,nan,14.0,2.0,6.0,0.5641361360209555,0.788630672987473,0.7386459796852224,1.0,nan,nan
32.0,ppo,nan,15.0,2.0,7.0,0.553336169288498,0.843810686854003,0.7464431450620324,1.0,nan,nan
32.0,ppo,nan,16.0,2.0,8.0,0.5730935138673795,0.6835955357110736,0.7731906881226167,1.0,nan,nan
32.0,mse_oracle,nan,0.0,0.0,0.0,0.4381825474072605,1.0,1.0,0.0,nan,nan
32.0,mse_oracle,nan,1.0,1.0,1.0,0.43936885360799577,1.0,1.0,0.0,0.06706072794876566,0.06706072794876566
32.0,mse_oracle,nan,2.0,1.0,2.0,0.4545457984344262,0.8583410927649336,0.8383410633692226,0.0,0.07303248691354612,0.07514555250012364
32.0,mse_oracle,nan,3.0,1.0,3.0,0.44011421490282676,0.7343613926781519,0.7639657522806947,0.0,0.0737865480198626,0.07409484769581011
32.0,mse_oracle,nan,4.0,1.0,4.0,0.45191960899268796,0.536735697338918,0.765738509104699,1.0,0.08939886616243263,0.08844620082980277
32.0,mse_oracle,nan,5.0,1.0,5.0,0.47872204654682604,0.5784221295594807,0.7489838172424057,1.0,0.0844476538804005,0.08371849016824225
32.0,mse_oracle,nan,6.0,1.0,6.0,0.4753377786837437,0.6885093341589023,0.573130198130073,0.0,0.07063331128776439,0.07185085501114286
32.0,mse_oracle,nan,7.0,1.0,7.0,0.4787996742580169,0.6710683254665415,0.7038798199481686,1.0,0.07041453224434274,0.06997900352874926
32.0,mse_oracle,nan,8.0,1.0,8.0,0.520210622858946,0.7659162227972129,0.6692739306349592,1.0,0.07018748567227225,0.06335105605832159
32.0,mse_oracle,nan,9.0,2.0,1.0,0.5321984538431535,1.0,1.0,0.0,0.07116103476473556,0.07116103476473556
32.0,mse_oracle,nan,10.0,2.0,2.0,0.530484294531321,0.8539086658044789,0.8083805313878156,0.0,0.08821993857265806,0.08906430245476614
32.0,mse_oracle,nan,11.0,2.0,3.0,0.5148855227102865,0.696749375491809,0.741112905712323,1.0,0.10143042017844509,0.09774547619938899
32.0,mse_oracle,nan,12.0,2.0,4.0,0.5491859800558899,0.7120987304024726,0.7574456530838555,1.0,0.09200877307172728,0.09040487473851895
32.0,mse_oracle,nan,13.0,2.0,5.0,0.5775227021252015,0.8015722347273744,0.8976298997075857,1.0,0.07771982321269644,0.07074953268418023
32.0,mse_oracle,nan,14.0,2.0,6.0,0.57209343255974,0.8342151490171703,0.6682637973413874,0.0,0.07270704535027442,0.07375349000880886
32.0,mse_oracle,nan,15.0,2.0,7.0,0.5668180779275082,0.9056069620832685,0.9173534812195765,1.0,0.06211393050746511,0.057214232404539205
32.0,mse_oracle,nan,16.0,2.0,8.0,0.5978342035122558,0.8795680478758693,0.9195663326037654,1.0,0.058594598494390845,0.05573802343144228
33.0,raw,nan,0.0,0.0,0.0,0.4381825474072605,1.0,1.0,0.0,nan,nan
33.0,raw,nan,1.0,1.0,1.0,0.43264037520274823,1.0,1.0,0.0,nan,nan
33.0,raw,nan,2.0,1.0,2.0,0.4481053302032625,0.7957545036269301,0.8455719087340906,0.0,nan,nan
33.0,raw,nan,3.0,1.0,3.0,0.45159241120438726,0.7178419025013705,0.6851997688631167,0.0,nan,nan
33.0,raw,nan,4.0,1.0,4.0,0.48397490836858437,0.6949083415099604,0.6837059029342055,0.0,nan,nan
33.0,raw,nan,5.0,1.0,5.0,0.48978129603353227,0.8216976489092407,0.802424125449541,0.0,nan,nan
33.0,raw,nan,6.0,1.0,6.0,0.5125778898985217,0.7651502996459624,0.7827949597626233,0.0,nan,nan
33.0,raw,nan,7.0,1.0,7.0,0.5145948773374786,0.7551221746123791,0.7178776976217217,0.0,nan,nan
33.0,raw,nan,8.0,1.0,8.0,0.5306456807281111,0.7868738200434958,0.7517116238580139,0.0,nan,nan
33.0,raw,nan,9.0,2.0,1.0,0.5465120270923394,1.0,1.0,0.0,nan,nan
33.0,raw,nan,10.0,2.0,2.0,0.562856917202634,0.6976137700257082,0.6216441050193945,0.0,nan,nan
33.0,raw,nan,11.0,2.0,3.0,0.5225859974715145,0.6930778389805394,0.7811177474090927,0.0,nan,nan
33.0,raw,nan,12.0,2.0,4.0,0.5601420673761922,0.3086786039932488,0.3688708734083223,0.0,nan,nan
33.0,raw,nan,13.0,2.0,5.0,0.5174689720944944,0.44324524684662503,0.5934738201172134,0.0,nan,nan
33.0,raw,nan,14.0,2.0,6.0,0.5379411961658371,0.2681980942211071,0.40353952626890643,0.0,nan,nan
33.0,raw,nan,15.0,2.0,7.0,0.5177992778430279,0.27696584645092104,0.37966999769424625,0.0,nan,nan
33.0,raw,nan,16.0,2.0,8.0,0.4477739688933499,0.28733215806697116,0.33287462353341174,0.0,nan,nan
33.0,ppo,nan,0.0,0.0,0.0,0.4381825474072605,1.0,1.0,0.0,nan,nan
33.0,ppo,nan,1.0,1.0,1.0,0.43264037520274823,1.0,1.0,1.0,nan,nan
33.0,ppo,nan,2.0,1.0,2.0,0.4470322121773843,0.7957545036269301,0.8455719087340906,1.0,nan,nan
33.0,ppo,nan,3.0,1.0,3.0,0.4517471542539048,0.7218342095329012,0.6477020665313695,1.0,nan,nan
33.0,ppo,nan,4.0,1.0,4.0,0.45833625908068365,0.8320430380782143,0.7627684248450305,1.0,nan,nan
33.0,ppo,nan,5.0,1.0,5.0,0.4789507349635776,0.8133415109209365,0.776850781287897,1.0,nan,nan
33.0,ppo,nan,6.0,1.0,6.0,0.4936565227463778,0.8525730644839492,0.8434239787273873,1.0,nan,nan
33.0,ppo,nan,7.0,1.0,7.0,0.4852296209738717,0.8790223229662967,0.8637864607410825,1.0,nan,nan
33.0,ppo,nan,8.0,1.0,8.0,0.5086471400005924,0.8863511233013355,0.8059428419295088,1.0,nan,nan
33.0,ppo,nan,9.0,2.0,1.0,0.5095586107400705,1.0,1.0,1.0,nan,nan
33.0,ppo,nan,10.0,2.0,2.0,0.5342573923551942,0.8659467338411,0.8879792853441286,1.0,nan,nan
33.0,ppo,nan,11.0,2.0,3.0,0.5426094346545302,0.8884840523597985,0.8983881552603951,1.0,nan,nan
33.0,ppo,nan,12.0,2.0,4.0,0.5288052656441116,0.8778589950439,0.9101931613082379,1.0,nan,nan
33.0,ppo,nan,13.0,2.0,5.0,0.5496344146524634,0.9096197282370463,0.8717212013386445,1.0,nan,nan
33.0,ppo,nan,14.0,2.0,6.0,0.5588910839291592,0.7562667858852005,0.8679982369649496,1.0,nan,nan
33.0,ppo,nan,15.0,2.0,7.0,0.5246970571350206,0.8201827953449969,0.7812853628158689,1.0,nan,nan
33.0,ppo,nan,16.0,2.0,8.0,0.5575004421558005,0.7776225300060369,0.7532693234977172,1.0,nan,nan
33.0,mse_oracle,nan,0.0,0.0,0.0,0.4381825474072605,1.0,1.0,0.0,nan,nan
33.0,mse_oracle,nan,1.0,1.0,1.0,0.43264037520274823,1.0,1.0,0.0,0.06706072794876566,0.06706072794876566
33.0,mse_oracle,nan,2.0,1.0,2.0,0.4481053302032625,0.7957545036269301,0.8455719087340906,0.0,0.07386165764530186,0.07567713970718809
33.0,mse_oracle,nan,3.0,1.0,3.0,0.45159241120438726,0.7178419025013705,0.6851997688631167,0.0,0.07773068413386341,0.07898809618503774
33.0,mse_oracle,nan,4.0,1.0,4.0,0.48397490836858437,0.6949083415099604,0.6837059029342055,0.0,0.07822744455024586,0.08167100696769623
33.0,mse_oracle,nan,5.0,1.0,5.0,0.4962337949030414,0.8216976489092407,0.802424125449541,1.0,0.0667731242933826,0.06322174000357986
33.0,mse_oracle,nan,6.0,1.0,6.0,0.5101497646955939,0.8244908108092874,0.8459551485675578,0.0,0.06257599236025826,0.06532112948306115
33.0,mse_oracle,nan,7.0,1.0,7.0,0.5144806346986754,0.7959683628204327,0.7659823001939164,1.0,0.05983044325975053,0.05784644382817327
33.0,mse_oracle,nan,8.0,1.0,8.0,0.5349415599287559,0.843474104073184,0.7974360621057944,1.0,0.05902378809758555,0.05294525026679994
33.0,mse_oracle,nan,9.0,2.0,1.0,0.5354881598132929,1.0,1.0,0.0,0.0719248342309393,0.0719248342309393
33.0,mse_oracle,nan,10.0,2.0,2.0,0.5441750776832178,0.8842981256178916,0.9096511905705741,0.0,0.08234330401852735,0.08404397503629173
33.0,mse_oracle,nan,11.0,2.0,3.0,0.5660260448803323,0.8456959994992865,0.7778436795927641,1.0,0.09131416309413805,0.09127613405569451
33.0,mse_oracle,nan,12.0,2.0,4.0,0.5555193949577948,0.9443782714060417,0.9730432886518157,1.0,0.06519045523238512,0.06286131143778181
33.0,mse_oracle,nan,13.0,2.0,5.0,0.5585465834449229,0.8102778620171119,0.7431502917691425,1.0,0.0867414423444509,0.08452919715489386
33.0,mse_oracle,nan,14.0,2.0,6.0,0.5818318410115877,0.7611814386959623,0.8756356416329906,1.0,0.08126668070817207,0.0772718275593754
33.0,mse_oracle,nan,15.0,2.0,7.0,0.5749641487530179,0.8220654094653195,0.7489302901232352,1.0,0.06908727278218219,0.06346184809857242
33.0,mse_oracle,nan,16.0,2.0,8.0,0.5904569508669244,0.7985879538801172,0.7078072520893264,1.0,0.06853596780016008,0.06458999036303394
34.0,raw,nan,0.0,0.0,0.0,0.4381825474072605,1.0,1.0,0.0,nan,nan
34.0,raw,nan,1.0,1.0,1.0,0.4345431842620235,1.0,1.0,0.0,nan,nan
34.0,raw,nan,2.0,1.0,2.0,0.46816519996218486,0.8461590184494995,0.8590179243988645,0.0,nan,nan
34.0,raw,nan,3.0,1.0,3.0,0.49483792429438755,0.8961776156024864,0.8906030397472441,0.0,nan,nan
34.0,raw,nan,4.0,1.0,4.0,0.5045025325474711,0.8959852736941476,0.8874964543964667,0.0,nan,nan
34.0,raw,nan,5.0,1.0,5.0,0.49491284085412673,0.8957723744712088,0.8998557650753027,0.0,nan,nan
34.0,raw,nan,6.0,1.0,6.0,0.5318013793351511,0.753562767983702,0.6730593713085998,0.0,nan,nan
34.0,raw,nan,7.0,1.0,7.0,0.5058392293374835,0.898905819140963,0.8930893683082524,0.0,nan,nan
34.0,raw,nan,8.0,1.0,8.0,0.5194650722004621,0.6459577618518857,0.6030626151294077,0.0,nan,nan
34.0,raw,nan,9.0,2.0,1.0,0.5086802332666455,1.0,1.0,0.0,nan,nan
34.0,raw,nan,10.0,2.0,2.0,0.5340184922410656,0.8112356252950669,0.8998085760608393,0.0,nan,nan
34.0,raw,nan,11.0,2.0,3.0,0.5707750428894688,0.5692376759629362,0.7163614833353575,0.0,nan,nan
34.0,raw,nan,12.0,2.0,4.0,0.5796923983135438,0.6905822324157548,0.8040566096107402,0.0,nan,nan
34.0,raw,nan,13.0,2.0,5.0,0.560057045524113,0.6429327914207396,0.7102422555072206,0.0,nan,nan
34.0,raw,nan,14.0,2.0,6.0,0.5396705253624073,0.3790430124664483,0.5267450261727319,0.0,nan,nan
34.0,raw,nan,15.0,2.0,7.0,0.5460523943610961,0.393800445178002,0.5062745646828755,0.0,nan,nan
34.0,raw,nan,16.0,2.0,8.0,0.5315661042112083,0.22884260519608085,0.5802487490884861,0.0,nan,nan
34.0,ppo,nan,0.0,0.0,0.0,0.4381825474072605,1.0,1.0,0.0,nan,nan
34.0,ppo,nan,1.0,1.0,1.0,0.4345431842620235,1.0,1.0,1.0,nan,nan
34.0,ppo,nan,2.0,1.0,2.0,0.45884423881810793,0.8461590184494995,0.8590179243988645,1.0,nan,nan
34.0,ppo,nan,3.0,1.0,3.0,0.4818835174186214,0.8655332881473824,0.8727603955314679,1.0,nan,nan
34.0,ppo,nan,4.0,1.0,4.0,0.48402570185235194,0.8909371753662728,0.9165479039193529,1.0,nan,nan
34.0,ppo,nan,5.0,1.0,5.0,0.4927716121186283,0.8967581297473369,0.8966537124247728,1.0,nan,nan
34.0,ppo,nan,6.0,1.0,6.0,0.5111904138059871,0.9118403043892487,0.9112855837097362,1.0,nan,nan
34.0,ppo,nan,7.0,1.0,7.0,0.5075386306620129,0.878035875439269,0.886785592865733,1.0,nan,nan
34.0,ppo,nan,8.0,1.0,8.0,0.516052439751932,0.7880369235281022,0.7594807909198438,1.0,nan,nan
34.0,ppo,nan,9.0,2.0,1.0,0.5226134945186789,1.0,1.0,1.0,nan,nan
34.0,ppo,nan,10.0,2.0,2.0,0.5156374425503728,0.7762586248633785,0.7652446369663064,1.0,nan,nan
34.0,ppo,nan,11.0,2.0,3.0,0.5264239469079572,0.8803384731988103,0.8899026057193418,1.0,nan,nan
34.0,ppo,nan,12.0,2.0,4.0,0.5299769708259815,0.8560046929142597,0.887898163289231,1.0,nan,nan
34.0,ppo,nan,13.0,2.0,5.0,0.5482335495512805,0.8690633037020337,0.8773908062038512,1.0,nan,nan
34.0,ppo,nan,14.0,2.0,6.0,0.49531705362720746,0.8532068429605784,0.8688089270317715,1.0,nan,nan
34.0,ppo,nan,15.0,2.0,7.0,0.5661664377487398,0.7500564606842215,0.7178267329045904,1.0,nan,nan
34.0,ppo,nan,16.0,2.0,8.0,0.5830818281408374,0.8521177554333421,0.8403437099513668,1.0,nan,nan
34.0,mse_oracle,nan,0.0,0.0,0.0,0.4381825474072605,1.0,1.0,0.0,nan,nan
34.0,mse_oracle,nan,1.0,1.0,1.0,0.4345431842620235,1.0,1.0,0.0,0.06706072794876566,0.06706072794876566
34.0,mse_oracle,nan,2.0,1.0,2.0,0.46816519996218486,0.8461590184494995,0.8590179243988645,0.0,0.07252982904710159,0.07522735137394965
34.0,mse_oracle,nan,3.0,1.0,3.0,0.4877976875564916,0.8961776156024864,0.8906030397472441,1.0,0.06416487605181263,0.06285994147848806
34.0,mse_oracle,nan,4.0,1.0,4.0,0.49712189670077706,0.8784204676445029,0.8811426457637372,0.0,0.05974004808410838,0.06202175825684368
34.0,mse_oracle,nan,5.0,1.0,5.0,0.4873675304408088,0.8833752871307976,0.894059837659125,0.0,0.058515589054427164,0.059674914108626465
34.0,mse_oracle,nan,6.0,1.0,6.0,0.5200980335318135,0.742441156776534,0.6839894000768553,1.0,0.07083161731362181,0.06835689097524823
34.0,mse_oracle,nan,7.0,1.0,7.0,0.49408032006222713,0.8646517878738501,0.9066878518155669,0.0,0.056769216144510116,0.05831638753267969
34.0,mse_oracle,nan,8.0,1.0,8.0,0.5367845302360716,0.6203182143088012,0.5864108323207063,1.0,0.06986810077396546,0.06573189685724157
34.0,mse_oracle,nan,9.0,2.0,1.0,0.5354637297463866,1.0,1.0,0.0,0.06834329979034,0.06834329979034
34.0,mse_oracle,nan,10.0,2.0,2.0,0.5504129509197534,0.8834271263417219,0.8219561370114624,1.0,0.08497741244321078,0.08218090057825371
34.0,mse_oracle,nan,11.0,2.0,3.0,0.5702112492941285,0.8520226962458813,0.9050003533549542,1.0,0.08237786321363015,0.07257788240074595
34.0,mse_oracle,nan,12.0,2.0,4.0,0.5687520349327347,0.8441365709297582,0.9029025838122413,1.0,0.08672918937513642,0.07772533421313921
34.0,mse_oracle,nan,13.0,2.0,5.0,0.5913762819876253,0.8299145448368259,0.8302719664183524,1.0,0.08157331392373868,0.0714256947184622
34.0,mse_oracle,nan,14.0,2.0,6.0,0.5934412980612457,0.8835355298493485,0.898149120336111,1.0,0.08045374039560717,0.06961601969861272
34.0,mse_oracle,nan,15.0,2.0,7.0,0.5926983603856797,0.8577319266253437,0.8514663477487335,1.0,0.08343074337023931,0.0686476987447197
34.0,mse_oracle,nan,16.0,2.0,8.0,0.5678316666741755,0.8268394594523725,0.8562358368896857,1.0,0.09181701905603994,0.0790023141859297
35.0,raw,nan,0.0,0.0,0.0,0.4381825474072605,1.0,1.0,0.0,nan,nan
35.0,raw,nan,1.0,1.0,1.0,0.44027331795789865,1.0,1.0,0.0,nan,nan
35.0,raw,nan,2.0,1.0,2.0,0.42095517424857487,0.848530883775547,0.8627926371569581,0.0,nan,nan
35.0,raw,nan,3.0,1.0,3.0,0.4378618817904665,0.6121183418651411,0.5566812459741678,0.0,nan,nan
35.0,raw,nan,4.0,1.0,4.0,0.44224000551047493,0.6428679083019273,0.6345328050208163,0.0,nan,nan
35.0,raw,nan,5.0,1.0,5.0,0.4727764413698767,0.49842394733699535,0.5062339922033222,0.0,nan,nan
35.0,raw,nan,6.0,1.0,6.0,0.4772880546386005,0.5509969502947387,0.7008722475239444,0.0,nan,nan
35.0,raw,nan,7.0,1.0,7.0,0.5246769055768794,0.5106909362281389,0.5187112820938662,0.0,nan,nan
35.0,raw,nan,8.0,1.0,8.0,0.5151062294464237,0.7383121670979846,0.7128623631639588,0.0,nan,nan
35.0,raw,nan,9.0,2.0,1.0,0.5429565216626308,1.0,1.0,0.0,nan,nan
35.0,raw,nan,10.0,2.0,2.0,0.5653700320635174,0.736906327280233,0.8176289976324639,0.0,nan,nan
35.0,raw,nan,11.0,2.0,3.0,0.5834467625596719,0.7703247419985323,0.7881629609540459,0.0,nan,nan
35.0,raw,nan,12.0,2.0,4.0,0.5054658825899007,0.6719512944875945,0.7151250122434163,0.0,nan,nan
35.0,raw,nan,13.0,2.0,5.0,0.5485317831084775,0.4281018031641753,0.47656731882886544,0.0,nan,nan
35.0,raw,nan,14.0,2.0,6.0,0.5082956406779098,0.2982307247995888,0.4570125506750949,0.0,nan,nan
35.0,raw,nan,15.0,2.0,7.0,0.5235643035149453,0.10232924508554314,0.3523587553832788,0.0,nan,nan
35.0,raw,nan,16.0,2.0,8.0,0.5203149523349261,0.10638278580685624,0.5384779505597534,0.0,nan,nan
35.0,ppo,nan,0.0,0.0,0.0,0.4381825474072605,1.0,1.0,0.0,nan,nan
35.0,ppo,nan,1.0,1.0,1.0,0.44027331795789865,1.0,1.0,1.0,nan,nan
35.0,ppo,nan,2.0,1.0,2.0,0.4653653644312596,0.848530883775547,0.8627926371569581,1.0,nan,nan
35.0,ppo,nan,3.0,1.0,3.0,0.4500294146376561,0.9160458720813871,0.9348391141217339,1.0,nan,nan
35.0,ppo,nan,4.0,1.0,4.0,0.47358930395992016,0.7801466748753311,0.7703449398237736,1.0,nan,nan
35.0,ppo,nan,5.0,1.0,5.0,0.4914629495866597,0.7339063711502972,0.7201880096310754,1.0,nan,nan
35.0,ppo,nan,6.0,1.0,6.0,0.49600170052945014,0.8090750653971718,0.856776179470026,1.0,nan,nan
35.0,ppo,nan,7.0,1.0,7.0,0.48615834755435466,0.8380002579264072,0.8775225300140067,1.0,nan,nan
35.0,ppo,nan,8.0,1.0,8.0,0.49469079316301073,0.7248150855826565,0.6820344864641149,1.0,nan,nan
35.0,ppo,nan,9.0,2.0,1.0,0.5027907162851135,1.0,1.0,1.0,nan,nan
35.0,ppo,nan,10.0,2.0,2.0,0.5345618841018074,0.7956288854500448,0.8111517754323467,1.0,nan,nan
35.0,ppo,nan,11.0,2.0,3.0,0.5523544131349969,0.8444887706464912,0.7996653374924819,1.0,nan,nan
35.0,ppo,nan,12.0,2.0,4.0,0.47469233124124727,0.8775248658730211,0.826204604108193,1.0,nan,nan
35.0,ppo,nan,13.0,2.0,5.0,0.5186026510606708,0.7441451315170046,0.7512766292125796,1.0,nan,nan
35.0,ppo,nan,14.0,2.0,6.0,0.5578081779393235,0.8007250026200206,0.8019294191995957,1.0,nan,nan
35.0,ppo,nan,15.0,2.0,7.0,0.5626186683195538,0.783761762289159,0.8798425344078991,1.0,nan,nan
35.0,ppo,nan,16.0,2.0,8.0,0.5724706369960869,0.8110606601459028,0.8220051767345169,1.0,nan,nan
35.0,mse_oracle,nan,0.0,0.0,0.0,0.4381825474072605,1.0,1.0,0.0,nan,nan
35.0,mse_oracle,nan,1.0,1.0,1.0,0.44027331795789865,1.0,1.0,0.0,0.06706072794876566,0.06706072794876566
35.0,mse_oracle,nan,2.0,1.0,2.0,0.42095517424857487,0.848530883775547,0.8627926371569581,0.0,0.07111430269929028,0.07445556290334476
35.0,mse_oracle,nan,3.0,1.0,3.0,0.45580213027384314,0.6121183418651411,0.5566812459741678,1.0,0.08533723773542021,0.08462500363967979
35.0,mse_oracle,nan,4.0,1.0,4.0,0.45524660142919204,0.7780721082076841,0.7932961743551858,0.0,0.07288069252646852,0.07311956795090455
35.0,mse_oracle,nan,5.0,1.0,5.0,0.47379354899050113,0.6049967994856652,0.5248027733922457,0.0,0.07885301698414537,0.07916553285164042
35.0,mse_oracle,nan,6.0,1.0,6.0,0.4911734315188762,0.5902214040512851,0.7595176002071443,1.0,0.07919145405078239,0.07791999629051105
35.0,mse_oracle,nan,7.0,1.0,7.0,0.519601211749652,0.6454805379218874,0.6533895675513393,1.0,0.07050003812672208,0.06742969017193991
35.0,mse_oracle,nan,8.0,1.0,8.0,0.49527489758928683,0.820472249056506,0.785189263702399,1.0,0.05737624028018229,0.04868575264887475
35.0,mse_oracle,nan,9.0,2.0,1.0,0.5043653300154027,1.0,1.0,0.0,0.06663264751795862,0.06663264751795862
35.0,mse_oracle,nan,10.0,2.0,2.0,0.5397246468528917,0.7624488031757055,0.811864302134089,0.0,0.08946580493638814,0.09247190713330548
35.0,mse_oracle,nan,11.0,2.0,3.0,0.537013049555936,0.7804169234471939,0.7895381505377205,0.0,0.08168493509832729,0.08365977190514476
35.0,mse_oracle,nan,12.0,2.0,4.0,0.5247781520593217,0.7273813723486435,0.7176934475831904,1.0,0.1036569796222693,0.10327300285886043
35.0,mse_oracle,nan,13.0,2.0,5.0,0.5412094798166435,0.7556802667215929,0.847237482409755,1.0,0.09204026775214919,0.0867630938834612
35.0,mse_oracle,nan,14.0,2.0,6.0,0.5617053515848234,0.8382702845916413,0.8518853921074466,1.0,0.07924464829135816,0.07084784237095323
35.0,mse_oracle,nan,15.0,2.0,7.0,0.5449432486327933,0.7839185992356703,0.7617773101015402,1.0,0.08606708022539898,0.08088389193204004
35.0,mse_oracle,nan,16.0,2.0,8.0,0.581121061681089,0.9075960866252119,0.9003303497560162,1.0,0.04849380000774697,0.04532774362803847
36.0,raw,nan,0.0,0.0,0.0,0.4381825474072605,1.0,1.0,0.0,nan,nan
36.0,raw,nan,1.0,1.0,1.0,0.43871500602325264,1.0,1.0,0.0,nan,nan
36.0,raw,nan,2.0,1.0,2.0,0.44001629399747816,0.8239345971211651,0.8214776107569072,0.0,nan,nan
36.0,raw,nan,3.0,1.0,3.0,0.43459983942209934,0.7937802861325857,0.7992263289325895,0.0,nan,nan
36.0,raw,nan,4.0,1.0,4.0,0.4627837571825016,0.6086545473875237,0.6024444348412599,0.0,nan,nan
36.0,raw,nan,5.0,1.0,5.0,0.4519143587786738,0.6322009160174836,0.6662636899233386,0.0,nan,nan
36.0,raw,nan,6.0,1.0,6.0,0.49175648095358326,0.535617006575537,0.511927404530623,0.0,nan,nan
36.0,raw,nan,7.0,1.0,7.0,0.5309747719561287,0.6938665728400809,0.7363107770248225,0.0,nan,nan
36.0,raw,nan,8.0,1.0,8.0,0.5246023120380042,0.8234958972755211,0.7850219642403419,0.0,nan,nan
36.0,raw,nan,9.0,2.0,1.0,0.5205886274964825,1.0,1.0,0.0,nan,nan
36.0,raw,nan,10.0,2.0,2.0,0.5491500161777241,0.9121736628872993,0.9110849444267388,0.0,nan,nan
36.0,raw,nan,11.0,2.0,3.0,0.5484964920499332,0.8123270250962927,0.8769088817582466,0.0,nan,nan
36.0,raw,nan,12.0,2.0,4.0,0.5608310130746205,0.6605895165973191,0.7188773699920573,0.0,nan,nan
36.0,raw,nan,13.0,2.0,5.0,0.537775511306096,0.6521232179021226,0.7736718679909901,0.0,nan,nan
36.0,raw,nan,14.0,2.0,6.0,0.5879462821546384,0.5077177527751555,0.4668435045805384,0.0,nan,nan
36.0,raw,nan,15.0,2.0,7.0,0.6105503207738862,0.708014215902968,0.6861169328922331,0.0,nan,nan
36.0,raw,nan,16.0,2.0,8.0,0.5640324637340686,0.7530503194488861,0.7280641506185154,0.0,nan,nan
36.0,ppo,nan,0.0,0.0,0.0,0.4381825474072605,1.0,1.0,0.0,nan,nan
36.0,ppo,nan,1.0,1.0,1.0,0.43871500602325264,1.0,1.0,1.0,nan,nan
36.0,ppo,nan,2.0,1.0,2.0,0.4274062129242191,0.8239345971211651,0.8214776107569072,1.0,nan,nan
36.0,ppo,nan,3.0,1.0,3.0,0.45101795560595886,0.7453878235179889,0.7633354931990048,1.0,nan,nan
36.0,ppo,nan,4.0,1.0,4.0,0.46895644440139295,0.7558313024207094,0.7709250247120328,1.0,nan,nan
36.0,ppo,nan,5.0,1.0,5.0,0.48906029090946895,0.7752316111166476,0.7877685700135899,1.0,nan,nan
36.0,ppo,nan,6.0,1.0,6.0,0.49748844862744374,0.847919124205663,0.8551575678787288,1.0,nan,nan
36.0,ppo,nan,7.0,1.0,7.0,0.5061268713656458,0.8955938871927224,0.9135469351450003,1.0,nan,nan
36.0,ppo,nan,8.0,1.0,8.0,0.5017176059088769,0.8751155964835188,0.8712222702026559,1.0,nan,nan
36.0,ppo,nan,9.0,2.0,1.0,0.5066472708358973,1.0,1.0,1.0,nan,nan
36.0,ppo,nan,10.0,2.0,2.0,0.5075068799767973,0.8818814393765245,0.8865762631578826,1.0,nan,nan
36.0,ppo,nan,11.0,2.0,3.0,0.539278308548673,0.8957000171066148,0.9066366306863347,1.0,nan,nan
36.0,ppo,nan,12.0,2.0,4.0,0.5277005750285345,0.8972823329950579,0.8653388445162664,1.0,nan,nan
36.0,ppo,nan,13.0,2.0,5.0,0.5436901638848917,0.8897673330486239,0.8780093779786923,1.0,nan,nan
36.0,ppo,nan,14.0,2.0,6.0,0.5471817896502369,0.890761216943494,0.9090150696374103,1.0,nan,nan
36.0,ppo,nan,15.0,2.0,7.0,0.5578745670433789,0.8951208542132018,0.8676883535151294,1.0,nan,nan
36.0,ppo,nan,16.0,2.0,8.0,0.5786267978001651,0.9166044577707689,0.9203994651491751,1.0,nan,nan
36.0,mse_oracle,nan,0.0,0.0,0.0,0.4381825474072605,1.0,1.0,0.0,nan,nan
36.0,mse_oracle,nan,1.0,1.0,1.0,0.43871500602325264,1.0,1.0,0.0,0.06706072794876566,0.06706072794876566
36.0,mse_oracle,nan,2.0,1.0,2.0,0.4274062129242191,0.8239345971211651,0.8214776107569072,1.0,0.07399945446010478,0.07299956149326577
36.0,mse_oracle,nan,3.0,1.0,3.0,0.45101795560595886,0.7453878235179889,0.7633354931990048,1.0,0.08002294861023762,0.07964483360088026
36.0,mse_oracle,nan,4.0,1.0,4.0,0.46895644440139295,0.7558313024207094,0.7709250247120328,1.0,0.07292570084389852,0.07148454479723994
36.0,mse_oracle,nan,5.0,1.0,5.0,0.4651262363080375,0.7752316111166476,0.7877685700135899,0.0,0.0680287793160829,0.06941716972485727
36.0,mse_oracle,nan,6.0,1.0,6.0,0.48022002560538185,0.6473116350477154,0.6700831898788437,0.0,0.07571987281579418,0.07706203233017307
36.0,mse_oracle,nan,7.0,1.0,7.0,0.5127011771437151,0.6643787055630125,0.7080912894462501,1.0,0.06893961772573312,0.06508776886288825
36.0,mse_oracle,nan,8.0,1.0,8.0,0.5059680086165398,0.8179800524996907,0.80007613953963,1.0,0.057098285827795595,0.05128614931312896
36.0,mse_oracle,nan,9.0,2.0,1.0,0.5149352434241841,1.0,1.0,0.0,0.06817988267317748,0.06817988267317748
36.0,mse_oracle,nan,10.0,2.0,2.0,0.5014466755840712,0.966052192856434,0.9601310877827156,1.0,0.07512098101303204,0.06794336493026089
36.0,mse_oracle,nan,11.0,2.0,3.0,0.5206980047382008,0.8925204596862826,0.8706005684823338,1.0,0.07162831824466612,0.06657461757848554
36.0,mse_oracle,nan,12.0,2.0,4.0,0.5504223779945882,0.8702661294120944,0.9010376803665702,1.0,0.06380491879929728,0.06146946853292602
36.0,mse_oracle,nan,13.0,2.0,5.0,0.5552078747664714,0.8214212083970326,0.812778146195115,0.0,0.07669213417712568,0.07903636643116688
36.0,mse_oracle,nan,14.0,2.0,6.0,0.5319879325239276,0.6405231249435449,0.7717403739959123,1.0,0.10350158636580978,0.10115064709599253
36.0,mse_oracle,nan,15.0,2.0,7.0,0.5783921732003622,0.7482843473358132,0.7610069692528336,1.0,0.07574590424758812,0.0703682840343442
36.0,mse_oracle,nan,16.0,2.0,8.0,0.5863342557041514,0.839357709329845,0.842623437587567,1.0,0.07132186398781173,0.06379538278808639
37.0,raw,nan,0.0,0.0,0.0,0.4381825474072605,1.0,1.0,0.0,nan,nan
37.0,raw,nan,1.0,1.0,1.0,0.4346599210045615,1.0,1.0,0.0,nan,nan
37.0,raw,nan,2.0,1.0,2.0,0.4521868310559132,0.8590849368441629,0.8732383107992495,0.0,nan,nan
37.0,raw,nan,3.0,1.0,3.0,0.4700823886530154,0.8240730679015528,0.8392686128436823,0.0,nan,nan
37.0,raw,nan,4.0,1.0,4.0,0.4471797768851133,0.8232655418593143,0.8403412189657143,0.0,nan,nan
37.0,raw,nan,5.0,1.0,5.0,0.47831213200751727,0.5791841161677245,0.6820944409647867,0.0,nan,nan
37.0,raw,nan,6.0,1.0,6.0,0.5263155512938189,0.7525849207331663,0.7523935823255604,0.0,nan,nan
37.0,raw,nan,7.0,1.0,7.0,0.5320503651061752,0.8901993560716658,0.9141154667450714,0.0,nan,nan
37.0,raw,nan,8.0,1.0,8.0,0.5327220110222048,0.8434730449558618,0.8340983577034286,0.0,nan,nan
37.0,raw,nan,9.0,2.0,1.0,0.5413512179663696,1.0,1.0,0.0,nan,nan
37.0,raw,nan,10.0,2.0,2.0,0.5522852152049832,0.820713129027281,0.8067306763136625,0.0,nan,nan
37.0,raw,nan,11.0,2.0,3.0,0.5603785042230164,0.7282088062409467,0.8082488305408158,0.0,nan,nan
37.0,raw,nan,12.0,2.0,4.0,0.5474180858561261,0.7577682908154645,0.6993383895185767,0.0,nan,nan
37.0,raw,nan,13.0,2.0,5.0,0.5160443428534869,0.413922192704892,0.5692582963027801,0.0,nan,nan
37.0,raw,nan,14.0,2.0,6.0,0.5134582257980069,0.42798725455722103,0.6125475940304427,0.0,nan,nan
37.0,raw,nan,15.0,2.0,7.0,0.546920878579433,0.5341453738257068,0.4444893402064989,0.0,nan,nan
37.0,raw,nan,16.0,2.0,8.0,0.5673894055013783,0.5074808410044893,0.6822873790017621,0.0,nan,nan
37.0,ppo,nan,0.0,0.0,0.0,0.4381825474072605,1.0,1.0,0.0,nan,nan
37.0,ppo,nan,1.0,1.0,1.0,0.4346599210045615,1.0,1.0,1.0,nan,nan
37.0,ppo,nan,2.0,1.0,2.0,0.4521481454401153,0.8590849368441629,0.8732383107992495,1.0,nan,nan
37.0,ppo,nan,3.0,1.0,3.0,0.4689908432861486,0.8848119498383886,0.9113040460029517,1.0,nan,nan
37.0,ppo,nan,4.0,1.0,4.0,0.4772101425577466,0.9145764686326557,0.891297694292611,1.0,nan,nan
37.0,ppo,nan,5.0,1.0,5.0,0.4926330205021041,0.8458174901913144,0.8795633602267056,1.0,nan,nan
37.0,ppo,nan,6.0,1.0,6.0,0.4980733874174343,0.9334989965848178,0.8972861423378692,1.0,nan,nan
37.0,ppo,nan,7.0,1.0,7.0,0.5120017259747898,0.9306170483708548,0.9298446867262701,1.0,nan,nan
37.0,ppo,nan,8.0,1.0,8.0,0.5065029861984165,0.9189362888417629,0.9041127585588729,1.0,nan,nan
37.0,ppo,nan,9.0,2.0,1.0,0.5140631553005989,1.0,1.0,1.0,nan,nan
37.0,ppo,nan,10.0,2.0,2.0,0.5308474440768252,0.805494348292295,0.8680010539041133,1.0,nan,nan
37.0,ppo,nan,11.0,2.0,3.0,0.5293415145121196,0.8501759071051258,0.8754139820779371,1.0,nan,nan
37.0,ppo,nan,12.0,2.0,4.0,0.5334739537152499,0.8845366156505146,0.9090286440168831,1.0,nan,nan
37.0,ppo,nan,13.0,2.0,5.0,0.49782344899837244,0.8866374506608158,0.8967418722896838,1.0,nan,nan
37.0,ppo,nan,14.0,2.0,6.0,0.5324346489220436,0.8145499358613116,0.6227431128856179,1.0,nan,nan
37.0,ppo,nan,15.0,2.0,7.0,0.5124189850589278,0.7072918713357693,0.7099444516110676,1.0,nan,nan
37.0,ppo,nan,16.0,2.0,8.0,0.5273853280635162,0.6646667454202712,0.6507309688216286,1.0,nan,nan
37.0,mse_oracle,nan,0.0,0.0,0.0,0.4381825474072605,1.0,1.0,0.0,nan,nan
37.0,mse_oracle,nan,1.0,1.0,1.0,0.4346599210045615,1.0,1.0,0.0,0.06706072794876566,0.06706072794876566
37.0,mse_oracle,nan,2.0,1.0,2.0,0.4521481454401153,0.8590849368441629,0.8732383107992495,1.0,0.07561546112319247,0.0713466709898809
37.0,mse_oracle,nan,3.0,1.0,3.0,0.4611640148559491,0.8848119498383886,0.9113040460029517,0.0,0.06997155484161796,0.07197734600152525
37.0,mse_oracle,nan,4.0,1.0,4.0,0.4521880223358714,0.8156515527778904,0.811595372129192,0.0,0.07096658247114293,0.07176646568073786
37.0,mse_oracle,nan,5.0,1.0,5.0,0.4775653276136775,0.647053900797918,0.7235720773383897,0.0,0.08185772874042685,0.08186641980575564
37.0,mse_oracle,nan,6.0,1.0,6.0,0.5215283281576393,0.7732391034012888,0.7379242383492444,0.0,0.06992410606083785,0.07014522555878243
37.0,mse_oracle,nan,7.0,1.0,7.0,0.49946360604810963,0.9024442230330729,0.9165296977299818,1.0,0.054901585328750405,0.05230104151163188
37.0,mse_oracle,nan,8.0,1.0,8.0,0.5454775504945568,0.7568063294462848,0.7974748401399453,1.0,0.06506306806750303,0.0623144610106358
37.0,mse_oracle,nan,9.0,2.0,1.0,0.5364283385160246,1.0,1.0,0.0,0.07104685251507017,0.07104685251507017
37.0,mse_oracle,nan,10.0,2.0,2.0,0.55259285593519,0.8711810048296131,0.801718726943222,1.0,0.08658421771822326,0.0848823962459502
37.0,mse_oracle,nan,11.0,2.0,3.0,0.5497506664604371,0.91532353101812,0.9605716663288836,1.0,0.07886143570764471,0.07405298808862942
37.0,mse_oracle,nan,12.0,2.0,4.0,0.5518833550317305,0.8723916246298896,0.9059074281308196,1.0,0.08435626060679159,0.07884978698570051
37.0,mse_oracle,nan,13.0,2.0,5.0,0.5441616173836129,0.8434666881850708,0.8338761555122723,1.0,0.08112804179931603,0.0796640654842018
37.0,mse_oracle,nan,14.0,2.0,6.0,0.5168281936755652,0.7756944219539956,0.6734850877310185,1.0,0.10714610969145577,0.10236011913419542
37.0,mse_oracle,nan,15.0,2.0,7.0,0.536637459555266,0.5818787992421897,0.6577865396443943,1.0,0.11141845594872528,0.1078769455784867
37.0,mse_oracle,nan,16.0,2.0,8.0,0.5650128684129461,0.6413353966877993,0.6500956385256759,1.0,0.0927741473147576,0.08881447773049941
38.0,raw,nan,0.0,0.0,0.0,0.4381825474072605,1.0,1.0,0.0,nan,nan
38.0,raw,nan,1.0,1.0,1.0,0.4148623961055189,1.0,1.0,0.0,nan,nan
38.0,raw,nan,2.0,1.0,2.0,0.41001769963898294,0.7473072800724193,0.8022147349281795,0.0,nan,nan
38.0,raw,nan,3.0,1.0,3.0,0.4453115702516753,0.5055421481602435,0.5960587807390509,0.0,nan,nan
38.0,raw,nan,4.0,1.0,4.0,0.3769877131580419,0.6060107783122587,0.7406305336193092,0.0,nan,nan
38.0,raw,nan,5.0,1.0,5.0,0.46931390413978713,0.35710106653635576,0.2934935633084284,0.0,nan,nan
38.0,raw,nan,6.0,1.0,6.0,0.482584760069418,0.7269050242909953,0.8528535498174722,0.0,nan,nan
38.0,raw,nan,7.0,1.0,7.0,0.5341391317372156,0.634156645692181,0.47372689295547277,0.0,nan,nan
38.0,raw,nan,8.0,1.0,8.0,0.5545713414474602,0.832420021978082,0.8127532129710717,0.0,nan,nan
38.0,raw,nan,9.0,2.0,1.0,0.5615242576320222,1.0,1.0,0.0,nan,nan
38.0,raw,nan,10.0,2.0,2.0,0.5629522906143816,0.965529608763853,0.9717911296267202,0.0,nan,nan
38.0,raw,nan,11.0,2.0,3.0,0.560007973902117,0.8422299477643408,0.8701388304818565,0.0,nan,nan
38.0,raw,nan,12.0,2.0,4.0,0.5461752877657717,0.8036332300334602,0.8246219552341585,0.0,nan,nan
38.0,raw,nan,13.0,2.0,5.0,0.5598977319430055,0.725128335143509,0.7734074728849106,0.0,nan,nan
38.0,raw,nan,14.0,2.0,6.0,0.6006395175255977,0.7410196338942887,0.6045907359217477,0.0,nan,nan
38.0,raw,nan,15.0,2.0,7.0,0.6113480986447697,0.8514640594343005,0.9076238475094045,0.0,nan,nan
38.0,raw,nan,16.0,2.0,8.0,0.6243759485721033,0.8715665149901756,0.8473718823549514,0.0,nan,nan
38.0,ppo,nan,0.0,0.0,0.0,0.4381825474072605,1.0,1.0,0.0,nan,nan
38.0,ppo,nan,1.0,1.0,1.0,0.4148623961055189,1.0,1.0,1.0,nan,nan
38.0,ppo,nan,2.0,1.0,2.0,0.44502121170323505,0.7473072800724193,0.8022147349281795,1.0,nan,nan
38.0,ppo,nan,3.0,1.0,3.0,0.46589381533453145,0.7151563076367137,0.7550267465293857,1.0,nan,nan
38.0,ppo,nan,4.0,1.0,4.0,0.4437012920181414,0.8155498129440422,0.8527845920579343,1.0,nan,nan
38.0,ppo,nan,5.0,1.0,5.0,0.4820226663153158,0.7624245398056821,0.7877776877934481,1.0,nan,nan
38.0,ppo,nan,6.0,1.0,6.0,0.5046447382234546,0.9183188306336793,0.9497663323344971,1.0,nan,nan
38.0,ppo,nan,7.0,1.0,7.0,0.5075268019042822,0.853078157813627,0.8622992640636111,1.0,nan,nan
38.0,ppo,nan,8.0,1.0,8.0,0.5215353247357896,0.8593372669472052,0.8598625090869921,1.0,nan,nan
38.0,ppo,nan,9.0,2.0,1.0,0.5264092818608744,1.0,1.0,1.0,nan,nan
38.0,ppo,nan,10.0,2.0,2.0,0.5202529635146013,0.9123837837732479,0.9276282427241135,1.0,nan,nan
38.0,ppo,nan,11.0,2.0,3.0,0.5272591437641356,0.8625979388173078,0.8305136398648005,1.0,nan,nan
38.0,ppo,nan,12.0,2.0,4.0,0.5251218850221198,0.8650303367155796,0.8832311746913201,1.0,nan,nan
38.0,ppo,nan,13.0,2.0,5.0,0.5565343647957636,0.8166317667643077,0.894628090335164,1.0,nan,nan
38.0,ppo,nan,14.0,2.0,6.0,0.5455527584930773,0.8120623318740383,0.7550177612164707,1.0,nan,nan
38.0,ppo,nan,15.0,2.0,7.0,0.5926022260979409,0.8042937993995667,0.7921477415385562,1.0,nan,nan
38.0,ppo,nan,16.0,2.0,8.0,0.590296749714183,0.8854670610616272,0.8070975565921011,1.0,nan,nan
38.0,mse_oracle,nan,0.0,0.0,0.0,0.4381825474072605,1.0,1.0,0.0,nan,nan
38.0,mse_oracle,nan,1.0,1.0,1.0,0.4148623961055189,1.0,1.0,0.0,0.06706072794876566,0.06706072794876566
38.0,mse_oracle,nan,2.0,1.0,2.0,0.41001769963898294,0.7473072800724193,0.8022147349281795,0.0,0.0839513874337959,0.0855918372965099
38.0,mse_oracle,nan,3.0,1.0,3.0,0.4453115702516753,0.5055421481602435,0.5960587807390509,0.0,0.09706094017618123,0.10010531595684692
38.0,mse_oracle,nan,4.0,1.0,4.0,0.3769877131580419,0.6060107783122587,0.7406305336193092,0.0,0.07940384965703992,0.0817990970324337
38.0,mse_oracle,nan,5.0,1.0,5.0,0.46931390413978713,0.35710106653635576,0.2934935633084284,0.0,0.11565337520817018,0.11790564415473621
38.0,mse_oracle,nan,6.0,1.0,6.0,0.5022478066999699,0.7269050242909953,0.8528535498174722,1.0,0.07635453795193661,0.07276002230809757
38.0,mse_oracle,nan,7.0,1.0,7.0,0.5275992578934843,0.7717040813487467,0.7095178385115507,1.0,0.06371563142927322,0.06130663752850932
38.0,mse_oracle,nan,8.0,1.0,8.0,0.527984400398846,0.8634083893198796,0.8615971668410349,1.0,0.053235736208000886,0.050802751041398364
38.0,mse_oracle,nan,9.0,2.0,1.0,0.5249771416396312,1.0,1.0,0.0,0.06974211330261168,0.06974211330261168
38.0,mse_oracle,nan,10.0,2.0,2.0,0.5211277738443462,0.846643203072154,0.9176597634432436,0.0,0.08227994286255225,0.085011963876488
38.0,mse_oracle,nan,11.0,2.0,3.0,0.5326013067642323,0.7427373870081698,0.7650977259862285,1.0,0.10283233785882007,0.10251785415836397
38.0,mse_oracle,nan,12.0,2.0,4.0,0.5384196461871941,0.7533978780901189,0.8250982763468644,1.0,0.08576021288377637,0.08460026577076574
38.0,mse_oracle,nan,13.0,2.0,5.0,0.5488694875822685,0.8117891544218657,0.8997127872434342,1.0,0.07327409884736966,0.06812836845683505
38.0,mse_oracle,nan,14.0,2.0,6.0,0.5421107437787966,0.8274928261635612,0.7619218499677621,1.0,0.07115082629188715,0.06464185591240149
38.0,mse_oracle,nan,15.0,2.0,7.0,0.5996431399134367,0.7634192010686938,0.7731838120701487,1.0,0.08588761297850951,0.08403896122983387
38.0,mse_oracle,nan,16.0,2.0,8.0,0.6018640468697666,0.8261352498709545,0.7902336869942209,1.0,0.07894340941643965,0.07052324880073224
39.0,raw,nan,0.0,0.0,0.0,0.4381825474072605,1.0,1.0,0.0,nan,nan
39.0,raw,nan,1.0,1.0,1.0,0.45202918609935566,1.0,1.0,0.0,nan,nan
39.0,raw,nan,2.0,1.0,2.0,0.4545658644842959,0.8867692945169906,0.8917671544701713,0.0,nan,nan
39.0,raw,nan,3.0,1.0,3.0,0.4900445807283107,0.7514748116373265,0.783061799519274,0.0,nan,nan
39.0,raw,nan,4.0,1.0,4.0,0.48701094730346633,0.873832467906149,0.8726665850769716,0.0,nan,nan
39.0,raw,nan,5.0,1.0,5.0,0.4962724473069489,0.7552925675318289,0.8525443008818129,0.0,nan,nan
39.0,raw,nan,6.0,1.0,6.0,0.5150835583584585,0.7363650093408637,0.7032269981657417,0.0,nan,nan
39.0,raw,nan,7.0,1.0,7.0,0.5334817726635205,0.7687561608906875,0.7898205433325508,0.0,nan,nan
39.0,raw,nan,8.0,1.0,8.0,0.542217074557571,0.7792502355521653,0.7901755946742431,0.0,nan,nan
39.0,raw,nan,9.0,2.0,1.0,0.5602711620909737,1.0,1.0,0.0,nan,nan
39.0,raw,nan,10.0,2.0,2.0,0.5542171214349305,0.8585547001927893,0.8968534055749032,0.0,nan,nan
39.0,raw,nan,11.0,2.0,3.0,0.5647173310484201,0.7666485319211316,0.8887166047047509,0.0,nan,nan
39.0,raw,nan,12.0,2.0,4.0,0.5810369743753975,0.6717046483480913,0.8102037667507478,0.0,nan,nan
39.0,raw,nan,13.0,2.0,5.0,0.5958950674643282,0.715663595627815,0.7765249724328597,0.0,nan,nan
39.0,raw,nan,14.0,2.0,6.0,0.5571921264517233,0.6960939862691252,0.7096135604754731,0.0,nan,nan
39.0,raw,nan,15.0,2.0,7.0,0.5268718802124498,0.4055894240103557,0.5498299864550023,0.0,nan,nan
39.0,raw,nan,16.0,2.0,8.0,0.523101729689879,0.34948083282112924,0.4565485749395571,0.0,nan,nan
39.0,ppo,nan,0.0,0.0,0.0,0.4381825474072605,1.0,1.0,0.0,nan,nan
39.0,ppo,nan,1.0,1.0,1.0,0.45202918609935566,1.0,1.0,1.0,nan,nan
39.0,ppo,nan,2.0,1.0,2.0,0.45936127019352097,0.8867692945169906,0.8917671544701713,1.0,nan,nan
39.0,ppo,nan,3.0,1.0,3.0,0.4645369093335481,0.8291435182321112,0.8511531723095892,1.0,nan,nan
39.0,ppo,nan,4.0,1.0,4.0,0.48074649891711174,0.8852082358820943,0.9216721240190481,1.0,nan,nan
39.0,ppo,nan,5.0,1.0,5.0,0.48938814636519584,0.8228666084689431,0.9182145075966743,1.0,nan,nan
39.0,ppo,nan,6.0,1.0,6.0,0.4926359157942422,0.8237366230593841,0.8207274892742216,1.0,nan,nan
39.0,ppo,nan,7.0,1.0,7.0,0.5057733806951872,0.8215982581703533,0.8098493654142219,1.0,nan,nan
39.0,ppo,nan,8.0,1.0,8.0,0.5192333659909775,0.8800451272270279,0.8938193135998551,1.0,nan,nan
39.0,ppo,nan,9.0,2.0,1.0,0.5180037461134676,1.0,1.0,1.0,nan,nan
39.0,ppo,nan,10.0,2.0,2.0,0.5209532234812111,0.8756881841509381,0.8227721240321577,1.0,nan,nan
39.0,ppo,nan,11.0,2.0,3.0,0.5526210121824365,0.8761214327042037,0.915617166472618,1.0,nan,nan
39.0,ppo,nan,12.0,2.0,4.0,0.5515156328256775,0.9102066718657487,0.9366612418124269,1.0,nan,nan
39.0,ppo,nan,13.0,2.0,5.0,0.5589513977889706,0.8997860788601078,0.9164820304587833,1.0,nan,nan
39.0,ppo,nan,14.0,2.0,6.0,0.5073524127092619,0.9034210812330844,0.913405648554893,1.0,nan,nan
39.0,ppo,nan,15.0,2.0,7.0,0.5755900440854631,0.7399163670760234,0.713864836594679,1.0,nan,nan
39.0,ppo,nan,16.0,2.0,8.0,0.5706796291880551,0.7979998327610668,0.7614082016559647,1.0,nan,nan
39.0,mse_oracle,nan,0.0,0.0,0.0,0.4381825474072605,1.0,1.0,0.0,nan,nan
39.0,mse_oracle,nan,1.0,1.0,1.0,0.45202918609935566,1.0,1.0,0.0,0.06706072794876566,0.06706072794876566
39.0,mse_oracle,nan,2.0,1.0,2.0,0.4545658644842959,0.8867692945169906,0.8917671544701713,0.0,0.06945232489900774,0.07158053066539209
39.0,mse_oracle,nan,3.0,1.0,3.0,0.4900445807283107,0.7514748116373265,0.783061799519274,0.0,0.07355326492143328,0.07517188262050642
39.0,mse_oracle,nan,4.0,1.0,4.0,0.48701094730346633,0.873832467906149,0.8726665850769716,0.0,0.05974800016939187,0.06464784111124783
39.0,mse_oracle,nan,5.0,1.0,5.0,0.4951823022841141,0.7552925675318289,0.8525443008818129,1.0,0.06587905894480736,0.06424053828826323
39.0,mse_oracle,nan,6.0,1.0,6.0,0.5060453411344609,0.7665375353425167,0.7327188111127412,1.0,0.061730462943614006,0.056261586823008455
39.0,mse_oracle,nan,7.0,1.0,7.0,0.5204996362519257,0.7877142936382245,0.7723029335476089,1.0,0.05777025463215559,0.05576244000649759
39.0,mse_oracle,nan,8.0,1.0,8.0,0.529670079331965,0.8621770458120211,0.8705387441403676,0.0,0.0553220097768823,0.055443020343558594
39.0,mse_oracle,nan,9.0,2.0,1.0,0.5445967533483744,1.0,1.0,0.0,0.06899545254462369,0.06899545254462369
39.0,mse_oracle,nan,10.0,2.0,2.0,0.5428316020574533,0.8677940722563914,0.8809419600152454,0.0,0.09327660208873925,0.09337004630489798
39.0,mse_oracle,nan,11.0,2.0,3.0,0.5484808163687541,0.7512655379793634,0.8420105168011319,1.0,0.11208576011993165,0.110451878168438
39.0,mse_oracle,nan,12.0,2.0,4.0,0.5438526405854804,0.7290799593349703,0.7191378995030181,1.0,0.11517222509703177,0.11187818705702887
39.0,mse_oracle,nan,13.0,2.0,5.0,0.5866883256170292,0.7905319845639311,0.7998104615696943,0.0,0.0824251630084463,0.08487918688543358
39.0,mse_oracle,nan,14.0,2.0,6.0,0.5730906172942892,0.8252758861980443,0.8197809125381744,1.0,0.08232324028282736,0.0770486143844197
39.0,mse_oracle,nan,15.0,2.0,7.0,0.5877496167249363,0.8311675342785312,0.8293523071507187,1.0,0.087362252132659,0.08179570035141816
39.0,mse_oracle,nan,16.0,2.0,8.0,0.5939384848058891,0.8058025795779777,0.7829415740858908,1.0,0.0675886932311681,0.06297749922092308
40.0,raw,nan,0.0,0.0,0.0,0.4381825474072605,1.0,1.0,0.0,nan,nan
40.0,raw,nan,1.0,1.0,1.0,0.4374809897426103,1.0,1.0,0.0,nan,nan
40.0,raw,nan,2.0,1.0,2.0,0.45252757913583586,0.8742889928838742,0.9076931957139388,0.0,nan,nan
40.0,raw,nan,3.0,1.0,3.0,0.48537380662406987,0.8488262148223248,0.8546422424776848,0.0,nan,nan
40.0,raw,nan,4.0,1.0,4.0,0.48711914730433764,0.8871303859025926,0.8947177162431891,0.0,nan,nan
40.0,raw,nan,5.0,1.0,5.0,0.5066695112692096,0.840357230414375,0.9126278197094031,0.0,nan,nan
40.0,raw,nan,6.0,1.0,6.0,0.5158418728513027,0.7949783785792519,0.7782344325401321,0.0,nan,nan
40.0,raw,nan,7.0,1.0,7.0,0.5035671508427711,0.7301354333228074,0.7135660417043145,0.0,nan,nan
40.0,raw,nan,8.0,1.0,8.0,0.5235423379195087,0.6110282555497799,0.6441562187363412,0.0,nan,nan
40.0,raw,nan,9.0,2.0,1.0,0.5391940977389048,1.0,1.0,0.0,nan,nan
40.0,raw,nan,10.0,2.0,2.0,0.5725495213960177,0.8782202758454609,0.911188962968039,0.0,nan,nan
40.0,raw,nan,11.0,2.0,3.0,0.5893531307513978,0.8615469461975037,0.9085219559330451,0.0,nan,nan
40.0,raw,nan,12.0,2.0,4.0,0.5881557955763596,0.7802880774046506,0.8190944950123031,0.0,nan,nan
40.0,raw,nan,13.0,2.0,5.0,0.48826421923319535,0.5440663004033579,0.5299192341750484,0.0,nan,nan
40.0,raw,nan,14.0,2.0,6.0,0.5294182514670869,0.3702050813228068,0.6035218907594087,0.0,nan,nan
40.0,raw,nan,15.0,2.0,7.0,0.4700761369562629,0.49803292757042683,0.4966677237013147,0.0,nan,nan
40.0,raw,nan,16.0,2.0,8.0,0.5285612598115407,0.3988806194767941,0.4665307419136968,0.0,nan,nan
40.0,ppo,nan,0.0,0.0,0.0,0.4381825474072605,1.0,1.0,0.0,nan,nan
40.0,ppo,nan,1.0,1.0,1.0,0.4374809897426103,1.0,1.0,1.0,nan,nan
40.0,ppo,nan,2.0,1.0,2.0,0.46068140926193424,0.8742889928838742,0.9076931957139388,1.0,nan,nan
40.0,ppo,nan,3.0,1.0,3.0,0.4712421143913062,0.9033810222327121,0.9006202581488514,1.0,nan,nan
40.0,ppo,nan,4.0,1.0,4.0,0.47312303250551846,0.936682697872854,0.9261459746840198,1.0,nan,nan
40.0,ppo,nan,5.0,1.0,5.0,0.48526453171826717,0.8713981639571544,0.8755749919639748,1.0,nan,nan
40.0,ppo,nan,6.0,1.0,6.0,0.4869730599559785,0.842501710597941,0.8795368904024282,1.0,nan,nan
40.0,ppo,nan,7.0,1.0,7.0,0.48366436769709664,0.7198214553522801,0.6869604139626517,1.0,nan,nan
40.0,ppo,nan,8.0,1.0,8.0,0.4989668660714484,0.6894414551267924,0.7876633101330799,1.0,nan,nan
40.0,ppo,nan,9.0,2.0,1.0,0.5062054043790155,1.0,1.0,1.0,nan,nan
40.0,ppo,nan,10.0,2.0,2.0,0.5368166660813831,0.7640860775076429,0.7391469619994937,1.0,nan,nan
40.0,ppo,nan,11.0,2.0,3.0,0.5425992517260709,0.7820832011850304,0.8576479114683151,1.0,nan,nan
40.0,ppo,nan,12.0,2.0,4.0,0.5267632370102634,0.8199059548779577,0.7732442938102716,1.0,nan,nan
40.0,ppo,nan,13.0,2.0,5.0,0.503193186701946,0.7521604261808883,0.6108703974424766,1.0,nan,nan
40.0,ppo,nan,14.0,2.0,6.0,0.5280727628819524,0.8812951331247438,0.8901877810097679,1.0,nan,nan
40.0,ppo,nan,15.0,2.0,7.0,0.5099252056124878,0.6936670911729124,0.7795044132503116,1.0,nan,nan
40.0,ppo,nan,16.0,2.0,8.0,0.5769793404679396,0.6541505563560253,0.5979261761925607,1.0,nan,nan
40.0,mse_oracle,nan,0.0,0.0,0.0,0.4381825474072605,1.0,1.0,0.0,nan,nan
40.0,mse_oracle,nan,1.0,1.0,1.0,0.4374809897426103,1.0,1.0,0.0,0.06706072794876566,0.06706072794876566
40.0,mse_oracle,nan,2.0,1.0,2.0,0.45252757913583586,0.8742889928838742,0.9076931957139388,0.0,0.07328918127565826,0.07426278072968093
40.0,mse_oracle,nan,3.0,1.0,3.0,0.48537380662406987,0.8488262148223248,0.8546422424776848,0.0,0.07141797382695139,0.07248724432855513
40.0,mse_oracle,nan,4.0,1.0,4.0,0.48711914730433764,0.8871303859025926,0.8947177162431891,0.0,0.06236346670487373,0.0642664409309677
40.0,mse_oracle,nan,5.0,1.0,5.0,0.5059259842085745,0.840357230414375,0.9126278197094031,1.0,0.06652812711432632,0.06033000952314817
40.0,mse_oracle,nan,6.0,1.0,6.0,0.5097125700686563,0.8121079672609052,0.8400829815149646,1.0,0.059268997312406604,0.05764498162213919
40.0,mse_oracle,nan,7.0,1.0,7.0,0.5146590883182662,0.799764915366307,0.7647963876227081,1.0,0.059600822459633176,0.05813618363459011
40.0,mse_oracle,nan,8.0,1.0,8.0,0.5048406970687649,0.8055725888299671,0.8252885915627299,1.0,0.05801237314432871,0.05693285646947421
40.0,mse_oracle,nan,9.0,2.0,1.0,0.5132949949681377,1.0,1.0,0.0,0.06741137133746973,0.06741137133746973
40.0,mse_oracle,nan,10.0,2.0,2.0,0.5312721159006994,0.7844491574662678,0.7571907224625547,1.0,0.11866294327366181,0.1135148598242346
40.0,mse_oracle,nan,11.0,2.0,3.0,0.5405196424886186,0.8237691992260402,0.8775767678064132,1.0,0.08593550801176877,0.08129597581616571
40.0,mse_oracle,nan,12.0,2.0,4.0,0.5677588132137653,0.8249007380997179,0.8715793092370276,1.0,0.08002413226258878,0.0778793848878285
40.0,mse_oracle,nan,13.0,2.0,5.0,0.5256335058808557,0.8133826831426153,0.8119947871785733,0.0,0.07947725097296236,0.08044060311785534
40.0,mse_oracle,nan,14.0,2.0,6.0,0.5568229449451183,0.6923674515587421,0.7475816126454258,1.0,0.09376808123611584,0.0903269868579226
40.0,mse_oracle,nan,15.0,2.0,7.0,0.5690496206332688,0.7533119188861405,0.7906883234280259,1.0,0.08258957570304719,0.07985022239079387
40.0,mse_oracle,nan,16.0,2.0,8.0,0.5593702576104004,0.8758693205470662,0.8048618653478194,1.0,0.06488583554835577,0.06131532778042459
41.0,raw,nan,0.0,0.0,0.0,0.4381825474072605,1.0,1.0,0.0,nan,nan
41.0,raw,nan,1.0,1.0,1.0,0.4346348649730582,1.0,1.0,0.0,nan,nan
41.0,raw,nan,2.0,1.0,2.0,0.43187579045066243,0.8014150871101461,0.8149387942501141,0.0,nan,nan
41.0,raw,nan,3.0,1.0,3.0,0.42485469262522085,0.6742149776201816,0.6176626180868235,0.0,nan,nan
41.0,raw,nan,4.0,1.0,4.0,0.42542696978920613,0.5867370353867214,0.4811950098750591,0.0,nan,nan
41.0,raw,nan,5.0,1.0,5.0,0.4447120660829135,0.638278522050015,0.7484390022783817,0.0,nan,nan
41.0,raw,nan,6.0,1.0,6.0,0.49741727569634553,0.5744095759521415,0.6546752608922547,0.0,nan,nan
41.0,raw,nan,7.0,1.0,7.0,0.49849055830563854,0.788328873582247,0.7890731582931884,0.0,nan,nan
41.0,raw,nan,8.0,1.0,8.0,0.5308081847849261,0.6804302021591385,0.6501725877224662,0.0,nan,nan
41.0,raw,nan,9.0,2.0,1.0,0.5266516678904171,1.0,1.0,0.0,nan,nan
41.0,raw,nan,10.0,2.0,2.0,0.5543717416250893,0.8380745126516279,0.8256842218023015,0.0,nan,nan
41.0,raw,nan,11.0,2.0,3.0,0.5719829004367115,0.6517792844341873,0.7515328459106039,0.0,nan,nan
41.0,raw,nan,12.0,2.0,4.0,0.5224889573322403,0.5559690839394261,0.46253978551690533,0.0,nan,nan
41.0,raw,nan,13.0,2.0,5.0,0.5343318386919708,0.7327813792290795,0.8141507121117125,0.0,nan,nan
41.0,raw,nan,14.0,2.0,6.0,0.5682090222148134,0.6483860354903276,0.6925156529891202,0.0,nan,nan
41.0,raw,nan,15.0,2.0,7.0,0.5706599580132442,0.7165511584645289,0.8266350813116139,0.0,nan,nan
41.0,raw,nan,16.0,2.0,8.0,0.5212607985048008,0.6478404980893885,0.6034658124317436,0.0,nan,nan
41.0,ppo,nan,0.0,0.0,0.0,0.4381825474072605,1.0,1.0,0.0,nan,nan
41.0,ppo,nan,1.0,1.0,1.0,0.4346348649730582,1.0,1.0,1.0,nan,nan
41.0,ppo,nan,2.0,1.0,2.0,0.45499424428459856,0.8014150871101461,0.8149387942501141,1.0,nan,nan
41.0,ppo,nan,3.0,1.0,3.0,0.45315591933812444,0.8971248172576842,0.8790098956864673,1.0,nan,nan
41.0,ppo,nan,4.0,1.0,4.0,0.4562151686937591,0.8919330294175263,0.8722119472700147,1.0,nan,nan
41.0,ppo,nan,5.0,1.0,5.0,0.47736427291633604,0.8409366477495172,0.8969846033307332,1.0,nan,nan
41.0,ppo,nan,6.0,1.0,6.0,0.4779706063800827,0.8934266899591407,0.926843453582001,1.0,nan,nan
41.0,ppo,nan,7.0,1.0,7.0,0.5052348066363566,0.8364569228312456,0.7848442779816416,1.0,nan,nan
41.0,ppo,nan,8.0,1.0,8.0,0.5123676883773268,0.7917221317310218,0.7804697457327127,1.0,nan,nan
41.0,ppo,nan,9.0,2.0,1.0,0.5208304634754984,1.0,1.0,1.0,nan,nan
41.0,ppo,nan,10.0,2.0,2.0,0.4729272216271751,0.8484846803545592,0.8058209982593468,1.0,nan,nan
41.0,ppo,nan,11.0,2.0,3.0,0.5418818201971995,0.7425361909550761,0.7836943437832271,1.0,nan,nan
41.0,ppo,nan,12.0,2.0,4.0,0.5411527887654454,0.9198691266312271,0.9094606042430265,1.0,nan,nan
41.0,ppo,nan,13.0,2.0,5.0,0.541019256764815,0.8859256485651195,0.9257021460023025,1.0,nan,nan
41.0,ppo,nan,14.0,2.0,6.0,0.5410957682376866,0.8666688134433755,0.8960532507047156,1.0,nan,nan
41.0,ppo,nan,15.0,2.0,7.0,0.5670682124520636,0.8902767494032051,0.9021313652821076,1.0,nan,nan
41.0,ppo,nan,16.0,2.0,8.0,0.5543046100808611,0.8763474311294178,0.8607908863568355,1.0,nan,nan
41.0,mse_oracle,nan,0.0,0.0,0.0,0.4381825474072605,1.0,1.0,0.0,nan,nan
41.0,mse_oracle,nan,1.0,1.0,1.0,0.4346348649730582,1.0,1.0,0.0,0.06706072794876566,0.06706072794876566
41.0,mse_oracle,nan,2.0,1.0,2.0,0.43187579045066243,0.8014150871101461,0.8149387942501141,0.0,0.0742793065128108,0.07637854713423803
41.0,mse_oracle,nan,3.0,1.0,3.0,0.42485469262522085,0.6742149776201816,0.6176626180868235,0.0,0.07697111671992621,0.08061669351754033
41.0,mse_oracle,nan,4.0,1.0,4.0,0.4381541645231266,0.5867370353867214,0.4811950098750591,1.0,0.08835149156173348,0.08731997347824903
41.0,mse_oracle,nan,5.0,1.0,5.0,0.4796950095687641,0.7385728058430682,0.8109259677755001,1.0,0.07969777348465237,0.07929429627083637
41.0,mse_oracle,nan,6.0,1.0,6.0,0.49674394267532934,0.849750733927856,0.9121100103254629,0.0,0.06492641129770729,0.06545602715838206
41.0,mse_oracle,nan,7.0,1.0,7.0,0.508327309114941,0.878770581478403,0.8782042842233342,1.0,0.06328071970145896,0.056469131493325095
41.0,mse_oracle,nan,8.0,1.0,8.0,0.5201874990511565,0.7476137037648808,0.6917623406344177,1.0,0.06198657808311185,0.05688946517795825
41.0,mse_oracle,nan,9.0,2.0,1.0,0.5336102923618319,1.0,1.0,0.0,0.06797390319373409,0.06797390319373409
41.0,mse_oracle,nan,10.0,2.0,2.0,0.48812365353927495,0.8527634542990493,0.8496172350006713,1.0,0.07762231864618888,0.0757286258774726
41.0,mse_oracle,nan,11.0,2.0,3.0,0.5473971364267863,0.7079782037822304,0.7350460655813266,1.0,0.08851133627653619,0.08272839129314992
41.0,mse_oracle,nan,12.0,2.0,4.0,0.5397367520285057,0.9260844906820266,0.9242510519987884,1.0,0.061929593110079825,0.05504130733165057
41.0,mse_oracle,nan,13.0,2.0,5.0,0.5815821325999904,0.8860885659520437,0.8999416788382629,1.0,0.06221445620026379,0.057754288297627555
41.0,mse_oracle,nan,14.0,2.0,6.0,0.5501630564700989,0.8000793307921426,0.7916904423549811,1.0,0.08342120265562229,0.0756359815583582
41.0,mse_oracle,nan,15.0,2.0,7.0,0.552001079134078,0.8131704110877116,0.8432933825361667,1.0,0.07361785865510713,0.0672081084598246
41.0,mse_oracle,nan,16.0,2.0,8.0,0.5823935676208993,0.7996707944633243,0.8421036935513639,1.0,0.06224988460503361,0.06004454557018265
42.0,raw,nan,0.0,0.0,0.0,0.4381825474072605,1.0,1.0,0.0,nan,nan
42.0,raw,nan,1.0,1.0,1.0,0.4513931855832366,1.0,1.0,0.0,nan,nan
42.0,raw,nan,2.0,1.0,2.0,0.44764982797895153,0.8840649585605431,0.8609870215974493,0.0,nan,nan
42.0,raw,nan,3.0,1.0,3.0,0.44788959859431243,0.7771127406614738,0.8190058341594016,0.0,nan,nan
42.0,raw,nan,4.0,1.0,4.0,0.4737704225990937,0.7245177181582576,0.7551051386504573,0.0,nan,nan
42.0,raw,nan,5.0,1.0,5.0,0.4768666864073834,0.7424432877943247,0.7243787218118971,0.0,nan,nan
42.0,raw,nan,6.0,1.0,6.0,0.48079822672065037,0.7067228116195712,0.6919932437279657,0.0,nan,nan
42.0,raw,nan,7.0,1.0,7.0,0.5246193122253302,0.6974586793128219,0.7396442433658225,0.0,nan,nan
42.0,raw,nan,8.0,1.0,8.0,0.5233435491127227,0.835579708260567,0.8318507908520275,0.0,nan,nan
42.0,raw,nan,9.0,2.0,1.0,0.5197768102672258,1.0,1.0,0.0,nan,nan
42.0,raw,nan,10.0,2.0,2.0,0.5237806580428584,0.8826308419116721,0.8053058925833505,0.0,nan,nan
42.0,raw,nan,11.0,2.0,3.0,0.5380365918955893,0.7872379347945886,0.906755243611387,0.0,nan,nan
42.0,raw,nan,12.0,2.0,4.0,0.4910629757059545,0.7443359381904462,0.7999525473849544,0.0,nan,nan
42.0,raw,nan,13.0,2.0,5.0,0.5122329454093955,0.43721017957558117,0.3487093155866986,0.0,nan,nan
42.0,raw,nan,14.0,2.0,6.0,0.5238561283639772,0.6728589007266563,0.6895799038405062,0.0,nan,nan
42.0,raw,nan,15.0,2.0,7.0,0.5305544479191469,0.665073955377766,0.6784740205474008,0.0,nan,nan
42.0,raw,nan,16.0,2.0,8.0,0.5699055298408641,0.44626377729772576,0.5963469071039631,0.0,nan,nan
42.0,ppo,nan,0.0,0.0,0.0,0.4381825474072605,1.0,1.0,0.0,nan,nan
42.0,ppo,nan,1.0,1.0,1.0,0.4513931855832366,1.0,1.0,1.0,nan,nan
42.0,ppo,nan,2.0,1.0,2.0,0.4454610651012326,0.8840649585605431,0.8609870215974493,1.0,nan,nan
42.0,ppo,nan,3.0,1.0,3.0,0.4351435477256669,0.837249392252315,0.8870855973759841,1.0,nan,nan
42.0,ppo,nan,4.0,1.0,4.0,0.47200051359628065,0.7699802138899214,0.814828440662588,1.0,nan,nan
42.0,ppo,nan,5.0,1.0,5.0,0.4778284938321177,0.8875571899392206,0.9150748260700354,1.0,nan,nan
42.0,ppo,nan,6.0,1.0,6.0,0.48795780035714204,0.8534120822574323,0.8448300795419228,1.0,nan,nan
42.0,ppo,nan,7.0,1.0,7.0,0.5047396545494892,0.8926038597664605,0.9272135592649052,1.0,nan,nan
42.0,ppo,nan,8.0,1.0,8.0,0.5125654587188732,0.9355532235377318,0.9390740229853811,1.0,nan,nan
42.0,ppo,nan,9.0,2.0,1.0,0.5085231618985335,1.0,1.0,1.0,nan,nan
42.0,ppo,nan,10.0,2.0,2.0,0.4946846903565576,0.8206091797537551,0.8840567531410446,1.0,nan,nan
42.0,ppo,nan,11.0,2.0,3.0,0.525112331288651,0.7557501675822368,0.7554439532032651,1.0,nan,nan
42.0,ppo,nan,12.0,2.0,4.0,0.5301638533329931,0.8905533671429119,0.9013013279449159,1.0,nan,nan
42.0,ppo,nan,13.0,2.0,5.0,0.5581635049361173,0.8709971665665516,0.8823805995263865,1.0,nan,nan
42.0,ppo,nan,14.0,2.0,6.0,0.5715498878497076,0.9204618068583335,0.9221283755705257,1.0,nan,nan
42.0,ppo,nan,15.0,2.0,7.0,0.5733383854863918,0.9463160312580869,0.9387537472247051,1.0,nan,nan
42.0,ppo,nan,16.0,2.0,8.0,0.5776208922699825,0.953088507246402,0.9767231752678983,1.0,nan,nan
42.0,mse_oracle,nan,0.0,0.0,0.0,0.4381825474072605,1.0,1.0,0.0,nan,nan
42.0,mse_oracle,nan,1.0,1.0,1.0,0.4513931855832366,1.0,1.0,0.0,0.06706072794876566,0.06706072794876566
42.0,mse_oracle,nan,2.0,1.0,2.0,0.44764982797895153,0.8840649585605431,0.8609870215974493,0.0,0.06566443122441998,0.07346144967720206
42.0,mse_oracle,nan,3.0,1.0,3.0,0.44788959859431243,0.7771127406614738,0.8190058341594016,0.0,0.07010388249602093,0.07424784658636674
42.0,mse_oracle,nan,4.0,1.0,4.0,0.4831453540516521,0.7245177181582576,0.7551051386504573,1.0,0.07420578494242348,0.07357988130517781
42.0,mse_oracle,nan,5.0,1.0,5.0,0.48587679382794025,0.869274428413228,0.8597309795393288,0.0,0.0622107278007803,0.0639237846956673
42.0,mse_oracle,nan,6.0,1.0,6.0,0.4887141481093145,0.7597167726616009,0.7133674151906393,1.0,0.06391022074034196,0.06303220306554409
42.0,mse_oracle,nan,7.0,1.0,7.0,0.5169032280152992,0.8163568611364198,0.8277974881807846,1.0,0.06357942613517505,0.06210930618999428
42.0,mse_oracle,nan,8.0,1.0,8.0,0.5041585687436918,0.8931726296534656,0.8796380736562017,1.0,0.05497614763004862,0.04997920675248611
42.0,mse_oracle,nan,9.0,2.0,1.0,0.5200454643775101,1.0,1.0,0.0,0.07014294954028114,0.07014294954028114
42.0,mse_oracle,nan,10.0,2.0,2.0,0.530223832711717,0.7734335531348048,0.8310290746445939,1.0,0.0982972693646232,0.09618572357018873
42.0,mse_oracle,nan,11.0,2.0,3.0,0.5434459943485941,0.7577012272757403,0.8007201026414676,1.0,0.09478847690908447,0.09099956817752519
42.0,mse_oracle,nan,12.0,2.0,4.0,0.5316454359121061,0.859480455818702,0.8545497262016569,1.0,0.07844463015017406,0.07369458459483944
42.0,mse_oracle,nan,13.0,2.0,5.0,0.528512334368269,0.7794280831355537,0.8034805646138958,1.0,0.08922877151947141,0.08874808813373897
42.0,mse_oracle,nan,14.0,2.0,6.0,0.537253668837837,0.8749320022005348,0.8577898285241901,0.0,0.07148739755983269,0.07202283561985924
42.0,mse_oracle,nan,15.0,2.0,7.0,0.5152129890180038,0.712319706984617,0.5867677539738465,1.0,0.09585854929346636,0.0935447256679719
42.0,mse_oracle,nan,16.0,2.0,8.0,0.5614192641647398,0.7830035380742331,0.7438344126115095,1.0,0.09225378466459198,0.0866504473987075
43.0,raw,nan,0.0,0.0,0.0,0.4381825474072605,1.0,1.0,0.0,nan,nan
43.0,raw,nan,1.0,1.0,1.0,0.43594435695088696,1.0,1.0,0.0,nan,nan
43.0,raw,nan,2.0,1.0,2.0,0.47239749772968065,0.8309686729357284,0.8513534271306107,0.0,nan,nan
43.0,raw,nan,3.0,1.0,3.0,0.44617881092566397,0.8651444060386138,0.8694844856332364,0.0,nan,nan
43.0,raw,nan,4.0,1.0,4.0,0.49436180946248187,0.573965567232762,0.4972881441057452,0.0,nan,nan
43.0,raw,nan,5.0,1.0,5.0,0.4900985326021512,0.8079833675048196,0.8307551108169087,0.0,nan,nan
43.0,raw,nan,6.0,1.0,6.0,0.5114768677404353,0.7416149980606176,0.7528949984952211,0.0,nan,nan
43.0,raw,nan,7.0,1.0,7.0,0.5359302997168887,0.7405659824453293,0.7310485133636636,0.0,nan,nan
43.0,raw,nan,8.0,1.0,8.0,0.5297966507358834,0.7844075685509733,0.7629581032814143,0.0,nan,nan
43.0,raw,nan,9.0,2.0,1.0,0.5486868237878582,1.0,1.0,0.0,nan,nan
43.0,raw,nan,10.0,2.0,2.0,0.5659803184073565,0.690219705953985,0.7473656689323429,0.0,nan,nan
43.0,raw,nan,11.0,2.0,3.0,0.5542107296427613,0.6377986827509591,0.7050258145714231,0.0,nan,nan
43.0,raw,nan,12.0,2.0,4.0,0.5706510250287572,0.5118013798134923,0.47844812539122605,0.0,nan,nan
43.0,raw,nan,13.0,2.0,5.0,0.5608369062097825,0.5462054641191959,0.6625018184332223,0.0,nan,nan
43.0,raw,nan,14.0,2.0,6.0,0.5331823513415198,0.482551443240216,0.3589620465677702,0.0,nan,nan
43.0,raw,nan,15.0,2.0,7.0,0.5548004385762453,0.39428262209087317,0.5685509398679767,0.0,nan,nan
43.0,raw,nan,16.0,2.0,8.0,0.541768606805137,0.43598295248492913,0.5557010908203377,0.0,nan,nan
43.0,ppo,nan,0.0,0.0,0.0,0.4381825474072605,1.0,1.0,0.0,nan,nan
43.0,ppo,nan,1.0,1.0,1.0,0.43594435695088696,1.0,1.0,1.0,nan,nan
43.0,ppo,nan,2.0,1.0,2.0,0.47097388670302537,0.8309686729357284,0.8513534271306107,1.0,nan,nan
43.0,ppo,nan,3.0,1.0,3.0,0.4544487814027841,0.8763316845414238,0.8593064089834672,1.0,nan,nan
43.0,ppo,nan,4.0,1.0,4.0,0.47896780735458716,0.7179989264969956,0.700200179996848,1.0,nan,nan
43.0,ppo,nan,5.0,1.0,5.0,0.5026702313862309,0.9177487771587101,0.9178423513483946,1.0,nan,nan
43.0,ppo,nan,6.0,1.0,6.0,0.49081939100439687,0.90678944964874,0.9147604948614365,1.0,nan,nan
43.0,ppo,nan,7.0,1.0,7.0,0.5156153349154389,0.8118712428509316,0.8458364148556591,1.0,nan,nan
43.0,ppo,nan,8.0,1.0,8.0,0.5054274474806754,0.8966067250443694,0.848889558736634,1.0,nan,nan
43.0,ppo,nan,9.0,2.0,1.0,0.5269830946854177,1.0,1.0,1.0,nan,nan
43.0,ppo,nan,10.0,2.0,2.0,0.5306888917887793,0.811759288903094,0.8249389590329362,1.0,nan,nan
43.0,ppo,nan,11.0,2.0,3.0,0.5395379124385209,0.8256906907851858,0.7810495112504552,1.0,nan,nan
43.0,ppo,nan,12.0,2.0,4.0,0.493920180888738,0.928785433018166,0.9137518401210526,1.0,nan,nan
43.0,ppo,nan,13.0,2.0,5.0,0.47951036757360993,0.7520169209359021,0.6792615238367588,1.0,nan,nan
43.0,ppo,nan,14.0,2.0,6.0,0.5565997478531272,0.6362538644690273,0.5520763301474837,1.0,nan,nan
43.0,ppo,nan,15.0,2.0,7.0,0.5876503795206792,0.7687643760735381,0.8448445022883337,1.0,nan,nan
43.0,ppo,nan,16.0,2.0,8.0,0.5667893276803424,0.7948674102771616,0.7863946915094012,1.0,nan,nan
43.0,mse_oracle,nan,0.0,0.0,0.0,0.4381825474072605,1.0,1.0,0.0,nan,nan
43.0,mse_oracle,nan,1.0,1.0,1.0,0.43594435695088696,1.0,1.0,0.0,0.06706072794876566,0.06706072794876566
43.0,mse_oracle,nan,2.0,1.0,2.0,0.47097388670302537,0.8309686729357284,0.8513534271306107,1.0,0.07311729520847803,0.07172378227995065
43.0,mse_oracle,nan,3.0,1.0,3.0,0.45362383432530196,0.8763316845414238,0.8593064089834672,0.0,0.06346861241607374,0.07016042433144057
43.0,mse_oracle,nan,4.0,1.0,4.0,0.48960921263322127,0.6265259678069717,0.5807537944717828,0.0,0.07678274647040954,0.07764498924227925
43.0,mse_oracle,nan,5.0,1.0,5.0,0.47791011607150835,0.7956239777278501,0.8399654143118832,1.0,0.06307637044889888,0.060187484063629615
43.0,mse_oracle,nan,6.0,1.0,6.0,0.5023354326045847,0.7522609104260489,0.7508639596887452,0.0,0.06853458701652006,0.07014328681826022
43.0,mse_oracle,nan,7.0,1.0,7.0,0.5169517281180481,0.7689107807125387,0.7810537462210173,1.0,0.06004436804194916,0.056110341150740185
43.0,mse_oracle,nan,8.0,1.0,8.0,0.5016199025238802,0.8217190336338863,0.7999886999216103,0.0,0.0553422070946745,0.05610900591297826
43.0,mse_oracle,nan,9.0,2.0,1.0,0.5229024468755016,1.0,1.0,0.0,0.06577682020827147,0.06577682020827147
43.0,mse_oracle,nan,10.0,2.0,2.0,0.5556523047337546,0.6443953231849541,0.6655280341109745,1.0,0.134259622808574,0.126875822914664
43.0,mse_oracle,nan,11.0,2.0,3.0,0.5665292076644591,0.698540561859881,0.679414143174381,1.0,0.12708275435599498,0.12122667914201293
43.0,mse_oracle,nan,12.0,2.0,4.0,0.5684485929348776,0.7460579065940451,0.7550055093352596,1.0,0.11663766362463675,0.1132153567913086
43.0,mse_oracle,nan,13.0,2.0,5.0,0.5698123675700965,0.8402064090527908,0.902660245014516,0.0,0.09086888873715104,0.09430774230907749
43.0,mse_oracle,nan,14.0,2.0,6.0,0.5611202297749434,0.6336866415081204,0.7143156589534417,1.0,0.15026017938958044,0.14515271821191367
43.0,mse_oracle,nan,15.0,2.0,7.0,0.545596019716224,0.6337160583360678,0.6651005887331749,1.0,0.14532609690527504,0.13835516348362734
43.0,mse_oracle,nan,16.0,2.0,8.0,0.5326923658542214,0.6895592016652969,0.7938547954107207,1.0,0.09894543716610268,0.09805112386066167
44.0,raw,nan,0.0,0.0,0.0,0.4381825474072605,1.0,1.0,0.0,nan,nan
44.0,raw,nan,1.0,1.0,1.0,0.4559391567181053,1.0,1.0,0.0,nan,nan
44.0,raw,nan,2.0,1.0,2.0,0.4674736230747489,0.9737316920708231,0.9718700154703561,0.0,nan,nan
44.0,raw,nan,3.0,1.0,3.0,0.4836385653575392,0.7706272984205047,0.7624600816827302,0.0,nan,nan
44.0,raw,nan,4.0,1.0,4.0,0.4990644233622099,0.8194977063090737,0.8457661300678943,0.0,nan,nan
44.0,raw,nan,5.0,1.0,5.0,0.5204187537049442,0.8404300606687766,0.8483476828065659,0.0,nan,nan
44.0,raw,nan,6.0,1.0,6.0,0.509168853793171,0.9043671711342987,0.8960724523548212,0.0,nan,nan
44.0,raw,nan,7.0,1.0,7.0,0.5056577133379293,0.7512141826777258,0.7332598858951342,0.0,nan,nan
44.0,raw,nan,8.0,1.0,8.0,0.5235404415143426,0.66000145519791,0.5891252608153759,0.0,nan,nan
44.0,raw,nan,9.0,2.0,1.0,0.5449331732742154,1.0,1.0,0.0,nan,nan
44.0,raw,nan,10.0,2.0,2.0,0.546452028910422,0.8835509985454717,0.8805086716706396,0.0,nan,nan
44.0,raw,nan,11.0,2.0,3.0,0.5320934054750194,0.8545752118309173,0.82793345305071,0.0,nan,nan
44.0,raw,nan,12.0,2.0,4.0,0.5162161324272528,0.20824193686367576,0.4690883522043909,0.0,nan,nan
44.0,raw,nan,13.0,2.0,5.0,0.49349345192777844,0.14708989065213218,0.3341990814158908,0.0,nan,nan
44.0,raw,nan,14.0,2.0,6.0,0.5431870538170253,0.1599884533456993,0.15985283221104987,0.0,nan,nan
44.0,raw,nan,15.0,2.0,7.0,0.5205510078112116,0.3836850809249911,0.47186516995949,0.0,nan,nan
44.0,raw,nan,16.0,2.0,8.0,0.5243044640331423,0.4036762553466491,0.5169353061993646,0.0,nan,nan
44.0,ppo,nan,0.0,0.0,0.0,0.4381825474072605,1.0,1.0,0.0,nan,nan
44.0,ppo,nan,1.0,1.0,1.0,0.4559391567181053,1.0,1.0,1.0,nan,nan
44.0,ppo,nan,2.0,1.0,2.0,0.46584235552153047,0.9737316920708231,0.9718700154703561,1.0,nan,nan
44.0,ppo,nan,3.0,1.0,3.0,0.46557063596587017,0.7956621615969377,0.7923609993984556,1.0,nan,nan
44.0,ppo,nan,4.0,1.0,4.0,0.49003742074909096,0.8381102160008453,0.8745864642171393,1.0,nan,nan
44.0,ppo,nan,5.0,1.0,5.0,0.5019110542068832,0.8343627916267534,0.7901417279637326,1.0,nan,nan
44.0,ppo,nan,6.0,1.0,6.0,0.5028596530707148,0.9289068737148677,0.9308792395791149,1.0,nan,nan
44.0,ppo,nan,7.0,1.0,7.0,0.5102865040138533,0.8713827645554499,0.8647119786233267,1.0,nan,nan
44.0,ppo,nan,8.0,1.0,8.0,0.5224658191370088,0.9139063973513785,0.8819493323612254,1.0,nan,nan
44.0,ppo,nan,9.0,2.0,1.0,0.5075303785586422,1.0,1.0,1.0,nan,nan
44.0,ppo,nan,10.0,2.0,2.0,0.526732926507777,0.7963629209340964,0.8120279929232023,1.0,nan,nan
44.0,ppo,nan,11.0,2.0,3.0,0.536962670028602,0.9006088544690634,0.9394733577464403,1.0,nan,nan
44.0,ppo,nan,12.0,2.0,4.0,0.5223254955338923,0.8665930658451221,0.8621671934842456,1.0,nan,nan
44.0,ppo,nan,13.0,2.0,5.0,0.5556731456032796,0.7797713316789928,0.8379512175754712,1.0,nan,nan
44.0,ppo,nan,14.0,2.0,6.0,0.5737448114482858,0.8508251622458647,0.8929176844350403,1.0,nan,nan
44.0,ppo,nan,15.0,2.0,7.0,0.5676558075785924,0.8629961364873755,0.8689100485900582,1.0,nan,nan
44.0,ppo,nan,16.0,2.0,8.0,0.5731907107708467,0.8932729151236147,0.8139936738092158,1.0,nan,nan
44.0,mse_oracle,nan,0.0,0.0,0.0,0.4381825474072605,1.0,1.0,0.0,nan,nan
44.0,mse_oracle,nan,1.0,1.0,1.0,0.4559391567181053,1.0,1.0,0.0,0.06706072794876566,0.06706072794876566
44.0,mse_oracle,nan,2.0,1.0,2.0,0.46584235552153047,0.9737316920708231,0.9718700154703561,1.0,0.06510403590300973,0.06437288881679389
44.0,mse_oracle,nan,3.0,1.0,3.0,0.4781576060317462,0.7956621615969377,0.7923609993984556,0.0,0.06397957822139495,0.06469095971789811
44.0,mse_oracle,nan,4.0,1.0,4.0,0.4962059537100122,0.8156975593638397,0.8496056912628962,0.0,0.06271032730057693,0.06470455893578994
44.0,mse_oracle,nan,5.0,1.0,5.0,0.5042349004859478,0.838072463446211,0.8546060464509873,1.0,0.05833009933126071,0.05657068760442697
44.0,mse_oracle,nan,6.0,1.0,6.0,0.5135969531863264,0.8960240857310816,0.9018117951048392,0.0,0.05808285214096927,0.05880968563045154
44.0,mse_oracle,nan,7.0,1.0,7.0,0.5102038484366203,0.8107472451950859,0.7670033935815468,1.0,0.056706321357601855,0.054762943915018
44.0,mse_oracle,nan,8.0,1.0,8.0,0.5143779741531043,0.7377438982097924,0.6503290346745374,1.0,0.061749042133072404,0.0606889523024237
44.0,mse_oracle,nan,9.0,2.0,1.0,0.5269150384989445,1.0,1.0,0.0,0.06758781031032869,0.06758781031032869
44.0,mse_oracle,nan,10.0,2.0,2.0,0.5409332080602156,0.6132724082851351,0.6798888764087805,1.0,0.16672251507917027,0.15480862815839125
44.0,mse_oracle,nan,11.0,2.0,3.0,0.5635548848169328,0.7134102012359466,0.8117152813242775,1.0,0.128374579998173,0.11912483772271745
44.0,mse_oracle,nan,12.0,2.0,4.0,0.5686262384324381,0.76278398589489,0.8521621824407312,1.0,0.11136443533530734,0.1003073485672698
44.0,mse_oracle,nan,13.0,2.0,5.0,0.5521253959518531,0.7563559680682359,0.8146010235980452,1.0,0.10724156221417439,0.0971834604019571
44.0,mse_oracle,nan,14.0,2.0,6.0,0.5573613614669648,0.7261820828649681,0.7343517648605183,1.0,0.10359051073479042,0.09716131151793517
44.0,mse_oracle,nan,15.0,2.0,7.0,0.5761486585657911,0.7353212126982115,0.7384145334315337,1.0,0.10891675661641613,0.09915368554435415
44.0,mse_oracle,nan,16.0,2.0,8.0,0.5798629147239956,0.848819855681638,0.8268151063575344,1.0,0.07315653598565194,0.07196238347369456
45.0,raw,nan,0.0,0.0,0.0,0.4381825474072605,1.0,1.0,0.0,nan,nan
45.0,raw,nan,1.0,1.0,1.0,0.4499713621675755,1.0,1.0,0.0,nan,nan
45.0,raw,nan,2.0,1.0,2.0,0.45226311629455995,0.9021158437443481,0.9288709377022036,0.0,nan,nan
45.0,raw,nan,3.0,1.0,3.0,0.4689948735284249,0.7477545297199991,0.7293955858321098,0.0,nan,nan
45.0,raw,nan,4.0,1.0,4.0,0.44275593415642817,0.7466029377332374,0.7772776390980723,0.0,nan,nan
45.0,raw,nan,5.0,1.0,5.0,0.4899803612261922,0.5066685366544564,0.45947828384099315,0.0,nan,nan
45.0,raw,nan,6.0,1.0,6.0,0.5115967723448805,0.6920915791881076,0.6421750721738951,0.0,nan,nan
45.0,raw,nan,7.0,1.0,7.0,0.5186173283768388,0.7904808623917287,0.8408714206496377,0.0,nan,nan
45.0,raw,nan,8.0,1.0,8.0,0.5317258035625753,0.7398429893083235,0.8085247764780394,0.0,nan,nan
45.0,raw,nan,9.0,2.0,1.0,0.5491546426792475,1.0,1.0,0.0,nan,nan
45.0,raw,nan,10.0,2.0,2.0,0.5664632820674413,0.8933887166854972,0.9174168748056296,0.0,nan,nan
45.0,raw,nan,11.0,2.0,3.0,0.5432490547301893,0.8000416449682791,0.8202779636585181,0.0,nan,nan
45.0,raw,nan,12.0,2.0,4.0,0.566344142973065,0.584645307299009,0.6001580297794512,0.0,nan,nan
45.0,raw,nan,13.0,2.0,5.0,0.5881541575236942,0.5473958704909218,0.6006915401486186,0.0,nan,nan
45.0,raw,nan,14.0,2.0,6.0,0.5188150152037478,0.7703724558215224,0.7773296314792402,0.0,nan,nan
45.0,raw,nan,15.0,2.0,7.0,0.3073211195242967,0.1972371446065325,0.18178451308188423,0.0,nan,nan
45.0,raw,nan,16.0,2.0,8.0,0.3472002429890264,0.12064411784356657,0.0768735427443827,0.0,nan,nan
45.0,ppo,nan,0.0,0.0,0.0,0.4381825474072605,1.0,1.0,0.0,nan,nan
45.0,ppo,nan,1.0,1.0,1.0,0.4499713621675755,1.0,1.0,1.0,nan,nan
45.0,ppo,nan,2.0,1.0,2.0,0.45022111865036235,0.9021158437443481,0.9288709377022036,1.0,nan,nan
45.0,ppo,nan,3.0,1.0,3.0,0.47267908952637244,0.8131898111995114,0.7728944138826485,1.0,nan,nan
45.0,ppo,nan,4.0,1.0,4.0,0.4835583760477078,0.8983125369601749,0.8977376891367641,1.0,nan,nan
45.0,ppo,nan,5.0,1.0,5.0,0.4740182121487356,0.926453595315823,0.920077154398611,1.0,nan,nan
45.0,ppo,nan,6.0,1.0,6.0,0.5014359849871564,0.852639997353397,0.875759586976899,1.0,nan,nan
45.0,ppo,nan,7.0,1.0,7.0,0.5072621578306303,0.892906313532622,0.9128223747313138,1.0,nan,nan
45.0,ppo,nan,8.0,1.0,8.0,0.5243557659045597,0.8675687942659299,0.9159321722772265,1.0,nan,nan
45.0,ppo,nan,9.0,2.0,1.0,0.5161825557545106,1.0,1.0,1.0,nan,nan
45.0,ppo,nan,10.0,2.0,2.0,0.5333932929372692,0.8622173389885397,0.8482179464759946,1.0,nan,nan
45.0,ppo,nan,11.0,2.0,3.0,0.5436111013406302,0.9496085429969847,0.9520028639170288,1.0,nan,nan
45.0,ppo,nan,12.0,2.0,4.0,0.5595194369340941,0.8990574771804518,0.9146779468800168,1.0,nan,nan
45.0,ppo,nan,13.0,2.0,5.0,0.5723018123771756,0.9301947086721287,0.9466968968327839,1.0,nan,nan
45.0,ppo,nan,14.0,2.0,6.0,0.5706839264463625,0.9337653839977826,0.9229329803817028,1.0,nan,nan
45.0,ppo,nan,15.0,2.0,7.0,0.5761907466860288,0.9093285815482742,0.9129857856864547,1.0,nan,nan
45.0,ppo,nan,16.0,2.0,8.0,0.555340320280176,0.9053233777952183,0.8553877539474374,1.0,nan,nan
45.0,mse_oracle,nan,0.0,0.0,0.0,0.4381825474072605,1.0,1.0,0.0,nan,nan
45.0,mse_oracle,nan,1.0,1.0,1.0,0.4499713621675755,1.0,1.0,0.0,0.06706072794876566,0.06706072794876566
45.0,mse_oracle,nan,2.0,1.0,2.0,0.45226311629455995,0.9021158437443481,0.9288709377022036,0.0,0.06690748725263428,0.06965763584562432
45.0,mse_oracle,nan,3.0,1.0,3.0,0.4689948735284249,0.7477545297199991,0.7293955858321098,0.0,0.07405949544561567,0.08106702911084318
45.0,mse_oracle,nan,4.0,1.0,4.0,0.44275593415642817,0.7466029377332374,0.7772776390980723,0.0,0.06853347750529995,0.07281688429373856
45.0,mse_oracle,nan,5.0,1.0,5.0,0.4899803612261922,0.5066685366544564,0.45947828384099315,0.0,0.08356299166035837,0.08604052537650354
45.0,mse_oracle,nan,6.0,1.0,6.0,0.5115444685339343,0.6920915791881076,0.6421750721738951,1.0,0.06615085384805292,0.06244932698642924
45.0,mse_oracle,nan,7.0,1.0,7.0,0.5174968716612387,0.8468161770012884,0.8615606990837826,1.0,0.05578854610960746,0.052238294817053235
45.0,mse_oracle,nan,8.0,1.0,8.0,0.5264249227393369,0.870134136648298,0.8999228375006969,1.0,0.056742406265124855,0.05553121693108649
45.0,mse_oracle,nan,9.0,2.0,1.0,0.5387097072862138,1.0,1.0,0.0,0.07085946471335668,0.07085946471335668
45.0,mse_oracle,nan,10.0,2.0,2.0,0.538274596418082,0.9032378105466274,0.928012046996379,0.0,0.07645256928711133,0.07716132933834309
45.0,mse_oracle,nan,11.0,2.0,3.0,0.5325791333117901,0.8542474366550191,0.8743629380272281,1.0,0.08701532862620832,0.0863059710016216
45.0,mse_oracle,nan,12.0,2.0,4.0,0.5468976577740228,0.757611385893353,0.7857790610644984,1.0,0.0997147687130645,0.09910630744067182
45.0,mse_oracle,nan,13.0,2.0,5.0,0.558529547944115,0.7814196246951974,0.7421317433562636,1.0,0.09694038440277306,0.09302889980758502
45.0,mse_oracle,nan,14.0,2.0,6.0,0.579329028994781,0.8780128199047869,0.8930740344792126,1.0,0.07027254832459565,0.06475776476664863
45.0,mse_oracle,nan,15.0,2.0,7.0,0.5648643936192604,0.9087382522098214,0.9509511336795856,1.0,0.06918930536273613,0.0659605183298668
45.0,mse_oracle,nan,16.0,2.0,8.0,0.5532795952744527,0.8828662940886847,0.8664047436666777,1.0,0.06201248984885828,0.05858804518602741
46.0,raw,nan,0.0,0.0,0.0,0.4381825474072605,1.0,1.0,0.0,nan,nan
46.0,raw,nan,1.0,1.0,1.0,0.446215410609041,1.0,1.0,0.0,nan,nan
46.0,raw,nan,2.0,1.0,2.0,0.46775316597479016,0.8158667785979996,0.8420784212762025,0.0,nan,nan
46.0,raw,nan,3.0,1.0,3.0,0.47627432331759273,0.8223750651624291,0.7844651233243237,0.0,nan,nan
46.0,raw,nan,4.0,1.0,4.0,0.4656555843119277,0.7836023159117699,0.8138274062104192,0.0,nan,nan
46.0,raw,nan,5.0,1.0,5.0,0.4560781594939779,0.6264062987751045,0.7064710337212119,0.0,nan,nan
46.0,raw,nan,6.0,1.0,6.0,0.46160814630449404,0.5449321025679953,0.6786413581568564,0.0,nan,nan
46.0,raw,nan,7.0,1.0,7.0,0.4647921358769489,0.5386045411952788,0.5673128405458601,0.0,nan,nan
46.0,raw,nan,8.0,1.0,8.0,0.5090138367249867,0.5130698063141205,0.6040617826062373,0.0,nan,nan
46.0,raw,nan,9.0,2.0,1.0,0.5270821217726595,1.0,1.0,0.0,nan,nan
46.0,raw,nan,10.0,2.0,2.0,0.5291355427107343,0.8401288192396439,0.8500695952004103,0.0,nan,nan
46.0,raw,nan,11.0,2.0,3.0,0.5316992289746422,0.7979991141167768,0.7699570668611972,0.0,nan,nan
46.0,raw,nan,12.0,2.0,4.0,0.5519894750072002,0.8337805797711684,0.8445940890837181,0.0,nan,nan
46.0,raw,nan,13.0,2.0,5.0,0.5430341668181644,0.8082141122335902,0.8329917492926843,0.0,nan,nan
46.0,raw,nan,14.0,2.0,6.0,0.5602043980455776,0.6653527330340365,0.6882255378200227,0.0,nan,nan
46.0,raw,nan,15.0,2.0,7.0,0.4476675501775121,0.530550846197216,0.7031427768598759,0.0,nan,nan
46.0,raw,nan,16.0,2.0,8.0,0.45585853779630625,0.41815287515630895,0.4763280705950129,0.0,nan,nan
46.0,ppo,nan,0.0,0.0,0.0,0.4381825474072605,1.0,1.0,0.0,nan,nan
46.0,ppo,nan,1.0,1.0,1.0,0.446215410609041,1.0,1.0,1.0,nan,nan
46.0,ppo,nan,2.0,1.0,2.0,0.4666096548350582,0.8158667785979996,0.8420784212762025,1.0,nan,nan
46.0,ppo,nan,3.0,1.0,3.0,0.47239542110412286,0.9208235731326134,0.8866174135172414,1.0,nan,nan
46.0,ppo,nan,4.0,1.0,4.0,0.45049139741288813,0.9477971503325171,0.9702173153298754,1.0,nan,nan
46.0,ppo,nan,5.0,1.0,5.0,0.4778111141620989,0.7808889045242045,0.7582969265247073,1.0,nan,nan
46.0,ppo,nan,6.0,1.0,6.0,0.49135908312439225,0.8263729296187974,0.8399238862420443,1.0,nan,nan
46.0,ppo,nan,7.0,1.0,7.0,0.5106338622278492,0.856350484271025,0.8666414288771427,1.0,nan,nan
46.0,ppo,nan,8.0,1.0,8.0,0.5064657295051279,0.8948538430639678,0.9222178854552545,1.0,nan,nan
46.0,ppo,nan,9.0,2.0,1.0,0.5214293832416151,1.0,1.0,1.0,nan,nan
46.0,ppo,nan,10.0,2.0,2.0,0.5133812272142472,0.8947177467300891,0.9102754665113009,1.0,nan,nan
46.0,ppo,nan,11.0,2.0,3.0,0.5250289568294209,0.8263692457059926,0.816060213056592,1.0,nan,nan
46.0,ppo,nan,12.0,2.0,4.0,0.5195548741868014,0.7951245291768798,0.6874451824049674,1.0,nan,nan
46.0,ppo,nan,13.0,2.0,5.0,0.48392316842419036,0.8609936030548239,0.8291870019183226,1.0,nan,nan
46.0,ppo,nan,14.0,2.0,6.0,0.511355667871501,0.6628662379081981,0.779718970064373,1.0,nan,nan
46.0,ppo,nan,15.0,2.0,7.0,0.526396351478382,0.7533872031353894,0.8030081878514759,1.0,nan,nan
46.0,ppo,nan,16.0,2.0,8.0,0.5575162927478639,0.8198962322115296,0.8714148579548624,1.0,nan,nan
46.0,mse_oracle,nan,0.0,0.0,0.0,0.4381825474072605,1.0,1.0,0.0,nan,nan
46.0,mse_oracle,nan,1.0,1.0,1.0,0.446215410609041,1.0,1.0,0.0,0.06706072794876566,0.06706072794876566
46.0,mse_oracle,nan,2.0,1.0,2.0,0.46775316597479016,0.8158667785979996,0.8420784212762025,0.0,0.06977925162387537,0.07610774265686562
46.0,mse_oracle,nan,3.0,1.0,3.0,0.47627432331759273,0.8223750651624291,0.7844651233243237,0.0,0.06384062997640713,0.06809015336511237
46.0,mse_oracle,nan,4.0,1.0,4.0,0.4656555843119277,0.7836023159117699,0.8138274062104192,0.0,0.06427935851592781,0.06575106634215393
46.0,mse_oracle,nan,5.0,1.0,5.0,0.4560781594939779,0.6264062987751045,0.7064710337212119,0.0,0.07479277654434753,0.07515189691700377
46.0,mse_oracle,nan,6.0,1.0,6.0,0.46160814630449404,0.5449321025679953,0.6786413581568564,0.0,0.08393001055510499,0.08631348282613296
46.0,mse_oracle,nan,7.0,1.0,7.0,0.4652731256968285,0.5386045411952788,0.5673128405458601,1.0,0.08039577055958401,0.07839579972369284
46.0,mse_oracle,nan,8.0,1.0,8.0,0.5201337780343792,0.5321627056230409,0.6136570628358851,1.0,0.07327866643182261,0.07262356779024792
46.0,mse_oracle,nan,9.0,2.0,1.0,0.543504756322405,1.0,1.0,0.0,0.06513983344957709,0.06513983344957709
46.0,mse_oracle,nan,10.0,2.0,2.0,0.5386689546326741,0.8914083380038758,0.9118618417762804,1.0,0.08037885020433,0.07681366013747327
46.0,mse_oracle,nan,11.0,2.0,3.0,0.5306805338971856,0.9020350762085336,0.8897997139659514,1.0,0.07309668980025875,0.06896387897528011
46.0,mse_oracle,nan,12.0,2.0,4.0,0.551738229312917,0.7221954377423192,0.6716811143270602,1.0,0.11885446128727187,0.11281053802270292
46.0,mse_oracle,nan,13.0,2.0,5.0,0.5550888889778949,0.9413762261760033,0.9665107268206841,1.0,0.06530453177959543,0.06061734926499143
46.0,mse_oracle,nan,14.0,2.0,6.0,0.5578232222301802,0.8348918518898415,0.8471585899930303,1.0,0.08475015973681155,0.0796228034334789
46.0,mse_oracle,nan,15.0,2.0,7.0,0.550845614708238,0.9308573253352558,0.9375656314125236,1.0,0.06728869899943976,0.059950135763812175
46.0,mse_oracle,nan,16.0,2.0,8.0,0.5570534587002895,0.914948510329614,0.9338713284183261,1.0,0.06077103781127363,0.05609798985716379
47.0,raw,nan,0.0,0.0,0.0,0.4381825474072605,1.0,1.0,0.0,nan,nan
47.0,raw,nan,1.0,1.0,1.0,0.44015827659128176,1.0,1.0,0.0,nan,nan
47.0,raw,nan,2.0,1.0,2.0,0.46282333902500256,0.8909235048305078,0.9008503768649989,0.0,nan,nan
47.0,raw,nan,3.0,1.0,3.0,0.46974544923789746,0.9334333202735955,0.9294260959092463,0.0,nan,nan
47.0,raw,nan,4.0,1.0,4.0,0.4786477349625093,0.8458397775323347,0.867117715645034,0.0,nan,nan
47.0,raw,nan,5.0,1.0,5.0,0.47363766609272073,0.7913926963789553,0.7405511196122103,0.0,nan,nan
47.0,raw,nan,6.0,1.0,6.0,0.4814468875299256,0.7584834019371269,0.8247889973934562,0.0,nan,nan
47.0,raw,nan,7.0,1.0,7.0,0.5301375997242118,0.7092402788470585,0.685500504949668,0.0,nan,nan
47.0,raw,nan,8.0,1.0,8.0,0.5412017905838308,0.8542823053459315,0.8348861967782624,0.0,nan,nan
47.0,raw,nan,9.0,2.0,1.0,0.5482991039481764,1.0,1.0,0.0,nan,nan
47.0,raw,nan,10.0,2.0,2.0,0.5561344209839872,0.9179703264111221,0.8998834332480964,0.0,nan,nan
47.0,raw,nan,11.0,2.0,3.0,0.5620066939151028,0.8442306117534999,0.8446885976646259,0.0,nan,nan
47.0,raw,nan,12.0,2.0,4.0,0.5610737511413166,0.6469568289450371,0.8517380969429358,0.0,nan,nan
47.0,raw,nan,13.0,2.0,5.0,0.4159962082783855,0.5280980766015114,0.3358525906911056,0.0,nan,nan
47.0,raw,nan,14.0,2.0,6.0,0.5017886870834765,0.287344280244717,0.30229182655395104,0.0,nan,nan
47.0,raw,nan,15.0,2.0,7.0,0.5242365443784973,0.5426441026176165,0.6307744184266154,0.0,nan,nan
47.0,raw,nan,16.0,2.0,8.0,0.5316594466499354,0.4984619898071884,0.5190577637707151,0.0,nan,nan
47.0,ppo,nan,0.0,0.0,0.0,0.4381825474072605,1.0,1.0,0.0,nan,nan
47.0,ppo,nan,1.0,1.0,1.0,0.44015827659128176,1.0,1.0,1.0,nan,nan
47.0,ppo,nan,2.0,1.0,2.0,0.4626577811960269,0.8909235048305078,0.9008503768649989,1.0,nan,nan
47.0,ppo,nan,3.0,1.0,3.0,0.4721543953911965,0.9118814924682158,0.9216557694373547,1.0,nan,nan
47.0,ppo,nan,4.0,1.0,4.0,0.47365064079475316,0.8730011047645364,0.9218750166578265,1.0,nan,nan
47.0,ppo,nan,5.0,1.0,5.0,0.45608188838894725,0.8668344407159201,0.8568424475644342,1.0,nan,nan
47.0,ppo,nan,6.0,1.0,6.0,0.5065695147059431,0.7772322298647677,0.8350002649702181,1.0,nan,nan
47.0,ppo,nan,7.0,1.0,7.0,0.522334204142714,0.8965334943449732,0.8980020280382952,1.0,nan,nan
47.0,ppo,nan,8.0,1.0,8.0,0.511152007326069,0.8991470931070104,0.8902627811896635,1.0,nan,nan
47.0,ppo,nan,9.0,2.0,1.0,0.5125878945032737,1.0,1.0,1.0,nan,nan
47.0,ppo,nan,10.0,2.0,2.0,0.5415227468190777,0.9498078713074394,0.9472806227924059,1.0,nan,nan
47.0,ppo,nan,11.0,2.0,3.0,0.5283821671898413,0.8330521462995751,0.8919524447617895,1.0,nan,nan
47.0,ppo,nan,12.0,2.0,4.0,0.55934465219324,0.8377329463401391,0.8542178813904839,1.0,nan,nan
47.0,ppo,nan,13.0,2.0,5.0,0.5591905934950141,0.860692991241302,0.9070185052517159,1.0,nan,nan
47.0,ppo,nan,14.0,2.0,6.0,0.5697875073083963,0.8649554845388258,0.8404152413781869,1.0,nan,nan
47.0,ppo,nan,15.0,2.0,7.0,0.5665743999632643,0.9095486801535173,0.9113297202612854,1.0,nan,nan
47.0,ppo,nan,16.0,2.0,8.0,0.5775057387657517,0.8848187021507932,0.908405765972304,1.0,nan,nan
47.0,mse_oracle,nan,0.0,0.0,0.0,0.4381825474072605,1.0,1.0,0.0,nan,nan
47.0,mse_oracle,nan,1.0,1.0,1.0,0.44015827659128176,1.0,1.0,0.0,0.06706072794876566,0.06706072794876566
47.0,mse_oracle,nan,2.0,1.0,2.0,0.46282333902500256,0.8909235048305078,0.9008503768649989,0.0,0.07324371137384833,0.0749134580320168
47.0,mse_oracle,nan,3.0,1.0,3.0,0.46974544923789746,0.9334333202735955,0.9294260959092463,0.0,0.06574305796568441,0.06682298726574702
47.0,mse_oracle,nan,4.0,1.0,4.0,0.4786477349625093,0.8458397775323347,0.867117715645034,0.0,0.06714700645349776,0.06812588710335377
47.0,mse_oracle,nan,5.0,1.0,5.0,0.47363766609272073,0.7913926963789553,0.7405511196122103,0.0,0.06420809360067072,0.0648411021444027
47.0,mse_oracle,nan,6.0,1.0,6.0,0.5061936653008708,0.7584834019371269,0.8247889973934562,1.0,0.06902800963868383,0.066268480329062
47.0,mse_oracle,nan,7.0,1.0,7.0,0.5234056774344183,0.8747639702821224,0.8708377090047495,1.0,0.059490528537376686,0.05567883451649357
47.0,mse_oracle,nan,8.0,1.0,8.0,0.5347321782023813,0.862733946499128,0.8106819349266299,1.0,0.05523361258202155,0.054839628756515046
47.0,mse_oracle,nan,9.0,2.0,1.0,0.5377625812693979,1.0,1.0,0.0,0.07212316937445609,0.07212316937445609
47.0,mse_oracle,nan,10.0,2.0,2.0,0.5326951990615406,0.9161649005880772,0.9160844752358053,1.0,0.08558480221624973,0.085059228076759
47.0,mse_oracle,nan,11.0,2.0,3.0,0.5307137330606836,0.8664886991239973,0.9062340300432621,1.0,0.08861175047114449,0.08594253202063504
47.0,mse_oracle,nan,12.0,2.0,4.0,0.5466959575310709,0.8316674762263733,0.8292047157165899,1.0,0.08075416227224479,0.0777158266508117
47.0,mse_oracle,nan,13.0,2.0,5.0,0.5554583454688526,0.844575732177378,0.8295820906762572,1.0,0.08526027446899201,0.08066478541890579
47.0,mse_oracle,nan,14.0,2.0,6.0,0.5866901846122419,0.7844237497741529,0.7816069086999189,1.0,0.0896714399829134,0.08606458517761627
47.0,mse_oracle,nan,15.0,2.0,7.0,0.5897543024765692,0.9013294795306903,0.9053487506445876,1.0,0.06308347857786113,0.05939434637073061
47.0,mse_oracle,nan,16.0,2.0,8.0,0.6007078419887125,0.9129357003300179,0.9101510869702695,1.0,0.05635793231494303,0.05247977608565979
48.0,raw,nan,0.0,0.0,0.0,0.4381825474072605,1.0,1.0,0.0,nan,nan
48.0,raw,nan,1.0,1.0,1.0,0.450250440483325,1.0,1.0,0.0,nan,nan
48.0,raw,nan,2.0,1.0,2.0,0.43902198863743275,0.8121466599337531,0.8009648103126835,0.0,nan,nan
48.0,raw,nan,3.0,1.0,3.0,0.3769410761150902,0.6634281357298485,0.7013184380883833,0.0,nan,nan
48.0,raw,nan,4.0,1.0,4.0,0.3993271060480067,0.31706003192950133,0.5808147009696167,0.0,nan,nan
48.0,raw,nan,5.0,1.0,5.0,0.44964374292383913,0.3342727789156456,0.46769030045289683,0.0,nan,nan
48.0,raw,nan,6.0,1.0,6.0,0.49352506904550025,0.46985433542267224,0.33481717384933635,0.0,nan,nan
48.0,raw,nan,7.0,1.0,7.0,0.4396274234147598,0.6892072653395311,0.6252423295751879,0.0,nan,nan
48.0,raw,nan,8.0,1.0,8.0,0.46534651369481667,0.40379426467444707,0.5605735588045891,0.0,nan,nan
48.0,raw,nan,9.0,2.0,1.0,0.5007690543798752,1.0,1.0,0.0,nan,nan
48.0,raw,nan,10.0,2.0,2.0,0.46152301220632713,0.6504248483828932,0.7327078580079696,0.0,nan,nan
48.0,raw,nan,11.0,2.0,3.0,0.5012021006623686,0.2296730181442923,0.6126793998907469,0.0,nan,nan
48.0,raw,nan,12.0,2.0,4.0,0.5164885680316879,0.2694036544277856,0.5317832007562168,0.0,nan,nan
48.0,raw,nan,13.0,2.0,5.0,0.5348183609120397,0.14402181131178265,0.4335195658224542,0.0,nan,nan
48.0,raw,nan,14.0,2.0,6.0,0.47274149213827654,0.18770381654411242,0.3314510707390655,0.0,nan,nan
48.0,raw,nan,15.0,2.0,7.0,0.4948781356156365,0.1802821660275907,0.3688744807874183,0.0,nan,nan
48.0,raw,nan,16.0,2.0,8.0,0.5278768118033296,0.23120344414909763,0.19588812344475362,0.0,nan,nan
48.0,ppo,nan,0.0,0.0,0.0,0.4381825474072605,1.0,1.0,0.0,nan,nan
48.0,ppo,nan,1.0,1.0,1.0,0.450250440483325,1.0,1.0,1.0,nan,nan
48.0,ppo,nan,2.0,1.0,2.0,0.45213040929658244,0.8121466599337531,0.8009648103126835,1.0,nan,nan
48.0,ppo,nan,3.0,1.0,3.0,0.44818855472708724,0.818444605750514,0.8007681112408458,1.0,nan,nan
48.0,ppo,nan,4.0,1.0,4.0,0.47079551728161795,0.7312782905073176,0.7881840419639274,1.0,nan,nan
48.0,ppo,nan,5.0,1.0,5.0,0.48681036403559946,0.78991339297932,0.8194795724430736,1.0,nan,nan
48.0,ppo,nan,6.0,1.0,6.0,0.4721091181519504,0.862950390056237,0.8335715443190089,1.0,nan,nan
48.0,ppo,nan,7.0,1.0,7.0,0.49292400404997466,0.835548279466874,0.7541579564589324,1.0,nan,nan
48.0,ppo,nan,8.0,1.0,8.0,0.49577333589794853,0.8460549747295549,0.8109571438561337,1.0,nan,nan
48.0,ppo,nan,9.0,2.0,1.0,0.4946992983274617,1.0,1.0,1.0,nan,nan
48.0,ppo,nan,10.0,2.0,2.0,0.5028958103748015,0.8008728760562415,0.8168679985244346,1.0,nan,nan
48.0,ppo,nan,11.0,2.0,3.0,0.5197515735223439,0.8130931340488241,0.9056787491998038,1.0,nan,nan
48.0,ppo,nan,12.0,2.0,4.0,0.5208135438855159,0.8497655492606067,0.8687530217862627,1.0,nan,nan
48.0,ppo,nan,13.0,2.0,5.0,0.5469295780671157,0.8541282754480853,0.864984716550868,1.0,nan,nan
48.0,ppo,nan,14.0,2.0,6.0,0.5453887163823209,0.8425302068554621,0.7860746322267504,1.0,nan,nan
48.0,ppo,nan,15.0,2.0,7.0,0.5428661766540418,0.8984762035823085,0.8807317872339239,1.0,nan,nan
48.0,ppo,nan,16.0,2.0,8.0,0.5389449824899577,0.8716428770790791,0.8777983222899574,1.0,nan,nan
48.0,mse_oracle,nan,0.0,0.0,0.0,0.4381825474072605,1.0,1.0,0.0,nan,nan
48.0,mse_oracle,nan,1.0,1.0,1.0,0.450250440483325,1.0,1.0,0.0,0.06706072794876566,0.06706072794876566
48.0,mse_oracle,nan,2.0,1.0,2.0,0.43902198863743275,0.8121466599337531,0.8009648103126835,0.0,0.06953673293832754,0.07003903762442217
48.0,mse_oracle,nan,3.0,1.0,3.0,0.4433248058896257,0.6634281357298485,0.7013184380883833,1.0,0.08109962960752913,0.08052853517165305
48.0,mse_oracle,nan,4.0,1.0,4.0,0.4773219640050077,0.658171948440321,0.7803892242652366,1.0,0.08024955607886222,0.0792240658185503
48.0,mse_oracle,nan,5.0,1.0,5.0,0.47588398712898666,0.747040906138385,0.782562631668483,0.0,0.06705861665760854,0.07023230350607623
48.0,mse_oracle,nan,6.0,1.0,6.0,0.49212628585621077,0.6802997550320874,0.5772304988232019,1.0,0.07067866776723013,0.07051617344059966
48.0,mse_oracle,nan,7.0,1.0,7.0,0.46017143055661625,0.8063381136958967,0.7029614675053374,0.0,0.0646593545047989,0.06618533832497064
48.0,mse_oracle,nan,8.0,1.0,8.0,0.49938111552621134,0.5669429611455001,0.6863358413020917,1.0,0.07979523209711743,0.07848852219509744
48.0,mse_oracle,nan,9.0,2.0,1.0,0.5097416828968084,1.0,1.0,0.0,0.06793537283034842,0.06793537283034842
48.0,mse_oracle,nan,10.0,2.0,2.0,0.4149826566931396,0.8092422712204362,0.8158711670048115,1.0,0.08823865773939857,0.08496398004414797
48.0,mse_oracle,nan,11.0,2.0,3.0,0.5020547495949967,0.6127034151432174,0.7101925514524873,1.0,0.08292950557310544,0.08156554446435811
48.0,mse_oracle,nan,12.0,2.0,4.0,0.5430409438237416,0.8811578339073349,0.8852332027557597,1.0,0.06914487461001964,0.061694549281447464
48.0,mse_oracle,nan,13.0,2.0,5.0,0.5523978356738547,0.8459656495115084,0.8840117228278531,1.0,0.0824215906964616,0.07784182385774768
48.0,mse_oracle,nan,14.0,2.0,6.0,0.5550740917025118,0.8001492186459673,0.8496580429030296,1.0,0.08867368262878551,0.0857518693976834
48.0,mse_oracle,nan,15.0,2.0,7.0,0.4902950863574297,0.8723398011234965,0.8366376970988545,1.0,0.07409593246714771,0.07204847975124343
48.0,mse_oracle,nan,16.0,2.0,8.0,0.5038821583160291,0.8352055818457135,0.7967574483148313,1.0,0.06450404476550173,0.06021602991945946
49.0,raw,nan,0.0,0.0,0.0,0.4381825474072605,1.0,1.0,0.0,nan,nan
49.0,raw,nan,1.0,1.0,1.0,0.451330077574172,1.0,1.0,0.0,nan,nan
49.0,raw,nan,2.0,1.0,2.0,0.4617969272798867,0.88919808627606,0.9199148775130506,0.0,nan,nan
49.0,raw,nan,3.0,1.0,3.0,0.45853932468870884,0.7891229742340664,0.7849063175842808,0.0,nan,nan
49.0,raw,nan,4.0,1.0,4.0,0.49266726324808213,0.6792841458458589,0.6642940038502096,0.0,nan,nan
49.0,raw,nan,5.0,1.0,5.0,0.4842700522622706,0.8232427679476522,0.8270112027877777,0.0,nan,nan
49.0,raw,nan,6.0,1.0,6.0,0.5127033129322311,0.6688243336357977,0.6232168926440534,0.0,nan,nan
49.0,raw,nan,7.0,1.0,7.0,0.5165173341028613,0.758841514081475,0.7822201066386905,0.0,nan,nan
49.0,raw,nan,8.0,1.0,8.0,0.5184070001324198,0.7218890076024396,0.695015746872398,0.0,nan,nan
49.0,raw,nan,9.0,2.0,1.0,0.536467394767961,1.0,1.0,0.0,nan,nan
49.0,raw,nan,10.0,2.0,2.0,0.5461043108111873,0.8172072292633233,0.7996518606078454,0.0,nan,nan
49.0,raw,nan,11.0,2.0,3.0,0.536165822794562,0.7082387284615684,0.7183138977441411,0.0,nan,nan
49.0,raw,nan,12.0,2.0,4.0,0.5366342914031292,0.5269614877783584,0.55604204590592,0.0,nan,nan
49.0,raw,nan,13.0,2.0,5.0,0.5391108502129766,0.4359948390314089,0.47219552160458544,0.0,nan,nan
49.0,raw,nan,14.0,2.0,6.0,0.4899277712080225,0.49217089219423577,0.5066314838303339,0.0,nan,nan
49.0,raw,nan,15.0,2.0,7.0,0.5043225397224002,0.26756330997674166,0.22420814353190613,0.0,nan,nan
49.0,raw,nan,16.0,2.0,8.0,0.43323099517892727,0.22627353159256272,0.44919690685870145,0.0,nan,nan
49.0,ppo,nan,0.0,0.0,0.0,0.4381825474072605,1.0,1.0,0.0,nan,nan
49.0,ppo,nan,1.0,1.0,1.0,0.451330077574172,1.0,1.0,1.0,nan,nan
49.0,ppo,nan,2.0,1.0,2.0,0.46821781332255413,0.88919808627606,0.9199148775130506,1.0,nan,nan
49.0,ppo,nan,3.0,1.0,3.0,0.45921348424306857,0.8709050125088881,0.8806352486063935,1.0,nan,nan
49.0,ppo,nan,4.0,1.0,4.0,0.4653719845358918,0.8297909244359924,0.8149895550344017,1.0,nan,nan
49.0,ppo,nan,5.0,1.0,5.0,0.47867905882589384,0.8370276394440131,0.8310690466254257,1.0,nan,nan
49.0,ppo,nan,6.0,1.0,6.0,0.49706868131333815,0.8626953623818389,0.8972666670221272,1.0,nan,nan
49.0,ppo,nan,7.0,1.0,7.0,0.5032537654372429,0.8827418213820077,0.8908698187030306,1.0,nan,nan
49.0,ppo,nan,8.0,1.0,8.0,0.49364276723307315,0.8781340371120654,0.870959696144691,1.0,nan,nan
49.0,ppo,nan,9.0,2.0,1.0,0.502947921171499,1.0,1.0,1.0,nan,nan
49.0,ppo,nan,10.0,2.0,2.0,0.4969408989122005,0.8048466481781796,0.7158994357612554,1.0,nan,nan
49.0,ppo,nan,11.0,2.0,3.0,0.521481416563833,0.8087246467064052,0.7680210856410071,1.0,nan,nan
49.0,ppo,nan,12.0,2.0,4.0,0.5001977558147611,0.7546055930469949,0.7644424264915584,1.0,nan,nan
49.0,ppo,nan,13.0,2.0,5.0,0.519984245362644,0.7976914654162736,0.8545492643296084,1.0,nan,nan
49.0,ppo,nan,14.0,2.0,6.0,0.5075980605009762,0.8745640742614768,0.8640917794301668,1.0,nan,nan
49.0,ppo,nan,15.0,2.0,7.0,0.5157064326300272,0.8459312752581588,0.808429739508673,1.0,nan,nan
49.0,ppo,nan,16.0,2.0,8.0,0.527835666924863,0.7508040406609138,0.7801935239084741,1.0,nan,nan
49.0,mse_oracle,nan,0.0,0.0,0.0,0.4381825474072605,1.0,1.0,0.0,nan,nan
49.0,mse_oracle,nan,1.0,1.0,1.0,0.451330077574172,1.0,1.0,0.0,0.06706072794876566,0.06706072794876566
49.0,mse_oracle,nan,2.0,1.0,2.0,0.46821781332255413,0.88919808627606,0.9199148775130506,1.0,0.06789997314839918,0.06681193979608568
49.0,mse_oracle,nan,3.0,1.0,3.0,0.45205573726355397,0.8709050125088881,0.8806352486063935,0.0,0.06311757807679931,0.06767062170707594
49.0,mse_oracle,nan,4.0,1.0,4.0,0.48279908860373777,0.6429514373554452,0.601129274837769,1.0,0.07702290253270984,0.07533213183206326
49.0,mse_oracle,nan,5.0,1.0,5.0,0.488419976796273,0.8614756313605633,0.8612283665752103,1.0,0.06209852254045308,0.061544382283123714
49.0,mse_oracle,nan,6.0,1.0,6.0,0.5058848624904964,0.845715225434756,0.8546395094294166,0.0,0.059388903283887864,0.06031793490301155
49.0,mse_oracle,nan,7.0,1.0,7.0,0.5018777924983181,0.814055139087786,0.8206952416692934,1.0,0.05674862342061395,0.05239877273318277
49.0,mse_oracle,nan,8.0,1.0,8.0,0.5050968758243088,0.7850001395836785,0.6988139886956048,1.0,0.05987184501108399,0.05464673943632466
49.0,mse_oracle,nan,9.0,2.0,1.0,0.5015112305293907,1.0,1.0,0.0,0.06826471363465131,0.06826471363465131
49.0,mse_oracle,nan,10.0,2.0,2.0,0.5009789768213061,0.7817722847974112,0.7325697899501195,1.0,0.10441990056262815,0.0985613226587205
49.0,mse_oracle,nan,11.0,2.0,3.0,0.515102762408067,0.6962971838902853,0.7467487519740855,1.0,0.09412212253415089,0.08619206750404203
49.0,mse_oracle,nan,12.0,2.0,4.0,0.45479421080057675,0.5783257694886673,0.4994719906201038,1.0,0.12985606587091686,0.12465612396424713
49.0,mse_oracle,nan,13.0,2.0,5.0,0.4904931254025574,0.5926913768555016,0.6840362214541089,1.0,0.10485149487398712,0.10196578856738975
49.0,mse_oracle,nan,14.0,2.0,6.0,0.49688273377715725,0.6865382987246281,0.7940703278668508,1.0,0.09594390756831342,0.08984107733562968
49.0,mse_oracle,nan,15.0,2.0,7.0,0.4960473162632154,0.6651313938317792,0.5836271982542648,1.0,0.11321803069150735,0.10381758685891371
49.0,mse_oracle,nan,16.0,2.0,8.0,0.50423322595787,0.5017999553966495,0.6158673816484889,1.0,0.17958603909456342,0.16696999701805934
50.0,raw,nan,0.0,0.0,0.0,0.4381825474072605,1.0,1.0,0.0,nan,nan
50.0,raw,nan,1.0,1.0,1.0,0.43173826404665994,1.0,1.0,0.0,nan,nan
50.0,raw,nan,2.0,1.0,2.0,0.44501288762807084,0.8123545057491153,0.8508744095769586,0.0,nan,nan
50.0,raw,nan,3.0,1.0,3.0,0.4836921944656782,0.7920324222847136,0.823519746888514,0.0,nan,nan
50.0,raw,nan,4.0,1.0,4.0,0.48268196601200825,0.7809816395649654,0.6989417914175848,0.0,nan,nan
50.0,raw,nan,5.0,1.0,5.0,0.5023374972179655,0.7619333056450236,0.7382222367203933,0.0,nan,nan
50.0,raw,nan,6.0,1.0,6.0,0.5089025800010064,0.7745285837949577,0.8160907800898598,0.0,nan,nan
50.0,raw,nan,7.0,1.0,7.0,0.5189100605527862,0.7510659725781066,0.7437039200079781,0.0,nan,nan
50.0,raw,nan,8.0,1.0,8.0,0.5545604994437981,0.7066295462750085,0.6552009152392183,0.0,nan,nan
50.0,raw,nan,9.0,2.0,1.0,0.5643920555446579,1.0,1.0,0.0,nan,nan
50.0,raw,nan,10.0,2.0,2.0,0.5754516934713093,0.8970332592395942,0.8936256989364115,0.0,nan,nan
50.0,raw,nan,11.0,2.0,3.0,0.5649631901841168,0.7829985098125617,0.7270971718816432,0.0,nan,nan
50.0,raw,nan,12.0,2.0,4.0,0.5381248039276838,0.6364269153487201,0.7385081196765153,0.0,nan,nan
50.0,raw,nan,13.0,2.0,5.0,0.49137238283505735,0.37993233844418756,0.6203397345206224,0.0,nan,nan
50.0,raw,nan,14.0,2.0,6.0,0.5386457189821425,0.2421169733322918,0.6101693087708246,0.0,nan,nan
50.0,raw,nan,15.0,2.0,7.0,0.4777111398311005,0.39892200340544204,0.4228399405590223,0.0,nan,nan
50.0,raw,nan,16.0,2.0,8.0,0.5778228394185952,0.3218289232981324,0.4675269043810277,0.0,nan,nan
50.0,ppo,nan,0.0,0.0,0.0,0.4381825474072605,1.0,1.0,0.0,nan,nan
50.0,ppo,nan,1.0,1.0,1.0,0.43173826404665994,1.0,1.0,1.0,nan,nan
50.0,ppo,nan,2.0,1.0,2.0,0.46085076185876933,0.8123545057491153,0.8508744095769586,1.0,nan,nan
50.0,ppo,nan,3.0,1.0,3.0,0.4818607002363944,0.8922425772461386,0.9113435403356527,1.0,nan,nan
50.0,ppo,nan,4.0,1.0,4.0,0.4815882826649812,0.8459614436988885,0.7738841950867804,1.0,nan,nan
50.0,ppo,nan,5.0,1.0,5.0,0.49336315833476724,0.8851873744162035,0.8860063648791635,1.0,nan,nan
50.0,ppo,nan,6.0,1.0,6.0,0.5103809020047478,0.8568224050287009,0.8548183675246115,1.0,nan,nan
50.0,ppo,nan,7.0,1.0,7.0,0.5047496319392284,0.9457845958355471,0.9441611554248509,1.0,nan,nan
50.0,ppo,nan,8.0,1.0,8.0,0.520726086470102,0.886295297748963,0.8854449181972451,1.0,nan,nan
50.0,ppo,nan,9.0,2.0,1.0,0.5369193209492227,1.0,1.0,1.0,nan,nan
50.0,ppo,nan,10.0,2.0,2.0,0.5382584091628914,0.8491067062687212,0.849863849577128,1.0,nan,nan
50.0,ppo,nan,11.0,2.0,3.0,0.5502769038301848,0.8798646005303934,0.8738743985884654,1.0,nan,nan
50.0,ppo,nan,12.0,2.0,4.0,0.5548816192717759,0.8546890061005494,0.9063998413767417,1.0,nan,nan
50.0,ppo,nan,13.0,2.0,5.0,0.556835593275581,0.8520610948696571,0.8806776687577603,1.0,nan,nan
50.0,ppo,nan,14.0,2.0,6.0,0.5634940814713517,0.8240784809356386,0.829411783115356,1.0,nan,nan
50.0,ppo,nan,15.0,2.0,7.0,0.5674846054125082,0.923958949834423,0.9149778360153007,1.0,nan,nan
50.0,ppo,nan,16.0,2.0,8.0,0.5609914719085722,0.8388393004483565,0.9110267226738779,1.0,nan,nan
50.0,mse_oracle,nan,0.0,0.0,0.0,0.4381825474072605,1.0,1.0,0.0,nan,nan
50.0,mse_oracle,nan,1.0,1.0,1.0,0.43173826404665994,1.0,1.0,0.0,0.06706072794876566,0.06706072794876566
50.0,mse_oracle,nan,2.0,1.0,2.0,0.46085076185876933,0.8123545057491153,0.8508744095769586,1.0,0.07596272112944363,0.07291350473150286
50.0,mse_oracle,nan,3.0,1.0,3.0,0.48544382638650135,0.8922425772461386,0.9113435403356527,0.0,0.06680987235747518,0.06867773151359155
50.0,mse_oracle,nan,4.0,1.0,4.0,0.4872114920688897,0.8198625434397773,0.736483408198885,0.0,0.061511238052682236,0.0647160893959691
50.0,mse_oracle,nan,5.0,1.0,5.0,0.5022103648559475,0.8191077579905609,0.8086243899597022,1.0,0.06487945263897268,0.05862542623236699
50.0,mse_oracle,nan,6.0,1.0,6.0,0.5062805230595092,0.809392771108006,0.8233287169120013,0.0,0.06261545571782948,0.06415825872329517
50.0,mse_oracle,nan,7.0,1.0,7.0,0.5306438064676144,0.781879202642688,0.7958025940342015,1.0,0.06401892855471904,0.061951864802811944
50.0,mse_oracle,nan,8.0,1.0,8.0,0.5385576328328274,0.8491709600212828,0.832352873709426,1.0,0.054100647320689824,0.04951435065256166
50.0,mse_oracle,nan,9.0,2.0,1.0,0.5546839565144308,1.0,1.0,0.0,0.07191263754882213,0.07191263754882213
50.0,mse_oracle,nan,10.0,2.0,2.0,0.5620991219872233,0.8470001884508016,0.8471220805923209,0.0,0.08233024111809814,0.08487051807510138
50.0,mse_oracle,nan,11.0,2.0,3.0,0.5595141548171729,0.8057068148133628,0.7967096249986523,1.0,0.08071285532526104,0.07687030106886644
50.0,mse_oracle,nan,12.0,2.0,4.0,0.5738154637082822,0.7220153570312464,0.801246708876235,1.0,0.10340605371303202,0.10093537976688864
50.0,mse_oracle,nan,13.0,2.0,5.0,0.5633237088915195,0.819838022565561,0.8598610830265918,1.0,0.08565562710436328,0.08027203915916643
50.0,mse_oracle,nan,14.0,2.0,6.0,0.5837927267743854,0.7263189435013748,0.7355015144400793,1.0,0.09708079245449124,0.09559492053001749
50.0,mse_oracle,nan,15.0,2.0,7.0,0.5406958550358455,0.8503063684685043,0.8957740862924392,1.0,0.07471879798557832,0.07186640917556789
50.0,mse_oracle,nan,16.0,2.0,8.0,0.5835520659591917,0.7798032729824498,0.8077651663784139,1.0,0.0711262135188229,0.06636461400566163
51.0,raw,nan,0.0,0.0,0.0,0.4381825474072605,1.0,1.0,0.0,nan,nan
51.0,raw,nan,1.0,1.0,1.0,0.4416707573689441,1.0,1.0,0.0,nan,nan
51.0,raw,nan,2.0,1.0,2.0,0.43442563917642957,0.8093998596187121,0.8896893602727586,0.0,nan,nan
51.0,raw,nan,3.0,1.0,3.0,0.46098415109146657,0.6806082896920427,0.6786198139803621,0.0,nan,nan
51.0,raw,nan,4.0,1.0,4.0,0.4639366017513607,0.7647637165793822,0.7553085027642178,0.0,nan,nan
51.0,raw,nan,5.0,1.0,5.0,0.469276614468031,0.637031039166164,0.6452808136701194,0.0,nan,nan
51.0,raw,nan,6.0,1.0,6.0,0.4675588837441239,0.5729950417659719,0.5133928300054076,0.0,nan,nan
51.0,raw,nan,7.0,1.0,7.0,0.4938083244687585,0.5210166776393454,0.49230002831237374,0.0,nan,nan
51.0,raw,nan,8.0,1.0,8.0,0.5236746432283773,0.5866588296514468,0.6125793666238578,0.0,nan,nan
51.0,raw,nan,9.0,2.0,1.0,0.533601350979477,1.0,1.0,0.0,nan,nan
51.0,raw,nan,10.0,2.0,2.0,0.4929651046743722,0.8520002672916378,0.8603511061776978,0.0,nan,nan
51.0,raw,nan,11.0,2.0,3.0,0.4990304597708045,0.5290684704123024,0.3674795609897453,0.0,nan,nan
51.0,raw,nan,12.0,2.0,4.0,0.5200971509010582,0.6973644096914486,0.8193928315509116,0.0,nan,nan
51.0,raw,nan,13.0,2.0,5.0,0.5531207161297534,0.6372930883410699,0.6939009655955565,0.0,nan,nan
51.0,raw,nan,14.0,2.0,6.0,0.5503157724665035,0.4773821609277145,0.7687600331369838,0.0,nan,nan
51.0,raw,nan,15.0,2.0,7.0,0.5320498521223939,0.46236599644352805,0.5243561276021407,0.0,nan,nan
51.0,raw,nan,16.0,2.0,8.0,0.5273461545003182,0.3111588033877794,0.6058549953452926,0.0,nan,nan
51.0,ppo,nan,0.0,0.0,0.0,0.4381825474072605,1.0,1.0,0.0,nan,nan
51.0,ppo,nan,1.0,1.0,1.0,0.4416707573689441,1.0,1.0,1.0,nan,nan
51.0,ppo,nan,2.0,1.0,2.0,0.42454198484699385,0.8093998596187121,0.8896893602727586,1.0,nan,nan
51.0,ppo,nan,3.0,1.0,3.0,0.4704004426148217,0.5950404118099483,0.6623819015541171,1.0,nan,nan
51.0,ppo,nan,4.0,1.0,4.0,0.4683168517047522,0.8615255368684998,0.8806335729426735,1.0,nan,nan
51.0,ppo,nan,5.0,1.0,5.0,0.4735223192814517,0.7856952574799081,0.8256187062529223,1.0,nan,nan
51.0,ppo,nan,6.0,1.0,6.0,0.47596531867045483,0.6972102779896145,0.6708538267606431,1.0,nan,nan
51.0,ppo,nan,7.0,1.0,7.0,0.4934248983659169,0.7483724751463484,0.7264951798343586,1.0,nan,nan
51.0,ppo,nan,8.0,1.0,8.0,0.506999188872058,0.7991781150395189,0.741324704593497,1.0,nan,nan
51.0,ppo,nan,9.0,2.0,1.0,0.4904407428492791,1.0,1.0,1.0,nan,nan
51.0,ppo,nan,10.0,2.0,2.0,0.5064284817768072,0.7345855665497263,0.794499964473237,1.0,nan,nan
51.0,ppo,nan,11.0,2.0,3.0,0.5216414806235214,0.9056744019296763,0.8788023252992653,1.0,nan,nan
51.0,ppo,nan,12.0,2.0,4.0,0.5301586348839448,0.8502656406817264,0.8725333375071787,1.0,nan,nan
51.0,ppo,nan,13.0,2.0,5.0,0.5627198212498361,0.8726393516135291,0.8638154809374509,1.0,nan,nan
51.0,ppo,nan,14.0,2.0,6.0,0.5509164533065718,0.8979746673937794,0.9279608895669188,1.0,nan,nan
51.0,ppo,nan,15.0,2.0,7.0,0.5538797275275604,0.8561246739461522,0.7995328566528402,1.0,nan,nan
51.0,ppo,nan,16.0,2.0,8.0,0.543831022404578,0.851944499379901,0.8903497932542966,1.0,nan,nan
51.0,mse_oracle,nan,0.0,0.0,0.0,0.4381825474072605,1.0,1.0,0.0,nan,nan
51.0,mse_oracle,nan,1.0,1.0,1.0,0.4416707573689441,1.0,1.0,0.0,0.06706072794876566,0.06706072794876566
51.0,mse_oracle,nan,2.0,1.0,2.0,0.43442563917642957,0.8093998596187121,0.8896893602727586,0.0,0.07381585381412487,0.07402347515350684
51.0,mse_oracle,nan,3.0,1.0,3.0,0.47004842215522047,0.6806082896920427,0.6786198139803621,1.0,0.08421179336016502,0.08254392503658696
51.0,mse_oracle,nan,4.0,1.0,4.0,0.4819697279879364,0.8413265280770773,0.83405069859774,1.0,0.06597077039279925,0.06388781997115617
51.0,mse_oracle,nan,5.0,1.0,5.0,0.4883420153902905,0.835012324949172,0.8829104276509895,1.0,0.0636184602393151,0.06104548384584483
51.0,mse_oracle,nan,6.0,1.0,6.0,0.4832107916499145,0.7864027777653835,0.7672881729834707,1.0,0.06069691434786486,0.059211678161590654
51.0,mse_oracle,nan,7.0,1.0,7.0,0.5121276618217172,0.8186299464387552,0.7927555254040127,0.0,0.06424361203793146,0.06763630469837228
51.0,mse_oracle,nan,8.0,1.0,8.0,0.5289649775868278,0.8307368127205099,0.8416109704345194,0.0,0.05747416930114484,0.059595242506660054
51.0,mse_oracle,nan,9.0,2.0,1.0,0.5250072494556082,1.0,1.0,0.0,0.0714241550069207,0.0714241550069207
51.0,mse_oracle,nan,10.0,2.0,2.0,0.5430006377362774,0.8598646205530387,0.8947700279357222,1.0,0.0864787176579102,0.08491329328307633
51.0,mse_oracle,nan,11.0,2.0,3.0,0.5319575761044463,0.8871580708379895,0.8786678163408016,0.0,0.07852225946548794,0.0787310188474435
51.0,mse_oracle,nan,12.0,2.0,4.0,0.542309263585384,0.6180984731733884,0.801903238620361,1.0,0.11640668212112373,0.11131039199359266
51.0,mse_oracle,nan,13.0,2.0,5.0,0.5562194680021527,0.6904463162651296,0.8254319560445534,1.0,0.10476307382540673,0.10063544030578384
51.0,mse_oracle,nan,14.0,2.0,6.0,0.5652832507159956,0.7434642575127053,0.6893053796133523,1.0,0.09470076069830577,0.09098102964697903
51.0,mse_oracle,nan,15.0,2.0,7.0,0.5667226235858581,0.833094226155978,0.8701599414817471,1.0,0.07977353236162947,0.07909783278136205
51.0,mse_oracle,nan,16.0,2.0,8.0,0.5696502922379729,0.8557956639004635,0.8296198997597645,1.0,0.06835500094892222,0.06343509623347446
52.0,raw,nan,0.0,0.0,0.0,0.4381825474072605,1.0,1.0,0.0,nan,nan
52.0,raw,nan,1.0,1.0,1.0,0.4336637670005257,1.0,1.0,0.0,nan,nan
52.0,raw,nan,2.0,1.0,2.0,0.44969627278711494,0.8399688977000328,0.852402513295818,0.0,nan,nan
52.0,raw,nan,3.0,1.0,3.0,0.4179962805389289,0.8557772743395082,0.9157797601163825,0.0,nan,nan
52.0,raw,nan,4.0,1.0,4.0,0.45804389427487496,0.5490319018711542,0.6082310484059713,0.0,nan,nan
52.0,raw,nan,5.0,1.0,5.0,0.46336613424019474,0.7209894565869897,0.7214325615159928,0.0,nan,nan
52.0,raw,nan,6.0,1.0,6.0,0.4773188773962833,0.6912448987917483,0.6968651835972728,0.0,nan,nan
52.0,raw,nan,7.0,1.0,7.0,0.49242188856013897,0.6591521081884767,0.5984429136725584,0.0,nan,nan
52.0,raw,nan,8.0,1.0,8.0,0.516604188259141,0.6597806485737493,0.7374141996219844,0.0,nan,nan
52.0,raw,nan,9.0,2.0,1.0,0.5286535406303136,1.0,1.0,0.0,nan,nan
52.0,raw,nan,10.0,2.0,2.0,0.5039605993916151,0.7169383438895801,0.7208298605462372,0.0,nan,nan
52.0,raw,nan,11.0,2.0,3.0,0.5191508618114064,0.49404962322569324,0.4443639004136083,0.0,nan,nan
52.0,raw,nan,12.0,2.0,4.0,0.5420142419768186,0.516792808048379,0.5212493356350658,0.0,nan,nan
52.0,raw,nan,13.0,2.0,5.0,0.554716292726039,0.7018317161692947,0.602485510822384,0.0,nan,nan
52.0,raw,nan,14.0,2.0,6.0,0.5740655273484025,0.6204940971149284,0.6923854168789788,0.0,nan,nan
52.0,raw,nan,15.0,2.0,7.0,0.5668043135563632,0.5087179125199023,0.591033187629299,0.0,nan,nan
52.0,raw,nan,16.0,2.0,8.0,0.5344940437072498,0.4697960048233641,0.3453204676021201,0.0,nan,nan
52.0,ppo,nan,0.0,0.0,0.0,0.4381825474072605,1.0,1.0,0.0,nan,nan
52.0,ppo,nan,1.0,1.0,1.0,0.4336637670005257,1.0,1.0,1.0,nan,nan
52.0,ppo,nan,2.0,1.0,2.0,0.44601161045160714,0.8399688977000328,0.852402513295818,1.0,nan,nan
52.0,ppo,nan,3.0,1.0,3.0,0.4098220992251839,0.8377760122927165,0.878187293296637,1.0,nan,nan
52.0,ppo,nan,4.0,1.0,4.0,0.4552235310268666,0.5496571357976338,0.6230801508527212,1.0,nan,nan
52.0,ppo,nan,5.0,1.0,5.0,0.4904483059258814,0.770647296320442,0.7204540028287759,1.0,nan,nan
52.0,ppo,nan,6.0,1.0,6.0,0.49861109441770063,0.8679118996836827,0.8602980441933465,1.0,nan,nan
52.0,ppo,nan,7.0,1.0,7.0,0.5046731683074288,0.9019271105540829,0.8728282030106745,1.0,nan,nan
52.0,ppo,nan,8.0,1.0,8.0,0.5142356307554411,0.9180521323479559,0.9224994970134879,1.0,nan,nan
52.0,ppo,nan,9.0,2.0,1.0,0.48914988233653445,1.0,1.0,1.0,nan,nan
52.0,ppo,nan,10.0,2.0,2.0,0.5200792405352693,0.7843319077008329,0.8637601933941423,1.0,nan,nan
52.0,ppo,nan,11.0,2.0,3.0,0.4917798121965505,0.8733375752656624,0.9087710356427817,1.0,nan,nan
52.0,ppo,nan,12.0,2.0,4.0,0.5122164335543692,0.6702102925828084,0.7405660128833416,1.0,nan,nan
52.0,ppo,nan,13.0,2.0,5.0,0.5182520273744139,0.7360337462562053,0.5789398441781789,1.0,nan,nan
52.0,ppo,nan,14.0,2.0,6.0,0.5605195646217579,0.8081416795109129,0.7930859895439629,1.0,nan,nan
52.0,ppo,nan,15.0,2.0,7.0,0.5422909570137179,0.861099959847107,0.8441022750943452,1.0,nan,nan
52.0,ppo,nan,16.0,2.0,8.0,0.5732251738204228,0.7600512134801094,0.7583439876909589,1.0,nan,nan
52.0,mse_oracle,nan,0.0,0.0,0.0,0.4381825474072605,1.0,1.0,0.0,nan,nan
52.0,mse_oracle,nan,1.0,1.0,1.0,0.4336637670005257,1.0,1.0,0.0,0.06706072794876566,0.06706072794876566
52.0,mse_oracle,nan,2.0,1.0,2.0,0.44969627278711494,0.8399688977000328,0.852402513295818,0.0,0.07185773464325493,0.07593418402126473
52.0,mse_oracle,nan,3.0,1.0,3.0,0.4179962805389289,0.8557772743395082,0.9157797601163825,0.0,0.07201850400908713,0.07241747428834401
52.0,mse_oracle,nan,4.0,1.0,4.0,0.45859736074824886,0.5490319018711542,0.6082310484059713,1.0,0.0897382023632344,0.08896961179855153
52.0,mse_oracle,nan,5.0,1.0,5.0,0.49415598804982946,0.7576797115185581,0.7442395014082102,1.0,0.07299388418846725,0.07262655818271291
52.0,mse_oracle,nan,6.0,1.0,6.0,0.4957140648846174,0.878443856100511,0.8846121536906826,0.0,0.05889601054651909,0.06111153152873619
52.0,mse_oracle,nan,7.0,1.0,7.0,0.5170460454544312,0.7633162840002535,0.738205201523075,1.0,0.06345061201475723,0.058525692724023304
52.0,mse_oracle,nan,8.0,1.0,8.0,0.5150038263282413,0.8130796781585352,0.8408846395206906,1.0,0.05648306069926791,0.046307302610429785
52.0,mse_oracle,nan,9.0,2.0,1.0,0.500543725107159,1.0,1.0,0.0,0.06749054372391831,0.06749054372391831
52.0,mse_oracle,nan,10.0,2.0,2.0,0.48973896687547075,0.7052980593012115,0.7797499030692397,0.0,0.11778248516708929,0.11819697519401692
52.0,mse_oracle,nan,11.0,2.0,3.0,0.5037753930019297,0.5608951117303829,0.4672995670965593,1.0,0.1433445271120092,0.14072940737557044
52.0,mse_oracle,nan,12.0,2.0,4.0,0.5050861577929583,0.6957287597162434,0.6274045043632703,1.0,0.10887203121959044,0.10479103558910909
52.0,mse_oracle,nan,13.0,2.0,5.0,0.5473542959529613,0.7975788896772418,0.7881388297198217,1.0,0.08242611529394227,0.07880317868835768
52.0,mse_oracle,nan,14.0,2.0,6.0,0.56217632202576,0.8848568695658265,0.8440196313325774,1.0,0.07184586891341418,0.06573166947945444
52.0,mse_oracle,nan,15.0,2.0,7.0,0.561455268764578,0.8726696049632958,0.8913194443147496,1.0,0.06869249939325607,0.06727161989170324
52.0,mse_oracle,nan,16.0,2.0,8.0,0.5671011629896044,0.8750574667034117,0.8595697912888371,1.0,0.06953790735362811,0.06299304524239721
53.0,raw,nan,0.0,0.0,0.0,0.4381825474072605,1.0,1.0,0.0,nan,nan
53.0,raw,nan,1.0,1.0,1.0,0.43449514016594104,1.0,1.0,0.0,nan,nan
53.0,raw,nan,2.0,1.0,2.0,0.42250364613805397,0.8735253144126985,0.8617216967792534,0.0,nan,nan
53.0,raw,nan,3.0,1.0,3.0,0.47050770869058706,0.5926651120415668,0.652084048244074,0.0,nan,nan
53.0,raw,nan,4.0,1.0,4.0,0.4839808015152673,0.8347493288372254,0.8498481338925182,0.0,nan,nan
53.0,raw,nan,5.0,1.0,5.0,0.4994787330876255,0.7716997495730181,0.8047832091560198,0.0,nan,nan
53.0,raw,nan,6.0,1.0,6.0,0.4707126007085059,0.7940713572560981,0.7590524671238927,0.0,nan,nan
53.0,raw,nan,7.0,1.0,7.0,0.5124521651693656,0.6071659335051817,0.6131768790415473,0.0,nan,nan
53.0,raw,nan,8.0,1.0,8.0,0.5310160869122863,0.6717379489899112,0.6380082083360599,0.0,nan,nan
53.0,raw,nan,9.0,2.0,1.0,0.5462626023047001,1.0,1.0,0.0,nan,nan
53.0,raw,nan,10.0,2.0,2.0,0.5277958282687837,0.7019609776658997,0.7723930768128943,0.0,nan,nan
53.0,raw,nan,11.0,2.0,3.0,0.5170370471814343,0.6049374145588331,0.6566497769418316,0.0,nan,nan
53.0,raw,nan,12.0,2.0,4.0,0.5678829048935713,0.367716782971574,0.38862918028460886,0.0,nan,nan
53.0,raw,nan,13.0,2.0,5.0,0.5640505075070092,0.605414814790816,0.5597863960294993,0.0,nan,nan
53.0,raw,nan,14.0,2.0,6.0,0.5538213587445302,0.49411920203933135,0.695676596912435,0.0,nan,nan
53.0,raw,nan,15.0,2.0,7.0,0.5515670917869419,0.38219191825450094,0.3421934454259767,0.0,nan,nan
53.0,raw,nan,16.0,2.0,8.0,0.5735528947322304,0.34731739863032074,0.3058474559630976,0.0,nan,nan
53.0,ppo,nan,0.0,0.0,0.0,0.4381825474072605,1.0,1.0,0.0,nan,nan
53.0,ppo,nan,1.0,1.0,1.0,0.43449514016594104,1.0,1.0,1.0,nan,nan
53.0,ppo,nan,2.0,1.0,2.0,0.4518619330806845,0.8735253144126985,0.8617216967792534,1.0,nan,nan
53.0,ppo,nan,3.0,1.0,3.0,0.4540499430817639,0.8714947353679564,0.8860070400402661,1.0,nan,nan
53.0,ppo,nan,4.0,1.0,4.0,0.4631973465760866,0.8317094029306608,0.8317498072698508,1.0,nan,nan
53.0,ppo,nan,5.0,1.0,5.0,0.4743251880430565,0.7620084375139504,0.7485998868641159,1.0,nan,nan
53.0,ppo,nan,6.0,1.0,6.0,0.4685290857891059,0.8000781376334645,0.7970283419495436,1.0,nan,nan
53.0,ppo,nan,7.0,1.0,7.0,0.5080497462849122,0.7351640300759695,0.6903169212360059,1.0,nan,nan
53.0,ppo,nan,8.0,1.0,8.0,0.5093160222904116,0.8333883639303683,0.8123309589531372,1.0,nan,nan
53.0,ppo,nan,9.0,2.0,1.0,0.48552840630440103,1.0,1.0,1.0,nan,nan
53.0,ppo,nan,10.0,2.0,2.0,0.4971565899734046,0.6444317737281312,0.6560004333137611,1.0,nan,nan
53.0,ppo,nan,11.0,2.0,3.0,0.5400686179492579,0.7261071185011723,0.7620793373162906,1.0,nan,nan
53.0,ppo,nan,12.0,2.0,4.0,0.534396261422899,0.8248352908301677,0.7832672540756997,1.0,nan,nan
53.0,ppo,nan,13.0,2.0,5.0,0.5515381397478828,0.8419901375222596,0.831479030741009,1.0,nan,nan
53.0,ppo,nan,14.0,2.0,6.0,0.571697648188669,0.9152393477367321,0.9457478030776625,1.0,nan,nan
53.0,ppo,nan,15.0,2.0,7.0,0.5670376489465132,0.8495638431602008,0.8761868250698629,1.0,nan,nan
53.0,ppo,nan,16.0,2.0,8.0,0.542520993494523,0.8956114448707306,0.8952753941784175,1.0,nan,nan
53.0,mse_oracle,nan,0.0,0.0,0.0,0.4381825474072605,1.0,1.0,0.0,nan,nan
53.0,mse_oracle,nan,1.0,1.0,1.0,0.43449514016594104,1.0,1.0,0.0,0.06706072794876566,0.06706072794876566
53.0,mse_oracle,nan,2.0,1.0,2.0,0.42250364613805397,0.8735253144126985,0.8617216967792534,0.0,0.07538887139996586,0.07544069909145217
53.0,mse_oracle,nan,3.0,1.0,3.0,0.47050770869058706,0.5926651120415668,0.652084048244074,0.0,0.08347975812238854,0.08747451333217808
53.0,mse_oracle,nan,4.0,1.0,4.0,0.4949645476753859,0.8347493288372254,0.8498481338925182,1.0,0.0669332542275185,0.0621693541927495
53.0,mse_oracle,nan,5.0,1.0,5.0,0.5015737940753906,0.8562509363590269,0.8788102297256233,0.0,0.06184415162543634,0.06334388722877574
53.0,mse_oracle,nan,6.0,1.0,6.0,0.48826194036210746,0.8160122213800044,0.7724518878681522,1.0,0.062054173840298724,0.05833103769732421
53.0,mse_oracle,nan,7.0,1.0,7.0,0.5157973231553588,0.7706028013917587,0.7394855134449656,1.0,0.0661736700528895,0.06589649147886278
53.0,mse_oracle,nan,8.0,1.0,8.0,0.5279238444911669,0.8069277595216895,0.7795289337188055,1.0,0.05671109946312225,0.05297109912332472
53.0,mse_oracle,nan,9.0,2.0,1.0,0.48714315739288777,1.0,1.0,0.0,0.06938627339208607,0.06938627339208607
53.0,mse_oracle,nan,10.0,2.0,2.0,0.5343321113830306,0.6469307879672732,0.5262320007308261,1.0,0.1295013250497987,0.12611477778413474
53.0,mse_oracle,nan,11.0,2.0,3.0,0.49624439441335516,0.813022676242385,0.6780831467954821,1.0,0.09016869917718168,0.08670244711301602
53.0,mse_oracle,nan,12.0,2.0,4.0,0.5371809548260389,0.7668032676075504,0.7869819942909642,1.0,0.07936058794791613,0.0770765999872792
53.0,mse_oracle,nan,13.0,2.0,5.0,0.5639482020090852,0.9114603519929239,0.89394071956827,1.0,0.05971179477901225,0.054709998189072816
53.0,mse_oracle,nan,14.0,2.0,6.0,0.5445744727780535,0.7920743800831082,0.7023260048649729,1.0,0.08741977121934577,0.08260009998361345
53.0,mse_oracle,nan,15.0,2.0,7.0,0.5935925340812246,0.8105274466015102,0.7328484432246807,1.0,0.06956637175693126,0.06541322699564137
53.0,mse_oracle,nan,16.0,2.0,8.0,0.6001459029715859,0.9000368514892426,0.9102295565479008,1.0,0.05537340090566045,0.05195716593633354
54.0,raw,nan,0.0,0.0,0.0,0.4381825474072605,1.0,1.0,0.0,nan,nan
54.0,raw,nan,1.0,1.0,1.0,0.4433001128996687,1.0,1.0,0.0,nan,nan
54.0,raw,nan,2.0,1.0,2.0,0.46147476625764605,0.8651363413190889,0.8536767372409437,0.0,nan,nan
54.0,raw,nan,3.0,1.0,3.0,0.48065040499398975,0.7783772522470749,0.7121372510935883,0.0,nan,nan
54.0,raw,nan,4.0,1.0,4.0,0.4788989529401726,0.8643262776460157,0.8837712352077578,0.0,nan,nan
54.0,raw,nan,5.0,1.0,5.0,0.47860324070722315,0.7350101500362575,0.8315624338397974,0.0,nan,nan
54.0,raw,nan,6.0,1.0,6.0,0.4962306110884665,0.6229236658277241,0.6033586376248858,0.0,nan,nan
54.0,raw,nan,7.0,1.0,7.0,0.428900491406128,0.6817763115936405,0.7662650692942184,0.0,nan,nan
54.0,raw,nan,8.0,1.0,8.0,0.4783157125863114,0.3518171672043694,0.49372328437922147,0.0,nan,nan
54.0,raw,nan,9.0,2.0,1.0,0.5430876347995236,1.0,1.0,0.0,nan,nan
54.0,raw,nan,10.0,2.0,2.0,0.5296857007664687,0.6258017548943987,0.5709600662208912,0.0,nan,nan
54.0,raw,nan,11.0,2.0,3.0,0.4979800264144458,0.39015809357446496,0.5867240518025906,0.0,nan,nan
54.0,raw,nan,12.0,2.0,4.0,0.48657043300681646,0.16765753293193075,0.4624646844337614,0.0,nan,nan
54.0,raw,nan,13.0,2.0,5.0,0.5001756055577594,0.21099664802913223,0.4738379468726169,0.0,nan,nan
54.0,raw,nan,14.0,2.0,6.0,0.5102183258516519,0.18516060310163995,0.48493477988469874,0.0,nan,nan
54.0,raw,nan,15.0,2.0,7.0,0.5226354040915132,0.17705444377202076,0.369827672474166,0.0,nan,nan
54.0,raw,nan,16.0,2.0,8.0,0.48733907392275916,0.17008425629048332,0.3131272308880669,0.0,nan,nan
54.0,ppo,nan,0.0,0.0,0.0,0.4381825474072605,1.0,1.0,0.0,nan,nan
54.0,ppo,nan,1.0,1.0,1.0,0.4433001128996687,1.0,1.0,1.0,nan,nan
54.0,ppo,nan,2.0,1.0,2.0,0.46404993401191946,0.8651363413190889,0.8536767372409437,1.0,nan,nan
54.0,ppo,nan,3.0,1.0,3.0,0.4563233361420391,0.8891314114724024,0.855864171538054,1.0,nan,nan
54.0,ppo,nan,4.0,1.0,4.0,0.47048071731431823,0.8974242040094434,0.9154213452749301,1.0,nan,nan
54.0,ppo,nan,5.0,1.0,5.0,0.49162821729334816,0.8392588157616714,0.8792747900607063,1.0,nan,nan
54.0,ppo,nan,6.0,1.0,6.0,0.4899724467100988,0.8961053929543695,0.8824869710758041,1.0,nan,nan
54.0,ppo,nan,7.0,1.0,7.0,0.5017249084008709,0.9213209156307501,0.9308899664763501,1.0,nan,nan
54.0,ppo,nan,8.0,1.0,8.0,0.5132896028746828,0.8507702358102617,0.8774544349369399,1.0,nan,nan
54.0,ppo,nan,9.0,2.0,1.0,0.5043725415497776,1.0,1.0,1.0,nan,nan
54.0,ppo,nan,10.0,2.0,2.0,0.5224282493239901,0.8362896904529717,0.7693998931360814,1.0,nan,nan
54.0,ppo,nan,11.0,2.0,3.0,0.5260264231085291,0.7807923416180214,0.9016986764366941,1.0,nan,nan
54.0,ppo,nan,12.0,2.0,4.0,0.5363342402787352,0.7802936912673291,0.8641784504154998,1.0,nan,nan
54.0,ppo,nan,13.0,2.0,5.0,0.5109919818959807,0.8057321946782368,0.862765668311886,1.0,nan,nan
54.0,ppo,nan,14.0,2.0,6.0,0.53953765991284,0.5843137511127217,0.5904028673365309,1.0,nan,nan
54.0,ppo,nan,15.0,2.0,7.0,0.558251470492713,0.6880654154085707,0.7843424848427215,1.0,nan,nan
54.0,ppo,nan,16.0,2.0,8.0,0.5537303861453184,0.7761351891084531,0.8411330673780654,1.0,nan,nan
54.0,mse_oracle,nan,0.0,0.0,0.0,0.4381825474072605,1.0,1.0,0.0,nan,nan
54.0,mse_oracle,nan,1.0,1.0,1.0,0.4433001128996687,1.0,1.0,0.0,0.06706072794876566,0.06706072794876566
54.0,mse_oracle,nan,2.0,1.0,2.0,0.46147476625764605,0.8651363413190889,0.8536767372409437,0.0,0.07201328510331122,0.07700638522379057
54.0,mse_oracle,nan,3.0,1.0,3.0,0.48065040499398975,0.7783772522470749,0.7121372510935883,0.0,0.06931643512610586,0.07284296355120576
54.0,mse_oracle,nan,4.0,1.0,4.0,0.4788989529401726,0.8643262776460157,0.8837712352077578,0.0,0.06309685337782962,0.06667924723236662
54.0,mse_oracle,nan,5.0,1.0,5.0,0.49901921486902,0.7350101500362575,0.8315624338397974,1.0,0.06784770914114062,0.06737249577852815
54.0,mse_oracle,nan,6.0,1.0,6.0,0.5083543727318284,0.8051522628759905,0.7470086709231203,0.0,0.06055790337336758,0.061040501178890275
54.0,mse_oracle,nan,7.0,1.0,7.0,0.5004263301370321,0.7970495547768283,0.8256165738884846,1.0,0.05932261321667272,0.05811504112440954
54.0,mse_oracle,nan,8.0,1.0,8.0,0.5273523638709976,0.747432537365628,0.8043637812802914,1.0,0.06416508157236114,0.06382465092290793
54.0,mse_oracle,nan,9.0,2.0,1.0,0.5304709665205156,1.0,1.0,0.0,0.07166418171873859,0.07166418171873859
54.0,mse_oracle,nan,10.0,2.0,2.0,0.5384706650498493,0.8945093616103633,0.8641577268410213,0.0,0.08367166305885819,0.08383479597901575
54.0,mse_oracle,nan,11.0,2.0,3.0,0.5557640802403992,0.747253553509073,0.789284099388234,1.0,0.09867033590003599,0.09478114410707114
54.0,mse_oracle,nan,12.0,2.0,4.0,0.5733719910597544,0.772915622017755,0.8520100139654498,1.0,0.09717436064807597,0.09490892891637151
54.0,mse_oracle,nan,13.0,2.0,5.0,0.5763974060537849,0.8214619588051773,0.8804021953338194,1.0,0.07322764314813505,0.07183663094554099
54.0,mse_oracle,nan,14.0,2.0,6.0,0.5882580376198103,0.8856021291860259,0.8897828010548616,1.0,0.06302965984906368,0.06038718799954068
54.0,mse_oracle,nan,15.0,2.0,7.0,0.5700063985719509,0.9046660432821997,0.8988360886906626,1.0,0.06487017871357943,0.06402137136738513
54.0,mse_oracle,nan,16.0,2.0,8.0,0.5470872291209368,0.8530279865772656,0.8761332158344748,1.0,0.06637627849293572,0.06359425972371485
55.0,raw,nan,0.0,0.0,0.0,0.4381825474072605,1.0,1.0,0.0,nan,nan
55.0,raw,nan,1.0,1.0,1.0,0.42801877590001397,1.0,1.0,0.0,nan,nan
55.0,raw,nan,2.0,1.0,2.0,0.4327269134584389,0.8678370636798161,0.843984682679672,0.0,nan,nan
55.0,raw,nan,3.0,1.0,3.0,0.4600530841703562,0.7572906867626743,0.8514113227063635,0.0,nan,nan
55.0,raw,nan,4.0,1.0,4.0,0.47251835359435895,0.8156667324595732,0.7818741572713309,0.0,nan,nan
55.0,raw,nan,5.0,1.0,5.0,0.48784392678018096,0.7400972876567997,0.7423468873152458,0.0,nan,nan
55.0,raw,nan,6.0,1.0,6.0,0.47820839831999423,0.755522182136942,0.722868653405255,0.0,nan,nan
55.0,raw,nan,7.0,1.0,7.0,0.5227658104295513,0.7440811973599512,0.6807924781883751,0.0,nan,nan
55.0,raw,nan,8.0,1.0,8.0,0.5354707728002669,0.877500476122372,0.8509587405936564,0.0,nan,nan
55.0,raw,nan,9.0,2.0,1.0,0.5433384587299068,1.0,1.0,0.0,nan,nan
55.0,raw,nan,10.0,2.0,2.0,0.5617005173654939,0.7761199633334379,0.8324714429666972,0.0,nan,nan
55.0,raw,nan,11.0,2.0,3.0,0.5629090599647905,0.8285454123733671,0.9224189008664104,0.0,nan,nan
55.0,raw,nan,12.0,2.0,4.0,0.5563370851396932,0.5586202473451217,0.8184407283184113,0.0,nan,nan
55.0,raw,nan,13.0,2.0,5.0,0.5411400380019574,0.5682345703444512,0.50410118799814,0.0,nan,nan
55.0,raw,nan,14.0,2.0,6.0,0.5452685818112949,0.5449777368788545,0.5935593458075713,0.0,nan,nan
55.0,raw,nan,15.0,2.0,7.0,0.5357373717686466,0.6080714627457682,0.6937200673799033,0.0,nan,nan
55.0,raw,nan,16.0,2.0,8.0,0.43932231608570155,0.5435911886359921,0.4811475433047827,0.0,nan,nan
55.0,ppo,nan,0.0,0.0,0.0,0.4381825474072605,1.0,1.0,0.0,nan,nan
55.0,ppo,nan,1.0,1.0,1.0,0.42801877590001397,1.0,1.0,1.0,nan,nan
55.0,ppo,nan,2.0,1.0,2.0,0.46417848692494706,0.8678370636798161,0.843984682679672,1.0,nan,nan
55.0,ppo,nan,3.0,1.0,3.0,0.4708819781370256,0.9567813946521161,0.935311623505599,1.0,nan,nan
55.0,ppo,nan,4.0,1.0,4.0,0.472476984014872,0.9243499542811012,0.8893703102596958,1.0,nan,nan
55.0,ppo,nan,5.0,1.0,5.0,0.4928742378634454,0.8095287497414064,0.7615937747303317,1.0,nan,nan
55.0,ppo,nan,6.0,1.0,6.0,0.4661602840802648,0.9141595799676988,0.9264509985153253,1.0,nan,nan
55.0,ppo,nan,7.0,1.0,7.0,0.5013388354741808,0.8211430550372978,0.8517886731693782,1.0,nan,nan
55.0,ppo,nan,8.0,1.0,8.0,0.5218351447253058,0.8699836628460035,0.8220081729489273,1.0,nan,nan
55.0,ppo,nan,9.0,2.0,1.0,0.5082325903381766,1.0,1.0,1.0,nan,nan
55.0,ppo,nan,10.0,2.0,2.0,0.5272215939787673,0.8157749446289515,0.7924800978298501,1.0,nan,nan
55.0,ppo,nan,11.0,2.0,3.0,0.5467110489225636,0.8916882951538195,0.8883920180625298,1.0,nan,nan
55.0,ppo,nan,12.0,2.0,4.0,0.5282516324256961,0.919522255805864,0.9089712378668401,1.0,nan,nan
55.0,ppo,nan,13.0,2.0,5.0,0.5523161277065808,0.8632054679833889,0.8722126233587312,1.0,nan,nan
55.0,ppo,nan,14.0,2.0,6.0,0.5621497438242778,0.9005558031951342,0.9172325229025289,1.0,nan,nan
55.0,ppo,nan,15.0,2.0,7.0,0.5568344918980648,0.9006461725305532,0.8757119397027441,1.0,nan,nan
55.0,ppo,nan,16.0,2.0,8.0,0.581091587732983,0.8889737107208887,0.8720485061768956,1.0,nan,nan
55.0,mse_oracle,nan,0.0,0.0,0.0,0.4381825474072605,1.0,1.0,0.0,nan,nan
55.0,mse_oracle,nan,1.0,1.0,1.0,0.42801877590001397,1.0,1.0,0.0,0.06706072794876566,0.06706072794876566
55.0,mse_oracle,nan,2.0,1.0,2.0,0.4327269134584389,0.8678370636798161,0.843984682679672,0.0,0.074418222680574,0.07639460040044788
55.0,mse_oracle,nan,3.0,1.0,3.0,0.4600530841703562,0.7572906867626743,0.8514113227063635,0.0,0.0770442749986336,0.08151457464345852
55.0,mse_oracle,nan,4.0,1.0,4.0,0.45795953523893407,0.8156667324595732,0.7818741572713309,1.0,0.07004397000146761,0.06976534212965387
55.0,mse_oracle,nan,5.0,1.0,5.0,0.48763541829164,0.6678909005101898,0.6407589046197508,1.0,0.07819757398757476,0.07680729580514456
55.0,mse_oracle,nan,6.0,1.0,6.0,0.47356854714176166,0.8036390737465141,0.7931292957712293,1.0,0.06384902456369275,0.06254479745059456
55.0,mse_oracle,nan,7.0,1.0,7.0,0.5080779417169975,0.7492744004481557,0.7669431885461728,0.0,0.07136682311353712,0.07267215565079829
55.0,mse_oracle,nan,8.0,1.0,8.0,0.5227869610144293,0.8599810057145465,0.7944238033698563,1.0,0.059923137012634985,0.05027366952161538
55.0,mse_oracle,nan,9.0,2.0,1.0,0.5246134531566838,1.0,1.0,0.0,0.0717259743426775,0.0717259743426775
55.0,mse_oracle,nan,10.0,2.0,2.0,0.5516463221640784,0.8005481938906455,0.8376174824056954,0.0,0.0884482162838395,0.08922147904007928
55.0,mse_oracle,nan,11.0,2.0,3.0,0.5614853457951234,0.834090571340464,0.9158523294137023,1.0,0.08092591632832084,0.08004817769273506
55.0,mse_oracle,nan,12.0,2.0,4.0,0.5524371853843604,0.9049555020698562,0.9452904202382097,1.0,0.0723439761108314,0.07027170223365961
55.0,mse_oracle,nan,13.0,2.0,5.0,0.5401753979453819,0.8787052649786167,0.8443677377133632,0.0,0.07162848314736134,0.07432520848419084
55.0,mse_oracle,nan,14.0,2.0,6.0,0.5709770710388302,0.7725191623140988,0.8525271578290196,1.0,0.09355230930342845,0.09110008883119804
55.0,mse_oracle,nan,15.0,2.0,7.0,0.5814006741776144,0.8782319791618046,0.8950313197863295,1.0,0.0649390458459685,0.06454000829536019
55.0,mse_oracle,nan,16.0,2.0,8.0,0.5876397389739759,0.8862378825179261,0.8705640587136743,1.0,0.056682218736744984,0.05387711583773597
56.0,raw,nan,0.0,0.0,0.0,0.4381825474072605,1.0,1.0,0.0,nan,nan
56.0,raw,nan,1.0,1.0,1.0,0.44889048156745215,1.0,1.0,0.0,nan,nan
56.0,raw,nan,2.0,1.0,2.0,0.44437227154440595,0.9324786509769794,0.948411712424121,0.0,nan,nan
56.0,raw,nan,3.0,1.0,3.0,0.45431925247470395,0.8477185485092358,0.883924063960322,0.0,nan,nan
56.0,raw,nan,4.0,1.0,4.0,0.46242600089748104,0.6370206478630009,0.6971088966162795,0.0,nan,nan
56.0,raw,nan,5.0,1.0,5.0,0.4763425907243654,0.6621953860405855,0.5871299186364358,0.0,nan,nan
56.0,raw,nan,6.0,1.0,6.0,0.5124490841965109,0.6387646436743315,0.5820458735392444,0.0,nan,nan
56.0,raw,nan,7.0,1.0,7.0,0.5167677793065513,0.7321541297367051,0.6799121885029973,0.0,nan,nan
56.0,raw,nan,8.0,1.0,8.0,0.5481140563360608,0.7343245892082597,0.760134523528227,0.0,nan,nan
56.0,raw,nan,9.0,2.0,1.0,0.5545109055397532,1.0,1.0,0.0,nan,nan
56.0,raw,nan,10.0,2.0,2.0,0.5571797320375595,0.8568452976654626,0.8876962684464298,0.0,nan,nan
56.0,raw,nan,11.0,2.0,3.0,0.5689017474434878,0.8388365581379723,0.8880424722603221,0.0,nan,nan
56.0,raw,nan,12.0,2.0,4.0,0.5245601628890918,0.82139652720095,0.8580514512811216,0.0,nan,nan
56.0,raw,nan,13.0,2.0,5.0,0.5589450132046228,0.47876026598998517,0.4199973374975225,0.0,nan,nan
56.0,raw,nan,14.0,2.0,6.0,0.5551674837168131,0.6743030809074239,0.7698638629384366,0.0,nan,nan
56.0,raw,nan,15.0,2.0,7.0,0.5589945414924504,0.5854640541217608,0.5178278837082851,0.0,nan,nan
56.0,raw,nan,16.0,2.0,8.0,0.561421391412287,0.6498283946319275,0.7029415285278433,0.0,nan,nan
56.0,ppo,nan,0.0,0.0,0.0,0.4381825474072605,1.0,1.0,0.0,nan,nan
56.0,ppo,nan,1.0,1.0,1.0,0.44889048156745215,1.0,1.0,1.0,nan,nan
56.0,ppo,nan,2.0,1.0,2.0,0.4585542161020974,0.9324786509769794,0.948411712424121,1.0,nan,nan
56.0,ppo,nan,3.0,1.0,3.0,0.473997738801187,0.9315725814269448,0.9402686727769942,1.0,nan,nan
56.0,ppo,nan,4.0,1.0,4.0,0.44705106854815774,0.8790041404493727,0.9220843847879436,1.0,nan,nan
56.0,ppo,nan,5.0,1.0,5.0,0.4515063101217457,0.7058316302266731,0.6087237725722662,1.0,nan,nan
56.0,ppo,nan,6.0,1.0,6.0,0.49465591744734894,0.6764607494132071,0.6887861356860441,1.0,nan,nan
56.0,ppo,nan,7.0,1.0,7.0,0.4888853055907713,0.8308191517849806,0.7354630990508466,1.0,nan,nan
56.0,ppo,nan,8.0,1.0,8.0,0.5237566736718865,0.8770096952714309,0.9005894346717102,1.0,nan,nan
56.0,ppo,nan,9.0,2.0,1.0,0.5211453463396788,1.0,1.0,1.0,nan,nan
56.0,ppo,nan,10.0,2.0,2.0,0.5421931721323303,0.7846686820351529,0.7727906216309456,1.0,nan,nan
56.0,ppo,nan,11.0,2.0,3.0,0.5371296804896223,0.8423979785726272,0.8649469518670989,1.0,nan,nan
56.0,ppo,nan,12.0,2.0,4.0,0.5309170820276016,0.8885596228161692,0.89286293435953,1.0,nan,nan
56.0,ppo,nan,13.0,2.0,5.0,0.550645533427403,0.8567861631249101,0.8385842923128034,1.0,nan,nan
56.0,ppo,nan,14.0,2.0,6.0,0.5767116157519655,0.8168449984710292,0.8004233988510144,1.0,nan,nan
56.0,ppo,nan,15.0,2.0,7.0,0.572382346252515,0.9214376973198668,0.9456783192856821,1.0,nan,nan
56.0,ppo,nan,16.0,2.0,8.0,0.5866220896637772,0.8673587659874202,0.8649202593643336,1.0,nan,nan
56.0,mse_oracle,nan,0.0,0.0,0.0,0.4381825474072605,1.0,1.0,0.0,nan,nan
56.0,mse_oracle,nan,1.0,1.0,1.0,0.44889048156745215,1.0,1.0,0.0,0.06706072794876566,0.06706072794876566
56.0,mse_oracle,nan,2.0,1.0,2.0,0.44437227154440595,0.9324786509769794,0.948411712424121,0.0,0.06657743147885653,0.06864151448646674
56.0,mse_oracle,nan,3.0,1.0,3.0,0.45431925247470395,0.8477185485092358,0.883924063960322,0.0,0.07205710235800845,0.07627170528409012
56.0,mse_oracle,nan,4.0,1.0,4.0,0.46242600089748104,0.6370206478630009,0.6971088966162795,0.0,0.07747788746488886,0.07852049811255227
56.0,mse_oracle,nan,5.0,1.0,5.0,0.4961780004305722,0.6621953860405855,0.5871299186364358,1.0,0.07256707224700856,0.07053568554663298
56.0,mse_oracle,nan,6.0,1.0,6.0,0.519449037634355,0.7706296737459674,0.7781449987805875,0.0,0.0601812555019972,0.06220714651656303
56.0,mse_oracle,nan,7.0,1.0,7.0,0.5198281379190052,0.789889978724573,0.7013658541413303,1.0,0.056042944167680575,0.05107534715973934
56.0,mse_oracle,nan,8.0,1.0,8.0,0.5320657497021786,0.8167277553737234,0.821316271602666,1.0,0.05879883634512849,0.0463796301968075
56.0,mse_oracle,nan,9.0,2.0,1.0,0.543120861600782,1.0,1.0,0.0,0.06822760409378598,0.06822760409378598
56.0,mse_oracle,nan,10.0,2.0,2.0,0.5325664044715214,0.9075862062324912,0.8676904708471629,1.0,0.0835127364094381,0.07754041050973547
56.0,mse_oracle,nan,11.0,2.0,3.0,0.5637672669599154,0.9004884322862148,0.9126511835437151,1.0,0.07167429594737545,0.0664171395850792
56.0,mse_oracle,nan,12.0,2.0,4.0,0.5478594189399695,0.8934246525439589,0.9042226350277571,1.0,0.08044815569839554,0.07649369039472675
56.0,mse_oracle,nan,13.0,2.0,5.0,0.578677137323496,0.8519979848821683,0.8460176932295688,1.0,0.07808584058114705,0.07436206881885235
56.0,mse_oracle,nan,14.0,2.0,6.0,0.5701846667025198,0.8827966170784801,0.8837818731302137,1.0,0.07583882956952046,0.0726054301746081
56.0,mse_oracle,nan,15.0,2.0,7.0,0.5624244387929631,0.9108723907800537,0.8708945447218911,1.0,0.06579718800319395,0.06173334300385591
56.0,mse_oracle,nan,16.0,2.0,8.0,0.5728283356257511,0.8827516475217128,0.8606074028812076,1.0,0.06271299583607093,0.06247864906665723
57.0,raw,nan,0.0,0.0,0.0,0.4381825474072605,1.0,1.0,0.0,nan,nan
57.0,raw,nan,1.0,1.0,1.0,0.4511359899603578,1.0,1.0,0.0,nan,nan
57.0,raw,nan,2.0,1.0,2.0,0.45260901508362267,0.883287809760533,0.8902246243704743,0.0,nan,nan
57.0,raw,nan,3.0,1.0,3.0,0.4875930971283768,0.6987008193956743,0.618014665005846,0.0,nan,nan
57.0,raw,nan,4.0,1.0,4.0,0.4848248763261553,0.8148140254343691,0.8672750734488419,0.0,nan,nan
57.0,raw,nan,5.0,1.0,5.0,0.5035947092190216,0.6892013368924649,0.7752968169579622,0.0,nan,nan
57.0,raw,nan,6.0,1.0,6.0,0.5244718470718616,0.7049167459861302,0.7041065965769464,0.0,nan,nan
57.0,raw,nan,7.0,1.0,7.0,0.508685286337726,0.7583477963693618,0.7424721421215581,0.0,nan,nan
57.0,raw,nan,8.0,1.0,8.0,0.5133828080165862,0.662521777167035,0.6538963405507164,0.0,nan,nan
57.0,raw,nan,9.0,2.0,1.0,0.5474637066776261,1.0,1.0,0.0,nan,nan
57.0,raw,nan,10.0,2.0,2.0,0.5448519039462207,0.7123483695956894,0.7919275756030766,0.0,nan,nan
57.0,raw,nan,11.0,2.0,3.0,0.5421717161955164,0.491806086686358,0.5182361404461984,0.0,nan,nan
57.0,raw,nan,12.0,2.0,4.0,0.35925832149631826,0.49790508938525363,0.18221494642081051,0.0,nan,nan
57.0,raw,nan,13.0,2.0,5.0,0.49226641003029215,0.33059280226950366,0.39705839311999863,0.0,nan,nan
57.0,raw,nan,14.0,2.0,6.0,0.49951203418224066,0.4878266179927107,0.5106444074881836,0.0,nan,nan
57.0,raw,nan,15.0,2.0,7.0,0.5381263309673255,0.5119395129978375,0.5318824703476336,0.0,nan,nan
57.0,raw,nan,16.0,2.0,8.0,0.5333937155209066,0.48353680756961864,0.2568631222076147,0.0,nan,nan
57.0,ppo,nan,0.0,0.0,0.0,0.4381825474072605,1.0,1.0,0.0,nan,nan
57.0,ppo,nan,1.0,1.0,1.0,0.4511359899603578,1.0,1.0,1.0,nan,nan
57.0,ppo,nan,2.0,1.0,2.0,0.468601170305589,0.883287809760533,0.8902246243704743,1.0,nan,nan
57.0,ppo,nan,3.0,1.0,3.0,0.4791140339116765,0.8967050220855949,0.8774719762188006,1.0,nan,nan
57.0,ppo,nan,4.0,1.0,4.0,0.48118175540941766,0.9280825527082677,0.9437109241589348,1.0,nan,nan
57.0,ppo,nan,5.0,1.0,5.0,0.4968169666269483,0.9281575218970215,0.9484232921039248,1.0,nan,nan
57.0,ppo,nan,6.0,1.0,6.0,0.5056273463869951,0.8501158928473734,0.8732265751793906,1.0,nan,nan
57.0,ppo,nan,7.0,1.0,7.0,0.5030351599763299,0.9217709313270286,0.9226605872669555,1.0,nan,nan
57.0,ppo,nan,8.0,1.0,8.0,0.5126748764537918,0.9059286208339483,0.9077034092038846,1.0,nan,nan
57.0,ppo,nan,9.0,2.0,1.0,0.4893225203233567,1.0,1.0,1.0,nan,nan
57.0,ppo,nan,10.0,2.0,2.0,0.5196977562873423,0.7429134661241951,0.7676153019898903,1.0,nan,nan
57.0,ppo,nan,11.0,2.0,3.0,0.5236899293342328,0.8020602342590499,0.8657774289199904,1.0,nan,nan
57.0,ppo,nan,12.0,2.0,4.0,0.5242042888031915,0.8144017519099852,0.8868923848534944,1.0,nan,nan
57.0,ppo,nan,13.0,2.0,5.0,0.492819887097784,0.7833737202188016,0.7268724465443345,1.0,nan,nan
57.0,ppo,nan,14.0,2.0,6.0,0.5334923484051214,0.7100210933449017,0.7040869696470832,1.0,nan,nan
57.0,ppo,nan,15.0,2.0,7.0,0.5614840125797134,0.71634290208196,0.7332272565306105,1.0,nan,nan
57.0,ppo,nan,16.0,2.0,8.0,0.5713268530106662,0.8887862065976992,0.9022802419295511,1.0,nan,nan
57.0,mse_oracle,nan,0.0,0.0,0.0,0.4381825474072605,1.0,1.0,0.0,nan,nan
57.0,mse_oracle,nan,1.0,1.0,1.0,0.4511359899603578,1.0,1.0,0.0,0.06706072794876566,0.06706072794876566
57.0,mse_oracle,nan,2.0,1.0,2.0,0.45260901508362267,0.883287809760533,0.8902246243704743,0.0,0.06762981226122379,0.07032262828492222
57.0,mse_oracle,nan,3.0,1.0,3.0,0.4875930971283768,0.6987008193956743,0.618014665005846,0.0,0.0737999889722802,0.07495799108298927
57.0,mse_oracle,nan,4.0,1.0,4.0,0.48843490847249776,0.8148140254343691,0.8672750734488419,1.0,0.06084798624416362,0.05951363563143225
57.0,mse_oracle,nan,5.0,1.0,5.0,0.4976000018677302,0.7854392928427713,0.7795706696808139,1.0,0.061715124734989635,0.060902104931747435
57.0,mse_oracle,nan,6.0,1.0,6.0,0.506133331167702,0.8092568600289085,0.8267337619778143,1.0,0.05973603364826113,0.05498798837272553
57.0,mse_oracle,nan,7.0,1.0,7.0,0.4948589906998651,0.8740929985532887,0.8838424422152047,0.0,0.05829213272988679,0.059261291736405625
57.0,mse_oracle,nan,8.0,1.0,8.0,0.49839469690920885,0.7624051381469451,0.7620243167337508,0.0,0.06605661287148336,0.06625452368807068
57.0,mse_oracle,nan,9.0,2.0,1.0,0.5097353257302848,1.0,1.0,0.0,0.06345377288665284,0.06345377288665284
57.0,mse_oracle,nan,10.0,2.0,2.0,0.5518064315659377,0.7240820534209662,0.7957666408314211,1.0,0.12931513790385854,0.1290900127240319
57.0,mse_oracle,nan,11.0,2.0,3.0,0.5300377296862727,0.7897829855771636,0.7949822944925383,0.0,0.10090301198120903,0.10754365116032732
57.0,mse_oracle,nan,12.0,2.0,4.0,0.549927854431124,0.51930298422854,0.6115703099894201,1.0,0.2124609627299065,0.20815848886231259
57.0,mse_oracle,nan,13.0,2.0,5.0,0.5315520940376013,0.6428104311543141,0.6229800112827018,1.0,0.11903157522326498,0.11797124208848613
57.0,mse_oracle,nan,14.0,2.0,6.0,0.5032555874175876,0.6562216055651456,0.5779527485003105,0.0,0.10403040332968674,0.10405922814733612
57.0,mse_oracle,nan,15.0,2.0,7.0,0.5144780401909139,0.6341198005673926,0.5762442337100965,1.0,0.108931347235281,0.105048793976209
57.0,mse_oracle,nan,16.0,2.0,8.0,0.5583453466070135,0.6925005441795127,0.7154847466473979,1.0,0.08873931267945669,0.08673439333778271
58.0,raw,nan,0.0,0.0,0.0,0.4381825474072605,1.0,1.0,0.0,nan,nan
58.0,raw,nan,1.0,1.0,1.0,0.43694399584100224,1.0,1.0,0.0,nan,nan
58.0,raw,nan,2.0,1.0,2.0,0.4322074135046714,0.8971884303707536,0.8863736208085973,0.0,nan,nan
58.0,raw,nan,3.0,1.0,3.0,0.4487360216992491,0.7959152560798612,0.7809585708268059,0.0,nan,nan
58.0,raw,nan,4.0,1.0,4.0,0.4541412552926554,0.7859136011102229,0.7544909616714719,0.0,nan,nan
58.0,raw,nan,5.0,1.0,5.0,0.47397196339800357,0.6697990297023376,0.6515951314851745,0.0,nan,nan
58.0,raw,nan,6.0,1.0,6.0,0.5051241295908152,0.6958675987680709,0.7536735769316079,0.0,nan,nan
58.0,raw,nan,7.0,1.0,7.0,0.49784107735019845,0.7787398978385004,0.7827872615071739,0.0,nan,nan
58.0,raw,nan,8.0,1.0,8.0,0.4995287355129795,0.6992960054876708,0.6925483301663946,0.0,nan,nan
58.0,raw,nan,9.0,2.0,1.0,0.5119277262149292,1.0,1.0,0.0,nan,nan
58.0,raw,nan,10.0,2.0,2.0,0.4187047481649924,0.9484554761964038,0.9305629279933073,0.0,nan,nan
58.0,raw,nan,11.0,2.0,3.0,0.4919315539011139,0.45405759769984483,0.5955866208695695,0.0,nan,nan
58.0,raw,nan,12.0,2.0,4.0,0.5204725390368772,0.4775233331707173,0.46738815027394753,0.0,nan,nan
58.0,raw,nan,13.0,2.0,5.0,0.5487561168308188,0.2854742671857109,0.6977702219874026,0.0,nan,nan
58.0,raw,nan,14.0,2.0,6.0,0.4794117247968214,0.2995872973138586,0.27823307210325016,0.0,nan,nan
58.0,raw,nan,15.0,2.0,7.0,0.5547969709903331,0.10756707855202459,0.31140896608474267,0.0,nan,nan
58.0,raw,nan,16.0,2.0,8.0,0.5467492579278888,0.2364302094386624,0.4397463625090099,0.0,nan,nan
58.0,ppo,nan,0.0,0.0,0.0,0.4381825474072605,1.0,1.0,0.0,nan,nan
58.0,ppo,nan,1.0,1.0,1.0,0.43694399584100224,1.0,1.0,1.0,nan,nan
58.0,ppo,nan,2.0,1.0,2.0,0.4474615878240882,0.8971884303707536,0.8863736208085973,1.0,nan,nan
58.0,ppo,nan,3.0,1.0,3.0,0.4378244542498586,0.7947433131960264,0.8089436039671688,1.0,nan,nan
58.0,ppo,nan,4.0,1.0,4.0,0.4659434674973833,0.6306297147927237,0.6082829225733113,1.0,nan,nan
58.0,ppo,nan,5.0,1.0,5.0,0.4880179448002366,0.7348052410983397,0.6807295833453659,1.0,nan,nan
58.0,ppo,nan,6.0,1.0,6.0,0.49087260093706275,0.8531081796793253,0.8921687390381747,1.0,nan,nan
58.0,ppo,nan,7.0,1.0,7.0,0.49871937724225496,0.8866310989788321,0.9188625216319463,1.0,nan,nan
58.0,ppo,nan,8.0,1.0,8.0,0.4900229136204286,0.8870502177660414,0.9233226371555264,1.0,nan,nan
58.0,ppo,nan,9.0,2.0,1.0,0.5245506961650122,1.0,1.0,1.0,nan,nan
58.0,ppo,nan,10.0,2.0,2.0,0.4863174195431292,0.898127877904571,0.9009480592648115,1.0,nan,nan
58.0,ppo,nan,11.0,2.0,3.0,0.5283851285879275,0.7112423522786046,0.7963356731440877,1.0,nan,nan
58.0,ppo,nan,12.0,2.0,4.0,0.5444888468600254,0.7033662337853507,0.7600273680428581,1.0,nan,nan
58.0,ppo,nan,13.0,2.0,5.0,0.5295055674573214,0.8994799366755243,0.9051131086729008,1.0,nan,nan
58.0,ppo,nan,14.0,2.0,6.0,0.5601346957867464,0.9047323004900333,0.9513026185116992,1.0,nan,nan
58.0,ppo,nan,15.0,2.0,7.0,0.5371099535160866,0.7833557346612438,0.866124767298477,1.0,nan,nan
58.0,ppo,nan,16.0,2.0,8.0,0.5626590428809514,0.8387719860253795,0.8620305957707741,1.0,nan,nan
58.0,mse_oracle,nan,0.0,0.0,0.0,0.4381825474072605,1.0,1.0,0.0,nan,nan
58.0,mse_oracle,nan,1.0,1.0,1.0,0.43694399584100224,1.0,1.0,0.0,0.06706072794876566,0.06706072794876566
58.0,mse_oracle,nan,2.0,1.0,2.0,0.4322074135046714,0.8971884303707536,0.8863736208085973,0.0,0.07094336112857365,0.07312686974792224
58.0,mse_oracle,nan,3.0,1.0,3.0,0.45895689991132865,0.7959152560798612,0.7809585708268059,1.0,0.0780820065539352,0.077556356373459
58.0,mse_oracle,nan,4.0,1.0,4.0,0.4661131001349745,0.8206881390476274,0.8010767392638501,0.0,0.06702654652557492,0.07183554203588643
58.0,mse_oracle,nan,5.0,1.0,5.0,0.4842757499538289,0.7134243754039303,0.658590600550377,0.0,0.07299319116795219,0.07407272333576773
58.0,mse_oracle,nan,6.0,1.0,6.0,0.5164494512113722,0.7362677638143654,0.7864099459404913,1.0,0.06674594373775845,0.06544051131368213
58.0,mse_oracle,nan,7.0,1.0,7.0,0.5198774645369784,0.8903745220214102,0.8939813227613768,1.0,0.055800489371651274,0.05054743817339005
58.0,mse_oracle,nan,8.0,1.0,8.0,0.5040644115723095,0.9119872254763637,0.8861861428448741,1.0,0.05506091246290716,0.0534310783525376
58.0,mse_oracle,nan,9.0,2.0,1.0,0.5159500549971835,1.0,1.0,0.0,0.06987194401481553,0.06987194401481553
58.0,mse_oracle,nan,10.0,2.0,2.0,0.525193237931222,0.9296458072150533,0.9311160682761132,1.0,0.07479877732839943,0.07364767267121262
58.0,mse_oracle,nan,11.0,2.0,3.0,0.5321858030184047,0.5947804573604617,0.5953438809187279,0.0,0.12459032314790705,0.12594225908628076
58.0,mse_oracle,nan,12.0,2.0,4.0,0.559672831904007,0.5968311558911515,0.6082877344193774,1.0,0.1265812333388921,0.12387145725340808
58.0,mse_oracle,nan,13.0,2.0,5.0,0.5557378240924474,0.7397710506351096,0.7260696625645306,1.0,0.09149895627855222,0.08974909646719638
58.0,mse_oracle,nan,14.0,2.0,6.0,0.5668944296555877,0.7929364285789222,0.8151368878217558,1.0,0.08245903778857326,0.08161441542213996
58.0,mse_oracle,nan,15.0,2.0,7.0,0.5827818133590343,0.8663197940429184,0.8931580075763419,0.0,0.06832779690044617,0.07199740009724735
58.0,mse_oracle,nan,16.0,2.0,8.0,0.5760055722999411,0.777477472090758,0.7811849322545336,1.0,0.08057836078734731,0.07958551695043949
59.0,raw,nan,0.0,0.0,0.0,0.4381825474072605,1.0,1.0,0.0,nan,nan
59.0,raw,nan,1.0,1.0,1.0,0.4515890098254469,1.0,1.0,0.0,nan,nan
59.0,raw,nan,2.0,1.0,2.0,0.4640757238468893,0.8471046302189903,0.8882014355047404,0.0,nan,nan
59.0,raw,nan,3.0,1.0,3.0,0.4759496068880985,0.8268850973363728,0.8055362033022799,0.0,nan,nan
59.0,raw,nan,4.0,1.0,4.0,0.48486828597328424,0.7450687048566491,0.7950016774616062,0.0,nan,nan
59.0,raw,nan,5.0,1.0,5.0,0.4957155178960717,0.6961289626733183,0.6878731767325257,0.0,nan,nan
59.0,raw,nan,6.0,1.0,6.0,0.5000444682920239,0.7169089156808195,0.7935023274924835,0.0,nan,nan
59.0,raw,nan,7.0,1.0,7.0,0.5184034391921762,0.7112129104563367,0.7089097418417409,0.0,nan,nan
59.0,raw,nan,8.0,1.0,8.0,0.4956939556497369,0.7544551943607409,0.7626170326915058,0.0,nan,nan
59.0,raw,nan,9.0,2.0,1.0,0.49237307811944064,1.0,1.0,0.0,nan,nan
59.0,raw,nan,10.0,2.0,2.0,0.5129984230676176,0.6266130958375742,0.7847834515039974,0.0,nan,nan
59.0,raw,nan,11.0,2.0,3.0,0.5137465304552604,0.6273578069474472,0.6991868677167304,0.0,nan,nan
59.0,raw,nan,12.0,2.0,4.0,0.5295441847578723,0.5768344608922122,0.6516298184211465,0.0,nan,nan
59.0,raw,nan,13.0,2.0,5.0,0.542129743547622,0.33094759548047514,0.7786038800177375,0.0,nan,nan
59.0,raw,nan,14.0,2.0,6.0,0.4893060443960423,0.39204467793901454,0.577294043644117,0.0,nan,nan
59.0,raw,nan,15.0,2.0,7.0,0.5159827470894389,0.13634635937662237,0.6256996441681467,0.0,nan,nan
59.0,raw,nan,16.0,2.0,8.0,0.5181380611403994,0.175034236747281,0.657039172445091,0.0,nan,nan
59.0,ppo,nan,0.0,0.0,0.0,0.4381825474072605,1.0,1.0,0.0,nan,nan
59.0,ppo,nan,1.0,1.0,1.0,0.4515890098254469,1.0,1.0,1.0,nan,nan
59.0,ppo,nan,2.0,1.0,2.0,0.4617733466233722,0.8471046302189903,0.8882014355047404,1.0,nan,nan
59.0,ppo,nan,3.0,1.0,3.0,0.4713849212992147,0.8628202072020547,0.8176923336230949,1.0,nan,nan
59.0,ppo,nan,4.0,1.0,4.0,0.48548211345961634,0.800873923188969,0.8637558174714642,1.0,nan,nan
59.0,ppo,nan,5.0,1.0,5.0,0.48970212916232725,0.8425068053364739,0.8519077899471854,1.0,nan,nan
59.0,ppo,nan,6.0,1.0,6.0,0.4937822856833993,0.8927032370913334,0.9045377691874287,1.0,nan,nan
59.0,ppo,nan,7.0,1.0,7.0,0.5034244353295557,0.8378972969030272,0.8557459112564627,1.0,nan,nan
59.0,ppo,nan,8.0,1.0,8.0,0.5134194090153252,0.9016579923106046,0.9089461290220943,1.0,nan,nan
59.0,ppo,nan,9.0,2.0,1.0,0.481551375552229,1.0,1.0,1.0,nan,nan
59.0,ppo,nan,10.0,2.0,2.0,0.5185412977475692,0.7403841884363037,0.8141191568459942,1.0,nan,nan
59.0,ppo,nan,11.0,2.0,3.0,0.5171642952283961,0.8186667030415022,0.8233394205516136,1.0,nan,nan
59.0,ppo,nan,12.0,2.0,4.0,0.5388572943366459,0.7239814302789261,0.8327193365439558,1.0,nan,nan
59.0,ppo,nan,13.0,2.0,5.0,0.5206678785046518,0.7618777142129877,0.8485028163155932,1.0,nan,nan
59.0,ppo,nan,14.0,2.0,6.0,0.5211886043587695,0.6737920528232835,0.8888709193920568,1.0,nan,nan
59.0,ppo,nan,15.0,2.0,7.0,0.5400803060121345,0.7006072408833398,0.8110951966103576,1.0,nan,nan
59.0,ppo,nan,16.0,2.0,8.0,0.5585605164822927,0.645147473894589,0.7582198142750675,1.0,nan,nan
59.0,mse_oracle,nan,0.0,0.0,0.0,0.4381825474072605,1.0,1.0,0.0,nan,nan
59.0,mse_oracle,nan,1.0,1.0,1.0,0.4515890098254469,1.0,1.0,0.0,0.06706072794876566,0.06706072794876566
59.0,mse_oracle,nan,2.0,1.0,2.0,0.4640757238468893,0.8471046302189903,0.8882014355047404,0.0,0.06967480836102471,0.07186232452805585
59.0,mse_oracle,nan,3.0,1.0,3.0,0.4759496068880985,0.8268850973363728,0.8055362033022799,0.0,0.06894698877770862,0.07024141208044388
59.0,mse_oracle,nan,4.0,1.0,4.0,0.48150093737750277,0.7450687048566491,0.7950016774616062,1.0,0.06590817580315925,0.06199151985645879
59.0,mse_oracle,nan,5.0,1.0,5.0,0.5012584006471001,0.7331061756108418,0.7536581584393279,1.0,0.06625103124380013,0.06288278232349721
59.0,mse_oracle,nan,6.0,1.0,6.0,0.5070334272941925,0.8443564768867924,0.8947467129739378,1.0,0.05844975039153514,0.05551975871473021
59.0,mse_oracle,nan,7.0,1.0,7.0,0.5200529316195995,0.8274404443791904,0.8096514638045553,1.0,0.05827902712872818,0.05668001431005666
59.0,mse_oracle,nan,8.0,1.0,8.0,0.5082396959673021,0.8848516799791082,0.8789342336049335,0.0,0.05325686852383264,0.05629879767409957
59.0,mse_oracle,nan,9.0,2.0,1.0,0.4990723934561112,1.0,1.0,0.0,0.066720161099945,0.066720161099945
59.0,mse_oracle,nan,10.0,2.0,2.0,0.5243650997353109,0.6438986604537453,0.7732182894282434,1.0,0.1455888088720172,0.14201946183024372
59.0,mse_oracle,nan,11.0,2.0,3.0,0.47185564718708367,0.7303413700007065,0.7629881890048628,1.0,0.11713980360040552,0.11207916778992222
59.0,mse_oracle,nan,12.0,2.0,4.0,0.5271069362748978,0.6791206516145134,0.7054701446559543,1.0,0.10871539374451522,0.10213555747903567
59.0,mse_oracle,nan,13.0,2.0,5.0,0.549135855401854,0.7067213484075627,0.5870749400332955,1.0,0.09199110361155888,0.08578179461967142
59.0,mse_oracle,nan,14.0,2.0,6.0,0.5608375795649508,0.8315204809803776,0.8470917435455421,1.0,0.08431167631666867,0.07901753009678425
59.0,mse_oracle,nan,15.0,2.0,7.0,0.5737019877233462,0.8655504815007278,0.8495754895035741,1.0,0.07712944037916102,0.0738009237868686
59.0,mse_oracle,nan,16.0,2.0,8.0,0.5289484990694057,0.8423935028182183,0.7402141805610827,1.0,0.0695388831432903,0.06855648850704647
60.0,raw,nan,0.0,0.0,0.0,0.4381825474072605,1.0,1.0,0.0,nan,nan
60.0,raw,nan,1.0,1.0,1.0,0.4321550908000032,1.0,1.0,0.0,nan,nan
60.0,raw,nan,2.0,1.0,2.0,0.4295611791488331,0.8703501257103288,0.8758677854283116,0.0,nan,nan
60.0,raw,nan,3.0,1.0,3.0,0.40869999239162874,0.6558893494143614,0.7674634146981726,0.0,nan,nan
60.0,raw,nan,4.0,1.0,4.0,0.44572046950612043,0.45705057134289173,0.7163559635469678,0.0,nan,nan
60.0,raw,nan,5.0,1.0,5.0,0.49081944078175266,0.5509712619205656,0.47465318140632207,0.0,nan,nan
60.0,raw,nan,6.0,1.0,6.0,0.5201233709769791,0.7129466840252143,0.6437348522949603,0.0,nan,nan
60.0,raw,nan,7.0,1.0,7.0,0.5167844307924905,0.8225712570557697,0.8645125659204125,0.0,nan,nan
60.0,raw,nan,8.0,1.0,8.0,0.5384010079586895,0.7439009714125483,0.8298244973965266,0.0,nan,nan
60.0,raw,nan,9.0,2.0,1.0,0.542220673234688,1.0,1.0,0.0,nan,nan
60.0,raw,nan,10.0,2.0,2.0,0.5114972065566166,0.9306931956454526,0.9424457144640186,0.0,nan,nan
60.0,raw,nan,11.0,2.0,3.0,0.546550411499761,0.7340324361019901,0.7455355434648385,0.0,nan,nan
60.0,raw,nan,12.0,2.0,4.0,0.5538906429896945,0.5859255192928733,0.6280358642759748,0.0,nan,nan
60.0,raw,nan,13.0,2.0,5.0,0.5263911933655019,0.5133975024772478,0.23921829104164974,0.0,nan,nan
60.0,raw,nan,14.0,2.0,6.0,0.5052162391821631,0.6052712789326221,0.6250872263184623,0.0,nan,nan
60.0,raw,nan,15.0,2.0,7.0,0.4711179752251508,0.38311202894809526,0.3967982447544596,0.0,nan,nan
60.0,raw,nan,16.0,2.0,8.0,0.5130980672755496,0.3689911218429366,0.4158836998622512,0.0,nan,nan
60.0,ppo,nan,0.0,0.0,0.0,0.4381825474072605,1.0,1.0,0.0,nan,nan
60.0,ppo,nan,1.0,1.0,1.0,0.4321550908000032,1.0,1.0,1.0,nan,nan
60.0,ppo,nan,2.0,1.0,2.0,0.43332257893054116,0.8703501257103288,0.8758677854283116,1.0,nan,nan
60.0,ppo,nan,3.0,1.0,3.0,0.44876084610080275,0.7315191632192277,0.8157638770813799,1.0,nan,nan
60.0,ppo,nan,4.0,1.0,4.0,0.48249985357779646,0.6975507211415709,0.8207051146090867,1.0,nan,nan
60.0,ppo,nan,5.0,1.0,5.0,0.48591458670533944,0.8053440377482182,0.7199592048222705,1.0,nan,nan
60.0,ppo,nan,6.0,1.0,6.0,0.4870882058713568,0.8178001025930528,0.8278717700179082,1.0,nan,nan
60.0,ppo,nan,7.0,1.0,7.0,0.4931458984688564,0.849737261415047,0.8460681674626136,1.0,nan,nan
60.0,ppo,nan,8.0,1.0,8.0,0.5095744284550366,0.8736142779674781,0.8731843386597093,1.0,nan,nan
60.0,ppo,nan,9.0,2.0,1.0,0.5282087956885079,1.0,1.0,1.0,nan,nan
60.0,ppo,nan,10.0,2.0,2.0,0.527183000191014,0.8691928002778536,0.8379719158673408,1.0,nan,nan
60.0,ppo,nan,11.0,2.0,3.0,0.5534349812192465,0.9393028261718162,0.9420483164142559,1.0,nan,nan
60.0,ppo,nan,12.0,2.0,4.0,0.5317038051381444,0.8725495440360858,0.9126186690575474,1.0,nan,nan
60.0,ppo,nan,13.0,2.0,5.0,0.5414206025320735,0.7695346387857205,0.8415209710880623,1.0,nan,nan
60.0,ppo,nan,14.0,2.0,6.0,0.5520583076502192,0.8162407449441811,0.768576308069265,1.0,nan,nan
60.0,ppo,nan,15.0,2.0,7.0,0.5677317623467942,0.8911488213745139,0.8798339119916693,1.0,nan,nan
60.0,ppo,nan,16.0,2.0,8.0,0.5693385196091163,0.7251853206293951,0.7885986363467371,1.0,nan,nan
60.0,mse_oracle,nan,0.0,0.0,0.0,0.4381825474072605,1.0,1.0,0.0,nan,nan
60.0,mse_oracle,nan,1.0,1.0,1.0,0.4321550908000032,1.0,1.0,0.0,0.06706072794876566,0.06706072794876566
60.0,mse_oracle,nan,2.0,1.0,2.0,0.43332257893054116,0.8703501257103288,0.8758677854283116,1.0,0.07313249203803066,0.07297571157894413
60.0,mse_oracle,nan,3.0,1.0,3.0,0.44876084610080275,0.7315191632192277,0.8157638770813799,1.0,0.0800055471355072,0.078597438130075
60.0,mse_oracle,nan,4.0,1.0,4.0,0.47128639206325973,0.6975507211415709,0.8207051146090867,0.0,0.0743854269926914,0.08001188078178932
60.0,mse_oracle,nan,5.0,1.0,5.0,0.4966568413195418,0.7193411450144597,0.6425083882718953,1.0,0.06784480254234482,0.06716771301551946
60.0,mse_oracle,nan,6.0,1.0,6.0,0.49809651288042683,0.8065491681485916,0.8107261920473827,0.0,0.060461426026197064,0.06092801339560848
60.0,mse_oracle,nan,7.0,1.0,7.0,0.5086791554274069,0.7619622911301096,0.7834825870208268,0.0,0.06439569092356998,0.06481463497046872
60.0,mse_oracle,nan,8.0,1.0,8.0,0.541290774299909,0.7494965591828737,0.83339731123324,1.0,0.06210793523965884,0.059813841876782216
60.0,mse_oracle,nan,9.0,2.0,1.0,0.5301837823845899,1.0,1.0,0.0,0.0716587863092359,0.0716587863092359
60.0,mse_oracle,nan,10.0,2.0,2.0,0.553059835558835,0.8869301781033762,0.8647706848812027,1.0,0.08764870549124691,0.08394532194789658
60.0,mse_oracle,nan,11.0,2.0,3.0,0.5696149433980419,0.9047913086778645,0.8894954140359385,1.0,0.07711416648806343,0.07418532022284068
60.0,mse_oracle,nan,12.0,2.0,4.0,0.549446151055125,0.9825127105917276,0.9800979129964246,1.0,0.06352571827772445,0.05634167638410402
60.0,mse_oracle,nan,13.0,2.0,5.0,0.5632795664078046,0.7748991549512868,0.7807716553491872,1.0,0.09252102783296431,0.08637139102450976
60.0,mse_oracle,nan,14.0,2.0,6.0,0.5582503461005821,0.7915360385032193,0.8953750222009562,1.0,0.08613217400254855,0.07970331577182783
60.0,mse_oracle,nan,15.0,2.0,7.0,0.5641571418261319,0.7726715028011193,0.8653380921514926,1.0,0.10406535696195626,0.0945810241261965
60.0,mse_oracle,nan,16.0,2.0,8.0,0.5979622535574912,0.7712777148240088,0.7730063427354908,1.0,0.07862630045506955,0.07459135197451286
61.0,raw,nan,0.0,0.0,0.0,0.4381825474072605,1.0,1.0,0.0,nan,nan
61.0,raw,nan,1.0,1.0,1.0,0.4489779517301623,1.0,1.0,0.0,nan,nan
61.0,raw,nan,2.0,1.0,2.0,0.4563997162095057,0.9191475539645774,0.9078995271966137,0.0,nan,nan
61.0,raw,nan,3.0,1.0,3.0,0.486304444966461,0.8210998210381842,0.8409406517587756,0.0,nan,nan
61.0,raw,nan,4.0,1.0,4.0,0.4890207339456355,0.8815414740679306,0.8542217915259657,0.0,nan,nan
61.0,raw,nan,5.0,1.0,5.0,0.5192350735957586,0.8630233861596911,0.8848195452017376,0.0,nan,nan
61.0,raw,nan,6.0,1.0,6.0,0.511856862657744,0.8285295062885967,0.8854818863001349,0.0,nan,nan
61.0,raw,nan,7.0,1.0,7.0,0.5353597988064672,0.7577989155230056,0.7436200901360783,0.0,nan,nan
61.0,raw,nan,8.0,1.0,8.0,0.5444971393797395,0.8268628683373751,0.8088618519943848,0.0,nan,nan
61.0,raw,nan,9.0,2.0,1.0,0.5474149381230522,1.0,1.0,0.0,nan,nan
61.0,raw,nan,10.0,2.0,2.0,0.5395056531383616,0.9213628207743756,0.9201813918121563,0.0,nan,nan
61.0,raw,nan,11.0,2.0,3.0,0.49768598245178497,0.76211359075763,0.6956552905631127,0.0,nan,nan
61.0,raw,nan,12.0,2.0,4.0,0.35702986249609453,0.21166377134445577,0.2047241065702208,0.0,nan,nan
61.0,raw,nan,13.0,2.0,5.0,0.5435772932436559,0.05788600052336994,0.10972743711882971,0.0,nan,nan
61.0,raw,nan,14.0,2.0,6.0,0.4527480261781336,0.31501682644949314,0.26484702752235667,0.0,nan,nan
61.0,raw,nan,15.0,2.0,7.0,0.43673634093441954,0.1876847636708463,0.2468685340988978,0.0,nan,nan
61.0,raw,nan,16.0,2.0,8.0,0.40626169828312875,0.1078343664991393,0.40417637541770945,0.0,nan,nan
61.0,ppo,nan,0.0,0.0,0.0,0.4381825474072605,1.0,1.0,0.0,nan,nan
61.0,ppo,nan,1.0,1.0,1.0,0.4489779517301623,1.0,1.0,1.0,nan,nan
61.0,ppo,nan,2.0,1.0,2.0,0.44906755616151506,0.9191475539645774,0.9078995271966137,1.0,nan,nan
61.0,ppo,nan,3.0,1.0,3.0,0.4669406559548965,0.8455946236389769,0.8451455752587652,1.0,nan,nan
61.0,ppo,nan,4.0,1.0,4.0,0.46588914328959774,0.9325024826379434,0.9496334841181172,1.0,nan,nan
61.0,ppo,nan,5.0,1.0,5.0,0.498136955606332,0.854976477792764,0.8234553577699442,1.0,nan,nan
61.0,ppo,nan,6.0,1.0,6.0,0.498775143825558,0.8058711364430556,0.8402917931467884,1.0,nan,nan
61.0,ppo,nan,7.0,1.0,7.0,0.5004591735454519,0.835651664886819,0.7963806750432693,1.0,nan,nan
61.0,ppo,nan,8.0,1.0,8.0,0.5204016770355612,0.8317775475190257,0.830867107832763,1.0,nan,nan
61.0,ppo,nan,9.0,2.0,1.0,0.5208296663283666,1.0,1.0,1.0,nan,nan
61.0,ppo,nan,10.0,2.0,2.0,0.5365362706895367,0.870561993661847,0.8867619827865816,1.0,nan,nan
61.0,ppo,nan,11.0,2.0,3.0,0.545181619920911,0.9412098093430986,0.936588309960988,1.0,nan,nan
61.0,ppo,nan,12.0,2.0,4.0,0.5337196023732593,0.9488415350163384,0.9460951053669538,1.0,nan,nan
61.0,ppo,nan,13.0,2.0,5.0,0.5595905808873483,0.8297185116626384,0.8078361409792204,1.0,nan,nan
61.0,ppo,nan,14.0,2.0,6.0,0.5641467601918335,0.8749541008767563,0.8731558819415399,1.0,nan,nan
61.0,ppo,nan,15.0,2.0,7.0,0.5502313435487288,0.8800841444557218,0.8725511293994564,1.0,nan,nan
61.0,ppo,nan,16.0,2.0,8.0,0.556829863277934,0.8023748291768037,0.8402401274085887,1.0,nan,nan
61.0,mse_oracle,nan,0.0,0.0,0.0,0.4381825474072605,1.0,1.0,0.0,nan,nan
61.0,mse_oracle,nan,1.0,1.0,1.0,0.4489779517301623,1.0,1.0,0.0,0.06706072794876566,0.06706072794876566
61.0,mse_oracle,nan,2.0,1.0,2.0,0.4563997162095057,0.9191475539645774,0.9078995271966137,0.0,0.06652252668678002,0.06709480808977035
61.0,mse_oracle,nan,3.0,1.0,3.0,0.486304444966461,0.8210998210381842,0.8409406517587756,0.0,0.06995103542439264,0.07315700192800895
61.0,mse_oracle,nan,4.0,1.0,4.0,0.4890207339456355,0.8815414740679306,0.8542217915259657,0.0,0.05961673526954636,0.061410136504134565
61.0,mse_oracle,nan,5.0,1.0,5.0,0.5142685445815494,0.8630233861596911,0.8848195452017376,1.0,0.061621841069625094,0.06004914112624505
61.0,mse_oracle,nan,6.0,1.0,6.0,0.5034349827996747,0.8305014746356965,0.8771197901104624,0.0,0.056207752375392196,0.05699966185441881
61.0,mse_oracle,nan,7.0,1.0,7.0,0.5283318345522205,0.7464677467151831,0.7245763573866854,1.0,0.06398654921949094,0.061575448788832886
61.0,mse_oracle,nan,8.0,1.0,8.0,0.5369118132410834,0.8777509374524847,0.8675858612109287,1.0,0.054242598416098166,0.05318806861938669
61.0,mse_oracle,nan,9.0,2.0,1.0,0.5323485115070228,1.0,1.0,0.0,0.07130584040158804,0.07130584040158804
61.0,mse_oracle,nan,10.0,2.0,2.0,0.5386612227054732,0.863261661418957,0.847999075006563,1.0,0.07237249102845134,0.06885610865098664
61.0,mse_oracle,nan,11.0,2.0,3.0,0.5393356584834835,0.8675267250051847,0.8126577463505799,1.0,0.07962337515769902,0.07635460462805788
61.0,mse_oracle,nan,12.0,2.0,4.0,0.5127352015432991,0.8347703925345855,0.8649139761372912,1.0,0.0937061957088297,0.09253358729522429
61.0,mse_oracle,nan,13.0,2.0,5.0,0.5631959411448294,0.6193734566940063,0.6427784851228834,1.0,0.11429998085131363,0.11226571350954039
61.0,mse_oracle,nan,14.0,2.0,6.0,0.5558874026681254,0.7842313549827012,0.7645449788746356,1.0,0.07760828413750305,0.07106842686860357
61.0,mse_oracle,nan,15.0,2.0,7.0,0.5531971679752867,0.7680657287990723,0.7815851434461253,1.0,0.09011364924884532,0.08706155420876706
61.0,mse_oracle,nan,16.0,2.0,8.0,0.5499872188917311,0.7305257644178494,0.7291777987284158,1.0,0.10696306907618063,0.10399226470462117
62.0,raw,nan,0.0,0.0,0.0,0.4381825474072605,1.0,1.0,0.0,nan,nan
62.0,raw,nan,1.0,1.0,1.0,0.4435599991514776,1.0,1.0,0.0,nan,nan
62.0,raw,nan,2.0,1.0,2.0,0.47085681197468165,0.8912618728147247,0.9191739513949624,0.0,nan,nan
62.0,raw,nan,3.0,1.0,3.0,0.4643860214948201,0.8473555872921122,0.7710780736945653,0.0,nan,nan
62.0,raw,nan,4.0,1.0,4.0,0.4958252974258901,0.7502479458933357,0.758123464604093,0.0,nan,nan
62.0,raw,nan,5.0,1.0,5.0,0.5147126993239356,0.8332139215926606,0.8553297715364163,0.0,nan,nan
62.0,raw,nan,6.0,1.0,6.0,0.5029516306541109,0.8399311761692457,0.8130694594478736,0.0,nan,nan
62.0,raw,nan,7.0,1.0,7.0,0.5232209301238313,0.7811875558744213,0.834834405860753,0.0,nan,nan
62.0,raw,nan,8.0,1.0,8.0,0.5420919931598165,0.7844251177703716,0.7307384143333544,0.0,nan,nan
62.0,raw,nan,9.0,2.0,1.0,0.5594066081307902,1.0,1.0,0.0,nan,nan
62.0,raw,nan,10.0,2.0,2.0,0.5562296498421311,0.7947774484244804,0.7874021429764002,0.0,nan,nan
62.0,raw,nan,11.0,2.0,3.0,0.5587216661663634,0.7749636470562619,0.8328795293633332,0.0,nan,nan
62.0,raw,nan,12.0,2.0,4.0,0.5406606593099876,0.623488144994388,0.6970881403833029,0.0,nan,nan
62.0,raw,nan,13.0,2.0,5.0,0.56564765226268,0.5850268000250051,0.5886655682703212,0.0,nan,nan
62.0,raw,nan,14.0,2.0,6.0,0.595685474697893,0.6906583898091574,0.6590416907461454,0.0,nan,nan
62.0,raw,nan,15.0,2.0,7.0,0.5827028781347946,0.8167377375932755,0.8011261826161094,0.0,nan,nan
62.0,raw,nan,16.0,2.0,8.0,0.5776890570331303,0.6558614119705899,0.683634253829014,0.0,nan,nan
62.0,ppo,nan,0.0,0.0,0.0,0.4381825474072605,1.0,1.0,0.0,nan,nan
62.0,ppo,nan,1.0,1.0,1.0,0.4435599991514776,1.0,1.0,1.0,nan,nan
62.0,ppo,nan,2.0,1.0,2.0,0.4567046056997797,0.8912618728147247,0.9191739513949624,1.0,nan,nan
62.0,ppo,nan,3.0,1.0,3.0,0.45303988021101843,0.7913334798893448,0.698297940143738,1.0,nan,nan
62.0,ppo,nan,4.0,1.0,4.0,0.46497140082857435,0.8440617685746098,0.855603969353726,1.0,nan,nan
62.0,ppo,nan,5.0,1.0,5.0,0.479018916005661,0.8679459664371422,0.8896925216097631,1.0,nan,nan
62.0,ppo,nan,6.0,1.0,6.0,0.49783846436628426,0.8745465610169514,0.8948686975596566,1.0,nan,nan
62.0,ppo,nan,7.0,1.0,7.0,0.514804420375507,0.9042951009498609,0.9060333131794703,1.0,nan,nan
62.0,ppo,nan,8.0,1.0,8.0,0.5110743657057268,0.8497906081888694,0.835658916385884,1.0,nan,nan
62.0,ppo,nan,9.0,2.0,1.0,0.5321186162298185,1.0,1.0,1.0,nan,nan
62.0,ppo,nan,10.0,2.0,2.0,0.5415770770556745,0.8407110505397103,0.8366665452073949,1.0,nan,nan
62.0,ppo,nan,11.0,2.0,3.0,0.5395909405668229,0.8506754786825467,0.863642445674779,1.0,nan,nan
62.0,ppo,nan,12.0,2.0,4.0,0.5242000674418786,0.8862245839510909,0.8582145593827173,1.0,nan,nan
62.0,ppo,nan,13.0,2.0,5.0,0.5581236839807319,0.9311033873725132,0.914498998945779,1.0,nan,nan
62.0,ppo,nan,14.0,2.0,6.0,0.5604335815112126,0.8855775649066155,0.8875170479111315,1.0,nan,nan
62.0,ppo,nan,15.0,2.0,7.0,0.5844965021565066,0.8573106496850329,0.9056703244190065,1.0,nan,nan
62.0,ppo,nan,16.0,2.0,8.0,0.5726305289262241,0.7628868830025143,0.8187399014689835,1.0,nan,nan
62.0,mse_oracle,nan,0.0,0.0,0.0,0.4381825474072605,1.0,1.0,0.0,nan,nan
62.0,mse_oracle,nan,1.0,1.0,1.0,0.4435599991514776,1.0,1.0,0.0,0.06706072794876566,0.06706072794876566
62.0,mse_oracle,nan,2.0,1.0,2.0,0.47085681197468165,0.8912618728147247,0.9191739513949624,0.0,0.06912892724469019,0.07124219058455306
62.0,mse_oracle,nan,3.0,1.0,3.0,0.4643860214948201,0.8473555872921122,0.7710780736945653,0.0,0.0651907110009135,0.06685848876220768
62.0,mse_oracle,nan,4.0,1.0,4.0,0.4958252974258901,0.7502479458933357,0.758123464604093,0.0,0.07159218873776348,0.07325639064636905
62.0,mse_oracle,nan,5.0,1.0,5.0,0.5081563417686656,0.8332139215926606,0.8553297715364163,1.0,0.06197248238355426,0.06157769284184332
62.0,mse_oracle,nan,6.0,1.0,6.0,0.511776311549867,0.8712835470986402,0.8598596084672212,1.0,0.05759257865628527,0.055205926756482795
62.0,mse_oracle,nan,7.0,1.0,7.0,0.521587209065148,0.9142725682439438,0.923024246469276,1.0,0.05804311592001238,0.054384964554416146
62.0,mse_oracle,nan,8.0,1.0,8.0,0.5212502579570943,0.8182607804869626,0.7745197650067864,1.0,0.05500299865869128,0.05241675337025043
62.0,mse_oracle,nan,9.0,2.0,1.0,0.5449890237174272,1.0,1.0,0.0,0.06897002276899736,0.06897002276899736
62.0,mse_oracle,nan,10.0,2.0,2.0,0.5498874561286109,0.8132201950755545,0.841413183606865,1.0,0.09915692468280973,0.09547024798692658
62.0,mse_oracle,nan,11.0,2.0,3.0,0.5542944937938314,0.7656258509317929,0.7910466569414453,1.0,0.10728015369755899,0.10450908733333775
62.0,mse_oracle,nan,12.0,2.0,4.0,0.551959667083987,0.8643563451267223,0.8608972637370882,1.0,0.0849248839403055,0.08336647155528627
62.0,mse_oracle,nan,13.0,2.0,5.0,0.5462008301930911,0.9048871971292857,0.9251537973896024,1.0,0.06696941123792445,0.06587278504512403
62.0,mse_oracle,nan,14.0,2.0,6.0,0.5449557736145468,0.8592076599672661,0.8438541580211495,1.0,0.06416778666245146,0.06225149830461225
62.0,mse_oracle,nan,15.0,2.0,7.0,0.5532952078337888,0.8196537716254024,0.8016263125372279,1.0,0.060252826681030824,0.05522060130475577
62.0,mse_oracle,nan,16.0,2.0,8.0,0.5596528510573509,0.8297496919354587,0.7521257183661547,1.0,0.05251014073102974,0.05014701960292786
63.0,raw,nan,0.0,0.0,0.0,0.4381825474072605,1.0,1.0,0.0,nan,nan
63.0,raw,nan,1.0,1.0,1.0,0.442964929362089,1.0,1.0,0.0,nan,nan
63.0,raw,nan,2.0,1.0,2.0,0.4589366244754833,0.8539909298028114,0.8456475039229288,0.0,nan,nan
63.0,raw,nan,3.0,1.0,3.0,0.46143188278853176,0.7976987366340549,0.7361807102359248,0.0,nan,nan
63.0,raw,nan,4.0,1.0,4.0,0.4859341982620985,0.8116035032578184,0.7408127928922268,0.0,nan,nan
63.0,raw,nan,5.0,1.0,5.0,0.47038829379047864,0.8379500316875601,0.7925164325444537,0.0,nan,nan
63.0,raw,nan,6.0,1.0,6.0,0.4841604046017214,0.6685046034518936,0.7398254313097452,0.0,nan,nan
63.0,raw,nan,7.0,1.0,7.0,0.5251479951011966,0.7232181998486121,0.7091072470751042,0.0,nan,nan
63.0,raw,nan,8.0,1.0,8.0,0.5463667123540819,0.7989536543293817,0.8896894194638921,0.0,nan,nan
63.0,raw,nan,9.0,2.0,1.0,0.538528379397654,1.0,1.0,0.0,nan,nan
63.0,raw,nan,10.0,2.0,2.0,0.5710078407933464,0.8791962554135643,0.8901574347227686,0.0,nan,nan
63.0,raw,nan,11.0,2.0,3.0,0.5394309349012604,0.820301810853601,0.7621885366933417,0.0,nan,nan
63.0,raw,nan,12.0,2.0,4.0,0.5319628073469895,0.7079380211999311,0.8373860090638925,0.0,nan,nan
63.0,raw,nan,13.0,2.0,5.0,0.5697644043337949,0.6183056561787582,0.5715306279390739,0.0,nan,nan
63.0,raw,nan,14.0,2.0,6.0,0.5403413231538406,0.7442879075511126,0.6709239607999098,0.0,nan,nan
63.0,raw,nan,15.0,2.0,7.0,0.575666079454493,0.710306770307532,0.7642299559900277,0.0,nan,nan
63.0,raw,nan,16.0,2.0,8.0,0.6128079102757292,0.7208216107021712,0.8004324088316057,0.0,nan,nan
63.0,ppo,nan,0.0,0.0,0.0,0.4381825474072605,1.0,1.0,0.0,nan,nan
63.0,ppo,nan,1.0,1.0,1.0,0.442964929362089,1.0,1.0,1.0,nan,nan
63.0,ppo,nan,2.0,1.0,2.0,0.45568290744117795,0.8539909298028114,0.8456475039229288,1.0,nan,nan
63.0,ppo,nan,3.0,1.0,3.0,0.43711368397437356,0.8252171569303751,0.7693034733141186,1.0,nan,nan
63.0,ppo,nan,4.0,1.0,4.0,0.4620796443837607,0.7305811416855474,0.6728898489384069,1.0,nan,nan
63.0,ppo,nan,5.0,1.0,5.0,0.4581220706895524,0.8386938483245594,0.8675366957673717,1.0,nan,nan
63.0,ppo,nan,6.0,1.0,6.0,0.48006282434468867,0.6512209351676722,0.7170756772143889,1.0,nan,nan
63.0,ppo,nan,7.0,1.0,7.0,0.5261334177795642,0.7833947711293032,0.7913289038448785,1.0,nan,nan
63.0,ppo,nan,8.0,1.0,8.0,0.5236901308836628,0.8871364855943698,0.9291459686468962,1.0,nan,nan
63.0,ppo,nan,9.0,2.0,1.0,0.527267825729692,1.0,1.0,1.0,nan,nan
63.0,ppo,nan,10.0,2.0,2.0,0.5449654976612229,0.8536039752626261,0.8803076927341743,1.0,nan,nan
63.0,ppo,nan,11.0,2.0,3.0,0.520141565801155,0.8261841370350752,0.8037274531471841,1.0,nan,nan
63.0,ppo,nan,12.0,2.0,4.0,0.5289669848314166,0.7983234142649536,0.8446969010933639,1.0,nan,nan
63.0,ppo,nan,13.0,2.0,5.0,0.5675586183382633,0.8413729956249822,0.8566351221529006,1.0,nan,nan
63.0,ppo,nan,14.0,2.0,6.0,0.5410607942775758,0.8403693365700479,0.7961644043024075,1.0,nan,nan
63.0,ppo,nan,15.0,2.0,7.0,0.5774701278376215,0.7791686169379287,0.8113587495765294,1.0,nan,nan
63.0,ppo,nan,16.0,2.0,8.0,0.5690274777981289,0.9421222918146325,0.9615805246762194,1.0,nan,nan
63.0,mse_oracle,nan,0.0,0.0,0.0,0.4381825474072605,1.0,1.0,0.0,nan,nan
63.0,mse_oracle,nan,1.0,1.0,1.0,0.442964929362089,1.0,1.0,0.0,0.06706072794876566,0.06706072794876566
63.0,mse_oracle,nan,2.0,1.0,2.0,0.4589366244754833,0.8539909298028114,0.8456475039229288,0.0,0.07095136502167301,0.07455355370673714
63.0,mse_oracle,nan,3.0,1.0,3.0,0.46143188278853176,0.7976987366340549,0.7361807102359248,0.0,0.06987424092584527,0.07286391952153723
63.0,mse_oracle,nan,4.0,1.0,4.0,0.4859341982620985,0.8116035032578184,0.7408127928922268,0.0,0.07040639480666148,0.0713156175015198
63.0,mse_oracle,nan,5.0,1.0,5.0,0.45620905273587153,0.8379500316875601,0.7925164325444537,1.0,0.06405222256550734,0.06338238686000716
63.0,mse_oracle,nan,6.0,1.0,6.0,0.4812312663127983,0.6524163474960715,0.7369448727192388,1.0,0.07902712266246562,0.0736580738685018
63.0,mse_oracle,nan,7.0,1.0,7.0,0.5163697360531311,0.755727749898311,0.7235832015035506,1.0,0.07144902353551094,0.0624002605315551
63.0,mse_oracle,nan,8.0,1.0,8.0,0.5202614863100113,0.8043668862005704,0.8758893250928566,1.0,0.059834851018656945,0.05519211449995791
63.0,mse_oracle,nan,9.0,2.0,1.0,0.5204910993365373,1.0,1.0,0.0,0.07086715574547674,0.07086715574547674
63.0,mse_oracle,nan,10.0,2.0,2.0,0.5430226879826467,0.8963740055327003,0.9194032077944515,1.0,0.08062676301241281,0.07662852694227056
63.0,mse_oracle,nan,11.0,2.0,3.0,0.47618997015930997,0.8325441364362953,0.7139444222701331,1.0,0.07896449465545877,0.07837895052415204
63.0,mse_oracle,nan,12.0,2.0,4.0,0.48721710711015687,0.6748117785815418,0.7222451746240152,1.0,0.10085000024635063,0.09817204174609384
63.0,mse_oracle,nan,13.0,2.0,5.0,0.504031198815379,0.6387904170054398,0.5648588325911797,1.0,0.11922388217473714,0.11005262552843176
63.0,mse_oracle,nan,14.0,2.0,6.0,0.47264347480156527,0.6615222421380452,0.6397187115368237,1.0,0.11925236875657401,0.10990304812452747
63.0,mse_oracle,nan,15.0,2.0,7.0,0.5747478531788495,0.5173724932200039,0.5845756833956025,1.0,0.11472716438491397,0.11104211929481142
63.0,mse_oracle,nan,16.0,2.0,8.0,0.5794744564931827,0.7533051402544715,0.8002722107947364,1.0,0.09084229364700666,0.08430999241180681
64.0,raw,nan,0.0,0.0,0.0,0.4381825474072605,1.0,1.0,0.0,nan,nan
64.0,raw,nan,1.0,1.0,1.0,0.43042744349121187,1.0,1.0,0.0,nan,nan
64.0,raw,nan,2.0,1.0,2.0,0.46387538082752894,0.6570591086614935,0.668139804691895,0.0,nan,nan
64.0,raw,nan,3.0,1.0,3.0,0.3988231851986131,0.8011009793578188,0.8173538425873146,0.0,nan,nan
64.0,raw,nan,4.0,1.0,4.0,0.44459544933857337,0.4259882805856925,0.4378466465543536,0.0,nan,nan
64.0,raw,nan,5.0,1.0,5.0,0.46529989628580065,0.5552245055067718,0.7064638683366448,0.0,nan,nan
64.0,raw,nan,6.0,1.0,6.0,0.49112788442527655,0.6020488804863119,0.507126065414527,0.0,nan,nan
64.0,raw,nan,7.0,1.0,7.0,0.4917047630847233,0.7339353934756201,0.7587219398973104,0.0,nan,nan
64.0,raw,nan,8.0,1.0,8.0,0.5145845649316055,0.7020093558451315,0.5438567158439784,0.0,nan,nan
64.0,raw,nan,9.0,2.0,1.0,0.5473159996999122,1.0,1.0,0.0,nan,nan
64.0,raw,nan,10.0,2.0,2.0,0.5186587857551261,0.8182435710999305,0.8862925176570124,0.0,nan,nan
64.0,raw,nan,11.0,2.0,3.0,0.5097420089092939,0.33501291961107743,0.23890231232814305,0.0,nan,nan
64.0,raw,nan,12.0,2.0,4.0,0.5296670288646302,0.6943720514495885,0.7325466688441986,0.0,nan,nan
64.0,raw,nan,13.0,2.0,5.0,0.4992122382309694,0.7393916256162488,0.7141303738729674,0.0,nan,nan
64.0,raw,nan,14.0,2.0,6.0,0.5274057883711741,0.4635156602026036,0.5067670180537257,0.0,nan,nan
64.0,raw,nan,15.0,2.0,7.0,0.5596581430660944,0.5070429130569001,0.34732711243964315,0.0,nan,nan
64.0,raw,nan,16.0,2.0,8.0,0.5676722241930409,0.7266404670008223,0.7782175225605937,0.0,nan,nan
64.0,ppo,nan,0.0,0.0,0.0,0.4381825474072605,1.0,1.0,0.0,nan,nan
64.0,ppo,nan,1.0,1.0,1.0,0.43042744349121187,1.0,1.0,1.0,nan,nan
64.0,ppo,nan,2.0,1.0,2.0,0.4563081203742695,0.6570591086614935,0.668139804691895,1.0,nan,nan
64.0,ppo,nan,3.0,1.0,3.0,0.4482048641041545,0.7674092537159947,0.7948906227025228,1.0,nan,nan
64.0,ppo,nan,4.0,1.0,4.0,0.4852591150093259,0.7584448180388806,0.7594984883689684,1.0,nan,nan
64.0,ppo,nan,5.0,1.0,5.0,0.4903992409202387,0.8978642430161041,0.8838325269084059,1.0,nan,nan
64.0,ppo,nan,6.0,1.0,6.0,0.473988021411759,0.9061969606995149,0.9306228257374527,1.0,nan,nan
64.0,ppo,nan,7.0,1.0,7.0,0.47944419130184335,0.7976258249107264,0.7944015418256931,1.0,nan,nan
64.0,ppo,nan,8.0,1.0,8.0,0.5042902265156463,0.8233948124013226,0.7717345031319366,1.0,nan,nan
64.0,ppo,nan,9.0,2.0,1.0,0.5180302648301643,1.0,1.0,1.0,nan,nan
64.0,ppo,nan,10.0,2.0,2.0,0.5338037894890326,0.8358941667471667,0.8665776216457876,1.0,nan,nan
64.0,ppo,nan,11.0,2.0,3.0,0.5405294800729705,0.8108349982781028,0.8474904891815415,1.0,nan,nan
64.0,ppo,nan,12.0,2.0,4.0,0.5124835115312064,0.922733653831458,0.9164659934648655,1.0,nan,nan
64.0,ppo,nan,13.0,2.0,5.0,0.5128762385985854,0.8462653979589917,0.7978334655926564,1.0,nan,nan
64.0,ppo,nan,14.0,2.0,6.0,0.5690778745290772,0.6742341656210695,0.6164991523334385,1.0,nan,nan
64.0,ppo,nan,15.0,2.0,7.0,0.5767927344015533,0.8229111946616465,0.7966733441723021,1.0,nan,nan
64.0,ppo,nan,16.0,2.0,8.0,0.5558069811080372,0.8695556241924057,0.8920735086281615,1.0,nan,nan
64.0,mse_oracle,nan,0.0,0.0,0.0,0.4381825474072605,1.0,1.0,0.0,nan,nan
64.0,mse_oracle,nan,1.0,1.0,1.0,0.43042744349121187,1.0,1.0,0.0,0.06706072794876566,0.06706072794876566
64.0,mse_oracle,nan,2.0,1.0,2.0,0.4563081203742695,0.6570591086614935,0.668139804691895,1.0,0.08120917958580513,0.07956486774547777
64.0,mse_oracle,nan,3.0,1.0,3.0,0.4059144006634172,0.7674092537159947,0.7948906227025228,0.0,0.06919735541038086,0.07006529281628399
64.0,mse_oracle,nan,4.0,1.0,4.0,0.44788447821698013,0.4780645170096686,0.4874178922282825,0.0,0.08796260328563135,0.09102295438097287
64.0,mse_oracle,nan,5.0,1.0,5.0,0.46580945797586737,0.5877975366012594,0.7244388421425622,0.0,0.07553935815762332,0.07781804769685739
64.0,mse_oracle,nan,6.0,1.0,6.0,0.4834166688247093,0.6251902666831824,0.5241699051711977,1.0,0.06869248836906744,0.06731953535774758
64.0,mse_oracle,nan,7.0,1.0,7.0,0.4800461709847752,0.7387494188035705,0.734310670278734,1.0,0.06716924473173227,0.06310887385822868
64.0,mse_oracle,nan,8.0,1.0,8.0,0.4735092913013257,0.7563807936516121,0.6359827567343214,1.0,0.07003371687001515,0.06728399630179498
64.0,mse_oracle,nan,9.0,2.0,1.0,0.4979390898037435,1.0,1.0,0.0,0.06496439136116636,0.06496439136116636
64.0,mse_oracle,nan,10.0,2.0,2.0,0.5112405765483407,0.9076682467596099,0.8915623354807947,1.0,0.07393468107433208,0.06895167464456786
64.0,mse_oracle,nan,11.0,2.0,3.0,0.5145584113392443,0.8583756044921328,0.8688719202464259,1.0,0.09086928331716362,0.09051997619385033
64.0,mse_oracle,nan,12.0,2.0,4.0,0.4603430960407557,0.9124616913696492,0.8706138081954715,1.0,0.06951420290435116,0.06577171907220541
64.0,mse_oracle,nan,13.0,2.0,5.0,0.5031751370355318,0.770420429713593,0.6791970119330074,1.0,0.08253486624262754,0.0801499114811624
64.0,mse_oracle,nan,14.0,2.0,6.0,0.5253148465301708,0.7922048732959189,0.8262685497237885,1.0,0.09458027672619918,0.09217928787863436
64.0,mse_oracle,nan,15.0,2.0,7.0,0.532053367199501,0.8033202832213417,0.8122631767517627,1.0,0.08663573475285023,0.07753973868392545
64.0,mse_oracle,nan,16.0,2.0,8.0,0.5582638311152436,0.7859516224211974,0.8426443720978302,1.0,0.10313008718915946,0.09193922039475184
65.0,raw,nan,0.0,0.0,0.0,0.4381825474072605,1.0,1.0,0.0,nan,nan
65.0,raw,nan,1.0,1.0,1.0,0.43610854541869326,1.0,1.0,0.0,nan,nan
65.0,raw,nan,2.0,1.0,2.0,0.4413424353012101,0.7650761132761892,0.8713006295468883,0.0,nan,nan
65.0,raw,nan,3.0,1.0,3.0,0.4592031059735948,0.7211914410732269,0.7072011005087235,0.0,nan,nan
65.0,raw,nan,4.0,1.0,4.0,0.4866242292507694,0.7314841287104829,0.7479927814017732,0.0,nan,nan
65.0,raw,nan,5.0,1.0,5.0,0.4741390792684135,0.7704311280341088,0.7510601303921046,0.0,nan,nan
65.0,raw,nan,6.0,1.0,6.0,0.4775281629042778,0.6343099851666758,0.6933385076154687,0.0,nan,nan
65.0,raw,nan,7.0,1.0,7.0,0.5324580450555154,0.5870812465196921,0.5560922551364378,0.0,nan,nan
65.0,raw,nan,8.0,1.0,8.0,0.5363772082919683,0.7647595802520263,0.6803654665026868,0.0,nan,nan
65.0,raw,nan,9.0,2.0,1.0,0.5413631313275731,1.0,1.0,0.0,nan,nan
65.0,raw,nan,10.0,2.0,2.0,0.5076663920500708,0.8251595319115922,0.7185813351398362,0.0,nan,nan
65.0,raw,nan,11.0,2.0,3.0,0.5274177088426716,0.7839353446705891,0.739321442491024,0.0,nan,nan
65.0,raw,nan,12.0,2.0,4.0,0.5367401311047928,0.7677805716648127,0.7575833570197174,0.0,nan,nan
65.0,raw,nan,13.0,2.0,5.0,0.4770418574288412,0.761047983849658,0.686497183144993,0.0,nan,nan
65.0,raw,nan,14.0,2.0,6.0,0.5172521306615467,0.5186944776289679,0.6521968475372961,0.0,nan,nan
65.0,raw,nan,15.0,2.0,7.0,0.5801133470054329,0.6362517922896818,0.7586349564686746,0.0,nan,nan
65.0,raw,nan,16.0,2.0,8.0,0.5750739951691101,0.6512856974815996,0.8351308417313285,0.0,nan,nan
65.0,ppo,nan,0.0,0.0,0.0,0.4381825474072605,1.0,1.0,0.0,nan,nan
65.0,ppo,nan,1.0,1.0,1.0,0.43610854541869326,1.0,1.0,1.0,nan,nan
65.0,ppo,nan,2.0,1.0,2.0,0.4421702914224868,0.7650761132761892,0.8713006295468883,1.0,nan,nan
65.0,ppo,nan,3.0,1.0,3.0,0.4656677501516792,0.7457227979962828,0.7088516168515576,1.0,nan,nan
65.0,ppo,nan,4.0,1.0,4.0,0.48772443275176364,0.8514628758618931,0.8886174474681513,1.0,nan,nan
65.0,ppo,nan,5.0,1.0,5.0,0.4829496135247983,0.9103696400500974,0.8984323984753206,1.0,nan,nan
65.0,ppo,nan,6.0,1.0,6.0,0.47571408931871834,0.8823072047657888,0.8636498190529174,1.0,nan,nan
65.0,ppo,nan,7.0,1.0,7.0,0.5003504737589118,0.8180445598525491,0.8369997605549595,1.0,nan,nan
65.0,ppo,nan,8.0,1.0,8.0,0.5141164604649948,0.8516751889332181,0.852508940251102,1.0,nan,nan
65.0,ppo,nan,9.0,2.0,1.0,0.5003414274140536,1.0,1.0,1.0,nan,nan
65.0,ppo,nan,10.0,2.0,2.0,0.5090204218762737,0.8526475583923135,0.8287324217647161,1.0,nan,nan
65.0,ppo,nan,11.0,2.0,3.0,0.5195410380075698,0.7930534463309938,0.8056716470137607,1.0,nan,nan
65.0,ppo,nan,12.0,2.0,4.0,0.5379115905955807,0.8268818776747365,0.8210548076028856,1.0,nan,nan
65.0,ppo,nan,13.0,2.0,5.0,0.5532695969411344,0.8928483927876185,0.8765572157521621,1.0,nan,nan
65.0,ppo,nan,14.0,2.0,6.0,0.5511324941980733,0.8874109127185346,0.9117438563166559,1.0,nan,nan
65.0,ppo,nan,15.0,2.0,7.0,0.5306450794940311,0.9029276061366432,0.9421429562603777,1.0,nan,nan
65.0,ppo,nan,16.0,2.0,8.0,0.5570060901371802,0.8050575776945982,0.8576134062957373,1.0,nan,nan
65.0,mse_oracle,nan,0.0,0.0,0.0,0.4381825474072605,1.0,1.0,0.0,nan,nan
65.0,mse_oracle,nan,1.0,1.0,1.0,0.43610854541869326,1.0,1.0,0.0,0.06706072794876566,0.06706072794876566
65.0,mse_oracle,nan,2.0,1.0,2.0,0.4413424353012101,0.7650761132761892,0.8713006295468883,0.0,0.07403142818246036,0.07595211214403012
65.0,mse_oracle,nan,3.0,1.0,3.0,0.46834080517605603,0.7211914410732269,0.7072011005087235,1.0,0.07557658179593417,0.0742610603896573
65.0,mse_oracle,nan,4.0,1.0,4.0,0.4836515686350208,0.8396120469569507,0.8478299276472048,0.0,0.0673157958357826,0.06949808538203114
65.0,mse_oracle,nan,5.0,1.0,5.0,0.48179923853381323,0.7866255304883325,0.7861684999409106,1.0,0.06306287882984841,0.06293060790175138
65.0,mse_oracle,nan,6.0,1.0,6.0,0.4844848813612131,0.7768657319368895,0.767820345935471,0.0,0.06640227273289748,0.07045999327298175
65.0,mse_oracle,nan,7.0,1.0,7.0,0.5102687537242945,0.7090872718541051,0.7142871519115326,1.0,0.06723942146519005,0.06525887833688174
65.0,mse_oracle,nan,8.0,1.0,8.0,0.5240511492242778,0.8418782919285722,0.8139727104640452,1.0,0.05688584871237853,0.049284184337456585
65.0,mse_oracle,nan,9.0,2.0,1.0,0.5109021384720192,1.0,1.0,0.0,0.06832157212678423,0.06832157212678423
65.0,mse_oracle,nan,10.0,2.0,2.0,0.5092238724117366,0.8337668664138593,0.7796120287711115,1.0,0.07769318371500955,0.07739904581875276
65.0,mse_oracle,nan,11.0,2.0,3.0,0.5291013439253852,0.8393835870867896,0.8289569850810458,1.0,0.05750140036237864,0.05265228782677738
65.0,mse_oracle,nan,12.0,2.0,4.0,0.532852197352472,0.8463992186889558,0.8707271051111691,1.0,0.05509569482052118,0.051187791317072406
65.0,mse_oracle,nan,13.0,2.0,5.0,0.5464791877837698,0.8839710548342332,0.8932761026097961,1.0,0.050783883262902896,0.04363335097458248
65.0,mse_oracle,nan,14.0,2.0,6.0,0.5475702767632753,0.8170508598714276,0.8302363995925656,1.0,0.06212204904097017,0.06045236205472344
65.0,mse_oracle,nan,15.0,2.0,7.0,0.5547495345346236,0.862957917436884,0.9389684958628663,1.0,0.06363670928654094,0.05405290298486415
65.0,mse_oracle,nan,16.0,2.0,8.0,0.5686667819353618,0.7994316804112265,0.8399065328169756,1.0,0.08272268166379326,0.06996925211501244
66.0,raw,nan,0.0,0.0,0.0,0.4381825474072605,1.0,1.0,0.0,nan,nan
66.0,raw,nan,1.0,1.0,1.0,0.45497031165475926,1.0,1.0,0.0,nan,nan
66.0,raw,nan,2.0,1.0,2.0,0.4460065046616193,0.8636802983531104,0.8787290233143275,0.0,nan,nan
66.0,raw,nan,3.0,1.0,3.0,0.43512096722328697,0.7974178718560462,0.8347780829007871,0.0,nan,nan
66.0,raw,nan,4.0,1.0,4.0,0.4545960828582901,0.6352015731377125,0.7723725530002596,0.0,nan,nan
66.0,raw,nan,5.0,1.0,5.0,0.47293196955765765,0.6542403417728097,0.6750053073314859,0.0,nan,nan
66.0,raw,nan,6.0,1.0,6.0,0.47771026298606617,0.7856226092654587,0.7172573545743502,0.0,nan,nan
66.0,raw,nan,7.0,1.0,7.0,0.47511126233268053,0.7147316811093675,0.7329339160117294,0.0,nan,nan
66.0,raw,nan,8.0,1.0,8.0,0.4871275296156547,0.6087841152056541,0.6191076779951667,0.0,nan,nan
66.0,raw,nan,9.0,2.0,1.0,0.5267588348499581,1.0,1.0,0.0,nan,nan
66.0,raw,nan,10.0,2.0,2.0,0.5519084954121595,0.8432245237299159,0.8185782586558286,0.0,nan,nan
66.0,raw,nan,11.0,2.0,3.0,0.5579430913008786,0.7529192447326639,0.737044523969623,0.0,nan,nan
66.0,raw,nan,12.0,2.0,4.0,0.5628296349270817,0.6489840841206533,0.6239329986810477,0.0,nan,nan
66.0,raw,nan,13.0,2.0,5.0,0.5374728450700844,0.5452256949421097,0.711936780204311,0.0,nan,nan
66.0,raw,nan,14.0,2.0,6.0,0.5472867943455675,0.3633212836299957,0.38319021168121953,0.0,nan,nan
66.0,raw,nan,15.0,2.0,7.0,0.5958572464141445,0.25037604920477224,0.3859314067696614,0.0,nan,nan
66.0,raw,nan,16.0,2.0,8.0,0.5928255659871299,0.4622352315466907,0.6145223385310735,0.0,nan,nan
66.0,ppo,nan,0.0,0.0,0.0,0.4381825474072605,1.0,1.0,0.0,nan,nan
66.0,ppo,nan,1.0,1.0,1.0,0.45497031165475926,1.0,1.0,1.0,nan,nan
66.0,ppo,nan,2.0,1.0,2.0,0.44542080483747054,0.8636802983531104,0.8787290233143275,1.0,nan,nan
66.0,ppo,nan,3.0,1.0,3.0,0.46212000413139676,0.8863123846838343,0.9066938379960734,1.0,nan,nan
66.0,ppo,nan,4.0,1.0,4.0,0.47101906424855866,0.8584884687087341,0.873725817422394,1.0,nan,nan
66.0,ppo,nan,5.0,1.0,5.0,0.48145226050928264,0.8586746437883856,0.8880916916363982,1.0,nan,nan
66.0,ppo,nan,6.0,1.0,6.0,0.4728567605335842,0.8999961416461635,0.9190723606266443,1.0,nan,nan
66.0,ppo,nan,7.0,1.0,7.0,0.5072103592049472,0.746532722142558,0.7936937530930787,1.0,nan,nan
66.0,ppo,nan,8.0,1.0,8.0,0.5081595524475003,0.8651586762528967,0.8560070740346832,1.0,nan,nan
66.0,ppo,nan,9.0,2.0,1.0,0.5063117776459328,1.0,1.0,1.0,nan,nan
66.0,ppo,nan,10.0,2.0,2.0,0.5259863885209454,0.8982494246531005,0.9234924285110643,1.0,nan,nan
66.0,ppo,nan,11.0,2.0,3.0,0.5380324960730688,0.8512412395318103,0.8645559162871895,1.0,nan,nan
66.0,ppo,nan,12.0,2.0,4.0,0.5468551693911193,0.9459122030439895,0.9582484069204221,1.0,nan,nan
66.0,ppo,nan,13.0,2.0,5.0,0.5476765249978156,0.9537707436962111,0.963158379706586,1.0,nan,nan
66.0,ppo,nan,14.0,2.0,6.0,0.5700269524169395,0.8990672531623964,0.8970064832895827,1.0,nan,nan
66.0,ppo,nan,15.0,2.0,7.0,0.5672220561501325,0.8401680258065696,0.8524980966678463,1.0,nan,nan
66.0,ppo,nan,16.0,2.0,8.0,0.5710309074977122,0.8254478624635496,0.8241663286958156,1.0,nan,nan
66.0,mse_oracle,nan,0.0,0.0,0.0,0.4381825474072605,1.0,1.0,0.0,nan,nan
66.0,mse_oracle,nan,1.0,1.0,1.0,0.45497031165475926,1.0,1.0,0.0,0.06706072794876566,0.06706072794876566
66.0,mse_oracle,nan,2.0,1.0,2.0,0.4460065046616193,0.8636802983531104,0.8787290233143275,0.0,0.06779588349364207,0.07325920094148729
66.0,mse_oracle,nan,3.0,1.0,3.0,0.46112264665151903,0.7974178718560462,0.8347780829007871,1.0,0.07572863953091699,0.07537459189224743
66.0,mse_oracle,nan,4.0,1.0,4.0,0.47184216981820803,0.8085541671556207,0.8857404278231042,0.0,0.06817816326270212,0.0690351676533465
66.0,mse_oracle,nan,5.0,1.0,5.0,0.4859418306577804,0.7830080518769017,0.8076916202817122,1.0,0.06822612898672684,0.06681479645077147
66.0,mse_oracle,nan,6.0,1.0,6.0,0.49989754961390026,0.8945943469825989,0.8764766138923409,1.0,0.06236888511960827,0.05667389386414222
66.0,mse_oracle,nan,7.0,1.0,7.0,0.49702093268635367,0.8853939823821718,0.8731098649200549,0.0,0.05712430766644968,0.060599842075348576
66.0,mse_oracle,nan,8.0,1.0,8.0,0.5007446150860217,0.7467094751001502,0.7440812313143729,0.0,0.06224108878217384,0.06240804056052253
66.0,mse_oracle,nan,9.0,2.0,1.0,0.5108894756426079,1.0,1.0,0.0,0.06469458642670403,0.06469458642670403
66.0,mse_oracle,nan,10.0,2.0,2.0,0.5457119110137534,0.972216929886117,0.9796384798619973,1.0,0.0699637214350456,0.06673747407875542
66.0,mse_oracle,nan,11.0,2.0,3.0,0.55245355791862,0.8400727168119185,0.8013633539609969,1.0,0.09511520799988994,0.08990781033616714
66.0,mse_oracle,nan,12.0,2.0,4.0,0.5399527301920232,0.8257237095640647,0.8491912620661576,1.0,0.09820246372983832,0.09697902888159869
66.0,mse_oracle,nan,13.0,2.0,5.0,0.5257323710249749,0.7790624426305401,0.8164580192178692,1.0,0.10248593245068238,0.10025245618382139
66.0,mse_oracle,nan,14.0,2.0,6.0,0.5579728786411868,0.7612842136850886,0.7602277135894497,0.0,0.09177435773099682,0.09447862692452047
66.0,mse_oracle,nan,15.0,2.0,7.0,0.5584515410817722,0.6309312817679724,0.6465606986244583,1.0,0.12959166936351613,0.12457619564462802
66.0,mse_oracle,nan,16.0,2.0,8.0,0.5679357957481799,0.8000174182284217,0.8251913494891392,1.0,0.08358119239880407,0.07787826690907759
67.0,raw,nan,0.0,0.0,0.0,0.4381825474072605,1.0,1.0,0.0,nan,nan
67.0,raw,nan,1.0,1.0,1.0,0.4084130461010598,1.0,1.0,0.0,nan,nan
67.0,raw,nan,2.0,1.0,2.0,0.45094109510440006,0.7339224834329857,0.7044986646306418,0.0,nan,nan
67.0,raw,nan,3.0,1.0,3.0,0.4710881007246667,0.6934327189535117,0.6638501880225058,0.0,nan,nan
67.0,raw,nan,4.0,1.0,4.0,0.4556814978786136,0.7856058749523601,0.7252530120111328,0.0,nan,nan
67.0,raw,nan,5.0,1.0,5.0,0.4425785797079848,0.6391047598882806,0.6395916534469024,0.0,nan,nan
67.0,raw,nan,6.0,1.0,6.0,0.5098074109739273,0.5073581170478144,0.5665216444871852,0.0,nan,nan
67.0,raw,nan,7.0,1.0,7.0,0.5017585044959416,0.7675041661576089,0.7852180383021568,0.0,nan,nan
67.0,raw,nan,8.0,1.0,8.0,0.5124850638985482,0.6759215528778711,0.6875873784853147,0.0,nan,nan
67.0,raw,nan,9.0,2.0,1.0,0.5474583715812353,1.0,1.0,0.0,nan,nan
67.0,raw,nan,10.0,2.0,2.0,0.5342649648848644,0.7553116311166322,0.8047782842646665,0.0,nan,nan
67.0,raw,nan,11.0,2.0,3.0,0.5296906544648057,0.743822823502779,0.75308981591713,0.0,nan,nan
67.0,raw,nan,12.0,2.0,4.0,0.5463868439698426,0.5916137258832987,0.5481641097578089,0.0,nan,nan
67.0,raw,nan,13.0,2.0,5.0,0.547504459376324,0.5533331086200328,0.6416333775754958,0.0,nan,nan
67.0,raw,nan,14.0,2.0,6.0,0.4845706734810028,0.29987231917555907,0.5058335297941328,0.0,nan,nan
67.0,raw,nan,15.0,2.0,7.0,0.40709032801297484,0.1374397614548319,0.2980108530914738,0.0,nan,nan
67.0,raw,nan,16.0,2.0,8.0,0.4433706212279723,0.06983137295286287,0.4401846043036527,0.0,nan,nan
67.0,ppo,nan,0.0,0.0,0.0,0.4381825474072605,1.0,1.0,0.0,nan,nan
67.0,ppo,nan,1.0,1.0,1.0,0.4084130461010598,1.0,1.0,1.0,nan,nan
67.0,ppo,nan,2.0,1.0,2.0,0.4452206941516839,0.7339224834329857,0.7044986646306418,1.0,nan,nan
67.0,ppo,nan,3.0,1.0,3.0,0.4322675803933385,0.6936494644982009,0.6773058954467949,1.0,nan,nan
67.0,ppo,nan,4.0,1.0,4.0,0.46367126492595373,0.6630708202759282,0.6255944936022789,1.0,nan,nan
67.0,ppo,nan,5.0,1.0,5.0,0.48077113804251875,0.8441327829626756,0.8573439983840058,1.0,nan,nan
67.0,ppo,nan,6.0,1.0,6.0,0.5032608024782682,0.8657755887986709,0.8853715464398745,1.0,nan,nan
67.0,ppo,nan,7.0,1.0,7.0,0.5086190522344635,0.8319439717790411,0.8679178349964907,1.0,nan,nan
67.0,ppo,nan,8.0,1.0,8.0,0.4933307086227247,0.8542957218485899,0.850539044640743,1.0,nan,nan
67.0,ppo,nan,9.0,2.0,1.0,0.5222864834500808,1.0,1.0,1.0,nan,nan
67.0,ppo,nan,10.0,2.0,2.0,0.5296502061418829,0.7457456385769775,0.8561052928485962,1.0,nan,nan
67.0,ppo,nan,11.0,2.0,3.0,0.5444753413869539,0.8068302335718929,0.7642828191107495,1.0,nan,nan
67.0,ppo,nan,12.0,2.0,4.0,0.45671188971791216,0.8616279218269403,0.8208519342120568,1.0,nan,nan
67.0,ppo,nan,13.0,2.0,5.0,0.523828342133605,0.7869236488745699,0.807561100831601,1.0,nan,nan
67.0,ppo,nan,14.0,2.0,6.0,0.5389457817899178,0.7420118744976306,0.8067725568637013,1.0,nan,nan
67.0,ppo,nan,15.0,2.0,7.0,0.5037790566210474,0.7058292971732661,0.7136128877202228,1.0,nan,nan
67.0,ppo,nan,16.0,2.0,8.0,0.5148336121040143,0.6384975912323374,0.7623817100283661,1.0,nan,nan
67.0,mse_oracle,nan,0.0,0.0,0.0,0.4381825474072605,1.0,1.0,0.0,nan,nan
67.0,mse_oracle,nan,1.0,1.0,1.0,0.4084130461010598,1.0,1.0,0.0,0.06706072794876566,0.06706072794876566
67.0,mse_oracle,nan,2.0,1.0,2.0,0.4452206941516839,0.7339224834329857,0.7044986646306418,1.0,0.08699862315213341,0.08568600607687508
67.0,mse_oracle,nan,3.0,1.0,3.0,0.4322675803933385,0.6936494644982009,0.6773058954467949,1.0,0.07789886814290621,0.0776134529973995
67.0,mse_oracle,nan,4.0,1.0,4.0,0.46367126492595373,0.6630708202759282,0.6255944936022789,1.0,0.08323116670925045,0.08297028287486874
67.0,mse_oracle,nan,5.0,1.0,5.0,0.45011850481647553,0.8441327829626756,0.8573439983840058,0.0,0.06961811414943264,0.07027250334646723
67.0,mse_oracle,nan,6.0,1.0,6.0,0.4984336557814392,0.6181819465299913,0.6993889239886896,0.0,0.08212004814751984,0.08447151057763835
67.0,mse_oracle,nan,7.0,1.0,7.0,0.5066902765793684,0.7560197717065015,0.7909278697009937,1.0,0.06472414496056042,0.06309769692723623
67.0,mse_oracle,nan,8.0,1.0,8.0,0.5140159921881802,0.7811780540479437,0.8155449093656382,1.0,0.06303693390712226,0.05987583468435632
67.0,mse_oracle,nan,9.0,2.0,1.0,0.5034692400857763,1.0,1.0,0.0,0.07047634749522073,0.07047634749522073
67.0,mse_oracle,nan,10.0,2.0,2.0,0.5287625188399164,0.6807239815865768,0.7269325772956803,1.0,0.11568178825380518,0.11261640328325205
67.0,mse_oracle,nan,11.0,2.0,3.0,0.5222735407088311,0.7794630963618331,0.7811753201962872,1.0,0.09939620701811869,0.09921906814557126
67.0,mse_oracle,nan,12.0,2.0,4.0,0.5214338380628322,0.7648580789017024,0.8422115454282266,1.0,0.09299716858136306,0.09056208053690495
67.0,mse_oracle,nan,13.0,2.0,5.0,0.5665045005475582,0.832721576884753,0.7865579108636336,1.0,0.07104257872324907,0.0667218390424931
67.0,mse_oracle,nan,14.0,2.0,6.0,0.5586150911804384,0.8806766597365447,0.8995140585623667,1.0,0.07032891204073356,0.06936657378436964
67.0,mse_oracle,nan,15.0,2.0,7.0,0.5564290299169342,0.9375894133181528,0.934716311256308,1.0,0.0641119890228756,0.058085481258630306
67.0,mse_oracle,nan,16.0,2.0,8.0,0.5600055026436599,0.8790579742643991,0.898827409979728,1.0,0.0680035979900848,0.06656026526168397
68.0,raw,nan,0.0,0.0,0.0,0.4381825474072605,1.0,1.0,0.0,nan,nan
68.0,raw,nan,1.0,1.0,1.0,0.4394050936691971,1.0,1.0,0.0,nan,nan
68.0,raw,nan,2.0,1.0,2.0,0.43378841003318697,0.8971067874090489,0.8826254265416191,0.0,nan,nan
68.0,raw,nan,3.0,1.0,3.0,0.4068284612541274,0.7486186881447048,0.8186225338292389,0.0,nan,nan
68.0,raw,nan,4.0,1.0,4.0,0.4571552742968154,0.4237708003950018,0.44246767468662274,0.0,nan,nan
68.0,raw,nan,5.0,1.0,5.0,0.49126272320346115,0.592651003539746,0.6327242039329405,0.0,nan,nan
68.0,raw,nan,6.0,1.0,6.0,0.5120023065509915,0.6394652464562871,0.4045492398190834,0.0,nan,nan
68.0,raw,nan,7.0,1.0,7.0,0.5175813583715787,0.7278488973126518,0.7353426327470965,0.0,nan,nan
68.0,raw,nan,8.0,1.0,8.0,0.5032524561640687,0.7097330274575963,0.791331829844772,0.0,nan,nan
68.0,raw,nan,9.0,2.0,1.0,0.5153315087982806,1.0,1.0,0.0,nan,nan
68.0,raw,nan,10.0,2.0,2.0,0.5671115816490452,0.8554375940530684,0.8532734599760643,0.0,nan,nan
68.0,raw,nan,11.0,2.0,3.0,0.5736639493452814,0.7863150191206426,0.7392559539631304,0.0,nan,nan
68.0,raw,nan,12.0,2.0,4.0,0.5717284666905817,0.6692553114974096,0.6172706383082269,0.0,nan,nan
68.0,raw,nan,13.0,2.0,5.0,0.5452557953965042,0.5961782477950931,0.7435755365656918,0.0,nan,nan
68.0,raw,nan,14.0,2.0,6.0,0.5200188786833299,0.4142724171999972,0.5866140415593428,0.0,nan,nan
68.0,raw,nan,15.0,2.0,7.0,0.5068006271281957,0.3330570188353774,0.5018485806801539,0.0,nan,nan
68.0,raw,nan,16.0,2.0,8.0,0.49555378186268323,0.3002454710749591,0.2842649914142212,0.0,nan,nan
68.0,ppo,nan,0.0,0.0,0.0,0.4381825474072605,1.0,1.0,0.0,nan,nan
68.0,ppo,nan,1.0,1.0,1.0,0.4394050936691971,1.0,1.0,1.0,nan,nan
68.0,ppo,nan,2.0,1.0,2.0,0.4497594394857057,0.8971067874090489,0.8826254265416191,1.0,nan,nan
68.0,ppo,nan,3.0,1.0,3.0,0.4583311826123523,0.8410617066684223,0.8795202635207554,1.0,nan,nan
68.0,ppo,nan,4.0,1.0,4.0,0.4696909944059894,0.7336840778880844,0.7328921892126123,1.0,nan,nan
68.0,ppo,nan,5.0,1.0,5.0,0.49835777873804593,0.7045456240193152,0.6719353367480926,1.0,nan,nan
68.0,ppo,nan,6.0,1.0,6.0,0.48819356684964443,0.8121431429628478,0.7606826917844103,1.0,nan,nan
68.0,ppo,nan,7.0,1.0,7.0,0.5077707158628321,0.7862789943550678,0.8340629976613027,1.0,nan,nan
68.0,ppo,nan,8.0,1.0,8.0,0.5155308519526219,0.8650714692706903,0.9044806174100433,1.0,nan,nan
68.0,ppo,nan,9.0,2.0,1.0,0.5047239515226998,1.0,1.0,1.0,nan,nan
68.0,ppo,nan,10.0,2.0,2.0,0.534042558924925,0.7036892969868161,0.7324581162004482,1.0,nan,nan
68.0,ppo,nan,11.0,2.0,3.0,0.5479304679310731,0.7093585727181722,0.6335734004880145,1.0,nan,nan
68.0,ppo,nan,12.0,2.0,4.0,0.5322196838992019,0.8647909780998739,0.8214376207224217,1.0,nan,nan
68.0,ppo,nan,13.0,2.0,5.0,0.5364718372226487,0.858821584539884,0.948624609231629,1.0,nan,nan
68.0,ppo,nan,14.0,2.0,6.0,0.5424925805957953,0.8565152787987312,0.8654647449286953,1.0,nan,nan
68.0,ppo,nan,15.0,2.0,7.0,0.5493120392404447,0.8313021617849312,0.8035656882506987,1.0,nan,nan
68.0,ppo,nan,16.0,2.0,8.0,0.5519747436832727,0.8600396708482805,0.8104024403082644,1.0,nan,nan
68.0,mse_oracle,nan,0.0,0.0,0.0,0.4381825474072605,1.0,1.0,0.0,nan,nan
68.0,mse_oracle,nan,1.0,1.0,1.0,0.4394050936691971,1.0,1.0,0.0,0.06706072794876566,0.06706072794876566
68.0,mse_oracle,nan,2.0,1.0,2.0,0.4497594394857057,0.8971067874090489,0.8826254265416191,1.0,0.07188103043483365,0.07107006276027346
68.0,mse_oracle,nan,3.0,1.0,3.0,0.4310026457700853,0.8410617066684223,0.8795202635207554,0.0,0.07256763036518485,0.075567640772805
68.0,mse_oracle,nan,4.0,1.0,4.0,0.447927801269701,0.5557336000824878,0.5719305526651101,0.0,0.08672228490722342,0.08924484349263895
68.0,mse_oracle,nan,5.0,1.0,5.0,0.5054038084220321,0.565287140654527,0.6031821997188368,1.0,0.08576503899275698,0.08506113248867037
68.0,mse_oracle,nan,6.0,1.0,6.0,0.49053031371620487,0.7822700540787372,0.5733771315918332,1.0,0.06127774339566074,0.05822472164337463
68.0,mse_oracle,nan,7.0,1.0,7.0,0.5159887342892879,0.7600096971123327,0.8269217187753307,1.0,0.06344548510919493,0.061975172784660956
68.0,mse_oracle,nan,8.0,1.0,8.0,0.5270216634741542,0.8398412333351644,0.8959744389432195,1.0,0.05745555631373529,0.052469213361560886
68.0,mse_oracle,nan,9.0,2.0,1.0,0.512082027155341,1.0,1.0,0.0,0.06938690715950904,0.06938690715950904
68.0,mse_oracle,nan,10.0,2.0,2.0,0.546505585529919,0.8259637883084224,0.8293232236346082,1.0,0.07902944298249674,0.07601978943017065
68.0,mse_oracle,nan,11.0,2.0,3.0,0.5345629239725614,0.822561694383076,0.747642866794821,1.0,0.08806267189947256,0.08476648733333038
68.0,mse_oracle,nan,12.0,2.0,4.0,0.5525383432894361,0.798643413269016,0.7961223876866583,1.0,0.10001716153355047,0.09208244074151689
68.0,mse_oracle,nan,13.0,2.0,5.0,0.5556168742126493,0.8833580037530965,0.9044086969466459,1.0,0.08357476554332405,0.08031766095882437
68.0,mse_oracle,nan,14.0,2.0,6.0,0.5551036391373368,0.8999438467814814,0.899664504744635,1.0,0.07995433312031519,0.07498103358275908
68.0,mse_oracle,nan,15.0,2.0,7.0,0.5635266459648567,0.8463198742708121,0.871948429478931,1.0,0.07283270159899663,0.0649273015826802
68.0,mse_oracle,nan,16.0,2.0,8.0,0.5556761660773561,0.8953485356061135,0.8969458851932585,1.0,0.059295723180039464,0.04972918110828095
69.0,raw,nan,0.0,0.0,0.0,0.4381825474072605,1.0,1.0,0.0,nan,nan
69.0,raw,nan,1.0,1.0,1.0,0.4506587074350977,1.0,1.0,0.0,nan,nan
69.0,raw,nan,2.0,1.0,2.0,0.45205027174602047,0.8987218997485105,0.9175908962521191,0.0,nan,nan
69.0,raw,nan,3.0,1.0,3.0,0.45281713775600446,0.8148898039294381,0.8736817907665342,0.0,nan,nan
69.0,raw,nan,4.0,1.0,4.0,0.44183108577052066,0.7358742952429775,0.6636221593242838,0.0,nan,nan
69.0,raw,nan,5.0,1.0,5.0,0.48172082946998285,0.6653840949479315,0.7766308795809637,0.0,nan,nan
69.0,raw,nan,6.0,1.0,6.0,0.4887646901349517,0.7778288303092806,0.7735806607465099,0.0,nan,nan
69.0,raw,nan,7.0,1.0,7.0,0.5213197401887982,0.7926537214829423,0.8113283831189233,0.0,nan,nan
69.0,raw,nan,8.0,1.0,8.0,0.5494935887452371,0.7977496806205359,0.8020391030543534,0.0,nan,nan
69.0,raw,nan,9.0,2.0,1.0,0.5519418622472472,1.0,1.0,0.0,nan,nan
69.0,raw,nan,10.0,2.0,2.0,0.5433273602149555,0.8262211648068535,0.8884414688680422,0.0,nan,nan
69.0,raw,nan,11.0,2.0,3.0,0.5498325346192381,0.6253607833537406,0.6032988755667611,0.0,nan,nan
69.0,raw,nan,12.0,2.0,4.0,0.5589751697659562,0.7368067201443379,0.6876012773463371,0.0,nan,nan
69.0,raw,nan,13.0,2.0,5.0,0.5579111712540159,0.6235247864221282,0.6568171213237992,0.0,nan,nan
69.0,raw,nan,14.0,2.0,6.0,0.5769935502672834,0.5125375991439061,0.6061065679098722,0.0,nan,nan
69.0,raw,nan,15.0,2.0,7.0,0.5731112075316264,0.5758856677496879,0.7615669004039102,0.0,nan,nan
69.0,raw,nan,16.0,2.0,8.0,0.5732968432330652,0.5565636091105803,0.4190117693404963,0.0,nan,nan
69.0,ppo,nan,0.0,0.0,0.0,0.4381825474072605,1.0,1.0,0.0,nan,nan
69.0,ppo,nan,1.0,1.0,1.0,0.4506587074350977,1.0,1.0,1.0,nan,nan
69.0,ppo,nan,2.0,1.0,2.0,0.4557414691392876,0.8987218997485105,0.9175908962521191,1.0,nan,nan
69.0,ppo,nan,3.0,1.0,3.0,0.4653058507848517,0.8914626378826375,0.9334769805700538,1.0,nan,nan
69.0,ppo,nan,4.0,1.0,4.0,0.45061356883650894,0.8125405252999941,0.702299024031149,1.0,nan,nan
69.0,ppo,nan,5.0,1.0,5.0,0.4852053312842151,0.8492517364737744,0.8793519054271692,1.0,nan,nan
69.0,ppo,nan,6.0,1.0,6.0,0.49035124375302,0.9292201652614653,0.9336031997245945,1.0,nan,nan
69.0,ppo,nan,7.0,1.0,7.0,0.508105405639115,0.9136206259198328,0.9215812279103792,1.0,nan,nan
69.0,ppo,nan,8.0,1.0,8.0,0.5144193704226975,0.8971606572284847,0.9003435490881053,1.0,nan,nan
69.0,ppo,nan,9.0,2.0,1.0,0.5282396021133727,1.0,1.0,1.0,nan,nan
69.0,ppo,nan,10.0,2.0,2.0,0.5214220849003692,0.8886613659142791,0.9587434896633134,1.0,nan,nan
69.0,ppo,nan,11.0,2.0,3.0,0.5230388443975098,0.8154056235231579,0.8201784283359784,1.0,nan,nan
69.0,ppo,nan,12.0,2.0,4.0,0.5209496165002666,0.7587453421531997,0.6481784658827043,1.0,nan,nan
69.0,ppo,nan,13.0,2.0,5.0,0.536289671351558,0.8597068609171964,0.8356016606310004,1.0,nan,nan
69.0,ppo,nan,14.0,2.0,6.0,0.5556041245121647,0.8118255803786301,0.8408131825763765,1.0,nan,nan
69.0,ppo,nan,15.0,2.0,7.0,0.5661268658017501,0.74373750182421,0.8094350752466821,1.0,nan,nan
69.0,ppo,nan,16.0,2.0,8.0,0.5513180194431877,0.764914210864816,0.7352883428814317,1.0,nan,nan
69.0,mse_oracle,nan,0.0,0.0,0.0,0.4381825474072605,1.0,1.0,0.0,nan,nan
69.0,mse_oracle,nan,1.0,1.0,1.0,0.4506587074350977,1.0,1.0,0.0,0.06706072794876566,0.06706072794876566
69.0,mse_oracle,nan,2.0,1.0,2.0,0.45205027174602047,0.8987218997485105,0.9175908962521191,0.0,0.06587913237301214,0.06789539338758029
69.0,mse_oracle,nan,3.0,1.0,3.0,0.45281713775600446,0.8148898039294381,0.8736817907665342,0.0,0.06790111136240047,0.06998460121527036
69.0,mse_oracle,nan,4.0,1.0,4.0,0.44183108577052066,0.7358742952429775,0.6636221593242838,0.0,0.07251441711410861,0.07278120764163536
69.0,mse_oracle,nan,5.0,1.0,5.0,0.48172082946998285,0.6653840949479315,0.7766308795809637,0.0,0.07831741130702205,0.07948889725596145
69.0,mse_oracle,nan,6.0,1.0,6.0,0.4829166086085605,0.7778288303092806,0.7735806607465099,1.0,0.06550070259591351,0.06533449860949245
69.0,mse_oracle,nan,7.0,1.0,7.0,0.5289923193307247,0.7951547478297848,0.8185778405040778,1.0,0.06949696572524233,0.06587602340982894
69.0,mse_oracle,nan,8.0,1.0,8.0,0.5487246646619341,0.85978712191206,0.8612202186979925,0.0,0.05351191910576204,0.056070969114076254
69.0,mse_oracle,nan,9.0,2.0,1.0,0.5532490376418652,1.0,1.0,0.0,0.07145774655338548,0.07145774655338548
69.0,mse_oracle,nan,10.0,2.0,2.0,0.5482918393564206,0.8459208077265505,0.9331842976226182,1.0,0.08672662656317812,0.08594254741089671
69.0,mse_oracle,nan,11.0,2.0,3.0,0.5139352511226499,0.799085432883862,0.7354522128716839,1.0,0.08829519518977838,0.08789625696033448
69.0,mse_oracle,nan,12.0,2.0,4.0,0.5237696818546869,0.7000904019514297,0.6994629628626412,1.0,0.10273687603982151,0.09694291362369462
69.0,mse_oracle,nan,13.0,2.0,5.0,0.5739482648911249,0.6880532918140737,0.5976480513883841,1.0,0.11067664894273108,0.10671977307466349
69.0,mse_oracle,nan,14.0,2.0,6.0,0.5889416471572013,0.8078131034017176,0.8482435847448017,1.0,0.10039232861436051,0.09514867655563493
69.0,mse_oracle,nan,15.0,2.0,7.0,0.5662421009823723,0.8322626866854997,0.8396394631854289,1.0,0.07764586992789296,0.07165667019391322
69.0,mse_oracle,nan,16.0,2.0,8.0,0.5955216568879479,0.7507145529014981,0.7970395590683509,1.0,0.07312547412015805,0.06747694771709942
70.0,raw,nan,0.0,0.0,0.0,0.4381825474072605,1.0,1.0,0.0,nan,nan
70.0,raw,nan,1.0,1.0,1.0,0.4309502480287502,1.0,1.0,0.0,nan,nan
70.0,raw,nan,2.0,1.0,2.0,0.43815172049377316,0.8538537912520316,0.8621996968860356,0.0,nan,nan
70.0,raw,nan,3.0,1.0,3.0,0.4685976731228794,0.7156918708486535,0.7003922689755072,0.0,nan,nan
70.0,raw,nan,4.0,1.0,4.0,0.45367690762398444,0.7744711011067189,0.8108093826886442,0.0,nan,nan
70.0,raw,nan,5.0,1.0,5.0,0.4697255717930281,0.6031477720040543,0.557577181250173,0.0,nan,nan
70.0,raw,nan,6.0,1.0,6.0,0.4844133904829751,0.6596595723516158,0.6934859694281202,0.0,nan,nan
70.0,raw,nan,7.0,1.0,7.0,0.5163788452162035,0.7730166078162559,0.8017420507485836,0.0,nan,nan
70.0,raw,nan,8.0,1.0,8.0,0.5231842947196222,0.8390917055817486,0.8770841578769967,0.0,nan,nan
70.0,raw,nan,9.0,2.0,1.0,0.5244562976043088,1.0,1.0,0.0,nan,nan
70.0,raw,nan,10.0,2.0,2.0,0.5477728468480675,0.7971874802042186,0.8067988994962512,0.0,nan,nan
70.0,raw,nan,11.0,2.0,3.0,0.5268888296632099,0.6836504444096506,0.7603180365348912,0.0,nan,nan
70.0,raw,nan,12.0,2.0,4.0,0.523663191277719,0.5814859165326387,0.6368959124723034,0.0,nan,nan
70.0,raw,nan,13.0,2.0,5.0,0.5396268139474453,0.5397385984136099,0.6181234309678868,0.0,nan,nan
70.0,raw,nan,14.0,2.0,6.0,0.5538065905350475,0.48204687844182087,0.48936830331901654,0.0,nan,nan
70.0,raw,nan,15.0,2.0,7.0,0.5567374686184197,0.43960828792077616,0.40411806506447284,0.0,nan,nan
70.0,raw,nan,16.0,2.0,8.0,0.5942078306971537,0.6323251318742754,0.5787430449541945,0.0,nan,nan
70.0,ppo,nan,0.0,0.0,0.0,0.4381825474072605,1.0,1.0,0.0,nan,nan
70.0,ppo,nan,1.0,1.0,1.0,0.4309502480287502,1.0,1.0,1.0,nan,nan
70.0,ppo,nan,2.0,1.0,2.0,0.45355693727799556,0.8538537912520316,0.8621996968860356,1.0,nan,nan
70.0,ppo,nan,3.0,1.0,3.0,0.45022846803070077,0.8745149088258714,0.8529181270164505,1.0,nan,nan
70.0,ppo,nan,4.0,1.0,4.0,0.4789081571788106,0.7600119115947506,0.7311274065202421,1.0,nan,nan
70.0,ppo,nan,5.0,1.0,5.0,0.4748333937612037,0.919979955905849,0.9286680389103755,1.0,nan,nan
70.0,ppo,nan,6.0,1.0,6.0,0.4940615018069552,0.8551606867006857,0.792009746999748,1.0,nan,nan
70.0,ppo,nan,7.0,1.0,7.0,0.5149041032379835,0.8136219501963244,0.8786533987727629,1.0,nan,nan
70.0,ppo,nan,8.0,1.0,8.0,0.5116424498429993,0.8777678372079651,0.9047351100162853,1.0,nan,nan
70.0,ppo,nan,9.0,2.0,1.0,0.49960715733366384,1.0,1.0,1.0,nan,nan
70.0,ppo,nan,10.0,2.0,2.0,0.5352669838466754,0.550562929399121,0.4453637515864509,1.0,nan,nan
70.0,ppo,nan,11.0,2.0,3.0,0.5145592237012233,0.8861551610316697,0.9167727595866644,1.0,nan,nan
70.0,ppo,nan,12.0,2.0,4.0,0.5157919081863642,0.8302985895134667,0.8547751908856183,1.0,nan,nan
70.0,ppo,nan,13.0,2.0,5.0,0.5399414477353995,0.7398579975707232,0.8353202931141201,1.0,nan,nan
70.0,ppo,nan,14.0,2.0,6.0,0.5185099041053132,0.8526960206038704,0.8708436994862545,1.0,nan,nan
70.0,ppo,nan,15.0,2.0,7.0,0.560857657126878,0.7940723531149098,0.8220132916216671,1.0,nan,nan
70.0,ppo,nan,16.0,2.0,8.0,0.5463382772401839,0.8228831924720966,0.8087984005015408,1.0,nan,nan
70.0,mse_oracle,nan,0.0,0.0,0.0,0.4381825474072605,1.0,1.0,0.0,nan,nan
70.0,mse_oracle,nan,1.0,1.0,1.0,0.4309502480287502,1.0,1.0,0.0,0.06706072794876566,0.06706072794876566
70.0,mse_oracle,nan,2.0,1.0,2.0,0.43815172049377316,0.8538537912520316,0.8621996968860356,0.0,0.07433721106856006,0.08006062484192629
70.0,mse_oracle,nan,3.0,1.0,3.0,0.4685976731228794,0.7156918708486535,0.7003922689755072,0.0,0.07835403003394113,0.08182630007942596
70.0,mse_oracle,nan,4.0,1.0,4.0,0.45367690762398444,0.7744711011067189,0.8108093826886442,0.0,0.06896171706665351,0.07298955676214777
70.0,mse_oracle,nan,5.0,1.0,5.0,0.48979566589850204,0.6031477720040543,0.557577181250173,1.0,0.08281037450008583,0.08240770390018608
70.0,mse_oracle,nan,6.0,1.0,6.0,0.47601624847754054,0.8537912549670591,0.8531824401429964,0.0,0.06376934595575638,0.06516195598299192
70.0,mse_oracle,nan,7.0,1.0,7.0,0.511309464135004,0.7405292593850271,0.738427915372921,1.0,0.0729719222928586,0.06847832187639281
70.0,mse_oracle,nan,8.0,1.0,8.0,0.5259747447251494,0.8439473712751108,0.9093298222259106,1.0,0.061182475913572475,0.05758693884956149
70.0,mse_oracle,nan,9.0,2.0,1.0,0.5162184988643568,1.0,1.0,0.0,0.07188096372898843,0.07188096372898843
70.0,mse_oracle,nan,10.0,2.0,2.0,0.5533299610770762,0.8592732867592072,0.8687754505486905,1.0,0.08464783454051471,0.08171374674013691
70.0,mse_oracle,nan,11.0,2.0,3.0,0.5394982046283668,0.7980246223082769,0.8994726807795351,0.0,0.08279873139767968,0.08345756810173299
70.0,mse_oracle,nan,12.0,2.0,4.0,0.5176430589394657,0.7127240934848441,0.5734766025107034,1.0,0.09468799700413856,0.09177250700296292
70.0,mse_oracle,nan,13.0,2.0,5.0,0.535447429753839,0.7039134923928082,0.824324947026286,1.0,0.11159965221992658,0.10896821525482668
70.0,mse_oracle,nan,14.0,2.0,6.0,0.5437940332209528,0.7258702745160366,0.813994295344902,1.0,0.1028774628099995,0.10099271385210096
70.0,mse_oracle,nan,15.0,2.0,7.0,0.5692071826934413,0.7300410550893026,0.8510713078764657,1.0,0.09729862814183254,0.09439449085835477
70.0,mse_oracle,nan,16.0,2.0,8.0,0.5854349314982832,0.7949837254466512,0.8197034235746843,1.0,0.08127605529603979,0.07812242012881208
71.0,raw,nan,0.0,0.0,0.0,0.4381825474072605,1.0,1.0,0.0,nan,nan
71.0,raw,nan,1.0,1.0,1.0,0.4516564271482285,1.0,1.0,0.0,nan,nan
71.0,raw,nan,2.0,1.0,2.0,0.45475881214778546,0.9273141851797783,0.915462902719713,0.0,nan,nan
71.0,raw,nan,3.0,1.0,3.0,0.47532803705185783,0.719162554343718,0.7649832523051021,0.0,nan,nan
71.0,raw,nan,4.0,1.0,4.0,0.4837921518180288,0.7761173872273245,0.8531048667869487,0.0,nan,nan
71.0,raw,nan,5.0,1.0,5.0,0.47529616834649185,0.8096800201209671,0.8019622760288933,0.0,nan,nan
71.0,raw,nan,6.0,1.0,6.0,0.47657984126160596,0.7169058551788949,0.7650000276668867,0.0,nan,nan
71.0,raw,nan,7.0,1.0,7.0,0.5260983936510996,0.5971642611855543,0.5663711375880695,0.0,nan,nan
71.0,raw,nan,8.0,1.0,8.0,0.5260808821832019,0.7981434072205809,0.7956991806592539,0.0,nan,nan
71.0,raw,nan,9.0,2.0,1.0,0.496868839592137,1.0,1.0,0.0,nan,nan
71.0,raw,nan,10.0,2.0,2.0,0.51048963606186,0.7737067304355227,0.864457917293578,0.0,nan,nan
71.0,raw,nan,11.0,2.0,3.0,0.5638587860128619,0.7781386408911258,0.7490062907262771,0.0,nan,nan
71.0,raw,nan,12.0,2.0,4.0,0.53278301610468,0.6709946821015028,0.6494131803138871,0.0,nan,nan
71.0,raw,nan,13.0,2.0,5.0,0.3997142506198691,0.16291298402446994,0.10064191580671515,0.0,nan,nan
71.0,raw,nan,14.0,2.0,6.0,0.3842291646145491,0.3051358553607202,0.316700433975743,0.0,nan,nan
71.0,raw,nan,15.0,2.0,7.0,0.4497387579314489,0.284270315127044,0.2936784131516251,0.0,nan,nan
71.0,raw,nan,16.0,2.0,8.0,0.49521173567867927,0.2883316873141257,0.32889519728613653,0.0,nan,nan
71.0,ppo,nan,0.0,0.0,0.0,0.4381825474072605,1.0,1.0,0.0,nan,nan
71.0,ppo,nan,1.0,1.0,1.0,0.4516564271482285,1.0,1.0,1.0,nan,nan
71.0,ppo,nan,2.0,1.0,2.0,0.4594768902368941,0.9273141851797783,0.915462902719713,1.0,nan,nan
71.0,ppo,nan,3.0,1.0,3.0,0.4613565332703475,0.9134702873711679,0.9061134321611363,1.0,nan,nan
71.0,ppo,nan,4.0,1.0,4.0,0.4818171317098085,0.8640679621475662,0.8669249279121972,1.0,nan,nan
71.0,ppo,nan,5.0,1.0,5.0,0.47355191580482786,0.9159831404051972,0.9107404803774433,1.0,nan,nan
71.0,ppo,nan,6.0,1.0,6.0,0.4919552586948526,0.8750173827468842,0.9143966820815793,1.0,nan,nan
71.0,ppo,nan,7.0,1.0,7.0,0.4999288046438341,0.8945455352454693,0.9069084039825503,1.0,nan,nan
71.0,ppo,nan,8.0,1.0,8.0,0.5170089709104257,0.8978830965790803,0.9212579024912294,1.0,nan,nan
71.0,ppo,nan,9.0,2.0,1.0,0.48180913190476876,1.0,1.0,1.0,nan,nan
71.0,ppo,nan,10.0,2.0,2.0,0.53778770802714,0.6137448182030225,0.5855118805084124,1.0,nan,nan
71.0,ppo,nan,11.0,2.0,3.0,0.5392402034040923,0.8986047656095206,0.8866668540711558,1.0,nan,nan
71.0,ppo,nan,12.0,2.0,4.0,0.5528075304101437,0.889479779360535,0.9289968496506409,1.0,nan,nan
71.0,ppo,nan,13.0,2.0,5.0,0.548780851687991,0.9067226132423327,0.8932627099143179,1.0,nan,nan
71.0,ppo,nan,14.0,2.0,6.0,0.5557916327646666,0.8428322930083494,0.7939701956846783,1.0,nan,nan
71.0,ppo,nan,15.0,2.0,7.0,0.5766909329133442,0.8580860230175749,0.8394289030755618,1.0,nan,nan
71.0,ppo,nan,16.0,2.0,8.0,0.5806777839697597,0.8464556472029445,0.8454768673371356,1.0,nan,nan
71.0,mse_oracle,nan,0.0,0.0,0.0,0.4381825474072605,1.0,1.0,0.0,nan,nan
71.0,mse_oracle,nan,1.0,1.0,1.0,0.4516564271482285,1.0,1.0,0.0,0.06706072794876566,0.06706072794876566
71.0,mse_oracle,nan,2.0,1.0,2.0,0.45475881214778546,0.9273141851797783,0.915462902719713,0.0,0.06561653672243165,0.07159899876139249
71.0,mse_oracle,nan,3.0,1.0,3.0,0.47532803705185783,0.719162554343718,0.7649832523051021,0.0,0.07214875348162512,0.07606670642037454
71.0,mse_oracle,nan,4.0,1.0,4.0,0.4837921518180288,0.7761173872273245,0.8531048667869487,0.0,0.06496111438331255,0.06520330079710643
71.0,mse_oracle,nan,5.0,1.0,5.0,0.47307728316918624,0.8096800201209671,0.8019622760288933,1.0,0.06468195435346293,0.06356298796878308
71.0,mse_oracle,nan,6.0,1.0,6.0,0.5038238770528266,0.7692706009711407,0.850737744353766,1.0,0.07000068589954042,0.06754058387543635
71.0,mse_oracle,nan,7.0,1.0,7.0,0.5178666269881358,0.8315478115749125,0.8801154244576707,1.0,0.05824221572571927,0.05459743158465651
71.0,mse_oracle,nan,8.0,1.0,8.0,0.5274266733017502,0.8665641778267162,0.8738230003048523,1.0,0.05536391427916212,0.045267051653469226
71.0,mse_oracle,nan,9.0,2.0,1.0,0.5113559947399176,1.0,1.0,0.0,0.07046440714398536,0.07046440714398536
71.0,mse_oracle,nan,10.0,2.0,2.0,0.5138553527254658,0.7321673359362242,0.8111288268391459,1.0,0.08565623112942085,0.08204741514218933
71.0,mse_oracle,nan,11.0,2.0,3.0,0.5405716761924079,0.7194900097087875,0.7420116507193949,1.0,0.0951716510102337,0.09189933854195312
71.0,mse_oracle,nan,12.0,2.0,4.0,0.5519110398691847,0.8610383683062214,0.8746682677352439,1.0,0.07692864933144154,0.06735166397593785
71.0,mse_oracle,nan,13.0,2.0,5.0,0.5633219047422575,0.8801380767518424,0.8929024072825641,1.0,0.06977549932322309,0.059092437560746
71.0,mse_oracle,nan,14.0,2.0,6.0,0.5679910796739921,0.8543942310275331,0.8252895899848187,1.0,0.07231897289532987,0.06277472720140859
71.0,mse_oracle,nan,15.0,2.0,7.0,0.5817006983297822,0.8637925555107621,0.823552901288447,1.0,0.0719733371388771,0.06083501543070348
71.0,mse_oracle,nan,16.0,2.0,8.0,0.5944165970045932,0.8940495408133695,0.8923164610334658,1.0,0.06163245894101812,0.05106100754468108
72.0,raw,nan,0.0,0.0,0.0,0.4381825474072605,1.0,1.0,0.0,nan,nan
72.0,raw,nan,1.0,1.0,1.0,0.44346843089977844,1.0,1.0,0.0,nan,nan
72.0,raw,nan,2.0,1.0,2.0,0.4360901340745348,0.8312923773196014,0.7989422520998988,0.0,nan,nan
72.0,raw,nan,3.0,1.0,3.0,0.46411654499805094,0.6807676551327291,0.6731374108339128,0.0,nan,nan
72.0,raw,nan,4.0,1.0,4.0,0.4468816440419216,0.7193953858614328,0.8081151660233249,0.0,nan,nan
72.0,raw,nan,5.0,1.0,5.0,0.4876394448196947,0.5373086575547574,0.8493317323716941,0.0,nan,nan
72.0,raw,nan,6.0,1.0,6.0,0.5219440072154206,0.7089558084245312,0.7709165689389633,0.0,nan,nan
72.0,raw,nan,7.0,1.0,7.0,0.5274782509953787,0.8231166316837677,0.8757877484184473,0.0,nan,nan
72.0,raw,nan,8.0,1.0,8.0,0.522639261691404,0.7493464423722693,0.7699914212342834,0.0,nan,nan
72.0,raw,nan,9.0,2.0,1.0,0.5204675493413358,1.0,1.0,0.0,nan,nan
72.0,raw,nan,10.0,2.0,2.0,0.4886715464560611,0.8044953678498037,0.860128340793757,0.0,nan,nan
72.0,raw,nan,11.0,2.0,3.0,0.547051779642756,0.722916183943921,0.7348761069430205,0.0,nan,nan
72.0,raw,nan,12.0,2.0,4.0,0.5415951047553771,0.7668977064812407,0.7993739705326338,0.0,nan,nan
72.0,raw,nan,13.0,2.0,5.0,0.41344042356298055,0.619937448029923,0.6051367198574402,0.0,nan,nan
72.0,raw,nan,14.0,2.0,6.0,0.1016014681742979,0.06033858600657521,0.039327243047386995,0.0,nan,nan
72.0,raw,nan,15.0,2.0,7.0,0.10160146817430642,0.05363146686024088,0.11803621020002562,0.0,nan,nan
72.0,raw,nan,16.0,2.0,8.0,0.10160146817430644,0.05363146686024873,0.0800595382172137,0.0,nan,nan
72.0,ppo,nan,0.0,0.0,0.0,0.4381825474072605,1.0,1.0,0.0,nan,nan
72.0,ppo,nan,1.0,1.0,1.0,0.44346843089977844,1.0,1.0,1.0,nan,nan
72.0,ppo,nan,2.0,1.0,2.0,0.4413472492071016,0.8312923773196014,0.7989422520998988,1.0,nan,nan
72.0,ppo,nan,3.0,1.0,3.0,0.45812685108857953,0.7572584409140507,0.757189010398943,1.0,nan,nan
72.0,ppo,nan,4.0,1.0,4.0,0.47334114620256396,0.8068731437960923,0.764807652712642,1.0,nan,nan
72.0,ppo,nan,5.0,1.0,5.0,0.4843157504117634,0.8577503788460727,0.8863087424035891,1.0,nan,nan
72.0,ppo,nan,6.0,1.0,6.0,0.5049879553950903,0.884616300029353,0.868260209775048,1.0,nan,nan
72.0,ppo,nan,7.0,1.0,7.0,0.5084957361239618,0.8740053422543673,0.893317384277553,1.0,nan,nan
72.0,ppo,nan,8.0,1.0,8.0,0.5084763551269786,0.9065942501580324,0.918314657312432,1.0,nan,nan
72.0,ppo,nan,9.0,2.0,1.0,0.5114877158084375,1.0,1.0,1.0,nan,nan
72.0,ppo,nan,10.0,2.0,2.0,0.5187392325269479,0.7768203696068365,0.7375115544198354,1.0,nan,nan
72.0,ppo,nan,11.0,2.0,3.0,0.516700105958718,0.73302176118582,0.6248727649926872,1.0,nan,nan
72.0,ppo,nan,12.0,2.0,4.0,0.5466642996082794,0.8068395065062867,0.8276302951643971,1.0,nan,nan
72.0,ppo,nan,13.0,2.0,5.0,0.5382114596581409,0.881006223634979,0.8974874753249124,1.0,nan,nan
72.0,ppo,nan,14.0,2.0,6.0,0.5515378460370809,0.8590488770168093,0.9000501297802361,1.0,nan,nan
72.0,ppo,nan,15.0,2.0,7.0,0.5656083908039817,0.960896486835226,0.9460426403645048,1.0,nan,nan
72.0,ppo,nan,16.0,2.0,8.0,0.5760886957962345,0.8617553419333623,0.8673660128572722,1.0,nan,nan
72.0,mse_oracle,nan,0.0,0.0,0.0,0.4381825474072605,1.0,1.0,0.0,nan,nan
72.0,mse_oracle,nan,1.0,1.0,1.0,0.44346843089977844,1.0,1.0,0.0,0.06706072794876566,0.06706072794876566
72.0,mse_oracle,nan,2.0,1.0,2.0,0.4413472492071016,0.8312923773196014,0.7989422520998988,1.0,0.07190393707906101,0.07126931578869748
72.0,mse_oracle,nan,3.0,1.0,3.0,0.45920297417625094,0.7572584409140507,0.757189010398943,0.0,0.07484095454603143,0.07693642519651847
72.0,mse_oracle,nan,4.0,1.0,4.0,0.47295003310513367,0.7389632871420311,0.7876371102264484,1.0,0.07211329752996416,0.07097692337827041
72.0,mse_oracle,nan,5.0,1.0,5.0,0.49088372965382654,0.7846314168203362,0.88610981682728,1.0,0.06827625713005119,0.06737829009342458
72.0,mse_oracle,nan,6.0,1.0,6.0,0.5034517179319855,0.8542087628193202,0.8433430540155995,1.0,0.061036044124161706,0.05927170044023053
72.0,mse_oracle,nan,7.0,1.0,7.0,0.5177031764762862,0.8910101307788885,0.9319869228881321,1.0,0.05870948266082889,0.05704768030691854
72.0,mse_oracle,nan,8.0,1.0,8.0,0.512092713228893,0.8440292348233336,0.8430592353185125,1.0,0.05600019770927851,0.0508568431565275
72.0,mse_oracle,nan,9.0,2.0,1.0,0.48870395537781264,1.0,1.0,0.0,0.06996053567683694,0.06996053567683694
72.0,mse_oracle,nan,10.0,2.0,2.0,0.454801655774808,0.8001348578041347,0.8309025766037171,0.0,0.08716081262312389,0.08734141691777103
72.0,mse_oracle,nan,11.0,2.0,3.0,0.5120545270857955,0.5992198726014707,0.5549539175473839,1.0,0.11620441880664037,0.1110756468768409
72.0,mse_oracle,nan,12.0,2.0,4.0,0.5590268270180312,0.7392336272048622,0.6839418280112871,1.0,0.11609940060735649,0.11065046098090081
72.0,mse_oracle,nan,13.0,2.0,5.0,0.5605897065659076,0.897745898591504,0.8588318960919906,1.0,0.06815867366678723,0.062415330182998476
72.0,mse_oracle,nan,14.0,2.0,6.0,0.5505842476722198,0.7764455743661249,0.7654268660925875,0.0,0.082059850825476,0.08396950029842518
72.0,mse_oracle,nan,15.0,2.0,7.0,0.5857961554873738,0.765284235505118,0.7690775316799828,1.0,0.07143018571196257,0.06857973739812566
72.0,mse_oracle,nan,16.0,2.0,8.0,0.5621403752235756,0.8344808861627192,0.8298886292009929,1.0,0.06256295016999797,0.061292449597023575
73.0,raw,nan,0.0,0.0,0.0,0.4381825474072605,1.0,1.0,0.0,nan,nan
73.0,raw,nan,1.0,1.0,1.0,0.4498986837978035,1.0,1.0,0.0,nan,nan
73.0,raw,nan,2.0,1.0,2.0,0.42864850235319224,0.9111709122640316,0.8829751922481567,0.0,nan,nan
73.0,raw,nan,3.0,1.0,3.0,0.47893043518827805,0.7145434969230355,0.8038234714740684,0.0,nan,nan
73.0,raw,nan,4.0,1.0,4.0,0.457574414947521,0.8787659009693652,0.9055840984760292,0.0,nan,nan
73.0,raw,nan,5.0,1.0,5.0,0.49444593547723625,0.6745765411552589,0.5834261199907904,0.0,nan,nan
73.0,raw,nan,6.0,1.0,6.0,0.5078106109369798,0.7889264224811611,0.7773010621227251,0.0,nan,nan
73.0,raw,nan,7.0,1.0,7.0,0.5284387768305128,0.7603775640316833,0.766942156773804,0.0,nan,nan
73.0,raw,nan,8.0,1.0,8.0,0.5455604487572681,0.8208921145380685,0.8311183728584218,0.0,nan,nan
73.0,raw,nan,9.0,2.0,1.0,0.5332605326892998,1.0,1.0,0.0,nan,nan
73.0,raw,nan,10.0,2.0,2.0,0.552301188483294,0.8285451619638639,0.8162500026238059,0.0,nan,nan
73.0,raw,nan,11.0,2.0,3.0,0.5603498612361059,0.7497251402129176,0.637711076774216,0.0,nan,nan
73.0,raw,nan,12.0,2.0,4.0,0.5431602217806928,0.754201911255714,0.772364910188126,0.0,nan,nan
73.0,raw,nan,13.0,2.0,5.0,0.5588470073816371,0.6938005476021891,0.7742786224631666,0.0,nan,nan
73.0,raw,nan,14.0,2.0,6.0,0.5593982715191906,0.6392879629795664,0.724821579857782,0.0,nan,nan
73.0,raw,nan,15.0,2.0,7.0,0.565747950031057,0.6299299763015497,0.6694740171406317,0.0,nan,nan
73.0,raw,nan,16.0,2.0,8.0,0.531154966068308,0.691641514861444,0.6868586582172198,0.0,nan,nan
73.0,ppo,nan,0.0,0.0,0.0,0.4381825474072605,1.0,1.0,0.0,nan,nan
73.0,ppo,nan,1.0,1.0,1.0,0.4498986837978035,1.0,1.0,1.0,nan,nan
73.0,ppo,nan,2.0,1.0,2.0,0.4449602798859143,0.9111709122640316,0.8829751922481567,1.0,nan,nan
73.0,ppo,nan,3.0,1.0,3.0,0.4673810256285434,0.8307006685212115,0.8875124876011293,1.0,nan,nan
73.0,ppo,nan,4.0,1.0,4.0,0.4742493539507907,0.7769308948464756,0.7980137003882465,1.0,nan,nan
73.0,ppo,nan,5.0,1.0,5.0,0.504808560454462,0.801957142862841,0.7610646015495616,1.0,nan,nan
73.0,ppo,nan,6.0,1.0,6.0,0.5093160682008251,0.9461638258014532,0.9531624805522305,1.0,nan,nan
73.0,ppo,nan,7.0,1.0,7.0,0.5048948265147345,0.9247990408364988,0.9346099265003469,1.0,nan,nan
73.0,ppo,nan,8.0,1.0,8.0,0.5246840031718779,0.8974419164633939,0.9114318704286287,1.0,nan,nan
73.0,ppo,nan,9.0,2.0,1.0,0.5301834880747671,1.0,1.0,1.0,nan,nan
73.0,ppo,nan,10.0,2.0,2.0,0.5288259340245345,0.809474794281514,0.745393724929656,1.0,nan,nan
73.0,ppo,nan,11.0,2.0,3.0,0.538812745912676,0.9168967547401345,0.9164765759190509,1.0,nan,nan
73.0,ppo,nan,12.0,2.0,4.0,0.5536416815963184,0.8365020444453627,0.8675073762230114,1.0,nan,nan
73.0,ppo,nan,13.0,2.0,5.0,0.5495850484406112,0.8658624659467306,0.8653079802743142,1.0,nan,nan
73.0,ppo,nan,14.0,2.0,6.0,0.5389648207793551,0.8635418647296461,0.9188785674396666,1.0,nan,nan
73.0,ppo,nan,15.0,2.0,7.0,0.5363284935284258,0.7384716459785701,0.6088929947299351,1.0,nan,nan
73.0,ppo,nan,16.0,2.0,8.0,0.5474912097416523,0.7107131811772698,0.7155435479536769,1.0,nan,nan
73.0,mse_oracle,nan,0.0,0.0,0.0,0.4381825474072605,1.0,1.0,0.0,nan,nan
73.0,mse_oracle,nan,1.0,1.0,1.0,0.4498986837978035,1.0,1.0,0.0,0.06706072794876566,0.06706072794876566
73.0,mse_oracle,nan,2.0,1.0,2.0,0.4449602798859143,0.9111709122640316,0.8829751922481567,1.0,0.06655723166309226,0.06586168117190196
73.0,mse_oracle,nan,3.0,1.0,3.0,0.47202471491495773,0.8307006685212115,0.8875124876011293,0.0,0.07405654781448015,0.07596760456074385
73.0,mse_oracle,nan,4.0,1.0,4.0,0.45871132076231835,0.8166436915144123,0.8527343482312085,0.0,0.06615138940031698,0.07259669803092882
73.0,mse_oracle,nan,5.0,1.0,5.0,0.49967127075177437,0.6766824341401864,0.6075518758831033,1.0,0.07921674707793083,0.07707377925878135
73.0,mse_oracle,nan,6.0,1.0,6.0,0.5142818992140534,0.8523805995290753,0.8326390578532986,0.0,0.059516650185064704,0.06192848109224923
73.0,mse_oracle,nan,7.0,1.0,7.0,0.5179208172148064,0.8330981042821314,0.8560479940798946,0.0,0.057797605289500585,0.05908433775437264
73.0,mse_oracle,nan,8.0,1.0,8.0,0.5346129405956895,0.7987592659281401,0.8141654702371248,1.0,0.059324185943649,0.05784152300197205
73.0,mse_oracle,nan,9.0,2.0,1.0,0.5428018928685295,1.0,1.0,0.0,0.07134232282039966,0.07134232282039966
73.0,mse_oracle,nan,10.0,2.0,2.0,0.5512747085228462,0.8249034862607261,0.8707697850433614,1.0,0.07839575885885516,0.07550824291050912
73.0,mse_oracle,nan,11.0,2.0,3.0,0.5476368351048595,0.9108247338918781,0.9089341562582569,1.0,0.06727552956757636,0.06402215297683396
73.0,mse_oracle,nan,12.0,2.0,4.0,0.5653157450373439,0.8353881402205616,0.8231719026438556,1.0,0.0799456033010231,0.0768240313445613
73.0,mse_oracle,nan,13.0,2.0,5.0,0.5698782480653831,0.8212403946280907,0.8225014348756535,1.0,0.09209625176870415,0.08925340492187366
73.0,mse_oracle,nan,14.0,2.0,6.0,0.5653365249467804,0.8203036004206723,0.8348028936295544,1.0,0.07906203616828048,0.07820963072551966
73.0,mse_oracle,nan,15.0,2.0,7.0,0.5788153232603912,0.8487612402198752,0.8042899648288808,1.0,0.06535633988151525,0.06374769116677961
73.0,mse_oracle,nan,16.0,2.0,8.0,0.5738388346296003,0.9069676941965521,0.851566893966362,1.0,0.06283245379278715,0.059902641006856744
74.0,raw,nan,0.0,0.0,0.0,0.4381825474072605,1.0,1.0,0.0,nan,nan
74.0,raw,nan,1.0,1.0,1.0,0.4517065898188065,1.0,1.0,0.0,nan,nan
74.0,raw,nan,2.0,1.0,2.0,0.47426945128765674,0.8356763361378843,0.8695277732792933,0.0,nan,nan
74.0,raw,nan,3.0,1.0,3.0,0.4769316925228671,0.8259737945828083,0.871349522760783,0.0,nan,nan
74.0,raw,nan,4.0,1.0,4.0,0.4945355259329847,0.7732702785888473,0.8155493050991631,0.0,nan,nan
74.0,raw,nan,5.0,1.0,5.0,0.49084333462621066,0.7998114786779171,0.7650426674471926,0.0,nan,nan
74.0,raw,nan,6.0,1.0,6.0,0.49682974073840275,0.7174616480008896,0.733763698790843,0.0,nan,nan
74.0,raw,nan,7.0,1.0,7.0,0.49837857924118834,0.6638831386215606,0.7173130296436386,0.0,nan,nan
74.0,raw,nan,8.0,1.0,8.0,0.5366198415544459,0.5697219334204993,0.5808503608691926,0.0,nan,nan
74.0,raw,nan,9.0,2.0,1.0,0.5601467237312457,1.0,1.0,0.0,nan,nan
74.0,raw,nan,10.0,2.0,2.0,0.542914912988318,0.9393855655949118,0.9563490585483847,0.0,nan,nan
74.0,raw,nan,11.0,2.0,3.0,0.4884626514650374,0.7525775980261008,0.6584344229379029,0.0,nan,nan
74.0,raw,nan,12.0,2.0,4.0,0.5325210137121895,0.5804678754152997,0.6105614885193208,0.0,nan,nan
74.0,raw,nan,13.0,2.0,5.0,0.4992872341361417,0.4487188753667207,0.38889633227647535,0.0,nan,nan
74.0,raw,nan,14.0,2.0,6.0,0.4892720919599791,0.4416138877506322,0.7362994973859639,0.0,nan,nan
74.0,raw,nan,15.0,2.0,7.0,0.47521529471483404,0.3221105994450177,0.41930890010289623,0.0,nan,nan
74.0,raw,nan,16.0,2.0,8.0,0.4412055124389047,0.26536110244239003,0.6307504830694879,0.0,nan,nan
74.0,ppo,nan,0.0,0.0,0.0,0.4381825474072605,1.0,1.0,0.0,nan,nan
74.0,ppo,nan,1.0,1.0,1.0,0.4517065898188065,1.0,1.0,1.0,nan,nan
74.0,ppo,nan,2.0,1.0,2.0,0.4706060032563526,0.8356763361378843,0.8695277732792933,1.0,nan,nan
74.0,ppo,nan,3.0,1.0,3.0,0.46385478534102825,0.8842819880066891,0.875137942131872,1.0,nan,nan
74.0,ppo,nan,4.0,1.0,4.0,0.4790731601128666,0.8641412211101532,0.8657911523179443,1.0,nan,nan
74.0,ppo,nan,5.0,1.0,5.0,0.49255883166183806,0.8523342086647766,0.8505976822494554,1.0,nan,nan
74.0,ppo,nan,6.0,1.0,6.0,0.49726966036295683,0.8874898612539711,0.8957102441124563,1.0,nan,nan
74.0,ppo,nan,7.0,1.0,7.0,0.5043667370133197,0.8474506367691946,0.9041383956596675,1.0,nan,nan
74.0,ppo,nan,8.0,1.0,8.0,0.5187052309968202,0.8462189416537669,0.8590607503767276,1.0,nan,nan
74.0,ppo,nan,9.0,2.0,1.0,0.5268568601158129,1.0,1.0,1.0,nan,nan
74.0,ppo,nan,10.0,2.0,2.0,0.5489733762171276,0.9514482719120578,0.9493858315762096,1.0,nan,nan
74.0,ppo,nan,11.0,2.0,3.0,0.5447784296742466,0.8847998758932658,0.867104651462083,1.0,nan,nan
74.0,ppo,nan,12.0,2.0,4.0,0.5368897767812807,0.9402163070741589,0.9459410287078364,1.0,nan,nan
74.0,ppo,nan,13.0,2.0,5.0,0.5667999097639667,0.8918215701710523,0.8996954178424219,1.0,nan,nan
74.0,ppo,nan,14.0,2.0,6.0,0.5759492303340161,0.8854078562926703,0.9008595207721611,1.0,nan,nan
74.0,ppo,nan,15.0,2.0,7.0,0.557232022907613,0.9428671469699828,0.9537967442425395,1.0,nan,nan
74.0,ppo,nan,16.0,2.0,8.0,0.5673040012466695,0.8706020386420559,0.8947223520058047,1.0,nan,nan
74.0,mse_oracle,nan,0.0,0.0,0.0,0.4381825474072605,1.0,1.0,0.0,nan,nan
74.0,mse_oracle,nan,1.0,1.0,1.0,0.4517065898188065,1.0,1.0,0.0,0.06706072794876566,0.06706072794876566
74.0,mse_oracle,nan,2.0,1.0,2.0,0.47426945128765674,0.8356763361378843,0.8695277732792933,0.0,0.0691064814195797,0.07007635501932606
74.0,mse_oracle,nan,3.0,1.0,3.0,0.4769316925228671,0.8259737945828083,0.871349522760783,0.0,0.06457138882990258,0.06944116658137002
74.0,mse_oracle,nan,4.0,1.0,4.0,0.4945355259329847,0.7732702785888473,0.8155493050991631,0.0,0.0662769177295189,0.06916410220211616
74.0,mse_oracle,nan,5.0,1.0,5.0,0.4909294133343619,0.7998114786779171,0.7650426674471926,1.0,0.06030299982731067,0.057524440884135955
74.0,mse_oracle,nan,6.0,1.0,6.0,0.5196380086726319,0.7553694605034702,0.7852043073050896,1.0,0.06300513075803207,0.0622651256924629
74.0,mse_oracle,nan,7.0,1.0,7.0,0.5252082361543686,0.8388164111832258,0.85019038166206,1.0,0.053489553463883,0.04853369950074271
74.0,mse_oracle,nan,8.0,1.0,8.0,0.5275606095461285,0.8522882869182951,0.8493346428038075,1.0,0.053909457266408514,0.05213390222416171
74.0,mse_oracle,nan,9.0,2.0,1.0,0.5432087431156627,1.0,1.0,0.0,0.07054223557323154,0.07054223557323154
74.0,mse_oracle,nan,10.0,2.0,2.0,0.5496211887976733,0.9228927922719937,0.8755727643865651,1.0,0.08414691552743221,0.08117418466630205
74.0,mse_oracle,nan,11.0,2.0,3.0,0.5407549966240871,0.9122517422599812,0.8957821909082032,1.0,0.06856263206102715,0.06847072617072815
74.0,mse_oracle,nan,12.0,2.0,4.0,0.5530868824012192,0.8907583277303617,0.9009247364332292,1.0,0.07676465421281806,0.07183533729044123
74.0,mse_oracle,nan,13.0,2.0,5.0,0.5641594567340051,0.893846947947696,0.9322313994175464,1.0,0.0711768620778351,0.06583762578994948
74.0,mse_oracle,nan,14.0,2.0,6.0,0.5730876938047775,0.9441079573864734,0.954577708281503,1.0,0.061809447922390424,0.05428645224727375
74.0,mse_oracle,nan,15.0,2.0,7.0,0.553098994116902,0.9102636242203125,0.8945418578192706,1.0,0.07153640412105908,0.06753609869255747
74.0,mse_oracle,nan,16.0,2.0,8.0,0.5569908351017161,0.8356550158217741,0.8553082295732519,1.0,0.07231002864183803,0.06704875887444271
75.0,raw,nan,0.0,0.0,0.0,0.4381825474072605,1.0,1.0,0.0,nan,nan
75.0,raw,nan,1.0,1.0,1.0,0.43360618134217277,1.0,1.0,0.0,nan,nan
75.0,raw,nan,2.0,1.0,2.0,0.3844793481717314,0.7267310249940827,0.6701680222799896,0.0,nan,nan
75.0,raw,nan,3.0,1.0,3.0,0.3727680868343791,0.41423942880987724,0.3928375116047567,0.0,nan,nan
75.0,raw,nan,4.0,1.0,4.0,0.4076905642202992,0.43183617322320983,0.4593931750443356,0.0,nan,nan
75.0,raw,nan,5.0,1.0,5.0,0.33423446114118305,0.45437683987155475,0.6024666707889591,0.0,nan,nan
75.0,raw,nan,6.0,1.0,6.0,0.4154885070445814,0.19748341106768574,0.2301062796237675,0.0,nan,nan
75.0,raw,nan,7.0,1.0,7.0,0.41278219472849575,0.4319050172451383,0.46699090191476067,0.0,nan,nan
75.0,raw,nan,8.0,1.0,8.0,0.42703399294970273,0.4098202902725375,0.6583382344771004,0.0,nan,nan
75.0,raw,nan,9.0,2.0,1.0,0.4801627212353536,1.0,1.0,0.0,nan,nan
75.0,raw,nan,10.0,2.0,2.0,0.49567105638432846,0.6060993265740501,0.619333045453231,0.0,nan,nan
75.0,raw,nan,11.0,2.0,3.0,0.4281373957900353,0.17562135721817296,0.6542976863479362,0.0,nan,nan
75.0,raw,nan,12.0,2.0,4.0,0.44782022088382856,0.2143382984465531,0.5290848158126115,0.0,nan,nan
75.0,raw,nan,13.0,2.0,5.0,0.4843575201180323,0.23739498619010022,0.26525377996311134,0.0,nan,nan
75.0,raw,nan,14.0,2.0,6.0,0.5123032694144882,0.4302097982186579,0.6742033945768217,0.0,nan,nan
75.0,raw,nan,15.0,2.0,7.0,0.5841406253098671,0.4293331256195078,0.4708283347117262,0.0,nan,nan
75.0,raw,nan,16.0,2.0,8.0,0.5619318013486168,0.11938454699061486,0.3807784392775358,0.0,nan,nan
75.0,ppo,nan,0.0,0.0,0.0,0.4381825474072605,1.0,1.0,0.0,nan,nan
75.0,ppo,nan,1.0,1.0,1.0,0.43360618134217277,1.0,1.0,1.0,nan,nan
75.0,ppo,nan,2.0,1.0,2.0,0.4214347016680305,0.7267310249940827,0.6701680222799896,1.0,nan,nan
75.0,ppo,nan,3.0,1.0,3.0,0.40613336094109703,0.6191000665358674,0.5889894093560545,1.0,nan,nan
75.0,ppo,nan,4.0,1.0,4.0,0.4284120341487592,0.5552195419631603,0.6295931409138567,1.0,nan,nan
75.0,ppo,nan,5.0,1.0,5.0,0.40741436071345083,0.5907394510893011,0.6632497999557807,1.0,nan,nan
75.0,ppo,nan,6.0,1.0,6.0,0.4594224834524544,0.46802970605104816,0.4314484504780495,1.0,nan,nan
75.0,ppo,nan,7.0,1.0,7.0,0.42697063354512466,0.6849972878217743,0.6878797508006154,1.0,nan,nan
75.0,ppo,nan,8.0,1.0,8.0,0.4611801104118535,0.6207818366623395,0.6506809473867167,1.0,nan,nan
75.0,ppo,nan,9.0,2.0,1.0,0.45922936664402053,1.0,1.0,1.0,nan,nan
75.0,ppo,nan,10.0,2.0,2.0,0.49143600448647734,0.7399069022780447,0.7874427724690181,1.0,nan,nan
75.0,ppo,nan,11.0,2.0,3.0,0.49146190114528915,0.7930057091722154,0.8904001543506518,1.0,nan,nan
75.0,ppo,nan,12.0,2.0,4.0,0.46567586865453164,0.7345429270188222,0.8358356951562005,1.0,nan,nan
75.0,ppo,nan,13.0,2.0,5.0,0.49960024550936133,0.7556753542508197,0.8461899124232233,1.0,nan,nan
75.0,ppo,nan,14.0,2.0,6.0,0.5171018119699397,0.747439792785222,0.8715467504735052,1.0,nan,nan
75.0,ppo,nan,15.0,2.0,7.0,0.5191650178700985,0.7899201192518253,0.8492592540259102,1.0,nan,nan
75.0,ppo,nan,16.0,2.0,8.0,0.5259180407766058,0.9172904398449528,0.9170173953043387,1.0,nan,nan
75.0,mse_oracle,nan,0.0,0.0,0.0,0.4381825474072605,1.0,1.0,0.0,nan,nan
75.0,mse_oracle,nan,1.0,1.0,1.0,0.43360618134217277,1.0,1.0,0.0,0.06706072794876566,0.06706072794876566
75.0,mse_oracle,nan,2.0,1.0,2.0,0.3844793481717314,0.7267310249940827,0.6701680222799896,0.0,0.07716058254852926,0.08034095216647179
75.0,mse_oracle,nan,3.0,1.0,3.0,0.38217322205329113,0.41423942880987724,0.3928375116047567,1.0,0.12150981008651493,0.11786131381077669
75.0,mse_oracle,nan,4.0,1.0,4.0,0.4130721899887608,0.45211751488432,0.5040493029001866,1.0,0.11363861336283101,0.10752103217216559
75.0,mse_oracle,nan,5.0,1.0,5.0,0.39377595854581576,0.520214402105309,0.6287083776010258,1.0,0.09391569576771676,0.0887491805514995
75.0,mse_oracle,nan,6.0,1.0,6.0,0.4431696006154207,0.3848675625827075,0.3777530354138123,1.0,0.09997677595089524,0.09922477548379485
75.0,mse_oracle,nan,7.0,1.0,7.0,0.41186338536909006,0.5779698488289581,0.5847391859373053,1.0,0.08073746874003572,0.07482075608605886
75.0,mse_oracle,nan,8.0,1.0,8.0,0.44211675251352006,0.5410583587462785,0.6419933594247411,1.0,0.09273271115223779,0.08614474902603352
75.0,mse_oracle,nan,9.0,2.0,1.0,0.43680849290499835,1.0,1.0,0.0,0.056323143394166206,0.056323143394166206
75.0,mse_oracle,nan,10.0,2.0,2.0,0.4695674273222783,0.8491325633406542,0.8363101145674194,1.0,0.08493171285521625,0.0748389520797687
75.0,mse_oracle,nan,11.0,2.0,3.0,0.47880650742928826,0.9262698239611908,0.9707136397894397,1.0,0.07398043488283843,0.06337097385750022
75.0,mse_oracle,nan,12.0,2.0,4.0,0.43442412040701794,0.7771746843189321,0.7457810025399821,1.0,0.09489239715805363,0.08071225365414342
75.0,mse_oracle,nan,13.0,2.0,5.0,0.495404312185742,0.7125206202114939,0.7641609890639762,1.0,0.08358259792385864,0.07375832285291564
75.0,mse_oracle,nan,14.0,2.0,6.0,0.5023179620934476,0.9041529983780283,0.9211740088781851,1.0,0.07091730274921679,0.056466056625179964
75.0,mse_oracle,nan,15.0,2.0,7.0,0.49776122669461664,0.849584162104469,0.823218528434337,1.0,0.07684304580195565,0.06283711594453421
75.0,mse_oracle,nan,16.0,2.0,8.0,0.43604207747637835,0.8201696497921642,0.7923500830215008,1.0,0.07734540857864979,0.0677482040539105
76.0,raw,nan,0.0,0.0,0.0,0.4381825474072605,1.0,1.0,0.0,nan,nan
76.0,raw,nan,1.0,1.0,1.0,0.45418122754355106,1.0,1.0,0.0,nan,nan
76.0,raw,nan,2.0,1.0,2.0,0.4502882809171482,0.8863534935774612,0.9180530611115328,0.0,nan,nan
76.0,raw,nan,3.0,1.0,3.0,0.45880058030408233,0.7486399230310056,0.7666934084938535,0.0,nan,nan
76.0,raw,nan,4.0,1.0,4.0,0.4819425722549261,0.6711667483437056,0.6501910840338924,0.0,nan,nan
76.0,raw,nan,5.0,1.0,5.0,0.48475775545966876,0.713902412976965,0.6591070549293815,0.0,nan,nan
76.0,raw,nan,6.0,1.0,6.0,0.49726117077188714,0.6708581577693123,0.726445122665993,0.0,nan,nan
76.0,raw,nan,7.0,1.0,7.0,0.5142349138861058,0.6463892292771051,0.6457701732590084,0.0,nan,nan
76.0,raw,nan,8.0,1.0,8.0,0.5262242412036633,0.7027532844644937,0.7028781137117374,0.0,nan,nan
76.0,raw,nan,9.0,2.0,1.0,0.5312244733599933,1.0,1.0,0.0,nan,nan
76.0,raw,nan,10.0,2.0,2.0,0.5436612945023481,0.969946776988571,0.9565615950415172,0.0,nan,nan
76.0,raw,nan,11.0,2.0,3.0,0.5684139198231412,0.9463205043649076,0.9340370130996617,0.0,nan,nan
76.0,raw,nan,12.0,2.0,4.0,0.5089929480574333,0.9298442380946009,0.9431949480280362,0.0,nan,nan
76.0,raw,nan,13.0,2.0,5.0,0.5637040570806022,0.8247985648546087,0.8232032716069105,0.0,nan,nan
76.0,raw,nan,14.0,2.0,6.0,0.5800784503579993,0.7446525248264539,0.8285919657365626,0.0,nan,nan
76.0,raw,nan,15.0,2.0,7.0,0.5855676917773481,0.7295547467815713,0.7769925953957538,0.0,nan,nan
76.0,raw,nan,16.0,2.0,8.0,0.590081344971313,0.679153985677379,0.782186186641064,0.0,nan,nan
76.0,ppo,nan,0.0,0.0,0.0,0.4381825474072605,1.0,1.0,0.0,nan,nan
76.0,ppo,nan,1.0,1.0,1.0,0.45418122754355106,1.0,1.0,1.0,nan,nan
76.0,ppo,nan,2.0,1.0,2.0,0.4565623571306966,0.8863534935774612,0.9180530611115328,1.0,nan,nan
76.0,ppo,nan,3.0,1.0,3.0,0.482541863251401,0.8511376706522134,0.8266437314867954,1.0,nan,nan
76.0,ppo,nan,4.0,1.0,4.0,0.47999069864875066,0.9017599994433529,0.8554120432382808,1.0,nan,nan
76.0,ppo,nan,5.0,1.0,5.0,0.49641167079030196,0.8906190135195996,0.9065631790214053,1.0,nan,nan
76.0,ppo,nan,6.0,1.0,6.0,0.5096794238842709,0.89135538785708,0.9195209645378094,1.0,nan,nan
76.0,ppo,nan,7.0,1.0,7.0,0.495202281615231,0.9070055087239044,0.9093973367347146,1.0,nan,nan
76.0,ppo,nan,8.0,1.0,8.0,0.5139414777867056,0.8345955804820062,0.8460383102879827,1.0,nan,nan
76.0,ppo,nan,9.0,2.0,1.0,0.5250798507271756,1.0,1.0,1.0,nan,nan
76.0,ppo,nan,10.0,2.0,2.0,0.48271135973317586,0.8577392537805297,0.918652035054966,1.0,nan,nan
76.0,ppo,nan,11.0,2.0,3.0,0.530267107626753,0.7780390563536899,0.7504790582269742,1.0,nan,nan
76.0,ppo,nan,12.0,2.0,4.0,0.5052276465659424,0.9114087011863119,0.9278808525027817,1.0,nan,nan
76.0,ppo,nan,13.0,2.0,5.0,0.5458979884270398,0.8802348912553425,0.8819470760404515,1.0,nan,nan
76.0,ppo,nan,14.0,2.0,6.0,0.5562998294321176,0.8447554261406288,0.8684599110007243,1.0,nan,nan
76.0,ppo,nan,15.0,2.0,7.0,0.5645787523487511,0.8319069387635488,0.80671534528082,1.0,nan,nan
76.0,ppo,nan,16.0,2.0,8.0,0.5483277110273511,0.8407929164151493,0.8145123704512974,1.0,nan,nan
76.0,mse_oracle,nan,0.0,0.0,0.0,0.4381825474072605,1.0,1.0,0.0,nan,nan
76.0,mse_oracle,nan,1.0,1.0,1.0,0.45418122754355106,1.0,1.0,0.0,0.06706072794876566,0.06706072794876566
76.0,mse_oracle,nan,2.0,1.0,2.0,0.4502882809171482,0.8863534935774612,0.9180530611115328,0.0,0.06587371649228838,0.06641821540312605
76.0,mse_oracle,nan,3.0,1.0,3.0,0.45880058030408233,0.7486399230310056,0.7666934084938535,0.0,0.07173377394057648,0.07249979322922026
76.0,mse_oracle,nan,4.0,1.0,4.0,0.4819425722549261,0.6711667483437056,0.6501910840338924,0.0,0.07408328414143517,0.07725480375492452
76.0,mse_oracle,nan,5.0,1.0,5.0,0.48475775545966876,0.713902412976965,0.6591070549293815,0.0,0.0660230198393317,0.06634844071742989
76.0,mse_oracle,nan,6.0,1.0,6.0,0.5004681404549269,0.6708581577693123,0.726445122665993,1.0,0.06773285616495592,0.06466638163296219
76.0,mse_oracle,nan,7.0,1.0,7.0,0.5089901237616784,0.7488801204918952,0.785750149382331,1.0,0.0613146310341417,0.05793010324822421
76.0,mse_oracle,nan,8.0,1.0,8.0,0.5267328740320979,0.8034257085497182,0.7652130182119482,1.0,0.05872498984619814,0.04983434365091851
76.0,mse_oracle,nan,9.0,2.0,1.0,0.5084958424628405,1.0,1.0,0.0,0.0686740195361952,0.0686740195361952
76.0,mse_oracle,nan,10.0,2.0,2.0,0.5211294182105856,0.8715356117792568,0.9183799610680199,1.0,0.08400359052480241,0.08046982347664823
76.0,mse_oracle,nan,11.0,2.0,3.0,0.5532207764432961,0.7726618190699928,0.796235688484073,1.0,0.09439656939985738,0.09389230638437175
76.0,mse_oracle,nan,12.0,2.0,4.0,0.523507398803976,0.954415235474506,0.9290460142299943,1.0,0.06551715654400037,0.062402549509266644
76.0,mse_oracle,nan,13.0,2.0,5.0,0.5300825046883003,0.8407284225448561,0.8862466260196382,1.0,0.0730705958163687,0.0662896777406659
76.0,mse_oracle,nan,14.0,2.0,6.0,0.5506541680075744,0.8240989502725994,0.8039340637240888,1.0,0.07485270715699306,0.06728021557602798
76.0,mse_oracle,nan,15.0,2.0,7.0,0.5492272153622136,0.7606899679962635,0.7757231089090662,1.0,0.06930203407458807,0.0658112388432573
76.0,mse_oracle,nan,16.0,2.0,8.0,0.5579775294181124,0.7747849016685976,0.7732385268005899,1.0,0.06775247904601765,0.0652693749152366
77.0,raw,nan,0.0,0.0,0.0,0.4381825474072605,1.0,1.0,0.0,nan,nan
77.0,raw,nan,1.0,1.0,1.0,0.4546081790048384,1.0,1.0,0.0,nan,nan
77.0,raw,nan,2.0,1.0,2.0,0.45963186498804814,0.9438798542709461,0.9639897016132651,0.0,nan,nan
77.0,raw,nan,3.0,1.0,3.0,0.4450178816580689,0.7713694354516579,0.8254470619724545,0.0,nan,nan
77.0,raw,nan,4.0,1.0,4.0,0.4395311223869851,0.6549254866621115,0.6403783053335116,0.0,nan,nan
77.0,raw,nan,5.0,1.0,5.0,0.46779442350011113,0.5589516275659806,0.5625773024076902,0.0,nan,nan
77.0,raw,nan,6.0,1.0,6.0,0.48068215417706767,0.6735397517213688,0.6862779225696396,0.0,nan,nan
77.0,raw,nan,7.0,1.0,7.0,0.5028782930083109,0.6238682231794915,0.6201261399164286,0.0,nan,nan
77.0,raw,nan,8.0,1.0,8.0,0.5295846815967346,0.6296724451762621,0.5804125058012851,0.0,nan,nan
77.0,raw,nan,9.0,2.0,1.0,0.5512849742856231,1.0,1.0,0.0,nan,nan
77.0,raw,nan,10.0,2.0,2.0,0.5667485752024485,0.9433944589099851,0.95320255270082,0.0,nan,nan
77.0,raw,nan,11.0,2.0,3.0,0.5276062453265139,0.7156379166655527,0.761443481030081,0.0,nan,nan
77.0,raw,nan,12.0,2.0,4.0,0.485527475946132,0.6748462008149031,0.8325357687285222,0.0,nan,nan
77.0,raw,nan,13.0,2.0,5.0,0.5545098818361374,0.4144379269116155,0.5223829929658323,0.0,nan,nan
77.0,raw,nan,14.0,2.0,6.0,0.4974237604311194,0.635224814289414,0.5267825743442575,0.0,nan,nan
77.0,raw,nan,15.0,2.0,7.0,0.5778766111387953,0.6379530611593863,0.6134124618481511,0.0,nan,nan
77.0,raw,nan,16.0,2.0,8.0,0.5938317738328084,0.5278517147430666,0.6882196249926659,0.0,nan,nan
77.0,ppo,nan,0.0,0.0,0.0,0.4381825474072605,1.0,1.0,0.0,nan,nan
77.0,ppo,nan,1.0,1.0,1.0,0.4546081790048384,1.0,1.0,1.0,nan,nan
77.0,ppo,nan,2.0,1.0,2.0,0.4615685127332339,0.9438798542709461,0.9639897016132651,1.0,nan,nan
77.0,ppo,nan,3.0,1.0,3.0,0.45088089300268075,0.8630857117812021,0.8560849479981846,1.0,nan,nan
77.0,ppo,nan,4.0,1.0,4.0,0.47495290765436543,0.819310821999484,0.7891985536881442,1.0,nan,nan
77.0,ppo,nan,5.0,1.0,5.0,0.4898020142393933,0.9031541245931056,0.9200156613028272,1.0,nan,nan
77.0,ppo,nan,6.0,1.0,6.0,0.48440145806910606,0.9421365815452377,0.9469062933463359,1.0,nan,nan
77.0,ppo,nan,7.0,1.0,7.0,0.4937339418540565,0.7823761033166973,0.8001677979712066,1.0,nan,nan
77.0,ppo,nan,8.0,1.0,8.0,0.5073649390883143,0.7717252135005612,0.7930329660019615,1.0,nan,nan
77.0,ppo,nan,9.0,2.0,1.0,0.5120653615905187,1.0,1.0,1.0,nan,nan
77.0,ppo,nan,10.0,2.0,2.0,0.5215624224944666,0.7846318637191517,0.8317862275144252,1.0,nan,nan
77.0,ppo,nan,11.0,2.0,3.0,0.5477018688348222,0.7096362197259951,0.7730554864720189,1.0,nan,nan
77.0,ppo,nan,12.0,2.0,4.0,0.492365795570429,0.7793561912368737,0.7531884523963273,1.0,nan,nan
77.0,ppo,nan,13.0,2.0,5.0,0.5586676872242915,0.7459719183484459,0.7488744269556343,1.0,nan,nan
77.0,ppo,nan,14.0,2.0,6.0,0.526785480808705,0.8414225953111942,0.7765223891326917,1.0,nan,nan
77.0,ppo,nan,15.0,2.0,7.0,0.5637520561815947,0.8189626377694744,0.7526705184834079,1.0,nan,nan
77.0,ppo,nan,16.0,2.0,8.0,0.5837506959085473,0.8414688016463567,0.8289977434812621,1.0,nan,nan
77.0,mse_oracle,nan,0.0,0.0,0.0,0.4381825474072605,1.0,1.0,0.0,nan,nan
77.0,mse_oracle,nan,1.0,1.0,1.0,0.4546081790048384,1.0,1.0,0.0,0.06706072794876566,0.06706072794876566
77.0,mse_oracle,nan,2.0,1.0,2.0,0.45963186498804814,0.9438798542709461,0.9639897016132651,0.0,0.06601032050438634,0.06699555182846219
77.0,mse_oracle,nan,3.0,1.0,3.0,0.4450178816580689,0.7713694354516579,0.8254470619724545,0.0,0.06984827725100536,0.07201330643827715
77.0,mse_oracle,nan,4.0,1.0,4.0,0.4395311223869851,0.6549254866621115,0.6403783053335116,0.0,0.08020707741563614,0.08056455875054273
77.0,mse_oracle,nan,5.0,1.0,5.0,0.48432907622250426,0.5589516275659806,0.5625773024076902,1.0,0.08707764296500288,0.08647757717547462
77.0,mse_oracle,nan,6.0,1.0,6.0,0.4965181413366682,0.8029659717130057,0.831843964489387,1.0,0.06468436096326094,0.06376358075806657
77.0,mse_oracle,nan,7.0,1.0,7.0,0.4980729934834975,0.7742157391846901,0.7692449603201108,1.0,0.060693501160602015,0.057011539884098066
77.0,mse_oracle,nan,8.0,1.0,8.0,0.530435151229676,0.7072975171731274,0.6420121141188728,1.0,0.061797947873710124,0.05631937546447613
77.0,mse_oracle,nan,9.0,2.0,1.0,0.5396179157241263,1.0,1.0,0.0,0.07000658986274595,0.07000658986274595
77.0,mse_oracle,nan,10.0,2.0,2.0,0.540790113423221,0.9440964709774046,0.9305355332044452,1.0,0.07702175357578862,0.07500114762757323
77.0,mse_oracle,nan,11.0,2.0,3.0,0.5373907908885458,0.8733758865677734,0.912059055281745,0.0,0.0860606542114256,0.08649045065187524
77.0,mse_oracle,nan,12.0,2.0,4.0,0.5414952731148314,0.7404020300780123,0.7659793988786057,1.0,0.11130982102740639,0.10986493643792943
77.0,mse_oracle,nan,13.0,2.0,5.0,0.5679593352188194,0.8400428214346433,0.849537763112182,1.0,0.08360955682493713,0.08243345956031398
77.0,mse_oracle,nan,14.0,2.0,6.0,0.5771519747573861,0.9267349103002926,0.9465652405734054,1.0,0.06035978710950385,0.05539463884601147
77.0,mse_oracle,nan,15.0,2.0,7.0,0.5550787349937492,0.9119500790483277,0.9149697335840912,1.0,0.06662634834122798,0.06316314532636719
77.0,mse_oracle,nan,16.0,2.0,8.0,0.5814566223642245,0.8400395902235104,0.7924081958966982,1.0,0.06831975435285816,0.06419807951634407
78.0,raw,nan,0.0,0.0,0.0,0.4381825474072605,1.0,1.0,0.0,nan,nan
78.0,raw,nan,1.0,1.0,1.0,0.4386356196648939,1.0,1.0,0.0,nan,nan
78.0,raw,nan,2.0,1.0,2.0,0.44474611016073085,0.8495725701818049,0.845322074577391,0.0,nan,nan
78.0,raw,nan,3.0,1.0,3.0,0.4796060397778527,0.8604636578263287,0.8724983370991718,0.0,nan,nan
78.0,raw,nan,4.0,1.0,4.0,0.48687361768549176,0.8788506167382996,0.8667294491189844,0.0,nan,nan
78.0,raw,nan,5.0,1.0,5.0,0.47663792736153476,0.8398521275318694,0.8383528246901435,0.0,nan,nan
78.0,raw,nan,6.0,1.0,6.0,0.516284051973248,0.7390908644927198,0.7139373250328005,0.0,nan,nan
78.0,raw,nan,7.0,1.0,7.0,0.533620659117675,0.8496887053794181,0.8782944523099446,0.0,nan,nan
78.0,raw,nan,8.0,1.0,8.0,0.5315061005892313,0.8282977045432497,0.8215235219368464,0.0,nan,nan
78.0,raw,nan,9.0,2.0,1.0,0.5584660633500208,1.0,1.0,0.0,nan,nan
78.0,raw,nan,10.0,2.0,2.0,0.5099331863561364,0.8211332155619637,0.8343203675302191,0.0,nan,nan
78.0,raw,nan,11.0,2.0,3.0,0.5257159363830319,0.2977997399808068,0.4999026015979729,0.0,nan,nan
78.0,raw,nan,12.0,2.0,4.0,0.37373282870275126,0.309416204617432,0.3150632180224977,0.0,nan,nan
78.0,raw,nan,13.0,2.0,5.0,0.3972995319213875,0.0705826065512168,0.4535967283742567,0.0,nan,nan
78.0,raw,nan,14.0,2.0,6.0,0.48694371122874386,0.08588273418028686,0.10150793954537674,0.0,nan,nan
78.0,raw,nan,15.0,2.0,7.0,0.5505467842834855,0.18779915033014252,0.1363860661061868,0.0,nan,nan
78.0,raw,nan,16.0,2.0,8.0,0.5399449722364852,0.4251010700205456,0.4803926132943685,0.0,nan,nan
78.0,ppo,nan,0.0,0.0,0.0,0.4381825474072605,1.0,1.0,0.0,nan,nan
78.0,ppo,nan,1.0,1.0,1.0,0.4386356196648939,1.0,1.0,1.0,nan,nan
78.0,ppo,nan,2.0,1.0,2.0,0.43383856624179956,0.8495725701818049,0.845322074577391,1.0,nan,nan
78.0,ppo,nan,3.0,1.0,3.0,0.4710343302456022,0.8605003577298383,0.8933266694863385,1.0,nan,nan
78.0,ppo,nan,4.0,1.0,4.0,0.47106727742894333,0.885895864205513,0.8960170319386715,1.0,nan,nan
78.0,ppo,nan,5.0,1.0,5.0,0.4760829115835837,0.8664980527075274,0.8947603001293905,1.0,nan,nan
78.0,ppo,nan,6.0,1.0,6.0,0.4952735241141975,0.8296809496919746,0.8651992666802537,1.0,nan,nan
78.0,ppo,nan,7.0,1.0,7.0,0.5041086468978618,0.8386628663603624,0.8606354610216119,1.0,nan,nan
78.0,ppo,nan,8.0,1.0,8.0,0.5169208739797971,0.7871362879576048,0.7907474227333201,1.0,nan,nan
78.0,ppo,nan,9.0,2.0,1.0,0.5341988590670577,1.0,1.0,1.0,nan,nan
78.0,ppo,nan,10.0,2.0,2.0,0.5440751847044566,0.8630873321555673,0.8867965063183417,1.0,nan,nan
78.0,ppo,nan,11.0,2.0,3.0,0.5560135247912086,0.8669214482207931,0.9139281766937433,1.0,nan,nan
78.0,ppo,nan,12.0,2.0,4.0,0.5198913534731001,0.9085705473737257,0.8865490545752056,1.0,nan,nan
78.0,ppo,nan,13.0,2.0,5.0,0.5252542193371474,0.8672787331029931,0.8756208811927069,1.0,nan,nan
78.0,ppo,nan,14.0,2.0,6.0,0.5443842692239813,0.8720025096683397,0.8786170066304176,1.0,nan,nan
78.0,ppo,nan,15.0,2.0,7.0,0.5502409230272504,0.8731731912565515,0.9122217576552105,1.0,nan,nan
78.0,ppo,nan,16.0,2.0,8.0,0.5705537504486784,0.8183287936001932,0.7881427383437657,1.0,nan,nan
78.0,mse_oracle,nan,0.0,0.0,0.0,0.4381825474072605,1.0,1.0,0.0,nan,nan
78.0,mse_oracle,nan,1.0,1.0,1.0,0.4386356196648939,1.0,1.0,0.0,0.06706072794876566,0.06706072794876566
78.0,mse_oracle,nan,2.0,1.0,2.0,0.44474611016073085,0.8495725701818049,0.845322074577391,0.0,0.0727304808185538,0.07750438891904732
78.0,mse_oracle,nan,3.0,1.0,3.0,0.4796060397778527,0.8604636578263287,0.8724983370991718,0.0,0.07419253540030679,0.07456869281160183
78.0,mse_oracle,nan,4.0,1.0,4.0,0.48687361768549176,0.8788506167382996,0.8667294491189844,0.0,0.06298687499229183,0.06807202181120202
78.0,mse_oracle,nan,5.0,1.0,5.0,0.47663792736153476,0.8398521275318694,0.8383528246901435,0.0,0.06264663839944043,0.06421268578372516
78.0,mse_oracle,nan,6.0,1.0,6.0,0.5090277285845017,0.7390908644927198,0.7139373250328005,1.0,0.06829413629763911,0.06777805160952255
78.0,mse_oracle,nan,7.0,1.0,7.0,0.5230198951799407,0.8351195122408193,0.8508648412195334,1.0,0.05784295870992934,0.05020686111541037
78.0,mse_oracle,nan,8.0,1.0,8.0,0.5227579267092123,0.7913823483965619,0.7806795630529318,1.0,0.05470976850920456,0.04779734684574167
78.0,mse_oracle,nan,9.0,2.0,1.0,0.5493677664642415,1.0,1.0,0.0,0.0677390870348873,0.0677390870348873
78.0,mse_oracle,nan,10.0,2.0,2.0,0.5483516434913137,0.8559448572093216,0.864506682173895,1.0,0.09366876895919307,0.09310799820030746
78.0,mse_oracle,nan,11.0,2.0,3.0,0.5520573640135371,0.795841815495044,0.929829486962469,1.0,0.10320875952413625,0.09461127384401621
78.0,mse_oracle,nan,12.0,2.0,4.0,0.5301027859745062,0.8144184998452701,0.8195980166057812,1.0,0.10394279879985273,0.0966409820060016
78.0,mse_oracle,nan,13.0,2.0,5.0,0.5606127547684427,0.8096269644217521,0.9193758446344258,1.0,0.09243324773019393,0.0794693986083233
78.0,mse_oracle,nan,14.0,2.0,6.0,0.5308215137811843,0.836060956353016,0.8348690911543537,1.0,0.09045962157376669,0.08200777275666282
78.0,mse_oracle,nan,15.0,2.0,7.0,0.570684045665461,0.8485791665848746,0.858297991085884,1.0,0.08253109079659246,0.07564357649457745
78.0,mse_oracle,nan,16.0,2.0,8.0,0.5874454812750005,0.8797051044385027,0.905729473046782,0.0,0.07152114814578932,0.07390844733812138
79.0,raw,nan,0.0,0.0,0.0,0.4381825474072605,1.0,1.0,0.0,nan,nan
79.0,raw,nan,1.0,1.0,1.0,0.4459411157276968,1.0,1.0,0.0,nan,nan
79.0,raw,nan,2.0,1.0,2.0,0.44708620667917437,0.8908578422750613,0.8903213025658444,0.0,nan,nan
79.0,raw,nan,3.0,1.0,3.0,0.4634183642165732,0.7388248050848134,0.7865803770515517,0.0,nan,nan
79.0,raw,nan,4.0,1.0,4.0,0.45313464366106215,0.7196030839946301,0.8379851110591668,0.0,nan,nan
79.0,raw,nan,5.0,1.0,5.0,0.43832666307682766,0.6084902172666754,0.6605254599927282,0.0,nan,nan
79.0,raw,nan,6.0,1.0,6.0,0.503294620321634,0.4100545899455212,0.7671612100285379,0.0,nan,nan
79.0,raw,nan,7.0,1.0,7.0,0.4950625867429659,0.7349119660558329,0.7228604221318389,0.0,nan,nan
79.0,raw,nan,8.0,1.0,8.0,0.5349441329574656,0.6163354054781219,0.5726728213704458,0.0,nan,nan
79.0,raw,nan,9.0,2.0,1.0,0.5410448741969636,1.0,1.0,0.0,nan,nan
79.0,raw,nan,10.0,2.0,2.0,0.5564489017026388,0.836088211334453,0.8319027989966024,0.0,nan,nan
79.0,raw,nan,11.0,2.0,3.0,0.5662523575749161,0.7851964995982238,0.7812991496117949,0.0,nan,nan
79.0,raw,nan,12.0,2.0,4.0,0.5553774377602115,0.7480237400565847,0.7964770289166422,0.0,nan,nan
79.0,raw,nan,13.0,2.0,5.0,0.5754838582145505,0.583375231230671,0.5466560862071145,0.0,nan,nan
79.0,raw,nan,14.0,2.0,6.0,0.5683464868994003,0.7467959147864136,0.7547123178095774,0.0,nan,nan
79.0,raw,nan,15.0,2.0,7.0,0.570119752160517,0.5093674634662855,0.44491898757340714,0.0,nan,nan
79.0,raw,nan,16.0,2.0,8.0,0.5660437439928887,0.5893959170446186,0.7243293085805567,0.0,nan,nan
79.0,ppo,nan,0.0,0.0,0.0,0.4381825474072605,1.0,1.0,0.0,nan,nan
79.0,ppo,nan,1.0,1.0,1.0,0.4459411157276968,1.0,1.0,1.0,nan,nan
79.0,ppo,nan,2.0,1.0,2.0,0.45964651355865876,0.8908578422750613,0.8903213025658444,1.0,nan,nan
79.0,ppo,nan,3.0,1.0,3.0,0.464429328273407,0.8468930426980469,0.8729770957422001,1.0,nan,nan
79.0,ppo,nan,4.0,1.0,4.0,0.4601304041137333,0.8175467143421826,0.8827845806582326,1.0,nan,nan
79.0,ppo,nan,5.0,1.0,5.0,0.4786317551508479,0.7526238251897667,0.7870317874016288,1.0,nan,nan
79.0,ppo,nan,6.0,1.0,6.0,0.5012258919731379,0.7908591969566122,0.9130213150026222,1.0,nan,nan
79.0,ppo,nan,7.0,1.0,7.0,0.48456083093965674,0.9206990982473802,0.9174549954240593,1.0,nan,nan
79.0,ppo,nan,8.0,1.0,8.0,0.5162801797114824,0.811466847748892,0.8120184761659758,1.0,nan,nan
79.0,ppo,nan,9.0,2.0,1.0,0.5155464162591495,1.0,1.0,1.0,nan,nan
79.0,ppo,nan,10.0,2.0,2.0,0.5279120822949187,0.8167788457661109,0.8213820653201309,1.0,nan,nan
79.0,ppo,nan,11.0,2.0,3.0,0.5301618637610633,0.9146695035728366,0.9214085393263471,1.0,nan,nan
79.0,ppo,nan,12.0,2.0,4.0,0.5029710864035255,0.8981373408919034,0.9086819105796146,1.0,nan,nan
79.0,ppo,nan,13.0,2.0,5.0,0.531103314722827,0.6401196481325949,0.749631159849909,1.0,nan,nan
79.0,ppo,nan,14.0,2.0,6.0,0.5659312618976781,0.6302069296439393,0.658253972654815,1.0,nan,nan
79.0,ppo,nan,15.0,2.0,7.0,0.5685920319889863,0.817467910150608,0.8420364672906215,1.0,nan,nan
79.0,ppo,nan,16.0,2.0,8.0,0.5634758142333127,0.8799857286728846,0.8919683589224284,1.0,nan,nan
79.0,mse_oracle,nan,0.0,0.0,0.0,0.4381825474072605,1.0,1.0,0.0,nan,nan
79.0,mse_oracle,nan,1.0,1.0,1.0,0.4459411157276968,1.0,1.0,0.0,0.06706072794876566,0.06706072794876566
79.0,mse_oracle,nan,2.0,1.0,2.0,0.44708620667917437,0.8908578422750613,0.8903213025658444,0.0,0.06848752598173018,0.07066000129250172
79.0,mse_oracle,nan,3.0,1.0,3.0,0.4634183642165732,0.7388248050848134,0.7865803770515517,0.0,0.07499051460688629,0.07657756811721043
79.0,mse_oracle,nan,4.0,1.0,4.0,0.45313464366106215,0.7196030839946301,0.8379851110591668,0.0,0.07395142632827281,0.07635099316998897
79.0,mse_oracle,nan,5.0,1.0,5.0,0.4677319624877808,0.6084902172666754,0.6605254599927282,1.0,0.08470103115754483,0.08329650710509101
79.0,mse_oracle,nan,6.0,1.0,6.0,0.5059027220782889,0.6079362725378512,0.8405950919425127,1.0,0.08307181424937449,0.0815425451065343
79.0,mse_oracle,nan,7.0,1.0,7.0,0.4786616685214188,0.8219330163640106,0.8178309665713159,0.0,0.05971478191512779,0.06121605541272116
79.0,mse_oracle,nan,8.0,1.0,8.0,0.5153328735697553,0.5794282627726567,0.5174381548930579,0.0,0.0733047460201524,0.07570827652843806
79.0,mse_oracle,nan,9.0,2.0,1.0,0.537277009092973,1.0,1.0,0.0,0.06585278208464898,0.06585278208464898
79.0,mse_oracle,nan,10.0,2.0,2.0,0.5420437367914795,0.8272965466269631,0.8098679603645024,1.0,0.08907054061285027,0.08796813244358634
79.0,mse_oracle,nan,11.0,2.0,3.0,0.5505848387113313,0.9097178743837802,0.9077330985275792,1.0,0.07087326386825657,0.06853419231259315
79.0,mse_oracle,nan,12.0,2.0,4.0,0.5478931945112345,0.8759602343537614,0.9149011727542329,1.0,0.08846445631824727,0.08370688790146492
79.0,mse_oracle,nan,13.0,2.0,5.0,0.562344212793373,0.9010573660063739,0.9233627748398748,1.0,0.08125431542633596,0.07522828741788667
79.0,mse_oracle,nan,14.0,2.0,6.0,0.5501732577985883,0.9403755896062248,0.935235967201481,1.0,0.06744545211777592,0.06719878519360054
79.0,mse_oracle,nan,15.0,2.0,7.0,0.5643987781517393,0.953482822189004,0.9620475899259421,1.0,0.05432073578558351,0.04852510079321716
79.0,mse_oracle,nan,16.0,2.0,8.0,0.560877076747661,0.893850434476373,0.9252665274607486,1.0,0.05800212144094362,0.05758502634848117
80.0,raw,nan,0.0,0.0,0.0,0.4381825474072605,1.0,1.0,0.0,nan,nan
80.0,raw,nan,1.0,1.0,1.0,0.4417459690061903,1.0,1.0,0.0,nan,nan
80.0,raw,nan,2.0,1.0,2.0,0.45184767742239046,0.8776593006236229,0.8653595046901367,0.0,nan,nan
80.0,raw,nan,3.0,1.0,3.0,0.46006342283550544,0.783426059865271,0.8758444824008438,0.0,nan,nan
80.0,raw,nan,4.0,1.0,4.0,0.4788371710713312,0.6693348638001947,0.6863194168845542,0.0,nan,nan
80.0,raw,nan,5.0,1.0,5.0,0.44765996781767187,0.6916369177763014,0.6361264711012583,0.0,nan,nan
80.0,raw,nan,6.0,1.0,6.0,0.4847635879189955,0.5490410972426609,0.6441878162338153,0.0,nan,nan
80.0,raw,nan,7.0,1.0,7.0,0.5063884051731882,0.6950039472941917,0.7058639586535765,0.0,nan,nan
80.0,raw,nan,8.0,1.0,8.0,0.5385850983075021,0.7528513891490467,0.7149254812591611,0.0,nan,nan
80.0,raw,nan,9.0,2.0,1.0,0.5489450154860279,1.0,1.0,0.0,nan,nan
80.0,raw,nan,10.0,2.0,2.0,0.5358483589835242,0.7491213225441459,0.7230383429181906,0.0,nan,nan
80.0,raw,nan,11.0,2.0,3.0,0.5627439393040545,0.751121638152105,0.7166019765320052,0.0,nan,nan
80.0,raw,nan,12.0,2.0,4.0,0.5324428206312907,0.9077431238757118,0.8999008864697899,0.0,nan,nan
80.0,raw,nan,13.0,2.0,5.0,0.5159548165358011,0.448243393436527,0.3407921091514116,0.0,nan,nan
80.0,raw,nan,14.0,2.0,6.0,0.5206492376324007,0.41684321145361,0.30895587536335317,0.0,nan,nan
80.0,raw,nan,15.0,2.0,7.0,0.5504240587049032,0.6995731431104074,0.6732400359833977,0.0,nan,nan
80.0,raw,nan,16.0,2.0,8.0,0.5524113445575463,0.7185421822708495,0.7147758872039311,0.0,nan,nan
80.0,ppo,nan,0.0,0.0,0.0,0.4381825474072605,1.0,1.0,0.0,nan,nan
80.0,ppo,nan,1.0,1.0,1.0,0.4417459690061903,1.0,1.0,1.0,nan,nan
80.0,ppo,nan,2.0,1.0,2.0,0.4665894031179026,0.8776593006236229,0.8653595046901367,1.0,nan,nan
80.0,ppo,nan,3.0,1.0,3.0,0.46840240407414835,0.8760275383243494,0.9164837731089139,1.0,nan,nan
80.0,ppo,nan,4.0,1.0,4.0,0.47269640626322146,0.8415998430765352,0.8853369278396064,1.0,nan,nan
80.0,ppo,nan,5.0,1.0,5.0,0.48178889394105284,0.8535235936883904,0.8381227174989803,1.0,nan,nan
80.0,ppo,nan,6.0,1.0,6.0,0.49141102071384596,0.8997666770682494,0.9132444172739056,1.0,nan,nan
80.0,ppo,nan,7.0,1.0,7.0,0.48331985993779275,0.8810740217625066,0.8667020302948635,1.0,nan,nan
80.0,ppo,nan,8.0,1.0,8.0,0.5151502731677047,0.8443551456486483,0.8376401026616269,1.0,nan,nan
80.0,ppo,nan,9.0,2.0,1.0,0.5192574193094857,1.0,1.0,1.0,nan,nan
80.0,ppo,nan,10.0,2.0,2.0,0.5354088516543383,0.8166732477975976,0.8511540505751096,1.0,nan,nan
80.0,ppo,nan,11.0,2.0,3.0,0.53488719415925,0.9176229431704358,0.9006398608642965,1.0,nan,nan
80.0,ppo,nan,12.0,2.0,4.0,0.5522211489960547,0.831967039216624,0.8036906442127151,1.0,nan,nan
80.0,ppo,nan,13.0,2.0,5.0,0.5359385922868241,0.8388152485536278,0.7621420079364274,1.0,nan,nan
80.0,ppo,nan,14.0,2.0,6.0,0.5328135263122987,0.8036602825440676,0.8207932158890908,1.0,nan,nan
80.0,ppo,nan,15.0,2.0,7.0,0.5434208473476999,0.8238072241731037,0.8162209712243802,1.0,nan,nan
80.0,ppo,nan,16.0,2.0,8.0,0.5691469007096642,0.7700126346663468,0.8731777103443101,1.0,nan,nan
80.0,mse_oracle,nan,0.0,0.0,0.0,0.4381825474072605,1.0,1.0,0.0,nan,nan
80.0,mse_oracle,nan,1.0,1.0,1.0,0.4417459690061903,1.0,1.0,0.0,0.06706072794876566,0.06706072794876566
80.0,mse_oracle,nan,2.0,1.0,2.0,0.45184767742239046,0.8776593006236229,0.8653595046901367,0.0,0.06914457095614643,0.07073054986804478
80.0,mse_oracle,nan,3.0,1.0,3.0,0.46006342283550544,0.783426059865271,0.8758444824008438,0.0,0.07032755742984208,0.07368084798528104
80.0,mse_oracle,nan,4.0,1.0,4.0,0.4788371710713312,0.6693348638001947,0.6863194168845542,0.0,0.07608067861384124,0.07962615366491674
80.0,mse_oracle,nan,5.0,1.0,5.0,0.44765996781767187,0.6916369177763014,0.6361264711012583,0.0,0.06816859057576637,0.07118403970106316
80.0,mse_oracle,nan,6.0,1.0,6.0,0.4847635879189955,0.5490410972426609,0.6441878162338153,0.0,0.0857401016178855,0.08624400509671562
80.0,mse_oracle,nan,7.0,1.0,7.0,0.5123691824273414,0.6950039472941917,0.7058639586535765,1.0,0.06751542985887388,0.06298019064635142
80.0,mse_oracle,nan,8.0,1.0,8.0,0.5468837030424043,0.8010470502273532,0.7824977435599753,1.0,0.058607192107391085,0.054376106929643495
80.0,mse_oracle,nan,9.0,2.0,1.0,0.5533008982980231,1.0,1.0,0.0,0.07236423464244035,0.07236423464244035
80.0,mse_oracle,nan,10.0,2.0,2.0,0.5517118343242721,0.8926195877023131,0.8611083895675982,1.0,0.08331294538559766,0.08038622454553224
80.0,mse_oracle,nan,11.0,2.0,3.0,0.5526178262944487,0.9046044245015429,0.8915335835214141,1.0,0.07772102107787171,0.0749179631994507
80.0,mse_oracle,nan,12.0,2.0,4.0,0.5328723734674232,0.9002662639328822,0.9024616460261193,1.0,0.0728663527488498,0.06743682500859036
80.0,mse_oracle,nan,13.0,2.0,5.0,0.5695019454420192,0.7277684035026472,0.5987282235521094,1.0,0.10033129196062866,0.09788771192610411
80.0,mse_oracle,nan,14.0,2.0,6.0,0.5900852886593297,0.9139723495428301,0.9003662521786182,1.0,0.07024238811832642,0.06289785237736197
80.0,mse_oracle,nan,15.0,2.0,7.0,0.5701022010150433,0.8739231129322836,0.7945548099614196,1.0,0.06336315985251786,0.05565438546474544
80.0,mse_oracle,nan,16.0,2.0,8.0,0.5970996734915501,0.7248800044146996,0.7771133150757062,1.0,0.0834165733577407,0.0793223094028061
81.0,raw,nan,0.0,0.0,0.0,0.4381825474072605,1.0,1.0,0.0,nan,nan
81.0,raw,nan,1.0,1.0,1.0,0.4497978193923778,1.0,1.0,0.0,nan,nan
81.0,raw,nan,2.0,1.0,2.0,0.44040206657051356,0.8348452258705324,0.8970542943779706,0.0,nan,nan
81.0,raw,nan,3.0,1.0,3.0,0.4367856318173465,0.6480983419495884,0.540470846074773,0.0,nan,nan
81.0,raw,nan,4.0,1.0,4.0,0.4474877527728996,0.6188374897684625,0.5669405683329559,0.0,nan,nan
81.0,raw,nan,5.0,1.0,5.0,0.4086711978692504,0.6195747768759063,0.7291663723910851,0.0,nan,nan
81.0,raw,nan,6.0,1.0,6.0,0.4035640312709002,0.3404073522745249,0.37289140192449544,0.0,nan,nan
81.0,raw,nan,7.0,1.0,7.0,0.45355348698197373,0.31779028832277884,0.2855183382015364,0.0,nan,nan
81.0,raw,nan,8.0,1.0,8.0,0.49171571864433133,0.40736175749209574,0.49626740679991443,0.0,nan,nan
81.0,raw,nan,9.0,2.0,1.0,0.5095198398510937,1.0,1.0,0.0,nan,nan
81.0,raw,nan,10.0,2.0,2.0,0.49704488684784165,0.621157784481825,0.46128295221736315,0.0,nan,nan
81.0,raw,nan,11.0,2.0,3.0,0.5140860204816149,0.6311050537289811,0.5255557940693353,0.0,nan,nan
81.0,raw,nan,12.0,2.0,4.0,0.5218384659742485,0.6536235069318109,0.5743992060270046,0.0,nan,nan
81.0,raw,nan,13.0,2.0,5.0,0.45706886010371006,0.26958321460898893,0.4419682153533363,0.0,nan,nan
81.0,raw,nan,14.0,2.0,6.0,0.5127518310074429,0.05567202823892778,0.20383145869395586,0.0,nan,nan
81.0,raw,nan,15.0,2.0,7.0,0.1403044177037863,0.09833360638681009,0.07394309636544098,0.0,nan,nan
81.0,raw,nan,16.0,2.0,8.0,0.1513365334717886,0.020816410317630134,0.06108883576654632,0.0,nan,nan
81.0,ppo,nan,0.0,0.0,0.0,0.4381825474072605,1.0,1.0,0.0,nan,nan
81.0,ppo,nan,1.0,1.0,1.0,0.4497978193923778,1.0,1.0,1.0,nan,nan
81.0,ppo,nan,2.0,1.0,2.0,0.4480594927788492,0.8348452258705324,0.8970542943779706,1.0,nan,nan
81.0,ppo,nan,3.0,1.0,3.0,0.45878660018354556,0.7413520013706242,0.6717719415520641,1.0,nan,nan
81.0,ppo,nan,4.0,1.0,4.0,0.46316636506135134,0.7650126688562716,0.7563130806581251,1.0,nan,nan
81.0,ppo,nan,5.0,1.0,5.0,0.4757059234488071,0.7725084810708331,0.8345347577631165,1.0,nan,nan
81.0,ppo,nan,6.0,1.0,6.0,0.48121023054464945,0.7568939705665592,0.7953816783332786,1.0,nan,nan
81.0,ppo,nan,7.0,1.0,7.0,0.5090115335686319,0.7321611135023017,0.784398677453509,1.0,nan,nan
81.0,ppo,nan,8.0,1.0,8.0,0.510766985671025,0.8369343061595361,0.8355613855241233,1.0,nan,nan
81.0,ppo,nan,9.0,2.0,1.0,0.5296213659647151,1.0,1.0,1.0,nan,nan
81.0,ppo,nan,10.0,2.0,2.0,0.5161299178841956,0.9050559705484673,0.8940588901645166,1.0,nan,nan
81.0,ppo,nan,11.0,2.0,3.0,0.5355892820689515,0.7989919025866711,0.8354853084287251,1.0,nan,nan
81.0,ppo,nan,12.0,2.0,4.0,0.5469662308136799,0.9008960029039499,0.9022418982249061,1.0,nan,nan
81.0,ppo,nan,13.0,2.0,5.0,0.5377150421769215,0.8863091166968401,0.9311231218026119,1.0,nan,nan
81.0,ppo,nan,14.0,2.0,6.0,0.5609409276831926,0.8795416083073172,0.8615725519218955,1.0,nan,nan
81.0,ppo,nan,15.0,2.0,7.0,0.5312837320968631,0.8788208492940107,0.8959994820801847,1.0,nan,nan
81.0,ppo,nan,16.0,2.0,8.0,0.5382301175442177,0.755241276090905,0.8635335898209009,1.0,nan,nan
81.0,mse_oracle,nan,0.0,0.0,0.0,0.4381825474072605,1.0,1.0,0.0,nan,nan
81.0,mse_oracle,nan,1.0,1.0,1.0,0.4497978193923778,1.0,1.0,0.0,0.06706072794876566,0.06706072794876566
81.0,mse_oracle,nan,2.0,1.0,2.0,0.44040206657051356,0.8348452258705324,0.8970542943779706,0.0,0.07069701450155155,0.07123289571663773
81.0,mse_oracle,nan,3.0,1.0,3.0,0.4467537359516801,0.6480983419495884,0.540470846074773,1.0,0.0864914058931851,0.0851357035659231
81.0,mse_oracle,nan,4.0,1.0,4.0,0.45891358781127295,0.6799565105542031,0.6401528354887548,1.0,0.07729631077808094,0.07295244369962835
81.0,mse_oracle,nan,5.0,1.0,5.0,0.4543166072108354,0.7160602813993162,0.7943185544822459,1.0,0.07237685351502356,0.0668452914964684
81.0,mse_oracle,nan,6.0,1.0,6.0,0.4835635734866718,0.6057811761468866,0.5988821571530625,1.0,0.07883581249210417,0.07828479000899184
81.0,mse_oracle,nan,7.0,1.0,7.0,0.507829532705228,0.6768532533643293,0.659743992974041,1.0,0.06640489799067056,0.06587819030662606
81.0,mse_oracle,nan,8.0,1.0,8.0,0.5263819126367038,0.7412283664361495,0.7369801560989179,1.0,0.05717629864964827,0.049212201901334796
81.0,mse_oracle,nan,9.0,2.0,1.0,0.5269353889267694,1.0,1.0,0.0,0.06830618145485248,0.06830618145485248
81.0,mse_oracle,nan,10.0,2.0,2.0,0.49847835478445696,0.9076797070879821,0.8742206532320579,1.0,0.08156935870300283,0.07732219134242967
81.0,mse_oracle,nan,11.0,2.0,3.0,0.5224281237139216,0.6779696585701053,0.7555070197323893,1.0,0.10657250765381543,0.10308518796628574
81.0,mse_oracle,nan,12.0,2.0,4.0,0.5172252489591206,0.7962643107670642,0.6348001249900267,1.0,0.07963390861882388,0.07583214360679943
81.0,mse_oracle,nan,13.0,2.0,5.0,0.5294559707932512,0.7273817608565923,0.6851376955239662,1.0,0.09672270026144798,0.09071065381974859
81.0,mse_oracle,nan,14.0,2.0,6.0,0.5578961830519014,0.8468191453627273,0.8954752033022216,1.0,0.0686530281725963,0.06471384172652331
81.0,mse_oracle,nan,15.0,2.0,7.0,0.5741239851663428,0.8651346638163163,0.8761431435664598,1.0,0.06719389233045912,0.0598403607196589
81.0,mse_oracle,nan,16.0,2.0,8.0,0.5839977391357118,0.8757422018523834,0.9377139095620212,1.0,0.05862895373661816,0.05317976920776939
82.0,raw,nan,0.0,0.0,0.0,0.4381825474072605,1.0,1.0,0.0,nan,nan
82.0,raw,nan,1.0,1.0,1.0,0.45357484137612103,1.0,1.0,0.0,nan,nan
82.0,raw,nan,2.0,1.0,2.0,0.4569297249970315,0.8532949880797287,0.838706965389186,0.0,nan,nan
82.0,raw,nan,3.0,1.0,3.0,0.4501637560160167,0.692391031273258,0.6964674829908337,0.0,nan,nan
82.0,raw,nan,4.0,1.0,4.0,0.4193956812209389,0.5679823491968269,0.6612295960885569,0.0,nan,nan
82.0,raw,nan,5.0,1.0,5.0,0.4019610133233509,0.43005558205968575,0.5305607379501914,0.0,nan,nan
82.0,raw,nan,6.0,1.0,6.0,0.46363522655708145,0.30303794670246087,0.3023909732625157,0.0,nan,nan
82.0,raw,nan,7.0,1.0,7.0,0.4753735859115383,0.5247481602824322,0.6261970009189625,0.0,nan,nan
82.0,raw,nan,8.0,1.0,8.0,0.5159920926027393,0.5441750410623253,0.4385547128216165,0.0,nan,nan
82.0,raw,nan,9.0,2.0,1.0,0.5277797875070261,1.0,1.0,0.0,nan,nan
82.0,raw,nan,10.0,2.0,2.0,0.5352933887501186,0.9509247862350454,0.9334125561145177,0.0,nan,nan
82.0,raw,nan,11.0,2.0,3.0,0.5604958879578895,0.6576395981413707,0.6800293212624445,0.0,nan,nan
82.0,raw,nan,12.0,2.0,4.0,0.5215412310986182,0.6489588280536929,0.7440681736023106,0.0,nan,nan
82.0,raw,nan,13.0,2.0,5.0,0.5435676137101868,0.2932670407571365,0.2563218842703408,0.0,nan,nan
82.0,raw,nan,14.0,2.0,6.0,0.5570192172795257,0.6388711481774417,0.7306789857954442,0.0,nan,nan
82.0,raw,nan,15.0,2.0,7.0,0.5686310047430871,0.6476746227758676,0.7372958868695622,0.0,nan,nan
82.0,raw,nan,16.0,2.0,8.0,0.5995624593635969,0.6100677831452181,0.6197008026025904,0.0,nan,nan
82.0,ppo,nan,0.0,0.0,0.0,0.4381825474072605,1.0,1.0,0.0,nan,nan
82.0,ppo,nan,1.0,1.0,1.0,0.45357484137612103,1.0,1.0,1.0,nan,nan
82.0,ppo,nan,2.0,1.0,2.0,0.4668305782943651,0.8532949880797287,0.838706965389186,1.0,nan,nan
82.0,ppo,nan,3.0,1.0,3.0,0.46236729318544556,0.860538099142458,0.8546680205315004,1.0,nan,nan
82.0,ppo,nan,4.0,1.0,4.0,0.4645143894087368,0.7862113014837159,0.8675341612529589,1.0,nan,nan
82.0,ppo,nan,5.0,1.0,5.0,0.48863873272300995,0.7648756043819898,0.7657789915087247,1.0,nan,nan
82.0,ppo,nan,6.0,1.0,6.0,0.486591773398198,0.907432351829246,0.906822948254789,1.0,nan,nan
82.0,ppo,nan,7.0,1.0,7.0,0.5029232237667406,0.7935278890827658,0.8000641198855017,1.0,nan,nan
82.0,ppo,nan,8.0,1.0,8.0,0.5167760206914034,0.8220548107643166,0.8358399737239922,1.0,nan,nan
82.0,ppo,nan,9.0,2.0,1.0,0.5176510376840865,1.0,1.0,1.0,nan,nan
82.0,ppo,nan,10.0,2.0,2.0,0.5115399745307737,0.8576151566573024,0.8675206980705208,1.0,nan,nan
82.0,ppo,nan,11.0,2.0,3.0,0.5364908296238947,0.8000094915942797,0.7822786234632655,1.0,nan,nan
82.0,ppo,nan,12.0,2.0,4.0,0.5399625359410866,0.8363064486407868,0.9355113099043936,1.0,nan,nan
82.0,ppo,nan,13.0,2.0,5.0,0.5458276894424395,0.8632538309201663,0.8592756516517815,1.0,nan,nan
82.0,ppo,nan,14.0,2.0,6.0,0.5484894789234731,0.9017280954535543,0.8732189220084237,1.0,nan,nan
82.0,ppo,nan,15.0,2.0,7.0,0.559714587344633,0.9200435089297149,0.9274922833919675,1.0,nan,nan
82.0,ppo,nan,16.0,2.0,8.0,0.5577025597262285,0.8789436089312249,0.9233943574302452,1.0,nan,nan
82.0,mse_oracle,nan,0.0,0.0,0.0,0.4381825474072605,1.0,1.0,0.0,nan,nan
82.0,mse_oracle,nan,1.0,1.0,1.0,0.45357484137612103,1.0,1.0,0.0,0.06706072794876566,0.06706072794876566
82.0,mse_oracle,nan,2.0,1.0,2.0,0.4569297249970315,0.8532949880797287,0.838706965389186,0.0,0.06588261266154306,0.06761110094351652
82.0,mse_oracle,nan,3.0,1.0,3.0,0.45660328094691777,0.692391031273258,0.6964674829908337,1.0,0.07088650919035906,0.06954146238952505
82.0,mse_oracle,nan,4.0,1.0,4.0,0.4262186048492401,0.6314425408286402,0.7353159986064777,0.0,0.07211473529167273,0.07321071196544994
82.0,mse_oracle,nan,5.0,1.0,5.0,0.4521172970576414,0.47089389719104097,0.5381082307266114,1.0,0.09044135023985203,0.09026460542032888
82.0,mse_oracle,nan,6.0,1.0,6.0,0.4742817647812568,0.5483062612317331,0.5094804914174013,0.0,0.0774687474860262,0.07751868752115813
82.0,mse_oracle,nan,7.0,1.0,7.0,0.4877204180611022,0.6212762138593422,0.6738144995175096,1.0,0.07336714095890001,0.06867329016476198
82.0,mse_oracle,nan,8.0,1.0,8.0,0.5221429211360052,0.678270532229825,0.6183864208246797,1.0,0.06885214471348908,0.06581098073828451
82.0,mse_oracle,nan,9.0,2.0,1.0,0.523479453165314,1.0,1.0,0.0,0.0683961393586808,0.0683961393586808
82.0,mse_oracle,nan,10.0,2.0,2.0,0.5264499845091575,0.8112268980197029,0.8160824823913122,1.0,0.10327344921462511,0.09667242369023848
82.0,mse_oracle,nan,11.0,2.0,3.0,0.5256707637853295,0.874687797001552,0.8447124334254535,1.0,0.0764158461809322,0.07236963264999377
82.0,mse_oracle,nan,12.0,2.0,4.0,0.552545129024068,0.7470188204458874,0.8669838314571763,1.0,0.08890368247454208,0.08415307092686759
82.0,mse_oracle,nan,13.0,2.0,5.0,0.5537685484120259,0.8335195106688014,0.8181038647695742,1.0,0.07176956670427544,0.06464199629915446
82.0,mse_oracle,nan,14.0,2.0,6.0,0.572924595196947,0.919713726964602,0.9116283928881472,1.0,0.05934116395281661,0.05327840631870588
82.0,mse_oracle,nan,15.0,2.0,7.0,0.5792351043794776,0.946788342806862,0.9379284975947697,1.0,0.05937619205985806,0.05190467878806532
82.0,mse_oracle,nan,16.0,2.0,8.0,0.5510293181793943,0.9502385573729246,0.9365205686830735,1.0,0.05727351570737773,0.05333797986395225
83.0,raw,nan,0.0,0.0,0.0,0.4381825474072605,1.0,1.0,0.0,nan,nan
83.0,raw,nan,1.0,1.0,1.0,0.4437350613636917,1.0,1.0,0.0,nan,nan
83.0,raw,nan,2.0,1.0,2.0,0.46544716825299143,0.8316444647276418,0.8028689946199397,0.0,nan,nan
83.0,raw,nan,3.0,1.0,3.0,0.47723224779187084,0.8563475434433554,0.7700202909017851,0.0,nan,nan
83.0,raw,nan,4.0,1.0,4.0,0.46694089347122686,0.881813758020275,0.8587045047609316,0.0,nan,nan
83.0,raw,nan,5.0,1.0,5.0,0.510206610456442,0.7119805075154626,0.7054608246221294,0.0,nan,nan
83.0,raw,nan,6.0,1.0,6.0,0.5243678568276914,0.8501855406642568,0.8814654668978026,0.0,nan,nan
83.0,raw,nan,7.0,1.0,7.0,0.526471293829348,0.8984183687388526,0.8942304129541928,0.0,nan,nan
83.0,raw,nan,8.0,1.0,8.0,0.5465971987136591,0.8136234350269378,0.8545553967586806,0.0,nan,nan
83.0,raw,nan,9.0,2.0,1.0,0.5551404286258648,1.0,1.0,0.0,nan,nan
83.0,raw,nan,10.0,2.0,2.0,0.5423384249857888,0.8621367982742474,0.9283665477953218,0.0,nan,nan
83.0,raw,nan,11.0,2.0,3.0,0.5486366652136062,0.6600800141339809,0.6055901676803066,0.0,nan,nan
83.0,raw,nan,12.0,2.0,4.0,0.5539301798953281,0.554773987676777,0.8486272967887725,0.0,nan,nan
83.0,raw,nan,13.0,2.0,5.0,0.5587671813213527,0.5216075642827134,0.6381764483615942,0.0,nan,nan
83.0,raw,nan,14.0,2.0,6.0,0.5130212728387169,0.4757641092858596,0.4148137012379603,0.0,nan,nan
83.0,raw,nan,15.0,2.0,7.0,0.5633571394874969,0.37882254701484014,0.33493182058381504,0.0,nan,nan
83.0,raw,nan,16.0,2.0,8.0,0.5931612760602273,0.521231204374142,0.4949348906501698,0.0,nan,nan
83.0,ppo,nan,0.0,0.0,0.0,0.4381825474072605,1.0,1.0,0.0,nan,nan
83.0,ppo,nan,1.0,1.0,1.0,0.4437350613636917,1.0,1.0,1.0,nan,nan
83.0,ppo,nan,2.0,1.0,2.0,0.4538118956661437,0.8316444647276418,0.8028689946199397,1.0,nan,nan
83.0,ppo,nan,3.0,1.0,3.0,0.4591693209815476,0.856233417353979,0.8139291461230868,1.0,nan,nan
83.0,ppo,nan,4.0,1.0,4.0,0.4624918543124764,0.8537271591453603,0.8015736429742967,1.0,nan,nan
83.0,ppo,nan,5.0,1.0,5.0,0.48140549885394235,0.7776936224592761,0.8152093260652113,1.0,nan,nan
83.0,ppo,nan,6.0,1.0,6.0,0.46627461205668874,0.8317127165198983,0.8097766475368741,1.0,nan,nan
83.0,ppo,nan,7.0,1.0,7.0,0.48829183100733287,0.7435038264865556,0.7283969170080743,1.0,nan,nan
83.0,ppo,nan,8.0,1.0,8.0,0.5207890586519761,0.7878752662319801,0.8219005655295734,1.0,nan,nan
83.0,ppo,nan,9.0,2.0,1.0,0.507318031725161,1.0,1.0,1.0,nan,nan
83.0,ppo,nan,10.0,2.0,2.0,0.5149414066598381,0.8238507005327509,0.8790628870188149,1.0,nan,nan
83.0,ppo,nan,11.0,2.0,3.0,0.5275195063768963,0.7736975901548455,0.8415013289636563,1.0,nan,nan
83.0,ppo,nan,12.0,2.0,4.0,0.5591050851587259,0.8638728308712181,0.8457848692460135,1.0,nan,nan
83.0,ppo,nan,13.0,2.0,5.0,0.5661126314304373,0.901360175516068,0.8986880857467333,1.0,nan,nan
83.0,ppo,nan,14.0,2.0,6.0,0.5502053395145636,0.9050610933537786,0.905980635166914,1.0,nan,nan
83.0,ppo,nan,15.0,2.0,7.0,0.5630463377579207,0.846515725551479,0.8538167924740693,1.0,nan,nan
83.0,ppo,nan,16.0,2.0,8.0,0.5870304737712956,0.8764116104691883,0.865062085236113,1.0,nan,nan
83.0,mse_oracle,nan,0.0,0.0,0.0,0.4381825474072605,1.0,1.0,0.0,nan,nan
83.0,mse_oracle,nan,1.0,1.0,1.0,0.4437350613636917,1.0,1.0,0.0,0.06706072794876566,0.06706072794876566
83.0,mse_oracle,nan,2.0,1.0,2.0,0.46544716825299143,0.8316444647276418,0.8028689946199397,0.0,0.07246742843719553,0.0781200752556901
83.0,mse_oracle,nan,3.0,1.0,3.0,0.47723224779187084,0.8563475434433554,0.7700202909017851,0.0,0.06598138140391595,0.07012169460603328
83.0,mse_oracle,nan,4.0,1.0,4.0,0.46694089347122686,0.881813758020275,0.8587045047609316,0.0,0.06253573751395428,0.06393260048404785
83.0,mse_oracle,nan,5.0,1.0,5.0,0.4999896785143675,0.7119805075154626,0.7054608246221294,1.0,0.07241873798753813,0.06915345584268483
83.0,mse_oracle,nan,6.0,1.0,6.0,0.500746247451861,0.822541610406579,0.8301797583894845,1.0,0.06007347478740273,0.05691513813186887
83.0,mse_oracle,nan,7.0,1.0,7.0,0.5179294435010523,0.8392014510600428,0.8118612328493755,1.0,0.06094388807572011,0.056758125265338674
83.0,mse_oracle,nan,8.0,1.0,8.0,0.5349352132610139,0.8407787227441312,0.8670034520885233,1.0,0.056867898753419764,0.052129229470063786
83.0,mse_oracle,nan,9.0,2.0,1.0,0.5487529039757255,1.0,1.0,0.0,0.07108525252783177,0.07108525252783177
83.0,mse_oracle,nan,10.0,2.0,2.0,0.5464905731279519,0.9074101064600281,0.9459674335488614,1.0,0.07899562365570492,0.07622725150648357
83.0,mse_oracle,nan,11.0,2.0,3.0,0.5537914262998697,0.8601407221296142,0.8670098113920605,0.0,0.08233155299986591,0.08270548474890019
83.0,mse_oracle,nan,12.0,2.0,4.0,0.5620228930690905,0.8158239453159424,0.8584211408073054,1.0,0.08154389770374702,0.07975386228197741
83.0,mse_oracle,nan,13.0,2.0,5.0,0.5755365563024181,0.8267885225640831,0.8380175663702273,1.0,0.089059575895687,0.08408875342290736
83.0,mse_oracle,nan,14.0,2.0,6.0,0.5664575025290102,0.8438749635059504,0.8881912693115225,1.0,0.0754389557044253,0.07473658043014746
83.0,mse_oracle,nan,15.0,2.0,7.0,0.5798846131713943,0.8423691883313011,0.911831159384837,1.0,0.07715278061451039,0.07311234378346568
83.0,mse_oracle,nan,16.0,2.0,8.0,0.6057911695085645,0.7953293386822554,0.7757167233567567,1.0,0.08581693731388788,0.07998471859734703
84.0,raw,nan,0.0,0.0,0.0,0.4381825474072605,1.0,1.0,0.0,nan,nan
84.0,raw,nan,1.0,1.0,1.0,0.4400514623737671,1.0,1.0,0.0,nan,nan
84.0,raw,nan,2.0,1.0,2.0,0.44130314579495744,0.8650777335584262,0.8240285877222729,0.0,nan,nan
84.0,raw,nan,3.0,1.0,3.0,0.4518427777000457,0.7717680729989184,0.9071386900676691,0.0,nan,nan
84.0,raw,nan,4.0,1.0,4.0,0.4940957105345278,0.6777994883530776,0.8359973064710557,0.0,nan,nan
84.0,raw,nan,5.0,1.0,5.0,0.504091594216871,0.8030664205042926,0.8414590688555136,0.0,nan,nan
84.0,raw,nan,6.0,1.0,6.0,0.516029686201133,0.821586082818008,0.8529875521516915,0.0,nan,nan
84.0,raw,nan,7.0,1.0,7.0,0.4951841537877472,0.7862698582908464,0.825092602786538,0.0,nan,nan
84.0,raw,nan,8.0,1.0,8.0,0.5252444020195047,0.5991416664054126,0.6492285080321503,0.0,nan,nan
84.0,raw,nan,9.0,2.0,1.0,0.49672922557596266,1.0,1.0,0.0,nan,nan
84.0,raw,nan,10.0,2.0,2.0,0.49917364498212213,0.6756146388137275,0.6051550748732083,0.0,nan,nan
84.0,raw,nan,11.0,2.0,3.0,0.5176302415619499,0.43940571162044334,0.4770855832433923,0.0,nan,nan
84.0,raw,nan,12.0,2.0,4.0,0.5308886625267658,0.5285474910488989,0.5026345756112003,0.0,nan,nan
84.0,raw,nan,13.0,2.0,5.0,0.5309351665373879,0.4768310993755629,0.4171072442416329,0.0,nan,nan
84.0,raw,nan,14.0,2.0,6.0,0.5313505244778605,0.4781100756191277,0.4555111486226221,0.0,nan,nan
84.0,raw,nan,15.0,2.0,7.0,0.5105306549855991,0.25491249692362467,0.3793984248693296,0.0,nan,nan
84.0,raw,nan,16.0,2.0,8.0,0.5453889512550228,0.19234888988214643,0.5797675336776236,0.0,nan,nan
84.0,ppo,nan,0.0,0.0,0.0,0.4381825474072605,1.0,1.0,0.0,nan,nan
84.0,ppo,nan,1.0,1.0,1.0,0.4400514623737671,1.0,1.0,1.0,nan,nan
84.0,ppo,nan,2.0,1.0,2.0,0.4479349960346445,0.8650777335584262,0.8240285877222729,1.0,nan,nan
84.0,ppo,nan,3.0,1.0,3.0,0.46724209226044033,0.8784463479461447,0.8624433591123963,1.0,nan,nan
84.0,ppo,nan,4.0,1.0,4.0,0.48414329355097585,0.8636529338486505,0.9174449863185722,1.0,nan,nan
84.0,ppo,nan,5.0,1.0,5.0,0.48893080639186937,0.8435182305740947,0.8653844745816118,1.0,nan,nan
84.0,ppo,nan,6.0,1.0,6.0,0.498766640811083,0.8866689990284664,0.8842340402054415,1.0,nan,nan
84.0,ppo,nan,7.0,1.0,7.0,0.5049545406038431,0.8620665598617439,0.9292091273036955,1.0,nan,nan
84.0,ppo,nan,8.0,1.0,8.0,0.5184819713020491,0.778107945150387,0.760874248735136,1.0,nan,nan
84.0,ppo,nan,9.0,2.0,1.0,0.5212901764319363,1.0,1.0,1.0,nan,nan
84.0,ppo,nan,10.0,2.0,2.0,0.5249976869255092,0.8295678413166514,0.6543945456755066,1.0,nan,nan
84.0,ppo,nan,11.0,2.0,3.0,0.529096256614247,0.8868537147815262,0.9497420617054324,1.0,nan,nan
84.0,ppo,nan,12.0,2.0,4.0,0.5534217187773618,0.8419227942908896,0.8425361682312227,1.0,nan,nan
84.0,ppo,nan,13.0,2.0,5.0,0.5263050422663741,0.9279267070667614,0.8764215037026963,1.0,nan,nan
84.0,ppo,nan,14.0,2.0,6.0,0.5528753636187096,0.706459211204128,0.7821401289453982,1.0,nan,nan
84.0,ppo,nan,15.0,2.0,7.0,0.560498160748588,0.7491046270774131,0.6992593635979134,1.0,nan,nan
84.0,ppo,nan,16.0,2.0,8.0,0.5805741075829759,0.8584179214043696,0.8545812403812567,1.0,nan,nan
84.0,mse_oracle,nan,0.0,0.0,0.0,0.4381825474072605,1.0,1.0,0.0,nan,nan
84.0,mse_oracle,nan,1.0,1.0,1.0,0.4400514623737671,1.0,1.0,0.0,0.06706072794876566,0.06706072794876566
84.0,mse_oracle,nan,2.0,1.0,2.0,0.44130314579495744,0.8650777335584262,0.8240285877222729,0.0,0.07179379401772688,0.07838796342498026
84.0,mse_oracle,nan,3.0,1.0,3.0,0.4518427777000457,0.7717680729989184,0.9071386900676691,0.0,0.07869721819045054,0.0815772535230936
84.0,mse_oracle,nan,4.0,1.0,4.0,0.4940957105345278,0.6777994883530776,0.8359973064710557,0.0,0.08169468354073295,0.08287377079601906
84.0,mse_oracle,nan,5.0,1.0,5.0,0.504091594216871,0.8030664205042926,0.8414590688555136,0.0,0.06154383972588338,0.06488365829089636
84.0,mse_oracle,nan,6.0,1.0,6.0,0.516029686201133,0.821586082818008,0.8529875521516915,0.0,0.060318298452175415,0.06039880304906244
84.0,mse_oracle,nan,7.0,1.0,7.0,0.5110320174847829,0.7862698582908464,0.825092602786538,1.0,0.057030085375939676,0.05611022061847426
84.0,mse_oracle,nan,8.0,1.0,8.0,0.5247971995694596,0.7344381322557301,0.7643727856844492,0.0,0.05866903183685479,0.05925978964541244
84.0,mse_oracle,nan,9.0,2.0,1.0,0.49877844241778685,1.0,1.0,0.0,0.0671932227330788,0.0671932227330788
84.0,mse_oracle,nan,10.0,2.0,2.0,0.4847305072652177,0.6966465874270017,0.5569777596482163,1.0,0.13105636677516763,0.12156702475098514
84.0,mse_oracle,nan,11.0,2.0,3.0,0.5464062843587745,0.5284885726962575,0.5764553752615343,1.0,0.21140067263242193,0.19968014443284507
84.0,mse_oracle,nan,12.0,2.0,4.0,0.5346616285067753,0.6419820874256373,0.6887034890851521,1.0,0.13933094264812196,0.12494258338598832
84.0,mse_oracle,nan,13.0,2.0,5.0,0.5347535529458861,0.6999289283429471,0.7670335168230986,1.0,0.10434242280557549,0.09647986892907412
84.0,mse_oracle,nan,14.0,2.0,6.0,0.5536502228257397,0.6344670646758533,0.5540933573681158,1.0,0.1176765347032265,0.11221363120229712
84.0,mse_oracle,nan,15.0,2.0,7.0,0.574896823842605,0.7312512278493126,0.7449101642734319,1.0,0.0982547082318381,0.08890099614361181
84.0,mse_oracle,nan,16.0,2.0,8.0,0.5914556001213004,0.7258141656142909,0.8066265532522827,1.0,0.09985416880216702,0.08899801195667625
85.0,raw,nan,0.0,0.0,0.0,0.4381825474072605,1.0,1.0,0.0,nan,nan
85.0,raw,nan,1.0,1.0,1.0,0.43398012807900277,1.0,1.0,0.0,nan,nan
85.0,raw,nan,2.0,1.0,2.0,0.43926903871760603,0.8659016400062352,0.9091397238590544,0.0,nan,nan
85.0,raw,nan,3.0,1.0,3.0,0.47632161160605496,0.7114222727416524,0.6949231323728826,0.0,nan,nan
85.0,raw,nan,4.0,1.0,4.0,0.4883543428365539,0.8050609659263139,0.8259992614957256,0.0,nan,nan
85.0,raw,nan,5.0,1.0,5.0,0.4888632340728043,0.777379678012963,0.7833591952544596,0.0,nan,nan
85.0,raw,nan,6.0,1.0,6.0,0.5056324070782271,0.7359103208979708,0.7822320112655127,0.0,nan,nan
85.0,raw,nan,7.0,1.0,7.0,0.5198248299790084,0.7498319972525523,0.7978529902731903,0.0,nan,nan
85.0,raw,nan,8.0,1.0,8.0,0.5379576726607902,0.7387397197638328,0.8086171239654065,0.0,nan,nan
85.0,raw,nan,9.0,2.0,1.0,0.5400651050303215,1.0,1.0,0.0,nan,nan
85.0,raw,nan,10.0,2.0,2.0,0.5385903886072425,0.8141891295908145,0.9260571599939563,0.0,nan,nan
85.0,raw,nan,11.0,2.0,3.0,0.5631726713743326,0.6728271288681551,0.7649161200098614,0.0,nan,nan
85.0,raw,nan,12.0,2.0,4.0,0.5390230814282709,0.7469619850375899,0.5740050974428049,0.0,nan,nan
85.0,raw,nan,13.0,2.0,5.0,0.5594048405458785,0.7101071008971546,0.7893135699590441,0.0,nan,nan
85.0,raw,nan,14.0,2.0,6.0,0.531373179388768,0.5750410339502052,0.6398178119596407,0.0,nan,nan
85.0,raw,nan,15.0,2.0,7.0,0.5127040748397108,0.43192612214198345,0.5627442714940076,0.0,nan,nan
85.0,raw,nan,16.0,2.0,8.0,0.5458458277374911,0.4618759976227295,0.4806122653963982,0.0,nan,nan
85.0,ppo,nan,0.0,0.0,0.0,0.4381825474072605,1.0,1.0,0.0,nan,nan
85.0,ppo,nan,1.0,1.0,1.0,0.43398012807900277,1.0,1.0,1.0,nan,nan
85.0,ppo,nan,2.0,1.0,2.0,0.4445832944260453,0.8659016400062352,0.9091397238590544,1.0,nan,nan
85.0,ppo,nan,3.0,1.0,3.0,0.4689021707750585,0.7455016236016,0.7344814086760731,1.0,nan,nan
85.0,ppo,nan,4.0,1.0,4.0,0.4875572479477776,0.8207487156194998,0.8422200037518521,1.0,nan,nan
85.0,ppo,nan,5.0,1.0,5.0,0.501053964086924,0.8806232603864252,0.9105523187190339,1.0,nan,nan
85.0,ppo,nan,6.0,1.0,6.0,0.5017608538569532,0.9043972209316378,0.9119576880342406,1.0,nan,nan
85.0,ppo,nan,7.0,1.0,7.0,0.5060388481096496,0.8227420202547266,0.8447615299341901,1.0,nan,nan
85.0,ppo,nan,8.0,1.0,8.0,0.5267239075639937,0.8505878439843128,0.870296235550837,1.0,nan,nan
85.0,ppo,nan,9.0,2.0,1.0,0.5325914184582171,1.0,1.0,1.0,nan,nan
85.0,ppo,nan,10.0,2.0,2.0,0.5344918057061723,0.9090489033319967,0.9611015936996917,1.0,nan,nan
85.0,ppo,nan,11.0,2.0,3.0,0.5415848268687237,0.8897787886056776,0.8843484357243424,1.0,nan,nan
85.0,ppo,nan,12.0,2.0,4.0,0.5330230359016205,0.8334365172942402,0.8801354629221726,1.0,nan,nan
85.0,ppo,nan,13.0,2.0,5.0,0.5502911661700921,0.8368108060362854,0.8211737177924737,1.0,nan,nan
85.0,ppo,nan,14.0,2.0,6.0,0.569988367376095,0.8582473726318033,0.9034837459946281,1.0,nan,nan
85.0,ppo,nan,15.0,2.0,7.0,0.572267017703743,0.8753846187784079,0.8717812789214778,1.0,nan,nan
85.0,ppo,nan,16.0,2.0,8.0,0.5763676698161148,0.8707820499591071,0.8578412997472487,1.0,nan,nan
85.0,mse_oracle,nan,0.0,0.0,0.0,0.4381825474072605,1.0,1.0,0.0,nan,nan
85.0,mse_oracle,nan,1.0,1.0,1.0,0.43398012807900277,1.0,1.0,0.0,0.06706072794876566,0.06706072794876566
85.0,mse_oracle,nan,2.0,1.0,2.0,0.4445832944260453,0.8659016400062352,0.9091397238590544,1.0,0.07433065661789892,0.0740064152644505
85.0,mse_oracle,nan,3.0,1.0,3.0,0.4689021707750585,0.7455016236016,0.7344814086760731,1.0,0.0768432869260554,0.07583476636696992
85.0,mse_oracle,nan,4.0,1.0,4.0,0.4959975009580102,0.8207487156194998,0.8422200037518521,0.0,0.0664499618703153,0.06978350646444942
85.0,mse_oracle,nan,5.0,1.0,5.0,0.49629515582518313,0.8578564770939467,0.9022407676687167,1.0,0.05956306123091493,0.057512958524724496
85.0,mse_oracle,nan,6.0,1.0,6.0,0.5099916725786751,0.9013026218985551,0.9145522759004208,1.0,0.06122025536550495,0.05721652849858949
85.0,mse_oracle,nan,7.0,1.0,7.0,0.5121811450490515,0.8538420423737938,0.8679388653723027,1.0,0.058807669934780836,0.05508665942985905
85.0,mse_oracle,nan,8.0,1.0,8.0,0.5254358566411284,0.8657012364362785,0.8819825762992176,1.0,0.05860174658049179,0.04702963776124863
85.0,mse_oracle,nan,9.0,2.0,1.0,0.5309797718206805,1.0,1.0,0.0,0.07115103176966811,0.07115103176966811
85.0,mse_oracle,nan,10.0,2.0,2.0,0.5382800683755703,0.8854389064414112,0.939788543741946,0.0,0.0797545641667346,0.08124624412729947
85.0,mse_oracle,nan,11.0,2.0,3.0,0.5494408008535739,0.8447936247419894,0.7883583678734915,0.0,0.08324473408046637,0.0832942217098853
85.0,mse_oracle,nan,12.0,2.0,4.0,0.5510502150983979,0.8484127833987692,0.843142562309104,1.0,0.08459092803850145,0.07946066704394304
85.0,mse_oracle,nan,13.0,2.0,5.0,0.5754231543735108,0.8394104189578815,0.8504215470372121,1.0,0.085912754523814,0.07898321198996558
85.0,mse_oracle,nan,14.0,2.0,6.0,0.5765088360128151,0.9039091793597771,0.9284373418193724,1.0,0.06675227158634825,0.06433865563745672
85.0,mse_oracle,nan,15.0,2.0,7.0,0.5744504624622992,0.8845085215126229,0.8914813242888031,1.0,0.07063589811894236,0.06230414737264348
85.0,mse_oracle,nan,16.0,2.0,8.0,0.5901120937430386,0.8325354105809754,0.8940167622666887,1.0,0.07042606928107827,0.06399618277319319
86.0,raw,nan,0.0,0.0,0.0,0.4381825474072605,1.0,1.0,0.0,nan,nan
86.0,raw,nan,1.0,1.0,1.0,0.4319891873756096,1.0,1.0,0.0,nan,nan
86.0,raw,nan,2.0,1.0,2.0,0.39058255666653724,0.7779201366299237,0.8522094526672798,0.0,nan,nan
86.0,raw,nan,3.0,1.0,3.0,0.411874655800858,0.4348332954831697,0.32699018643706285,0.0,nan,nan
86.0,raw,nan,4.0,1.0,4.0,0.4818757868291736,0.5549990024623933,0.5092484457678257,0.0,nan,nan
86.0,raw,nan,5.0,1.0,5.0,0.46001688588162704,0.7799360180649052,0.7832806078900234,0.0,nan,nan
86.0,raw,nan,6.0,1.0,6.0,0.49798261942528693,0.6020924732495346,0.6201758515257584,0.0,nan,nan
86.0,raw,nan,7.0,1.0,7.0,0.5057775408455065,0.7644581804748125,0.8055168118955328,0.0,nan,nan
86.0,raw,nan,8.0,1.0,8.0,0.5275170700453078,0.7002659761057796,0.6051463645518504,0.0,nan,nan
86.0,raw,nan,9.0,2.0,1.0,0.5511819747682395,1.0,1.0,0.0,nan,nan
86.0,raw,nan,10.0,2.0,2.0,0.5213599822609104,0.7898479420637593,0.8480549729797386,0.0,nan,nan
86.0,raw,nan,11.0,2.0,3.0,0.5646032205995732,0.6090198939262436,0.6914820680727597,0.0,nan,nan
86.0,raw,nan,12.0,2.0,4.0,0.4839779798221236,0.6116369815229659,0.6562666709985759,0.0,nan,nan
86.0,raw,nan,13.0,2.0,5.0,0.42125244786877886,0.10486309407328197,0.6702220130119912,0.0,nan,nan
86.0,raw,nan,14.0,2.0,6.0,0.48554227273479067,0.04361979196866329,0.19277923469229108,0.0,nan,nan
86.0,raw,nan,15.0,2.0,7.0,0.11549107766891487,0.07823302868198573,0.08509296944716983,0.0,nan,nan
86.0,raw,nan,16.0,2.0,8.0,0.11598756923924883,0.033509161056879774,0.08638417600807594,0.0,nan,nan
86.0,ppo,nan,0.0,0.0,0.0,0.4381825474072605,1.0,1.0,0.0,nan,nan
86.0,ppo,nan,1.0,1.0,1.0,0.4319891873756096,1.0,1.0,1.0,nan,nan
86.0,ppo,nan,2.0,1.0,2.0,0.4171725637179532,0.7779201366299237,0.8522094526672798,1.0,nan,nan
86.0,ppo,nan,3.0,1.0,3.0,0.4191383852237696,0.5880198475247739,0.45560097944293754,1.0,nan,nan
86.0,ppo,nan,4.0,1.0,4.0,0.48171111579846393,0.6491071026166078,0.6729613794383064,1.0,nan,nan
86.0,ppo,nan,5.0,1.0,5.0,0.4612609640632124,0.815863843301841,0.8075348232698366,1.0,nan,nan
86.0,ppo,nan,6.0,1.0,6.0,0.4629239903764804,0.7071529290928529,0.75558102634262,1.0,nan,nan
86.0,ppo,nan,7.0,1.0,7.0,0.48874185795208547,0.724986531717351,0.7341861195442905,1.0,nan,nan
86.0,ppo,nan,8.0,1.0,8.0,0.5177131372096898,0.7624294209244069,0.6767641978632025,1.0,nan,nan
86.0,ppo,nan,9.0,2.0,1.0,0.5309202615770265,1.0,1.0,1.0,nan,nan
86.0,ppo,nan,10.0,2.0,2.0,0.5146763640884366,0.9279346296186168,0.9281464980779228,1.0,nan,nan
86.0,ppo,nan,11.0,2.0,3.0,0.536186208854392,0.8582250390742823,0.9154514022150009,1.0,nan,nan
86.0,ppo,nan,12.0,2.0,4.0,0.5527885137194086,0.9032521143561801,0.872999497224403,1.0,nan,nan
86.0,ppo,nan,13.0,2.0,5.0,0.553145620724509,0.9463120048825421,0.9584327754797304,1.0,nan,nan
86.0,ppo,nan,14.0,2.0,6.0,0.5619097187012363,0.9494864541112118,0.9427822574306886,1.0,nan,nan
86.0,ppo,nan,15.0,2.0,7.0,0.5437970359851463,0.9208640468626654,0.9185835172038402,1.0,nan,nan
86.0,ppo,nan,16.0,2.0,8.0,0.5823607158102988,0.8826533821840241,0.8824831905719214,1.0,nan,nan
86.0,mse_oracle,nan,0.0,0.0,0.0,0.4381825474072605,1.0,1.0,0.0,nan,nan
86.0,mse_oracle,nan,1.0,1.0,1.0,0.4319891873756096,1.0,1.0,0.0,0.06706072794876566,0.06706072794876566
86.0,mse_oracle,nan,2.0,1.0,2.0,0.4171725637179532,0.7779201366299237,0.8522094526672798,1.0,0.07251031395898815,0.07234749681323088
86.0,mse_oracle,nan,3.0,1.0,3.0,0.4131767538462896,0.5880198475247739,0.45560097944293754,0.0,0.08590974783704947,0.0905029183214169
86.0,mse_oracle,nan,4.0,1.0,4.0,0.4851133464798015,0.5642668378315019,0.526841262188678,0.0,0.0884594354722633,0.09112134019494036
86.0,mse_oracle,nan,5.0,1.0,5.0,0.4611142951558673,0.7945671748848561,0.7966748562874484,0.0,0.06403105032804854,0.06493139602670407
86.0,mse_oracle,nan,6.0,1.0,6.0,0.49848154399017336,0.6101191838438048,0.6315119225043153,0.0,0.07646141002687797,0.07671479437472128
86.0,mse_oracle,nan,7.0,1.0,7.0,0.5144365194523907,0.7756375254176258,0.8116879349856391,1.0,0.06616462022847855,0.061747555128513196
86.0,mse_oracle,nan,8.0,1.0,8.0,0.5377431985385552,0.785502681950698,0.7051590325059338,1.0,0.062001155540872266,0.05642833951191184
86.0,mse_oracle,nan,9.0,2.0,1.0,0.5343846959145421,1.0,1.0,0.0,0.07162151834709948,0.07162151834709948
86.0,mse_oracle,nan,10.0,2.0,2.0,0.5439253550913957,0.8507531743269593,0.885402718036727,0.0,0.09749174282105427,0.09815842896903544
86.0,mse_oracle,nan,11.0,2.0,3.0,0.5605758173177868,0.7782122733181325,0.9150861108575233,1.0,0.09569034280326573,0.09323290866687828
86.0,mse_oracle,nan,12.0,2.0,4.0,0.5704012066262913,0.8275762528186105,0.8870844672782664,1.0,0.08143569700617585,0.07735383850665237
86.0,mse_oracle,nan,13.0,2.0,5.0,0.5691181063244871,0.8663772493384874,0.8887269668767592,1.0,0.07859659698570871,0.07642431558924866
86.0,mse_oracle,nan,14.0,2.0,6.0,0.5846020908693201,0.8713252254666731,0.8711602234507871,1.0,0.07721249681822615,0.07522151980672674
86.0,mse_oracle,nan,15.0,2.0,7.0,0.5777223423934216,0.8906291077431929,0.919346461961891,1.0,0.06980537570321874,0.06637397026595666
86.0,mse_oracle,nan,16.0,2.0,8.0,0.5720579062292461,0.9161034328203194,0.9232395922499625,1.0,0.06671088001677206,0.06490333503617844
87.0,raw,nan,0.0,0.0,0.0,0.4381825474072605,1.0,1.0,0.0,nan,nan
87.0,raw,nan,1.0,1.0,1.0,0.4536072374950094,1.0,1.0,0.0,nan,nan
87.0,raw,nan,2.0,1.0,2.0,0.466657153915386,0.8389738895825272,0.8276535304532197,0.0,nan,nan
87.0,raw,nan,3.0,1.0,3.0,0.4711367204347045,0.8873365348334096,0.9220313439961921,0.0,nan,nan
87.0,raw,nan,4.0,1.0,4.0,0.49945468099739726,0.7489362607305425,0.823429231205668,0.0,nan,nan
87.0,raw,nan,5.0,1.0,5.0,0.4828021200781661,0.8022979780370735,0.7816408519606715,0.0,nan,nan
87.0,raw,nan,6.0,1.0,6.0,0.45732654893999336,0.7371528838509869,0.7161075625865083,0.0,nan,nan
87.0,raw,nan,7.0,1.0,7.0,0.49737347183597336,0.5781417706159063,0.5138086438019247,0.0,nan,nan
87.0,raw,nan,8.0,1.0,8.0,0.5275190185512835,0.6797183290160681,0.6163500935003786,0.0,nan,nan
87.0,raw,nan,9.0,2.0,1.0,0.537557592978577,1.0,1.0,0.0,nan,nan
87.0,raw,nan,10.0,2.0,2.0,0.5549274351789882,0.9289043217706421,0.9349227902976605,0.0,nan,nan
87.0,raw,nan,11.0,2.0,3.0,0.5202364112802381,0.8623171569413001,0.8691745966937652,0.0,nan,nan
87.0,raw,nan,12.0,2.0,4.0,0.5449943345641539,0.6507631406333578,0.7422168282220405,0.0,nan,nan
87.0,raw,nan,13.0,2.0,5.0,0.5777169975456148,0.7193569041235996,0.7314333998069944,0.0,nan,nan
87.0,raw,nan,14.0,2.0,6.0,0.5830562657658263,0.7501369212141275,0.7379622386513527,0.0,nan,nan
87.0,raw,nan,15.0,2.0,7.0,0.5609036089463472,0.824150753160947,0.7767104600632618,0.0,nan,nan
87.0,raw,nan,16.0,2.0,8.0,0.5367536830934058,0.6715495742569549,0.8467097500256873,0.0,nan,nan
87.0,ppo,nan,0.0,0.0,0.0,0.4381825474072605,1.0,1.0,0.0,nan,nan
87.0,ppo,nan,1.0,1.0,1.0,0.4536072374950094,1.0,1.0,1.0,nan,nan
87.0,ppo,nan,2.0,1.0,2.0,0.4628344873564339,0.8389738895825272,0.8276535304532197,1.0,nan,nan
87.0,ppo,nan,3.0,1.0,3.0,0.4756538512479961,0.9439833936644626,0.9535832633871385,1.0,nan,nan
87.0,ppo,nan,4.0,1.0,4.0,0.48175462125714974,0.90395351457991,0.9545130472089784,1.0,nan,nan
87.0,ppo,nan,5.0,1.0,5.0,0.4838097328515038,0.8206601404438069,0.8438588866218074,1.0,nan,nan
87.0,ppo,nan,6.0,1.0,6.0,0.4870325076061178,0.8324731748090557,0.7907968276241034,1.0,nan,nan
87.0,ppo,nan,7.0,1.0,7.0,0.5068370925466501,0.8866307963057307,0.8832796927056158,1.0,nan,nan
87.0,ppo,nan,8.0,1.0,8.0,0.5183298540071445,0.8004951550184056,0.7901649927486392,1.0,nan,nan
87.0,ppo,nan,9.0,2.0,1.0,0.5210606065893779,1.0,1.0,1.0,nan,nan
87.0,ppo,nan,10.0,2.0,2.0,0.5370131411640349,0.8000048962025791,0.8717101679842476,1.0,nan,nan
87.0,ppo,nan,11.0,2.0,3.0,0.5296645817070866,0.8338444141941047,0.7556853051104457,1.0,nan,nan
87.0,ppo,nan,12.0,2.0,4.0,0.5528806679487531,0.879691250280498,0.8871832653672002,1.0,nan,nan
87.0,ppo,nan,13.0,2.0,5.0,0.5543935238291915,0.8620266843154567,0.8990847114167342,1.0,nan,nan
87.0,ppo,nan,14.0,2.0,6.0,0.5438382847862341,0.873851545806023,0.9157233728106482,1.0,nan,nan
87.0,ppo,nan,15.0,2.0,7.0,0.5267228840405743,0.773398126193911,0.7588549345971602,1.0,nan,nan
87.0,ppo,nan,16.0,2.0,8.0,0.47934388147563556,0.7144121837686809,0.6792849581331986,1.0,nan,nan
87.0,mse_oracle,nan,0.0,0.0,0.0,0.4381825474072605,1.0,1.0,0.0,nan,nan
87.0,mse_oracle,nan,1.0,1.0,1.0,0.4536072374950094,1.0,1.0,0.0,0.06706072794876566,0.06706072794876566
87.0,mse_oracle,nan,2.0,1.0,2.0,0.466657153915386,0.8389738895825272,0.8276535304532197,0.0,0.06952450119783589,0.07716978440339259
87.0,mse_oracle,nan,3.0,1.0,3.0,0.4711367204347045,0.8873365348334096,0.9220313439961921,0.0,0.06534258022257601,0.07210128464180066
87.0,mse_oracle,nan,4.0,1.0,4.0,0.49945468099739726,0.7489362607305425,0.823429231205668,0.0,0.06831391904079909,0.0733048639929352
87.0,mse_oracle,nan,5.0,1.0,5.0,0.48552608186278107,0.8022979780370735,0.7816408519606715,1.0,0.05962604510615371,0.05707430950791122
87.0,mse_oracle,nan,6.0,1.0,6.0,0.48613167334845303,0.8088364251619887,0.812747370833001,1.0,0.06543668188247218,0.06423270003309928
87.0,mse_oracle,nan,7.0,1.0,7.0,0.49869265845092586,0.843925367689819,0.8209069803724629,1.0,0.06464513430514535,0.06196208147635511
87.0,mse_oracle,nan,8.0,1.0,8.0,0.5102306467288011,0.8574553776998197,0.8904930399419982,1.0,0.060432815406817844,0.05689535363886644
87.0,mse_oracle,nan,9.0,2.0,1.0,0.5195552245852085,1.0,1.0,0.0,0.06852315239273021,0.06852315239273021
87.0,mse_oracle,nan,10.0,2.0,2.0,0.5429946843098776,0.7973681905900035,0.8263878338717763,0.0,0.08205054025419538,0.08287197840273165
87.0,mse_oracle,nan,11.0,2.0,3.0,0.5375452013074642,0.8201473827146548,0.8684125071350118,0.0,0.08244089919436204,0.0840418214516995
87.0,mse_oracle,nan,12.0,2.0,4.0,0.556234626951548,0.7413776700039295,0.8059418833898078,1.0,0.08135045195771537,0.07937102260507031
87.0,mse_oracle,nan,13.0,2.0,5.0,0.5504246387002474,0.8367877214233246,0.8074072718774672,1.0,0.07697293877655587,0.0752899764577919
87.0,mse_oracle,nan,14.0,2.0,6.0,0.5733072006221794,0.9289740459966486,0.9394813644702906,1.0,0.06640281511732302,0.06215323415684525
87.0,mse_oracle,nan,15.0,2.0,7.0,0.5772094848454805,0.8536329263879093,0.7495074034463275,0.0,0.07301228782294682,0.07430046341425535
87.0,mse_oracle,nan,16.0,2.0,8.0,0.5632742753010069,0.8060334975481601,0.855418416097528,1.0,0.07669192690620155,0.07476304756719265
88.0,raw,nan,0.0,0.0,0.0,0.4381825474072605,1.0,1.0,0.0,nan,nan
88.0,raw,nan,1.0,1.0,1.0,0.4281523749775291,1.0,1.0,0.0,nan,nan
88.0,raw,nan,2.0,1.0,2.0,0.4475204947918315,0.8657226880932902,0.8178146153573312,0.0,nan,nan
88.0,raw,nan,3.0,1.0,3.0,0.4564932742139028,0.7979457016615263,0.8132763751096951,0.0,nan,nan
88.0,raw,nan,4.0,1.0,4.0,0.4366135666996192,0.7520354047480877,0.8106503021462538,0.0,nan,nan
88.0,raw,nan,5.0,1.0,5.0,0.4528224026217639,0.5683737079745866,0.629789820899987,0.0,nan,nan
88.0,raw,nan,6.0,1.0,6.0,0.45670047264878183,0.5641226816977781,0.6092683644377019,0.0,nan,nan
88.0,raw,nan,7.0,1.0,7.0,0.5153585788554006,0.4743698575753722,0.5216498897004337,0.0,nan,nan
88.0,raw,nan,8.0,1.0,8.0,0.5037368933660791,0.7465404579327346,0.777678159098364,0.0,nan,nan
88.0,raw,nan,9.0,2.0,1.0,0.5290037083584785,1.0,1.0,0.0,nan,nan
88.0,raw,nan,10.0,2.0,2.0,0.5003621563871,0.8614709515659815,0.797973012090545,0.0,nan,nan
88.0,raw,nan,11.0,2.0,3.0,0.5042687925502984,0.74969553628258,0.7010318191592984,0.0,nan,nan
88.0,raw,nan,12.0,2.0,4.0,0.527380419842757,0.6981552221703514,0.6869983886055376,0.0,nan,nan
88.0,raw,nan,13.0,2.0,5.0,0.555861785848277,0.6425813489435414,0.7657198452210544,0.0,nan,nan
88.0,raw,nan,14.0,2.0,6.0,0.5530886743699209,0.690425439176322,0.7258177640597162,0.0,nan,nan
88.0,raw,nan,15.0,2.0,7.0,0.5600521850525588,0.39139749336084995,0.5278162172848644,0.0,nan,nan
88.0,raw,nan,16.0,2.0,8.0,0.49134832157549735,0.25160356222025915,0.5722213275998526,0.0,nan,nan
88.0,ppo,nan,0.0,0.0,0.0,0.4381825474072605,1.0,1.0,0.0,nan,nan
88.0,ppo,nan,1.0,1.0,1.0,0.4281523749775291,1.0,1.0,1.0,nan,nan
88.0,ppo,nan,2.0,1.0,2.0,0.45152988090983326,0.8657226880932902,0.8178146153573312,1.0,nan,nan
88.0,ppo,nan,3.0,1.0,3.0,0.44446013476723606,0.7883736316570303,0.8289088677093809,1.0,nan,nan
88.0,ppo,nan,4.0,1.0,4.0,0.45026782879634464,0.7186240366477944,0.7873777308172768,1.0,nan,nan
88.0,ppo,nan,5.0,1.0,5.0,0.45590589339456583,0.672597863755324,0.6622687493950999,1.0,nan,nan
88.0,ppo,nan,6.0,1.0,6.0,0.4808368461185059,0.697909502195726,0.6757645187996177,1.0,nan,nan
88.0,ppo,nan,7.0,1.0,7.0,0.5047138298456574,0.715186079128782,0.7263383439765493,1.0,nan,nan
88.0,ppo,nan,8.0,1.0,8.0,0.5175551289029273,0.8893480278828031,0.8862738204374221,1.0,nan,nan
88.0,ppo,nan,9.0,2.0,1.0,0.5314584118428235,1.0,1.0,1.0,nan,nan
88.0,ppo,nan,10.0,2.0,2.0,0.5329243310205897,0.8371249088911934,0.8380767343856752,1.0,nan,nan
88.0,ppo,nan,11.0,2.0,3.0,0.545271643220534,0.8215912141474397,0.8118196815108094,1.0,nan,nan
88.0,ppo,nan,12.0,2.0,4.0,0.5503897592480401,0.9302169009791652,0.9208094262890306,1.0,nan,nan
88.0,ppo,nan,13.0,2.0,5.0,0.5683543742598103,0.9111457515069101,0.9374793902803902,1.0,nan,nan
88.0,ppo,nan,14.0,2.0,6.0,0.5668591808046666,0.9082990254764738,0.9102654855746439,1.0,nan,nan
88.0,ppo,nan,15.0,2.0,7.0,0.5613861034737941,0.8928838047757566,0.8735319729251254,1.0,nan,nan
88.0,ppo,nan,16.0,2.0,8.0,0.5749264656650622,0.8793090072422571,0.9069096322470861,1.0,nan,nan
88.0,mse_oracle,nan,0.0,0.0,0.0,0.4381825474072605,1.0,1.0,0.0,nan,nan
88.0,mse_oracle,nan,1.0,1.0,1.0,0.4281523749775291,1.0,1.0,0.0,0.06706072794876566,0.06706072794876566
88.0,mse_oracle,nan,2.0,1.0,2.0,0.4475204947918315,0.8657226880932902,0.8178146153573312,0.0,0.07477573853278599,0.07768576120745832
88.0,mse_oracle,nan,3.0,1.0,3.0,0.4564932742139028,0.7979457016615263,0.8132763751096951,0.0,0.07321777505811208,0.07336361215788088
88.0,mse_oracle,nan,4.0,1.0,4.0,0.4396110380060078,0.7520354047480877,0.8106503021462538,1.0,0.07104823963928696,0.07022131756590512
88.0,mse_oracle,nan,5.0,1.0,5.0,0.43750582488168854,0.6098482168676683,0.6576983359162658,1.0,0.08286044565046699,0.07930763763724806
88.0,mse_oracle,nan,6.0,1.0,6.0,0.473897464887244,0.5553194941812939,0.640916538278784,1.0,0.0830683380436387,0.08236001243332372
88.0,mse_oracle,nan,7.0,1.0,7.0,0.4853850023806947,0.7554394746172681,0.7658672942599156,1.0,0.06866768021292025,0.06445035251896573
88.0,mse_oracle,nan,8.0,1.0,8.0,0.49650810368653625,0.830767556601399,0.8362743286277918,1.0,0.06548935453928603,0.061454322871489796
88.0,mse_oracle,nan,9.0,2.0,1.0,0.5163868581510058,1.0,1.0,0.0,0.0695468491402423,0.0695468491402423
88.0,mse_oracle,nan,10.0,2.0,2.0,0.5356326063616887,0.7682886054320248,0.8061492497322482,1.0,0.09312835524237248,0.08600669119049215
88.0,mse_oracle,nan,11.0,2.0,3.0,0.524528890387675,0.8077705887540595,0.8972491691219523,1.0,0.09204567272936881,0.08710691691710315
88.0,mse_oracle,nan,12.0,2.0,4.0,0.5343308609446016,0.7766990135064439,0.7200097540259709,1.0,0.08203131591189666,0.07925007375956175
88.0,mse_oracle,nan,13.0,2.0,5.0,0.5496918211825057,0.8003600921540388,0.8604859760762233,1.0,0.08386041320562257,0.07965215563911336
88.0,mse_oracle,nan,14.0,2.0,6.0,0.5471121769719498,0.7737075161813182,0.822429633721451,1.0,0.08448567311427249,0.08393972536875446
88.0,mse_oracle,nan,15.0,2.0,7.0,0.5571095290057604,0.7999604901957527,0.6797659976275123,1.0,0.08448138597454333,0.07704818047569781
88.0,mse_oracle,nan,16.0,2.0,8.0,0.5597362539098699,0.857512951592324,0.8870526971324659,1.0,0.07642809800600395,0.0723628916513953
89.0,raw,nan,0.0,0.0,0.0,0.4381825474072605,1.0,1.0,0.0,nan,nan
89.0,raw,nan,1.0,1.0,1.0,0.43202497887056773,1.0,1.0,0.0,nan,nan
89.0,raw,nan,2.0,1.0,2.0,0.44105899504325113,0.8299927017185289,0.829924875223616,0.0,nan,nan
89.0,raw,nan,3.0,1.0,3.0,0.44107888524346983,0.7908564352025486,0.7056429040073829,0.0,nan,nan
89.0,raw,nan,4.0,1.0,4.0,0.479252686609952,0.6859624598234589,0.7210514274130702,0.0,nan,nan
89.0,raw,nan,5.0,1.0,5.0,0.49319666919181215,0.7302794002867419,0.7742614055032498,0.0,nan,nan
89.0,raw,nan,6.0,1.0,6.0,0.5171694304540522,0.7151818192141531,0.6609279211273577,0.0,nan,nan
89.0,raw,nan,7.0,1.0,7.0,0.5211520787658682,0.8278830476979462,0.8463756922522584,0.0,nan,nan
89.0,raw,nan,8.0,1.0,8.0,0.5107963755127597,0.7726105709880584,0.858468332766528,0.0,nan,nan
89.0,raw,nan,9.0,2.0,1.0,0.5187895905274765,1.0,1.0,0.0,nan,nan
89.0,raw,nan,10.0,2.0,2.0,0.5354038648165085,0.7971369651678117,0.8401503279759415,0.0,nan,nan
89.0,raw,nan,11.0,2.0,3.0,0.5445766429494664,0.6446032499348663,0.7019208578089922,0.0,nan,nan
89.0,raw,nan,12.0,2.0,4.0,0.5641311600826081,0.5378417054149186,0.5384033752272189,0.0,nan,nan
89.0,raw,nan,13.0,2.0,5.0,0.5723812273184283,0.49473176913141403,0.7588335306153874,0.0,nan,nan
89.0,raw,nan,14.0,2.0,6.0,0.5829299279060637,0.3809030031329384,0.5448061500611436,0.0,nan,nan
89.0,raw,nan,15.0,2.0,7.0,0.6018081134906419,0.46146165431670333,0.5584492362580271,0.0,nan,nan
89.0,raw,nan,16.0,2.0,8.0,0.28700195513832416,0.5040696735415197,0.37364477740515,0.0,nan,nan
89.0,ppo,nan,0.0,0.0,0.0,0.4381825474072605,1.0,1.0,0.0,nan,nan
89.0,ppo,nan,1.0,1.0,1.0,0.43202497887056773,1.0,1.0,1.0,nan,nan
89.0,ppo,nan,2.0,1.0,2.0,0.45813717312625785,0.8299927017185289,0.829924875223616,1.0,nan,nan
89.0,ppo,nan,3.0,1.0,3.0,0.460767635607849,0.9501616038311075,0.9344930550253061,1.0,nan,nan
89.0,ppo,nan,4.0,1.0,4.0,0.48222211567042117,0.8480204033790033,0.8797633128549058,1.0,nan,nan
89.0,ppo,nan,5.0,1.0,5.0,0.4716138846391612,0.8375376138642386,0.9094699563311641,1.0,nan,nan
89.0,ppo,nan,6.0,1.0,6.0,0.4851067071634116,0.7866533609310681,0.7916403586286421,1.0,nan,nan
89.0,ppo,nan,7.0,1.0,7.0,0.5043611891922005,0.8503263690572942,0.880226231734616,1.0,nan,nan
89.0,ppo,nan,8.0,1.0,8.0,0.5007103124240081,0.8689643859330858,0.9083106615647024,1.0,nan,nan
89.0,ppo,nan,9.0,2.0,1.0,0.49472534990418027,1.0,1.0,1.0,nan,nan
89.0,ppo,nan,10.0,2.0,2.0,0.5023604106024248,0.7958487444716131,0.7705891813278222,1.0,nan,nan
89.0,ppo,nan,11.0,2.0,3.0,0.5151792613917979,0.8175833869216647,0.8240473489037181,1.0,nan,nan
89.0,ppo,nan,12.0,2.0,4.0,0.493107844942519,0.924897686838148,0.9361027345319158,1.0,nan,nan
89.0,ppo,nan,13.0,2.0,5.0,0.5542482669750626,0.6912555988350334,0.7230982868113822,1.0,nan,nan
89.0,ppo,nan,14.0,2.0,6.0,0.5494811783763126,0.6837662695214893,0.6619803811996842,1.0,nan,nan
89.0,ppo,nan,15.0,2.0,7.0,0.5535486818590748,0.6776936027633688,0.7145273756600814,1.0,nan,nan
89.0,ppo,nan,16.0,2.0,8.0,0.582635476896511,0.7003879046613127,0.713354904622307,1.0,nan,nan
89.0,mse_oracle,nan,0.0,0.0,0.0,0.4381825474072605,1.0,1.0,0.0,nan,nan
89.0,mse_oracle,nan,1.0,1.0,1.0,0.43202497887056773,1.0,1.0,0.0,0.06706072794876566,0.06706072794876566
89.0,mse_oracle,nan,2.0,1.0,2.0,0.44105899504325113,0.8299927017185289,0.829924875223616,0.0,0.07731138725047272,0.07857818860346909
89.0,mse_oracle,nan,3.0,1.0,3.0,0.44107888524346983,0.7908564352025486,0.7056429040073829,0.0,0.07578963069045692,0.07906661185034616
89.0,mse_oracle,nan,4.0,1.0,4.0,0.479252686609952,0.6859624598234589,0.7210514274130702,0.0,0.07945251828204083,0.07974614435356314
89.0,mse_oracle,nan,5.0,1.0,5.0,0.49319666919181215,0.7302794002867419,0.7742614055032498,0.0,0.06403207178107526,0.06652221211362475
89.0,mse_oracle,nan,6.0,1.0,6.0,0.5082763970110036,0.7151818192141531,0.6609279211273577,1.0,0.062408961283197485,0.06181761470307692
89.0,mse_oracle,nan,7.0,1.0,7.0,0.5245480309304725,0.827323791455536,0.855215739905091,1.0,0.05912030774514804,0.0466554275559731
89.0,mse_oracle,nan,8.0,1.0,8.0,0.5091289468575322,0.8303941004726582,0.8886344005952012,1.0,0.05391251941709949,0.04570725561947868
89.0,mse_oracle,nan,9.0,2.0,1.0,0.4952096525371161,1.0,1.0,0.0,0.06593343606798945,0.06593343606798945
89.0,mse_oracle,nan,10.0,2.0,2.0,0.5054758129547957,0.7742219310216623,0.753563744127486,1.0,0.08399721746946073,0.08331322246437003
89.0,mse_oracle,nan,11.0,2.0,3.0,0.5252663629251548,0.8429964330702571,0.8727083820303418,0.0,0.08485420019159401,0.08657303390668189
89.0,mse_oracle,nan,12.0,2.0,4.0,0.50205698067479,0.8668659010439894,0.8115207531393893,1.0,0.0823169508676925,0.07752167443708356
89.0,mse_oracle,nan,13.0,2.0,5.0,0.5324964007587498,0.6587675032702405,0.7190095210552027,1.0,0.1452835643697412,0.1360507611353328
89.0,mse_oracle,nan,14.0,2.0,6.0,0.5563356868002562,0.6691468511500241,0.766258939422422,1.0,0.14067109083259147,0.13202259568682706
89.0,mse_oracle,nan,15.0,2.0,7.0,0.5738858581113994,0.6938783158149062,0.7514212362305732,1.0,0.1257537823047665,0.11369093236031655
89.0,mse_oracle,nan,16.0,2.0,8.0,0.5601313926254687,0.7295727329210429,0.6457352496583757,1.0,0.11541943069448557,0.10575762002104247
90.0,raw,nan,0.0,0.0,0.0,0.4381825474072605,1.0,1.0,0.0,nan,nan
90.0,raw,nan,1.0,1.0,1.0,0.4502733093879613,1.0,1.0,0.0,nan,nan
90.0,raw,nan,2.0,1.0,2.0,0.4623693848457492,0.8855510983075167,0.8791660664095661,0.0,nan,nan
90.0,raw,nan,3.0,1.0,3.0,0.4569778352024837,0.8743841864126229,0.8846099673945057,0.0,nan,nan
90.0,raw,nan,4.0,1.0,4.0,0.4879426155265231,0.6657779793345362,0.659481746285045,0.0,nan,nan
90.0,raw,nan,5.0,1.0,5.0,0.4783005907638818,0.744417025110364,0.7510170509602693,0.0,nan,nan
90.0,raw,nan,6.0,1.0,6.0,0.49778088513076063,0.6381680829071041,0.6757953032911145,0.0,nan,nan
90.0,raw,nan,7.0,1.0,7.0,0.4754315178659588,0.6735244105447402,0.6538268626824916,0.0,nan,nan
90.0,raw,nan,8.0,1.0,8.0,0.521774933034739,0.5401154596656469,0.5482115292271007,0.0,nan,nan
90.0,raw,nan,9.0,2.0,1.0,0.5486275546791534,1.0,1.0,0.0,nan,nan
90.0,raw,nan,10.0,2.0,2.0,0.48120946397283065,0.7599698883538084,0.7075534545695554,0.0,nan,nan
90.0,raw,nan,11.0,2.0,3.0,0.5473330256077583,0.5522033246113669,0.5203234574266314,0.0,nan,nan
90.0,raw,nan,12.0,2.0,4.0,0.5487077773389536,0.6929157814718773,0.7758766946523955,0.0,nan,nan
90.0,raw,nan,13.0,2.0,5.0,0.566661745550811,0.5791353992933046,0.6541363162030497,0.0,nan,nan
90.0,raw,nan,14.0,2.0,6.0,0.5625002869169909,0.4527701895286842,0.38920592947472854,0.0,nan,nan
90.0,raw,nan,15.0,2.0,7.0,0.5719212725653366,0.5599520423009079,0.5131432439100665,0.0,nan,nan
90.0,raw,nan,16.0,2.0,8.0,0.5824712111562371,0.741119465025966,0.8586605568707423,0.0,nan,nan
90.0,ppo,nan,0.0,0.0,0.0,0.4381825474072605,1.0,1.0,0.0,nan,nan
90.0,ppo,nan,1.0,1.0,1.0,0.4502733093879613,1.0,1.0,1.0,nan,nan
90.0,ppo,nan,2.0,1.0,2.0,0.4581633614147708,0.8855510983075167,0.8791660664095661,1.0,nan,nan
90.0,ppo,nan,3.0,1.0,3.0,0.47510302399881565,0.9246231467670846,0.9212591380806412,1.0,nan,nan
90.0,ppo,nan,4.0,1.0,4.0,0.47825797818461685,0.8717900516627248,0.8737042548260086,1.0,nan,nan
90.0,ppo,nan,5.0,1.0,5.0,0.47778877832190203,0.8477363386831023,0.8405139403040298,1.0,nan,nan
90.0,ppo,nan,6.0,1.0,6.0,0.49818268885783157,0.8546832165166035,0.8679841838781508,1.0,nan,nan
90.0,ppo,nan,7.0,1.0,7.0,0.46882968933791924,0.8908838210527648,0.8993047035406699,1.0,nan,nan
90.0,ppo,nan,8.0,1.0,8.0,0.4961627536173205,0.7143414808635055,0.7494910031633166,1.0,nan,nan
90.0,ppo,nan,9.0,2.0,1.0,0.5281883395960315,1.0,1.0,1.0,nan,nan
90.0,ppo,nan,10.0,2.0,2.0,0.44542956630834923,0.7025876132188072,0.5614471854863979,1.0,nan,nan
90.0,ppo,nan,11.0,2.0,3.0,0.4457466251734011,0.6776718919326148,0.6585683025037579,1.0,nan,nan
90.0,ppo,nan,12.0,2.0,4.0,0.48926222828437865,0.5490259534624906,0.5001626710087244,1.0,nan,nan
90.0,ppo,nan,13.0,2.0,5.0,0.49705020190339505,0.5081664793950837,0.6051210595783576,1.0,nan,nan
90.0,ppo,nan,14.0,2.0,6.0,0.5211881234811913,0.6767264497403173,0.5622561528503688,1.0,nan,nan
90.0,ppo,nan,15.0,2.0,7.0,0.5206150101091577,0.6661045368010939,0.7703780141814183,1.0,nan,nan
90.0,ppo,nan,16.0,2.0,8.0,0.5560371978879267,0.6277938734303694,0.7723788248917849,1.0,nan,nan
90.0,mse_oracle,nan,0.0,0.0,0.0,0.4381825474072605,1.0,1.0,0.0,nan,nan
90.0,mse_oracle,nan,1.0,1.0,1.0,0.4502733093879613,1.0,1.0,0.0,0.06706072794876566,0.06706072794876566
90.0,mse_oracle,nan,2.0,1.0,2.0,0.4623693848457492,0.8855510983075167,0.8791660664095661,0.0,0.06801911967925653,0.07163645314296113
90.0,mse_oracle,nan,3.0,1.0,3.0,0.4569778352024837,0.8743841864126229,0.8846099673945057,0.0,0.06595299561911888,0.06600032409215649
90.0,mse_oracle,nan,4.0,1.0,4.0,0.4879426155265231,0.6657779793345362,0.659481746285045,0.0,0.07563187889948408,0.07786281463376904
90.0,mse_oracle,nan,5.0,1.0,5.0,0.4783005907638818,0.744417025110364,0.7510170509602693,0.0,0.06264045867943199,0.0633628905127038
90.0,mse_oracle,nan,6.0,1.0,6.0,0.5101490269981106,0.6381680829071041,0.6757953032911145,1.0,0.07136497020858387,0.07119932687847288
90.0,mse_oracle,nan,7.0,1.0,7.0,0.5011941099973278,0.8047826436483991,0.7962123201103332,1.0,0.05729274377413805,0.05633175264689848
90.0,mse_oracle,nan,8.0,1.0,8.0,0.517023745129359,0.8204532517926976,0.8144836513531971,0.0,0.062036700892796615,0.06221565862436755
90.0,mse_oracle,nan,9.0,2.0,1.0,0.5297188128840938,1.0,1.0,0.0,0.06867206690262231,0.06867206690262231
90.0,mse_oracle,nan,10.0,2.0,2.0,0.48880712664262765,0.8270315847287633,0.831530325496749,0.0,0.09665751560874022,0.10026736852992135
90.0,mse_oracle,nan,11.0,2.0,3.0,0.5055504671975699,0.6181135947248482,0.4377202775817161,1.0,0.09235660987588,0.0907320350068232
90.0,mse_oracle,nan,12.0,2.0,4.0,0.4967272542207532,0.46424367363349145,0.6455911491207971,1.0,0.22148546276171474,0.21816973133627707
90.0,mse_oracle,nan,13.0,2.0,5.0,0.4195263094171286,0.41052229074297497,0.23838186723026772,1.0,0.23293284865043873,0.22839517353676453
90.0,mse_oracle,nan,14.0,2.0,6.0,0.46095716265848796,0.1149736747417081,0.1538129906590191,1.0,0.45628511272604877,0.45385422359162614
90.0,mse_oracle,nan,15.0,2.0,7.0,0.48663656683681367,0.34112778845304126,0.6415652723698688,1.0,0.2155834515315546,0.20823840066517382
90.0,mse_oracle,nan,16.0,2.0,8.0,0.4864442296696387,0.3147296862023327,0.5859472639261848,1.0,0.2340644189469657,0.22726042189850215
91.0,raw,nan,0.0,0.0,0.0,0.4381825474072605,1.0,1.0,0.0,nan,nan
91.0,raw,nan,1.0,1.0,1.0,0.44152758902876765,1.0,1.0,0.0,nan,nan
91.0,raw,nan,2.0,1.0,2.0,0.425975882079252,0.8412025638109952,0.8701142556353814,0.0,nan,nan
91.0,raw,nan,3.0,1.0,3.0,0.47368408708075393,0.6695959605777649,0.6504205372259008,0.0,nan,nan
91.0,raw,nan,4.0,1.0,4.0,0.4954780364902511,0.742766800912525,0.75322250052456,0.0,nan,nan
91.0,raw,nan,5.0,1.0,5.0,0.513456665918549,0.8065410307329562,0.798449140682583,0.0,nan,nan
91.0,raw,nan,6.0,1.0,6.0,0.5264185857060255,0.8750172282455287,0.8684334761397482,0.0,nan,nan
91.0,raw,nan,7.0,1.0,7.0,0.5327323378897512,0.8727935826004981,0.8959489313880677,0.0,nan,nan
91.0,raw,nan,8.0,1.0,8.0,0.553187015245144,0.8187319984565343,0.7904274781790425,0.0,nan,nan
91.0,raw,nan,9.0,2.0,1.0,0.5239127692363191,1.0,1.0,0.0,nan,nan
91.0,raw,nan,10.0,2.0,2.0,0.5151610626859568,0.6792831495161026,0.8441940770812082,0.0,nan,nan
91.0,raw,nan,11.0,2.0,3.0,0.5123747199523733,0.6373031794568005,0.7529963158171689,0.0,nan,nan
91.0,raw,nan,12.0,2.0,4.0,0.5041081035084825,0.6069671114917204,0.7230641245130499,0.0,nan,nan
91.0,raw,nan,13.0,2.0,5.0,0.5576317461113245,0.6003040165727979,0.6700098873966116,0.0,nan,nan
91.0,raw,nan,14.0,2.0,6.0,0.5616436951854044,0.7664226848716007,0.7478439311719417,0.0,nan,nan
91.0,raw,nan,15.0,2.0,7.0,0.5780307629514693,0.6194640285392341,0.6053378894120891,0.0,nan,nan
91.0,raw,nan,16.0,2.0,8.0,0.5850542684895158,0.6797039231288144,0.6903169094161471,0.0,nan,nan
91.0,ppo,nan,0.0,0.0,0.0,0.4381825474072605,1.0,1.0,0.0,nan,nan
91.0,ppo,nan,1.0,1.0,1.0,0.44152758902876765,1.0,1.0,1.0,nan,nan
91.0,ppo,nan,2.0,1.0,2.0,0.4361427261392275,0.8412025638109952,0.8701142556353814,1.0,nan,nan
91.0,ppo,nan,3.0,1.0,3.0,0.46908218830241444,0.8011788030470073,0.8071677435672763,1.0,nan,nan
91.0,ppo,nan,4.0,1.0,4.0,0.48494643960040446,0.7534373810239471,0.7724774356246674,1.0,nan,nan
91.0,ppo,nan,5.0,1.0,5.0,0.49475342921392323,0.8304475619795243,0.8268894674444648,1.0,nan,nan
91.0,ppo,nan,6.0,1.0,6.0,0.501142362165984,0.9158781605177232,0.8943114088895481,1.0,nan,nan
91.0,ppo,nan,7.0,1.0,7.0,0.505360640298896,0.890366315216284,0.8990150811061947,1.0,nan,nan
91.0,ppo,nan,8.0,1.0,8.0,0.5059564969473859,0.9128529347689889,0.9034199066465382,1.0,nan,nan
91.0,ppo,nan,9.0,2.0,1.0,0.521713156924247,1.0,1.0,1.0,nan,nan
91.0,ppo,nan,10.0,2.0,2.0,0.5115592947520946,0.7587382150601422,0.7534978819614149,1.0,nan,nan
91.0,ppo,nan,11.0,2.0,3.0,0.5299270209606918,0.8394565028996896,0.8158301398377045,1.0,nan,nan
91.0,ppo,nan,12.0,2.0,4.0,0.5211131084685051,0.9011310426246573,0.8739815514356003,1.0,nan,nan
91.0,ppo,nan,13.0,2.0,5.0,0.5571894039722202,0.9197374552304063,0.9185869391104428,1.0,nan,nan
91.0,ppo,nan,14.0,2.0,6.0,0.5669250071431935,0.9514394139317314,0.9516491353273427,1.0,nan,nan
91.0,ppo,nan,15.0,2.0,7.0,0.5684205509413672,0.7907718323928652,0.7993268271504654,1.0,nan,nan
91.0,ppo,nan,16.0,2.0,8.0,0.5623143597283742,0.8697568773723244,0.8371488240020987,1.0,nan,nan
91.0,mse_oracle,nan,0.0,0.0,0.0,0.4381825474072605,1.0,1.0,0.0,nan,nan
91.0,mse_oracle,nan,1.0,1.0,1.0,0.44152758902876765,1.0,1.0,0.0,0.06706072794876566,0.06706072794876566
91.0,mse_oracle,nan,2.0,1.0,2.0,0.4361427261392275,0.8412025638109952,0.8701142556353814,1.0,0.07001862362876149,0.0681946128506764
91.0,mse_oracle,nan,3.0,1.0,3.0,0.46908218830241444,0.8011788030470073,0.8071677435672763,1.0,0.07689482230097411,0.07379051895308
91.0,mse_oracle,nan,4.0,1.0,4.0,0.4903639060942964,0.7534373810239471,0.7724774356246674,0.0,0.06817789887456252,0.07151837370140428
91.0,mse_oracle,nan,5.0,1.0,5.0,0.5053027813733703,0.8075876430749314,0.8210605431473217,0.0,0.06226302473104815,0.06470831145840843
91.0,mse_oracle,nan,6.0,1.0,6.0,0.5010289245540246,0.8627892012795774,0.8214979855311807,1.0,0.057726534275701916,0.055186048883820144
91.0,mse_oracle,nan,7.0,1.0,7.0,0.5113156595808925,0.8092681148289896,0.8057922576280052,0.0,0.06375279657261355,0.06510307003900004
91.0,mse_oracle,nan,8.0,1.0,8.0,0.5353512135644818,0.7744273122054266,0.7564626317172738,1.0,0.06373011105321438,0.06202231313916299
91.0,mse_oracle,nan,9.0,2.0,1.0,0.512337140738335,1.0,1.0,0.0,0.07069958614655056,0.07069958614655056
91.0,mse_oracle,nan,10.0,2.0,2.0,0.47981789893159094,0.6237644139985259,0.8271410220921773,1.0,0.1629897487797852,0.16072731701322657
91.0,mse_oracle,nan,11.0,2.0,3.0,0.5009851142717004,0.5645996036667287,0.6431699225613862,1.0,0.15765427266174797,0.1525077528876496
91.0,mse_oracle,nan,12.0,2.0,4.0,0.4927716892536039,0.6098525762566929,0.6003530159494904,1.0,0.160078576725844,0.15642168415973012
91.0,mse_oracle,nan,13.0,2.0,5.0,0.5350003521872557,0.6902766607762008,0.7460919744491431,1.0,0.12182387421074792,0.11884934654407388
91.0,mse_oracle,nan,14.0,2.0,6.0,0.5570443737392712,0.8090344117527134,0.8028651793696253,1.0,0.09733653136673875,0.08926079252870095
91.0,mse_oracle,nan,15.0,2.0,7.0,0.5939240961903283,0.8361825844268882,0.818338594935933,1.0,0.07693860796383821,0.07513769559531872
91.0,mse_oracle,nan,16.0,2.0,8.0,0.5879556099365717,0.9437734018809933,0.9263695626593962,1.0,0.05789411970063185,0.051494436394074666
92.0,raw,nan,0.0,0.0,0.0,0.4381825474072605,1.0,1.0,0.0,nan,nan
92.0,raw,nan,1.0,1.0,1.0,0.44866935385097695,1.0,1.0,0.0,nan,nan
92.0,raw,nan,2.0,1.0,2.0,0.47114619291506993,0.755709861430204,0.7615211057242197,0.0,nan,nan
92.0,raw,nan,3.0,1.0,3.0,0.4783278073866682,0.7857047956338085,0.7574749997414458,0.0,nan,nan
92.0,raw,nan,4.0,1.0,4.0,0.4883386035366498,0.7696424862234745,0.6848196671224938,0.0,nan,nan
92.0,raw,nan,5.0,1.0,5.0,0.46830250890388786,0.7831180185712474,0.8488949109763283,0.0,nan,nan
92.0,raw,nan,6.0,1.0,6.0,0.471494729824616,0.5760319368983295,0.6730262016417561,0.0,nan,nan
92.0,raw,nan,7.0,1.0,7.0,0.5260989973264735,0.5841923980418307,0.5977811593276342,0.0,nan,nan
92.0,raw,nan,8.0,1.0,8.0,0.5319933536988405,0.8093282280712811,0.8028890267246812,0.0,nan,nan
92.0,raw,nan,9.0,2.0,1.0,0.5314096324701085,1.0,1.0,0.0,nan,nan
92.0,raw,nan,10.0,2.0,2.0,0.5152113416368393,0.7496285961055581,0.8302992625283845,0.0,nan,nan
92.0,raw,nan,11.0,2.0,3.0,0.547708709094132,0.60073133775466,0.7112835936070446,0.0,nan,nan
92.0,raw,nan,12.0,2.0,4.0,0.5222146066519364,0.7027179654288779,0.7112123660168312,0.0,nan,nan
92.0,raw,nan,13.0,2.0,5.0,0.5605779976836,0.4569216923826368,0.6256733686214778,0.0,nan,nan
92.0,raw,nan,14.0,2.0,6.0,0.5794919276301629,0.6555423775772676,0.6625593894602123,0.0,nan,nan
92.0,raw,nan,15.0,2.0,7.0,0.5664211864381684,0.8977272396792766,0.9136495198086448,0.0,nan,nan
92.0,raw,nan,16.0,2.0,8.0,0.5915400699798843,0.8523205940341131,0.9096913830021361,0.0,nan,nan
92.0,ppo,nan,0.0,0.0,0.0,0.4381825474072605,1.0,1.0,0.0,nan,nan
92.0,ppo,nan,1.0,1.0,1.0,0.44866935385097695,1.0,1.0,1.0,nan,nan
92.0,ppo,nan,2.0,1.0,2.0,0.46747987661699936,0.755709861430204,0.7615211057242197,1.0,nan,nan
92.0,ppo,nan,3.0,1.0,3.0,0.46905437241922215,0.8520754814770353,0.8468726110111622,1.0,nan,nan
92.0,ppo,nan,4.0,1.0,4.0,0.4800083393113934,0.8409103352578126,0.8133178047821911,1.0,nan,nan
92.0,ppo,nan,5.0,1.0,5.0,0.48278993635431877,0.9213015338769949,0.9292350284837864,1.0,nan,nan
92.0,ppo,nan,6.0,1.0,6.0,0.4973185391719755,0.8792186571341645,0.9098515636362206,1.0,nan,nan
92.0,ppo,nan,7.0,1.0,7.0,0.5013022698220166,0.8975363001591478,0.8868721285671503,1.0,nan,nan
92.0,ppo,nan,8.0,1.0,8.0,0.5198310338571003,0.9022710229022842,0.911992576082633,1.0,nan,nan
92.0,ppo,nan,9.0,2.0,1.0,0.5073142949987187,1.0,1.0,1.0,nan,nan
92.0,ppo,nan,10.0,2.0,2.0,0.49613214835187436,0.854719169844344,0.867897920441285,1.0,nan,nan
92.0,ppo,nan,11.0,2.0,3.0,0.5145797057519166,0.7993711555980475,0.8512124723292093,1.0,nan,nan
92.0,ppo,nan,12.0,2.0,4.0,0.5428409517109294,0.7875580988555265,0.8637156537824638,1.0,nan,nan
92.0,ppo,nan,13.0,2.0,5.0,0.520138075222244,0.8429828272080289,0.8611763340913865,1.0,nan,nan
92.0,ppo,nan,14.0,2.0,6.0,0.5426413096933506,0.7284816845906699,0.8186021883122956,1.0,nan,nan
92.0,ppo,nan,15.0,2.0,7.0,0.5603919127366516,0.7947957267554188,0.6426516156775505,1.0,nan,nan
92.0,ppo,nan,16.0,2.0,8.0,0.5403799326883708,0.8178408268286252,0.804887746576991,1.0,nan,nan
92.0,mse_oracle,nan,0.0,0.0,0.0,0.4381825474072605,1.0,1.0,0.0,nan,nan
92.0,mse_oracle,nan,1.0,1.0,1.0,0.44866935385097695,1.0,1.0,0.0,0.06706072794876566,0.06706072794876566
92.0,mse_oracle,nan,2.0,1.0,2.0,0.47114619291506993,0.755709861430204,0.7615211057242197,0.0,0.07385465293334822,0.07670609444114009
92.0,mse_oracle,nan,3.0,1.0,3.0,0.4783278073866682,0.7857047956338085,0.7574749997414458,0.0,0.0658125781828168,0.06798147546681019
92.0,mse_oracle,nan,4.0,1.0,4.0,0.4883386035366498,0.7696424862234745,0.6848196671224938,0.0,0.06512381988906736,0.06524796314253359
92.0,mse_oracle,nan,5.0,1.0,5.0,0.47965275811153146,0.7831180185712474,0.8488949109763283,1.0,0.06275298203589405,0.06053211641185266
92.0,mse_oracle,nan,6.0,1.0,6.0,0.4880370602000596,0.7076176057035487,0.7799161621522045,0.0,0.06578688071106048,0.06741433749640591
92.0,mse_oracle,nan,7.0,1.0,7.0,0.5224853177144403,0.71618920243278,0.7051362159054454,1.0,0.06616839445466469,0.06515153081073924
92.0,mse_oracle,nan,8.0,1.0,8.0,0.529529260704849,0.9066850718327836,0.9168406100105378,1.0,0.054168342185116666,0.04611451510021344
92.0,mse_oracle,nan,9.0,2.0,1.0,0.5163520782282552,1.0,1.0,0.0,0.07218984805309821,0.07218984805309821
92.0,mse_oracle,nan,10.0,2.0,2.0,0.5116604065144031,0.8496241570210573,0.863190377325547,0.0,0.085248109637939,0.08606060500220578
92.0,mse_oracle,nan,11.0,2.0,3.0,0.5396505929775455,0.732474938379878,0.7679844983669499,1.0,0.09100857034815754,0.09091285932529347
92.0,mse_oracle,nan,12.0,2.0,4.0,0.5647766781279918,0.8531550263967196,0.9032021527983742,1.0,0.07372710518844619,0.07247002525433319
92.0,mse_oracle,nan,13.0,2.0,5.0,0.5788443836824748,0.9159770038744202,0.9186393491617593,1.0,0.06827710223887395,0.06532478804327635
92.0,mse_oracle,nan,14.0,2.0,6.0,0.5794052132414885,0.9180569512067454,0.9381476388367898,1.0,0.06621331324779986,0.061544867998611114
92.0,mse_oracle,nan,15.0,2.0,7.0,0.5802283043996186,0.9427141980439293,0.9305909950608106,1.0,0.06184615456496624,0.05722154769209628
92.0,mse_oracle,nan,16.0,2.0,8.0,0.5789899078030604,0.8787063672660512,0.8456635097584695,1.0,0.06550966385300341,0.06116620874964834
93.0,raw,nan,0.0,0.0,0.0,0.4381825474072605,1.0,1.0,0.0,nan,nan
93.0,raw,nan,1.0,1.0,1.0,0.4280812915145676,1.0,1.0,0.0,nan,nan
93.0,raw,nan,2.0,1.0,2.0,0.41743615627881053,0.8430206729047873,0.8062643292904978,0.0,nan,nan
93.0,raw,nan,3.0,1.0,3.0,0.4593487053873375,0.6444012361347995,0.6541183720811904,0.0,nan,nan
93.0,raw,nan,4.0,1.0,4.0,0.4912898486143169,0.8011605088087186,0.8539623270834172,0.0,nan,nan
93.0,raw,nan,5.0,1.0,5.0,0.5063991459361871,0.8512220153273257,0.8781587131597239,0.0,nan,nan
93.0,raw,nan,6.0,1.0,6.0,0.523819378711079,0.8817553504276514,0.8884235044429654,0.0,nan,nan
93.0,raw,nan,7.0,1.0,7.0,0.5448581053230588,0.7913757437985167,0.7956905959075579,0.0,nan,nan
93.0,raw,nan,8.0,1.0,8.0,0.5471464519061063,0.8282385414882398,0.8393521634114135,0.0,nan,nan
93.0,raw,nan,9.0,2.0,1.0,0.541589255112937,1.0,1.0,0.0,nan,nan
93.0,raw,nan,10.0,2.0,2.0,0.5128413641554338,0.6383438189544859,0.695933869491357,0.0,nan,nan
93.0,raw,nan,11.0,2.0,3.0,0.535909075589087,0.4666497128172645,0.6392077232488792,0.0,nan,nan
93.0,raw,nan,12.0,2.0,4.0,0.42017461833034075,0.5340156162394457,0.4114075525228387,0.0,nan,nan
93.0,raw,nan,13.0,2.0,5.0,0.5308546645163983,0.3024281382557193,0.15876837019762952,0.0,nan,nan
93.0,raw,nan,14.0,2.0,6.0,0.5516140520596465,0.4596891629035318,0.8365104005231242,0.0,nan,nan
93.0,raw,nan,15.0,2.0,7.0,0.5702244630372456,0.5198577693217974,0.7261117202703479,0.0,nan,nan
93.0,raw,nan,16.0,2.0,8.0,0.5881895566791266,0.7769684306848207,0.8668753056574274,0.0,nan,nan
93.0,ppo,nan,0.0,0.0,0.0,0.4381825474072605,1.0,1.0,0.0,nan,nan
93.0,ppo,nan,1.0,1.0,1.0,0.4280812915145676,1.0,1.0,1.0,nan,nan
93.0,ppo,nan,2.0,1.0,2.0,0.4392657876833225,0.8430206729047873,0.8062643292904978,1.0,nan,nan
93.0,ppo,nan,3.0,1.0,3.0,0.4475503350538547,0.7358482375625779,0.7365087543027389,1.0,nan,nan
93.0,ppo,nan,4.0,1.0,4.0,0.49283915690871705,0.7979978905335077,0.8557087063878617,1.0,nan,nan
93.0,ppo,nan,5.0,1.0,5.0,0.5041726434235133,0.9438924039290818,0.9470159121350463,1.0,nan,nan
93.0,ppo,nan,6.0,1.0,6.0,0.5100357675743994,0.8930776626247999,0.8855059409627055,1.0,nan,nan
93.0,ppo,nan,7.0,1.0,7.0,0.5179000266194079,0.8516069668881809,0.8682723733273443,1.0,nan,nan
93.0,ppo,nan,8.0,1.0,8.0,0.5314719272951572,0.8772044801873182,0.8947597856700646,1.0,nan,nan
93.0,ppo,nan,9.0,2.0,1.0,0.5055502587222235,1.0,1.0,1.0,nan,nan
93.0,ppo,nan,10.0,2.0,2.0,0.5239136360018868,0.6388182733703537,0.6993147615937466,1.0,nan,nan
93.0,ppo,nan,11.0,2.0,3.0,0.529441551006176,0.6536226853062933,0.7304091069383521,1.0,nan,nan
93.0,ppo,nan,12.0,2.0,4.0,0.5431522299739088,0.7692131931023696,0.8019691870155783,1.0,nan,nan
93.0,ppo,nan,13.0,2.0,5.0,0.5672212598585045,0.8447284656975149,0.8258887371746406,1.0,nan,nan
93.0,ppo,nan,14.0,2.0,6.0,0.5742306021454038,0.9034050251542891,0.919383416291507,1.0,nan,nan
93.0,ppo,nan,15.0,2.0,7.0,0.5858262744974837,0.9306790156732931,0.9196667640383192,1.0,nan,nan
93.0,ppo,nan,16.0,2.0,8.0,0.585005016957164,0.9620351940333197,0.976041719451693,1.0,nan,nan
93.0,mse_oracle,nan,0.0,0.0,0.0,0.4381825474072605,1.0,1.0,0.0,nan,nan
93.0,mse_oracle,nan,1.0,1.0,1.0,0.4280812915145676,1.0,1.0,0.0,0.06706072794876566,0.06706072794876566
93.0,mse_oracle,nan,2.0,1.0,2.0,0.41743615627881053,0.8430206729047873,0.8062643292904978,0.0,0.07755210487876597,0.07985649540731483
93.0,mse_oracle,nan,3.0,1.0,3.0,0.4593487053873375,0.6444012361347995,0.6541183720811904,0.0,0.08784287652652945,0.09138247254788184
93.0,mse_oracle,nan,4.0,1.0,4.0,0.4923231639601221,0.8011605088087186,0.8539623270834172,1.0,0.07277119261700513,0.07133760132352131
93.0,mse_oracle,nan,5.0,1.0,5.0,0.5069177333234121,0.878391593157358,0.9008817536648555,0.0,0.060706471472618685,0.06187373231338197
93.0,mse_oracle,nan,6.0,1.0,6.0,0.5217782077746684,0.891013107727719,0.8880366734910624,1.0,0.058405505993165095,0.05369069425007203
93.0,mse_oracle,nan,7.0,1.0,7.0,0.5317516460887478,0.8701012518816822,0.8749919256270998,1.0,0.054789306570583715,0.04786013413342461
93.0,mse_oracle,nan,8.0,1.0,8.0,0.5291441822797698,0.9100384662912174,0.9144485795480763,1.0,0.05308293430777824,0.04351834904750045
93.0,mse_oracle,nan,9.0,2.0,1.0,0.5418114232595959,1.0,1.0,0.0,0.06950860309851173,0.06950860309851173
93.0,mse_oracle,nan,10.0,2.0,2.0,0.549827368846059,0.7946441921154905,0.851634551197117,1.0,0.10323053284749013,0.09944812812169442
93.0,mse_oracle,nan,11.0,2.0,3.0,0.5496396894285555,0.8158473450921233,0.8600885259652103,1.0,0.09170713800439129,0.08759296335151244
93.0,mse_oracle,nan,12.0,2.0,4.0,0.5621732868573215,0.883390307548514,0.8761282228048619,1.0,0.07936567268828561,0.07420405457381085
93.0,mse_oracle,nan,13.0,2.0,5.0,0.5460353565093216,0.9255729336595929,0.9222278287397782,1.0,0.07418188953663638,0.07232050509429092
93.0,mse_oracle,nan,14.0,2.0,6.0,0.5507715095452348,0.9258796098079857,0.9418548886097104,1.0,0.06745810711580087,0.061387634903017865
93.0,mse_oracle,nan,15.0,2.0,7.0,0.5356679853173304,0.9210567071216366,0.9382395308845162,1.0,0.06901743328282557,0.0601710838786439
93.0,mse_oracle,nan,16.0,2.0,8.0,0.5790126409903463,0.7420506694418217,0.780989001624859,1.0,0.09463713934169372,0.08834517952125213
94.0,raw,nan,0.0,0.0,0.0,0.4381825474072605,1.0,1.0,0.0,nan,nan
94.0,raw,nan,1.0,1.0,1.0,0.41849203239127075,1.0,1.0,0.0,nan,nan
94.0,raw,nan,2.0,1.0,2.0,0.4121026502381512,0.7376369852568317,0.7358943851761014,0.0,nan,nan
94.0,raw,nan,3.0,1.0,3.0,0.42869246620918744,0.5260626415351111,0.6739842835865236,0.0,nan,nan
94.0,raw,nan,4.0,1.0,4.0,0.438169443508984,0.5639284287017586,0.6461051020234602,0.0,nan,nan
94.0,raw,nan,5.0,1.0,5.0,0.46015531132931314,0.5010084684604575,0.5781924584303975,0.0,nan,nan
94.0,raw,nan,6.0,1.0,6.0,0.48169028604055664,0.5701156794920467,0.753784142432181,0.0,nan,nan
94.0,raw,nan,7.0,1.0,7.0,0.5227944529325097,0.6164337960951181,0.605566524973004,0.0,nan,nan
94.0,raw,nan,8.0,1.0,8.0,0.5121591951468273,0.723850244296123,0.6711455002519189,0.0,nan,nan
94.0,raw,nan,9.0,2.0,1.0,0.5391729784382016,1.0,1.0,0.0,nan,nan
94.0,raw,nan,10.0,2.0,2.0,0.5366890864953251,0.9213094520700285,0.9354834719742784,0.0,nan,nan
94.0,raw,nan,11.0,2.0,3.0,0.5472763777733568,0.8449058341568118,0.8955063449400646,0.0,nan,nan
94.0,raw,nan,12.0,2.0,4.0,0.5706223147621103,0.6173146573452761,0.6932767921764014,0.0,nan,nan
94.0,raw,nan,13.0,2.0,5.0,0.5672808082367723,0.5547620121697221,0.6174589324188574,0.0,nan,nan
94.0,raw,nan,14.0,2.0,6.0,0.5652914698753007,0.47362552658434515,0.5164375983952147,0.0,nan,nan
94.0,raw,nan,15.0,2.0,7.0,0.5834134739189027,0.49596710423625445,0.686777153317814,0.0,nan,nan
94.0,raw,nan,16.0,2.0,8.0,0.4169255644794326,0.4892748809125519,0.37727977280167907,0.0,nan,nan
94.0,ppo,nan,0.0,0.0,0.0,0.4381825474072605,1.0,1.0,0.0,nan,nan
94.0,ppo,nan,1.0,1.0,1.0,0.41849203239127075,1.0,1.0,1.0,nan,nan
94.0,ppo,nan,2.0,1.0,2.0,0.43595681191532165,0.7376369852568317,0.7358943851761014,1.0,nan,nan
94.0,ppo,nan,3.0,1.0,3.0,0.45194132426718087,0.6500965270827666,0.7606771624413147,1.0,nan,nan
94.0,ppo,nan,4.0,1.0,4.0,0.4693152551376669,0.7089804841377259,0.6923069929552954,1.0,nan,nan
94.0,ppo,nan,5.0,1.0,5.0,0.49356701243701534,0.7910240235679817,0.7930096522772527,1.0,nan,nan
94.0,ppo,nan,6.0,1.0,6.0,0.5033548827551918,0.8730805504009622,0.8451421907781826,1.0,nan,nan
94.0,ppo,nan,7.0,1.0,7.0,0.5025159469537975,0.8877060388534153,0.8812109445248785,1.0,nan,nan
94.0,ppo,nan,8.0,1.0,8.0,0.5078638886052926,0.8142938057608051,0.803773712596607,1.0,nan,nan
94.0,ppo,nan,9.0,2.0,1.0,0.5133318065982747,1.0,1.0,1.0,nan,nan
94.0,ppo,nan,10.0,2.0,2.0,0.5225417355213561,0.8487943935734082,0.7984013543368271,1.0,nan,nan
94.0,ppo,nan,11.0,2.0,3.0,0.5183737833019635,0.8665506891805307,0.8281148612475118,1.0,nan,nan
94.0,ppo,nan,12.0,2.0,4.0,0.5498999965688899,0.9038837151980473,0.9127884119053928,1.0,nan,nan
94.0,ppo,nan,13.0,2.0,5.0,0.5448937713736842,0.8137093565253292,0.8682074316731223,1.0,nan,nan
94.0,ppo,nan,14.0,2.0,6.0,0.531763025499068,0.7741716688508962,0.7473688019394563,1.0,nan,nan
94.0,ppo,nan,15.0,2.0,7.0,0.5430639377501342,0.7584666095060006,0.8584139239412019,1.0,nan,nan
94.0,ppo,nan,16.0,2.0,8.0,0.554016026305693,0.8117363440809664,0.7074542584418907,1.0,nan,nan
94.0,mse_oracle,nan,0.0,0.0,0.0,0.4381825474072605,1.0,1.0,0.0,nan,nan
94.0,mse_oracle,nan,1.0,1.0,1.0,0.41849203239127075,1.0,1.0,0.0,0.06706072794876566,0.06706072794876566
94.0,mse_oracle,nan,2.0,1.0,2.0,0.43595681191532165,0.7376369852568317,0.7358943851761014,1.0,0.08373508720603695,0.0805136418292725
94.0,mse_oracle,nan,3.0,1.0,3.0,0.45194132426718087,0.6500965270827666,0.7606771624413147,1.0,0.08576086994641895,0.08488870262709314
94.0,mse_oracle,nan,4.0,1.0,4.0,0.4693152551376669,0.7089804841377259,0.6923069929552954,1.0,0.07390952437539604,0.07384483518425977
94.0,mse_oracle,nan,5.0,1.0,5.0,0.49356701243701534,0.7910240235679817,0.7930096522772527,1.0,0.0710065363187724,0.0698259297948315
94.0,mse_oracle,nan,6.0,1.0,6.0,0.5033548827551918,0.8730805504009622,0.8451421907781826,1.0,0.06217184366502464,0.06188452815904356
94.0,mse_oracle,nan,7.0,1.0,7.0,0.5025159469537975,0.8877060388534153,0.8812109445248785,1.0,0.058720134350931895,0.057812558959676755
94.0,mse_oracle,nan,8.0,1.0,8.0,0.5078638886052926,0.8142938057608051,0.803773712596607,1.0,0.06278692325570838,0.056438152502041275
94.0,mse_oracle,nan,9.0,2.0,1.0,0.5133318065982747,1.0,1.0,0.0,0.0672136671124445,0.0672136671124445
94.0,mse_oracle,nan,10.0,2.0,2.0,0.5225417355213561,0.8487943935734082,0.7984013543368271,1.0,0.08452315471582288,0.08159840644386221
94.0,mse_oracle,nan,11.0,2.0,3.0,0.5370103323400723,0.8665506891805307,0.8281148612475118,0.0,0.08189518984200148,0.08254661542092137
94.0,mse_oracle,nan,12.0,2.0,4.0,0.5596412109100422,0.8601356745568901,0.8982040804687348,1.0,0.08169691322326458,0.07793502745767338
94.0,mse_oracle,nan,13.0,2.0,5.0,0.5546918403661788,0.7844112954690066,0.84813064437014,1.0,0.09220910841393573,0.08488037895583367
94.0,mse_oracle,nan,14.0,2.0,6.0,0.542243675299654,0.7558501385063437,0.7393458945205338,1.0,0.09571715838966224,0.08581790357672182
94.0,mse_oracle,nan,15.0,2.0,7.0,0.5481997162840009,0.7438915874825356,0.8569495590110701,1.0,0.10013859027274978,0.09156812008735946
94.0,mse_oracle,nan,16.0,2.0,8.0,0.5537627340492559,0.8105485315955705,0.7040698396915793,1.0,0.07579953743981802,0.0615217521836338
95.0,raw,nan,0.0,0.0,0.0,0.4381825474072605,1.0,1.0,0.0,nan,nan
95.0,raw,nan,1.0,1.0,1.0,0.4281252485001688,1.0,1.0,0.0,nan,nan
95.0,raw,nan,2.0,1.0,2.0,0.4624342417162996,0.7403090500413589,0.7710283996117964,0.0,nan,nan
95.0,raw,nan,3.0,1.0,3.0,0.4679377507160829,0.8144612721085279,0.8248341379020493,0.0,nan,nan
95.0,raw,nan,4.0,1.0,4.0,0.4688626810893874,0.7727841038198482,0.8322056816893162,0.0,nan,nan
95.0,raw,nan,5.0,1.0,5.0,0.49578335138572466,0.7577795423703547,0.7864621033070766,0.0,nan,nan
95.0,raw,nan,6.0,1.0,6.0,0.5261558504982367,0.7788695693613262,0.7969334139853389,0.0,nan,nan
95.0,raw,nan,7.0,1.0,7.0,0.5438691970518149,0.818932753465809,0.8011018686265573,0.0,nan,nan
95.0,raw,nan,8.0,1.0,8.0,0.5515450324326362,0.8047754720343276,0.841844761807938,0.0,nan,nan
95.0,raw,nan,9.0,2.0,1.0,0.5705577078355827,1.0,1.0,0.0,nan,nan
95.0,raw,nan,10.0,2.0,2.0,0.57637079339677,0.9252153967357195,0.9429138992629813,0.0,nan,nan
95.0,raw,nan,11.0,2.0,3.0,0.5689709196016539,0.8992612863294683,0.9338980700780458,0.0,nan,nan
95.0,raw,nan,12.0,2.0,4.0,0.5927778348420576,0.7659155481261563,0.7184866835167217,0.0,nan,nan
95.0,raw,nan,13.0,2.0,5.0,0.5645716423169521,0.8420830006006182,0.8671389267249394,0.0,nan,nan
95.0,raw,nan,14.0,2.0,6.0,0.5688094920515083,0.6763240776652651,0.574064819231511,0.0,nan,nan
95.0,raw,nan,15.0,2.0,7.0,0.5722681774296899,0.730667447096362,0.5968994651369555,0.0,nan,nan
95.0,raw,nan,16.0,2.0,8.0,0.5458008539846055,0.5952899349759565,0.7052850295512566,0.0,nan,nan
95.0,ppo,nan,0.0,0.0,0.0,0.4381825474072605,1.0,1.0,0.0,nan,nan
95.0,ppo,nan,1.0,1.0,1.0,0.4281252485001688,1.0,1.0,1.0,nan,nan
95.0,ppo,nan,2.0,1.0,2.0,0.45598473460842776,0.7403090500413589,0.7710283996117964,1.0,nan,nan
95.0,ppo,nan,3.0,1.0,3.0,0.4685447112294148,0.7906531703090589,0.7898486300500308,1.0,nan,nan
95.0,ppo,nan,4.0,1.0,4.0,0.455028174535464,0.8844621757021975,0.9047694592148519,1.0,nan,nan
95.0,ppo,nan,5.0,1.0,5.0,0.44995571549053326,0.8102946366731607,0.8354254164654782,1.0,nan,nan
95.0,ppo,nan,6.0,1.0,6.0,0.5042168515331489,0.6933247806736929,0.7250175032055478,1.0,nan,nan
95.0,ppo,nan,7.0,1.0,7.0,0.5063610527331018,0.8395168535744506,0.8464320917902106,1.0,nan,nan
95.0,ppo,nan,8.0,1.0,8.0,0.5082665935036419,0.7832681133223168,0.8122287157751474,1.0,nan,nan
95.0,ppo,nan,9.0,2.0,1.0,0.534690715825121,1.0,1.0,1.0,nan,nan
95.0,ppo,nan,10.0,2.0,2.0,0.4974552627014897,0.8619324388319882,0.826349133878637,1.0,nan,nan
95.0,ppo,nan,11.0,2.0,3.0,0.5294062036183299,0.9248689226141291,0.945388998819633,1.0,nan,nan
95.0,ppo,nan,12.0,2.0,4.0,0.528574983387707,0.8881696915993813,0.8699819587912403,1.0,nan,nan
95.0,ppo,nan,13.0,2.0,5.0,0.5107561795399727,0.8411339465869941,0.7998685926119334,1.0,nan,nan
95.0,ppo,nan,14.0,2.0,6.0,0.5573155558727035,0.6865680357059659,0.639767160295561,1.0,nan,nan
95.0,ppo,nan,15.0,2.0,7.0,0.5626579388550313,0.8268114432494343,0.7921430616841271,1.0,nan,nan
95.0,ppo,nan,16.0,2.0,8.0,0.5507108113104572,0.796599724145149,0.7755469862470267,1.0,nan,nan
95.0,mse_oracle,nan,0.0,0.0,0.0,0.4381825474072605,1.0,1.0,0.0,nan,nan
95.0,mse_oracle,nan,1.0,1.0,1.0,0.4281252485001688,1.0,1.0,0.0,0.06706072794876566,0.06706072794876566
95.0,mse_oracle,nan,2.0,1.0,2.0,0.4624342417162996,0.7403090500413589,0.7710283996117964,0.0,0.07883253155434769,0.08300067966511585
95.0,mse_oracle,nan,3.0,1.0,3.0,0.4679377507160829,0.8144612721085279,0.8248341379020493,0.0,0.07038021150109755,0.07527455062676422
95.0,mse_oracle,nan,4.0,1.0,4.0,0.4688626810893874,0.7727841038198482,0.8322056816893162,0.0,0.07141813942266144,0.07665423968837703
95.0,mse_oracle,nan,5.0,1.0,5.0,0.4939013513891479,0.7577795423703547,0.7864621033070766,1.0,0.0737928078192844,0.07255305911437443
95.0,mse_oracle,nan,6.0,1.0,6.0,0.522027291815073,0.8289693938030449,0.8350349712458192,1.0,0.06316336929385004,0.06106756906772636
95.0,mse_oracle,nan,7.0,1.0,7.0,0.5242847125386004,0.9014221720184613,0.9025751817661151,1.0,0.054032805099446336,0.05350405111877968
95.0,mse_oracle,nan,8.0,1.0,8.0,0.5328177756537146,0.8932155568388663,0.8769213190907138,1.0,0.05533523852586582,0.0529368537224891
95.0,mse_oracle,nan,9.0,2.0,1.0,0.5383809769611092,1.0,1.0,0.0,0.07200121823503709,0.07200121823503709
95.0,mse_oracle,nan,10.0,2.0,2.0,0.5180206474987615,0.8973592740592294,0.9255123271629113,1.0,0.08081993599516932,0.0768839540801461
95.0,mse_oracle,nan,11.0,2.0,3.0,0.535873114441394,0.88643015190117,0.9343375494289436,1.0,0.08094153540059054,0.07831552313069219
95.0,mse_oracle,nan,12.0,2.0,4.0,0.5449587223603597,0.8622347550647189,0.8618617248513193,1.0,0.0738382645595222,0.07139553211535979
95.0,mse_oracle,nan,13.0,2.0,5.0,0.5542623190029277,0.848414930626335,0.7779368522704296,1.0,0.08444748853631852,0.08361594020998392
95.0,mse_oracle,nan,14.0,2.0,6.0,0.5642431995759086,0.8543137479158474,0.8265346810932723,1.0,0.06922623366527358,0.06516171476386706
95.0,mse_oracle,nan,15.0,2.0,7.0,0.5716824266821062,0.843174097616276,0.8031779944893966,1.0,0.0713663305566859,0.06374726685273861
95.0,mse_oracle,nan,16.0,2.0,8.0,0.5632075306258125,0.7827786419676915,0.8177772351713886,1.0,0.07176202545921956,0.06598025416571265
96.0,raw,nan,0.0,0.0,0.0,0.4381825474072605,1.0,1.0,0.0,nan,nan
96.0,raw,nan,1.0,1.0,1.0,0.4500597356959889,1.0,1.0,0.0,nan,nan
96.0,raw,nan,2.0,1.0,2.0,0.44457976741727184,0.8783715544192522,0.9293554780285089,0.0,nan,nan
96.0,raw,nan,3.0,1.0,3.0,0.42668059262572183,0.76584869510866,0.7713341654744649,0.0,nan,nan
96.0,raw,nan,4.0,1.0,4.0,0.42745897773627767,0.6891149088987188,0.7299145024145157,0.0,nan,nan
96.0,raw,nan,5.0,1.0,5.0,0.41890460440979876,0.5473128460408011,0.7348156192647636,0.0,nan,nan
96.0,raw,nan,6.0,1.0,6.0,0.4607237523133563,0.4947276462348177,0.42467208779045584,0.0,nan,nan
96.0,raw,nan,7.0,1.0,7.0,0.49639904861315537,0.6729520695939281,0.6868786409501662,0.0,nan,nan
96.0,raw,nan,8.0,1.0,8.0,0.5251874786674542,0.6065694038001214,0.6373473651466378,0.0,nan,nan
96.0,raw,nan,9.0,2.0,1.0,0.5365543781837601,1.0,1.0,0.0,nan,nan
96.0,raw,nan,10.0,2.0,2.0,0.5485789158239422,0.7384871894703594,0.7815910774553125,0.0,nan,nan
96.0,raw,nan,11.0,2.0,3.0,0.4985136586577918,0.7299179804957067,0.810691276516717,0.0,nan,nan
96.0,raw,nan,12.0,2.0,4.0,0.5061957957126902,0.5915367117949637,0.6710473822271112,0.0,nan,nan
96.0,raw,nan,13.0,2.0,5.0,0.5664568126273292,0.4359215521685224,0.16973342852112172,0.0,nan,nan
96.0,raw,nan,14.0,2.0,6.0,0.5489254829171545,0.6550082846142584,0.6353588555859999,0.0,nan,nan
96.0,raw,nan,15.0,2.0,7.0,0.5452952241966457,0.655899881984021,0.6572089639493728,0.0,nan,nan
96.0,raw,nan,16.0,2.0,8.0,0.558307363324146,0.3464602902535939,0.7189628527784149,0.0,nan,nan
96.0,ppo,nan,0.0,0.0,0.0,0.4381825474072605,1.0,1.0,0.0,nan,nan
96.0,ppo,nan,1.0,1.0,1.0,0.4500597356959889,1.0,1.0,1.0,nan,nan
96.0,ppo,nan,2.0,1.0,2.0,0.4545507468891072,0.8783715544192522,0.9293554780285089,1.0,nan,nan
96.0,ppo,nan,3.0,1.0,3.0,0.44341067634407244,0.9073902952099491,0.9221251977694651,1.0,nan,nan
96.0,ppo,nan,4.0,1.0,4.0,0.4547590291333047,0.8284510852269741,0.8475736397757854,1.0,nan,nan
96.0,ppo,nan,5.0,1.0,5.0,0.4597888845850518,0.7279379892317279,0.7182939090995277,1.0,nan,nan
96.0,ppo,nan,6.0,1.0,6.0,0.4669402936226464,0.8284063387271671,0.8171738704876889,1.0,nan,nan
96.0,ppo,nan,7.0,1.0,7.0,0.5010582968074123,0.7207510755397046,0.7463145131804093,1.0,nan,nan
96.0,ppo,nan,8.0,1.0,8.0,0.516155873333663,0.7490639943880587,0.780620816521571,1.0,nan,nan
96.0,ppo,nan,9.0,2.0,1.0,0.509453088958695,1.0,1.0,1.0,nan,nan
96.0,ppo,nan,10.0,2.0,2.0,0.5220702904208129,0.7533831404689876,0.7125735042331867,1.0,nan,nan
96.0,ppo,nan,11.0,2.0,3.0,0.516819871087216,0.8593364693348965,0.8570516695182898,1.0,nan,nan
96.0,ppo,nan,12.0,2.0,4.0,0.528137281786133,0.7243577109009662,0.7615968479445749,1.0,nan,nan
96.0,ppo,nan,13.0,2.0,5.0,0.5293421888190154,0.7642499315354356,0.7628993966927423,1.0,nan,nan
96.0,ppo,nan,14.0,2.0,6.0,0.5426783953517775,0.6489680301002189,0.6807210307239994,1.0,nan,nan
96.0,ppo,nan,15.0,2.0,7.0,0.5464323876759134,0.7605533373603682,0.7636390103263586,1.0,nan,nan
96.0,ppo,nan,16.0,2.0,8.0,0.5251921705889367,0.819462043140479,0.8581187250048624,1.0,nan,nan
96.0,mse_oracle,nan,0.0,0.0,0.0,0.4381825474072605,1.0,1.0,0.0,nan,nan
96.0,mse_oracle,nan,1.0,1.0,1.0,0.4500597356959889,1.0,1.0,0.0,0.06706072794876566,0.06706072794876566
96.0,mse_oracle,nan,2.0,1.0,2.0,0.44457976741727184,0.8783715544192522,0.9293554780285089,0.0,0.06909485761534141,0.07350575447557277
96.0,mse_oracle,nan,3.0,1.0,3.0,0.42668059262572183,0.76584869510866,0.7713341654744649,0.0,0.07663376298827326,0.08091332033691012
96.0,mse_oracle,nan,4.0,1.0,4.0,0.44570400834678614,0.6891149088987188,0.7299145024145157,1.0,0.08544488142733392,0.08501636882299679
96.0,mse_oracle,nan,5.0,1.0,5.0,0.430207392897096,0.7197288149337326,0.8181575639562704,0.0,0.07999231682669992,0.08040005600735099
96.0,mse_oracle,nan,6.0,1.0,6.0,0.4693652748413058,0.5985618538381898,0.5464669273981446,1.0,0.09275926876893055,0.08857620979801073
96.0,mse_oracle,nan,7.0,1.0,7.0,0.49287545758478524,0.6907705392669439,0.7344487756065752,1.0,0.06963236172659276,0.06675135823287139
96.0,mse_oracle,nan,8.0,1.0,8.0,0.5150568144536785,0.6604696987268175,0.7289247073244269,1.0,0.06913266747245325,0.06671660879859599
96.0,mse_oracle,nan,9.0,2.0,1.0,0.49998062726525766,1.0,1.0,0.0,0.06809328352271618,0.06809328352271618
96.0,mse_oracle,nan,10.0,2.0,2.0,0.5253998317307439,0.6936155423289121,0.6669620861929499,1.0,0.09761437107292004,0.09299175135900134
96.0,mse_oracle,nan,11.0,2.0,3.0,0.48852851369759676,0.8302096592169094,0.8675113955659293,1.0,0.07640753447261019,0.07142526276584103
96.0,mse_oracle,nan,12.0,2.0,4.0,0.5151123769105095,0.6929814712601385,0.6923490085678604,1.0,0.0891345602831397,0.0836793745751763
96.0,mse_oracle,nan,13.0,2.0,5.0,0.4927572191729322,0.7153882165661538,0.7851071846081367,1.0,0.0944558963461254,0.0881420240061753
96.0,mse_oracle,nan,14.0,2.0,6.0,0.5059718398349726,0.6661582718086622,0.7836083782288935,1.0,0.10666284218284419,0.09915889191989952
96.0,mse_oracle,nan,15.0,2.0,7.0,0.544657187047662,0.7793812749258925,0.7843066163772109,1.0,0.07586006533396178,0.07203555741712428
96.0,mse_oracle,nan,16.0,2.0,8.0,0.5483096827446271,0.8262276446940452,0.8453481470271547,1.0,0.07397421777318218,0.0663561897225846
97.0,raw,nan,0.0,0.0,0.0,0.4381825474072605,1.0,1.0,0.0,nan,nan
97.0,raw,nan,1.0,1.0,1.0,0.45616199906206545,1.0,1.0,0.0,nan,nan
97.0,raw,nan,2.0,1.0,2.0,0.4496781973628501,0.9422700083835975,0.9314064820020965,0.0,nan,nan
97.0,raw,nan,3.0,1.0,3.0,0.45858938949272005,0.757224830142892,0.8163227709864455,0.0,nan,nan
97.0,raw,nan,4.0,1.0,4.0,0.47035903024659215,0.7240353701969128,0.7059714357375507,0.0,nan,nan
97.0,raw,nan,5.0,1.0,5.0,0.48830945822290167,0.7389641578024988,0.7412261278767509,0.0,nan,nan
97.0,raw,nan,6.0,1.0,6.0,0.5098757766420945,0.7326028551116848,0.7183578122589646,0.0,nan,nan
97.0,raw,nan,7.0,1.0,7.0,0.5411333397545542,0.7776842162181533,0.653537330354972,0.0,nan,nan
97.0,raw,nan,8.0,1.0,8.0,0.5407721617927114,0.8746585948747083,0.830632919838381,0.0,nan,nan
97.0,raw,nan,9.0,2.0,1.0,0.5295937000154194,1.0,1.0,0.0,nan,nan
97.0,raw,nan,10.0,2.0,2.0,0.5441891051683971,0.7072883392851705,0.7371759141569754,0.0,nan,nan
97.0,raw,nan,11.0,2.0,3.0,0.5259452640565564,0.6192023621244782,0.7510725286970467,0.0,nan,nan
97.0,raw,nan,12.0,2.0,4.0,0.5673130660145108,0.34571519521859073,0.2858592240315175,0.0,nan,nan
97.0,raw,nan,13.0,2.0,5.0,0.5913269099752586,0.7387347973389051,0.7605670539258922,0.0,nan,nan
97.0,raw,nan,14.0,2.0,6.0,0.5904454081154705,0.8148076430127925,0.8975366405855421,0.0,nan,nan
97.0,raw,nan,15.0,2.0,7.0,0.5617548798911493,0.6358031106058486,0.6699545594362766,0.0,nan,nan
97.0,raw,nan,16.0,2.0,8.0,0.5635930286390168,0.6401403223567167,0.7647782932813553,0.0,nan,nan
97.0,ppo,nan,0.0,0.0,0.0,0.4381825474072605,1.0,1.0,0.0,nan,nan
97.0,ppo,nan,1.0,1.0,1.0,0.45616199906206545,1.0,1.0,1.0,nan,nan
97.0,ppo,nan,2.0,1.0,2.0,0.4472174389988749,0.9422700083835975,0.9314064820020965,1.0,nan,nan
97.0,ppo,nan,3.0,1.0,3.0,0.4546570448679655,0.8100636058017582,0.8703404564213565,1.0,nan,nan
97.0,ppo,nan,4.0,1.0,4.0,0.4724668913776293,0.806287025613057,0.7981544022253299,1.0,nan,nan
97.0,ppo,nan,5.0,1.0,5.0,0.4884801470311621,0.8718196889264004,0.9031919652763332,1.0,nan,nan
97.0,ppo,nan,6.0,1.0,6.0,0.4781249670006471,0.9252000783038106,0.933846794083437,1.0,nan,nan
97.0,ppo,nan,7.0,1.0,7.0,0.49665924015198915,0.8424632351438573,0.8435625406151416,1.0,nan,nan
97.0,ppo,nan,8.0,1.0,8.0,0.5201023638301808,0.8075953240878867,0.7549200673647558,1.0,nan,nan
97.0,ppo,nan,9.0,2.0,1.0,0.5190893833037376,1.0,1.0,1.0,nan,nan
97.0,ppo,nan,10.0,2.0,2.0,0.527307421955193,0.7609096628821066,0.743085774762491,1.0,nan,nan
97.0,ppo,nan,11.0,2.0,3.0,0.491563815513067,0.7687329242745871,0.7439098768614212,1.0,nan,nan
97.0,ppo,nan,12.0,2.0,4.0,0.4846367741168188,0.6546053759396672,0.7285070769069415,1.0,nan,nan
97.0,ppo,nan,13.0,2.0,5.0,0.5151625264116364,0.5596194909190851,0.6286729462751107,1.0,nan,nan
97.0,ppo,nan,14.0,2.0,6.0,0.5324026754148452,0.6374400636687756,0.7534202506942878,1.0,nan,nan
97.0,ppo,nan,15.0,2.0,7.0,0.5049464395909254,0.6983815550275226,0.7214729492393382,1.0,nan,nan
97.0,ppo,nan,16.0,2.0,8.0,0.553279320236913,0.5226078347158947,0.5050980562863872,1.0,nan,nan
97.0,mse_oracle,nan,0.0,0.0,0.0,0.4381825474072605,1.0,1.0,0.0,nan,nan
97.0,mse_oracle,nan,1.0,1.0,1.0,0.45616199906206545,1.0,1.0,0.0,0.06706072794876566,0.06706072794876566
97.0,mse_oracle,nan,2.0,1.0,2.0,0.4472174389988749,0.9422700083835975,0.9314064820020965,1.0,0.06523665060965747,0.06517105363489638
97.0,mse_oracle,nan,3.0,1.0,3.0,0.4556831933102277,0.8100636058017582,0.8703404564213565,0.0,0.07169335043802408,0.07643461267835676
97.0,mse_oracle,nan,4.0,1.0,4.0,0.46986589586762567,0.764090887543937,0.7510689491274782,0.0,0.07197440886419683,0.07490526213320371
97.0,mse_oracle,nan,5.0,1.0,5.0,0.48199922205419554,0.7713032227367744,0.7865042918818135,0.0,0.0674640857261626,0.06912932345376888
97.0,mse_oracle,nan,6.0,1.0,6.0,0.5064768885891937,0.7250023712779177,0.7236954201290324,0.0,0.06616505226942342,0.06678540831037492
97.0,mse_oracle,nan,7.0,1.0,7.0,0.534314667481571,0.7941340885420486,0.6889307812110276,0.0,0.06023035788266027,0.0604660380324956
97.0,mse_oracle,nan,8.0,1.0,8.0,0.5410043536352765,0.8651434804289384,0.8243865801543844,1.0,0.05226395070077104,0.049805227360503024
97.0,mse_oracle,nan,9.0,2.0,1.0,0.518844907213711,1.0,1.0,0.0,0.07269010190468317,0.07269010190468317
97.0,mse_oracle,nan,10.0,2.0,2.0,0.5480449270521477,0.7423503254453855,0.7989316912450601,1.0,0.09406339100113055,0.09159038407911184
97.0,mse_oracle,nan,11.0,2.0,3.0,0.553289136708898,0.8090521822127009,0.8827869846901915,1.0,0.08433562443145379,0.08282564646952686
97.0,mse_oracle,nan,12.0,2.0,4.0,0.566981701607384,0.8431642794500982,0.8523863427301972,1.0,0.08217258709977446,0.07876086922470829
97.0,mse_oracle,nan,13.0,2.0,5.0,0.5813468271165435,0.9164117178672191,0.8867319465090605,1.0,0.07156317603881533,0.06748232154101552
97.0,mse_oracle,nan,14.0,2.0,6.0,0.5844062113378705,0.9083493305158746,0.9163729461072752,1.0,0.062253921353567096,0.05815934647347101
97.0,mse_oracle,nan,15.0,2.0,7.0,0.5911460601708353,0.9427854330137777,0.9165706663564345,1.0,0.05959825892823023,0.05481330135039179
97.0,mse_oracle,nan,16.0,2.0,8.0,0.5856579263587861,0.8446529573741716,0.792416205305836,1.0,0.056260342378146797,0.04880228994559539
98.0,raw,nan,0.0,0.0,0.0,0.4381825474072605,1.0,1.0,0.0,nan,nan
98.0,raw,nan,1.0,1.0,1.0,0.4393938907544145,1.0,1.0,0.0,nan,nan
98.0,raw,nan,2.0,1.0,2.0,0.4323960295460676,0.8560515470521992,0.8784803302655353,0.0,nan,nan
98.0,raw,nan,3.0,1.0,3.0,0.4537170689057593,0.7541127458192326,0.7909574188000343,0.0,nan,nan
98.0,raw,nan,4.0,1.0,4.0,0.45201485018523807,0.7311476476979578,0.8100171369534587,0.0,nan,nan
98.0,raw,nan,5.0,1.0,5.0,0.4870108560657203,0.6332118899684417,0.6120889529731084,0.0,nan,nan
98.0,raw,nan,6.0,1.0,6.0,0.47868104476791373,0.7536657093312152,0.7483878039840529,0.0,nan,nan
98.0,raw,nan,7.0,1.0,7.0,0.4971274258574861,0.6495216174241409,0.7222509485812071,0.0,nan,nan
98.0,raw,nan,8.0,1.0,8.0,0.4962785838319444,0.6686449875886187,0.6128342640043865,0.0,nan,nan
98.0,raw,nan,9.0,2.0,1.0,0.5339983068628888,1.0,1.0,0.0,nan,nan
98.0,raw,nan,10.0,2.0,2.0,0.5347829599151669,0.8884112115567646,0.9577811231556718,0.0,nan,nan
98.0,raw,nan,11.0,2.0,3.0,0.49651134169495464,0.793581161326639,0.5877878302728625,0.0,nan,nan
98.0,raw,nan,12.0,2.0,4.0,0.5318047160812754,0.7867968449646253,0.8270203848036634,0.0,nan,nan
98.0,raw,nan,13.0,2.0,5.0,0.5267718646444289,0.6256515307332393,0.7421481801505011,0.0,nan,nan
98.0,raw,nan,14.0,2.0,6.0,0.5240159132086996,0.5694233816960322,0.7218412877262159,0.0,nan,nan
98.0,raw,nan,15.0,2.0,7.0,0.5203122662552804,0.2182217436319823,0.7036032908822556,0.0,nan,nan
98.0,raw,nan,16.0,2.0,8.0,0.4992337667388265,0.20182504389141784,0.5483078807242021,0.0,nan,nan
98.0,ppo,nan,0.0,0.0,0.0,0.4381825474072605,1.0,1.0,0.0,nan,nan
98.0,ppo,nan,1.0,1.0,1.0,0.4393938907544145,1.0,1.0,1.0,nan,nan
98.0,ppo,nan,2.0,1.0,2.0,0.4378304470322401,0.8560515470521992,0.8784803302655353,1.0,nan,nan
98.0,ppo,nan,3.0,1.0,3.0,0.46786692744853864,0.7895942796867964,0.8454181392562964,1.0,nan,nan
98.0,ppo,nan,4.0,1.0,4.0,0.4620273313555264,0.845899794000334,0.8862987046926161,1.0,nan,nan
98.0,ppo,nan,5.0,1.0,5.0,0.4586278798324477,0.8251038754116659,0.7838544302691299,1.0,nan,nan
98.0,ppo,nan,6.0,1.0,6.0,0.4615190515636016,0.6900392246752676,0.774524000032697,1.0,nan,nan
98.0,ppo,nan,7.0,1.0,7.0,0.49828789587944167,0.6356911742122278,0.732955528715249,1.0,nan,nan
98.0,ppo,nan,8.0,1.0,8.0,0.5074076394191441,0.8053541299079001,0.8427677495473618,1.0,nan,nan
98.0,ppo,nan,9.0,2.0,1.0,0.5163627669161173,1.0,1.0,1.0,nan,nan
98.0,ppo,nan,10.0,2.0,2.0,0.5096588773832722,0.8421049119027809,0.9068123842958948,1.0,nan,nan
98.0,ppo,nan,11.0,2.0,3.0,0.527676460042735,0.7929924746114142,0.8363619228599773,1.0,nan,nan
98.0,ppo,nan,12.0,2.0,4.0,0.49830904264774106,0.7810219048770369,0.8292163394699692,1.0,nan,nan
98.0,ppo,nan,13.0,2.0,5.0,0.5210702500591012,0.8308695198043119,0.9060342330014869,1.0,nan,nan
98.0,ppo,nan,14.0,2.0,6.0,0.5459128964501818,0.9107423942493376,0.897988410086271,1.0,nan,nan
98.0,ppo,nan,15.0,2.0,7.0,0.548718177439198,0.8517626375161224,0.908499134075139,1.0,nan,nan
98.0,ppo,nan,16.0,2.0,8.0,0.5665589909734681,0.8691698057933309,0.8750793616529061,1.0,nan,nan
98.0,mse_oracle,nan,0.0,0.0,0.0,0.4381825474072605,1.0,1.0,0.0,nan,nan
98.0,mse_oracle,nan,1.0,1.0,1.0,0.4393938907544145,1.0,1.0,0.0,0.06706072794876566,0.06706072794876566
98.0,mse_oracle,nan,2.0,1.0,2.0,0.4323960295460676,0.8560515470521992,0.8784803302655353,0.0,0.0722329276329949,0.0759660590507855
98.0,mse_oracle,nan,3.0,1.0,3.0,0.4537170689057593,0.7541127458192326,0.7909574188000343,0.0,0.07789698195004428,0.078989068079756
98.0,mse_oracle,nan,4.0,1.0,4.0,0.46904213553841656,0.7311476476979578,0.8100171369534587,1.0,0.07420547835891969,0.07418417938478822
98.0,mse_oracle,nan,5.0,1.0,5.0,0.49171023437613653,0.7863613905369294,0.7579086560121128,1.0,0.07019108751506299,0.06922078793789807
98.0,mse_oracle,nan,6.0,1.0,6.0,0.48583168952660355,0.8217422879750753,0.834092851165918,1.0,0.06433716858400877,0.056917963414330634
98.0,mse_oracle,nan,7.0,1.0,7.0,0.5063325090054424,0.7524646322379501,0.7831342147434399,1.0,0.0682119261686964,0.06386188098874304
98.0,mse_oracle,nan,8.0,1.0,8.0,0.5205822223788412,0.8247924606218914,0.8202731379294439,1.0,0.06052490515382852,0.054904716141299846
98.0,mse_oracle,nan,9.0,2.0,1.0,0.5372320548227696,1.0,1.0,0.0,0.07007725121757623,0.07007725121757623
98.0,mse_oracle,nan,10.0,2.0,2.0,0.5369870813412146,0.9145213967709257,0.9299596437880624,1.0,0.08056955770357725,0.07977122956230927
98.0,mse_oracle,nan,11.0,2.0,3.0,0.5440175132482199,0.9205650769392958,0.9064091742992557,1.0,0.07851819281044234,0.07798627407931207
98.0,mse_oracle,nan,12.0,2.0,4.0,0.5337317816166541,0.930434136392919,0.9270794846511105,1.0,0.06704810199186198,0.06473050074421477
98.0,mse_oracle,nan,13.0,2.0,5.0,0.5362102463638445,0.8954879126857086,0.8689972833004871,1.0,0.05890556971293085,0.05235775546072183
98.0,mse_oracle,nan,14.0,2.0,6.0,0.5665590970372973,0.9133492366183595,0.9242846989952512,1.0,0.05776441420998748,0.05275603743127951
98.0,mse_oracle,nan,15.0,2.0,7.0,0.5813351137535714,0.7984066081849813,0.8947582851822989,1.0,0.0707333872739879,0.07028730743954156
98.0,mse_oracle,nan,16.0,2.0,8.0,0.5796674333836339,0.8858089480733814,0.8431693214579494,1.0,0.0661426755301873,0.06399569693302999
99.0,raw,nan,0.0,0.0,0.0,0.4381825474072605,1.0,1.0,0.0,nan,nan
99.0,raw,nan,1.0,1.0,1.0,0.44673029985709656,1.0,1.0,0.0,nan,nan
99.0,raw,nan,2.0,1.0,2.0,0.4533845900956831,0.9127910667930476,0.9064242233347334,0.0,nan,nan
99.0,raw,nan,3.0,1.0,3.0,0.46622104761604005,0.7771654086049116,0.7143310436486533,0.0,nan,nan
99.0,raw,nan,4.0,1.0,4.0,0.4835289334115379,0.7290939437173202,0.7726412921803667,0.0,nan,nan
99.0,raw,nan,5.0,1.0,5.0,0.48708430654395407,0.7920676364582006,0.734912201363563,0.0,nan,nan
99.0,raw,nan,6.0,1.0,6.0,0.5113309510929407,0.7988213243664373,0.805582835388765,0.0,nan,nan
99.0,raw,nan,7.0,1.0,7.0,0.5196292506285471,0.8461968127232101,0.7994090986259551,0.0,nan,nan
99.0,raw,nan,8.0,1.0,8.0,0.5320878409146186,0.806294445214742,0.8212506395423006,0.0,nan,nan
99.0,raw,nan,9.0,2.0,1.0,0.5411278350477875,1.0,1.0,0.0,nan,nan
99.0,raw,nan,10.0,2.0,2.0,0.5574659024402047,0.8909476399733047,0.9139804934743514,0.0,nan,nan
99.0,raw,nan,11.0,2.0,3.0,0.5621231308974803,0.9302852797935903,0.9492592264778486,0.0,nan,nan
99.0,raw,nan,12.0,2.0,4.0,0.5775456422659765,0.7624620485513927,0.7738877921349157,0.0,nan,nan
99.0,raw,nan,13.0,2.0,5.0,0.5898995813343526,0.7609732459337121,0.7752608549900776,0.0,nan,nan
99.0,raw,nan,14.0,2.0,6.0,0.5897478891638938,0.8342976767626383,0.849800669156714,0.0,nan,nan
99.0,raw,nan,15.0,2.0,7.0,0.5988272898134464,0.7542817600915902,0.6848714968705171,0.0,nan,nan
99.0,raw,nan,16.0,2.0,8.0,0.6250330146501936,0.6490859630963872,0.6405302557775131,0.0,nan,nan
99.0,ppo,nan,0.0,0.0,0.0,0.4381825474072605,1.0,1.0,0.0,nan,nan
99.0,ppo,nan,1.0,1.0,1.0,0.44673029985709656,1.0,1.0,1.0,nan,nan
99.0,ppo,nan,2.0,1.0,2.0,0.46088857828149676,0.9127910667930476,0.9064242233347334,1.0,nan,nan
99.0,ppo,nan,3.0,1.0,3.0,0.46210901137929145,0.8600001910733951,0.8404394939847463,1.0,nan,nan
99.0,ppo,nan,4.0,1.0,4.0,0.4868154251023789,0.7681610384641223,0.8314198191356915,1.0,nan,nan
99.0,ppo,nan,5.0,1.0,5.0,0.4706336829441133,0.9368722348945238,0.9567129104851093,1.0,nan,nan
99.0,ppo,nan,6.0,1.0,6.0,0.5091679396747467,0.8158442359867195,0.8575195178064572,1.0,nan,nan
99.0,ppo,nan,7.0,1.0,7.0,0.5119853458771144,0.8741182426970566,0.8400748525275672,1.0,nan,nan
99.0,ppo,nan,8.0,1.0,8.0,0.5080015492105844,0.8904025445891176,0.9207064401816035,1.0,nan,nan
99.0,ppo,nan,9.0,2.0,1.0,0.5412107913390578,1.0,1.0,1.0,nan,nan
99.0,ppo,nan,10.0,2.0,2.0,0.49581038506087943,0.8414028339883342,0.814965908093105,1.0,nan,nan
99.0,ppo,nan,11.0,2.0,3.0,0.536058980456954,0.7801437819741539,0.7258700759313539,1.0,nan,nan
99.0,ppo,nan,12.0,2.0,4.0,0.5358204998243786,0.7975083436448176,0.8927560229396792,1.0,nan,nan
99.0,ppo,nan,13.0,2.0,5.0,0.5520915135230979,0.7941335649638299,0.8236372389448042,1.0,nan,nan
99.0,ppo,nan,14.0,2.0,6.0,0.5589559049825358,0.7606926131931677,0.6933215203087016,1.0,nan,nan
99.0,ppo,nan,15.0,2.0,7.0,0.5718531594575348,0.8114111960562431,0.7823987054476791,1.0,nan,nan
99.0,ppo,nan,16.0,2.0,8.0,0.5778333344764637,0.8429177909755919,0.8802290465396002,1.0,nan,nan
99.0,mse_oracle,nan,0.0,0.0,0.0,0.4381825474072605,1.0,1.0,0.0,nan,nan
99.0,mse_oracle,nan,1.0,1.0,1.0,0.44673029985709656,1.0,1.0,0.0,0.06706072794876566,0.06706072794876566
99.0,mse_oracle,nan,2.0,1.0,2.0,0.4533845900956831,0.9127910667930476,0.9064242233347334,0.0,0.06818539779586674,0.07061969305430536
99.0,mse_oracle,nan,3.0,1.0,3.0,0.46622104761604005,0.7771654086049116,0.7143310436486533,0.0,0.07008405913987292,0.07377524863744084
99.0,mse_oracle,nan,4.0,1.0,4.0,0.4835289334115379,0.7290939437173202,0.7726412921803667,0.0,0.07158125245850937,0.07549006309835893
99.0,mse_oracle,nan,5.0,1.0,5.0,0.4841711342020095,0.7920676364582006,0.734912201363563,1.0,0.06445150704722649,0.06250765353051073
99.0,mse_oracle,nan,6.0,1.0,6.0,0.5022837181485253,0.8540514168596345,0.8595645209011303,1.0,0.0652854476694916,0.060773490466913126
99.0,mse_oracle,nan,7.0,1.0,7.0,0.5158665185584301,0.8995776874801672,0.8421219114981428,1.0,0.061271179703192805,0.05646163838584207
99.0,mse_oracle,nan,8.0,1.0,8.0,0.5213315735067194,0.8486411331200205,0.8613974417974489,1.0,0.056052377898000105,0.054307809321436
99.0,mse_oracle,nan,9.0,2.0,1.0,0.536980030694681,1.0,1.0,0.0,0.07157825053103309,0.07157825053103309
99.0,mse_oracle,nan,10.0,2.0,2.0,0.5359691065777109,0.8688394104880669,0.8993624084510503,0.0,0.07777311503802506,0.0783589591399938
99.0,mse_oracle,nan,11.0,2.0,3.0,0.5265801898961013,0.8836936972838383,0.9036190413790262,1.0,0.07658049731168971,0.07330401666325441
99.0,mse_oracle,nan,12.0,2.0,4.0,0.5470927518078189,0.7684566434328555,0.8702544025175754,1.0,0.09884434176821219,0.09521627168538875
99.0,mse_oracle,nan,13.0,2.0,5.0,0.5670360703584973,0.7887012758390081,0.850320630164024,1.0,0.09164456585672431,0.08625340865488282
99.0,mse_oracle,nan,14.0,2.0,6.0,0.5647451964576794,0.8253546068614658,0.844932340365898,1.0,0.08198805275798263,0.0803158757571764
99.0,mse_oracle,nan,15.0,2.0,7.0,0.561757852384147,0.8290780744006917,0.7911246756622089,1.0,0.07854696489743342,0.07444893910660354
99.0,mse_oracle,nan,16.0,2.0,8.0,0.5942125291867552,0.8385080457685414,0.8851491834824097,1.0,0.07163519975562392,0.06853201734301016
