path_scale,population_rho,population_value,signal_sq,current_min_shifted_logit,rollout_min_shifted_logit,gradient_check_max_abs,raw_alignment,raw_mean_norm_sq,raw_single_variance,raw_variance,raw_second_moment,raw_bias_sq,raw_mse,raw_mse_identity_error,raw_certificate,raw_certificate_identity_error,ppo_alignment,ppo_mean_norm_sq,ppo_single_variance,ppo_variance,ppo_second_moment,ppo_bias_sq,ppo_mse,ppo_mse_identity_error,ppo_certificate,ppo_certificate_identity_error,mse_reduction,mse_tie,certificate_requirement,certificate_gap_ppo_minus_raw,certificate_tie,mse_oracle,certificate_oracle,safe_oracle,ppo_lower_mse_raw_higher_certificate
0.0,1.0,0.26577382348961814,0.009267532679160645,-3.166753727259008,-3.166753727259008,0.0,0.009267532679160645,0.009267532679160645,2.176260387840108,0.006800813712000338,0.016068346391160983,1.2701130650722055e-34,0.006800813712000338,1.734723475976807e-18,0.00022845131845667722,-8.131516293641283e-20,0.009267532679160645,0.009267532679160645,2.176260387840108,0.006800813712000338,0.016068346391160983,1.2701130650722055e-34,0.006800813712000338,1.734723475976807e-18,0.00022845131845667722,-8.131516293641283e-20,0.0,1.0,0.0,0.0,1.0,raw,raw,raw,0.0
0.0025,0.999964127110297,0.267952140288194,0.009357431249580214,-3.198421264531598,-3.166753727259008,0.0,0.009357431249580214,0.009357431249580214,2.1845937268095748,0.006826855396279921,0.016184286645860135,1.3636197371180189e-34,0.006826855396279921,8.673617379884035e-19,0.00023401466130640097,-2.710505431213761e-20,0.009357431249580214,0.009357431249580214,2.1845937268095748,0.006826855396279921,0.016184286645860135,1.3636197371180189e-34,0.006826855396279921,8.673617379884035e-19,0.00023401466130640097,-2.710505431213761e-20,0.0,1.0,0.0,0.0,1.0,raw,raw,raw,0.0
0.005,0.99985643754626,0.2701384293723014,0.009446813800070404,-3.230088801804188,-3.166753727259008,0.0,0.009446813800070406,0.009446813800070406,2.192927692515895,0.006852899039112172,0.01629971283918258,1.4121509820757013e-34,0.006852899039112172,-8.673617379884035e-19,0.00023953337516547453,-1.0842021724855044e-19,0.009446813800070406,0.009446813800070406,2.192927692515895,0.006852899039112172,0.01629971283918258,1.4121509820757013e-34,0.006852899039112172,-8.673617379884035e-19,0.00023953337516547453,-1.0842021724855044e-19,0.0,1.0,0.0,0.0,1.0,raw,raw,raw,0.0
0.0075,0.9996768528280425,0.27233257079935963,0.009535643211338998,-3.261756339076778,-3.166753727259008,0.0,0.009535643211339,0.009535643211339,2.2012588376446804,0.006878933867639626,0.016414577078978625,1.1839045002878245e-34,0.006878933867639626,-2.6020852139652106e-18,0.000245005164612021,-3.2526065174565133e-19,0.009535643211339,0.009535643211339,2.2012588376446804,0.006878933867639626,0.016414577078978625,1.1839045002878245e-34,0.006878933867639626,-2.6020852139652106e-18,0.000245005164612021,-3.2526065174565133e-19,0.0,1.0,0.0,0.0,1.0,raw,raw,raw,0.0
0.01,0.9994253319438323,0.27453444292508133,0.009623882325601442,-3.293423876349369,-3.166753727259008,0.0,0.009623882325601442,0.009623882325601442,2.2095837076469422,0.006904949086396694,0.016528831411998138,1.6545291467684285e-34,0.006904949086396694,1.734723475976807e-18,0.0002504277328025928,-1.0842021724855044e-19,0.009623882325601442,0.009623882325601442,2.2095837076469422,0.006904949086396694,0.016528831411998138,1.6545291467684285e-34,0.006904949086396694,1.734723475976807e-18,0.0002504277328025928,-1.0842021724855044e-19,0.0,1.0,0.0,0.0,1.0,raw,raw,raw,0.0
0.0125,0.9991018717042539,0.27674392243547796,0.009711493979081224,-3.3250914136219576,-3.166753727259008,0.0,0.009711493979081224,0.009711493979081224,2.217898843116334,0.006930933884738544,0.016642427863819767,2.000216178039493e-34,0.006930933884738544,-8.673617379884035e-19,0.0002557987836499182,-1.0842021724855044e-19,0.009711493979081224,0.009711493979081224,2.217898843116334,0.006930933884738544,0.016642427863819767,2.000216178039493e-34,0.006930933884738544,-8.673617379884035e-19,0.0002557987836499182,-1.0842021724855044e-19,0.0,1.0,0.0,0.0,1.0,raw,raw,raw,0.0
0.015,0.9987065070439461,0.2789608843798048,0.00979844103479777,-3.356758950894548,-3.166753727259008,0.0,0.00979844103479777,0.00979844103479777,2.226200782184535,0.006956877444326671,0.01675531847912444,1.7911043300853712e-34,0.006956877444326671,-1.734723475976807e-18,0.00026111602402066787,-1.0842021724855044e-19,0.00979844103479777,0.00979844103479777,2.226200782184535,0.006956877444326671,0.01675531847912444,1.7911043300853712e-34,0.006956877444326671,-1.734723475976807e-18,0.00026111602402066787,-1.0842021724855044e-19,0.0,1.0,0.0,0.0,1.0,raw,raw,raw,0.0
0.0175,0.9982393112690896,0.28118520220442594,0.009884686415592567,-3.3884264881671387,-3.166753727259008,0.0,0.009884686415592567,0.00988468641559257,2.2344860629314307,0.006982768946660721,0.01686745536225329,1.604209315762896e-34,0.006982768946660721,1.734723475976807e-18,0.0002663771659498738,1.6263032587282567e-19,0.009884686415592567,0.00988468641559257,2.2344860629314307,0.006982768946660721,0.01686745536225329,1.604209315762896e-34,0.006982768946660721,1.734723475976807e-18,0.0002663771659498738,1.6263032587282567e-19,0.0,1.0,0.0,0.0,1.0,raw,raw,raw,0.0
0.02,0.9977003962498057,0.2834167477875761,0.009970193137343451,-3.4200940254397287,-3.166753727259008,0.0,0.009970193137343451,0.009970193137343451,2.2427512258066935,0.007008597580645917,0.01697879071798937,1.675313233042731e-34,0.007008597580645917,1.734723475976807e-18,0.00027157992886857807,-1.6263032587282567e-19,0.009970193137343451,0.009970193137343451,2.2427512258066935,0.007008597580645917,0.01697879071798937,1.675313233042731e-34,0.007008597580645917,1.734723475976807e-18,0.00027157992886857807,-1.6263032587282567e-19,0.0,1.0,0.0,0.0,1.0,raw,raw,raw,0.0
0.0225,0.9970899125564956,0.2856553914749973,0.010054924342316265,-3.451761562712319,-3.166753727259008,0.0,0.010054924342316265,0.010054924342316265,2.250992816059362,0.007034352550185506,0.01708927689250177,1.7627351786991572e-34,0.007034352550185506,-8.673617379884035e-19,0.00027672204184121785,-2.168404344971009e-19,0.010054924342316265,0.010054924342316265,2.250992816059362,0.007034352550185506,0.01708927689250177,1.7627351786991572e-34,0.007034352550185506,-8.673617379884035e-19,0.00027672204184121785,-2.168404344971009e-19,0.0,1.0,0.0,0.0,1.0,raw,raw,raw,0.0
0.025,0.9964080495393397,0.2879010021164254,0.01013884333260256,-3.4834290999849085,-3.166753727259008,0.0,0.01013884333260256,0.01013884333260256,2.2592073861719535,0.007060023081787355,0.017198866414389915,1.6597598473035584e-34,0.007060023081787355,1.734723475976807e-18,0.00028180124580924246,-5.421010862427522e-20,0.010138734542746396,0.010138625792799607,2.2591983570664578,0.007059994865832681,0.01719862065863229,3.9909373840970865e-11,0.007059994905742054,3.469446951953614e-18,0.000281803353541059,5.421010862427522e-20,2.8176045300740138e-08,0.0,3.3792003984721137e-09,2.107731816554728e-09,0.0,ppo,ppo,ppo,0.0
0.0275,0.9956550353503384,0.2901534471029022,0.010221913603591527,-3.5150966372574985,-3.166753727259008,0.0,0.010221913603591527,0.010221913603591527,2.2673914982956602,0.007085598432173938,0.017307512035765464,1.9358776904530093e-34,0.007085598432173938,-8.673617379884035e-19,0.000286815295837394,-1.6263032587282567e-19,0.010221337322710614,0.01022076229289615,2.2673392786432944,0.007085435245760295,0.017306197538656445,1.2510664517848757e-09,0.007085436496826747,-3.469446951953614e-18,0.0002868275239967075,-4.336808689942018e-19,1.6193534719145114e-07,0.0,1.8074649389692643e-08,1.2228159313463008e-08,0.0,ppo,ppo,ppo,0.0
0.03,0.9948311369074375,0.2924125924048872,0.010304098877423996,-3.5467641745300886,-3.166753727259008,0.0,0.010304098877423996,0.010304098877423996,2.275541726683162,0.0071110678958848815,0.017415166773308878,1.6288809160113712e-34,0.0071110678958848815,8.673617379884035e-19,0.00029176196335906545,0.0,0.010301141642199436,0.010298206036923984,2.275282363359882,0.007110257385499631,0.017408463422423616,2.1629949106803218e-08,0.007110279015448738,1.734723475976807e-18,0.0002918211835186222,1.6263032587282567e-19,7.888804361430926e-07,0.0,9.217267665014664e-08,5.9220159556771026e-08,0.0,ppo,ppo,ppo,0.0
0.0325,0.9939366598004395,0.29467830261114214,0.0103853631363762,-3.5784317118026787,-3.166753727259008,0.0,0.010385363136376198,0.010385363136376198,2.2836546601155656,0.007136420812861142,0.01752178394923734,1.435066651238908e-34,0.007136420812861142,1.734723475976807e-18,0.0002966390384171486,0.0,0.010377329634532573,0.010369411716232343,2.28291336860921,0.007134104276903782,0.017503515993136126,1.1558354339774241e-07,0.0071342198604471795,0.0,0.0002968047683275571,1.0842021724855044e-19,2.200952413962745e-06,0.0,2.511887620978208e-07,1.6572991040847765e-07,0.0,ppo,ppo,ppo,0.0
0.035,0.9929719481385806,0.2969504409683615,0.010465670656120854,-3.6100992490752697,-3.166753727259008,0.0,0.010465670656120854,0.010465670656120854,2.2917269043200315,0.007161646576000098,0.01762731723212095,1.511329324176663e-34,0.007161646576000098,8.673617379884035e-19,0.00030144433189674717,-1.0842021724855044e-19,0.01044744599744999,0.010429602733434311,2.2899427645005823,0.00715607113906432,0.017585673872498632,3.813946551839326e-07,0.007156452533719504,2.6020852139652106e-18,0.0003018371539681192,-5.421010862427522e-20,5.1940422805939884e-06,0.0,5.726061468052942e-07,3.9282207137201347e-07,0.0,ppo,ppo,ppo,0.0
0.0375,0.9919373843398076,0.2992288694215187,0.010544986038813185,-3.6417667863478593,-3.166753727259008,0.0,0.010544986038813186,0.010544986038813185,2.29975508437462,0.007186734638670688,0.017731720677483874,1.866784838908063e-34,0.007186734638670688,-1.734723475976807e-18,0.0003061756777461564,-3.2526065174565133e-19,0.01050532353460783,0.010466647573540884,2.29588223428075,0.007174631982127344,0.01764127955566823,9.865431384085488e-07,0.007175618525265753,0.0,0.00030701484248728326,0.0,1.1116113404934999e-05,0.0,1.2435870387327939e-06,8.391647411268646e-07,0.0,ppo,ppo,ppo,0.0
0.04,0.9908333888619681,0.30151344865490265,0.010623274245949702,-3.673434323620449,-3.166753727259008,0.0,0.010623274245949702,0.010623274245949702,2.3077358470969545,0.007211674522177983,0.017834948768127683,1.505225079710531e-34,0.007211674522177983,-3.469446951953614e-18,0.00031083093518249763,-1.6263032587282567e-19,0.010548833814306557,0.010476947137846464,2.3007335353379834,0.007189792297931198,0.01766673943577766,2.5537551830507938e-06,0.007192346053114249,2.6020852139652106e-18,0.00031227725697882073,0.0,1.9328469063733915e-05,0.0,2.3129185187550286e-06,1.4463217963230947e-06,0.0,ppo,ppo,ppo,0.0
0.0425,0.9896604198762942,0.3038040381338099,0.01070050063094781,-3.7051018608930386,-3.166753727259008,0.0,0.01070050063094781,0.01070050063094781,2.3156658634132876,0.007236455823166524,0.017936956454114333,1.602913660012706e-34,0.007236455823166524,0.0,0.0003154079908784346,-1.0842021724855044e-19,0.01058187302303919,0.010468799006381282,2.3041427887955583,0.00720044621498612,0.017669245221367404,5.553591250706667e-06,0.007205999806236827,5.204170427930421e-18,0.0003176838593760495,3.7947076036992655e-19,3.0456016929697113e-05,0.0,3.6810934283399297e-06,2.2758684976149045e-06,0.0,ppo,ppo,ppo,0.0
0.045,0.9884189728837223,0.30610049614686763,0.010776630971394772,-3.736769398165629,-3.166753727259008,0.0,0.010776630971394774,0.010776630971394774,2.323541830704642,0.0072610682209520066,0.01803769919234678,1.4252774145693355e-34,0.0072610682209520066,-8.673617379884035e-19,0.00031990476112640103,0.0,0.010609746107649039,0.010454225844717151,2.306418004615037,0.007207556264421991,0.017661782109139143,1.1364600813845068e-05,0.0072189208652358354,2.6020852139652106e-18,0.00032304792563510754,1.6263032587282567e-19,4.214735571617112e-05,0.0,5.168949731386358e-06,3.1431645087065096e-06,0.0,ppo,ppo,ppo,0.0
0.0475,0.9871095802747657,0.3084026798489512,0.010851631500915105,-3.7684369354382192,-3.166753727259008,0.0,0.010851631500915105,0.010851631500915103,2.3313604751267047,0.007285501484770952,0.018137132985686054,1.3054630716392817e-34,0.007285501484770952,-3.469446951953614e-18,0.000324319193976827,-4.87890977618477e-19,0.010475775465790493,0.010131796524262139,2.299851933482044,0.007187037292131387,0.017318833816393528,3.1877093596260584e-05,0.007218914385727648,0.0,0.0003290226936189262,-5.421010862427522e-20,6.65870990433047e-05,0.0,1.1251809136250324e-05,4.7034996420991775e-06,0.0,ppo,ppo,ppo,0.0
0.05,0.9857328108338138,0.31071044530466807,0.010925468940606097,-3.8001044727108093,-3.166753727259008,0.0,0.010925468940606097,0.010925468940606097,2.339118553900247,0.007309745480938272,0.01823521442154437,2.004506153277352e-34,0.007309745480938272,-8.673617379884035e-19,0.00032864927134686954,-2.168404344971009e-19,0.009147739411528353,0.007875325239308156,2.1924187541203968,0.00685130860662624,0.014726633845934395,0.0005053153568575469,0.007356623963483787,-1.734723475976807e-18,0.00032056387551141754,-2.168404344971009e-19,-4.687848254551503e-05,0.0,4.8243821400979764e-05,-8.085395835451996e-06,0.0,raw,raw,raw,0.0
0.0525,0.984289269188898,0.3130236475323748,0.01099811052999206,-3.831772009983399,-3.166753727259008,0.0,0.01099811052999206,0.01099811052999206,2.346812857568865,0.007333790179902704,0.018331900709894766,1.7729669537054375e-34,0.007333790179902704,3.469446951953614e-18,0.00033289301109624015,5.421010862427522e-20,0.007086998016930902,0.005031654757497393,1.9848399977050815,0.00620262499282838,0.011234279750325774,0.001855769253627649,0.00805839424645603,3.469446951953614e-18,0.0002630061767656174,1.6263032587282567e-19,-0.0007246040665533256,0.0,9.759398439517591e-05,-6.988683433062273e-05,0.0,raw,raw,raw,0.0
0.055,0.9827795952081132,0.31534214054869464,0.011069524057448609,-3.863439547255989,-3.166753727259008,0.0,0.011069524057448609,0.011069524057448609,2.354440212220941,0.007357625663190441,0.018427149720639052,1.7898493503021465e-34,0.007357625663190441,1.734723475976807e-18,0.0003370484690667316,-1.0842021724855044e-19,0.005566674005032241,0.003539337142244422,1.8047253805037504,0.00563976681407422,0.009179103956318643,0.0034755131896285502,0.00911528000370277,0.0,0.00017683900877651622,0.0,-0.0017576543405123293,0.0,0.000127162839372556,-0.00016020946029021536,0.0,raw,raw,raw,0.0
0.0575,0.9812044633440485,0.31766577741350177,0.01113967789004958,-3.89510708452858,-3.166753727259008,0.0,0.011139677890049578,0.01113967789004958,2.3619974816727916,0.0073812421302274734,0.018520920020277054,2.015343481646526e-34,0.0073812421302274734,4.336808689942018e-18,0.00034111374108216513,3.7947076036992655e-19,0.00454666834300676,0.0026021913111870403,1.6200304787050506,0.005062595245953283,0.007664786557140323,0.004648532515223099,0.009711127761176382,0.0,0.00013038513594105725,2.710505431213761e-20,-0.002329885630948909,0.0,0.00014927442953471714,-0.00021072860514110788,0.0,raw,raw,raw,0.0
0.06,0.9795645819277111,0.3199944102753404,0.01120854100279002,-3.92677462180117,-3.166753727259008,0.0,0.01120854100279002,0.01120854100279002,2.3694815696100298,0.007404629905031343,0.018613170907821365,2.181540620911314e-34,0.007404629905031343,1.734723475976807e-18,0.0003450869649055243,5.421010862427522e-20,0.003905028249895394,0.00202563276444144,1.463763393351184,0.00457426060422245,0.00659989336866389,0.005424117267440673,0.009998377871663123,0.0,0.00011057762558694666,-2.710505431213761e-20,-0.0025937479666317802,0.0,0.00016518543711619224,-0.00023450933931857762,0.0,raw,raw,raw,0.0
0.0625,0.9778606924135808,0.3223278904172436,0.011276083007140204,-3.9584421590737593,-3.166753727259008,0.0,0.011276083007140204,0.011276083007140204,2.3768894216843033,0.007427779442763448,0.01870386244990365,1.4919737333488197e-34,0.007427779442763448,-1.734723475976807e-18,0.00034896632215012714,-3.2526065174565133e-19,0.003538807608355384,0.0015880097340778155,1.3248130072075057,0.004140040647523455,0.005728050381601271,0.005786477524507252,0.009926518172030708,-1.734723475976807e-18,0.00012140778622420843,-6.776263578034403e-20,-0.0024987387292672598,0.0,0.00017842051692001573,-0.0002275585359259187,0.0,raw,raw,raw,0.0
0.065,0.9760935685775608,0.3246660683029176,0.011342274178886738,-3.9901096963463507,-3.166753727259008,0.0,0.011342274178886738,0.011342274178886738,2.3842180275626186,0.007450681336133183,0.018792955515019923,1.788192323086698e-34,0.007450681336133183,1.734723475976807e-18,0.0003527500401417959,5.421010862427522e-20,0.0032479740146882834,0.0012342715575750817,1.2050457662271807,0.00376576801945994,0.005000039577035022,0.006080597707085253,0.009846365726545193,0.0,0.00013299611627269235,-8.131516293641283e-20,-0.0023956843904120104,0.0,0.00018965589040097382,-0.00021975392386910356,0.0,raw,raw,raw,0.0
0.0675,0.9742640156697192,0.32700879362325863,0.011407085485218443,-4.02177723361894,-3.166753727259008,0.0,0.011407085485218443,0.011407085485218443,2.3914644229266018,0.007473326321645631,0.018880411806864075,1.853308728497589e-34,0.007473326321645631,1.734723475976807e-18,0.0003564363937290638,-1.0842021724855044e-19,0.003085780257110646,0.001043706812419916,1.1168556832773762,0.0034901740102418004,0.004533880822661716,0.006279231783417066,0.009769405793658866,1.734723475976807e-18,0.00014450183909276354,-2.710505431213761e-20,-0.0022960794720132353,0.0,0.00019726822959029595,-0.00021193455463630026,0.0,raw,raw,raw,0.0
0.07,0.9723728695238311,0.32935591534316544,0.011470488611016126,-4.05344477089153,-3.166753727259008,0.0,0.011470488611016124,0.011470488611016124,2.3986256914191313,0.007495705285684785,0.018966193896700907,1.6688678489254451e-34,0.007495705285684785,1.734723475976807e-18,0.00036002370703856496,-2.168404344971009e-19,0.0030158853568015994,0.0009370877094584753,1.0320117498709722,0.003225036718346788,0.004162124427805263,0.006375805606871402,0.009600842325218191,-3.469446951953614e-18,0.00016378450176488462,-1.6263032587282567e-19,-0.002105137039533406,0.0,0.0002035594930981264,-0.00019623920527368034,0.0,raw,raw,raw,0.0
0.0725,0.9704209956258434,0.331707281748615,0.01153245598430706,-4.0851123081641205,-3.166753727259008,0.0,0.01153245598430706,0.01153245598430706,2.4056989665358937,0.007517809270424667,0.019050265254731726,1.9535981567597715e-34,0.007517809270424667,-1.734723475976807e-18,0.00036351035517288117,-1.0842021724855044e-19,0.0029373685783452156,0.0008615366439461737,0.9650861616779396,0.0030158942552435614,0.003877430899189735,0.0065192554715628025,0.009535149726806365,-1.734723475976807e-18,0.00017430285801494505,-1.0842021724855044e-19,-0.0020173404563816975,0.0,0.00020863009841755133,-0.00018920749715793612,0.0,raw,raw,raw,0.0
0.075,0.9684092881434938,0.3340627404939649,0.011592960800846612,-4.11677984543671,-3.166753727259008,0.0,0.011592960800846612,0.011592960800846612,2.4126814334595372,0.007539629479561054,0.019132590280407667,1.5869486355839053e-34,0.007539629479561054,-8.673617379884035e-19,0.0003668947658482132,1.6263032587282567e-19,0.002899310736542764,0.0008375410522294754,0.9101261018375095,0.0028441440682422173,0.0036816851204716926,0.006631880379990562,0.00947602444823278,-3.469446951953614e-18,0.00018424263424441511,-2.710505431213761e-19,-0.0019363949686717263,0.0,0.0002124536384317857,-0.00018265213160379806,0.0,raw,raw,raw,0.0
0.0775,0.9663386689193905,0.3364221386494483,0.011651977047791388,-4.148447382709301,-3.166753727259008,0.0,0.011651977047791388,0.011651977047791388,2.4195703308342176,0.00756115728385693,0.01921313433164832,1.4914706347407998e-34,0.00756115728385693,3.469446951953614e-18,0.00037017542096938385,2.710505431213761e-19,0.002796424421359871,0.0007960668922489559,0.8644984793091915,0.0027015577478412237,0.0034976246400901796,0.006855195097320603,0.009556752845161826,0.0,0.00018218197707040468,-1.0842021724855044e-19,-0.001995595561304896,0.0,0.00021609201397721555,-0.00018799344389897917,0.0,raw,raw,raw,0.0
0.08,0.9642100864299636,0.338785322748826,0.01170947952642996,-4.18011491998189,-3.166753727259008,0.0,0.01170947952642996,0.01170947952642996,2.4263629524784354,0.00758238422649511,0.01929186375292507,2.037071125418067e-34,0.00758238422649511,-1.734723475976807e-18,0.00037335085813980005,-1.0842021724855044e-19,0.002776831329005803,0.0008097508672615294,0.8245737670168969,0.002576793021927803,0.003386543889189332,0.006965567735679883,0.009542360757607686,0.0,0.00018816318731273762,0.0,-0.0019599765311125762,0.0,0.0002187019492058039,-0.00018518767082706242,0.0,raw,raw,raw,0.0
0.0825,0.9620245147127577,0.34115213883716106,0.011765443873939364,-4.211782457254482,-3.166753727259008,0.0,0.011765443873939364,0.011765443873939364,2.4330566490342442,0.007603302028232013,0.01936874590217138,2.0313509209626017e-34,0.007603302028232013,3.469446951953614e-18,0.00037641967210413495,5.421010862427522e-20,0.0027563720342672006,0.0008167665531634442,0.7871275892744143,0.0024597737164825445,0.003276540269645989,0.007069466358568407,0.009529240075050951,1.734723475976807e-18,0.0001939068459034663,-2.710505431213761e-20,-0.001925938046818938,0.0,0.00022127167318892931,-0.00018251282620066866,0.0,raw,raw,raw,0.0
0.085,0.9597829522646043,0.3435224325186811,0.011819846584137391,-4.2434499945270705,-3.166753727259008,0.0,0.011819846584137393,0.011819846584137393,2.439648829550961,0.0076239025923467525,0.019443749176484146,1.8139490449772784e-34,0.0076239025923467525,-2.6020852139652106e-18,0.0003793805161216423,-2.710505431213761e-19,0.0027434242927996027,0.0008342711106303056,0.7511341664042042,0.002347294270013138,0.0031815653806434438,0.007167269109168492,0.00951456337918163,-1.734723475976807e-18,0.00019966759158840256,-1.0842021724855044e-19,-0.0018906607868348782,0.0,0.00022360891355617518,-0.00017971292453323974,0.0,raw,raw,raw,0.0
0.08750000000000001,0.957486420913269,0.3458960490046928,0.011872665027202866,-4.27511753179966,-3.166753727259008,0.0,0.011872665027202866,0.011872665027202866,2.4461369630017233,0.007644178009380385,0.01951684303658325,1.8277226424197301e-34,0.007644178009380385,-5.204170427930421e-18,0.00038223210326812727,-1.6263032587282567e-19,0.0027408477123751873,0.0008629542326755615,0.7169769426299929,0.002240552945718728,0.0031035071783942895,0.0072539238351280524,0.009494476780846781,0.0,0.00020577328799792078,-5.421010862427522e-20,-0.0018502987714663962,0.0,0.00022568729053603156,-0.00017645881527020648,0.0,raw,raw,raw,0.0
0.09,0.9551359646652058,0.3482728331615152,0.011923877468338102,-4.306785069072251,-3.166753727259008,0.0,0.011923877468338102,0.011923877468338102,2.4525185797313345,0.00766412056166042,0.019587998029998523,1.9237592239679048e-34,0.00766412056166042,-8.673617379884035e-19,0.00038497320766477604,-1.0842021724855044e-19,0.0027203964404847267,0.0008937509288925011,0.6840773527906113,0.0021377417274706604,0.0030314926563631615,0.007376835516261149,0.009514577243731809,1.734723475976807e-18,0.00020833363771370183,1.0842021724855044e-19,-0.0018504566820713884,0.0,0.0002276559055883053,-0.0001766395699510742,0.0,raw,raw,raw,0.0
0.0925,0.9527326485320927,0.35065262955839677,0.011973463085350019,-4.338452606344841,-3.166753727259008,0.0,0.011973463085350019,0.011973463085350019,2.4587912728339574,0.0076837227276061165,0.019657185812956134,2.041339754829953e-34,0.0076837227276061165,-5.204170427930421e-18,0.00038760266563217863,-3.7947076036992655e-19,0.002692389069302907,0.0009022784630712268,0.6580740647663123,0.0020564814523947256,0.0029587599154659522,0.007490963409815431,0.009547444862210156,0.0,0.00020966965972067956,2.710505431213761e-20,-0.0018637221346040397,0.0,0.00022960734670770874,-0.00017793300591149907,0.0,raw,raw,raw,0.0
0.095,0.9502775573388368,0.3530352825153815,0.012021401985128428,-4.37012014361743,-3.166753727259008,0.0,0.012021401985128426,0.012021401985128426,2.4649526994594178,0.007702977185810681,0.019724379170939107,2.0955992306418745e-34,0.007702977185810681,1.734723475976807e-18,0.0003901193767680258,0.0,0.002656813302583195,0.0009075467080078675,0.6318245264778147,0.001974451645243171,0.0028819983532510384,0.007615322087969905,0.009589773733213076,0.0,0.00021005679553146616,-5.421010862427522e-20,-0.0018867965474023956,0.0,0.00023158676126301268,-0.00018006258123655965,0.0,raw,raw,raw,0.0
0.0975,0.9477717945157572,0.355420636151092,0.012067675219002297,-4.4017876808900205,-3.166753727259008,0.0,0.012067675219002297,0.012067675219002299,2.4710005820469494,0.007721876818896717,0.019789552037899016,1.970123531262415e-34,0.007721876818896717,3.469446951953614e-18,0.0003925223049471361,5.421010862427522e-20,0.0026463237600578052,0.0009356267369512632,0.6068757902474979,0.001896486844523431,0.002832113581474694,0.00771065443583795,0.009607141280361381,-1.734723475976807e-18,0.00021245547506279426,-5.421010862427522e-20,-0.0018852644614646644,0.0,0.00023316883129229944,-0.00018006682988434182,0.0,raw,raw,raw,0.0
0.1,0.9452164808776542,0.35780853443039384,0.012112264796957102,-4.433455218162611,-3.166753727259008,0.0,0.0121122647969571,0.0121122647969571,2.476932709485404,0.007740414717141887,0.019852679514098987,2.4867828481269887e-34,0.007740414717141887,5.204170427930421e-18,0.0003948104792425998,1.6263032587282567e-19,0.002622333236522242,0.000939065267760938,0.5906104825784512,0.00184565775805766,0.002784723025818598,0.007806663591673556,0.009652321349731216,0.0,0.00021234989461792843,-5.421010862427522e-20,-0.0019119066325893296,0.0,0.000234688480642101,-0.00018246058462467138,0.0,raw,raw,raw,0.0
0.10250000000000001,0.9426127533924709,0.3601988212119102,0.012155153700698421,-4.4651227554352015,-3.166753727259008,0.0,0.012155153700698418,0.01215515370069842,2.482746938199071,0.007758584181872097,0.019913737882570517,2.1589568313177297e-34,0.007758584181872097,2.6020852139652106e-18,0.0003969829947670005,3.2526065174565133e-19,0.002578957409384376,0.0009263030931700565,0.5718725880847835,0.0017871018377649483,0.002713404930935005,0.007923541975099724,0.009710643812864673,1.734723475976807e-18,0.00021095468759748566,8.131516293641283e-20,-0.0019520596309925758,0.0,0.00023650868864877832,-0.00018602830716951481,0.0,raw,raw,raw,0.0
0.105,0.939961763942225,0.36259134029535234,0.012196325895549484,-4.496790292707791,-3.166753727259008,0.0,0.012196325895549484,0.012196325895549484,2.488441193158389,0.007776378728619966,0.01997270462416945,2.1297079040548987e-34,0.007776378728619966,8.673617379884035e-19,0.0003990390134328335,-1.0842021724855044e-19,0.002546692594359741,0.0009281656867907604,0.5534771123509032,0.0017296159760965726,0.0026577816628873333,0.008031106393620764,0.009760722369717336,0.0,0.0002101326360029191,0.0,-0.00198434364109737,0.0,0.00023808432866632767,-0.0001889063774299144,0.0,raw,raw,raw,0.0
0.1075,0.9372646780788843,0.3649859354686352,0.012235766341172412,-4.528457829980383,-3.166753727259008,0.0,0.012235766341172412,0.012235766341172412,2.4940134688149858,0.00779379209004683,0.020029558431219244,2.371748600407364e-34,0.00779379209004683,1.734723475976807e-18,0.0004009777646313843,3.2526065174565133e-19,0.0025164867483114025,0.0009214566694926314,0.5388219001373031,0.0016838184379290722,0.0026052751074217037,0.008124249514042238,0.00980806795197131,1.734723475976807e-18,0.00020939933128599094,8.131516293641283e-20,-0.002014275861924479,0.0,0.0002395880597860336,-0.00019157843334539337,0.0,raw,raw,raw,0.0
0.11,0.9345226737778015,0.36738245055474517,0.012273461001105272,-4.560125367252972,-3.166753727259008,0.0,0.012273461001105272,0.012273461001105272,2.4994618299606053,0.0078108182186268915,0.020084279219732163,2.245734092687958e-34,0.0078108182186268915,0.0,0.0004027985458295146,-2.168404344971009e-19,0.0024977741435818863,0.0009270778210622782,0.5241590344051453,0.0016379969825160792,0.002565074803578357,0.008204990535003776,0.009842987517519856,0.0,0.0002095882293869343,-2.710505431213761e-20,-0.0020321692988929645,0.0,0.00024089324749033064,-0.0001932103164425803,0.0,raw,raw,raw,0.0
0.1125,0.9317369401913002,0.36978072945832924,0.012309396851109353,-4.591792904525562,-3.166753727259008,0.0,0.012309396851109353,0.012309396851109353,2.5047844125096392,0.007827451289092622,0.020136848140201974,1.8899348702578121e-34,0.007827451289092622,-5.204170427930421e-18,0.00040450072308392945,-5.421010862427522e-19,0.0024525872522530206,0.0009097527613246227,0.5098546953446871,0.0015932959229521472,0.0025030486842767697,0.008313975107927935,0.009907271030880082,0.0,0.00020710618371476452,-2.710505431213761e-20,-0.0020798197417874597,0.0,0.00024246895667329803,-0.00019739453936916493,0.0,raw,raw,raw,0.0
0.115,0.9289086764049386,0.3721806162119759,0.012343561886323268,-4.6234604417981515,-3.166753727259008,0.0,0.012343561886323266,0.012343561886323266,2.5099794242051003,0.007843685700640939,0.020187247586964205,2.5930074589810167e-34,0.007843685700640939,1.734723475976807e-18,0.00040608373147269406,1.0842021724855044e-19,0.0024207243727393268,0.0008990257492442444,0.4982770618766085,0.0015571158183644014,0.0024561415676086456,0.008401138890088856,0.009958254708453258,3.469446951953614e-18,0.00020562177546877637,1.3552527156068805e-19,-0.0021145690078123187,0.0,0.00024380694517494756,-0.0002004619560039177,0.0,raw,raw,raw,0.0
0.11750000000000001,0.9260390901989306,0.37458195502215563,0.01237594512722268,-4.655127979070742,-3.166753727259008,0.0,0.01237594512722268,0.01237594512722268,2.5150451452480085,0.007859516078900026,0.020235461206122705,1.8012540364986535e-34,0.007859516078900026,3.469446951953614e-18,0.00040754707544389795,-2.168404344971009e-19,0.002401294230512368,0.0009012975404464717,0.4832747770473404,0.0015102336782729388,0.0024115312187194104,0.008474654206644415,0.009984887884917354,0.0,0.00020605839169432442,-2.710505431213761e-20,-0.0021253718060173284,0.0,0.00024508329691882806,-0.00020148868374957353,0.0,raw,raw,raw,0.0
0.12,0.9231293968171284,0.3769845903147938,0.012406536624386838,-4.686795516343331,-3.166753727259008,0.0,0.012406536624386838,0.012406536624386838,2.519979928850324,0.007874937277657262,0.0202814739020441,1.9122866284095574e-34,0.007874937277657262,-1.734723475976807e-18,0.00040889032908152036,5.421010862427522e-20,0.0023701944892065216,0.0008932029544348439,0.4697463198837517,0.001467957249636724,0.002361160204071568,0.00855935060040864,0.010027307850045363,0.0,0.00020499409977081892,0.0,-0.002152370572388101,0.0,0.0002464085959730924,-0.00020389622931070144,0.0,raw,raw,raw,0.0
0.1225,0.9201808177459013,0.3793883667804462,0.01243532746207502,-4.71846305361592,-3.166753727259008,0.0,0.01243532746207502,0.01243532746207502,2.5247822017116284,0.007889944380348839,0.02032527184242386,2.0892354785728275e-34,0.007889944380348839,0.0,0.0004101131362887376,-1.0842021724855044e-19,0.0023338953471227627,0.0008736473319692785,0.4599764100457732,0.0014374262813930414,0.00231107361336232,0.008641184099798775,0.010078610381191816,-1.734723475976807e-18,0.00020302206610654366,-1.3552527156068805e-19,-0.0021886660008429773,0.0,0.0002476995307122455,-0.00020709107018219395,0.0,raw,raw,raw,0.0
0.125,0.9171945795051665,0.38179312941904786,0.01246230976061835,-4.750130590888514,-3.166753727259008,0.0,0.01246230976061835,0.01246230976061835,2.529450464419968,0.0079045327013124,0.02036684246193075,2.2608959404321098e-34,0.0079045327013124,3.469446951953614e-18,0.0004112152108890091,-2.168404344971009e-19,0.0022911819221809126,0.0008508129934444104,0.448836896851474,0.0014026153026608563,0.0022534282961052666,0.008730758909700936,0.010133374212361792,0.0,0.0002005932616977598,2.710505431213761e-20,-0.0022288415110493925,0.0,0.00024906377355353714,-0.00021062194919124928,0.0,raw,raw,raw,0.0
0.1275,0.9141719124537433,0.3841987235842115,0.012487476677634416,-4.781798128161102,-3.166753727259008,0.0,0.012487476677634418,0.012487476677634418,2.533983291777305,0.007918697786804079,0.020406174464438497,2.4017520470052085e-34,0.007918697786804079,-3.469446951953614e-18,0.0004121963366454811,-2.168404344971009e-19,0.002259026818368889,0.0008368798371812518,0.43920326392881853,0.001372510199777558,0.0022093900369588096,0.00880630287807789,0.010178813077855448,0.0,0.00019881867546721874,-2.710505431213761e-20,-0.002260115291051369,0.0,0.00025021013457524435,-0.00021337766117826237,0.0,raw,raw,raw,0.0
0.13,0.9111140496111076,0.38660499502704476,0.012510822408074253,-4.813465665433693,-3.166753727259008,0.0,0.012510822408074256,0.012510822408074253,2.5383793330502185,0.007932435415781933,0.020443257823856184,2.23863596522783e-34,0.007932435415781933,-8.673617379884035e-18,0.0004130563671993603,-9.215718466126788e-19,0.0022190051864469677,0.0008190410432269292,0.42808721852351017,0.0013377725578859693,0.0021568136011128987,0.008891853078407248,0.010229625636293217,0.0,0.0001964225453099914,-1.0842021724855044e-19,-0.002297190220511284,0.0,0.0002514429781871638,-0.0002166338218893689,0.0,raw,raw,raw,0.0
0.1325,0.9080222254975333,0.3890117899394631,0.01253234218311318,-4.845133202706283,-3.166753727259008,0.0,0.01253234218311318,0.01253234218311318,2.54263731214657,0.007945741600458031,0.02047808378357121,1.9198682288040092e-34,0.007945741600458031,-1.734723475976807e-18,0.0004137952259280521,-3.7947076036992655e-19,0.0021793340657449913,0.0007977708471922354,0.4186857393763903,0.0013083929355512196,0.002106163782743455,0.008971444898815432,0.010279837834366652,0.0,0.00019392449134796678,-5.421010862427522e-20,-0.0023340962339086207,0.0,0.00025261829056296694,-0.0002198707345800853,0.0,raw,raw,raw,0.0
0.135,0.9048976749945046,0.3914189549969726,0.012552032267898958,-4.876800739978871,-3.166753727259008,0.0,0.012552032267898958,0.01255203226789896,2.546756027718974,0.007958612586621793,0.020510644854520754,2.2089758017352966e-34,0.007958612586621793,3.469446951953614e-18,0.00041441290572402276,-5.421010862427522e-20,0.0021235415933058095,0.0007590798100050465,0.4084708328982705,0.0012764713528070953,0.002035551162812142,0.009064028891292387,0.010340500244099483,-1.734723475976807e-18,0.0001903593137935376,-1.8973538018496328e-19,-0.0023818876574776895,0.0,0.0002540369534691967,-0.00022405359193048517,0.0,raw,raw,raw,0.0
0.1375,0.9017416322271841,0.3938263374008981,0.012569889958172695,-4.908468277251462,-3.166753727259008,0.0,0.012569889958172695,0.012569889958172695,2.550734353196022,0.007971044853737569,0.020540934811910265,1.8591199320976277e-34,0.007971044853737569,1.734723475976807e-18,0.0004149094686954418,-1.0842021724855044e-19,0.002089925461704084,0.0007430104710366765,0.3995996814291252,0.0012487490044660163,0.001991759475502693,0.009133049505801204,0.01038179851026722,-1.734723475976807e-18,0.00018831568241844477,-1.3552527156068805e-19,-0.0024107536565296517,0.0,0.0002550555937879604,-0.00022659378627699705,0.0,raw,raw,raw,0.0
0.14,0.898555329470609,0.3962337849200339,0.012585913575779564,-4.940135814524052,-3.166753727259008,0.0,0.012585913575779564,0.012585913575779564,2.554571236742318,0.007983035114819743,0.020568948690599307,2.7751531872302745e-34,0.007983035114819743,0.0,0.00041528504578981686,-1.6263032587282567e-19,0.0020458660855134283,0.0007172487153531514,0.39166594481324496,0.0012239560775413904,0.0019412047928945419,0.009211430120105857,0.010435386197647247,1.734723475976807e-18,0.0001850636496754883,1.6263032587282567e-19,-0.0024523510828275037,0.0,0.00025613593028224046,-0.00023022139611432856,0.0,raw,raw,raw,0.0
0.14250000000000002,0.8953399960811876,0.39864114593169364,0.012600102463088406,-4.971803351796641,-3.166753727259008,0.0,0.012600102463088405,0.012600102463088406,2.5582657011484744,0.007994580316088983,0.02059468277917739,2.3610111664298427e-34,0.007994580316088983,3.469446951953614e-18,0.00041553983634195634,1.6263032587282567e-19,0.002016242477611765,0.0007040683048713674,0.38479076660016176,0.0012024711456255055,0.001906539450496873,0.009271685812736245,0.01047415695836175,0.0,0.00018293367461290778,0.0,-0.002479576642272767,0.0,0.00025696643689251215,-0.00023260616172904856,0.0,raw,raw,raw,0.0
0.145,0.8920968574549546,0.40104826946213856,0.012612456976340714,-5.003470889069231,-3.166753727259008,0.0,0.012612456976340714,0.012612456976340714,2.5618168436523123,0.008005677636413477,0.02061813461275419,2.15990814859569e-34,0.008005677636413477,-3.469446951953614e-18,0.0004156741075477012,-2.168404344971009e-19,0.0019760081393166745,0.0006831783321743445,0.3769187986118946,0.0011778712456621706,0.001861049577836515,0.00934361902988171,0.010521490275543879,1.734723475976807e-18,0.00017990730906614527,8.131516293641283e-20,-0.0025158126391304023,0.0,0.00025791440182907515,-0.00023576679848155593,0.0,raw,raw,raw,0.0
0.1475,0.888827134013926,0.4034550052263626,0.01262297847795132,-5.03513842634182,-3.166753727259008,0.0,0.01262297847795132,0.01262297847795132,2.565223835692612,0.008016324486539413,0.020639302964490736,1.7114905883636604e-34,0.008016324486539413,5.204170427930421e-18,0.000415688193864992,1.0842021724855044e-19,0.0019203769845871238,0.0006476786916225236,0.36822913713772665,0.0011507160535553958,0.0017983947451779194,0.009429903200399596,0.010580619253954992,0.0,0.00017570244442969738,8.131516293641283e-20,-0.002564294767415579,0.0,0.00025906699064671046,-0.0002399857494352946,0.0,raw,raw,raw,0.0
0.15,0.8855320402217961,0.4058612036672152,0.01263166932778452,-5.066805963614412,-3.166753727259008,0.0,0.01263166932778452,0.01263166932778452,2.5684859225968335,0.008026518508115105,0.020658187835899625,2.1745293210709704e-34,0.008026518508115105,-3.469446951953614e-18,0.000415582496343956,-5.421010862427522e-20,0.0018948328237241938,0.0006345768420640781,0.3609114435515176,0.0011278482610984925,0.0017624251031625707,0.009476580522400212,0.010604428783498704,-1.734723475976807e-18,0.00017437531640453137,-1.3552527156068805e-19,-0.002577910275383599,0.0,0.0002598212533155154,-0.00024120717993942464,0.0,raw,raw,raw,0.0
0.1525,0.8822127836300879,0.40826671599384085,0.01263853287343087,-5.098473500887003,-3.166753727259008,0.0,0.01263853287343087,0.01263853287343087,2.571602423204314,0.008036257572513483,0.020674790445944353,1.5131892365615744e-34,0.008036257572513483,3.469446951953614e-18,0.0004153574818877798,-2.168404344971009e-19,0.0018587792993750973,0.000614130095357937,0.3546707385247338,0.001108346057889793,0.0017224761532477302,0.009535104370038613,0.010643450427928407,0.0,0.00017159518686123284,-8.131516293641283e-20,-0.002607192855414924,0.0,0.00026059885077974403,-0.00024376229502654694,0.0,raw,raw,raw,0.0
0.155,0.8788705639557773,0.4106713942194205,0.012643573439511271,-5.130141038159593,-3.166753727259008,0.0,0.01264357343951127,0.01264357343951127,2.5745727294265253,0.008045539779457891,0.02068911321896916,2.060418535996783e-34,0.008045539779457891,0.0,0.0004150136824462563,1.6263032587282567e-19,0.001827876708831574,0.0005973125251956181,0.3461707505395878,0.0010817835954362118,0.00167909612063183,0.00958513254704374,0.010666916142479952,1.734723475976807e-18,0.0001699783479468679,1.0842021724855044e-19,-0.0026213763630220602,0.0,0.00026139227814721494,-0.00024503533449938837,0.0,raw,raw,raw,0.0
0.1575,0.8755065721912735,0.41307509119819413,0.012646796316036213,-5.1618085754321825,-3.166753727259008,0.0,0.012646796316036213,0.012646796316036213,2.5773963057460243,0.008054363455456326,0.02070115977149254,2.087326087346324e-34,0.008054363455456326,1.734723475976807e-18,0.00041455169414397796,2.168404344971009e-19,0.0018101200530410825,0.0005920585954024302,0.33812721011026675,0.0010566475315945836,0.0016487061269970138,0.009618614805356479,0.010675262336951062,0.0,0.00016950734699905774,-5.421010862427522e-20,-0.0026208988814947366,0.0,0.00026197579079844556,-0.0002450443471449202,0.0,raw,raw,raw,0.0
0.16,0.8721219897475525,0.4154776606617508,0.012648207745849346,-5.193476112704771,-3.166753727259008,0.0,0.012648207745849346,0.012648207745849346,2.5800726886558545,0.008062727152049545,0.02071093489789889,1.965325349583791e-34,0.008062727152049545,0.0,0.00041397217634522496,-2.710505431213761e-19,0.0017610096021054894,0.0005622736707670056,0.3328064060820573,0.001040020019006429,0.0016022936897734346,0.009688462212405373,0.010728482231411802,-1.734723475976807e-18,0.00016504938202520984,-8.131516293641283e-20,-0.002665755079362257,0.0,0.0002627483832261532,-0.0002489227943200151,0.0,raw,raw,raw,0.0
0.1625,0.8687179876311133,0.41787895725456825,0.012647814911185544,-5.225143649977364,-3.166753727259008,0.0,0.012647814911185544,0.012647814911185544,2.582601486041121,0.008070629643878504,0.020718444555064046,2.066923099477561e-34,0.008070629643878504,-1.734723475976807e-18,0.00041327585065769907,-2.710505431213761e-19,0.0017333415087191972,0.0005504606384185633,0.3267419042269134,0.0010210684507091043,0.0015715290891276676,0.009731592532165713,0.010752660982874817,0.0,0.00016292484045249075,2.710505431213761e-20,-0.0026820313389963133,0.0,0.00026327466341789834,-0.0002503510102052083,0.0,raw,raw,raw,0.0
0.165,0.8652957256553232,0.4202788365687911,0.012645625919374803,-5.256811187249955,-3.166753727259008,0.0,0.012645625919374806,0.012645625919374806,2.584982376504625,0.008078069926576953,0.02072369584595176,1.6107450802259757e-34,0.008078069926576953,-5.204170427930421e-18,0.0004124634998773145,-1.0842021724855044e-19,0.0016999916795112312,0.0005303479760982006,0.32173633762488024,0.0010054260550777508,0.0015357740311759513,0.009775990536450542,0.010781416591528294,-3.469446951953614e-18,0.00016025275996274315,-1.6263032587282567e-19,-0.002703346664951341,0.0,0.00026383851051420504,-0.00025221073991457134,0.0,raw,raw,raw,0.0
0.1675,0.86185635168662,0.4226771551782301,0.012641649787724155,-5.288478724522545,-3.166753727259008,0.0,0.012641649787724155,0.012641649787724155,2.587215108638397,0.008085047214494991,0.020726697002219144,1.8520326095665105e-34,0.008085047214494991,-1.734723475976807e-18,0.0004115359668763277,-2.710505431213761e-19,0.001667874338814811,0.0005138439990060501,0.3160023949121388,0.0009875074841004337,0.0015013514831064838,0.009819745109100584,0.010807252593201018,-1.734723475976807e-18,0.00015767849657795992,-1.0842021724855044e-19,-0.0027222053787060267,0.0,0.000264353095392415,-0.00025385747029836776,0.0,raw,raw,raw,0.0
0.17,0.8584010009259233,0.42507377067157276,0.012635896427610711,-5.320146261795134,-3.166753727259008,0.0,0.012635896427610711,0.012635896427610711,2.5892995002430896,0.008091560938259655,0.020727457365870366,2.287249593117782e-34,0.008091560938259655,0.0,0.0004104941534371516,-3.7947076036992655e-19,0.001626000974930019,0.00048727234788623243,0.3111326235786183,0.0009722894486831823,0.0014595617965694147,0.009871166825636903,0.010843456274320085,3.469446951953614e-18,0.0001540633055281637,2.439454888092385e-19,-0.00275189533606043,0.0,0.0002649381687511848,-0.0002564308479089879,0.0,raw,raw,raw,0.0
0.17250000000000001,0.8549307952255165,0.4274685416847918,0.012628376627819692,-5.351813799067722,-3.166753727259008,0.0,0.012628376627819692,0.012628376627819692,2.5912354374971778,0.008097610742178681,0.020725987369998373,2.0325755882147772e-34,0.008097610742178681,-3.469446951953614e-18,0.00040933901903426146,-1.6263032587282567e-19,0.0015874092231541789,0.00046506627698200307,0.3065735306073388,0.0009580422831479337,0.0014231085601299368,0.009918624458493338,0.010876666741641271,0.0,0.00015055862736304727,-2.710505431213761e-20,-0.00277905599946259,0.0,0.00026541919666933997,-0.0002587803916712142,0.0,raw,raw,raw,0.0
0.17500000000000002,0.8514468424415621,0.4298613279327426,0.012619102037162041,-5.383481336340314,-3.166753727259008,0.0,0.01261910203716204,0.01261910203716204,2.5930228740779784,0.008103196481493682,0.020722298518655723,2.0059131691865477e-34,0.008103196481493682,0.0,0.00040807157956664585,1.0842021724855044e-19,0.0015471311265573375,0.0004451555421584211,0.3007510896628007,0.0009398471551962521,0.0013850026973546731,0.009969995326205783,0.010909842481402036,3.469446951953614e-18,0.00014690581227630193,2.439454888092385e-19,-0.002806645999908354,0.0,0.0002658924388015723,-0.00026116576729034394,0.0,raw,raw,raw,0.0
0.1775,0.8479502358223142,0.43225199023993727,0.012608085146406697,-5.415148873612903,-3.166753727259008,0.0,0.012608085146406697,0.012608085146406697,2.594661830236516,0.008108318219489112,0.020716403365895808,1.83399601461417e-34,0.008108318219489112,-1.734723475976807e-18,0.00040669290604329156,-3.7947076036992655e-19,0.0015137070312250475,0.0004285602944849891,0.2962889448764059,0.0009259029527387685,0.0013544632472237575,0.010009231378441591,0.01093513433118036,0.0,0.00014378387572823863,-2.710505431213761e-20,-0.0028268161116912476,0.0,0.00026623130377995813,-0.00026290903031505296,0.0,raw,raw,raw,0.0
0.18,0.8444420534320088,0.4346403905704883,0.01259533926956332,-5.446816410885494,-3.166753727259008,0.0,0.01259533926956332,0.01259533926956332,2.5961523918283045,0.008112976224463452,0.020708315494026772,2.589117943237975e-34,0.008112976224463452,3.469446951953614e-18,0.00040520412322424607,-3.2526065174565133e-19,0.001485719709859112,0.00041608144811520467,0.2916938641041422,0.0009115433253254444,0.001327624773440649,0.010039981297960299,0.010951524623285743,3.469446951953614e-18,0.00014127593335617808,1.8973538018496328e-19,-0.002838548398822291,0.0,0.00026648912903732625,-0.00026392818986806796,0.0,raw,raw,raw,0.0
0.1825,0.8409233576103213,0.43702639205721333,0.012580878524551451,-5.478483948158084,-3.166753727259008,0.0,0.012580878524551453,0.012580878524551455,2.5974947093021132,0.008117170966569104,0.020698049491120557,2.1765797249952197e-34,0.008117170966569104,-5.204170427930421e-18,0.00040360640821982246,-4.336808689942018e-19,0.0014527151022307116,0.00040038140581134574,0.2872482579017403,0.0008976508059429384,0.0012980322117542842,0.010075829725901375,0.010973480531844314,-1.734723475976807e-18,0.0001381459308950934,-1.6263032587282567e-19,-0.00285630956527521,0.0,0.00026675487383924604,-0.00026546047732472903,0.0,raw,raw,raw,0.0
0.185,0.8373951944671995,0.4394098590298927,0.012564717813292693,-5.510151485430674,-3.166753727259008,0.0,0.012564717813292693,0.012564717813292693,2.5986889966488143,0.008120903114527544,0.02068562092782024,1.758752203964602e-34,0.008120903114527544,1.734723475976807e-18,0.00040190098905053587,1.6263032587282567e-19,0.001427370252233893,0.00038958043456117046,0.2823104705358567,0.0008822202204245521,0.0012718006549857226,0.010099557743386077,0.010981777963810628,1.734723475976807e-18,0.00013603633005613555,1.3552527156068805e-19,-0.002860874849283084,0.0,0.0002669446682980964,-0.0002658646589944003,0.0,raw,raw,raw,0.0
0.1875,0.8338585934128031,0.44179065704267556,0.012546872801262494,-5.5418190227032635,-3.166753727259008,0.0,0.012546872801262494,0.012546872801262494,2.5997355303124188,0.008124173532226308,0.020671046333488804,2.284938821527921e-34,0.008124173532226308,1.734723475976807e-18,0.00040008914317038935,-1.6263032587282567e-19,0.0013916524610034116,0.00037200446131033314,0.2774471392445221,0.0008670223101391315,0.0012390267714494645,0.010135572340566005,0.011002594650705137,-1.734723475976807e-18,0.00013271178050540237,-8.131516293641283e-20,-0.0028784211184788282,0.0,0.0002671949128739587,-0.000267377362664987,0.0,raw,raw,raw,0.0
0.19,0.8303145667222047,0.4441686529006268,0.012527359896538538,-5.573486559975855,-3.166753727259008,0.0,0.01252735989653854,0.01252735989653854,2.600634648065417,0.00812698327520443,0.02065434317174297,1.6906431507170192e-34,0.00812698327520443,-3.469446951953614e-18,0.00039817219595612375,-2.168404344971009e-19,0.0013703412037752503,0.0003657077134889699,0.27312344206758143,0.000853510756461192,0.001219218469950162,0.010152385202477009,0.011005895958938201,-3.469446951953614e-18,0.00013074942104930365,-1.8973538018496328e-19,-0.002878912683733772,0.0,0.0002672376092876403,-0.0002674227749068201,0.0,raw,raw,raw,0.0
0.1925,0.8267641091344394,0.44654371468541204,0.012506196228382692,-5.605154097248444,-3.166753727259008,0.0,0.012506196228382692,0.012506196228382692,2.6013867478505364,0.008129333587032926,0.020635529815415617,2.147642795875581e-34,0.008129333587032926,-1.734723475976807e-18,0.0003961515191650833,-4.87890977618477e-19,0.0013464645715695511,0.00035435573475080625,0.2696231536512617,0.0008425723551601929,0.001196928089910999,0.010167622819994395,0.011010195175154587,1.734723475976807e-18,0.00012855902354319857,1.0842021724855044e-19,-0.002880861588121661,0.0,0.0002672854191946225,-0.0002675924956218847,0.0,raw,raw,raw,0.0
0.195,0.8232081974854221,0.44891571178011613,0.012483399625393516,-5.636821634521034,-3.166753727259008,0.0,0.012483399625393516,0.012483399625393516,2.6019922865910186,0.008131225895596932,0.02061462552099045,2.4271011808765734e-34,0.008131225895596932,0.0,0.0003940285293643148,0.0,0.0013219121766792857,0.00034310913362208396,0.2654660371589993,0.0008295813661218729,0.0011726904997439568,0.01018268440565703,0.011012265771778903,-1.734723475976807e-18,0.0001264169834001955,-2.168404344971009e-19,-0.002881039876181971,0.0,0.00026733125280766976,-0.0002676115459641193,0.0,raw,raw,raw,0.0
0.1975,0.8196477903741942,0.4512845148931925,0.012458988593266367,-5.668489171793624,-3.166753727259008,0.0,0.012458988593266366,0.012458988593266366,2.6024517789715516,0.0081326618092861,0.020591650402552467,1.524546838674258e-34,0.0081326618092861,6.938893903907228e-18,0.0003918046863335496,2.710505431213761e-19,0.0012986124932027748,0.0003337361601334179,0.2619177622174239,0.0008184930069294497,0.0011522291670628677,0.010195499766994234,0.011013992773923684,1.734723475976807e-18,0.00012417133588887012,1.3552527156068805e-19,-0.0028813309646375847,0.0,0.00026729668765276387,-0.0002676333504446795,0.0,raw,raw,raw,0.0
0.2,0.8160838278619001,0.45364999608154033,0.012432982292197848,-5.7001567090662135,-3.166753727259008,0.0,0.012432982292197846,0.012432982292197848,2.6027657961919215,0.008133643113099755,0.020566625405297603,1.9237364606660854e-34,0.008133643113099755,3.469446951953614e-18,0.00038948149144467934,3.2526065174565133e-19,0.0012800916350495437,0.00032742164635244574,0.25838223545063804,0.0008074444857832439,0.0011348661321356895,0.010200220668451207,0.011007665154234451,-1.734723475976807e-18,0.00012247835457185688,-1.0842021724855044e-19,-0.0028740220411346967,0.0,0.00026719133383968984,-0.00026700313687282246,0.0,raw,raw,raw,0.0
0.2025,0.812517231202845,0.45601202877271063,0.012405400513971335,-5.731824246338805,-3.166753727259008,0.0,0.012405400513971336,0.012405400513971336,2.6029349646954936,0.008134171764673417,0.020539572278644752,1.8657869888521279e-34,0.008134171764673417,-3.469446951953614e-18,0.0003870604860203477,-5.963111948670274e-19,0.0012475598192793493,0.0003118668886177177,0.25519334008686173,0.000797479187771443,0.0011093460763891606,0.010222147764030354,0.011019626951801796,1.734723475976807e-18,0.00011908732354582493,2.710505431213761e-20,-0.002885455187128379,0.0,0.00026717025374835214,-0.0002679731624745228,0.0,raw,raw,raw,0.0
0.20500000000000002,0.8089489026069375,0.45837048778623796,0.012376263658759903,-5.763491783611393,-3.166753727259008,0.0,0.012376263658759903,0.012376263658759901,2.602959964874582,0.008134249890233067,0.02051051354899297,2.3385293515745914e-34,0.008134249890233067,3.469446951953614e-18,0.000384543249674242,-1.0842021724855044e-19,0.0012307208592037332,0.00030504380173545424,0.25124074244415906,0.0007851273201379971,0.0010901711218734515,0.01021986574208789,0.011004993062225887,1.734723475976807e-18,0.00011783216034920597,6.776263578034403e-20,-0.0028707431719928195,0.0,0.00026703434947819034,-0.000266711089325036,0.0,raw,raw,raw,0.0
0.20750000000000002,0.8053797250327728,0.46072524935409986,0.012345592711682674,-5.795159320883984,-3.166753727259008,0.0,0.012345592711682674,0.012345592711682674,2.602841529754746,0.00813387978048358,0.020479472492166254,2.2109645247190547e-34,0.00813387978048358,-3.469446951953614e-18,0.00038193139863566686,5.421010862427522e-20,0.0012025443465889065,0.0002928245854863506,0.24762786435838674,0.0007738370761199585,0.0010666616616063092,0.010233328603991211,0.01100716568011117,0.0,0.0001150129801681473,-1.3552527156068805e-20,-0.002873285899627589,0.0,0.0002669307882255829,-0.00026691841846751953,0.0,raw,raw,raw,0.0
0.21,0.80181056201058,0.46307619114030435,0.012313409219150317,-5.826826858156573,-3.166753727259008,0.0,0.012313409219150317,0.012313409219150317,2.6025804436600564,0.008133063886437676,0.020446473105587993,2.8434473409837823e-34,0.008133063886437676,0.0,0.0003792265840609243,-1.6263032587282567e-19,0.0011646400529478178,0.0002765188998648106,0.24303313452298558,0.00075947854538433,0.0010359974452491406,0.010260648013119492,0.011020126558503823,-1.734723475976807e-18,0.00011113986921375842,-1.2197274440461925e-19,-0.002887062672066147,0.0,0.00026689867907698004,-0.00026808671484716584,0.0,raw,raw,raw,0.0
0.2125,0.798242257494214,0.465423192259608,0.012279735265034775,-5.8584943954291635,-3.166753727259008,0.0,0.012279735265034775,0.012279735265034779,2.6021775408613075,0.008131804815191586,0.020411540080226366,2.8073200513805032e-34,0.008131804815191586,8.673617379884035e-18,0.00037643049033401913,3.2526065174565133e-19,0.0011323822191412294,0.00026275125394228634,0.2389749337167395,0.000746796667864811,0.0010095479218070972,0.010277722080694603,0.011024518748559415,-1.734723475976807e-18,0.00010787333354140838,-6.776263578034403e-20,-0.002892713933367829,0.0,0.0002667820288981846,-0.00026855715679261074,0.0,raw,raw,raw,0.0
0.215,0.7946756357413483,0.46776613329536526,0.012244593446697972,-5.890161932701755,-3.166753727259008,0.0,0.012244593446697972,0.012244593446697972,2.6016337042091577,0.008130105325653617,0.02037469877235159,2.1622372662723123e-34,0.008130105325653617,3.469446951953614e-18,0.00037354483335916614,5.421010862427522e-20,0.0011124447743168359,0.00025558267076182084,0.23568152925701788,0.0007365047789281809,0.0009920874496900018,0.01027528656882612,0.011011791347754301,0.0,0.00010594770076974549,8.131516293641283e-20,-0.0028816860221006838,0.0,0.0002665155377748525,-0.0002675971325894206,0.0,raw,raw,raw,0.0
0.2175,0.7911115012209925,0.4701048963165147,0.012208006850913524,-5.921829469974345,-3.166753727259008,0.0,0.012208006850913524,0.012208006850913524,2.600949863754128,0.008127968324231651,0.020335975175145175,2.371276097411951e-34,0.008127968324231651,-3.469446951953614e-18,0.00037057135884751105,-2.710505431213761e-19,0.0010973465938991435,0.0002505445824957989,0.232137072865783,0.0007254283527055719,0.0009759729352013707,0.010263858245611036,0.010989286598316607,1.734723475976807e-18,0.00010473190966412163,5.421010862427522e-20,-0.002861318274084956,0.0,0.0002662046574843273,-0.0002658394491833894,0.0,raw,raw,raw,0.0
0.22,0.7875506385474388,0.4724393648937041,0.012169999029715004,-5.953497007246936,-3.166753727259008,0.0,0.012169999029715004,0.012169999029715004,2.600126995355349,0.008125396860485466,0.02029539589020047,2.4971947017848677e-34,0.008125396860485466,-1.734723475976807e-18,0.0003675118406004784,-5.421010862427522e-20,0.0010787350895756056,0.00024411756280670423,0.22932948692610186,0.0007166546466440683,0.0009607722094507725,0.010256646413370497,0.010973301060014566,0.0,0.00010284224946092098,-4.0657581468206416e-20,-0.0028479041995291,0.0,0.00026585569623039865,-0.00026466959113955737,0.0,raw,raw,raw,0.0
0.2225,0.7839938124397193,0.47476942411455975,0.012130593976203474,-5.985164544519524,-3.166753727259008,0.0,0.012130593976203474,0.012130593976203474,2.5991661192799396,0.008122394122749812,0.020252988098953286,1.771923864157906e-34,0.008122394122749812,3.469446951953614e-18,0.00036436807879206066,0.0,0.001049060752741747,0.00023157446943867567,0.22681054273795637,0.0007087829460561137,0.0009403574154947894,0.010264046940158656,0.01097282988621477,-1.734723475976807e-18,9.950900948029289e-05,-5.421010862427522e-20,-0.002850435763464958,0.0,0.00026555328726172203,-0.0002648590693117678,0.0,raw,raw,raw,0.0
0.225,0.7804417677056449,0.47709496059810474,0.012089816100346432,-6.016832081792115,-3.166753727259008,0.0,0.012089816100346432,0.01208981610034643,2.598068298794818,0.008118963433733806,0.020208779534080235,2.3834363498045086e-34,0.008118963433733806,-6.938893903907228e-18,0.0003611418982523498,-5.421010862427522e-19,0.0010286049698021817,0.00022251719145051601,0.2237326523529373,0.000699164538602929,0.000921681730053445,0.010255123352192584,0.010954287890795512,1.734723475976807e-18,9.759713205635406e-05,1.6263032587282567e-19,-0.0028353244570617064,0.0,0.00026520220406764665,-0.00026354476619599575,0.0,raw,raw,raw,0.0
0.2275,0.7768952292494754,0.47941586250833257,0.012047690204799413,-6.048499619064707,-3.166753727259008,0.0,0.012047690204799413,0.012047690204799413,2.5968346387527412,0.008115108246102317,0.02016279845090173,2.2063346024050998e-34,0.008115108246102317,-1.734723475976807e-18,0.00035783514675453054,-1.6263032587282567e-19,0.0010080634592980716,0.00021627852443801242,0.2208375221990027,0.0006901172568718834,0.0009063957813098958,0.010247841810641282,0.010937959067513166,0.0,9.538651515075281e-05,1.3552527156068805e-20,-0.002822850821410849,0.0,0.0002647801386335924,-0.0002624486316037777,0.0,raw,raw,raw,0.0
0.23,0.7733549021022734,0.4817320195669414,0.012004241460780857,-6.0801671563372945,-3.166753727259008,0.0,0.012004241460780857,0.012004241460780857,2.595466284174305,0.008110832138044703,0.02011507359882556,1.8097425145003453e-34,0.008110832138044703,-3.469446951953614e-18,0.0003544496933075305,-1.0842021724855044e-19,0.0009891384571720251,0.00020901374186278285,0.217729171002652,0.0006804036593832874,0.0008894174012460703,0.010234978288299588,0.010915381947682875,3.469446951953614e-18,9.359258326816118e-05,1.6263032587282567e-19,-0.0028045498096381724,0.0,0.00026435736729558035,-0.0002608571100393693,0.0,raw,raw,raw,0.0
0.2325,0.7698214714739757,0.4840433230652373,0.011959495384029788,-6.111834693609886,-3.166753727259008,0.0,0.011959495384029788,0.011959495384029788,2.593964418827592,0.008106138808836224,0.020065634192866014,2.1207160202805636e-34,0.008106138808836224,1.734723475976807e-18,0.0003509874264564104,1.0842021724855044e-19,0.0009647270492980062,0.0001996463131268188,0.21408227053397497,0.0006690070954186718,0.0008686534085454906,0.010229687598560595,0.010898694693979267,0.0,9.118331497087035e-05,-9.486769009248164e-20,-0.0027925558851430426,0.0,0.0002639630735103723,-0.0002598041114855401,0.0,raw,raw,raw,0.0
0.23500000000000001,0.7662956028262234,0.48634966587521233,0.011913477810875235,-6.143502230882476,-3.166753727259008,0.0,0.011913477810875235,0.011913477810875235,2.592330263807124,0.008101032074397264,0.0200145098852725,2.3842809068485734e-34,0.008101032074397264,0.0,0.0003474502525925745,3.2526065174565133e-19,0.0009437892211686508,0.0001927372021539634,0.21150707833651086,0.0006609596198015965,0.0008536968219555599,0.010218636570691898,0.010879596190493494,0.0,8.887771323462735e-05,-6.776263578034403e-20,-0.0027785641160962306,0.0,0.0002634657587031517,-0.00025857253935794713,0.0,raw,raw,raw,0.0
0.23750000000000002,0.7627779419649875,0.4886509424598068,0.011866214874445176,-6.175169768155065,-3.166753727259008,0.0,0.011866214874445176,0.011866214874445176,2.5905650761137076,0.008095515862855337,0.019961730737300513,1.912988379001006e-34,0.008095515862855337,3.469446951953614e-18,0.00034384009427576557,-3.7947076036992655e-19,0.0009268440523782437,0.0001858754596306128,0.20905594838490998,0.0006532998387028437,0.0008391752983334565,0.010198402229319302,0.010851702068022145,0.0,8.721439172242146e-05,4.0657581468206416e-20,-0.002756186205166808,0.0,0.00026293970722547096,-0.0002566257025533441,0.0,raw,raw,raw,0.0
0.24,0.7592691151520249,0.49094704888236346,0.011817732981042045,-6.206837305427655,-3.166753727259008,0.0,0.011817732981042045,0.011817732981042044,2.5886701472367237,0.008089594210114761,0.019907327191156805,2.26532252226145e-34,0.008089594210114761,0.0,0.00034015888856977,-4.87890977618477e-19,0.0009070675867464931,0.00018016811044576218,0.20655144287083466,0.0006454732589713583,0.0008256413694171205,0.01018376591799482,0.010829239176966179,0.0,8.498695846857083e-05,8.131516293641283e-20,-0.002739644966851418,0.0,0.0002623777402215064,-0.00025517193010119913,0.0,raw,raw,raw,0.0
0.2425,0.7557697292342171,0.493237882815283,0.011768058786710764,-6.238504842700246,-3.166753727259008,0.0,0.011768058786710764,0.011768058786710764,2.5866468017403537,0.008083271255438606,0.019851330042149368,1.9372036546074246e-34,0.008083271255438606,-1.734723475976807e-18,0.0003364085853936867,-1.0842021724855044e-19,0.0008922899526241277,0.00017646012364392043,0.20332230924940167,0.0006353822164043802,0.0008118423400483006,0.010159939005106429,0.01079532122151081,0.0,8.363155026823785e-05,-5.421010862427522e-20,-0.0027120499660722042,0.0,0.0002617975059918995,-0.00025277703512544886,0.0,raw,raw,raw,0.0
0.245,0.752280371789835,0.4955233435478899,0.011717219174024365,-6.270172379972835,-3.166753727259008,0.0,0.011717219174024365,0.011717219174024365,2.5844963958552,0.0080765512370475,0.019793770411071866,2.2272349681597253e-34,0.0080765512370475,1.734723475976807e-18,0.0003325911458905307,1.6263032587282567e-19,0.0008703453653721048,0.00017009939027466014,0.2002675888591583,0.0006258362151848697,0.0007959356054595297,0.010146627833554816,0.010772464048739685,0.0,8.123445155626836e-05,5.421010862427522e-20,-0.0026959128116921856,0.0,0.00026122476871090196,-0.00025135669433426234,0.0,raw,raw,raw,0.0
0.2475,0.7488016112907996,0.49780333199351884,0.011665241229111197,-6.3018399172454265,-3.166753727259008,0.0,0.011665241229111197,0.011665241229111197,2.5822203160766772,0.008069438487739616,0.019734679716850813,2.1930863824383532e-34,0.008069438487739616,-1.734723475976807e-18,0.00032870854081487556,0.0,0.0008468873691424457,0.00016192894280891236,0.19831422207242527,0.000619731943976329,0.0007816608867852414,0.010133395433635218,0.010753127377611547,-1.734723475976807e-18,7.844325941712162e-05,-6.776263578034403e-20,-0.0026836888898719314,0.0,0.00026060853833693857,-0.00025026528139775395,0.0,raw,raw,raw,0.0
0.25,0.7453339972800042,0.5000777506958318,0.011612152218946771,-6.333507454518015,-3.166753727259008,0.0,0.011612152218946771,0.011612152218946773,2.5798199777715323,0.008061937430536039,0.019674089649482814,2.150488431984423e-34,0.008061937430536039,3.469446951953614e-18,0.0003247627489411744,-5.421010862427522e-20,0.0008352476620557922,0.00015884821136951427,0.19514071196668165,0.0006098147248958802,0.0007686629362653945,0.010100505106204702,0.010710319831100582,0.0,7.755414338787435e-05,-5.421010862427522e-20,-0.002648382400564543,0.0,0.0002599541353566343,-0.00024720860555330006,0.0,raw,raw,raw,0.0
0.2525,0.7418780605627903,0.5023465038343767,0.011557979568932227,-6.365174991790605,-3.166753727259008,0.0,0.011557979568932227,0.011557979568932227,2.577296823793765,0.008054052574355515,0.019612032143287744,1.969983013335569e-34,0.008054052574355515,1.734723475976807e-18,0.0003207557554943158,-5.421010862427522e-20,0.0008186910282050122,0.00015435985248309227,0.19286214284562944,0.000602694196392592,0.0007570540488756844,0.010074957365005296,0.010677651561397888,0.0,7.571270293841395e-05,-6.776263578034403e-20,-0.0026235989870423727,0.0,0.0002592604547917669,-0.00024504305255590187,0.0,raw,raw,raw,0.0
0.255,0.7384343134116774,0.5046094972293987,0.01150275084078037,-6.396842529063196,-3.166753727259008,0.0,0.011502750840780368,0.011502750840780368,2.5746523231111937,0.008045788509722481,0.01954853935050285,1.4878993803477825e-34,0.008045788509722481,3.469446951953614e-18,0.00031668955060389125,2.168404344971009e-19,0.0007999833300110292,0.0001487586742157297,0.1906447399337457,0.0005957648122929553,0.000744523486508685,0.01005154285497404,0.010647307667266995,0.0,7.358284669732656e-05,9.486769009248164e-20,-0.002601519157544514,0.0,0.0002585597119444834,-0.0002431067039065647,0.0,raw,raw,raw,0.0
0.2575,0.7350032497834623,0.5068666383459146,0.011446493710729207,-6.428510066335786,-3.166753727259008,0.0,0.011446493710729207,0.011446493710729205,2.571887969443846,0.008037149904512018,0.01948364361524122,2.0551903491458707e-34,0.008037149904512018,-3.469446951953614e-18,0.0003125661277835897,-3.2526065174565133e-19,0.0007824273994943298,0.0001447640293440117,0.1880507954593859,0.000587658735810581,0.0007324227651545927,0.010026402941084558,0.010614061676895138,1.734723475976807e-18,7.161275686069564e-05,1.2197274440461925e-19,-0.0025769117723831204,0.0,0.0002578337678862158,-0.0002409533709228941,0.0,raw,raw,raw,0.0
0.26,0.7315853455478291,0.509117836297064,0.011389235948101883,-6.460177603608376,-3.166753727259008,0.0,0.011389235948101883,0.011389235948101883,2.569005279915285,0.008028141499735266,0.01941737744783715,2.027165881280614e-34,0.008028141499735266,0.0,0.00030838748243704347,-5.421010862427522e-20,0.0007732456666305285,0.00014227731108971205,0.18619896454834525,0.0005818717642135789,0.0007241490753032909,0.009985021925930537,0.010566893690144116,1.734723475976807e-18,7.074545586812926e-05,2.710505431213761e-20,-0.00253875219040885,0.0,0.0002570363574607277,-0.0002376420265689142,0.0,raw,raw,raw,0.0
0.2625,0.7281810587266243,0.5113630018467478,0.011331005394230752,-6.491845140880965,-3.166753727259008,0.0,0.011331005394230752,0.011331005394230752,2.5660057937179657,0.008018768105368643,0.019349773499599397,1.6590176684263996e-34,0.008018768105368643,0.0,0.00030415561039138866,5.421010862427522e-20,0.0007597726614635669,0.00013891419929030251,0.18419587906768023,0.0005756121220865007,0.0007145263213768033,0.00995037427059392,0.01052598639268042,1.734723475976807e-18,6.926173228437443e-05,8.131516293641283e-20,-0.002507218287311777,0.0,0.0002562391021825069,-0.00023489387810701423,0.0,raw,raw,raw,0.0
0.265,0.7247908297429695,0.5136020474115661,0.011271829941762445,-6.523512678153555,-3.166753727259008,0.0,0.011271829941762445,0.011271829941762445,2.5628910707936186,0.008009034596230058,0.019280864537992503,1.990147277349765e-34,0.008009034596230058,1.734723475976807e-18,0.0002998725064597065,-3.2526065174565133e-19,0.0007339163835325592,0.0001306492952735465,0.1815981607925734,0.0005674942524767918,0.0006981435477503384,0.009934646469970871,0.010502140722447663,1.734723475976807e-18,6.623955309488619e-05,1.8973538018496328e-19,-0.0024931061262176042,0.0,0.0002555168545449814,-0.0002336329533648203,0.0,raw,raw,raw,0.0
0.2675,0.7214150816794185,0.5158348870620698,0.011211737514359579,-6.555180215426148,-3.166753727259008,0.0,0.011211737514359579,0.011211737514359579,2.5596626905296382,0.00799894590790512,0.019210683422264698,2.104388373629534e-34,0.00799894590790512,0.0,0.0002955401630334556,5.421010862427522e-20,0.0007205388706286832,0.0001261734044625403,0.17961308975937557,0.0005612909054980486,0.0006874643099605889,0.009896833177564754,0.010458124083062802,-1.734723475976807e-18,6.48606295372572e-05,-1.3552527156068805e-19,-0.002459178175157683,0.0,0.00025469868950347675,-0.0002306795334961984,0.0,raw,raw,raw,0.0
0.27,0.7180542205443678,0.5180614365233369,0.011150756046813856,-6.586847752698739,-3.166753727259008,0.0,0.011150756046813856,0.011150756046813856,2.5563222504723764,0.007988507032726177,0.01913926307954003,1.6168701061532735e-34,0.007988507032726177,-1.734723475976807e-18,0.00029116056870592735,-2.168404344971009e-19,0.0007005026278662165,0.00011985633747418485,0.1777117699435507,0.0005553492810735959,0.0006752056185477808,0.009869607128555608,0.010424956409629205,0.0,6.248212944312162e-05,-6.776263578034403e-20,-0.002436449376903028,0.0,0.00025388520265939016,-0.00022867843926280572,0.0,raw,raw,raw,0.0
0.2725,0.714708635545975,0.5202816131748881,0.011088913465584093,-6.618515289971326,-3.166753727259008,0.0,0.011088913465584093,0.011088913465584093,2.5528713650582113,0.00797772301580691,0.019066636481391,1.917268735381136e-34,0.00797772301580691,-3.469446951953614e-18,0.00028673570692765225,-5.421010862427522e-20,0.0006887399531087141,0.00011678885662247118,0.1760784173560699,0.0005502450542377185,0.0006670339108601896,0.009828222415989137,0.010378467470226855,0.0,6.116751903843611e-05,-5.421010862427522e-20,-0.002400744454419944,0.0,0.0002529989325120099,-0.00022556818788921614,0.0,raw,raw,raw,0.0
0.275,0.7113786993728428,0.522495336049953,0.011026237669771888,-6.650182827243915,-3.166753727259008,0.0,0.011026237669771888,0.011026237669771888,2.5493116643631804,0.007966598951134938,0.018992836620906825,2.0219617050360423e-34,0.007966598951134938,-1.734723475976807e-18,0.0002822675546946629,-3.7947076036992655e-19,0.0006799627539868995,0.00011575858203838102,0.17425825700409883,0.0005445570531378088,0.0006603156351761898,0.009782070743836472,0.010326627796974281,-1.734723475976807e-18,6.023859649969064e-05,-1.7618285302889447e-19,-0.002360028845839343,0.0,0.00025207654468974026,-0.0002220289581949723,0.0,raw,raw,raw,0.0
0.2775,0.7080647684807656,0.5247025258341041,0.01096275651254645,-6.681850364516505,-3.166753727259008,0.0,0.010962756512546449,0.01096275651254645,2.5456447928719452,0.007955139977724828,0.01891789649027128,1.9266829467255773e-34,0.007955139977724828,3.469446951953614e-18,0.00027775808127038747,1.0842021724855044e-19,0.0006666436092934282,0.00011262538669081038,0.1724217157538391,0.0005388178617307472,0.0006514432484215577,0.009742094680650404,0.010280912542381152,0.0,5.871812499369608e-05,-2.0328790734103208e-20,-0.0023257725646563237,0.0,0.00025116809742239986,-0.00021903995627669138,0.0,raw,raw,raw,0.0
0.28,0.7047671833848526,0.5269031048632669,0.010898497783029187,-6.713517901789096,-3.166753727259008,0.0,0.010898497783029187,0.010898497783029187,2.541872408266785,0.007943351275833703,0.018841849058862888,1.6898002843693292e-34,0.007943351275833703,-1.734723475976807e-18,0.0002732092469419226,-2.168404344971009e-19,0.0006533965660474835,0.00010996812055100858,0.17055276741651484,0.0005329773981766089,0.0006429455187276175,0.00970167277148523,0.010234650169661838,-1.734723475976807e-18,5.717850277167249e-05,-7.453889935837843e-20,-0.0022912988938281354,0.0,0.00025023927288068764,-0.0002160307441702501,0.0,raw,raw,raw,0.0
0.28250000000000003,0.7014862689563657,0.5290969971211246,0.010833489188647658,-6.745185439061688,-3.166753727259008,0.0,0.01083348918864766,0.010833489188647658,2.537996180237266,0.007931238063241457,0.018764727251889116,1.8152991827931235e-34,0.007931238063241457,-3.469446951953614e-18,0.00026862300181132383,-2.710505431213761e-19,0.0006407451310042864,0.00010728885024991109,0.16916361634669574,0.0005286363010834242,0.0006359251513333353,0.009659287776888997,0.010187924077972421,0.0,5.561628484584309e-05,-3.3881317890172014e-20,-0.0022566860147309638,0.0,0.0002492753613335126,-0.00021300671696548073,0.0,raw,raw,raw,0.0
0.28500000000000003,0.6982223347236419,0.5312841282359296,0.010767758337967483,-6.776852976334277,-3.166753727259008,0.0,0.010767758337967483,0.010767758337967483,2.5340177893112026,0.007918805591597508,0.01868656392956499,1.4333199238118885e-34,0.007918805591597508,0.0,0.0002640012846225122,-1.6263032587282567e-19,0.0006306196227714128,0.000104946669836374,0.16725288793260257,0.000522665274789383,0.0006276119446257571,0.009611465762261032,0.010134131037050414,-1.734723475976807e-18,5.459185478718943e-05,-6.776263578034403e-21,-0.002215325445452906,0.0,0.0002483149055508899,-0.0002094094298353228,0.0,raw,raw,raw,0.0
0.28750000000000003,0.6949756751764863,0.5334644254767346,0.01070133272400987,-6.808520513606867,-3.166753727259008,0.0,0.01070133272400987,0.01070133272400987,2.529938925707443,0.00790605914283576,0.01860739186684563,1.475771840749394e-34,0.00790605914283576,0.0,0.0002593460216243034,0.0,0.0006219618348392822,0.00010302100245804195,0.1650342407088663,0.0005157320022152072,0.0006187530046732491,0.009560430056789347,0.010076162059004554,0.0,5.386268666866537e-05,6.098637220230962e-20,-0.0021701029161687937,0.0,0.0002473480833093002,-0.00020548333495563803,0.0,raw,raw,raw,0.0
0.29,0.691746570073455,0.5356378177490593,0.010634239708061474,-6.840188050879456,-3.166753727259008,0.0,0.010634239708061474,0.010634239708061474,2.525761288211013,0.007893004025659416,0.01852724373372089,1.6562538747974736e-34,0.007893004025659416,-1.734723475976807e-18,0.00025465912547000566,-4.336808689942018e-19,0.0006097558244222732,9.966359977086489e-05,0.16340693988262706,0.0005106466871332095,0.0006103102869040744,0.009514391658987792,0.010025038346121002,0.0,5.249542831026034e-05,4.0657581468206416e-20,-0.0021320343204615858,0.0,0.00024636211671188335,-0.00020216369715974532,0.0,raw,raw,raw,0.0
0.2925,0.6885352847514644,0.5378042355900067,0.010566506503982363,-6.871855588152046,-3.166753727259008,0.0,0.010566506503982363,0.010566506503982363,2.5214865830710473,0.007879645572097024,0.018446152076079386,1.978659684009246e-34,0.007879645572097024,0.0,0.0002499424941539653,-1.6263032587282567e-19,0.0005973855189337396,9.731140358613507e-05,0.16202006877513198,0.0005063127149222875,0.0006036241185084226,0.00946904686970102,0.009975359584623308,-1.734723475976807e-18,5.095298609570852e-05,-1.4907779871675686e-19,-0.002095714012526284,0.0,0.000245339023453207,-0.0001989895080582568,0.0,raw,raw,raw,0.0
0.295,0.6853420704371993,0.5399636111628416,0.010498160163017007,-6.903523125424636,-3.166753727259008,0.0,0.010498160163017007,0.010498160163017007,2.5171165229219516,0.007865989134131099,0.018364149297148108,1.5963396063372638e-34,0.007865989134131099,3.469446951953614e-18,0.00024519800998537913,0.0,0.0005874368569526748,9.47110226932673e-05,0.16069866845680694,0.0005021833389275217,0.000596894361620789,0.009417997471804926,0.009920180810732447,0.0,4.9825877354309434e-05,-3.3881317890172014e-20,-0.002054191676601348,0.0,0.00024430400141123656,-0.0001953721326310697,0.0,raw,raw,raw,0.0
0.2975,0.6821671645598028,0.5421158782510478,0.01042922755911225,-6.935190662697227,-3.166753727259008,0.0,0.01042922755911225,0.01042922755911225,2.512652825728138,0.00785204008040043,0.018281267639512683,1.6106694797464293e-34,0.00785204008040043,0.0,0.00024042753859960858,8.131516293641283e-20,0.0005699321488491859,9.047565099664284e-05,0.1592713036714929,0.0004977228239734152,0.0005881984749700581,0.00937983891241052,0.009877561736383935,1.734723475976807e-18,4.7579063847862035e-05,1.8295911660692887e-19,-0.0020255216559835042,0.0,0.00024328392933115975,-0.00019284847475174654,0.0,raw,raw,raw,0.0
0.3,0.6790107910643656,0.5442609722518769,0.01035973537474548,-6.966858199969817,-3.166753727259008,0.0,0.01035973537474548,0.01035973537474548,2.5080972137526847,0.00783780379297714,0.01819753916772262,1.7416691899827934e-34,0.00783780379297714,0.0,0.00023563292800719512,-1.3552527156068805e-19,0.0005559617319081361,8.683793975903172e-05,0.1579141700131243,0.0004934817812910135,0.0005803197210500452,0.009334649850688239,0.009828131631979252,0.0,4.586457859739606e-05,2.0328790734103208e-20,-0.0019903278390021126,0.0,0.00024224097758375652,-0.00018976834940979904,0.0,raw,raw,raw,0.0
0.3025,0.6758731607257579,0.5463988301694033,0.01028971008726528,-6.9985257372424075,-3.166753727259008,0.0,0.01028971008726528,0.01028971008726528,2.5034514125501826,0.007823285664219321,0.018112995751484604,1.7565459519341433e-34,0.007823285664219321,0.0,0.0002308160076806968,8.131516293641283e-20,0.0005405000948737618,8.315479781678658e-05,0.15589527784564172,0.0004871727432676304,0.000570327541084417,0.009291864695334544,0.009779037438602175,0.0,4.4073757035320454e-05,-4.0657581468206416e-20,-0.0019557517743828533,0.0,0.00024121588026863443,-0.00018674225064537636,0.0,raw,raw,raw,0.0
0.305,0.6727544714623594,0.5485293906071005,0.010219177955746062,-7.030193274514997,-3.166753727259008,0.0,0.010219177955746062,0.010219177955746062,2.4987171499840284,0.007808491093700088,0.01802766904944615,1.8464645672931802e-34,0.007808491093700088,1.734723475976807e-18,0.0002259785876794118,2.710505431213761e-20,0.0005332731438418538,8.26703969393863e-05,0.1544497797460337,0.0004826555617063553,0.0005653259586457416,0.009235302065001741,0.009717957626708096,-1.734723475976807e-18,4.3264464166108975e-05,-6.098637220230962e-20,-0.0019094665330080078,0.0,0.00024011139067790864,-0.00018271412351330283,0.0,raw,raw,raw,0.0
0.3075,0.6696549086492803,0.550652593759953,0.010148165008357486,-7.061860811787589,-3.166753727259008,0.0,0.010148165008357486,0.010148165008357486,2.49389615526836,0.007793425485213624,0.017941590493571108,1.607285265974577e-34,0.007793425485213624,-1.734723475976807e-18,0.0002211224578120021,-2.710505431213761e-19,0.0005207691693922883,7.947473036854978e-05,0.15292199288670036,0.0004778812277709386,0.0005573559581394884,0.009186101399941457,0.009663982627712396,1.734723475976807e-18,4.180692345272455e-05,1.2197274440461925e-19,-0.0018705571424987716,0.0,0.00023903737937507706,-0.00017931553435927754,0.0,raw,raw,raw,0.0
0.31,0.6665746454306762,0.5527683814061158,0.010076697030248528,-7.093528349060177,-3.166753727259008,0.0,0.010076697030248528,0.010076697030248528,2.4889901580347944,0.007778094243858733,0.01785479127410726,2.062148088661408e-34,0.007778094243858733,-1.734723475976807e-18,0.00021624938683696736,-1.8973538018496328e-19,0.000509220806701376,7.749231218741175e-05,0.15181869686625427,0.0004744334277070446,0.0005519257398944563,0.00913574772903319,0.009610181156740234,-1.734723475976807e-18,4.0298923668216876e-05,-1.2197274440461925e-19,-0.0018320869128815014,0.0,0.0002379185361626209,-0.0001759504631687505,0.0,raw,raw,raw,0.0
0.3125,0.6635138430307963,0.5548766968981396,0.010004799551945597,-7.125195886332767,-3.166753727259008,0.0,0.010004799551945597,0.010004799551945597,2.484000887424113,0.007762502773200353,0.01776730232514595,2.2129277849413834e-34,0.007762502773200353,-8.673617379884035e-19,0.00021136112170088025,5.421010862427522e-20,0.0004971996629749337,7.483461454967175e-05,0.1504510427504431,0.0004701595085951347,0.0005449941231448065,0.0090852348405454,0.009555394349140534,1.734723475976807e-18,3.88364151905608e-05,1.4230153513872246e-19,-0.0017928915759401814,0.0,0.00023681085359298715,-0.00017252470651031945,0.0,raw,raw,raw,0.0
0.315,0.6604726510634109,0.5569774851537735,0.009932497838263088,-7.156863423605357,-3.166753727259008,0.0,0.009932497838263088,0.009932497838263088,2.4789300712029627,0.0077466564725092585,0.017679154310772348,2.1702236055309096e-34,0.0077466564725092585,3.469446951953614e-18,0.00020645938681422148,2.710505431213761e-20,0.00047878065960894705,7.031564887916236e-05,0.1490595516820289,0.0004658110990063403,0.0005361267478855027,0.009045252167924355,0.009511063266930695,1.734723475976807e-18,3.6448547590422687e-05,1.2874900798265365e-19,-0.0017644067944214362,0.0,0.00023572072585854834,-0.0001700108392237988,0.0,raw,raw,raw,0.0
0.3175,0.6574512078392983,0.5590706926463591,0.009859816877724378,-7.188530960877948,-3.166753727259008,0.0,0.009859816877724378,0.009859816877724378,2.4737794349056568,0.007730560734080178,0.017590377611804556,1.315177960668958e-34,0.007730560734080178,1.734723475976807e-18,0.00020154588336462453,-1.8973538018496328e-19,0.0004755757057960605,7.030132203087551e-05,0.14827441754744844,0.00046335755483577635,0.0005336588768666519,0.008978966788163133,0.009442324342998909,0.0,3.6110590104450064e-05,-6.776263578034403e-21,-0.0017117636089187312,0.0,0.00023453395884802508,-0.00016543529326017446,0.0,raw,raw,raw,0.0
0.32,0.6544496406714853,0.5611562673948325,0.009786781372490425,-7.220198498150539,-3.166753727259008,0.0,0.009786781372490425,0.009786781372490425,2.468550701001075,0.007714220940628359,0.017501002313118783,1.729928096861736e-34,0.007714220940628359,-1.734723475976807e-18,0.00019662228866728455,-2.981555974335137e-19,0.0004671991311311619,6.892525782093784e-05,0.1471405421449249,0.00045981419420289027,0.0005287394520238282,0.008921308368049038,0.00938112256225193,0.0,3.509897384534183e-05,1.3552527156068805e-20,-0.0016669016216235705,0.0,0.00023337267039928123,-0.00016152331482194272,0.0,raw,raw,raw,0.0
0.3225,0.6514680661779565,0.5632341589533445,0.009713415728792573,-7.251866035423129,-3.166753727259008,0.0,0.009713415728792573,0.009713415728792573,2.463245588084673,0.007697642462764604,0.017411058191557176,1.4203715203274828e-34,0.007697642462764604,1.734723475976807e-18,0.0001916902555522365,-1.0842021724855044e-19,0.000465055918021826,6.908406421661012e-05,0.14609314515828192,0.000456541078619631,0.0005256251428362411,0.008852387956965531,0.009308929035585162,0.0,3.499570398557431e-05,-2.710505431213761e-20,-0.0016112865728205583,0.0,0.00023217873972840742,-0.0001566945515666622,0.0,raw,raw,raw,0.0
0.325,0.6485065905815711,0.5653043184005169,0.009639744047865634,-7.283533572695719,-3.166753727259008,0.0,0.009639744047865634,0.009639744047865634,2.4578658100955546,0.0076808306565486085,0.01732057470441424,2.18071097360759e-34,0.0076808306565486085,-1.734723475976807e-18,0.0001867514117881771,-8.131516293641283e-20,0.00045949742909725394,6.857441263734625e-05,0.14533295785296327,0.0004541654932905102,0.0005227399059278564,0.008789323602308472,0.009243489095598982,0.0,3.429263382636399e-05,0.0,-0.001562658439050374,0.0,0.0002309742428533088,-0.00015245877796181312,0.0,raw,raw,raw,0.0
0.3275,0.6455653100069395,0.5673666983283464,0.009565790117376653,-7.315201109968309,-3.166753727259008,0.0,0.009565790117376653,0.009565790117376653,2.452413075558543,0.007663790861120447,0.0172295809784971,1.7719028651766828e-34,0.007663790861120447,-8.673617379884035e-19,0.00018180735954244614,5.421010862427522e-20,0.00045099730770405903,6.687725107253271e-05,0.14406222912733382,0.0004501944660229182,0.0005170717170954509,0.008730672753041065,0.009180867219063983,3.469446951953614e-18,3.332278442943705e-05,2.439454888092385e-19,-0.001517076357943536,0.0,0.00022980099632715685,-0.00014848457511300908,0.0,raw,raw,raw,0.0
0.33,0.6426443107740333,0.5694212528307692,0.009491577403344293,-7.346868647240898,-3.166753727259008,0.0,0.009491577403344293,0.009491577403344293,2.446889086851153,0.007646528396409853,0.017138105799754146,1.8336469340148135e-34,0.007646528396409853,-8.673617379884035e-19,0.00017685967487676485,-1.3552527156068805e-19,0.00044216968865195557,6.534087867314857e-05,0.14308997739351828,0.00044715617935474464,0.0005124970580278933,0.00867257890471353,0.009119735084068275,0.0,3.2205588485609595e-05,-1.3552527156068805e-20,-0.0014732066876584219,0.0,0.00022860609341399137,-0.00014465408639115524,0.0,raw,raw,raw,0.0
0.3325,0.6397436696883214,0.5714679374919024,0.009417129042543299,-7.378536184513489,-3.166753727259008,0.0,0.009417129042543299,0.009417129042543299,2.441295539495346,0.007629048560922956,0.017046177603466255,1.5115101771437543e-34,0.007629048560922956,8.673617379884035e-19,0.00017190990727827728,-1.6263032587282567e-19,0.00043380123165867113,6.374965997685148e-05,0.14181203252694,0.0004431626016466875,0.000506912261623539,0.00861327623920281,0.009056438840849498,-3.469446951953614e-18,3.125113114687734e-05,-2.1006417091906648e-19,-0.0014273902799265418,0.0,0.00022741885103110532,-0.00014065877613139995,0.0,raw,raw,raw,0.0
0.335,0.6368634543272388,0.5735067093739735,0.00934246783538789,-7.410203721786077,-3.166753727259008,0.0,0.00934246783538789,0.00934246783538789,2.435634121473913,0.007611356629605978,0.01695382446499387,1.5818867174918868e-34,0.007611356629605978,3.469446951953614e-18,0.00016695957922541107,-1.0842021724855044e-19,0.0004194271677797505,6.086870402897154e-05,0.14045048465201054,0.00043890776453753294,0.0004997764685665045,0.00856448220385736,0.009003389968394893,0.0,2.9405742594220843e-05,1.3552527156068805e-20,-0.0013920333387889144,0.0,0.00022624709216626323,-0.00013755383663119022,0.0,raw,raw,raw,0.0
0.3375,0.6340037233228142,0.5755375270049516,0.009267616239287658,-7.4418712590586695,-3.166753727259008,0.0,0.009267616239287658,0.009267616239287658,2.429906512571327,0.007593457851785397,0.016861074091073056,1.9586970619741163e-34,0.007593457851785397,0.0,0.00016201018578804183,-1.3552527156068805e-19,0.00041230178280467233,5.9896508948344986e-05,0.1394723394372967,0.0004358510607415522,0.0004957475696898972,0.008502909182626658,0.00893876024336821,1.734723475976807e-18,2.8532174695566346e-05,1.1180834903756764e-19,-0.0013453023915828127,0.0,0.00022502715068160173,-0.0001334780110924755,0.0,raw,raw,raw,0.0
0.34,0.6311645266402949,0.5775603503658944,0.009192596362468997,-7.473538796331258,-3.166753727259008,0.0,0.009192596362468998,0.009192596362468997,2.4241143837388552,0.007575357449183922,0.01676795381165292,1.5524104807899458e-34,0.007575357449183922,-1.734723475976807e-18,0.00015706319426141559,-2.168404344971009e-19,0.00040900918017377954,5.9949917749324566e-05,0.13859938056582927,0.00043312306426821645,0.0004930729820175411,0.008434527919870764,0.00886765098413898,-1.734723475976807e-18,2.819664622179271e-05,-1.1519648082658485e-19,-0.0012922935349550576,0.0,0.00022378350080520996,-0.00012886654803962287,0.0,raw,raw,raw,0.0
0.3425,0.6283459058526284,0.579575140878023,0.009117429958254708,-7.505206333603848,-3.166753727259008,0.0,0.009117429958254708,0.009117429958254708,2.418259396483725,0.00755706061401164,0.01667449057226635,1.830284779895018e-34,0.00755706061401164,8.673617379884035e-19,0.00015212004383325186,5.421010862427522e-20,0.00040176050911744376,5.9414164908831935e-05,0.13727404967349982,0.00042898140522968693,0.0004883955701385188,0.008373323104928655,0.008802304510158341,-1.734723475976807e-18,2.735648533178458e-05,-1.6263032587282567e-19,-0.0012452438961467012,0.0,0.00022256267445879842,-0.00012476355850146728,0.0,raw,raw,raw,0.0
0.34500000000000003,0.6255478944106667,0.5815818613895378,0.009042138419794175,-7.5368738708764385,-3.166753727259008,0.0,0.009042138419794175,0.009042138419794175,2.412343202282111,0.007538572507131597,0.01658071092692577,1.9577232566864266e-34,0.007538572507131597,8.673617379884035e-19,0.0001471821452834316,-2.710505431213761e-19,0.00039845131194914514,5.914461411383559e-05,0.1362739782211806,0.00042585618194118934,0.00048500079605502493,0.00830438041000972,0.00873023659195091,-1.734723475976807e-18,2.707850989910118e-05,-9.486769009248164e-20,-0.0011916640848193142,0.0,0.00022131986087868872,-0.00012010363538433042,0.0,raw,raw,raw,0.0
0.34750000000000003,0.6227705179089815,0.5835804761621891,0.008966742775235893,-7.568541408149027,-3.166753727259008,0.0,0.008966742775235893,0.008966742775235893,2.406367442015673,0.007519898256298977,0.016486641031534868,1.404901357563867e-34,0.007519898256298977,-1.734723475976807e-18,0.00014225088071562913,-4.0657581468206416e-19,0.0003949823323406458,5.908724760842838e-05,0.13538723505594732,0.00042308510954983537,0.00048217235715826374,0.008235865358163029,0.008658950467712864,1.734723475976807e-18,2.672589487646507e-05,1.0842021724855044e-19,-0.0011390522114138862,0.0,0.00022006526904686126,-0.00011552498583916406,0.0,raw,raw,raw,0.0
0.35000000000000003,0.6200137943471856,0.5855709508576116,0.00889126368333423,-7.600208945421619,-3.166753727259008,0.0,0.00889126368333423,0.00889126368333423,2.4003337454313876,0.007501042954473086,0.016392306637807316,1.7604114078730072e-34,0.007501042954473086,8.673617379884035e-19,0.0001373276033202629,1.3552527156068805e-19,0.0003922404387847063,5.8709643707416685e-05,0.13397314177779504,0.0004186660680556095,0.00047737571176302617,0.008165492449472235,0.008584158517527845,-1.734723475976807e-18,2.6661881653808514e-05,-1.7279472123987727e-19,-0.001083115563054759,0.0,0.00021883410360941393,-0.0001106657216664544,0.0,raw,raw,raw,0.0
0.3525,0.617277734386672,0.5875532525234384,0.008815721429481563,-7.631876482694208,-3.166753727259008,0.0,0.008815721429481563,0.008815721429481563,2.3942437306243725,0.007482011658201164,0.016297733087682727,1.8266025606668081e-34,0.007482011658201164,0.0,0.0001324136371680777,-8.131516293641283e-20,0.00038160854760940083,5.720045551548828e-05,0.13306469521710904,0.0004158271725534657,0.000473027628068954,0.008109704789778249,0.008525531962331714,1.734723475976807e-18,2.5218965356860735e-05,1.7618285302889447e-19,-0.0010435203041305498,0.0,0.0002175934818837643,-0.00010719467181121696,0.0,raw,raw,raw,0.0
0.355,0.6145623416026935,0.589527349579208,0.008740135922156951,-7.663544019966796,-3.166753727259008,0.0,0.008740135922156951,0.008740135922156951,2.388099003543406,0.007462809386073144,0.016202945308230094,2.0383392730499607e-34,0.007462809386073144,-8.673617379884035e-19,0.00012751027703366636,-1.8973538018496328e-19,0.00037454048511587843,5.656761628877268e-05,0.13193986798238272,0.000412312087444946,0.00046887970373371866,0.008047622568213966,0.008459934655658911,1.734723475976807e-18,2.4365120330631508e-05,1.2536087619363645e-19,-0.0009971252695857675,0.0,0.0002163471622146388,-0.00010314515670303484,0.0,raw,raw,raw,0.0
0.3575,0.6118676127317155,0.5914932118020688,0.008664526689782237,-7.695211557239389,-3.166753727259008,0.0,0.008664526689782237,0.008664526689782237,2.381901157518814,0.007443441117246294,0.01610796780702853,1.6498982321494888e-34,0.007443441117246294,8.673617379884035e-19,0.0001226187882482487,2.710505431213761e-20,0.00036952006045304434,5.589253964266357e-05,0.13106308042163045,0.00040957212631759514,0.0004654646659602587,0.007981379108518812,0.008390951234836408,-1.734723475976807e-18,2.3797934953924918e-05,-7.453889935837843e-20,-0.0009475101175901142,0.0,0.00021508815646075467,-9.882085329432377e-05,0.0,raw,raw,raw,0.0
0.36,0.6091935379139881,0.5934508103123017,0.00858891287797614,-7.726879094511978,-3.166753727259008,0.0,0.00858891287797614,0.00858891287797614,2.375651772812395,0.007423911790038734,0.016012824668014874,1.8701217397377785e-34,0.007423911790038734,0.0,0.00011774040658096645,-1.3552527156068805e-20,0.0003583311534046445,5.4329453072473345e-05,0.1300128573356685,0.0004062901791739641,0.00046061963224643744,0.007926580024239325,0.008332870203413289,0.0,2.2301985889799427e-05,-1.0164395367051604e-20,-0.0009089584133745547,0.0,0.00021384653593329255,-9.543842069116703e-05,0.0,raw,raw,raw,0.0
0.3625,0.6065401009312933,0.5954001175586673,0.008513313247196754,-7.75854663178457,-3.166753727259008,0.0,0.008513313247196754,0.008513313247196754,2.3693524161890407,0.007404226300590752,0.015917539547787504,1.547565386409804e-34,0.007404226300590752,-1.734723475976807e-18,0.00011287633814796322,-3.6591823321385775e-19,0.0003549762263170999,5.388305996921159e-05,0.12917276643852438,0.0004036648951203887,0.0004575479550896003,0.007857243854531766,0.008260908749652155,0.0,2.1989150758174616e-05,-6.437450399132683e-20,-0.0008566824490614036,0.0,0.0002125785790537528,-9.088718738978861e-05,0.0,raw,raw,raw,0.0
0.365,0.6039072794398305,0.597341107303589,0.008437746170762817,-7.790214169057158,-3.166753727259008,0.0,0.008437746170762817,0.008437746170762817,2.3630046405096805,0.007384389501592752,0.015822135672355568,1.5784101890971604e-34,0.007384389501592752,0.0,0.00010802775934851648,-2.303929616531697e-19,0.0003502308636620298,5.233765053126339e-05,0.12827465126982668,0.00040085828521820835,0.0004531959357494717,0.00778962209397002,0.008190480379188228,0.0,2.154727423971537e-05,8.470329472543003e-20,-0.0008060908775954761,0.0,0.00021132659427276852,-8.648048510880111e-05,0.0,raw,raw,raw,0.0
0.3675,0.6012950451982174,0.5992737546081861,0.008362229633243696,-7.821881706329749,-3.166753727259008,0.0,0.008362229633243696,0.008362229633243696,2.3566099843452046,0.007364406201078764,0.01572663583432246,2.1401655802881683e-34,0.007364406201078764,8.673617379884035e-19,0.00010319581682744871,-1.7618285302889447e-19,0.00034677620008563277,5.1836579350958575e-05,0.12761252583777855,0.00039878914324305797,0.00045062572259401654,0.00772051381242339,0.008119302955666447,0.0,2.1175445561106266e-05,-3.049318610115481e-20,-0.0007548967545876828,0.0,0.00021004878972222656,-8.202037126634245e-05,0.0,raw,raw,raw,0.0
0.37,0.5987033642905871,0.6011980358171641,0.008286781229208274,-7.853549243602338,-3.166753727259008,0.0,0.008286781229208274,0.008286781229208274,2.350169971610965,0.007344281161284267,0.015631062390492542,1.6752762392011787e-34,0.007344281161284267,1.734723475976807e-18,9.83816274630683e-05,9.486769009248164e-20,0.0003386743584245046,5.036855961388985e-05,0.12654360051939184,0.0003954487516230995,0.00044581731123698935,0.007659801071973154,0.008055249823596254,0.0,2.0201227515612888e-05,-1.3552527156068805e-20,-0.0007109686623119876,0.0,0.00020880074883454792,-7.81803999474554e-05,0.0,raw,raw,raw,0.0
0.3725,0.5961321973447742,0.6031139285435755,0.008211418162322395,-7.885216780874929,-3.166753727259008,0.0,0.008211418162322395,0.008211418162322395,2.343686111221491,0.007324019097567159,0.015535437259889553,1.6557148641065252e-34,0.007324019097567159,8.673617379884035e-19,9.35862783798553e-05,-4.0657581468206416e-20,0.0003305413406200874,4.9000432843453264e-05,0.12578700927302622,0.00039308440397820693,0.0004420848368216602,0.0075993359139256735,0.00799242031790388,0.0,1.9131512408872633e-05,-1.0164395367051604e-20,-0.000668401220336721,0.0,0.00020753720285130985,-7.445476597098266e-05,0.0,raw,raw,raw,0.0
0.375,0.5935814997455886,0.605021411653461,0.008136157244784845,-7.916884318147519,-3.166753727259008,0.0,0.008136157244784843,0.008136157244784843,2.337159896765003,0.007303624677390634,0.015439781922175478,1.4103766792669164e-34,0.007303624677390634,4.336808689942018e-18,8.881082698512593e-05,0.0,0.0003219807680571232,4.834228307650803e-05,0.12478182332541941,0.00038994319789193566,0.0004382854809684437,0.007540537991747106,0.007930481189639042,0.0,1.7994719746360687e-05,2.0328790734103208e-20,-0.000626856512248408,0.0,0.00020627416114882976,-7.081610723876524e-05,0.0,raw,raw,raw,0.0
0.3775,0.5910512218431836,0.6069204652503799,0.008061014897091445,-7.948551855420112,-3.166753727259008,0.0,0.008061014897091445,0.008061014897091445,2.3305928061973447,0.007283102519366702,0.015344117416458147,1.983942061648411e-34,0.007283102519366702,0.0,8.405630102888899e-05,-1.6263032587282567e-19,0.0003185193315999602,4.7380075316195294e-05,0.12412759334259064,0.00038789872919559574,0.00043527880451179105,0.007471356309207719,0.007859255038403314,1.734723475976807e-18,1.7658328933273793e-05,8.131516293641283e-20,-0.0005761525190366122,0.0,0.00020500009385297538,-6.63979720956152e-05,0.0,raw,raw,raw,0.0
0.38,0.5885413091565311,0.6088110706598424,0.00798600714811704,-7.980219392692701,-3.166753727259008,0.0,0.00798600714811704,0.00798600714811704,2.323986301554924,0.007262457192359137,0.015248464340476177,1.7007948151103453e-34,0.007262457192359137,-1.734723475976807e-18,7.932369868611055e-05,-6.776263578034403e-20,0.000313781551762442,4.6584597366411714e-05,0.12319968241540867,0.0003849990075481521,0.00043158360491456384,0.007405028641958566,0.007790027649506718,8.673617379884035e-19,1.716267948706855e-05,8.470329472543003e-20,-0.0005275704571475808,0.0,0.000203735651076441,-6.2161019199042e-05,0.0,raw,raw,raw,0.0
0.3825,0.5860517025720244,0.6106932104136505,0.007911149635504901,-8.011886929965293,-3.166753727259008,0.0,0.007911149635504901,0.007911149635504901,2.3173418286862315,0.007241693214644474,0.015152842850149374,1.53221096578296e-34,0.007241693214644474,-8.673617379884035e-19,7.461398866060462e-05,-2.439454888092385e-19,0.0003062820512303434,4.50777187109728e-05,0.12233989953628391,0.0003823121860508872,0.00042738990476186,0.007343663251755188,0.007725975437806076,-1.734723475976807e-18,1.623932743734966e-05,-8.470329472543003e-20,-0.000484282223161602,0.0,0.00020247849711198384,-5.837466122325496e-05,0.0,raw,raw,raw,0.0
0.385,0.5835823385372324,0.6125668682341603,0.007836457606353297,-8.043554467237879,-3.166753727259008,0.0,0.007836457606353297,0.007836457606353297,2.3106608170015615,0.007220815053129879,0.015057272659483176,1.7353425848068688e-34,0.007220815053129879,-1.734723475976807e-18,6.992811030975821e-05,-6.776263578034403e-20,0.0002957575759021229,4.421703029475819e-05,0.12136689145642614,0.00037927153580133167,0.00042348856609608984,0.00728915948484381,0.007668431020645142,0.0,1.4777220649327407e-05,-2.879912020664621e-20,-0.0004476159675152625,0.0,0.0002012180284898053,-5.51508896604308e-05,0.0,raw,raw,raw,0.0
0.3875,0.5811331492498384,0.6144320290184715,0.007761945918188735,-8.075222004510472,-3.166753727259008,0.0,0.007761945918188736,0.007761945918188736,2.3039446792404754,0.007199827122626486,0.014961773040815222,1.4542540934431968e-34,0.007199827122626486,-1.734723475976807e-18,6.526697378931505e-05,-1.4907779871675686e-19,0.00028897065939730807,4.31028668276533e-05,0.12050051782698949,0.0003765641182093422,0.0004196669850369955,0.007227107466221773,0.007603671584431115,8.673617379884035e-19,1.3943812683039643e-05,-2.371692252312041e-20,-0.0004038444618046288,0.0,0.00019995743356331563,-5.1323161106275405e-05,0.0,raw,raw,raw,0.0
0.39,0.5787040628417967,0.6162886788225573,0.007687629040215594,-8.10688954178306,-3.166753727259008,0.0,0.0076876290402155935,0.007687629040215594,2.297194811256616,0.007178733785176925,0.01486636282539252,1.3072119093867561e-34,0.007178733785176925,3.469446951953614e-18,6.063146021742559e-05,1.0842021724855044e-19,0.0002824621334617918,4.215711012385503e-05,0.11959003084939701,0.00037371884640436564,0.0004158759565282207,0.007164861883415865,0.007538580729820231,8.673617379884035e-19,1.3155169855669276e-05,6.098637220230962e-20,-0.0003598469446433059,0.0,0.0001986976478479455,-4.747629036175632e-05,0.0,raw,raw,raw,0.0
0.3925,0.5762950035587509,0.6181368048453397,0.007613521054831809,-8.138557079055651,-3.166753727259008,0.0,0.007613521054831809,0.007613521054831809,2.290412591819436,0.007157539349435737,0.014771060404267546,1.5219559283165827e-34,0.007157539349435737,8.673617379884035e-19,5.60224218571952e-05,-8.131516293641283e-20,0.0002785831070461791,4.242349837524321e-05,0.11960261357101495,0.00037375816740942174,0.000416181665784665,0.007098778339114693,0.007472536506524114,1.734723475976807e-18,1.2470107382120829e-05,1.1689054672109345e-19,-0.00031499715708837705,0.0,0.00019738301320661313,-4.355231447507437e-05,0.0,raw,raw,raw,0.0
0.395,0.573905891934757,0.6199763954127215,0.007539635659400289,-8.170224616328241,-3.166753727259008,0.0,0.007539635659400289,0.007539635659400289,2.28359938243242,0.007136248070101313,0.014675883729501602,1.4297911123513835e-34,0.007136248070101313,1.734723475976807e-18,5.144068231694387e-05,-2.168404344971009e-19,0.00027191840269418345,4.166967371011709e-05,0.1188545416597688,0.0003714204426867775,0.0004130901163968946,0.007037468527722039,0.007408888970408816,8.673617379884035e-19,1.1596276029095091e-05,1.8634724839594607e-20,-0.00027264090030750324,0.0,0.0001961168207260089,-3.9844406287848776e-05,0.0,raw,raw,raw,0.0
0.3975,0.5715366449623608,0.6218074399615826,0.007465986168265929,-8.201892153600832,-3.166753727259008,0.0,0.007465986168265929,0.007465986168265929,2.276756527167371,0.007114864147398034,0.014580850315663963,1.36278209891856e-34,0.007114864147398034,8.673617379884035e-19,4.688703676742354e-05,-1.3552527156068805e-20,0.0002658139242924369,4.106714525492126e-05,0.11824158038017972,0.0003695049386880616,0.0004105720839429829,0.006975425464935976,0.007344930403624038,0.0,1.0769604457800265e-05,-1.8634724839594607e-20,-0.00023006625622600408,0.0,0.00019484471212250501,-3.611743230962327e-05,0.0,raw,raw,raw,0.0
0.4,0.5691871762580817,0.6236299290237481,0.007392585515007967,-8.23355969087342,-3.166753727259008,0.0,0.007392585515007967,0.007392585515007967,2.2698853525143496,0.007093391726607343,0.01448597724161531,1.6282735868547505e-34,0.007093391726607343,-1.734723475976807e-18,4.2362252175212785e-05,-9.486769009248164e-20,0.00025429577617965606,3.963797823383068e-05,0.11817045938683102,0.00036928268558384693,0.0004089206638176776,0.006923631940882485,0.007292914626466332,8.673617379884035e-19,8.949959858460996e-06,2.710505431213761e-20,-0.00019952289985898913,0.0,0.0001935628921027952,-3.341229231675179e-05,0.0,raw,raw,raw,0.0
0.4025,0.5668573962233611,0.625443854209939,0.007319446254917724,-8.26522722814601,-3.166753727259008,0.0,0.007319446254917725,0.007319446254917724,2.2629871672468154,0.007071834897646298,0.014391281152564023,1.382767468250929e-34,0.007071834897646298,0.0,3.786706755154923e-05,-3.2526065174565133e-19,0.00025018531499432635,3.936859546513494e-05,0.11712874954082639,0.0003660273423150825,0.00040539593778021743,0.006858444220394207,0.007224471562709289,0.0,8.54666357498347e-06,-3.049318610115481e-20,-0.00015263666506299105,0.0,0.00019230926407307313,-2.932040397656576e-05,0.0,raw,raw,raw,0.0
0.405,0.5645472122010331,0.6272492081937087,0.007246580567691728,-8.296894765418601,-3.166753727259008,0.0,0.0072465805676917286,0.0072465805676917286,2.25606326230158,0.007050197694692438,0.014296778262384166,1.832357211605797e-34,0.007050197694692438,0.0,3.3402194215841194e-05,-3.5236570605778894e-19,0.0002445598699619436,3.915042115003646e-05,0.11638648041536945,0.00036370775129802955,0.000402858172448066,0.006796611248917877,0.007160319000215906,0.0,7.803081907928587e-06,3.3881317890172014e-21,-0.00011012130552346799,0.0,0.00019104472162844078,-2.5599112307912607e-05,0.0,raw,raw,raw,0.0
0.40750000000000003,0.5622565286273777,0.6290459846953765,0.007174000260330332,-8.328562302691191,-3.166753727259008,0.0,0.007174000260330332,0.007174000260330331,2.2491149106731156,0.007028484095853486,0.014202484356183816,1.2840013735671513e-34,0.007028484095853486,-3.469446951953614e-18,2.896831607312805e-05,-1.6263032587282567e-19,0.00024024110729923347,3.894274030612602e-05,0.11567126595159831,0.00036147270609874474,0.00040041544640487074,0.00673246078603799,0.007093933492136734,1.734723475976807e-18,7.2736689832563e-06,1.0587911840678754e-19,-6.544939628324795e-05,0.0,0.00018978174595053415,-2.169464708987175e-05,0.0,raw,raw,raw,0.0
0.41000000000000003,0.559985247179826,0.6308341784659663,0.00710171677023216,-8.36022983996378,-3.166753727259008,0.0,0.00710171677023216,0.00710171677023216,2.2421433673218276,0.007006698022880712,0.014108414793112872,1.4633001332833606e-34,0.007006698022880712,-1.734723475976807e-18,2.4566089904753735e-05,-1.1519648082658485e-19,0.00023566415207194167,3.838826477313698e-05,0.11493734298960255,0.00035917919684250795,0.00039756746161564494,0.006668776730861414,0.007027955927703922,-8.673617379884035e-19,6.734336661626115e-06,-2.456395547037471e-20,-2.12579048232105e-05,0.0,0.00018852742744887807,-1.783175324312762e-05,0.0,raw,raw,raw,0.0
0.41250000000000003,0.5577332669203758,0.6326137852711524,0.007029741168474704,-8.391897377236372,-3.166753727259008,0.0,0.007029741168474704,0.007029741168474704,2.235149869095849,0.0069848433409245275,0.014014584509399231,1.7864249846296866e-34,0.0069848433409245275,-1.734723475976807e-18,2.0196145671539387e-05,-2.0328790734103208e-20,0.0002295822612486486,3.7088087832587254e-05,0.11426246783445985,0.00035707021198268707,0.0003941582998152743,0.006607664733809994,0.0069647349457926805,8.673617379884035e-19,5.986209447591811e-06,2.964615315390051e-20,2.0108395131846965e-05,0.0,0.00018728411541358254,-1.4209936223947576e-05,0.0,ppo,raw,raw,1.0
0.41500000000000004,0.5555004844347955,0.6343848018752255,0.006958084163271656,-8.423564914508963,-3.166753727259008,0.0,0.006958084163271656,0.006958084163271656,2.2281356346659664,0.006962923858331145,0.013921008021602801,1.2890406498219014e-34,0.006962923858331145,0.0,1.5859086828745594e-05,-1.4568966692773966e-19,0.00022616033937719973,3.7048073216685314e-05,0.11351775663759853,0.0003547429894924954,0.0003917910627091807,0.006542811557733943,0.006897554547226439,-8.673617379884035e-19,5.602931127008984e-06,-9.910285482875314e-20,6.536931110470625e-05,0.0,0.00018602996641925405,-1.025615570173661e-05,0.0,ppo,raw,raw,1.0
0.4175,0.5532867939676785,0.6361472260250808,0.006886756103597607,-8.45523245178155,-3.166753727259008,0.0,0.006886756103597607,0.006886756103597607,2.221101864473238,0.006940943326478868,0.013827699430076475,1.4216998877436874e-34,0.006940943326478868,1.734723475976807e-18,1.1555490652130152e-05,-1.7279472123987727e-19,0.00022155969209678583,3.640124323603034e-05,0.11283553769014514,0.00035261105528170355,0.0003890122985177339,0.006480037962640065,0.006832649017921769,8.673617379884035e-19,5.053768308516587e-06,4.1504614415460717e-20,0.00010829430855709924,0.0,0.00018478515965843277,-6.501722343613565e-06,0.0,ppo,raw,raw,1.0
0.42,0.5510920875534251,0.6379010564342391,0.006815766982970941,-8.486899989054141,-3.166753727259008,0.0,0.006815766982970942,0.006815766982970942,2.214049740688919,0.006918905439652871,0.013734672422623813,1.4627167771747783e-34,0.006918905439652871,-1.734723475976807e-18,7.285908574414376e-06,-5.759824041329242e-20,0.00021519425727727458,3.5902890580415304e-05,0.11209727811281947,0.00035030399410256085,0.0003862068846829761,0.006421281358996807,0.0067715853530993676,0.0,4.206825680747115e-06,8.470329472543003e-21,0.00014732008655350334,0.0,0.0001835445911848821,-3.0790828936672608e-06,0.0,ppo,raw,raw,1.0
0.4225,0.5489162551432212,0.6396462927669027,0.0067451264433859345,-8.518567526326732,-3.166753727259008,0.0,0.0067451264433859345,0.006745126443385934,2.2069804271862794,0.006896813834957123,0.013641940278343057,1.3075705317846874e-34,0.006896813834957123,-8.673617379884035e-19,3.0508665314905436e-06,-1.4907779871675686e-19,0.00020839199781876638,3.4869805066044355e-05,0.11155649099391396,0.00034861403435598113,0.0003834838394220255,0.0063632122528144465,0.006711826287170428,-8.673617379884035e-19,3.278717805518371e-06,-5.463362509790237e-20,0.00018498754778669552,0.0,0.0001823069445628376,2.278512740278276e-07,0.0,ppo,ppo,ppo,0.0
0.425,0.5467591847280909,0.6413829356220548,0.006674843779385181,-8.550235063599319,-3.166753727259008,0.0,0.006674843779385181,0.006674843779385181,2.1998950695239166,0.00687467209226224,0.01354951587164742,1.453597105417105e-34,0.00687467209226224,-1.734723475976807e-18,-1.149134682291563e-06,-7.453889935837843e-20,0.00020437878821122842,3.461270539546945e-05,0.1107787824739413,0.0003461836952310665,0.000380796400626536,0.006300698908358193,0.006646882603589259,1.734723475976807e-18,2.821763471170167e-06,1.0291450309139749e-19,0.0002277894886729805,0.0,0.00018107303980872277,3.97089815346173e-06,0.0,ppo,ppo,ppo,0.0
0.4275,0.5446207624580947,0.6431109865176091,0.006604927942263654,-8.581902600871908,-3.166753727259008,0.0,0.006604927942263654,0.006604927942263654,2.192794794940161,0.006852483734188003,0.013457411676451658,1.7268403340696522e-34,0.006852483734188003,1.734723475976807e-18,-5.313619050399112e-06,-2.642742795433417e-19,0.0002050705349193115,3.5351101758830035e-05,0.11012115728303305,0.0003441286165094783,0.00037947971826830833,0.006230137974183862,0.00657426659069334,-8.673617379884035e-19,3.0497395127411208e-06,-5.505714157152952e-20,0.0002782171434946631,0.0,0.0001798246898106579,8.363358563140233e-06,0.0,ppo,ppo,ppo,0.0
0.43,0.5425008727577522,0.6448304478746113,0.006535387544395937,-8.613570138144501,-3.166753727259008,0.0,0.006535387544395937,0.0065353875443959365,2.1856807123582014,0.0068302522261193795,0.013365639770515317,1.2657248833592432e-34,0.0068302522261193795,8.673617379884035e-19,-9.442134962588328e-06,-1.1858461261560205e-19,0.0002012869361213468,3.474192923123563e-05,0.1095771168429729,0.00034242849013429034,0.00037717041936552594,0.0061675556013844795,0.00650998409151877,0.0,2.600119083821189e-06,-1.8211208365967457e-20,0.0003202681346006096,0.0,0.00017859455758402584,1.2042254046409517e-05,0.0,ppo,ppo,ppo,0.0
0.4325,0.5403993984377626,0.646541323001505,0.00646623086367825,-8.645237675417091,-3.166753727259008,0.0,0.0064662308636782495,0.0064662308636782495,2.1785539124015227,0.006807980976254758,0.013274211839933008,1.6047216162915546e-34,0.006807980976254758,-8.673617379884035e-19,-1.3534254836182914e-05,5.759824041329242e-20,0.00019581496265407916,3.415817542498229e-05,0.10901184180469972,0.0003406620056396866,0.0003748201810646689,0.006108759113795074,0.006449421119434761,0.0,1.8669069612029906e-06,-8.470329472543003e-21,0.0003585598568199974,0.0,0.00017736971802722283,1.5401161797385904e-05,0.0,ppo,ppo,ppo,0.0
0.435,0.5383162208031018,0.6482436160784578,0.006397465848077176,-8.676905212689682,-3.166753727259008,0.0,0.006397465848077175,0.006397465848077176,2.1714154674192976,0.006785673335685305,0.013183139183762481,1.420804027994511e-34,0.006785673335685305,1.734723475976807e-18,-1.7589574730768765e-05,-6.098637220230962e-20,0.00019123035591179913,3.3202490491887115e-05,0.10856960520866106,0.0003392800162770658,0.0003724825067689529,0.0060482076267454644,0.00638748764302253,0.0,1.283493925831924e-06,4.383395502041004e-20,0.0003981856926627749,0.0,0.00017614959082041262,1.887306865660069e-05,0.0,ppo,ppo,ppo,0.0
0.4375,0.5362512197575715,0.6499373321417617,0.006329100120277108,-8.70857274996227,-3.166753727259008,0.0,0.006329100120277108,0.006329100120277108,2.164266431521342,0.006763332598504193,0.013092432718781301,1.5965344513711154e-34,0.006763332598504193,1.734723475976807e-18,-2.1607713956886977e-05,-9.486769009248164e-20,0.00018763577994089346,3.4067342023999906e-05,0.10874280742142003,0.00033982127319193763,0.00037388861521593756,0.005987895902419322,0.006327717175611259,0.0,5.545402105945751e-07,-5.717472393966527e-21,0.00043561542289293365,0.0,0.00017488302092256143,2.216225416748155e-05,0.0,ppo,ppo,ppo,0.0
0.44,0.5342042739048762,0.6516224770683071,0.006261140982418671,-8.74024028723486,-3.166753727259008,0.0,0.00626114098241867,0.00626114098241867,2.1571078406222783,0.0067409620019446195,0.01300210298436329,1.291812449580428e-34,0.0067409620019446195,0.0,-2.5588314679299328e-05,1.4907779871675686e-19,0.0001832382840876645,3.392627351558552e-05,0.10866474805850632,0.00033957733768283225,0.0003735036111984178,0.005928590687758926,0.006268168025441758,1.734723475976807e-18,-1.607587242313967e-07,1.1164953035995746e-19,0.0004727939765028612,0.0,0.00017364625938441543,2.542755595506793e-05,0.0,ppo,ppo,noop,0.0
0.4425,0.5321752606463087,0.6532990575601371,0.006193595420920535,-8.771907824507451,-3.166753727259008,0.0,0.006193595420920535,0.006193595420920535,2.149940712494533,0.006718564726545416,0.012912160147465952,1.2703982387491924e-34,0.006718564726545416,0.0,-2.9531041515380718e-05,1.8634724839594607e-19,0.00017867919478447612,3.3443562142900905e-05,0.10821263425231505,0.0003381644820384845,0.0003716080441813854,0.005869680593494484,0.006207845075532969,0.0,-7.768961917823082e-07,-5.601005363719061e-20,0.0005107196510124468,0.0,0.00017243558838188022,2.875414532359841e-05,0.0,ppo,ppo,noop,0.0
0.445,0.5301640562751161,0.6549670811290869,0.006126470111377296,-8.803575361780041,-3.166753727259008,0.0,0.006126470111377296,0.0061264701113772965,2.1427660468298253,0.006696143896343204,0.0128226140077205,1.4861613179781234e-34,0.006696143896343204,0.0,-3.3435581129185417e-05,-1.0164395367051604e-19,0.00017666522255906268,3.3021953245433354e-05,0.10761505434565727,0.00033629704483017895,0.00036931899807561233,0.0058061616195046045,0.006142458664334783,-8.673617379884035e-19,-9.273779202464105e-07,-6.437450399132683e-20,0.0005536852320084211,0.0,0.00017123578249149122,3.250820320893901e-05,0.0,ppo,ppo,noop,0.0
0.4475,0.5281705360676268,0.6566265560815114,0.0060597714235262,-8.83524289905263,-3.166753727259008,0.0,0.0060597714235262005,0.0060597714235262005,2.135584825308789,0.006673702579089965,0.012733474002616166,1.9045624958706048e-34,0.006673702579089965,-1.734723475976807e-18,-3.7301641821708845e-05,-2.981555974335137e-19,0.0001714028896078767,3.169615431172254e-05,0.10689683478244127,0.00033405260869512896,0.0003657487630068515,0.005748661798622169,0.006082714407317297,0.0,-1.5226773258637242e-06,2.286988957586611e-20,0.0005909881717726679,0.0,0.00017005917770389806,3.5778964495845124e-05,0.0,ppo,ppo,noop,0.0
0.45,0.5261945743712109,0.658277491503106,0.005993505426275774,-8.866910436325224,-3.166753727259008,0.0,0.005993505426275773,0.005993505426275773,2.1283980116783807,0.00665124378649494,0.012644749212770713,1.2836079378356594e-34,0.00665124378649494,0.0,-4.1128953117855775e-05,1.0164395367051604e-19,0.00016603178307427559,3.06177390935017e-05,0.10638731239265858,0.0003324603512270581,0.0003630780903205598,0.0056920595992207244,0.006024519950447783,0.0,-2.2118796611937704e-06,-2.922263668027336e-20,0.0006267238360471569,0.0,0.00016887591302760548,3.8917073456662004e-05,0.0,ppo,ppo,noop,0.0
0.4525,0.5242360446891536,0.6599198972438242,0.005927677892789614,-8.89857797359781,-3.166753727259008,0.0,0.005927677892789614,0.005927677892789614,2.121206551836758,0.006628770474489868,0.012556448367279482,1.3134333262440958e-34,0.006628770474489868,-1.734723475976807e-18,-4.491726535060976e-05,-1.8973538018496328e-19,0.00016100791933733164,3.0438083216665403e-05,0.10588965835794222,0.0003309051823685694,0.0003613432655852348,0.005636100137331616,0.005967005319700186,0.0,-2.9205040056212845e-06,-6.776263578034403e-21,0.0006617651547896827,0.0,0.00016768560955452208,4.1996761344988473e-05,0.0,ppo,ppo,noop,0.0
0.455,0.5222948197625131,0.6615537839028969,0.00586229430561871,-8.930245510870401,-3.166753727259008,0.0,0.00586229430561871,0.00586229430561871,2.11401137392527,0.006606285543516469,0.01246857984913518,1.1686748075890127e-34,0.006606285543516469,-8.673617379884035e-19,-4.8666349242890844e-05,1.3552527156068805e-20,0.00015610350970095857,3.0663162203514605e-05,0.10546518339654544,0.0003295786981142045,0.0003602418603177191,0.005580750448420307,0.005910329146534511,8.673617379884035e-19,-3.6619214858456103e-06,6.776263578034403e-20,0.0006959563969819579,0.0,0.00016649254101671926,4.500442775704523e-05,0.0,ppo,ppo,noop,0.0
0.4575,0.5203707716490393,0.6631791628139552,0.005797359861876002,-8.961913048142993,-3.166753727259008,0.0,0.005797359861876002,0.005797359861876002,2.1068133884272595,0.006583791838835186,0.012381151700711187,1.3575325252875844e-34,0.006583791838835186,0.0,-5.2375995487548635e-05,-2.168404344971009e-19,0.0001515919165106062,3.0867571957184164e-05,0.10490631076373422,0.00032783222113666943,0.0003586997930938536,0.005525043600811973,0.005852875821948643,0.0,-4.299618936569525e-06,6.776263578034403e-21,0.0007309160168865424,0.0,0.00016531158687502093,4.807637655097911e-05,0.0,ppo,ppo,noop,0.0
0.46,0.5184637717992279,0.6647960460302615,0.005732879478446973,-8.993580585415582,-3.166753727259008,0.0,0.005732879478446973,0.005732879478446973,2.0996134882733553,0.006561292150854235,0.012294171629301208,1.6825835529935217e-34,0.006561292150854235,0.0,-5.6046014325960365e-05,-2.0328790734103208e-20,0.0001465977662806235,2.9860591372915734e-05,0.10419307209693905,0.00032560335030293455,0.0003554639416758503,0.005469544537258642,0.005795147887561577,-8.673617379884035e-19,-4.877359072212367e-06,-6.691560283308973e-20,0.0007661442632926584,0.0,0.00016416008383680016,5.1168655253748e-05,0.0,ppo,ppo,noop,0.0
0.4625,0.51657369112958,0.6664044463100518,0.005668857797230337,-9.025248122688172,-3.166753727259008,0.0,0.005668857797230337,0.005668857797230337,2.0924125489529346,0.006538789215477921,0.012207647012708257,1.2981055235482662e-34,0.006538789215477921,-8.673617379884035e-19,-5.9676235125643066e-05,-2.439454888092385e-19,0.00014443659139959811,2.945267434705746e-05,0.10377055904550521,0.0003242829970172038,0.00035373567136426126,0.005409437288778198,0.0057337202857954015,0.0,-5.099875776535398e-06,9.317362419797304e-21,0.0008050689296825193,0.0,0.00016299411381066146,5.457635934910767e-05,0.0,ppo,ppo,noop,0.0
0.465,0.5147004000931433,0.6680043771019916,0.005605299190403043,-9.056915659960765,-3.166753727259008,0.0,0.005605299190403043,0.005605299190403043,2.0852114286314714,0.006516285714473348,0.01212158490487639,1.2356499774485575e-34,0.006516285714473348,8.673617379884035e-19,-6.326650595732039e-05,-5.421010862427522e-20,0.00014196100978952603,2.9170972273627555e-05,0.10340747019290993,0.00032314834435284354,0.0003523193166264711,0.005350548143097619,0.005673696487450463,0.0,-5.40198989090632e-06,-1.5246593050577406e-20,0.0008425892270228852,0.0,0.00016183021447683694,5.7864516066414076e-05,0.0,ppo,ppo,noop,0.0
0.4675,0.5128437687474032,0.6695958525307509,0.005542207765704075,-9.088583197233351,-3.166753727259008,0.0,0.005542207765704075,0.005542207765704075,2.078010968273463,0.0064937842758545725,0.012035992041558648,1.6638717291960584e-34,0.0064937842758545725,1.734723475976807e-18,-6.681669317182498e-05,8.131516293641283e-20,0.00014001034394378427,2.9176041010513012e-05,0.10286063261710895,0.0003214394769284655,0.0003506155179389785,0.00529136311882702,0.005612802595755485,0.0,-5.590771545571568e-06,1.6940658945086007e-20,0.0008809816800990876,0.0,0.00016067671979022472,6.122592162625342e-05,0.0,ppo,ppo,noop,0.0
0.47000000000000003,0.5110036668195946,0.6711788873826976,0.005479587371731645,-9.120250734505944,-3.166753727259008,0.0,0.005479587371731645,0.005479587371731645,2.070811991770649,0.0064712874742832785,0.011950874846014923,1.4358651557899747e-34,0.0064712874742832785,0.0,-7.032668097723608e-05,-1.3552527156068805e-19,0.00013574705273316319,2.948737857175309e-05,0.10228782465553234,0.00031964945204853855,0.0003491368306202916,0.00523758064483707,0.005557230096885609,8.673617379884035e-19,-6.191570875129706e-06,1.0842021724855044e-19,0.0009140573773976698,0.0,0.00015952667031406253,6.413511010210638e-05,0.0,ppo,ppo,noop,0.0
0.47250000000000003,0.5091799637695065,0.6727534970917137,0.00541744160324866,-9.15191827177853,-3.166753727259008,0.0,0.00541744160324866,0.00541744160324866,2.0636153060752496,0.006448797831485155,0.011866239434733816,1.2438848603144157e-34,0.006448797831485155,-8.673617379884035e-19,-7.379637101662063e-05,8.131516293641283e-20,0.00013211985435757816,2.9525504928358496e-05,0.1016776192506969,0.0003177425601584278,0.0003472680650867863,0.005182727399461862,0.0055004699596202895,0.0,-6.651533686309546e-06,5.082197683525802e-21,0.0009483278718648656,0.0,0.0001583886091553242,6.714483733031109e-05,0.0,ppo,ppo,noop,0.0
0.47500000000000003,0.5073725288498436,0.6743196977251388,0.005355773806491463,-9.183585809051122,-3.166753727259008,0.0,0.005355773806491463,0.005355773806491463,2.056421701337932,0.006426317816681038,0.011782091623172501,1.177989524213581e-34,0.006426317816681038,1.734723475976807e-18,-7.722568194672597e-05,-8.131516293641283e-20,0.00012871020655702575,2.9129955833123112e-05,0.10116201255481974,0.0003161312892338117,0.0003452612450669348,0.005127483349210534,0.005443614638444345,1.734723475976807e-18,-7.062939622379701e-06,1.0503208545953324e-19,0.0009827031782366925,0.0,0.00015725915089144014,7.016274232434628e-05,0.0,ppo,ppo,noop,0.0
0.47750000000000004,0.5055812311642164,0.6758775059698388,0.0052945870844771075,-9.21525334632371,-3.166753727259008,0.0,0.0052945870844771075,0.0052945870844771075,2.049231951050263,0.006403849847032071,0.011698436931509178,1.4136851037754174e-34,0.006403849847032071,-1.734723475976807e-18,-8.061454901798007e-05,-5.421010862427522e-20,0.00012461643444928243,2.8602405036525215e-05,0.10057058898337888,0.000314283090573059,0.0003428854956095842,0.005073956620615067,0.005388239711188126,8.673617379884035e-19,-7.559718882259181e-06,5.505714157152952e-20,0.0010156101358439447,0.0,0.00015614154601193306,7.305483013572089e-05,0.0,ppo,ppo,noop,0.0
0.48,0.5038059397228233,0.677426939118406,0.005233884302304559,-9.246920883596303,-3.166753727259008,0.0,0.005233884302304559,0.005233884302304559,2.042046812191358,0.006381396288097994,0.011615280590402554,1.3798090158194035e-34,0.006381396288097994,0.0,-8.396292365610986e-05,-2.710505431213761e-20,0.00012269359194456948,2.858594298051994e-05,0.10017600710844984,0.0003130500222139058,0.0003416359651944257,0.005017083061395941,0.005330133083609846,0.0,-7.781852436826891e-06,-3.218725199566341e-20,0.001051263204488148,0.0,0.0001550153077907014,7.618107121928296e-05,0.0,ppo,ppo,noop,0.0
0.4825,0.5020465234958913,0.6789680150554914,0.005173668092445458,-9.278588420868891,-3.166753727259008,0.0,0.005173668092445458,0.005173668092445458,2.034867025378503,0.006358959454307822,0.01153262754675328,1.0164778870193523e-34,0.006358959454307822,8.673617379884035e-19,-8.727077304570142e-05,-1.4907779871675686e-19,0.00012115548589442504,2.86238662292199e-05,0.09970524920693426,0.00031157890377166955,0.00034020277000088945,0.0049599809868858275,0.005271559890657497,8.673617379884035e-19,-7.923183949896431e-06,1.8634724839594607e-20,0.0010873995636503254,0.0,0.00015389851546438238,7.9347589095805e-05,0.0,ppo,ppo,noop,0.0
0.485,0.5003028514649389,0.6805007522442702,0.005113940860020224,-9.310255958141482,-3.166753727259008,0.0,0.005113940860020224,0.005113940860020224,2.0276933150214793,0.006336541609442123,0.011450482469462347,1.3065579066185994e-34,0.006336541609442123,0.0,-9.053807971599469e-05,-1.0842021724855044e-19,0.0001196333220987492,2.8047062518200995e-05,0.09929799104870722,0.0003103062220272101,0.0003383532845454111,0.004902721278340927,0.005213027500368137,0.0,-8.026907155141167e-06,0.0,0.0011235141090739859,0.0,0.00015279443188747258,8.251117256085353e-05,0.0,ppo,ppo,noop,0.0
0.4875,0.4985747926719243,0.682025169713043,0.005054704788055495,-9.341923495414072,-3.166753727259008,0.0,0.005054704788055495,0.005054704788055496,2.0205263894803696,0.006314144967126155,0.01136884975518165,1.0405447727559136e-34,0.006314144967126155,8.673617379884035e-19,-9.376484112919622e-05,-6.776263578034403e-20,0.00011783183635931808,2.7957145858993995e-05,0.09889831410211838,0.00030905723156911995,0.00033701437742811395,0.004846998261195854,0.005156055492764974,-1.734723475976807e-18,-8.220917500765348e-06,-1.2197274440461925e-19,0.0011580894743611807,0.0,0.00015169037285023008,8.554392362843088e-05,0.0,ppo,ppo,noop,0.0
0.49,0.4968622162663401,0.6835412870419763,0.004995961842719039,-9.373591032686662,-3.166753727259008,0.0,0.00499596184271904,0.004995961842719039,2.0133669412265953,0.00629177169133311,0.01128773353405215,1.068203300556391e-34,0.00629177169133311,-1.734723475976807e-18,-9.695106927158062e-05,-2.0328790734103208e-19,0.00011624027730421269,2.7441311340764876e-05,0.09839505311026887,0.0003074845409695902,0.0003349258523103551,0.004790922599451379,0.005098407140420969,-8.673617379884035e-19,-8.31639891128027e-06,-6.437450399132683e-20,0.0011933645509121411,0.0,0.00015060372314390014,8.863467036030034e-05,0.0,ppo,ppo,noop,0.0
0.4925,0.4951649915503173,0.6850491243499793,0.004937713778528526,-9.405258569959251,-3.166753727259008,0.0,0.004937713778528526,0.004937713778528527,2.0062156470069805,0.006269423896896814,0.011207137675425341,1.2806884941075002e-34,0.006269423896896814,2.6020852139652106e-18,-0.00010009679024763842,1.3552527156068805e-20,0.00011465430816042618,2.702321482412396e-05,0.09805402352772616,0.00030641882352414426,0.00033344203834826823,0.004735428377031798,0.005041847200555942,0.0,-8.461623716656152e-06,6.776263578034403e-21,0.0012275766963408723,0.0,0.00014951591362343398,9.163516653098227e-05,0.0,ppo,ppo,noop,0.0
0.495,0.4934829880217939,0.6865487022817246,0.004879962143530618,-9.43692610723184,-3.166753727259008,0.0,0.004879962143530618,0.004879962143530618,1.9990731680106049,0.0062471036500331405,0.011127065793563758,1.171308613174992e-34,0.0062471036500331405,-1.734723475976807e-18,-0.00010320204387750931,-9.486769009248164e-20,0.00011452761174770562,2.691005310457514e-05,0.09760518507638732,0.0003050162033637104,0.00033192625646828554,0.004677816973139781,0.004982833176503491,8.673617379884035e-19,-8.356092247883088e-06,5.759824041329242e-20,0.0012642704735296491,0.0,0.00014843574847522132,9.484595162962622e-05,0.0,ppo,ppo,noop,0.0
0.4975,0.49181607541581124,0.6880400419948074,0.004822708284447108,-9.468593644504432,-3.166753727259008,0.0,0.004822708284447108,0.004822708284447108,1.9919401500382405,0.006224812968869502,0.01104752125331661,9.636267365030485e-35,0.006224812968869502,0.0,-0.00010626688329793538,-6.776263578034403e-20,0.00011280060751363782,2.7116257374416066e-05,0.09710560335930592,0.000303455010497831,0.00033057126787224705,0.00462422332679425,0.004927678337292081,-8.673617379884035e-19,-8.536092607457443e-06,-9.825582188149884e-20,0.0012971346315774207,0.0,0.00014736062345415123,9.773079069047794e-05,0.0,ppo,ppo,noop,0.0
0.5,0.4901641237439902,0.6895231651470509,0.004765953351784948,-9.500261181777027,-3.166753727259008,0.0,0.004765953351784948,0.004765953351784949,1.9848172236741708,0.006202553823981783,0.010968507175766733,1.0921112364113878e-34,0.006202553823981783,1.734723475976807e-18,-0.0001092913745669472,9.486769009248164e-20,0.00010915956952820024,2.668431070957407e-05,0.0965492932093726,0.00030171654127928934,0.0003284008519888634,0.004574318523438122,0.004876035064717411,0.0,-8.973120432546538e-06,1.1858461261560205e-20,0.0013265187592643723,0.0,0.00014630400474201262,0.00010031825413440065,0.0,ppo,ppo,noop,0.0
0.5025000000000001,0.48852700333224786,0.6909980938839543,0.004709698304907183,-9.531928719049613,-3.166753727259008,0.0,0.004709698304907183,0.004709698304907183,1.9777050044601843,0.006180328138938076,0.01089002644384526,1.0280682826617246e-34,0.006180328138938076,8.673617379884035e-19,-0.00011227559627248885,0.0,0.0001078731501299645,2.6793523961106662e-05,0.09615302407583683,0.0003004782002369901,0.00032727172419809675,0.00452074552860836,0.00482122372884535,8.673617379884035e-19,-9.097155559073372e-06,5.590417451878382e-20,0.0013591044100927261,0.0,0.00014524040169960211,0.00010317844071341549,0.0,ppo,ppo,noop,0.0
0.505,0.4869045848568056,0.6924648508262856,0.004653943917061976,-9.563596256322205,-3.166753727259008,0.0,0.004653943917061976,0.004653943917061976,1.9706040930715574,0.006158137790848617,0.010812081707910592,1.375909022732506e-34,0.006158137790848617,0.0,-0.00011521963914517673,-1.3552527156068805e-20,0.00010549260179955355,2.6599198701639263e-05,0.09563099687604229,0.00029884686523763216,0.0003254460639392714,0.004469557912164508,0.00476840477740214,0.0,-9.348801430756024e-06,2.879912020664621e-20,0.0013897330134464772,0.0,0.0001441937462179977,0.00010587083771442071,0.0,ppo,ppo,noop,0.0
0.5075000000000001,0.4852967393785425,0.6939234590578227,0.004598690780367072,-9.595263793594794,-3.166753727259008,0.0,0.004598690780367072,0.004598690780367072,1.9635150754948312,0.006135984610921347,0.01073467539128842,1.310331655683426e-34,0.006135984610921347,0.0,-0.00011812360567536623,-9.486769009248164e-20,0.00010280376576515471,2.6434612629552663e-05,0.09514608296966316,0.0002973315092801974,0.00032376612190975005,0.0044195178614663145,0.004716849370746512,8.673617379884035e-19,-9.665071950466916e-06,5.929230630780102e-20,0.001419135240174835,0.0,0.0001431524904701355,0.00010845853372489932,0.0,ppo,ppo,noop,0.0
0.51,0.4837033383757494,0.695373942113239,0.004543939310747187,-9.626931330867384,-3.166753727259008,0.0,0.004543939310747186,0.004543939310747186,1.9564385232072126,0.0061138703850225394,0.010657809695769726,1.308748596334204e-34,0.0061138703850225394,8.673617379884035e-19,-0.00012098760973470199,-4.0657581468206416e-20,0.00010120013145403365,2.6261720210435247e-05,0.09469314741258847,0.000295916085664339,0.00032217780587477424,0.004367800768049554,0.004663716853713893,8.673617379884035e-19,-9.80453929701459e-06,7.453889935837843e-20,0.0014501535313086464,0.0,0.0001421174085123227,0.0001111830704376874,0.0,ppo,ppo,noop,0.0
0.5125,0.4821242537753293,0.6968163239661389,0.004489689752821958,-9.658598868139975,-3.166753727259008,0.0,0.004489689752821959,0.004489689752821959,1.9493749933574125,0.006091796854241914,0.010581486607063872,1.6198877113231823e-34,0.006091796854241914,-8.673617379884035e-19,-0.00012381177620230256,-1.8973538018496328e-19,9.829312121313702e-05,2.5310110848877972e-05,0.09419300802570735,0.00029435315008033544,0.00031966326092921344,0.004318413621244562,0.004612766771324897,8.673617379884035e-19,-1.0087933643078529e-05,4.404571325722362e-20,0.001479030082917017,0.0,0.0001411025233967318,0.00011372384255922403,0.0,ppo,ppo,noop,0.0
0.515,0.48055935798249994,0.6982506290172399,0.004435942184742279,-9.690266405412565,-3.166753727259008,0.0,0.004435942184742279,0.004435942184742278,1.9423250289477672,0.006069765715461773,0.01050570790020405,1.123820849333612e-34,0.006069765715461773,-1.734723475976807e-18,-0.0001265962405957319,-1.6263032587282567e-19,9.769069988647723e-05,2.5086376060140632e-05,0.09388450586482043,0.00029338908082756385,0.00031847545688770446,0.004265647161029463,0.004559036241857027,8.673617379884035e-19,-1.009077019518433e-05,1.2366681029912785e-19,0.0015107294736047454,0.0,0.00014007688065712363,0.00011650547040054757,0.0,ppo,ppo,noop,0.0
0.5175,0.47900852390904153,0.6996768820827041,0.004382696522972906,-9.721933942685153,-3.166753727259008,0.0,0.004382696522972906,0.004382696522972905,1.9352891590174635,0.006047778621929573,0.010430475144902477,1.1072034275329266e-34,0.006047778621929573,-8.673617379884035e-19,-0.00012934114870688637,-1.8973538018496328e-19,9.53789483546394e-05,2.4056601744715926e-05,0.09418947980285103,0.0002943421243839095,0.0003183987261286254,0.0042159952280083415,0.004510337352392251,8.673617379884035e-19,-1.047733552170838e-05,6.945670167485263e-20,0.0015374412695373218,0.0,0.0001390434673587543,0.000118863813185178,0.0,ppo,ppo,noop,0.0
0.52,0.477471625000141,0.7010951083826186,0.00432995252701945,-9.753601479957743,-3.166753727259008,0.0,0.00432995252701945,0.00432995252701945,1.9282678988267283,0.006025837183833526,0.010355789710852976,1.0880149861870683e-34,0.006025837183833526,0.0,-0.0001320466562429295,-1.0842021724855044e-19,9.458580717958783e-05,2.3494925373391533e-05,0.09377393456404834,0.00029304354551265105,0.00031653847088604256,0.004164275838033667,0.004457319383546318,-8.673617379884035e-19,-1.0456222036950555e-05,-9.317362419797304e-20,0.0015685178002872073,0.0,0.00013804210374627847,0.00012159043420597893,0.0,ppo,ppo,noop,0.0
0.5225,0.4759485352598774,0.7025053335296271,0.004277709804097963,-9.785269017230334,-3.166753727259008,0.0,0.004277709804097963,0.004277709804097963,1.9212617500418172,0.006003942968880679,0.010281652772978642,1.5680650869722445e-34,0.006003942968880679,0.0,-0.00013471292847238084,-5.421010862427522e-20,9.200856212458072e-05,2.3747093378972697e-05,0.09341775590718189,0.00029193048720994343,0.00031567758058891613,0.004117439773227774,0.0044093702604377175,0.0,-1.0822184204068427e-05,0.0,0.0015945727084429612,0.0,0.00013703454058046176,0.0001238907442683124,0.0,ppo,ppo,noop,0.0
0.525,0.47443912927539433,0.7039075835177088,0.004225967813745392,-9.816936554502924,-3.166753727259008,0.0,0.004225967813745392,0.004225967813745393,1.9142712009206653,0.005982097502877079,0.010208065316622472,1.1689057188924145e-34,0.005982097502877079,1.734723475976807e-18,-0.00013734013987647402,-2.710505431213761e-20,9.076694139558661e-05,2.383964837374841e-05,0.09309452113299296,0.000290920378540603,0.0003147600269143514,0.004068273579327968,0.004359193957868572,-8.673617379884035e-19,-1.0956340075155243e-05,-1.3213713977167085e-19,0.0016229035450085073,0.0,0.00013603531205181712,0.00012638379980131877,0.0,ppo,ppo,noop,0.0
0.5275,0.4729432822398023,0.7053018847111077,0.004174725872369497,-9.848604091775513,-3.166753727259008,0.0,0.004174725872369497,0.004174725872369497,1.9072967264990555,0.005960302270309548,0.010135028142679045,9.499386354481535e-35,0.005960302270309548,0.0,-0.00013992847380586758,0.0,8.915658298732339e-05,2.372598044988083e-05,0.0927956519152434,0.0002899864122351356,0.00031371239268501646,0.004020138686844731,0.004310125099079866,0.0,-1.114227653885311e-05,-1.6940658945086007e-21,0.0016501771712296815,0.0,0.00013504543867657004,0.00012878619726701447,0.0,ppo,ppo,noop,0.0
0.53,0.4714608699738546,0.7066882638334145,0.004123983157736665,-9.880271629048105,-3.166753727259008,0.0,0.004123983157736665,0.004123983157736665,1.9003387887771725,0.005938558714928664,0.01006254187266533,1.0276259401639217e-34,0.005938558714928664,8.673617379884035e-19,-0.00014247812214280718,5.421010862427522e-20,8.724795848367157e-05,2.3199537167266762e-05,0.09242955846095777,0.00028884237019049304,0.0003120419073577598,0.003972686777936588,0.004261529148127081,8.673617379884035e-19,-1.1326703865316642e-05,8.300922883092143e-20,0.0016770295668015831,0.0,0.00013407170471345882,0.00013115141827749053,0.0,ppo,ppo,noop,0.0
0.5325,0.4699917689464398,0.7080667479567954,0.004073738713396486,-9.911939166320693,-3.166753727259008,0.0,0.004073738713396486,0.004073738713396486,1.893397836906413,0.005916868240332541,0.009990606953729027,1.2092764800440158e-34,0.005916868240332541,0.0,-0.0001449892849688043,2.710505431213761e-20,8.448956775859346e-05,2.2901978673372875e-05,0.09193524231599319,0.00028729763223747873,0.0003101996109108516,0.003927661556552671,0.00421495918879015,1.734723475976807e-18,-1.1641188311988423e-05,8.131516293641283e-20,0.0017019090515423907,0.0,0.00013310791440337971,0.00013334809665681586,0.0,ppo,ppo,noop,0.0
0.535,0.46853585629392774,0.7094373644913718,0.004023991453041783,-9.943606703593282,-3.166753727259008,0.0,0.004023991453041784,0.004023991453041784,1.8864743073763217,0.005895232210551006,0.00991922366359279,8.759100474239146e-35,0.005895232210551006,-1.734723475976807e-18,-0.00014746217023791025,-2.168404344971009e-19,8.170703964192406e-05,2.26878145334717e-05,0.09141094140476097,0.000285659191889878,0.00030834700642334975,0.003883265188291407,0.004168924380181285,-8.673617379884035e-19,-1.1958911979512099e-05,-2.0328790734103208e-20,0.0017263078303697207,0.0,0.00013215185085915226,0.00013550325825839815,0.0,ppo,ppo,noop,0.0
0.5375,0.4670930098384139,0.710800141174751,0.003974740164803161,-9.975274240865872,-3.166753727259008,0.0,0.003974740164803161,0.003974740164803161,1.879568624201546,0.005873651950629831,0.00984839211543299,1.1404187462402357e-34,0.005873651950629831,0.0,-0.00014989699345563747,-1.3552527156068805e-19,8.012718405293549e-05,2.214202796000467e-05,0.09087736070927623,0.0002839917522164882,0.00030613378017649284,0.0038366278246572947,0.004120619576873783,0.0,-1.2041949951791571e-05,-3.049318610115481e-20,0.0017530323737560477,0.0,0.00013120833253433016,0.0001378550435038459,0.0,ppo,ppo,noop,0.0
0.54,0.46566310810489536,0.7121551060617052,0.00392598351547699,-10.006941778138465,-3.166753727259008,0.0,0.00392598351547699,0.003925983515476991,1.872681199108679,0.005852128747214622,0.009778112262691614,1.1108089489063707e-34,0.005852128747214622,1.734723475976807e-18,-0.0001522939773635864,5.421010862427522e-20,7.894179983985148e-05,2.2077010135786682e-05,0.0905667497675115,0.0002830210930234734,0.0003050981031592601,0.0037901769259330743,0.004073198018956547,0.0,-1.2156643190103122e-05,-6.776263578034403e-21,0.0017789307282580743,0.0,0.00013025620857003644,0.00014013733417348327,0.0,ppo,ppo,noop,0.0
0.5425,0.4642460303374195,0.7135022875140005,0.0038777200546861127,-10.038609315411055,-3.166753727259008,0.0,0.0038777200546861127,0.0038777200546861127,1.8658124317228986,0.005830663849134058,0.00970838390382017,1.251225793721561e-34,0.005830663849134058,0.0,-0.00015465335162981677,-5.421010862427522e-20,7.325732177311009e-05,2.133247957541533e-05,0.09005555100498117,0.00028142359689056615,0.0003027560764659815,0.0037525378907153077,0.004033961487605874,0.0,-1.2926669483792862e-05,-6.776263578034403e-21,0.001796702361528184,0.0,0.00012932963039849046,0.00014172668214602392,0.0,ppo,ppo,noop,0.0
0.545,0.46284165651424125,0.7148417141903742,0.003829948218972397,-10.07027685268364,-3.166753727259008,0.0,0.003829948218972397,0.003829948218972397,1.8589627097542802,0.005809258467982126,0.009639206686954522,1.1635109547512815e-34,0.005809258467982126,-8.673617379884035e-19,-0.00015697535254500714,-1.8973538018496328e-19,6.839534954228311e-05,2.1719434396476513e-05,0.09025312994097524,0.0002820410310655476,0.0003037604654620241,0.0037148769542843076,0.0039969179853498555,-8.673617379884035e-19,-1.3837403927655351e-05,-4.0657581468206416e-20,0.00181234048263227,0.0,0.0001283646165457769,0.0001431379486173518,0.0,ppo,ppo,noop,0.0
0.5475,0.4614498673620219,0.7161734150366621,0.00378266633582061,-10.101944389956238,-3.166753727259008,0.0,0.0037826663358206097,0.00378266633582061,1.8521324091836988,0.005787913778699059,0.009570580114519668,1.1125162240551258e-34,0.005787913778699059,0.0,-0.00015926022272442348,-2.710505431213761e-20,6.89188458194565e-05,2.1144466612402975e-05,0.08986671955357527,0.00028083349860492273,0.0003019779652173257,0.0036659731107941,0.003946806609399022,8.673617379884035e-19,-1.3598980373106212e-05,3.8963515573697816e-20,0.0018411071693000365,0.0,0.0001274454945786562,0.00014566124235131726,0.0,ppo,ppo,noop,0.0
0.55,0.4600705443691087,0.7174974192760719,0.0037358726276129385,-10.133611927228824,-3.166753727259008,0.0,0.0037358726276129385,0.003735872627612939,1.8453218944482113,0.0057666309201506605,0.009502503547763599,9.081836792292278e-35,0.0057666309201506605,0.0,-0.00016150821081572706,-5.421010862427522e-20,6.814925963796506e-05,2.1198325510891176e-05,0.08960180626909091,0.0002800056445909091,0.00030120397010180026,0.0036207724338478994,0.0039007780784388085,0.0,-1.366492506165387e-05,6.776263578034403e-21,0.001865852841711852,0.0,0.00012652006813451973,0.0001478432857540732,0.0,ppo,ppo,noop,0.0
0.5525,0.4587035697979216,0.7188137563996072,0.0036895652155137914,-10.165279464501412,-3.166753727259008,0.0,0.0036895652155137914,0.0036895652155137914,1.8385315186258344,0.0057454109957057325,0.009434976211219524,9.301967613171789e-35,0.0057454109957057325,0.0,-0.00016371957121263405,-5.421010862427522e-20,6.6621363317689e-05,2.0575013909795596e-05,0.08924517669457682,0.00027889117717055256,0.0002994661910803481,0.0035768975027882094,0.003855788679958762,-8.673617379884035e-19,-1.3778987283808959e-05,-2.541098841762901e-20,0.0018896223157469708,0.0,0.00012561544599608727,0.0001499405839288251,0.0,ppo,ppo,noop,0.0
0.555,0.457348826696489,0.7201224561566352,0.0036437421232844306,-10.196947001774005,-3.166753727259008,0.0,0.0036437421232844306,0.0036437421232844306,1.8317616236196315,0.005724255073811349,0.00936799719709578,1.1116756942224234e-34,0.005724255073811349,0.0,-0.00016589456377443846,8.131516293641283e-20,6.477707179548946e-05,2.1255277848150912e-05,0.08952453236613485,0.0002797641636441714,0.00030101944149232233,0.0035354432575416027,0.003815207421185774,0.0,-1.4222727734629838e-05,6.776263578034403e-21,0.0019090476526255748,0.0,0.00012467311098076814,0.00015167183603980862,0.0,ppo,ppo,noop,0.0
0.5575,0.4560061989091546,0.7214235485456033,0.0035984012810271948,-10.228614539046593,-3.166753727259008,0.0,0.0035984012810271956,0.003598401281027195,1.8250125403410205,0.005703164188565689,0.009301565469592885,1.007301797476044e-34,0.005703164188565689,-1.734723475976807e-18,-0.0001680334535513982,-8.131516293641283e-20,6.358807928389183e-05,2.108563597063931e-05,0.08920191939629639,0.0002787559981134262,0.00029984163408406555,0.0034923107584300507,0.003771066756543477,-4.336808689942018e-19,-1.4326119418233326e-05,-4.404571325722362e-20,0.001932097432022212,0.0,0.00012377585398497796,0.00015370733413316487,0.0,ppo,ppo,noop,0.0
0.56,0.4546755710864928,0.7227170638049006,0.0035535405288590277,-10.260282076319186,-3.166753727259008,0.0,0.0035535405288590277,0.0035535405288590277,1.8182845888922257,0.005682139340288205,0.009235679869147233,1.0471294682930155e-34,0.005682139340288205,0.0,-0.00017013651051599036,5.421010862427522e-20,6.210465483765295e-05,2.0972993585919163e-05,0.08895659692534362,0.0002779893653916988,0.000298962358977618,0.003450304212769641,0.0037282935781613397,0.0,-1.4504590860687653e-05,8.470329472543003e-21,0.001953845762126865,0.0,0.0001228820014762456,0.00015563191965530272,0.0,ppo,ppo,noop,0.0
0.5625,0.45335682869445926,0.724003032403865,0.0035091576205142647,-10.291949613591775,-3.166753727259008,0.0,0.0035091576205142647,0.0035091576205142647,1.8115780787477984,0.00566118149608687,0.009170339116601135,1.0034796620692295e-34,0.00566118149608687,-8.673617379884035e-19,-0.00017220400930001542,5.421010862427522e-20,6.073855787171188e-05,2.0234005904199218e-05,0.08860920268248317,0.0002769037583827599,0.00029713776428695913,0.0034079145106750398,0.0036848182690577998,4.336808689942018e-19,-1.4583869328300134e-05,2.202285662861181e-20,0.00197636322702907,0.0,0.00012200863912653769,0.0001576201399717153,0.0,ppo,ppo,noop,0.0
0.5650000000000001,0.45204985802280634,0.7252814850339339,0.003465250226876493,-10.323617150864365,-3.166753727259008,0.0,0.003465250226876493,0.003465250226876493,1.8048933089351356,0.005640291590422298,0.009105541817298791,1.022812687586465e-34,0.005640291590422298,0.0,-0.00017423622893755297,-5.421010862427522e-20,5.8024357556912015e-05,1.965246486543702e-05,0.08830365201589035,0.00027594891254965735,0.00029560137741509434,0.0033688539766281063,0.0036448028891777635,-4.336808689942018e-19,-1.49164861810734e-05,-2.541098841762901e-20,0.001995488701244535,0.0,0.00012113878646242198,0.00015931974275647958,0.0,ppo,ppo,noop,0.0
0.5675,0.450754546192791,0.7265524525999383,0.0034218159394396293,-10.355284688136956,-3.166753727259008,0.0,0.0034218159394396293,0.0034218159394396293,1.7982305682139264,0.00561947052566852,0.009041286465108149,9.604910185029719e-35,0.00561947052566852,-8.673617379884035e-19,-0.00017623345261373515,-1.0842021724855044e-19,5.677509129065243e-05,1.9293441976145955e-05,0.08798793422331774,0.00027496229444786796,0.0002942557364240139,0.0033275591988344705,0.0036025214932823386,0.0,-1.5016054707338613e-05,-2.202285662861181e-20,0.002016949032386181,0.0,0.000120273762899162,0.00016121739790639654,0.0,ppo,ppo,noop,0.0
0.5700000000000001,0.4494707811642034,0.7278159662115414,0.0033788522736981266,-10.386952225409543,-3.166753727259008,0.0,0.0033788522736981266,0.003378852273698127,1.7915901352544632,0.005598719172670198,0.008977571446368324,7.565556627816583e-35,0.005598719172670198,0.0,-0.00017819596741932891,-8.131516293641283e-20,5.623783932813373e-05,1.9071928017604688e-05,0.08768995257869033,0.0002740311018084073,0.00029310302982601196,0.003285448523059464,0.0035594796248678714,-4.336808689942018e-19,-1.5010754729388476e-05,-2.879912020664621e-20,0.0020392395478023265,0.0,0.00011941351615596792,0.00016318521268994044,0.0,ppo,ppo,noop,0.0
0.5725,0.44819845174174133,0.7290720571748167,0.003336356672466596,-10.418619762682138,-3.166753727259008,0.0,0.003336356672466596,0.003336356672466596,1.7849722788147575,0.0055780383712961176,0.008914395043762714,9.328258938893855e-35,0.0055780383712961176,0.0,-0.00018012406411108757,-2.710505431213761e-20,5.648580697578681e-05,1.9081300926670754e-05,0.08727871829025276,0.00027274599465703986,0.0002918272955837106,0.003242466359441693,0.0035152123540987327,0.0,-1.4861653859002077e-05,1.6940658945086007e-21,0.002062826017197385,0.0,0.00011856236717284915,0.0001652624102520855,0.0,ppo,ppo,noop,0.0
0.5750000000000001,0.44693744758075676,0.7303207569839685,0.003294326509128899,-10.450287299954725,-3.166753727259008,0.0,0.0032943265091289,0.003294326509128899,1.7783772579163974,0.005557428930988742,0.008851755440117641,8.931076878697113e-35,0.005557428930988742,-1.734723475976807e-18,-0.00018201803687785075,-1.8973538018496328e-19,5.4206635054077754e-05,1.8909512453800583e-05,0.0869388951077444,0.00027168404721170125,0.00029059355966550184,0.0032048227514745444,0.0034765067986862455,0.0,-1.5145687486560698e-05,-1.8634724839594607e-20,0.002080922132302497,0.0,0.00011771802181672974,0.00016687234939129005,0.0,ppo,ppo,noop,0.0
0.5775,0.44568765919239817,0.7315620973131913,0.0032527590908170726,-10.481954837227315,-3.166753727259008,0.0,0.0032527590908170726,0.0032527590908170726,1.7718053220191037,0.005536891631309699,0.008789650722126771,9.737611324708626e-35,0.005536891631309699,0.0,-0.00018387818311234967,-1.0842021724855044e-19,5.307809674073231e-05,1.8854690539209865e-05,0.0865495213798741,0.00027046725431210657,0.0002893219448513164,0.0031654575878748183,0.0034359248421869247,-4.336808689942018e-19,-1.5230937966268614e-05,-2.541098841762901e-20,0.0021009667891227746,0.0,0.00011688155211005553,0.00016864724514608105,0.0,ppo,ppo,noop,0.0
0.58,0.4444489779481751,0.7327961100086691,0.0032116516615203236,-10.513622374499906,-3.166753727259008,0.0,0.0032116516615203236,0.0032116516615203236,1.7652567111939184,0.0055164272224809945,0.008728078884001319,9.704889441799663e-35,0.0055164272224809945,8.673617379884035e-19,-0.0001857048031886784,-5.421010862427522e-20,5.148122861613812e-05,1.8887699612356312e-05,0.08627769672804839,0.0002696178022751512,0.0002885055018875075,0.0031275769039004033,0.0033971947061755543,4.336808689942018e-19,-1.543396212982459e-05,4.743384504624082e-20,0.00211923251630544,0.0,0.0001160461509071589,0.0001702708410588538,0.0,ppo,ppo,noop,0.0
0.5825,0.4432212960839656,0.7340228270807121,0.0031710014051244554,-10.545289911772496,-3.166753727259008,0.0,0.003171001405124455,0.0031710014051244545,1.758731656294993,0.0054960364259218535,0.008667037831046307,1.0395823773269706e-34,0.0054960364259218535,-1.734723475976807e-18,-0.00018749820024539505,-1.3552527156068805e-19,5.045380940815745e-05,1.8873092593139984e-05,0.08595337672300432,0.0002686043022593885,0.0002874773948525285,0.0030889668789012797,0.0033575711811606682,8.673617379884035e-19,-1.5522435918189608e-05,6.437450399132683e-20,0.0021384652447611853,0.0,0.00011522095855876616,0.00017197576432720544,0.0,ppo,ppo,noop,0.0
0.585,0.44200450670348995,0.7352422806960304,0.0031308054483821677,-10.576957449045086,-3.166753727259008,0.0,0.0031308054483821677,0.0031308054483821673,1.7522303791299194,0.005475719934780998,0.008606525383163165,9.164467990085085e-35,0.005475719934780998,0.0,-0.00018925867997419618,-8.131516293641283e-20,4.8976444029357404e-05,1.854192899818495e-05,0.08554688858060287,0.000267334026814384,0.00028587595581256895,0.0030513944893216377,0.003318728516136022,0.0,-1.5639337428597742e-05,0.0,0.002156991418644976,0.0,0.00011441091810852285,0.00017361934254559843,0.0,ppo,ppo,noop,0.0
0.5875,0.44079850378127305,0.7364545031701432,0.0030910608638146566,-10.608624986317674,-3.166753727259008,0.0,0.0030910608638146566,0.0030910608638146566,1.745753092628565,0.005455478414464266,0.008546539278278923,9.703215278209352e-35,0.005455478414464266,8.673617379884035e-19,-0.00019098655041412007,5.421010862427522e-20,4.8083215180576245e-05,1.84888402308586e-05,0.08509982174191993,0.0002659369429434998,0.0002844257831743584,0.0030133832736843626,0.0032793202166278624,0.0,-1.5669616577371545e-05,1.0164395367051604e-20,0.002176158197836403,0.0,0.00011360603505112679,0.00017531693383674853,0.0,ppo,ppo,noop,0.0
0.59,0.43960318216511624,0.7376595269599231,0.003051764672544987,-10.640292523590267,-3.166753727259008,0.0,0.0030517646725449874,0.0030517646725449874,1.739300001010376,0.005435312503157425,0.008487077175702412,1.1857840850505052e-34,0.005435312503157425,-8.673617379884035e-19,-0.00019268212175122651,-1.0842021724855044e-19,4.774135695136057e-05,1.84922566468191e-05,0.08468745883556382,0.00026464830886113695,0.00028314056550795603,0.0029747742152890846,0.0032394225241502215,0.0,-1.5619991098948805e-05,2.371692252312041e-20,0.0021958899790072033,0.0,0.00011280608898040539,0.0001770621306522777,0.0,ppo,ppo,noop,0.0
0.5925,0.4384184375780978,0.7388573846562742,0.0030129138470638226,-10.671960060862858,-3.166753727259008,0.0,0.003012913847063822,0.0030129138470638217,1.7328712999501072,0.005415222812344085,0.008428136659407906,9.788592118176961e-35,0.005415222812344085,-8.673617379884035e-19,-0.0001943457061236954,-1.3552527156068805e-19,4.767665950467498e-05,1.866590811497349e-05,0.0843475491228085,0.00026358609100877653,0.00028225199912375,0.0029362264361694457,0.0031998125271782223,4.336808689942018e-19,-1.5556500052239225e-05,2.710505431213761e-20,0.002215410285165863,0.0,0.00011200786079578853,0.00017878920607145618,0.0,ppo,ppo,noop,0.0
0.595,0.4372441666201247,0.7400481089769412,0.002974505313928057,-10.703627598135444,-3.166753727259008,0.0,0.002974505313928057,0.002974505313928057,1.7264671767419475,0.005395209927318586,0.008369715241246644,1.0294883713978483e-34,0.005395209927318586,0.0,-0.00019597761743228418,5.421010862427522e-20,4.746907495693718e-05,1.8155661322425876e-05,0.08398114637689608,0.00026244108242780024,0.0002805967437502261,0.0028977228253366082,0.0031601639077644085,0.0,-1.5453027331946852e-05,6.776263578034403e-21,0.002235046019554178,0.0,0.00011122731249138642,0.00018052459010033732,0.0,ppo,ppo,noop,0.0
0.5975,0.43608026676905187,0.7412317327594511,0.0029365359563929584,-10.735295135408037,-3.166753727259008,0.0,0.002936535956392958,0.002936535956392958,1.7200878104620052,0.005375274407693766,0.008311810364086724,9.081767685800284e-35,0.005375274407693766,0.0,-0.00019757817115608563,-2.710505431213761e-20,4.683583697281372e-05,1.7528862818928445e-05,0.08359906453011379,0.0002612470766566056,0.00027877593947553403,0.0028603931452662592,0.003121640221922865,0.0,-1.540803752788186e-05,1.6940658945086007e-20,0.0022536341857709013,0.0,0.00011045614308615076,0.00018217013362820377,0.0,ppo,ppo,noop,0.0
0.6,0.43492663638138823,0.7424082889541849,0.0028990026169784843,-10.766962672680627,-3.166753727259008,0.0,0.0028990026169784843,0.0028990026169784843,1.71373337212913,0.005355416787903531,0.008254419404882016,8.93150069450421e-35,0.005355416787903531,0.0,-0.00019914768417352425,2.710505431213761e-20,4.47796472009193e-05,1.743224305669471e-05,0.08332098995070655,0.000260378093595958,0.0002778103366526527,0.0028268755656333405,0.0030872536592292986,-4.336808689942018e-19,-1.5676642117072957e-05,-2.0328790734103208e-20,0.002268163128674232,0.0,0.00010968028095127638,0.0001834710420564513,0.0,ppo,ppo,noop,0.0
0.6025,0.4337831746926091,0.7435778106175773,0.0028619020999704247,-10.798630209953217,-3.166753727259008,0.0,0.0028619020999704247,0.0028619020999704247,1.707404024864036,0.005335637577700112,0.008197539677670538,8.4419939903102e-35,0.005335637577700112,0.0,-0.00020068647458852012,5.421010862427522e-20,4.3397941897336105e-05,1.773902930238654e-05,0.0829367112660963,0.00025917722270655093,0.00027691625200893747,0.002792845245478139,0.00305202246818469,0.0,-1.583657980355558e-05,-6.776263578034403e-21,0.0022836151095154225,0.0,0.00010891046498642896,0.00018484989478496455,0.0,ppo,ppo,noop,0.0
0.605,0.4326497818170899,0.7447403309054442,0.00282523117385711,-10.830297747225806,-3.166753727259008,0.0,0.00282523117385711,0.0028252311738571102,1.7010999240467133,0.005315937262645979,0.00814116843650309,9.168860300658286e-35,0.005315937262645979,8.673617379884035e-19,-0.00020219486156175878,5.421010862427522e-20,4.34569236037396e-05,1.7590892645965106e-05,0.08254504358843495,0.00025795326121385925,0.00027554415385982437,0.0027559082192955956,0.0030138614805094548,4.336808689942018e-19,-1.571152823837618e-05,1.3552527156068805e-20,0.0023020757821365246,0.0,0.00010815421362614139,0.0001864833333233826,0.0,ppo,ppo,noop,0.0
0.6075,0.4315263587476791,0.745895883066437,0.0027889865737023727,-10.861965284498396,-3.166753727259008,0.0,0.0027889865737023727,0.0027889865737023727,1.6948212174720898,0.0052963163046002805,0.008085302878302654,7.19995998927144e-35,0.0052963163046002805,0.0,-0.0002036731651469954,0.0,4.229142264699705e-05,1.7559356128457025e-05,0.0822291212999882,0.0002569660040624631,0.00027452536019092013,0.0027219630845368354,0.0029789290885992984,4.336808689942018e-19,-1.582425667496129e-05,3.049318610115481e-20,0.002317387216000982,0.0,0.00010740005750646306,0.0001878489084720341,0.0,ppo,ppo,noop,0.0
0.61,0.43041280735492726,0.7470445004356207,0.002753165003455579,-10.893632821770986,-3.166753727259008,0.0,0.002753165003455579,0.002753165003455579,1.6885680455039405,0.005276775142199814,0.008029940145655393,8.075236219037284e-35,0.005276775142199814,0.0,-0.00020512170613232216,-2.710505431213761e-20,4.170723233692123e-05,1.7469474902935304e-05,0.08207844891573503,0.00025649515286167197,0.0002739646277646073,0.002687220013684672,0.002943715166546344,0.0,-1.5876562138851247e-05,-2.371692252312041e-20,0.0023330599756534696,0.0,0.0001066465169067531,0.00018924514399347092,0.0,ppo,ppo,noop,0.0
0.6125,0.42930903038598495,0.7481862164281778,0.002717763138199442,-10.925300359043577,-3.166753727259008,0.0,0.0027177631381994413,0.0027177631381994413,1.6823405412270063,0.005257314191334394,0.007975077329533835,8.64827143966467e-35,0.005257314191334394,8.673617379884035e-19,-0.00020654080588632773,0.0,3.964121029036638e-05,1.6748250178341666e-05,0.08171288914611095,0.00025535277858159674,0.0002721010287599384,0.0026552289677970508,0.0029105817463786474,0.0,-1.6071558090561526e-05,2.710505431213761e-20,0.002346732444955747,0.0,0.00010591776500555601,0.00019046924779576621,0.0,ppo,ppo,noop,0.0
0.615,0.428214931463189,0.7493210645332327,0.002682777626336492,-10.956967896316169,-3.166753727259008,0.0,0.002682777626336492,0.002682777626336492,1.676138830597326,0.005237933845616644,0.007920711471953137,8.689780228207932e-35,0.005237933845616644,8.673617379884035e-19,-0.00020793078620907473,5.421010862427522e-20,3.912219986246422e-05,1.65439061388516e-05,0.08131679907168168,0.00025411499709900525,0.00027065890323785686,0.002621077132750415,0.0028751921298494202,4.336808689942018e-19,-1.6038894707426424e-05,2.710505431213761e-20,0.0023627417157672235,0.0,0.00010519005104194971,0.0001918918915016483,0.0,ppo,ppo,noop,0.0
0.6175,0.42713041508234784,0.7504490783077981,0.002648205091714966,-10.988635433588758,-3.166753727259008,0.0,0.002648205091714966,0.002648205091714966,1.6699630325907504,0.005218634476846095,0.007866839568561062,7.127989105849033e-35,0.005218634476846095,0.0,-0.00020929196918782083,-8.131516293641283e-20,3.756680251808239e-05,1.6309403945721032e-05,0.08100774526461546,0.0002531492039519233,0.00026945860789764437,0.0025893808906245225,0.002842530094576446,0.0,-1.6202690021614274e-05,-6.776263578034403e-21,0.0023761043822696495,0.0,0.00010446580384368928,0.00019308927916620656,0.0,ppo,ppo,noop,0.0
0.62,0.4260553866107413,0.751570291370841,0.002614042135695008,-11.020302970861348,-3.166753727259008,0.0,0.0026140421356950078,0.002614042135695008,1.6638132593496346,0.005199416435467608,0.007813458571162616,8.097168419941102e-35,0.005199416435467608,0.0,-0.00021062467705740701,0.0,3.5387663374561803e-05,1.608130905304978e-05,0.08068570943882705,0.00025214284199633454,0.00026822415104938433,0.0025593481179989343,0.002811490959995269,0.0,-1.646965764042814e-05,3.3881317890172014e-21,0.0023879254754723394,0.0,0.00010374877644905842,0.00019415501941697888,0.0,ppo,ppo,noop,0.0
0.6225,0.4249897522848494,0.7526847373974674,0.0025802853391559888,-11.05197050813394,-3.166753727259008,0.0,0.0025802853391559888,0.0025802853391559888,1.657689616327694,0.005180280051024043,0.007760565390180032,6.217986661446928e-35,0.005180280051024043,0.0,-0.00021192923206523646,-2.710505431213761e-20,3.4074433076400384e-05,1.5802956759605073e-05,0.08045932345507703,0.0002514353857971157,0.0002672383425567208,0.002527939429762793,0.0027793748155599085,4.336808689942018e-19,-1.661026525294014e-05,2.0328790734103208e-20,0.002400905235464135,0.0,0.00010303503767241295,0.00019531896681229633,0.0,ppo,ppo,noop,0.0
0.625,0.42393341920782174,0.7537924501132244,0.002546931264445854,-11.083638045406527,-3.166753727259008,0.0,0.002546931264445854,0.002546931264445854,1.6515922024330154,0.005161225632603173,0.007708156897049028,9.355857065923847e-35,0.005161225632603173,8.673617379884035e-19,-0.0002132059563407676,2.710505431213761e-20,3.36853709261389e-05,1.5612542329462506e-05,0.08034531543647884,0.0002510791107389964,0.0002666916530684589,0.002495173064923039,0.0027462521756620355,0.0,-1.6630576166426884e-05,-1.6940658945086007e-20,0.0024149734569411377,0.0,0.00010232192547830633,0.0001965753801743407,0.0,ppo,ppo,noop,0.0
0.6275000000000001,0.42288629534670097,0.7548934632885166,0.0025139764572733704,-11.11530558267912,-3.166753727259008,0.0,0.0025139764572733704,0.002513976457273371,1.6455211101692155,0.005142253469278798,0.007656229926552169,8.486989320444826e-35,0.005142253469278798,-8.673617379884035e-19,-0.00021445517176944037,-5.421010862427522e-20,3.348383268938013e-05,1.5307036152174385e-05,0.08010870732303856,0.0002503397103844955,0.0002656467465366699,0.0024623158280467844,0.00271265553843128,0.0,-1.6577241867208483e-05,3.3881317890172014e-21,0.0024295979308475183,0.0,0.0001016222849389075,0.00019787792990223188,0.0,ppo,ppo,noop,0.0
0.63,0.4218482895294131,0.7559878107331398,0.00248141744854417,-11.146973119951706,-3.166753727259008,0.0,0.00248141744854417,0.00248141744854417,1.6394764257747412,0.0051233638305460665,0.007604781279090237,7.488011699059216e-35,0.0051233638305460665,0.0,-0.00021567719987096028,-8.131516293641283e-20,3.310062645080614e-05,1.5618254989225906e-05,0.07983526102639156,0.0002494851907074736,0.00026510344569669953,0.0024308344506317834,0.002680319641339257,8.673617379884035e-19,-1.6596841350261604e-05,4.743384504624082e-20,0.0024430441892068096,0.0,0.00010092232425741226,0.00019908035852069867,0.0,ppo,ppo,noop,0.0
0.6325000000000001,0.42081931144153445,0.7570755262909244,0.0024492507561414724,-11.1786406572243,-3.166753727259008,0.0,0.0024492507561414724,0.0024492507561414724,1.633458229360302,0.005104556966750944,0.007553807722892416,1.0981559100796115e-34,0.005104556966750944,-8.673617379884035e-19,-0.00021687236168185868,0.0,3.326358426463107e-05,1.5660976813955273e-05,0.0796506910563903,0.0002489084095512197,0.00026456938636517497,0.0023983845644261655,0.002647292973977385,4.336808689942018e-19,-1.652436767142408e-05,3.3881317890172014e-21,0.0024572639927735586,0.0,0.00010022876912138696,0.0002003479940104346,0.0,ppo,ppo,noop,0.0
0.635,0.41979927162284836,0.7581566438344937,0.0024174728866524515,-11.210308194496886,-3.166753727259008,0.0,0.002417472886652452,0.002417472886652452,1.6274665950444382,0.00508583310951387,0.007503305996166321,1.1020271230394907e-34,0.00508583310951387,-8.673617379884035e-19,-0.00021804097764224897,-8.131516293641283e-20,3.251495613107897e-05,1.6021134251975542e-05,0.0793253929278925,0.00024789185289966406,0.0002639129871516396,0.0023684641086422695,0.0026163559615419336,-4.336808689942018e-19,-1.6596607700891977e-05,-4.0657581468206416e-20,0.0024694771479719362,0.0,9.954338395597112e-05,0.00020144436994135699,0.0,ppo,ppo,noop,0.0
0.6375000000000001,0.41878808146370305,0.7592311972601293,0.0023860803370411273,-11.241975731769479,-3.166753727259008,0.0,0.0023860803370411273,0.0023860803370411273,1.6215015910872184,0.005067192472147557,0.007453272809188684,8.81955020548498e-35,0.005067192472147557,0.0,-0.0002191833674867012,-8.131516293641283e-20,3.1934120500035226e-05,1.580605366975776e-05,0.07909180605545259,0.0002471618939232893,0.00026296794759304707,0.002338018149710815,0.002585180043634104,0.0,-1.6616125929870154e-05,-1.3552527156068805e-20,0.002482012428513453,0.0,9.886841019779326e-05,0.00020256724155683103,0.0,ppo,ppo,noop,0.0
0.64,0.4177856532011792,0.7602992204827494,0.002355069596268703,-11.273643269042068,-3.166753727259008,0.0,0.002355069596268703,0.0023550695962687032,1.6155632800220636,0.005048635250068949,0.007403704846337652,7.133515480665793e-35,0.005048635250068949,8.673617379884035e-19,-0.00022029985013915365,2.710505431213761e-20,3.036078977416548e-05,1.539045546000949e-05,0.07871689649696839,0.0002459903015530262,0.0002613807570130357,0.0023097384721803816,0.002555728773733408,0.0,-1.6750536015198736e-05,-2.0328790734103208e-20,0.0024929064763355414,0.0,9.820866311254303e-05,0.00020354931412395493,0.0,ppo,ppo,noop,0.0
0.6425,0.41679189991507815,0.7613607474309911,0.0023244371468623282,-11.305310806314658,-3.166753727259008,0.0,0.0023244371468623282,0.0023244371468623282,1.609651718785704,0.005030161621205325,0.007354598768067653,7.052874149880534e-35,0.005030161621205325,0.0,-0.00022139074361177878,-5.421010862427522e-20,2.989212676893566e-05,1.541728769065419e-05,0.07846893148802016,0.000245215410900063,0.0002606326985907172,0.002280070181015111,0.002525285591915174,0.0,-1.6767498068667453e-05,1.3552527156068805e-20,0.002504876029290151,0.0,9.754372878295851e-05,0.00020462324554311134,0.0,ppo,ppo,noop,0.0
0.645,0.4158067355237424,0.7624158120424012,0.0022941794664331563,-11.336978343587248,-3.166753727259008,0.0,0.0022941794664331563,0.002294179466433156,1.6037669588462626,0.005011771746394571,0.007305951212827727,7.289254451294169e-35,0.005011771746394571,0.0,-0.00022245636490773017,0.0,2.9123128035873474e-05,1.557975055992392e-05,0.07805436012307725,0.0002439198753846164,0.00025949962594454034,0.002251512960921333,0.0024954328363059495,4.336808689942018e-19,-1.6803240980034814e-05,1.6940658945086007e-20,0.0025163389100886216,0.0,9.689039329220545e-05,0.00020565312392769537,0.0,ppo,ppo,noop,0.0
0.6475,0.4148300747797147,0.7634644482587303,0.0022642930291447132,-11.368645880859837,-3.166753727259008,0.0,0.0022642930291447132,0.0022642930291447132,1.5979090463294774,0.004993465769779617,0.00725775879892433,7.554085880828836e-35,0.004993465769779617,8.673617379884035e-19,-0.00022349702992767998,-2.710505431213761e-20,2.852230346417467e-05,1.5569394362565044e-05,0.07792663624202235,0.00024352073825631985,0.0002590901326188849,0.002222817816578929,0.0024663385548352487,4.336808689942018e-19,-1.6871052828185475e-05,6.776263578034403e-21,0.002527127214944368,0.0,9.623336671502073e-05,0.00020662597709949452,0.0,ppo,ppo,noop,0.0
0.65,0.4138618332652475,0.7645066900213324,0.0022347743071324394,-11.400313418132427,-3.166753727259008,0.0,0.0022347743071324394,0.0022347743071324394,1.5920780221430546,0.004975243819197046,0.007210018126329485,7.899407541997138e-35,0.004975243819197046,0.0,-0.00022451305338007718,-8.131516293641283e-20,2.7573100454979003e-05,1.5354629953600185e-05,0.07764663500977405,0.0002426457344055439,0.0002580003643591441,0.0021949827361760817,0.0024376284705816256,-4.336808689942018e-19,-1.6941060726461283e-05,-1.3552527156068805e-20,0.0025376153486154204,0.0,9.559190563170339e-05,0.0002075719926536159,0.0,ppo,ppo,noop,0.0
0.6525,0.4129019273876701,0.7655425712666645,0.002205619771875392,-11.431980955405017,-3.166753727259008,0.0,0.002205619771875392,0.002205619771875392,1.586273922099168,0.0049571060065598995,0.007162725778435292,6.495087129713531e-35,0.0049571060065598995,8.673617379884035e-19,-0.0002255047486950405,8.131516293641283e-20,2.592074732831394e-05,1.5393674366994355e-05,0.07732350886353942,0.0002416359651985607,0.00025702963956555507,0.0021691719515857587,0.0024108079167843195,0.0,-1.7140583704860544e-05,-3.3881317890172014e-20,0.00254629808977558,0.0,9.49549722440526e-05,0.00020836416499017994,0.0,ppo,ppo,noop,0.0
0.655,0.4119502743746215,0.7665721259218885,0.0021768258955210352,-11.46364849267761,-3.166753727259008,0.0,0.0021768258955210352,0.0021768258955210352,1.5804967770351017,0.004939052428234693,0.007115878323755728,8.450279683170398e-35,0.004939052428234693,-8.673617379884035e-19,-0.00022647242794180783,0.0,2.5473724336692075e-05,1.5362419073760672e-05,0.07722519891208329,0.00024132874660026028,0.00025669116567402097,0.002141240865921412,0.002382569612521672,0.0,-1.7188202930892165e-05,3.3881317890172014e-21,0.0025564828157130207,0.0,9.431546264342464e-05,0.00020928422501091567,0.0,ppo,ppo,noop,0.0
0.6575,0.4110067922691599,0.7675953879005719,0.002148389152164067,-11.495316029950196,-3.166753727259008,0.0,0.002148389152164067,0.002148389152164067,1.574746612932052,0.0049210831654126624,0.007069472317576729,9.122971328659334e-35,0.0049210831654126624,-8.673617379884035e-19,-0.00022741640174966476,-1.0842021724855044e-19,2.5229523446334883e-05,1.5195741579360495e-05,0.07698535056323944,0.00024057922051012322,0.0002557749620894837,0.0021131258468507575,0.0023537050673608805,4.336808689942018e-19,-1.7152910609117893e-05,4.0657581468206416e-20,0.002567378098051782,0.0,9.368996698652314e-05,0.00021026349114054688,0.0,ppo,ppo,noop,0.0
0.66,0.41007139992475206,0.768612391098486,0.0021203060190801803,-11.526983567222786,-3.166753727259008,0.0,0.0021203060190801803,0.0021203060190801803,1.5690234510320824,0.004903198284475258,0.007023504303555438,7.851573247746415e-35,0.004903198284475258,0.0,-0.00022833697923227165,-2.710505431213761e-20,2.435950064792745e-05,1.5076064484972337e-05,0.07675021943773519,0.00023984443574292247,0.0002549205002278948,0.0020866630822692976,0.00232650751801222,0.0,-1.722918389626989e-05,3.3881317890172014e-21,0.0025766907664630375,0.0,9.30696448630165e-05,0.00021110779533600177,0.0,ppo,ppo,noop,0.0
0.6625,0.40914401700015474,0.7696231693895021,0.002092572977915744,-11.558651104495377,-3.166753727259008,0.0,0.0020925729779157436,0.0020925729779157436,1.5633273079532564,0.004885397837353926,0.0069779708152696695,8.697430054759217e-35,0.004885397837353926,0.0,-0.0002292344679153113,-5.421010862427522e-20,2.3721678195024088e-05,1.4968466929502214e-05,0.07696098057013587,0.00024050306428167459,0.0002554715312111768,0.002060098088455198,0.0023006011527368724,4.336808689942018e-19,-1.7383807318187385e-05,2.0328790734103208e-20,0.002584796684617054,0.0,9.243597170971305e-05,0.0002118506605971239,0.0,ppo,ppo,noop,0.0
0.665,0.40822456395419177,0.770627756621582,0.002065186515834288,-11.590318641767968,-3.166753727259008,0.0,0.002065186515834288,0.002065186515834288,1.5576581958029423,0.004867681861884195,0.006932868377718483,8.752127911274858e-35,0.004867681861884195,8.673617379884035e-19,-0.00023010917366738152,0.0,2.407465208631106e-05,1.5006123106139755e-05,0.07674263457017556,0.00023982073303179864,0.0002548268561379384,0.002032043334767806,0.0022718640677996046,0.0,-1.7269757852530754e-05,-1.6940658945086007e-20,0.00259581779408459,0.0,9.182466685105225e-05,0.00021283941581485077,0.0,ppo,ppo,noop,0.0
0.6675,0.40731296204043627,0.7716261866128624,0.002038143126620752,-11.621986179040558,-3.166753727259008,0.0,0.002038143126620752,0.002038143126620752,1.5520161222893087,0.0048500503821540895,0.006888193508774842,6.486024734070794e-35,0.0048500503821540895,0.0,-0.00023096140063405118,-5.421010862427522e-20,2.2305949020390177e-05,1.4806674335103756e-05,0.0764653033278674,0.0002389540728995856,0.0002537607472346894,0.002008337902915076,0.0022472919758146615,0.0,-1.7481064153398147e-05,-3.049318610115481e-20,0.002602758406339428,0.0,9.122503597880382e-05,0.00021348033648065301,0.0,ppo,ppo,noop,0.0
0.67,0.40640913330180245,0.7726184931478322,0.0020114393117443737,-11.65365371631315,-3.166753727259008,0.0,0.002011439311744374,0.002011439311744374,1.5464010908310188,0.004832503408846934,0.0068439427205913075,8.685887702104513e-35,0.004832503408846934,-8.673617379884035e-19,-0.0002317914511750103,-1.0842021724855044e-19,2.2177988863756912e-05,1.504279575929228e-05,0.0762628082624834,0.00023832127582026062,0.0002533640715795529,0.0019821261297761524,0.0022204474055964128,0.0,-1.7469563572068988e-05,-3.3881317890172014e-21,0.002612056003250521,0.0,9.062203145121059e-05,0.0002143218876029413,0.0,ppo,ppo,noop,0.0
0.6725,0.40551300056505685,0.7736047099736014,0.001985071581381186,-11.685321253585741,-3.166753727259008,0.0,0.0019850715813811864,0.001985071581381187,1.5408131006651333,0.004815040939578541,0.006800112520959728,8.438842083784038e-35,0.004815040939578541,8.673617379884035e-19,-0.00023259962580422946,-5.421010862427522e-20,2.1492592809202192e-05,1.5043875243189551e-05,0.07603588063596296,0.00023761212698738426,0.00025265600223057383,0.001957130271005971,0.0021947423979933557,-4.336808689942018e-19,-1.7526722577115016e-05,-2.371692252312041e-20,0.0026202985415851856,0.0,9.002909185442739e-05,0.00021507290322711443,0.0,ppo,ppo,noop,0.0
0.675,0.4046244874352496,0.7745848707962595,0.001959036455396964,-11.716988790858327,-3.166753727259008,0.0,0.001959036455396964,0.001959036455396964,1.5352521469532343,0.004797662959228857,0.006756699414625821,5.783031264170098e-35,0.004797662959228857,0.0,-0.00023338622313306246,0.0,2.0687559370913972e-05,1.480641966803069e-05,0.07562719138837952,0.000236334973088686,0.0002511413927567167,0.0019324677563231666,0.0021688027294118526,4.336808689942018e-19,-1.7536606686935657e-05,1.6940658945086007e-20,0.0026288602298170046,0.0,8.945297750963018e-05,0.0002158496164461268,0.0,ppo,ppo,noop,0.0
0.6775,0.40374351829007793,0.775559009277322,0.0019333304642915848,-11.74865632813092,-3.166753727259008,0.0,0.0019333304642915848,0.0019333304642915848,1.5297182208857854,0.004780369440268079,0.006713699904559664,7.473652344980197e-35,0.004780369440268079,-8.673617379884035e-19,-0.0002341515398162113,-8.131516293641283e-20,2.0787848554502725e-05,1.4533420974715776e-05,0.07535844337583433,0.0002354951355494823,0.00025002855652419805,0.0019062881881572952,0.0021417833237067775,0.0,-1.7426267095913768e-05,-6.776263578034403e-21,0.002638586116561302,0.0,8.88770257342716e-05,0.00021672527272029754,0.0,ppo,ppo,noop,0.0
0.68,0.40287001827418345,0.7765271590302658,0.0019079501501056309,-11.78032386540351,-3.166753727259008,0.0,0.0019079501501056309,0.0019079501501056309,1.5242113097847345,0.0047631603430772955,0.006671110493182926,6.343188540590475e-35,0.0047631603430772955,0.0,-0.00023489587050048473,-8.131516293641283e-20,2.0784003535878468e-05,1.4237707562910057e-05,0.07518890960322813,0.0002349653425100879,0.00024920305007299797,0.001880619850596784,0.0021155851931068718,4.336808689942018e-19,-1.73577175281616e-05,1.0164395367051604e-20,0.0026475751499704238,0.0,8.830276206073894e-05,0.00021753815297232313,0.0,ppo,ppo,noop,0.0
0.6825,0.4020039132933893,0.7774893536171479,0.0018828920672901823,-11.8119914026761,-3.166753727259008,0.0,0.0018828920672901823,0.0018828920672901823,1.5187313972043799,0.004746035616263687,0.0066289276835538695,7.375674025671357e-35,0.004746035616263687,8.673617379884035e-19,-0.00023561950777627308,-2.710505431213761e-20,2.032552399261545e-05,1.4357339796123837e-05,0.07504358969082511,0.00023451121778382848,0.00024886855757995233,0.001856598359101075,0.0020911095768849034,4.336808689942018e-19,-1.7407618133503372e-05,2.0328790734103208e-20,0.0026549260393787834,0.0,8.77273376991393e-05,0.00021821188964276972,0.0,ppo,ppo,noop,0.0
0.685,0.4011451300088843,0.7784456265453122,0.0018581527835406146,-11.843658939948691,-3.166753727259008,0.0,0.0018581527835406146,0.0018581527835406144,1.513278463030509,0.004728995196970341,0.006587147980510955,6.274949368816137e-35,0.004728995196970341,0.0,-0.0002363227421316728,-2.710505431213761e-20,1.986310069527648e-05,1.4172234166346706e-05,0.07486535014670705,0.00023395421920845952,0.0002481264533748062,0.0018325988163164085,0.0020665530355248683,-4.336808689942018e-19,-1.7424018585978034e-05,-3.049318610115481e-20,0.0026624421614454725,0.0,8.716306090788729e-05,0.00021889872354569477,0.0,ppo,ppo,noop,0.0
0.6875,0.40029359583135626,0.7793960112641763,0.0018337288805952974,-11.875326477221279,-3.166753727259008,0.0,0.0018337288805952974,0.0018337288805952974,1.5078524835778249,0.0047120390111807025,0.0065457678917759995,6.334660376396652e-35,0.0047120390111807025,0.0,-0.00023700586190918637,-8.131516293641283e-20,2.0546702168632862e-05,1.4077623894218056e-05,0.07458230348126527,0.00023306969837895395,0.000247147322273172,0.00180671310015225,0.002039782798531204,-4.336808689942018e-19,-1.7225724571233093e-05,-1.3552527156068805e-20,0.0026722562126494987,0.0,8.660753808534197e-05,0.00021978013733795328,0.0,ppo,ppo,noop,0.0
0.6900000000000001,0.3994492389150822,0.7803405411621025,0.0018096169550000586,-11.906994014493872,-3.166753727259008,0.0,0.0018096169550000584,0.0018096169550000584,1.5024534316856764,0.004695166974017739,0.006504783929017797,5.650166768866878e-35,0.004695166974017739,0.0,-0.00023766915326492872,5.421010862427522e-20,2.0111094213504136e-05,1.4382381130128555e-05,0.07433473276494756,0.00023229603989046113,0.00024667842102058966,0.001783777147703179,0.00201607318759364,0.0,-1.726046935499943e-05,-3.3881317890172014e-21,0.0026790937864240986,0.0,8.60504463072838e-05,0.0002204086839099293,0.0,ppo,ppo,noop,0.0
0.6925,0.39861198815197824,0.7812792495633483,0.0017858136188392338,-11.938661551766462,-3.166753727259008,0.0,0.001785813618839234,0.0017858136188392342,1.4970812768121082,0.004678378990037839,0.006464192608877073,6.578171642101324e-35,0.004678378990037839,0.0,-0.000238312900130271,-5.421010862427522e-20,1.9416097450329665e-05,1.4126772081146229e-05,0.07407978084369282,0.00023149931513654007,0.0002456260872176863,0.0017611081960197208,0.001992607511156261,-4.336808689942018e-19,-1.7290400368000965e-05,-2.0328790734103208e-20,0.0026857714788815776,0.0,8.550677579604694e-05,0.00022102249976227006,0.0,ppo,ppo,noop,0.0
0.6950000000000001,0.397781773165613,0.7822121697250976,0.0017623155004341546,-11.970329089039051,-3.166753727259008,0.0,0.0017623155004341546,0.0017623155004341546,1.4917359851262397,0.004661674953519499,0.006423990453953653,7.737013770751596e-35,0.004661674953519499,0.0,-0.0002389373841758547,-5.421010862427522e-20,1.9555139742459996e-05,1.4205881995340365e-05,0.07394107327571266,0.00023106585398660205,0.0002452717359819424,0.0017374111029445746,0.001968476956931177,0.0,-1.723705747850545e-05,6.776263578034403e-21,0.002693197996588322,0.0,8.495885897244792e-05,0.00022170032669734924,0.0,ppo,ppo,noop,0.0
0.6975,0.39695852430519124,0.7831393348345685,0.0017391192450098996,-12.00199662631164,-3.166753727259008,0.0,0.0017391192450098999,0.0017391192450098999,1.4864175195990001,0.004645054748746875,0.006384173993756775,8.146296851691837e-35,0.004645054748746875,0.0,-0.00023954288477790766,-1.6263032587282567e-19,1.895212272057289e-05,1.4606246016214177e-05,0.0736520954320717,0.00023016279822522405,0.00024476904424143825,0.0017158212455849683,0.0019459840438101924,-4.336808689942018e-19,-1.7297429105466516e-05,-3.049318610115481e-20,0.002699070704936683,0.0,8.441828526090386e-05,0.00022224545567244114,0.0,ppo,ppo,noop,0.0
0.7000000000000001,0.3961421726395104,0.784060778006201,0.0017162215153311107,-12.033664163584232,-3.166753727259008,0.0,0.0017162215153311107,0.0017162215153311107,1.4811258400922236,0.004628518250288199,0.0063447397656193096,7.855429089411698e-35,0.004628518250288199,8.673617379884035e-19,-0.00024012967898679778,-5.421010862427522e-20,1.9077353556012145e-05,1.4353877071392267e-05,0.07334119830793764,0.00022919124471230514,0.0002435451217836974,0.0016924206852904787,0.001921611930002784,-2.168404344971009e-19,-1.7173536938768427e-05,-1.6940658945086007e-20,0.0027069063202854148,0.0,8.389288442624612e-05,0.00022295614204802936,0.0,ppo,ppo,noop,0.0
0.7025,0.39533264995089207,0.7849765322789157,0.0016936189923077044,-12.065331700856817,-3.166753727259008,0.0,0.0016936189923077044,0.0016936189923077044,1.4758609034461312,0.00461206532326916,0.006305684315576864,6.1235736371767e-35,0.00461206532326916,-8.673617379884035e-19,-0.00024069804149775658,-1.0842021724855044e-19,1.864279498493345e-05,1.4447831560920199e-05,0.07305716178021947,0.00022830363056318583,0.00024275146212410603,0.0016707812338987579,0.0018990848644619438,-4.336808689942018e-19,-1.7180878430635647e-05,-2.371692252312041e-20,0.0027129804588072164,0.0,8.336677566461643e-05,0.00022351716306712093,0.0,ppo,ppo,noop,0.0
0.705,0.39452988872909617,0.7858866306134519,0.0016713083755712386,-12.096999238129413,-3.166753727259008,0.0,0.0016713083755712386,0.0016713083755712386,1.4706226635652107,0.004595695823641283,0.006267004199212522,7.941212897285472e-35,0.004595695823641283,-8.673617379884035e-19,-0.0002412482446237137,-2.710505431213761e-20,1.8707357644763386e-05,1.462132006929037e-05,0.07278544078275176,0.00022745450244609925,0.0002420758225153896,0.0016485149803510024,0.0018759694827971017,-2.168404344971009e-19,-1.7113263079240915e-05,-1.6940658945086007e-20,0.0027197263408441814,0.0,8.284420502685436e-05,0.00022413498154447278,0.0,ppo,ppo,noop,0.0
0.7075,0.3937338221652179,0.7867911058897757,0.0016492863840227353,-12.128666775402,-3.166753727259008,0.0,0.0016492863840227355,0.0016492863840227353,1.4654110715025086,0.00457940959844534,0.006228695982468075,7.354212445870336e-35,0.00457940959844534,0.0,-0.00024178055827017302,-5.421010862427522e-20,1.8713545938088907e-05,1.489215651057123e-05,0.07246971804507656,0.00022646786889086423,0.00024136002540143546,0.0016267514486571289,0.001853219317547993,-2.168404344971009e-19,-1.7052204917106706e-05,-1.0164395367051604e-20,0.002726190280897347,0.0,8.232730027303697e-05,0.0002247283533530663,0.0,ppo,ppo,noop,0.0
0.71,0.39294438414557237,0.7876899909045618,0.001627549756352736,-12.160334312674589,-3.166753727259008,0.0,0.001627549756352736,0.001627549756352736,1.4602260755423655,0.004563206486069892,0.0061907562424226275,7.77572060505478e-35,0.004563206486069892,0.0,-0.00024229524991207455,-1.3552527156068805e-19,1.895709844042469e-05,1.489853762107059e-05,0.07226617470462277,0.00022583179595194613,0.0002407303335730167,0.001604534097092957,0.0018303658930449032,0.0,-1.6958013151409702e-05,0.0,0.0027328405930249888,0.0,8.181427819363629e-05,0.00022533723676066485,0.0,ppo,ppo,noop,0.0
0.7125,0.3921615092455699,0.7885833183687451,0.0016060952515343137,-12.192001849947179,-3.166753727259008,0.0,0.0016060952515343134,0.0016060952515343137,1.4550676212815903,0.0045470863165049695,0.006153181568039283,7.371324141622776e-35,0.0045470863165049695,0.0,-0.00024279258457257847,-1.3552527156068805e-19,1.913379972518452e-05,1.5181954181551523e-05,0.07208578026877598,0.00022526806333992492,0.00024045001752147645,0.0015830096062654964,0.0018082776696054213,-2.168404344971009e-19,-1.6904474693699028e-05,-2.371692252312041e-20,0.0027388086468995484,0.0,8.130147185390703e-05,0.00022588810987887945,0.0,ppo,ppo,noop,0.0
0.715,0.3913851327235856,0.7894711209051423,0.0015849196492898386,-12.22366938721977,-3.166753727259008,0.0,0.0015849196492898386,0.0015849196492898389,1.4499356517091122,0.004531048911590976,0.006115968560880814,7.216426764280996e-35,0.004531048911590976,0.0,-0.00024327282480371003,-8.131516293641283e-20,1.8200015869691603e-05,1.5016459128531665e-05,0.0717639909633374,0.00022426247176042936,0.00023927893088896102,0.001563536076678987,0.0017877985484394164,0.0,-1.6965044316659566e-05,3.3881317890172014e-21,0.002743250363151559,0.0,8.080588683331786e-05,0.00022630778048705045,0.0,ppo,ppo,noop,0.0
0.7175,0.3906151905148251,0.7903534310461426,0.0015640197505321703,-12.255336924492362,-3.166753727259008,0.0,0.0015640197505321703,0.0015640197505321703,1.4448301072841159,0.004515094085262862,0.006079113835795032,7.322161614954644e-35,0.004515094085262862,0.0,-0.00024373623066881238,-1.0842021724855044e-19,1.8392156201409293e-05,1.478277568583001e-05,0.07144981694183818,0.0002232806779432443,0.00023806345362907433,0.0015420182138151817,0.001765298891758426,0.0,-1.6830485506915205e-05,6.776263578034403e-21,0.0027497951935044358,0.0,8.031583865858588e-05,0.00022690574516189718,0.0,ppo,ppo,noop,0.0
0.72,0.3898516192251905,0.7912302812314652,0.0015433923777810638,-12.287004461764951,-3.166753727259008,0.0,0.0015433923777810638,0.001543392377781064,1.4397509260126793,0.004499221643789623,0.006042614021570686,6.167061957809443e-35,0.004499221643789623,-8.673617379884035e-19,-0.0002441830597267426,-5.421010862427522e-20,1.8238494198821105e-05,1.4622002963995824e-05,0.07126974870883328,0.000222717964715104,0.0002373399676790998,0.0015215373923474172,0.0017442553570625212,2.168404344971009e-19,-1.679595733050788e-05,1.6940658945086007e-20,0.0027549662867271014,0.0,7.982390559492766e-05,0.00022738710239623473,0.0,ppo,ppo,noop,0.0
0.7225,0.38909435612514803,0.792101703805982,0.001523034375555432,-12.31867199903754,-3.166753727259008,0.0,0.001523034375555432,0.0015230343755554317,1.4346980435229364,0.004483431386009176,0.006006465761564608,5.844082488495907e-35,0.004483431386009176,-8.673617379884035e-19,-0.00024461356701776095,-1.0842021724855044e-19,1.7932179670196676e-05,1.4616299610255593e-05,0.07103366292762245,0.00022198019664882015,0.00023659649625907574,0.001501786315825294,0.0017237665124741142,0.0,-1.6785704676996604e-05,1.0164395367051604e-20,0.002759664873535062,0.0,7.933708129077494e-05,0.00022782786234076433,0.0,ppo,ppo,noop,0.0
0.725,0.3883433391436015,0.7929677310176069,0.0015029426107422152,-12.35033953631013,-3.166753727259008,0.0,0.0015029426107422152,0.0015029426107422152,1.4296713931387794,0.004467723103558686,0.005970665714300901,6.034621373223923e-35,0.004467723103558686,8.673617379884035e-19,-0.00024502800505105425,-5.421010862427522e-20,1.79352736427636e-05,1.4265050448934987e-05,0.0715640968314505,0.0002236378025982828,0.00023790285304721778,0.0014813371139056229,0.0017049749165039057,2.168404344971009e-19,-1.689469219761956e-05,6.776263578034403e-21,0.0027627481870547803,0.0,7.88268593673127e-05,0.0002281333128534347,0.0,ppo,ppo,noop,0.0
0.7275,0.3875985068617718,0.793828395015248,0.0014831139729425203,-12.38200707358272,-3.166753727259008,0.0,0.0014831139729425203,0.0014831139729425205,1.424670905952122,0.004452096581100381,0.005935210554042902,9.77359266994587e-35,0.004452096581100381,0.0,-0.0002454266237938403,0.0,1.8422331241495737e-05,1.4203392633509882e-05,0.07133056946016285,0.0002229080295630089,0.0002371114221965188,0.0014604727030930386,0.0016833807326560475,0.0,-1.6745545784409122e-05,3.3881317890172014e-21,0.0027687158484443336,0.0,7.835022480396739e-05,0.00022868107800943116,0.0,ppo,ppo,noop,0.0
0.73,0.38685979850708785,0.7946837278468231,0.0014635453747956924,-12.413674610855308,-3.166753727259008,0.0,0.0014635453747956927,0.0014635453747956929,1.4196965108937345,0.0044365515965429205,0.005900096971338613,9.072559181388494e-35,0.0044365515965429205,-8.673617379884035e-19,-0.0002458096706619997,0.0,1.7889941200774312e-05,1.423979361010488e-05,0.07099990148637923,0.0002218746921449351,0.00023611448575504,0.0014420052860042488,0.0016638799781491839,0.0,-1.6752477683523252e-05,-6.776263578034403e-21,0.0027726716183937364,0.0,7.788111276460165e-05,0.00022905719297847647,0.0,ppo,ppo,noop,0.0
0.7325,0.3861271539470883,0.7955337614573352,0.0014442337522819905,-12.445342148127903,-3.166753727259008,0.0,0.0014442337522819907,0.0014442337522819907,1.4147481348026787,0.0044210879212583706,0.005865321673540361,6.247242552487657e-35,0.0044210879212583706,0.0,-0.00024617739051218524,-5.421010862427522e-20,1.775903059848214e-05,1.4185723758637566e-05,0.07077385193830929,0.00022116828730721653,0.0002353540110658541,0.0014229014148436638,0.0016440697021508804,-2.168404344971009e-19,-1.6710980957572964e-05,-3.3881317890172014e-21,0.00277701821910749,0.0,7.741340081793376e-05,0.00022946640955461229,0.0,ppo,ppo,noop,0.0
0.735,0.38540051368333744,0.7963785276870115,0.001425176065004521,-12.477009685400493,-3.166753727259008,0.0,0.001425176065004521,0.001425176065004521,1.4098257024943595,0.004405705320294873,0.005830881385299394,8.030930215365159e-35,0.004405705320294873,0.0,-0.0002465300256353553,5.421010862427522e-20,1.752707428355224e-05,1.4349674691701323e-05,0.07045228392892285,0.0002201633872778839,0.00023451306196958522,0.001404471591129118,0.0016246349784070017,2.168404344971009e-19,-1.667991573426702e-05,6.776263578034403e-21,0.0027810703418878714,0.0,7.695140187506896e-05,0.00022985010990108826,0.0,ppo,ppo,noop,0.0
0.7375,0.3846798188453576,0.7972180582694988,0.00140636929645105,-12.508677222673079,-3.166753727259008,0.0,0.00140636929645105,0.00140636929645105,1.4049291368271988,0.004390403552584996,0.005796772849036047,7.795210846531653e-35,0.004390403552584996,8.673617379884035e-19,-0.0002468678157516802,0.0,1.7432796710421128e-05,1.4133165231237197e-05,0.0702765456811562,0.00021961420525361313,0.00023374737048485031,0.0013856368682614451,0.0016052510735150582,0.0,-1.6631754062973454e-05,-1.0164395367051604e-20,0.002785152479069938,0.0,7.649292979103529e-05,0.00023023606168870672,0.0,ppo,ppo,noop,0.0
0.74,0.38396501118457954,0.7980523848301183,0.0013878104542363223,-12.540344759945672,-3.166753727259008,0.0,0.0013878104542363223,0.0013878104542363223,1.4000583587679738,0.004375182371149918,0.00576299282538624,6.086250424244268e-35,0.004375182371149918,-8.673617379884035e-19,-0.00024719099800677954,-1.0842021724855044e-19,1.6869032986062636e-05,1.36712898217795e-05,0.07001514210048254,0.00021879731906400795,0.00023246860888578744,0.0013677436780859765,0.0015865409971499845,0.0,-1.6620393738789006e-05,-3.3881317890172014e-21,0.0027886413739999336,0.0,7.604602967063262e-05,0.00023057060426799053,0.0,ppo,ppo,noop,0.0
0.7425,0.38325603306831224,0.7988815388841796,0.0013694965703254921,-12.572012297218262,-3.166753727259008,0.0,0.0013694965703254921,0.0013694965703254921,1.395213287455813,0.004360041523299415,0.0057295380936249075,5.707195763018275e-35,0.004360041523299415,0.0,-0.00024749980696923415,0.0,1.6989799143605954e-05,1.3550609865783777e-05,0.06989391082235497,0.00021841847131985926,0.00023196908118564303,0.001349067581904064,0.0015674860532239232,2.168404344971009e-19,-1.6557987470641037e-05,3.3881317890172014e-21,0.002792555470075492,0.0,7.559288773910256e-05,0.00023094181949859311,0.0,ppo,ppo,noop,0.0
0.745,0.3825528274737351,0.7997055518353469,0.0013514247012392851,-12.60367983449085,-3.166753727259008,0.0,0.0013514247012392851,0.0013514247012392851,1.3903938402648868,0.0043449807508277715,0.005696405452067056,6.391527354035697e-35,0.0043449807508277715,0.0,-0.0002477944746293306,-1.0842021724855044e-19,1.668296814992858e-05,1.3450104846898204e-05,0.06966893830471536,0.0002177154322022355,0.0002311655370491337,0.001331508869786326,0.0015492243019885614,2.168404344971009e-19,-1.654278664649519e-05,2.0328790734103208e-20,0.00279575644883921,0.0,7.514835492349837e-05,0.00023125168798283541,0.0,ppo,ppo,noop,0.0
0.7475,0.3818553379819123,0.8005244549740647,0.0013335919282414328,-12.635347371763443,-3.166753727259008,0.0,0.0013335919282414328,0.0013335919282414324,1.385599932865803,0.004329999790205635,0.0056635917184470665,7.296831102911421e-35,0.004329999790205635,-8.673617379884035e-19,-0.00024807523039899453,-1.0842021724855044e-19,1.6847409386842168e-05,1.3284751489711595e-05,0.069444062720713,0.00021701269600222814,0.00023029744749193974,0.0013131818609574601,0.0015301945569596884,-2.168404344971009e-19,-1.644205862116225e-05,-1.0164395367051604e-20,0.0027998052332459463,0.0,7.470909468321248e-05,0.00023163317177783227,0.0,ppo,ppo,noop,0.0
0.75,0.38116350877183286,0.801338279476034,0.0013159953575090097,-12.66701490903603,-3.166753727259008,0.0,0.00131599535750901,0.0013159953575090102,1.3808314792857275,0.004315098372767898,0.005631093730276909,1.0090621521671675e-34,0.004315098372767898,0.0,-0.00024834230111286275,-5.421010862427522e-20,1.6895880096006452e-05,1.3412905659440522e-05,0.06923421719479386,0.00021635692873373083,0.00022976983439317137,0.0012956165029764375,0.0015119734317101683,0.0,-1.6389588145735827e-05,-1.0164395367051604e-20,0.0028031249410577297,0.0,7.426949438564819e-05,0.00023195271296712694,0.0,ppo,ppo,noop,0.0
0.7525000000000001,0.38047728461447633,0.8021470564007448,0.0012986321202861787,-12.698682446308624,-3.166753727259008,0.0,0.0012986321202861787,0.0012986321202861787,1.3760883919672442,0.004300276224897638,0.005598908345183817,4.7332689074789914e-35,0.004300276224897638,0.0,-0.00024859591103045474,0.0,1.687844234228223e-05,1.3235331223421835e-05,0.06905493584434394,0.0002157966745135748,0.00022903200573699662,0.001278110566825036,0.0014939072413386108,0.0,-1.6330699480323836e-05,0.0,0.0028063689835590277,0.0,7.383708296925194e-05,0.0002322652115501309,0.0,ppo,ppo,noop,0.0
0.755,0.37979661086690686,0.8029508166900581,0.0012814993730219408,-12.73034998358121,-3.166753727259008,0.0,0.0012814993730219408,0.0012814993730219408,1.371370581825985,0.004285533068206203,0.005567032441228144,6.682570372845582e-35,0.004285533068206203,0.0,-0.0002488362818394004,0.0,1.6569716421732526e-05,1.3112752438427909e-05,0.06886585340958674,0.00021520579190495857,0.00022831854434338648,0.0012614726926169035,0.001476678484521862,2.168404344971009e-19,-1.632337254085706e-05,1.3552527156068805e-20,0.002808854583684341,0.0,7.340859193677192e-05,0.00023251290929854335,0.0,ppo,ppo,noop,0.0
0.7575000000000001,0.37912143346639504,0.803749591166841,0.0012645942974923823,-12.762017520853803,-3.166753727259008,0.0,0.0012645942974923823,0.0012645942974923823,1.3666779583070303,0.00427086861970947,0.005535462917201852,5.145711520635723e-35,0.00427086861970947,0.0,-0.0002490636326596819,-5.421010862427522e-20,1.6504218060414784e-05,1.3016644398781211e-05,0.06873252861220863,0.00021478915191315199,0.0002278057963119332,0.0012446025057703339,0.0014593916576834858,2.168404344971009e-19,-1.6291522964284986e-05,6.776263578034403e-21,0.0028114769620259843,0.0,7.298155384484362e-05,0.00023277210969539693,0.0,ppo,ppo,noop,0.0
0.76,0.37845169892457126,0.8045434105336503,0.0012479141009079865,-12.79368505812639,-3.166753727259008,0.0,0.0012479141009079865,0.0012479141009079865,1.362010429440115,0.0042562825920003594,0.005504196692908346,5.618320855631092e-35,0.0042562825920003594,0.0,-0.0002492781800488488,5.421010862427522e-20,1.643350634695629e-05,1.285386246419271e-05,0.06912007853203464,0.00021600024541260825,0.00022885410787680096,0.0012279009506782667,0.001443901196090875,0.0,-1.6391425203150436e-05,0.0,0.0028123813959094845,0.0,7.253722125421018e-05,0.00023288675484569836,0.0,ppo,ppo,noop,0.0
0.7625000000000001,0.3777873543216094,0.8053323053714674,0.0012314560160064931,-12.825352595398982,-3.166753727259008,0.0,0.0012314560160064931,0.0012314560160064931,1.357367901893644,0.004241774693417638,0.005473230709424131,5.169271921005654e-35,0.004241774693417638,8.673617379884035e-19,-0.0002494801380081672,0.0,1.555072635678267e-05,1.2648182090672857e-05,0.06890694615460545,0.00021533420673314202,0.0002279823888238149,0.0012130027453836005,0.0014283369521167425,2.168404344971009e-19,-1.6468420521326923e-05,1.0164395367051604e-20,0.002813437741300895,0.0,7.212341792630409e-05,0.00023301171748684027,0.0,ppo,ppo,noop,0.0
0.765,0.37712834730044353,0.8061163061384788,0.0012152173011318213,-12.857020132671572,-3.166753727259008,0.0,0.001215217301131821,0.001215217301131821,1.3527502810275507,0.004227344628211096,0.005442561929342917,6.787956359603479e-35,0.004227344628211096,0.0,-0.0002496697179896665,-5.421010862427522e-20,1.5323352093977874e-05,1.2473870887766949e-05,0.0687232671781764,0.00021476020993180123,0.00022723408081956817,0.0011970444678316326,0.0014118046777634337,0.0,-1.6444342565823443e-05,0.0,0.002815539950447662,0.0,7.171200428480228e-05,0.00023322537542384307,0.0,ppo,ppo,noop,0.0
0.7675000000000001,0.3764746260610179,0.806895443168907,0.0011991952402995356,-12.888687669944161,-3.166753727259008,0.0,0.0011991952402995356,0.0011991952402995356,1.3481574709449968,0.004212992096703115,0.00541218733700265,5.212112238290772e-35,0.004212992096703115,0.0,-0.0002498471289040426,5.421010862427522e-20,1.5118532903664444e-05,1.2573298567221286e-05,0.06859070592604062,0.00021434595601887695,0.00022691925458609823,0.001181531473059428,0.001395877429078305,0.0,-1.645276955788735e-05,-1.0164395367051604e-20,0.0028171146676248095,0.0,7.129867531710159e-05,0.00023339435934615523,0.0,ppo,ppo,noop,0.0
0.77,0.37582613935457143,0.8076697466718846,0.0011833871432493492,-12.920355207216751,-3.166753727259008,0.0,0.0011833871432493492,0.0011833871432493492,1.343589374542953,0.004198716795446728,0.0053821039386960775,4.2682052908127967e-35,0.004198716795446728,0.0,-0.00025001257712938365,-5.421010862427522e-20,1.4659627576778039e-05,1.2569480734592214e-05,0.06834037652064183,0.00021356367662700573,0.00022613315736159795,0.0011666373688303854,0.001380201045457391,0.0,-1.646488396647499e-05,-3.3881317890172014e-21,0.0028185157499893373,0.0,7.089583042570603e-05,0.00023354769316290866,0.0,ppo,ppo,noop,0.0
0.7725,0.3751828364779577,0.8084392467303764,0.0011677903454851164,-12.95202274448934,-3.166753727259008,0.0,0.0011677903454851164,0.0011677903454851164,1.33904589356166,0.004184518417380188,0.005352308762865304,6.735161021720183e-35,0.004184518417380188,0.0,-0.00025016626652068217,0.0,1.4126636378381962e-05,1.2433890645622069e-05,0.06813503389456756,0.0002129219809205236,0.00022535587156614567,0.0011519709633739748,0.0013648929442944984,-4.336808689942018e-19,-1.6490331646151662e-05,-3.049318610115481e-20,0.002819625473085689,0.0,7.049682750297738e-05,0.00023367593487453052,0.0,ppo,ppo,noop,0.0
0.775,0.37454466726800084,0.8092039733001447,0.0011524022083027764,-12.983690281761932,-3.166753727259008,0.0,0.0011524022083027764,0.0011524022083027764,1.3345269286329984,0.00417039665197812,0.005322798860280896,6.825158155114906e-35,0.00417039665197812,0.0,-0.0002503083984200985,0.0,1.3691650012972966e-05,1.2245075299608573e-05,0.0679689092360715,0.00021240284136272346,0.00022464791666233202,0.0011372639835764387,0.0013496668249391621,4.336808689942018e-19,-1.650493059812186e-05,2.371692252312041e-20,0.0028207298270389574,0.0,7.01007938392325e-05,0.00023380346782197662,0.0,ppo,ppo,noop,0.0
0.7775,0.37391158209588876,0.8099639562087593,0.0011372201188067036,-13.015357819034522,-3.166753727259008,0.0,0.0011372201188067036,0.0011372201188067036,1.330032379327781,0.004156351185399316,0.005293571304206019,5.355225103581626e-35,0.004156351185399316,0.0,-0.000250439171667941,0.0,1.3369493740279632e-05,1.2274792125069457e-05,0.06782671383941581,0.00021195848074817442,0.00022423327287324386,0.0011227559234512137,0.0013347144041993882,0.0,-1.6524937065758572e-05,-3.3881317890172014e-21,0.0028216367811999274,0.0,6.970460940954585e-05,0.00023391423460218246,0.0,ppo,ppo,noop,0.0
0.78,0.3732835318616042,0.810719225154649,0.0011222414899148742,-13.04702535630711,-3.166753727259008,0.0,0.0011222414899148742,0.0011222414899148742,1.325562144201985,0.004142381700631203,0.005264623190546077,6.907814340925151e-35,0.004142381700631203,-8.673617379884035e-19,-0.0002505587826143327,0.0,1.3260230128970774e-05,1.190893103067097e-05,0.06766904977434078,0.00021146578054481494,0.0002233747115754859,0.0011076299606876036,0.0013190957412324185,2.168404344971009e-19,-1.647153763032874e-05,6.776263578034403e-21,0.0028232859593987844,0.0,6.93183713516785e-05,0.000234087244984004,0.0,ppo,ppo,noop,0.0
0.7825,0.37266046798839353,0.811469809706196,0.0011074637603532902,-13.078692893579703,-3.166753727259008,0.0,0.0011074637603532905,0.0011074637603532905,1.3211161208419433,0.004128487877631073,0.005235951637984363,5.680771076570075e-35,0.004128487877631073,-8.673617379884035e-19,-0.0002506674251315306,-1.0842021724855044e-19,1.2674661494781713e-05,1.1897023182262894e-05,0.06744422538239774,0.00021076320431999293,0.00022266022750225582,0.0010940114605459898,0.0013047746648659827,-2.168404344971009e-19,-1.6511188219690537e-05,-6.776263578034403e-21,0.0028237132127650905,0.0,6.893395497873575e-05,0.00023415623691184007,0.0,ppo,ppo,noop,0.0
0.785,0.37204234241727596,0.812215739300871,0.0010928843946400877,-13.110360430852296,-3.166753727259008,0.0,0.0010928843946400877,0.0010928843946400877,1.316694205908508,0.004114669393464087,0.005207553788104175,6.675210554274086e-35,0.004114669393464087,0.0,-0.0002507652906268646,0.0,1.2014727132682186e-05,1.1734597203167391e-05,0.06724151151354764,0.00021012972347983638,0.00022186432068300375,0.0010805895375778905,0.001290719261057727,2.168404344971009e-19,-1.6556655213873638e-05,6.776263578034403e-21,0.0028239501324063606,0.0,6.855442166529024e-05,0.00023420863541299096,0.0,ppo,ppo,noop,0.0
0.7875,0.37142910760159076,0.8129570432444094,0.0010785008830596857,-13.142027968124882,-3.166753727259008,0.0,0.001078500883059686,0.001078500883059686,1.3122962951802106,0.004100925922438158,0.005179426805497844,5.484357625333272e-35,0.004100925922438158,-8.673617379884035e-19,-0.0002508525680562716,-1.0842021724855044e-19,1.1680013756334837e-05,1.1623389747856248e-05,0.06702879734093874,0.00020946499169043355,0.0002210883814382898,0.0010667642452948725,0.001276229236985306,-2.168404344971009e-19,-1.6548508546806254e-05,-1.3552527156068805e-20,0.0028246966854528523,0.0,6.817833828267078e-05,0.00023430405950946535,0.0,ppo,ppo,noop,0.0
0.79,0.3708207165015863,0.8136937507100249,0.0010643107416274237,-13.173695505397475,-3.166753727259008,0.0,0.0010643107416274235,0.0010643107416274235,1.3079222835954236,0.0040872571362356985,0.005151567877863122,6.273235289493824e-35,0.0040872571362356985,0.0,-0.0002509294439383886,0.0,1.1339314893058146e-05,1.1214464770973511e-05,0.06672694637082276,0.00020852170740882111,0.00021973617217979462,0.001052846576612281,0.0012613682840211021,0.0,-1.649306998863009e-05,-1.0164395367051604e-20,0.002825888852214596,0.0,6.781386457037862e-05,0.0002344363739497585,0.0,ppo,ppo,noop,0.0
0.7925,0.37021712257904876,0.8144258907376641,0.0010503115120450229,-13.205363042670063,-3.166753727259008,0.0,0.0010503115120450227,0.0010503115120450229,1.3035720652935558,0.004073662704042362,0.005123974216087385,5.466714839364253e-35,0.004073662704042362,0.0,-0.0002509961023691817,0.0,1.0314390361283088e-05,1.1047899444352156e-05,0.06648901472210841,0.0002077781710065888,0.00021882607045094093,0.001040730630766809,0.0012485088017733976,0.0,-1.6591012211962182e-05,0.0,0.002825153902268965,0.0,6.744695924285301e-05,0.0002344050901572195,0.0,ppo,ppo,noop,0.0
0.795,0.3696182797919722,0.8151534922332974,0.0010365007616472714,-13.237030579942651,-3.166753727259008,0.0,0.0010365007616472714,0.0010365007616472714,1.2992455336552822,0.004060142292672757,0.005096643054320028,7.641849530784922e-35,0.004060142292672757,0.0,-0.00025105272503707956,0.0,9.483549553375722e-06,1.1521582546951843e-05,0.06707997084301003,0.00020962490888440632,0.00022114649143135817,0.0010290552450874717,0.001238680153971878,2.168404344971009e-19,-1.6926778893485307e-05,6.776263578034403e-21,0.0028214621387008787,0.0,6.703924289388722e-05,0.00023412594614359426,0.0,ppo,ppo,noop,0.0
0.7975,0.36902414258927113,0.815876583968247,0.0010228760833402941,-13.268698117215243,-3.166753727259008,0.0,0.0010228760833402941,0.0010228760833402941,1.2949425813418376,0.004046695566693242,0.005069571650033536,6.378116507267373e-35,0.004046695566693242,-8.673617379884035e-19,-0.000251099491238587,-5.421010862427522e-20,9.255924074477767e-06,1.138910481496556e-05,0.0668666726801255,0.00020895835212539219,0.00022034745694035775,0.0010157533400063042,0.0012247116921316964,0.0,-1.689849118095542e-05,-6.776263578034403e-21,0.0028219838745615457,0.0,6.667799153058517e-05,0.00023420100005763157,0.0,ppo,ppo,noop,0.0
0.8,0.3684346659055335,0.816595194578552,0.0010094350955317311,-13.30036565448783,-3.166753727259008,0.0,0.0010094350955317313,0.0010094350955317311,1.2906631003333813,0.0040333221885418165,0.005042757284073548,5.121732270830432e-35,0.0040333221885418165,0.0,-0.00025113657789435146,-5.421010862427522e-20,9.416124602178162e-06,1.1432024640496334e-05,0.06666407117796463,0.0002083252224311395,0.00021975724707163583,0.0010020348709678711,0.0012103600933990107,0.0,-1.6821779072178247e-05,-1.0164395367051604e-20,0.002822962095142806,0.0,6.631740311723841e-05,0.0002343147988221732,0.0,ppo,ppo,noop,0.0
0.8025,0.3678498051558175,0.8173093525643672,0.0009961754420532106,-13.332033191760424,-3.166753727259008,0.0,0.0009961754420532106,0.0009961754420532106,1.2864069819664554,0.004020021818645173,0.005016197260698383,5.798047662206632e-35,0.004020021818645173,-8.673617379884035e-19,-0.00025116415956565616,0.0,9.390828975311067e-06,1.1465615199842716e-05,0.06655139845875492,0.00020797312018360913,0.00021943873538345186,0.0009888593993024313,0.0011968325194860404,-2.168404344971009e-19,-1.679937810225565e-05,-1.0164395367051604e-20,0.0028231892991591326,0.0,6.595657606030291e-05,0.0002343647814634005,0.0,ppo,ppo,noop,0.0
0.805,0.36726951623049015,0.8180190862893996,0.000983094792075416,-13.36370072903301,-3.166753727259008,0.0,0.000983094792075416,0.000983094792075416,1.2821741169705458,0.004006794115532956,0.004989888907608372,4.45381367822431e-35,0.004006794115532956,0.0,-0.00025118240847131734,0.0,9.149923893182084e-06,1.138852864366851e-05,0.06640004651186997,0.00020750014534959364,0.00021888867399326214,0.0009761834729327204,0.001183683618282314,0.0,-1.6794219643474875e-05,-6.776263578034403e-21,0.002823110497250642,0.0,6.560239339367156e-05,0.00023438818882784247,0.0,ppo,ppo,noop,0.0
0.8075,0.36669375549010913,0.8187244239803746,0.0009701908400160889,-13.395368266305605,-3.166753727259008,0.0,0.0009701908400160889,0.0009701908400160889,1.277964395503771,0.003993638735949284,0.004963829575965373,4.391696018754498e-35,0.003993638735949284,0.0,-0.0002511914945049604,-5.421010862427522e-20,8.7703949092829e-06,1.1348019899067224e-05,0.06624063133807015,0.00020700197293146923,0.00021834999283053646,0.0009639980700965904,0.0011710000430280596,0.0,-1.6813581266457455e-05,0.0,0.0028226386929212244,0.0,6.525147835060087e-05,0.00023437791323850296,0.0,ppo,ppo,noop,0.0
0.81,0.36612247976034773,0.8194253937265394,0.0009574613054412693,-13.427035803578192,-3.166753727259008,0.0,0.0009574613054412693,0.0009574613054412692,1.2737777071877014,0.003980555334961567,0.004938016640402837,5.152336229680666e-35,0.003980555334961567,0.0,-0.0002511915852526524,-5.421010862427522e-20,8.757548580874492e-06,1.1313866337563511e-05,0.06609516362833344,0.000206547386338542,0.0002178612526761055,0.0009512600746170838,0.0011578074609556257,2.168404344971009e-19,-1.6774793454143736e-05,6.776263578034403e-21,0.002822747874005942,0.0,6.490326461172165e-05,0.00023441679179850864,0.0,ppo,ppo,noop,0.0
0.8125,0.3655556463269631,0.8201220234791973,0.0009449039329601061,-13.458703340850782,-3.166753727259008,0.0,0.0009449039329601061,0.0009449039329601061,1.2696139411413423,0.003967543566066695,0.004912447499026801,5.058099466039161e-35,0.003967543566066695,8.673617379884035e-19,-0.00025118284601086756,0.0,8.523555231747709e-06,1.1164623105720308e-05,0.06592547186212303,0.00020601709956913445,0.00021718172267485477,0.0009390214456023309,0.0011450385451714654,0.0,-1.6757606487881535e-05,3.3881317890172014e-21,0.0028225050208952294,0.0,6.45610265071582e-05,0.00023442523952298602,0.0,ppo,ppo,noop,0.0
0.8150000000000001,0.36499321293080816,0.8208143410512723,0.0009325164921134953,-13.490370878123375,-3.166753727259008,0.0,0.0009325164921134953,0.0009325164921134956,1.265472986014272,0.0039546030812946,0.004887119573408095,8.518681845860669e-35,0.0039546030812946,0.0,-0.00025116543980476555,0.0,8.33458113791737e-06,1.1315569763094488e-05,0.06575179110511127,0.0002054743472034727,0.00021678991696656719,0.0009271628996007551,0.0011326372468042278,0.0,-1.675688652950873e-05,0.0,0.002821965834490372,0.0,6.42181488991151e-05,0.00023440855327525682,0.0,ppo,ppo,noop,0.0
0.8175,0.36443513776288733,0.8215023741169073,0.000920296777256874,-13.522038415395965,-3.166753727259008,0.0,0.000920296777256874,0.000920296777256874,1.2613547300189767,0.003941733531309302,0.004862030308566176,5.763328426594296e-35,0.003941733531309302,0.0,-0.0002511395274067613,-5.421010862427522e-20,7.992212193852439e-06,1.1418192412712734e-05,0.06548196351911446,0.0002046311359972327,0.00021604932840994543,0.0009157305452818818,0.0011203616812791146,0.0,-1.6753004800606368e-05,0.0,0.0028213718500301878,0.0,6.388334878130565e-05,0.00023438652260615497,0.0,ppo,ppo,noop,0.0
0.8200000000000001,0.3638813794594557,0.8221861502110908,0.0009082426074374312,-13.553705952668555,-3.166753727259008,0.0,0.0009082426074374312,0.0009082426074374313,1.2572590609623753,0.003928934565507422,0.0048371771729448535,7.326739539406267e-35,0.003928934565507422,0.0,-0.00025110526735536425,-5.421010862427522e-20,6.510588893243233e-06,1.0856384856519756e-05,0.06581043979844792,0.00020565762437014975,0.0002165140092266695,0.0009060778145074645,0.0011117354388776144,-2.168404344971009e-19,-1.704383552598767e-05,-1.3552527156068805e-20,0.002817199126629808,0.0,6.353522275478919e-05,0.00023406143182937657,0.0,ppo,ppo,noop,0.0
0.8225,0.36333189709716246,0.822865696729315,0.0008963518262660077,-13.585373489941144,-3.166753727259008,0.0,0.0008963518262660076,0.0008963518262660076,1.2531858662765607,0.003916205832114252,0.00481255765838026,4.3049956057303894e-35,0.003916205832114252,8.673617379884035e-19,-0.0002510628159742702,5.421010862427522e-20,6.59911525304449e-06,1.0823544120410275e-05,0.0655891700708201,0.00020496615647131282,0.0002157897005917231,0.000893977139880329,0.0010989432963516418,2.168404344971009e-19,-1.6968066361281305e-05,3.3881317890172014e-21,0.0028172625357626106,0.0,6.320665796274104e-05,0.0002340947496129889,0.0,ppo,ppo,noop,0.0
0.8250000000000001,0.36278665018823847,0.823541040927261,0.0008846223017839586,-13.617041027213734,-3.166753727259008,0.0,0.0008846223017839587,0.0008846223017839587,1.2491350330487687,0.003903546978277402,0.0047881692800613605,5.781012677914004e-35,0.003903546978277402,-4.336808689942018e-19,-0.0002510123273916841,-1.6263032587282567e-19,6.496425131129817e-06,1.0784108774349812e-05,0.0661803362973853,0.00020681355092932907,0.00021759765970367888,0.0008824135602960489,0.001089227111225378,0.0,-1.7137087117585073e-05,-1.6940658945086007e-20,0.002814319867052024,0.0,6.284645206262307e-05,0.000233875240274099,0.0,ppo,ppo,noop,0.0
0.8275,0.3622455986757276,0.8242122099205131,0.0008730519263252243,-13.648708564486324,-3.166753727259008,0.0,0.0008730519263252243,0.0008730519263252243,1.2451064480505873,0.0038909576501580854,0.0047640095764833095,4.8030145878430983e-35,0.0038909576501580854,0.0,-0.0002509539535598582,-5.421010862427522e-20,6.546474309342258e-06,1.0663676205474195e-05,0.06599444721091886,0.00020623264753412144,0.00021689632373959563,0.0008706226539120141,0.0010768553014461355,-2.168404344971009e-19,-1.706978490099645e-05,0.0,0.0028141023487119497,0.0,6.252389390181184e-05,0.00023388416865886174,0.0,ppo,ppo,noop,0.0
0.8300000000000001,0.3617087029287621,0.8248792306843019,0.0008616386163738758,-13.680376101758913,-3.166753727259008,0.0,0.000861638616373876,0.000861638616373876,1.2410999977664252,0.003878437493020079,0.004740076109393955,5.526246647719256e-35,0.003878437493020079,0.0,-0.000250887844274824,0.0,6.8652108363603395e-06,1.0775618918478386e-05,0.06571620924856299,0.00020536315390175933,0.0002161387728202377,0.0008586838136196335,0.0010640469675213928,2.168404344971009e-19,-1.695209326628342e-05,6.776263578034403e-21,0.002814390525498686,0.0,6.220521951585591e-05,0.00023393575100854057,0.0,ppo,ppo,noop,0.0
0.8325,0.36117592373788265,0.8255421300532726,0.0008503803124173556,-13.712043639031503,-3.166753727259008,0.0,0.0008503803124173556,0.0008503803124173556,1.2371155684212467,0.003865986151316396,0.0047163664637337515,3.6855442596826006e-35,0.003865986151316396,-4.336808689942018e-19,-0.000250814147196305,0.0,6.601036348274806e-06,1.1037403091670976e-05,0.06549186832568761,0.00020466208851777377,0.00021569949160944474,0.0008482156428124769,0.0010528777313302507,0.0,-1.696017744517898e-05,0.0,0.0028131084199861456,0.0,6.188524644348664e-05,0.00023385396975112598,0.0,ppo,ppo,noop,0.0
0.835,0.36064722231040164,0.8262009347212814,0.0008392749787956603,-13.74371117630409,-3.166753727259008,0.0,0.0008392749787956603,0.0008392749787956603,1.233153046007595,0.0038536032687737343,0.004692878247569395,6.205075750384498e-35,0.0038536032687737343,0.0,-0.00025073300786779143,5.421010862427522e-20,6.138642358473989e-06,1.1010798450173467e-05,0.06534454885936304,0.0002042017151855095,0.00021521251363568295,0.0008380084925288857,0.0010422102077143952,2.168404344971009e-19,-1.69979604610744e-05,3.3881317890172014e-21,0.002811393061059339,0.0,6.156897392149231e-05,0.00023373504740671703,0.0,ppo,ppo,noop,0.0
0.8375,0.36012256026581146,0.8268556712412167,0.0008283206035466946,-13.775378713576686,-3.166753727259008,0.0,0.0008283206035466946,0.0008283206035466946,1.2292123163119102,0.0038412884884747194,0.004669609092021414,4.1758418651318977e-35,0.0038412884884747194,0.0,-0.00025064456973676044,-5.421010862427522e-20,5.724471564182492e-06,1.0792856083022157e-05,0.0651569950934337,0.00020361560966698032,0.00021440846575000247,0.0008276645165013518,0.0010312801261683322,0.0,-1.7000965173120483e-05,-6.776263578034403e-21,0.0028100083623063873,0.0,6.12600733223874e-05,0.00023364360456363994,0.0,ppo,ppo,noop,0.0
0.84,0.35960189963123607,0.8275063660248457,0.000817515198248007,-13.807046250849274,-3.166753727259008,0.0,0.000817515198248007,0.0008175151982480069,1.225293264940158,0.0038290414529379936,0.0046465566511860006,6.023953984903875e-35,0.0038290414529379936,0.0,-0.000250548974175028,0.0,5.8938719576063615e-06,1.0708057617195935e-05,0.06502928984267203,0.0002032165307583501,0.00021392458837554603,0.0008164355119499902,0.0010196520427083404,0.0,-1.6931603070920236e-05,-6.776263578034403e-21,0.002809389410229653,0.0,6.094975018132691e-05,0.00023361737110410774,0.0,ppo,ppo,noop,0.0
0.8425,0.3590852028369266,0.8281530453426864,0.0008068567978551256,-13.838713788121865,-3.166753727259008,0.0,0.0008068567978551258,0.0008068567978551258,1.2213957773427857,0.0038168618041962052,0.004623718602051331,5.413426807310176e-35,0.0038168618041962052,0.0,-0.0002504463604992164,0.0,5.940909869300885e-06,1.0639003725139694e-05,0.06470536288443147,0.00020220425901384836,0.00021284326273898806,0.0008056139818416637,0.0010078182408555121,-2.168404344971009e-19,-1.683295776812791e-05,-2.0328790734103208e-20,0.0028090435633406933,0.0,6.0650590033770395e-05,0.0002336134027310885,0.0,ppo,ppo,noop,0.0
0.845,0.35857243271180134,0.828795735323902,0.0007963434605366984,-13.870381325394455,-3.166753727259008,0.0,0.0007963434605366984,0.0007963434605366985,1.2175197388390133,0.0038047491838719165,0.004601092644408615,4.59667933870446e-35,0.0038047491838719165,8.673617379884035e-19,-0.0002503368659913241,0.0,5.870238288747451e-06,1.061995455856779e-05,0.06454320539530845,0.0002016975168603389,0.00021231747141890669,0.0007952229385177713,0.00099692045537811,2.168404344971009e-19,-1.680089420390105e-05,6.776263578034403e-21,0.002807828728493806,0.0,6.034670746530017e-05,0.00023353597178742304,0.0,ppo,ppo,noop,0.0
0.8475,0.35806355247902877,0.8294344619562205,0.0007859732675066445,-13.902048862667044,-3.166753727259008,0.0,0.0007859732675066445,0.0007859732675066445,1.213665034640475,0.0037927032332514842,0.004578676500758129,4.1528988554033475e-35,0.0037927032332514842,-4.336808689942018e-19,-0.0002502206259193824,0.0,5.630233379102364e-06,1.0381988453973034e-05,0.06432046454708994,0.00020100145170965606,0.0002113834401636291,0.0007850947892024127,0.0009860962409120688,0.0,-1.6763394049845114e-05,0.0,0.002806606992339415,0.0,6.0051323286035574e-05,0.00023345723186953728,0.0,ppo,ppo,noop,0.0
0.85,0.357558525751655,0.8300692510858768,0.0007757443228534968,-13.933716399939634,-3.166753727259008,0.0,0.0007757443228534968,0.0007757443228534967,1.2098315498742256,0.003780723593356955,0.004556467916210452,4.792826811951658e-35,0.003780723593356955,0.0,-0.0002500977735581878,0.0,5.172017927069047e-06,1.0196851036713665e-05,0.06410028504973735,0.0002003133907804292,0.00021051024181714288,0.0007755971380360722,0.0009759105288165014,2.168404344971009e-19,-1.676808938554457e-05,2.0328790734103208e-20,0.0028048130645404535,0.0,5.97579566270036e-05,0.0002333296841726432,0.0,ppo,ppo,noop,0.0
0.8525,0.35705731652827355,0.8307001284175756,0.0007656547533671316,-13.965383937212223,-3.166753727259008,0.0,0.0007656547533671319,0.0007656547533671319,1.2060191696051217,0.0037688099050160054,0.004534464658383137,4.469545483852931e-35,0.0037688099050160054,0.0,-0.00024996844021009563,-5.421010862427522e-20,5.138774557681161e-06,1.0157093862737225e-05,0.06385991297949241,0.00019956222806091377,0.000209719321923651,0.0007655342981145066,0.0009650965261754204,-1.0842021724855044e-19,-1.6707436971085517e-05,-1.3552527156068805e-20,0.002803713378840585,0.0,5.946628191105422e-05,0.00023326100323901012,0.0,ppo,ppo,noop,0.0
0.855,0.35655988918874026,0.8313271195144786,0.0007557027083630698,-13.997051474484817,-3.166753727259008,0.0,0.0007557027083630698,0.0007557027083630698,1.2022277788575886,0.0037569618089299643,0.004512664517293034,4.5771636368375855e-35,0.0037569618089299643,4.336808689942018e-19,-0.00024983275522586233,0.0,5.284675437902718e-06,1.0323707872252952e-05,0.06373455582729028,0.0001991704869602821,0.00020949419483253507,0.0007554570653595175,0.0009546275523197996,-1.0842021724855044e-19,-1.6663761140563852e-05,-1.0164395367051604e-20,0.0028023342566101646,0.0,5.916962031253591e-05,0.00023316899408529847,0.0,ppo,ppo,noop,0.0
0.8575,0.35606620848992954,0.8319502497982105,0.0007458863595045052,-14.028719011757408,-3.166753727259008,0.0,0.0007458863595045052,0.0007458863595045052,1.1984572626367918,0.0037451789457399742,0.00449106530524448,4.689542962251378e-35,0.0037451789457399742,4.336808689942018e-19,-0.0002496908460255272,5.421010862427522e-20,5.072716648896108e-06,1.0153657468039026e-05,0.06354026056288033,0.00019856331425900103,0.00020871697172704005,0.000745894583674752,0.000944457897933753,1.0842021724855044e-19,-1.663463856602052e-05,1.0164395367051604e-20,0.002800721047806221,0.0,5.888331298849575e-05,0.00023305620745950667,0.0,ppo,ppo,noop,0.0
0.86,0.35557623956153467,0.8325695445488881,0.0007362039006222602,-14.060386549029996,-3.166753727259008,0.0,0.0007362039006222603,0.0007362039006222603,1.1947075059492174,0.0037334609560913043,0.004469664856713565,3.7723618812059897e-35,0.0037334609560913043,0.0,-0.00024954283811931825,0.0,4.969737120739366e-06,1.017867281207527e-05,0.06340234911016329,0.0001981323409692603,0.00020831101378133556,0.0007364430991928568,0.000934575440162117,0.0,-1.6618113132017727e-05,0.0,0.0027988855159291875,0.0,5.85946337256513e-05,0.00023292472498730052,0.0,ppo,ppo,noop,0.0
0.8625,0.35508994790191123,0.8331850289051674,0.0007266535475327962,-14.092054086302586,-3.166753727259008,0.0,0.0007266535475327962,0.0007266535475327962,1.1909783938226768,0.0037218074806958648,0.004448461028228661,4.478361332050237e-35,0.0037218074806958648,-8.673617379884035e-19,-0.00024938885512857474,-5.421010862427522e-20,4.9255470733894e-06,1.0236520584127043e-05,0.06320566314388996,0.00019751769732465613,0.00020775421790878318,0.0007270389739701444,0.0009245566712948006,1.0842021724855044e-19,-1.6578948557386754e-05,0.0,0.0027972508094010642,0.0,5.831073209296974e-05,0.000232809906571188,0.0,ppo,ppo,noop,0.0
0.865,0.35460729937396196,0.8337967278643119,0.000717233537854465,-14.123721623575175,-3.166753727259008,0.0,0.000717233537854465,0.000717233537854465,1.1872698113257496,0.0037102181603929675,0.004427451698247433,4.363549275795518e-35,0.0037102181603929675,4.336808689942018e-19,-0.000249229018806674,0.0,4.9261447996748e-06,1.0202116885342224e-05,0.06313419141730983,0.00019729434817909324,0.00020749646506443547,0.0007175833651404576,0.0009148777133195509,0.0,-1.6557239206021355e-05,-6.776263578034403e-21,0.002795340447073417,0.0,5.802539294809168e-05,0.00023267177960065264,0.0,ppo,ppo,noop,0.0
0.8675,0.35412826020106547,0.8344046662822795,0.0007079421308221379,-14.155389160847765,-3.166753727259008,0.0,0.0007079421308221379,0.0007079421308221379,1.1835816435866706,0.0036986926362083455,0.004406634767030484,5.721697814568151e-35,0.0036986926362083455,0.0,-0.0002490634490599522,0.0,4.636016910505713e-06,9.806481679820866e-06,0.06359920957451087,0.00019874752992034647,0.00020855401160016734,0.0007084765786809473,0.0009072241086012939,-1.0842021724855044e-19,-1.6695216373721266e-05,-6.776263578034403e-21,0.002791468527607052,0.0,5.7724613651393736e-05,0.00023236823268623093,0.0,ppo,ppo,noop,0.0
0.87,0.35365279696304647,0.835008868873828,0.0006987776071003648,-14.187056698120355,-3.166753727259008,0.0,0.0006987776071003648,0.0006987776071003648,1.179913775811676,0.0036872305494114873,0.004386008156511852,5.48533032016311e-35,0.0036872305494114873,4.336808689942018e-19,-0.000248892263968611,-5.421010862427522e-20,4.392619832523044e-06,9.915947453561254e-06,0.06346526424186992,0.0001983289507558435,0.00020824489820940476,0.0006999083148888799,0.0008982372656447234,1.0842021724855044e-19,-1.671068052131811e-05,3.3881317890172014e-21,0.002788993283766764,0.0,5.744524321037674e-05,0.00023218158344729287,0.0,ppo,ppo,noop,0.0
0.8725,0.35318087659218783,0.8356093602126394,0.0006897382685951989,-14.218724235392944,-3.166753727259008,0.0,0.0006897382685951989,0.0006897382685951989,1.1762660933028217,0.003675831541571318,0.004365569810166517,5.363612177745352e-35,0.003675831541571318,0.0,-0.0002487155798076,5.421010862427522e-20,4.228243921040886e-06,1.0029460287565763e-05,0.06326961761914164,0.00019771755505981764,0.0002077470153473834,0.0006913112410406828,0.0008890287961005004,1.0842021724855044e-19,-1.6696886293706965e-05,6.776263578034403e-21,0.0027868027454708176,0.0,5.7171057072076495e-05,0.00023201869351389303,0.0,ppo,ppo,noop,0.0
0.875,0.3527124663692852,0.8362061647314608,0.0006808224382648359,-14.250391772665534,-3.166753727259008,0.0,0.0006808224382648359,0.000680822438264836,1.1726384814752788,0.0036644952546102463,0.004345317692875082,3.988817093750399e-35,0.0036644952546102463,4.336808689942018e-19,-0.0002485335110674643,5.421010862427522e-20,4.3058607056546334e-06,1.0057101512387587e-05,0.06314897733594445,0.0001973405541748264,0.00020739765568721398,0.0006822678183659143,0.0008796083725407407,-1.0842021724855044e-19,-1.6654404190407747e-05,-1.0164395367051604e-20,0.0027848868820695054,0.0,5.689738939825292e-05,0.00023187910687705654,0.0,ppo,ppo,noop,0.0
0.8775000000000001,0.35224753391974206,0.8367993067222649,0.0006720284599291808,-14.282059309938127,-3.166753727259008,0.0,0.0006720284599291808,0.0006720284599291809,1.1690308258741222,0.003653221330856632,0.0043252497907858125,7.449441570832917e-35,0.003653221330856632,-4.336808689942018e-19,-0.00024834617047515264,0.0,4.592457583025867e-06,1.0215060424294213e-05,0.06295564671124909,0.0001967363959726534,0.0002069514563969476,0.0006730586051874232,0.0008697950011600766,0.0,-1.6568277286066336e-05,0.0,0.002783426329696555,0.0,5.66275862955399e-05,0.0002317778931890863,0.0,ppo,ppo,noop,0.0
0.88,0.35178604720970735,0.8373888103364238,0.0006633546980784888,-14.313726847210715,-3.166753727259008,0.0,0.0006633546980784889,0.0006633546980784889,1.1654430121906203,0.0036420094130956886,0.004305364111174177,5.66567147737224e-35,0.0036420094130956886,0.0,-0.0002481536690147739,-5.421010862427522e-20,4.346655489998098e-06,1.0065919218320032e-05,0.06280076400455048,0.00019625238751422026,0.00020631830673254029,0.0006647273063168127,0.000860979693831033,-2.168404344971009e-19,-1.655698592693816e-05,-1.0164395367051604e-20,0.0027810297192646556,0.0,5.636285940776432e-05,0.00023159668308783574,0.0,ppo,ppo,noop,0.0
0.8825000000000001,0.351327974542253,0.8379746995849024,0.0006547995376811874,-14.345394384483306,-3.166753727259008,0.0,0.0006547995376811874,0.0006547995376811874,1.1618749262780386,0.0036308591446188704,0.004285658682300058,4.4260526342278793e-35,0.0036308591446188704,-4.336808689942018e-19,-0.00024795611594829667,0.0,4.209811057854151e-06,1.0022840651011123e-05,0.06267597478504466,0.00019586242120326458,0.0002058852618542757,0.0006564027562164902,0.0008522651774197547,1.0842021724855044e-19,-1.654394679574824e-05,6.776263578034403e-21,0.0027785939671991157,0.0,5.609785952207537e-05,0.00023141216915254843,0.0,ppo,ppo,noop,0.0
0.885,0.35087328455359346,0.8385569983384665,0.0006463613839910057,-14.377061921755896,-3.166753727259008,0.0,0.0006463613839910058,0.0006463613839910057,1.1583264541669636,0.003619770169271761,0.004266131553262767,6.143376560805001e-35,0.003619770169271761,-8.673617379884035e-19,-0.0002477536188361832,-1.0842021724855044e-19,4.229850095614881e-06,9.990332816738943e-06,0.06249365596791973,0.00019529267489974916,0.0002052830077164881,0.000647892016616515,0.0008431846915162641,-1.0842021724855044e-19,-1.6490052454374364e-05,-1.0164395367051604e-20,0.002776585477755497,0.0,5.5837637969509544e-05,0.00023126356638180886,0.0,ppo,ppo,noop,0.0
0.8875000000000001,0.35042194620934414,0.839135730327906,0.0006380386623535165,-14.408729459028486,-3.166753727259008,0.0,0.0006380386623535165,0.0006380386623535165,1.154797482080163,0.003608742131500509,0.004246780793854025,6.989805546819483e-35,0.003608742131500509,-4.336808689942018e-19,-0.0002475462835579529,0.0,4.089579264543406e-06,9.773181005763068e-06,0.06232755821599718,0.00019477361942499117,0.00020454680043075423,0.0006396326848301928,0.000834406304255184,-1.0842021724855044e-19,-1.6452181333589238e-05,-6.776263578034403e-21,0.0027743358272453254,0.0,5.558168342928197e-05,0.00023109410222436368,0.0,ppo,ppo,noop,0.0
0.89,0.34997392880082157,0.8397109191442733,0.0006298298180122117,-14.440396996301079,-3.166753727259008,0.0,0.0006298298180122117,0.0006298298180122117,1.1512878964469835,0.0035977746763968233,0.004227604494409035,4.866553964892784e-35,0.0035977746763968233,0.0,-0.0002473342143326635,0.0,3.578642994492579e-06,9.62839267170756e-06,0.062152707190555954,0.00019422720997048736,0.00020385560264219493,0.0006323009246949341,0.0008265281346654215,0.0,-1.648109653892632e-05,0.0,0.0027712465417314017,0.0,5.5327508863906125e-05,0.00023085311779373716,0.0,ppo,ppo,noop,0.0
0.8925000000000001,0.3495292019413831,0.8402825882391374,0.0006217333159142017,-14.472064533573668,-3.166753727259008,0.0,0.0006217333159142017,0.0006217333159142017,1.1477975839173058,0.0035868674497415804,0.004208600765655782,4.7461820275981676e-35,0.0035868674497415804,0.0,-0.0002471175137393101,-5.421010862427522e-20,3.66577382143484e-06,9.8458877171217e-06,0.06254938477629968,0.00019546682742593648,0.0002053127151430582,0.0006242476559884537,0.0008197144834143903,-1.0842021724855044e-19,-1.6588435831085164e-05,-6.776263578034403e-21,0.0027671529663271903,0.0,5.504616740689661e-05,0.00023052907790822492,0.0,ppo,ppo,noop,0.0
0.895,0.34908773556280587,0.8408507609248507,0.0006137476405156511,-14.503732070846258,-3.166753727259008,0.0,0.0006137476405156511,0.0006137476405156513,1.1443264313750596,0.0035760200980470614,0.004189767738562712,5.314316581638888e-35,0.0035760200980470614,0.0,-0.00024689628273713137,-5.421010862427522e-20,3.7110136476036276e-06,9.794448458781403e-06,0.06242708412809421,0.0001950846379002944,0.0002048790863590758,0.0006161200616792254,0.0008112046995795198,-1.0842021724855044e-19,-1.6544393426447737e-05,-1.0164395367051604e-20,0.0027648153984675414,0.0,5.479317128302826e-05,0.00023035188931068364,0.0,ppo,ppo,noop,0.0
0.8975,0.3486494999117054,0.841415460374831,0.0006058712955870404,-14.53539960811884,-3.166753727259008,0.0,0.0006058712955870404,0.0006058712955870405,1.1408743259513108,0.003565232268597846,0.004171103564184887,3.2578304849020155e-35,0.003565232268597846,0.0,-0.0002466706206858177,5.421010862427522e-20,3.94898581143183e-06,9.806585605956624e-06,0.0622739822724845,0.00019460619460151405,0.00020441278020747069,0.0006077799095701333,0.0008023861041716474,1.0842021724855044e-19,-1.6464847140497477e-05,0.0,0.0027628461644261986,0.0,5.454294624596133e-05,0.0002302057735453202,0.0,ppo,ppo,noop,0.0
0.9,0.34821446554599356,0.8419767096238562,0.0005981028040183473,-14.567067145391437,-3.166753727259008,0.0,0.0005981028040183473,0.0005981028040183472,1.1374411550369279,0.0035545036094903996,0.004152606413508747,5.533620830998295e-35,0.0035545036094903996,0.0,-0.00024644062536561704,-5.421010862427522e-20,4.103597965140707e-06,9.9586446614481e-06,0.062107106478715486,0.0001940847077459859,0.000204043352407434,0.0005998542527495141,0.0007939389604955,-1.0842021724855044e-19,-1.6407593487609494e-05,-6.776263578034403e-21,0.0027605646489948996,0.0,5.4293685724221956e-05,0.00023003303187800754,0.0,ppo,ppo,noop,0.0
0.9025,0.3477826033313752,0.8425345315683721,0.0005904407076242396,-14.598734682664022,-3.166753727259008,0.0,0.0005904407076242395,0.0005904407076242396,1.1340268062948418,0.0035438337696713806,0.00413427447729562,5.68208957781811e-35,0.0035438337696713806,4.336808689942018e-19,-0.00024620639299733336,-1.0842021724855044e-19,4.065699126688632e-06,1.0101284814645083e-05,0.06189297378668065,0.00019341554308337702,0.0002035168278980221,0.0005924105941855074,0.0007858261372688844,0.0,-1.6369897093062235e-05,3.3881317890172014e-21,0.002758007632402496,0.0,5.404885705812938e-05,0.00022983649590427112,0.0,ppo,ppo,noop,0.0
0.905,0.34735388443788273,0.8430889489668131,0.0005828835669493642,-14.630402219936617,-3.166753727259008,0.0,0.0005828835669493642,0.0005828835669493642,1.1306311676719003,0.0035332223989746883,0.004116105965924053,6.211627635998248e-35,0.0035332223989746883,4.336808689942018e-19,-0.00024596801826220945,0.0,4.046393630653788e-06,1.0079651925313713e-05,0.06175117451930813,0.0001929724203728379,0.00020305207229815163,0.0005848704316133703,0.0007778428519862082,0.0,-1.6334217993947302e-05,0.0,0.00275537954698848,0.0,5.380542618539594e-05,0.00022963380026826214,0.0,ppo,ppo,noop,0.0
0.9075,0.3469282803364503,0.8436399844399355,0.0005754299610738079,-14.66206975720921,-3.166753727259008,0.0,0.0005754299610738079,0.0005754299610738079,1.1272541274103347,0.003522669148157296,0.004098099109231104,3.8137343609481186e-35,0.003522669148157296,4.336808689942018e-19,-0.00024572559432169453,5.421010862427522e-20,4.105935324536603e-06,1.0088556696523151e-05,0.06164668359556949,0.00019264588623615466,0.00020273444293267783,0.0005773066471212579,0.0007699525333574126,0.0,-1.6297468645694995e-05,0.0,0.0027527166147998834,0.0,5.356219508224259e-05,0.00022942812567599953,0.0,ppo,ppo,noop,0.0
0.91,0.3465057627955238,0.8441876604711619,0.0005680784874188213,-14.693737294481794,-3.166753727259008,0.0,0.0005680784874188213,0.0005680784874188212,1.123895574058838,0.003512173668933869,0.004080252156352691,3.6347474666819524e-35,0.003512173668933869,0.0,-0.0002454792128370867,5.421010862427522e-20,4.067249125664182e-06,1.0229718002242456e-05,0.061515586149423845,0.00019223620671694953,0.000202465924719192,0.0005701737071697353,0.0007624099138866848,2.168404344971009e-19,-1.628153508747355e-05,1.0164395367051604e-20,0.002749763755047184,0.0,5.3320487404676675e-05,0.00022919767774961315,0.0,ppo,ppo,noop,0.0
0.9125,0.3460863038777109,0.8447319994069381,0.0005608277615528667,-14.725404831754387,-3.166753727259008,0.0,0.0005608277615528667,0.0005608277615528667,1.1205553964832748,0.003501735614010234,0.0040625633755631005,4.1487144773949917e-35,0.003501735614010234,0.0,-0.0002452289639890517,0.0,4.045969437152929e-06,1.0116952232033431e-05,0.06139426626429008,0.00019185708207590649,0.00020197403430793993,0.0005628527749105944,0.000754709856986501,-2.168404344971009e-19,-1.6243916856474172e-05,-1.6940658945086007e-20,0.002747025757023733,0.0,5.308402605223345e-05,0.0002289850471325775,0.0,ppo,ppo,noop,0.0
0.915,0.3456698759364658,0.845273023457101,0.0005536764169980707,-14.757072369026977,-3.166753727259008,0.0,0.0005536764169980707,0.0005536764169980707,1.1172334838770175,0.0034913546371156796,0.00404503105411375,3.7540179628480187e-35,0.0034913546371156796,0.0,-0.00024497493649700783,-5.421010862427522e-20,3.6299281131859152e-06,9.909530230569594e-06,0.06202757477978322,0.00019383617118682255,0.00020374570141739215,0.0005563260910022684,0.0007501622621890909,1.0842021724855044e-19,-1.6463164913929177e-05,1.0164395367051604e-20,0.002741192374926589,0.0,5.2818591596251054e-05,0.00022851177158307866,0.0,ppo,ppo,noop,0.0
0.9175,0.3452564516128133,0.8458107546952567,0.0005466231050371462,-14.788739906299567,-3.166753727259008,0.0,0.0005466231050371463,0.0005466231050371463,1.113929725770927,0.0034810303930341473,0.004027653498071293,5.523035754038783e-35,0.0034810303930341473,-4.336808689942018e-19,-0.0002447172176383787,-5.421010862427522e-20,3.9825372521318555e-06,9.803159187917962e-06,0.06180604424600418,0.00019314388826876307,0.00020294704745668103,0.0005484611897208005,0.0007416050779895636,-1.0842021724855044e-19,-1.6336269216687914e-05,-6.776263578034403e-21,0.0027394253150445835,0.0,5.259062773057383e-05,0.0002283809484216908,0.0,ppo,ppo,noop,0.0
0.92,0.34484600383210784,0.8463452150591702,0.0005396664945208574,-14.820407443572151,-3.166753727259008,0.0,0.0005396664945208574,0.0005396664945208575,1.1106440120429877,0.0034707625376343364,0.004010429032155194,3.1734383620585067e-35,0.0034707625376343364,4.336808689942018e-19,-0.00024445589326770696,-5.421010862427522e-20,3.87267355821903e-06,9.948419315295028e-06,0.06160294023485592,0.00019250918823392475,0.00020245760754921977,0.0005418695667197144,0.0007343787549536391,-1.0842021724855044e-19,-1.631391569535294e-05,-6.776263578034403e-21,0.0027363837826806974,0.0,5.236051712359108e-05,0.00022814197757235402,0.0,ppo,ppo,noop,0.0
0.9225,0.34443850580082946,0.8468764263511648,0.0005328052716760763,-14.852074980844748,-3.166753727259008,0.0,0.0005328052716760763,0.0005328052716760763,1.1073762329275898,0.003460550727898718,0.003993355999574794,6.347105997671164e-35,0.003460550727898718,0.0,-0.00024419104783562613,-5.421010862427522e-20,3.867413629002105e-06,9.850964746908092e-06,0.06145606536748034,0.00019205020427337608,0.00020190116902028417,0.0005349214091649802,0.0007269716134383562,1.0842021724855044e-19,-1.6268162957194167e-05,6.776263578034403e-21,0.002733579114460362,0.0,5.2133410008220704e-05,0.00022792288487843195,0.0,ppo,ppo,noop,0.0
0.925,0.3440339310034161,0.8474044102385316,0.000526038139914497,-14.883742518117339,-3.166753727259008,0.0,0.000526038139914497,0.000526038139914497,1.1041262790244883,0.003450394621951526,0.003976432761866024,5.10647700611994e-35,0.003450394621951526,4.336808689942018e-19,-0.00024392276440769043,2.710505431213761e-20,3.972043303861921e-06,9.843166528966906e-06,0.0612657773255405,0.00019145555414231406,0.00020129872067128096,0.0005279372198357401,0.0007193927739780542,-1.0842021724855044e-19,-1.6199871926548417e-05,-6.776263578034403e-21,0.002731001847973472,0.0,5.1908995254154886e-05,0.00022772289248114202,0.0,ppo,ppo,noop,0.0
0.9275,0.343632253199131,0.8479291882539487,0.0005193638196420813,-14.915410055389925,-3.166753727259008,0.0,0.0005193638196420813,0.0005193638196420814,1.1008940413074273,0.00344029387908571,0.003959657698727792,4.923170786502591e-35,0.00344029387908571,0.0,-0.0002436511246830534,2.710505431213761e-20,3.919288015026295e-06,9.825063258335651e-06,0.0617599192968826,0.00019299974780275813,0.00020282481106109377,0.0005213503068703645,0.0007143500546731226,0.0,-1.6336774359641327e-05,-6.776263578034403e-21,0.0027259438244125874,0.0,5.1657350019504574e-05,0.00022731435032341207,0.0,ppo,ppo,noop,0.0
0.93,0.3432334464189656,0.8484507817959087,0.000512781048069253,-14.947077592662517,-3.166753727259008,0.0,0.000512781048069253,0.000512781048069253,1.0976794111324475,0.0034302481597888986,0.0039430292078581515,5.357297390506963e-35,0.0034302481597888986,0.0,-0.00024337620901300055,0.0,4.006929320970799e-06,9.850118980360797e-06,0.06158335490510295,0.0001924479840784467,0.0002022981030588075,0.0005146173084076722,0.0007070652924861189,1.0842021724855044e-19,-1.627772075811335e-05,3.3881317890172014e-21,0.0027231828673027797,0.0,5.143594665704797e-05,0.0002270984882548872,0.0,ppo,ppo,noop,0.0
0.9325,0.342837484962578,0.8489692121291567,0.0005062885790219343,-14.978745129935106,-3.166753727259008,0.0,0.0005062885790219343,0.0005062885790219343,1.0944822802458825,0.0034202571257683826,0.003926545704790316,4.5437575005084017e-35,0.0034202571257683826,-4.336808689942018e-19,-0.00024309809641932592,-5.421010862427522e-20,4.111251579206377e-06,9.792152288862602e-06,0.061491660506038034,0.00019216143908136886,0.00020195359137023145,0.0005078582281523843,0.0007000196672337531,-1.0842021724855044e-19,-1.6231105135718576e-05,-1.6940658945086007e-20,0.0027202374585346295,0.0,5.121403166866052e-05,0.00022686699128360733,0.0,ppo,ppo,noop,0.0
0.935,0.34244434339526525,0.8494845003851363,0.0004998851827534423,-15.010412667207696,-3.166753727259008,0.0,0.0004998851827534424,0.0004998851827534424,1.0913025407920482,0.0034103204399751506,0.003910205622728593,4.6969516859305244e-35,0.0034103204399751506,-8.673617379884035e-19,-0.0002428168646125559,-5.421010862427522e-20,3.976776465426383e-06,9.649339528615094e-06,0.06137620268884578,0.00019180063340264305,0.00020144997293125816,0.0005015809693512047,0.0006933816027538478,-1.0842021724855044e-19,-1.6211746952029222e-05,-6.776263578034403e-21,0.002716938837221303,0.0,5.099627650922363e-05,0.00022660511766052667,0.0,ppo,ppo,noop,0.0
0.9375,0.3420539965449707,0.8499966675624436,0.0004935696457573069,-15.04208020448028,-3.166753727259008,0.0,0.0004935696457573069,0.0004935696457573069,1.0881400853206378,0.003400437766626993,0.0038940074123843,5.393116049398036e-35,0.003400437766626993,4.336808689942018e-19,-0.00024253259001001535,5.421010862427522e-20,3.8582525157699155e-06,9.49953798394796e-06,0.06124993343689573,0.00019140604199029915,0.00020090557997424712,0.0004953526787097151,0.0006867587207000142,0.0,-1.6186258892451883e-05,0.0,0.0027136790459269785,0.0,5.0781032779173555e-05,0.00022634633111756345,0.0,ppo,ppo,noop,0.0
0.9400000000000001,0.3416664194993256,0.8505057345272897,0.00048734077058105275,-15.073747741752877,-3.166753727259008,0.0,0.00048734077058105275,0.0004873407705810527,1.0849948067938229,0.0033906087712306963,0.003877949541811749,5.970911533868856e-35,0.0033906087712306963,0.0,-0.00024224534775373394,-5.421010862427522e-20,4.113872674233125e-06,9.555138315652669e-06,0.06113745038390598,0.0001910545324497062,0.00020060967076535887,0.0004886681635482392,0.0006797226959979455,-2.168404344971009e-19,-1.6117997032656456e-05,-1.0164395367051604e-20,0.0027108860752327506,0.0,5.0564302043603804e-05,0.0002261273507210775,0.0,ppo,ppo,noop,0.0
0.9425,0.3412815876027232,0.8510117220139715,0.0004811973756409852,-15.105415279025463,-3.166753727259008,0.0,0.0004811973756409852,0.0004811973756409852,1.0818665985930718,0.003380833120603349,0.0038620304962443345,5.945526367462158e-35,0.003380833120603349,4.336808689942018e-19,-0.00024195521172819267,-2.710505431213761e-20,4.094639112851006e-06,9.395779591126342e-06,0.06099900367635109,0.00019062188648859716,0.0002000176660797235,0.0004824038770064095,0.0006730257634950066,0.0,-1.6071638257314397e-05,3.3881317890172014e-21,0.0027078073571083425,0.0,5.035355156859796e-05,0.00022588357347087828,0.0,ppo,ppo,noop,0.0
0.9450000000000001,0.3408994764534279,0.8515146506253487,0.00047513829503802245,-15.137082816298054,-3.166753727259008,0.0,0.00047513829503802245,0.0004751382950380225,1.0787553545256905,0.0033711104828927827,0.0038462487779308053,4.627707462574867e-35,0.0033711104828927827,0.0,-0.0002416622545779063,2.710505431213761e-20,4.117412477274666e-06,9.393543940041351e-06,0.06087526263108951,0.00019023519572215473,0.00019962873966219608,0.00047629701402351454,0.0006665322097456692,0.0,-1.6035162605523466e-05,-3.3881317890172014e-21,0.0027045782731471135,0.0,5.0141897001433275e-05,0.00022562709197238283,0.0,ppo,ppo,noop,0.0
0.9475,0.34052006190071626,0.8520145408333302,0.00046916237837460695,-15.168750353570648,-3.166753727259008,0.0,0.0004691623783746069,0.00046916237837460684,1.0756609688310963,0.003361440527597176,0.0038306029059717826,3.973581316658101e-35,0.003361440527597176,4.336808689942018e-19,-0.00024136654772484358,-5.421010862427522e-20,3.7751411685556815e-06,9.310554358619948e-06,0.06067859861684788,0.00018962062067764962,0.00019893117503626956,0.00047092265039611547,0.0006605432710737651,1.0842021724855044e-19,-1.6034871027628428e-05,6.776263578034403e-21,0.002700897256523411,0.0,4.9936354203232185e-05,0.00022533167669721516,0.0,ppo,ppo,noop,0.0
0.9500000000000001,0.3401433200420517,0.8525114129793646,0.00046326849057273946,-15.200417890843237,-3.166753727259008,0.0,0.0004632684905727394,0.00046326849057273946,1.0725833361868211,0.003351822925583816,0.0038150914161565555,5.522419079617247e-35,0.003351822925583816,0.0,-0.00024106816138568,-2.710505431213761e-20,3.853290063428885e-06,9.47922877838408e-06,0.06049461550858804,0.00018904567346433762,0.0001985249022427217,0.0004650411392242658,0.0006540868126886034,0.0,-1.5987527367628667e-05,-3.3881317890172014e-21,0.0026977361128952128,0.0,4.972865385931455e-05,0.00022508063401805134,0.0,ppo,ppo,noop,0.0
0.9525,0.3397692272202908,0.8530052872749411,0.00045745551169316327,-15.232085428115823,-3.166753727259008,0.0,0.0004574555116931633,0.00045745551169316327,1.0695223517142627,0.003342257349107071,0.0037997128608002343,3.5830421943974606e-35,0.003342257349107071,0.0,-0.0002407671645888847,0.0,3.869097605947054e-06,9.34153627789604e-06,0.06038118501617371,0.00018869120317554285,0.0001980327394534389,0.0004590588527591653,0.0006477500559347081,-1.0842021724855044e-19,-1.5943581473569035e-05,-6.776263578034403e-21,0.0026945072931723628,0.0,4.9523962403943255e-05,0.00022482358311531566,0.0,ppo,ppo,noop,0.0
0.9550000000000001,0.3393977600209219,0.8534961838020929,0.00045172233675573066,-15.263752965388417,-3.166753727259008,0.0,0.00045172233675573066,0.0004517223367557307,1.066477910984181,0.003332743471825566,0.003784465808581297,4.977542414335672e-35,0.003332743471825566,0.0,-0.0002404636251916395,2.710505431213761e-20,3.7732319526817933e-06,9.34690711145444e-06,0.06020913076240558,0.00018815353363251745,0.0001975004407439719,0.0004535227799618215,0.000641676313594339,0.0,-1.5915255379248943e-05,0.0,0.002691067158231227,0.0,4.9321631026632095e-05,0.00022454836981239057,0.0,ppo,ppo,noop,0.0
0.9575,0.33902889526933655,0.8539841225139108,0.0004460678755609848,-15.29542050266101,-3.166753727259008,0.0,0.0004460678755609848,0.00044606787556098474,1.0634499100219525,0.003323280968818602,0.0037693488443795867,3.321176614549522e-35,0.003323280968818602,-4.336808689942018e-19,-0.00024015760989658924,2.710505431213761e-20,3.954341850297603e-06,9.348475120087288e-06,0.060098749257475326,0.0001878085914296104,0.0001971570665496977,0.0004475076669804769,0.0006353162584100873,0.0,-1.5855681215705616e-05,-3.3881317890172014e-21,0.0026879647104085143,0.0,4.9118490633413074e-05,0.00022430192868088362,0.0,ppo,ppo,noop,0.0
0.96,0.3386626100281306,0.8544691232350593,0.0004404910525129846,-15.327088039933592,-3.166753727259008,0.0,0.0004404910525129846,0.0004404910525129845,1.06043824531258,0.0033138695166018126,0.003754360569114797,4.122001788439764e-35,0.0033138695166018126,-4.336808689942018e-19,-0.0002398491842684213,-2.710505431213761e-20,3.8416630138030605e-06,9.36889611439865e-06,0.059893569309922734,0.00018716740409350854,0.00019653630020790718,0.00044217662259977714,0.0006293440266932857,0.0,-1.582279701212936e-05,-3.3881317890172014e-21,0.002684525489908527,0.0,4.8920933952150974e-05,0.00022402638725629195,0.0,ppo,ppo,noop,0.0
0.9625,0.3382988815944381,0.8549512056623018,0.0004349908064433922,-15.358755577206187,-3.166753727259008,0.0,0.0004349908064433922,0.0004349908064433922,1.057442813805475,0.0033045087931421096,0.0037394995995855018,2.9583310635130584e-35,0.0033045087931421096,0.0,-0.00023953841275027666,-2.710505431213761e-20,3.943255168354375e-06,9.339598288843643e-06,0.059733733228145326,0.00018666791633795414,0.0001960075146267978,0.00043644389439552705,0.0006231118107334812,0.0,-1.5761197600350715e-05,3.3881317890172014e-21,0.0026813969824086284,0.0,4.872386299773459e-05,0.00022377721514992596,0.0,ppo,ppo,noop,0.0
0.965,0.33793768749729514,0.8554303893650277,0.00042956609043685954,-15.39042311447878,-3.166753727259008,0.0,0.0004295660904368596,0.0004295660904368596,1.0544635129190072,0.0032951984778718975,0.003724764568308757,3.8280739715504535e-35,0.0032951984778718975,0.0,-0.00023922535867998776,-5.421010862427522e-20,3.846385492075204e-06,9.307631224691771e-06,0.05959103421142941,0.0001862219819107169,0.0001955296131354087,0.000431180950677401,0.0006174029325881179,-1.0842021724855044e-19,-1.5737602375625985e-05,-6.776263578034403e-21,0.0026777955452837797,0.0,4.852782405599368e-05,0.00022348775630436177,0.0,ppo,ppo,noop,0.0
0.9675,0.33757900549503445,0.8559066937857891,0.00042421587165772666,-15.422090651751368,-3.166753727259008,0.0,0.00042421587165772666,0.00042421587165772666,1.0515002405448344,0.0032859382517026075,0.0037101541233603343,3.6425705981755e-35,0.0032859382517026075,0.0,-0.00023891008430614632,2.710505431213761e-20,3.7809425875633825e-06,9.19654671300349e-06,0.05942583937957789,0.0001857057480611809,0.0001949022947741844,0.0004258505331956034,0.0006115562812567843,0.0,-1.5696138799766602e-05,-6.776263578034403e-21,0.002674381970445823,0.0,4.8335552723709166e-05,0.00022321394550637973,0.0,ppo,ppo,noop,0.0
0.97,0.3372228135727103,0.8563801382408379,0.00041893913117805654,-15.453758189023956,-3.166753727259008,0.0,0.00041893913117805654,0.00041893913117805654,1.0485528950520162,0.0032767277970375507,0.003695666928215607,4.3653399927173645e-35,0.0032767277970375507,-4.336808689942018e-19,-0.0002385926508039986,-2.710505431213761e-20,3.4847732620405346e-06,8.679402985907669e-06,0.05914521217345391,0.00018482878804204346,0.00019350819102795114,0.0004206489876398831,0.0006054777756819266,0.0,-1.5629618153748114e-05,3.3881317890172014e-21,0.002671250021355624,0.0,4.815551958797141e-05,0.00022296303265025046,0.0,ppo,ppo,noop,0.0
0.9725,0.3368690899395531,0.8568507419206728,0.0004137348638070271,-15.485425726296551,-3.166753727259008,0.0,0.0004137348638070271,0.00041373486380702707,1.0456213752909147,0.0032675667977841083,0.0036813016615911353,6.856644714301074e-35,0.0032675667977841083,0.0,-0.0002382731182911688,-2.710505431213761e-20,3.4821676437630123e-06,8.593657844233586e-06,0.059048702727780976,0.00018452719602431554,0.00019312085386854913,0.00041536418636373466,0.0005998913823880502,0.0,-1.5597590158479323e-05,-3.3881317890172014e-21,0.0026676754153960583,0.0,4.796331971735819e-05,0.00022267552813268947,0.0,ppo,ppo,noop,0.0
0.975,0.3365178130264536,0.8573185238905859,0.0004086020779216987,-15.51709326356914,-3.166753727259008,0.0,0.0004086020779216987,0.00040860207792169876,1.0427055805968912,0.0032584549393652852,0.003667057017286984,3.29559830567441e-35,0.0032584549393652852,0.0,-0.00023795154584320996,-2.710505431213761e-20,3.4654597945288596e-06,8.590371722580083e-06,0.058931093473489904,0.00018415966710465595,0.00019275003882723602,0.00041026153005522105,0.000594421197159877,0.0,-1.556934461194958e-05,0.0,0.0026640337422054084,0.0,4.777255124940368e-05,0.0002223822012312604,0.0,ppo,ppo,noop,0.0
0.9775,0.3361689614834766,0.8577835030912181,0.00040353979529917673,-15.54876080084173,-3.166753727259008,0.0,0.0004035397952991766,0.0004035397952991766,1.0398054107937995,0.0032493919087306236,0.0036529317040298005,4.87639376054102e-35,0.0032493919087306236,4.336808689942018e-19,-0.00023762799150898117,2.710505431213761e-20,2.2745588483128546e-06,8.065820816119133e-06,0.0599746948349432,0.0001874209213591975,0.00019548674217531662,0.0004070564984186701,0.0005944774197778676,1.0842021724855044e-19,-1.6001218979763225e-05,6.776263578034403e-21,0.0026549144889527563,0.0,4.75406944913689e-05,0.00022162677252921795,0.0,ppo,ppo,noop,0.0
0.98,0.3358225141774032,0.8582456983391159,0.00039854705095017276,-15.580428338114318,-3.166753727259008,0.0,0.0003985470509501728,0.00039854705095017286,1.036920766197289,0.003240377394366528,0.003638924445316701,2.958457223028234e-35,0.003240377394366528,0.0,-0.00023730251232585492,2.710505431213761e-20,2.4103892322666787e-06,7.920889543236331e-06,0.05978983164396601,0.00018684322388739377,0.00019476411343063012,0.0004016471620288758,0.0005884903859162695,-1.0842021724855044e-19,-1.591754895821715e-05,0.0,0.0026518870084502586,0.0,4.7358027654520556e-05,0.00022138496336763776,0.0,ppo,ppo,noop,0.0
0.9825,0.33547845018930195,0.8587051283272941,0.00039362289295399736,-15.61209587538691,-3.166753727259008,0.0,0.0003936228929539974,0.0003936228929539974,1.0340515476179095,0.003231411086305967,0.0036250339792599645,3.641162902589643e-35,0.003231411086305967,-4.336808689942018e-19,-0.00023697516433474907,0.0,2.353777728297916e-06,7.844411724796043e-06,0.05964478383123687,0.00018638994947261522,0.00019423436119741125,0.00039675974922219763,0.0005831496986948129,-1.0842021724855044e-19,-1.5882763132751898e-05,-1.0164395367051604e-20,0.0026482613876111544,0.0,4.717431464648188e-05,0.00022109240120199718,0.0,ppo,ppo,noop,0.0
0.985,0.3351367488121284,0.8591618116258009,0.0003887663822949839,-15.643763412659498,-3.166753727259008,0.0,0.0003887663822949839,0.0003887663822949839,1.0311976563640388,0.003222492676137621,0.003611259058432605,4.875780922849779e-35,0.003222492676137621,0.0,-0.00023664600259498878,-2.710505431213761e-20,2.3448732784766128e-06,7.937149280937172e-06,0.05953694935704428,0.00018605296674076337,0.00019399011602170055,0.0003920137850189678,0.0005780667517597312,0.0,-1.5863801515796683e-05,0.0,0.00264442592437789,0.0,4.6988264622688635e-05,0.0002207822010791921,0.0,ppo,ppo,noop,0.0
0.9875,0.33479738954835236,0.8596157666822876,0.00038397659270035544,-15.675430949932087,-3.166753727259008,0.0,0.00038397659270035544,0.00038397659270035544,1.0283589942446218,0.003213621857014443,0.003597598449714799,3.1665297373040796e-35,0.003213621857014443,0.0,-0.00023631508119899497,2.710505431213761e-20,1.6596952890582383e-06,8.48930831890936e-06,0.06002629292461197,0.00018758216538941242,0.00019607147370832178,0.0003891465104411484,0.0005767286758305608,0.0,-1.6154764548284838e-05,-3.3881317890172014e-21,0.0026368931811838825,0.0,4.6771808822586804e-05,0.00022016031665071013,0.0,ppo,ppo,noop,0.0
0.99,0.3344603521076135,0.8600670118225818,0.0003792526104795581,-15.70709848720468,-3.166753727259008,0.0,0.00037925261047955813,0.000379252610479558,1.0255354635717404,0.0032047983236616886,0.0035840509341412466,5.174490928404103e-35,0.0032047983236616886,0.0,-0.00023598245328680184,0.0,1.3119993045767457e-06,8.441797372092513e-06,0.05985906277353108,0.0001870595711672846,0.00019550136853937713,0.0003850704092424971,0.0005721299804097817,1.0842021724855044e-19,-1.6166080248283398e-05,3.3881317890172014e-21,0.002632668343251907,0.0,4.6593366328160615e-05,0.00021981637303851843,0.0,ppo,ppo,noop,0.0
0.9925,0.3341256164044032,0.8605155652512639,0.0003745935343650482,-15.73876602447727,-3.166753727259008,0.0,0.0003745935343650482,0.0003745935343650482,1.0227269671630046,0.0031960217723843894,0.0035706153067494376,7.812132643581204e-35,0.0031960217723843894,0.0,-0.0002356481710604027,-5.421010862427522e-20,1.3341516113174912e-06,8.419069484855446e-06,0.05971306533872557,0.00018660332918351742,0.00019502239866837285,0.00038034430062726865,0.000566947629810786,0.0,-1.612216172286837e-05,0.0,0.0026290741425736034,0.0,4.6415209190846274e-05,0.00021952600933753432,0.0,ppo,ppo,noop,0.0
0.995,0.333793162555775,0.8609614450522455,0.0003699984753545696,-15.770433561749858,-3.166753727259008,0.0,0.0003699984753545695,0.00036999847535456947,1.0199334083437852,0.003187291901074329,0.0035572903764288983,3.102630534639169e-35,0.003187291901074329,-4.336808689942018e-19,-0.00023531228579792553,-2.710505431213761e-20,1.3639911278363778e-06,8.339955012724585e-06,0.05958310063997274,0.00018619718949991482,0.0001945371445126394,0.0003756104481116214,0.0005618076376115362,1.0842021724855044e-19,-1.607640955247451e-05,6.776263578034403e-21,0.002625484263462793,0.0,4.6238660575133324e-05,0.000219235876245451,0.0,ppo,ppo,noop,0.0
0.9975,0.33346297087908056,0.8614046691893532,0.0003654665565549,-15.802101099022453,-3.166753727259008,0.0,0.00036546655655490004,0.0003654665565549,1.0171546909492741,0.0031786084092164817,0.0035440749657713816,4.2192117220263336e-35,0.0031786084092164817,0.0,-0.00023497484786763682,-8.131516293641283e-20,1.3219346122088355e-06,8.208884660423554e-06,0.059415848059610664,0.00018567452518628334,0.0001938834098467069,0.0003710315719909059,0.0005567060971771892,0.0,-1.6028755779197336e-05,3.3881317890172014e-21,0.0026219023120392926,0.0,4.60659345282391e-05,0.0002189460920884395,0.0,ppo,ppo,noop,0.0
1.0,0.3331350218897331,0.8618452555069129,0.0003609969130270957,-15.833768636295037,-3.166753727259008,0.0,0.0003609969130270957,0.0003609969130270957,1.0143907193263957,0.0031699709978949865,0.003530967910922082,6.547541190719463e-35,0.0031699709978949865,-4.336808689942018e-19,-0.00023463590674177763,-2.710505431213761e-20,1.0798825957697049e-06,8.27560266591116e-06,0.059226808285364876,0.00018508377589176523,0.00019335937855767638,0.00036711275050146746,0.0005521965263932326,0.0,-1.6025974434638325e-05,0.0,0.002617774471501754,0.0,4.589291494717379e-05,0.0002186099323071393,0.0,ppo,ppo,noop,0.0
1.0025,0.33280929629899647,0.8622832217303381,0.00035658869163322494,-15.865436173567627,-3.166753727259008,0.0,0.000356588691633225,0.000356588691633225,1.0116413983355574,0.003161379369798617,0.003517968061431842,4.1702419757323575e-35,0.003161379369798617,0.0,-0.00023429551101022863,2.710505431213761e-20,1.1939812431928459e-06,8.262966339526668e-06,0.05914591725829855,0.00018483099143218296,0.00019309395777170963,0.0003624636954863659,0.0005472946869185489,0.0,-1.5984327113704428e-05,-3.3881317890172014e-21,0.002614084682880068,0.0,4.571781350919536e-05,0.0002183111838965242,0.0,ppo,ppo,noop,0.0
1.0050000000000001,0.3324857750118004,0.8627185854667201,0.0003522410508846047,-15.89710371084022,-3.166753727259008,0.0,0.0003522410508846047,0.0003522410508846047,1.0089066333522545,0.0031528332292257953,0.0035050742801104,3.678282305020005e-35,0.0031528332292257953,0.0,-0.00023395370839400796,0.0,1.2995182998296565e-06,8.363354588410874e-06,0.059033523260435435,0.00018447976018886073,0.00019284311477727161,0.00035800536887335623,0.000542485129062217,0.0,-1.5945357337394172e-05,0.0,0.002610348100163578,0.0,4.554397008576891e-05,0.0002180083510566138,0.0,ppo,ppo,noop,0.0
1.0075,0.3321644391245811,0.8631513642054206,0.0003479531607915351,-15.928771248112811,-3.166753727259008,0.0,0.00034795316079153516,0.00034795316079153506,1.0061863302685259,0.0031443322820891434,0.0034922854428806787,2.677156190957945e-35,0.0031443322820891434,0.0,-0.000233610545758601,0.0,1.333690167953323e-06,8.271189618913459e-06,0.05891016202127947,0.00018409425631649834,0.0001923654459354118,0.00035355697007454195,0.0005376512263910403,-1.0842021724855044e-19,-1.5899504553417084e-05,-6.776263578034403e-21,0.002606681055698103,0.0,4.53746885782926e-05,0.00021771104120518392,0.0,ppo,ppo,noop,0.0
1.01,0.3318452699231483,0.8635815753186667,0.0003437242027145419,-15.960438785385403,-3.166753727259008,0.0,0.0003437242027145419,0.0003437242027145418,1.003480395494272,0.0031358762359196,0.003479600438634142,4.3720641858919767e-35,0.0031358762359196,0.0,-0.0002332660691271234,-2.710505431213761e-20,1.398562524284918e-06,8.247963474030066e-06,0.05883678248510818,0.00018386494526596305,0.00019211290873999312,0.00034917504114000207,0.0005330399864059651,1.0842021724855044e-19,-1.586730574920717e-05,6.776263578034403e-21,0.002602836249513635,0.0,4.520373918520835e-05,0.0002173987633779162,0.0,ppo,ppo,noop,0.0
1.0125,0.3315282488805751,0.8640092360621477,0.0003395533692171266,-15.99210632265799,-3.166753727259008,0.0,0.0003395533692171266,0.0003395533692171265,1.0007887359584295,0.0031274647998700924,0.0034670181690872187,4.519192769141173e-35,0.0031274647998700924,0.0,-0.00023292032369331771,0.0,1.3717191497977295e-06,8.212402879567007e-06,0.05873341284698982,0.0001835419151468432,0.0001917543180264102,0.0003450223337970981,0.0005285642489439412,1.0842021724855044e-19,-1.5841808022396157e-05,1.0164395367051604e-20,0.0025989005509261514,0.0,4.5035660680015096e-05,0.00021707851567092154,0.0,ppo,ppo,noop,0.0
1.0150000000000001,0.3312133576551154,0.8644343635756139,0.00033543986392002074,-16.023773859930586,-3.166753727259008,0.0,0.00033543986392002074,0.0003354398639200208,0.9981112591100182,0.0031190976847188068,0.0034545375486388277,4.705708193394103e-35,0.0031190976847188068,4.336808689942018e-19,-0.0002325733538343858,-2.710505431213761e-20,1.3890578514845143e-06,8.37566590769071e-06,0.058578032491997174,0.00018305635153749116,0.00019143201744518186,0.0003410374141247424,0.0005240937656622336,-1.0842021724855044e-19,-1.5811841589056336e-05,-3.3881317890172014e-21,0.0025950039190565733,0.0,4.486848087622638e-05,0.00021676151224532948,0.0,ppo,ppo,noop,0.0
1.0175,0.33090057808814366,0.8648569748834769,0.0003313829013569552,-16.05544139720317,-3.166753727259008,0.0,0.0003313829013569553,0.0003313829013569553,0.995447872919052,0.0031107746028720376,0.003442157504228993,4.921031793771994e-35,0.0031107746028720376,0.0,-0.00023222520312365626,-5.421010862427522e-20,1.4433338103329033e-06,8.320705827261169e-06,0.05848375579327681,0.00018276173685399002,0.0001910824426812512,0.0003368169395635506,0.0005195786764175406,0.0,-1.5773309393724416e-05,-3.3881317890172014e-21,0.002591195926454497,0.0,4.470305904353383e-05,0.00021645189372993185,0.0,ppo,ppo,noop,0.0
1.02,0.33058989220212015,0.8652770868954117,0.0003273817068319301,-16.087108934475758,-3.166753727259008,0.0,0.0003273817068319301,0.0003273817068319301,0.9927984858773253,0.0031024952683666417,0.0034298769751985717,3.747318327063446e-35,0.0031024952683666417,0.0,-0.00023187591434308886,-2.710505431213761e-20,1.3605649875103105e-06,8.249513791524754e-06,0.058359401616911624,0.00018237313005284883,0.0001906226438443736,0.00033291009064843424,0.000515283220701283,-1.0842021724855044e-19,-1.5748834591700354e-05,-3.3881317890172014e-21,0.002587212047665359,0.0,4.45405211784351e-05,0.0002161270797513885,0.0,ppo,ppo,noop,0.0
1.0225,0.33028128219857916,0.8656947164069603,0.0003234355162779974,-16.118776471748347,-3.166753727259008,0.0,0.0003234355162779974,0.0003234355162779974,0.9901630069990774,0.003094259396872117,0.0034176949131501143,3.8092483310866853e-35,0.003094259396872117,0.0,-0.00023152552949561725,-2.710505431213761e-20,1.2896505035111467e-06,8.19700767995012e-06,0.058249359399044166,0.000182029248122013,0.00019022625580196313,0.0003290532229509252,0.0005110824710729382,0.0,-1.5727660356951894e-05,0.0,0.002583176925799179,0.0,4.437846534429224e-05,0.00021579786913866536,0.0,ppo,ppo,noop,0.0
1.025,0.3299747304561418,0.8661098801001361,0.00031954357611754753,-16.150444009020937,-3.166753727259008,0.0,0.0003195435761175475,0.0003195435761175475,0.9875413458215356,0.003086066705692299,0.0034056102818098466,3.175503278682433e-35,0.003086066705692299,0.0,-0.0002311740898173303,-2.710505431213761e-20,1.3714329987674512e-06,8.22129803066697e-06,0.058156645356227256,0.00018173951673821018,0.00018996081476887715,0.0003250220081506796,0.0005067615248888897,1.0842021724855044e-19,-1.5691505084545453e-05,0.0,0.002579305180803409,0.0,4.4215948652999006e-05,0.00021548258473278486,0.0,ppo,ppo,noop,0.0
1.0275,0.32967021952855174,0.8665225945440311,0.00031570514312409705,-16.182111546293527,-3.166753727259008,0.0,0.00031570514312409705,0.0003157051431240971,0.9849334124053419,0.0030779169137666934,0.0033936220568907905,3.521083703746864e-35,0.0030779169137666934,0.0,-0.00023082163578949335,-2.710505431213761e-20,1.3363375983413306e-06,8.278103103304341e-06,0.058000736040715956,0.00018125230012723737,0.0001895304032305417,0.00032131057103071875,0.0005025628711579561,0.0,-1.566138937408795e-05,-6.776263578034403e-21,0.002575354042608737,0.0,4.405702595690889e-05,0.0002151602464154054,0.0,ppo,ppo,noop,0.0
1.03,0.3293677321427342,0.8669328761954213,0.000311919484285581,-16.21377908356612,-3.166753727259008,0.0,0.000311919484285581,0.00031191948428558106,0.9823391173348691,0.003069809741671466,0.0033817292259570473,4.8115904263266526e-35,0.003069809741671466,4.336808689942018e-19,-0.00023046820715041103,0.0,1.3570856565663082e-06,8.244260819695405e-06,0.05791149613481434,0.0001809734254212948,0.0001892176862409902,0.0003174495737921438,0.0004984229992134387,-1.0842021724855044e-19,-1.563164675441172e-05,-1.0164395367051604e-20,0.0025713867424580275,0.0,4.3897796622741626e-05,0.00021483656039599931,0.0,ppo,ppo,noop,0.0
1.0325,0.3290672511968776,0.8673407413993753,0.0003081858766691353,-16.245446620838713,-3.166753727259008,0.0,0.0003081858766691353,0.0003081858766691353,0.9797583717184234,0.003061744911620073,0.0033699307882892084,3.7703133247296474e-35,0.003061744911620073,-4.336808689942018e-19,-0.00023011384290713168,0.0,6.005426079631521e-07,8.059789046641158e-06,0.058861184329203876,0.00018394120102876212,0.00019200099007540329,0.0003150445804998501,0.0004989857815286122,1.0842021724855044e-19,-1.5993586855704427e-05,6.776263578034403e-21,0.002562759130091461,0.0,4.369729419231715e-05,0.00021412025605142726,0.0,ppo,ppo,noop,0.0
1.035,0.3287687597585379,0.8677462063898644,0.0003045036072873795,-16.277114158111303,-3.166753727259008,0.0,0.0003045036072873795,0.0003045036072873795,0.9771910871883441,0.0030537221474635752,0.0033582257547509547,2.7884004112448465e-35,0.0030537221474635752,0.0,-0.00022975858134699592,2.710505431213761e-20,6.357380153442226e-07,7.883082065515965e-06,0.058729813734519694,0.00018353066792037404,0.00019141374998589,0.00031111521332220695,0.000494645881242581,0.0,-1.5938374577624498e-05,0.0,0.0025590762662209944,0.0,4.354442187544845e-05,0.00021382020676937144,0.0,ppo,ppo,noop,0.0
1.0375,0.32847224106276574,0.8681492872903702,0.00030087197296617884,-16.30878169538389,-3.166753727259008,0.0,0.0003008719729661789,0.0003008719729661789,0.9746371759009981,0.003045741174690619,0.003346613147656798,6.998834047596805e-35,0.003045741174690619,0.0,-0.00022940246004902996,-2.710505431213761e-20,8.061512434554931e-07,7.825272859163734e-06,0.05854714500318324,0.00018295982813494761,0.00019078510099411136,0.00030708494333843157,0.0004900447714733791,1.0842021724855044e-19,-1.5856703910823566e-05,6.776263578034403e-21,0.0025556964032172396,0.0,4.3393389826576424e-05,0.0002135457561382064,0.0,ppo,ppo,noop,0.0
1.04,0.32817767851025514,0.8685500001144958,0.00029729028021390207,-16.340449232656482,-3.166753727259008,0.0,0.0002972902802139021,0.00029729028021390207,0.9720965505366762,0.003037801720427113,0.003335092000641015,4.6341509098708916e-35,0.003037801720427113,-4.336808689942018e-19,-0.00022904551589518425,-5.421010862427522e-20,8.988408289100033e-07,7.7248011444807e-06,0.05838783556374883,0.0001824619861367151,0.00019018678728119579,0.0003032173997005628,0.00048567938583727785,0.0,-1.5790789307004254e-05,0.0,0.0025521223345898354,0.0,4.3243198258305375e-05,0.00021325472658818,0.0,ppo,ppo,noop,0.0
1.0425,0.3278850556655136,0.8689483607665761,0.00029375784509213946,-16.37211676992907,-3.166753727259008,0.0,0.00029375784509213946,0.0002937578450921394,0.9695691242993877,0.0030299035134355866,0.003323661358527726,5.856900910304722e-35,0.0030299035134355866,0.0,-0.00022868778508141995,0.0,7.105661233783021e-07,7.863869866256119e-06,0.05814477924013904,0.0001817024351254345,0.0001895663049916906,0.00030020058271163896,0.00048190301783707345,0.0,-1.577078021361669e-05,0.0,0.002548000495598513,0.0,4.3094555977298614e-05,0.00021291700486780326,0.0,ppo,ppo,noop,0.0
1.045,0.32759435625505523,0.8693443850422891,0.00029027399308790875,-16.403784307201665,-3.166753727259008,0.0,0.00029027399308790875,0.00029027399308790875,0.9670548109165661,0.003022046284114269,0.0033123202772021776,3.23757165329667e-35,0.003022046284114269,-4.336808689942018e-19,-0.0002283293031286431,-8.131516293641283e-20,7.207266758648924e-07,7.763355490092033e-06,0.05802513036719327,0.00018132853239747896,0.00018909188788757098,0.000296595895226271,0.00047792442762375,-5.421010862427522e-20,-1.5729281950471286e-05,-6.776263578034403e-21,0.002544121856490519,0.0,4.2945136747320725e-05,0.0002126000211781718,0.0,ppo,ppo,noop,0.0
1.0475,0.3273055641656134,0.8697380886292662,0.000286838058987316,-16.43545184447425,-3.166753727259008,0.0,0.000286838058987316,0.0002868380589873159,0.9645535246386797,0.003014229764495874,0.00330106782348319,2.556197496656685e-35,0.003014229764495874,0.0,-0.00022797010489349003,-5.421010862427522e-20,4.7436951794685083e-07,7.602168690062293e-06,0.05781935962792618,0.0001806854988372693,0.0001882876675273316,0.00029349148864148453,0.0004741769874787538,5.421010862427522e-20,-1.5703743885579517e-05,6.776263578034403e-21,0.00254005277701712,0.0,4.280147104170198e-05,0.0002122663610079105,0.0,ppo,ppo,noop,0.0
1.05,0.327018663442376,0.870129487107705,0.0002834493867506789,-16.46711938174684,-3.166753727259008,0.0,0.0002834493867506789,0.00028344938675067897,0.9620651802387558,0.0030064536882461117,0.0032899030749967907,3.9849344175941386e-35,0.0030064536882461117,4.336808689942018e-19,-0.00022761022457896236,0.0,4.7069704340196496e-07,7.54365963349284e-06,0.057698589991559315,0.00018030809372362287,0.0001878517533571157,0.00029005165229736786,0.0004703597460209907,0.0,-1.5667824985325152e-05,0.0,0.002536093942225121,0.0,4.2653947005860035e-05,0.00021194239959363722,0.0,ppo,ppo,noop,0.0
1.0525,0.32673363828724056,0.8705185959509795,0.00028010732938909893,-16.49878691901943,-3.166753727259008,0.0,0.00028010732938909893,0.00028010732938909893,0.9595896930118156,0.0029987177906619237,0.0032788251200510225,5.29834437428556e-35,0.0029987177906619237,0.0,-0.00022724969574491487,-5.421010862427522e-20,5.867555954721806e-07,7.557010739166244e-06,0.05757511229316373,0.00017992222591613666,0.0001874792366553029,0.00028649082893732083,0.0004664130548534575,0.0,-1.561686649828147e-05,0.0,0.0025323047358084662,0.0,4.250674467160245e-05,0.0002116328292466334,0.0,ppo,ppo,noop,0.0
1.055,0.3264504730570901,0.870905430526252,0.00027681124884248044,-16.53045445629202,-3.166753727259008,0.0,0.00027681124884248044,0.00027681124884248044,0.9571269787742314,0.002991021808669473,0.0032678330575119535,3.3692507726355786e-35,0.002991021808669473,4.336808689942018e-19,-0.00022688855131839828,0.0,6.865985518563038e-07,7.518426594318069e-06,0.05748091486497625,0.0001796278589530508,0.00018714628554736886,0.0002829564783330859,0.00046258433728613667,0.0,-1.5571981494892553e-05,3.3881317890172014e-21,0.002528437471383336,0.0,4.236017934209241e-05,0.00021131656982350573,0.0,ppo,ppo,noop,0.0
1.0575,0.32616915226208976,0.8712900060950843,0.0002735605158589793,-16.562121993564613,-3.166753727259008,0.0,0.0002735605158589793,0.00027356051585897934,0.9546769538629953,0.0029833654808218606,0.0032569259966808398,3.0064499353553286e-35,0.0029833654808218606,0.0,-0.0002265268236038551,-2.710505431213761e-20,7.64472933214005e-07,7.4990726219982745e-06,0.05740633852207833,0.00017939480788149479,0.00018689388050349305,0.0002795306426145496,0.00045892545049604433,0.0,-1.5537583424854544e-05,0.0,0.0025244400303258163,0.0,4.221367527875076e-05,0.00021098924017900054,0.0,ppo,ppo,noop,0.0
1.06,0.3258896605640028,0.8716723378140488,0.0002703545098758864,-16.593789530837203,-3.166753727259008,0.0,0.0002703545098758864,0.0002703545098758864,0.9522395351349195,0.0029757485472966237,0.00324610305717251,5.127040522380937e-35,0.0029757485472966237,-4.336808689942018e-19,-0.00022616454429317433,-5.421010862427522e-20,7.749456210347706e-07,7.4608143906089435e-06,0.05727951132851865,0.00017899847290162079,0.00018645928729222973,0.0002762654330244258,0.0004552639059260466,0.0,-1.549937058461138e-05,0.0,0.0025204846413705772,0.0,4.207083303454205e-05,0.00021066517370856296,0.0,ppo,ppo,noop,0.0
1.0625,0.32561198277452724,0.8720524407353388,0.00026719261890192377,-16.625457068109792,-3.166753727259008,0.0,0.00026719261890192377,0.00026719261890192377,0.9498146399657517,0.002968170749892974,0.003235363368794898,4.476402787284148e-35,0.002968170749892974,4.336808689942018e-19,-0.00022580174447560232,0.0,7.748295584953713e-07,7.4677329483769095e-06,0.0571901637856563,0.00017871926183017593,0.00018618699477855285,0.00027311069273330997,0.0004518299545634859,-5.421010862427522e-20,-1.5476563698987098e-05,-6.776263578034403e-21,0.002516340795329488,0.0,4.192690383989751e-05,0.00021032518077661522,0.0,ppo,ppo,noop,0.0
1.065,0.3253361038536513,0.8724303298073796,0.0002640742394009527,-16.65712460538238,-3.166753727259008,0.0,0.0002640742394009527,0.0002640742394009527,0.9474021862492236,0.0029606318320288235,0.003224706071429776,3.922103940076918e-35,0.0029606318320288235,0.0,-0.00022543845464751387,-5.421010862427522e-20,7.49939045470644e-07,7.4061082897788e-06,0.057073874645804865,0.0001783558582681402,0.00018576196655791901,0.0002699804695997902,0.0004483363278679304,0.0,-1.5445164447814075e-05,0.0,0.002512295504160893,0.0,4.178620769383633e-05,0.00020999329019969978,0.0,ppo,ppo,noop,0.0
1.0675000000000001,0.32506200890802905,0.8728060198754376,0.00026099877617708395,-16.688792142654975,-3.166753727259008,0.0,0.00026099877617708395,0.00026099877617708395,0.945002092396026,0.002953131538737581,0.003214130314914665,2.2338713776668914e-35,0.002953131538737581,4.336808689942018e-19,-0.00022507470472204414,0.0,8.053387926900511e-07,7.398167410819873e-06,0.056963552563894675,0.00017801110176217085,0.0001854092691729907,0.0002667862660025237,0.00044479736776469454,0.0,-1.5406179435301007e-05,3.3881317890172014e-21,0.0025083341709728865,0.0,4.164563818767287e-05,0.00020966852528674312,0.0,ppo,ppo,noop,0.0
1.07,0.3247896831893745,0.8731795256822299,0.00025796564226117824,-16.720459679927558,-3.166753727259008,0.0,0.00025796564226117824,0.00025796564226117824,0.9426142773327156,0.0029456696166647364,0.0032036352589259144,3.162575055350688e-35,0.0029456696166647364,-4.336808689942018e-19,-0.00022471052403858185,-8.131516293641283e-20,8.253249775388776e-07,7.492629606553674e-06,0.05683217655570639,0.00017760055173658245,0.00018509318134313612,0.0002638076219126541,0.00044140817364923655,5.421010862427522e-20,-1.5376283752411036e-05,3.3881317890172014e-21,0.0025042614430155,0.0,4.150567494290154e-05,0.00020933424028617083,0.0,ppo,ppo,noop,0.0
1.0725,0.32451911209287493,0.8735508618685326,0.00025497425879872625,-16.75212721720015,-3.166753727259008,0.0,0.0002549742587987263,0.00025497425879872625,0.9402386605005563,0.0029382458140642382,0.0031932200728629644,2.3478967058352834e-35,0.0029382458140642382,-4.336808689942018e-19,-0.00022434594137212728,-2.710505431213761e-20,5.313836043221071e-07,7.451807852350776e-06,0.056605304252321645,0.00017689157578850513,0.0001843433836408559,0.00026136329944243284,0.00043825487523093797,0.0,-1.536339732245958e-05,-3.3881317890172014e-21,0.0024999909388333003,0.0,4.137277354309196e-05,0.0002089825440496677,0.0,ppo,ppo,noop,0.0
1.075,0.32425028115562277,0.873920042973789,0.0002520240549391064,-16.78379475447274,-3.166753727259008,0.0,0.0002520240549391064,0.0002520240549391063,0.9378751618542959,0.0029308598807946747,0.003182883935733781,5.728296524852534e-35,0.0029308598807946747,-4.336808689942018e-19,-0.0002239809849425143,-2.710505431213761e-20,5.117900347621522e-07,7.415253433030086e-06,0.05645827794508075,0.00017643211857837734,0.00018384737201140741,0.0002584157283026122,0.0004348478468809895,-5.421010862427522e-20,-1.532514696444927e-05,-3.3881317890172014e-21,0.002496012033913685,0.0,4.123746946586127e-05,0.00020865583797806503,0.0,ppo,ppo,noop,0.0
1.0775000000000001,0.32398317605506644,0.8742870834367167,0.00024911446772619684,-16.815462291745334,-3.166753727259008,0.0,0.00024911446772619684,0.00024911446772619684,0.9355237018608809,0.0029235115683152527,0.0031726260360414493,4.840959664452919e-35,0.0029235115683152527,-4.336808689942018e-19,-0.00022361568242349933,-8.131516293641283e-20,6.119427075313095e-07,7.458896028914786e-06,0.056341237201935,0.00017606636625604687,0.00018352526228496166,0.00025534947834004903,0.0004314158445960959,-5.421010862427522e-20,-1.5281118155616565e-05,0.0,0.002492095723719157,0.0,4.1100849979358954e-05,0.00020833456426788276,0.0,ppo,ppo,noop,0.0
1.08,0.3237177826074787,0.8746519975959126,0.0002462449419903471,-16.847129829017927,-3.166753727259008,0.0,0.0002462449419903471,0.0002462449419903471,0.9331842014981142,0.002916200629681607,0.0031624455716719544,5.849713100852594e-35,0.002916200629681607,4.336808689942018e-19,-0.00022325006095171886,2.710505431213761e-20,7.289020458608999e-07,7.415401037516744e-06,0.056238219559451345,0.00017574443612328547,0.0001831598371608022,0.00025220253893614206,0.0004279469750594275,-5.421010862427522e-20,-1.5230601030583882e-05,-1.6940658945086007e-21,0.0024882536546221795,0.0,4.096589084412141e-05,0.00020801945992113496,0.0,ppo,ppo,noop,0.0
1.0825,0.32345408676644355,0.87501479969046,0.00024341493024168401,-16.878797366290513,-3.166753727259008,0.0,0.00024341493024168401,0.000243414930241684,0.9308565822532492,0.0029089268195414035,0.0031523417497830875,3.0236976232569554e-35,0.0029089268195414035,0.0,-0.00022288414713551389,0.0,7.408391377699396e-07,7.439684873483414e-06,0.056104964482181156,0.00017532801400681612,0.00018276769888029955,0.0002493729368396275,0.00042470095084644365,5.421010862427522e-20,-1.5195698290697634e-05,1.6940658945086007e-21,0.0024842258686949598,0.0,4.083235287359232e-05,0.00020768844884481625,0.0,ppo,ppo,noop,0.0
1.085,0.3231920746213606,0.8753755038605315,0.0002406238925647523,-16.910464903563103,-3.166753727259008,0.0,0.00024062389256475236,0.00024062389256475234,0.9285407661215358,0.0029016898941297995,0.003142313786694552,2.7405274589482774e-35,0.0029016898941297995,0.0,-0.00022251796706362887,-2.710505431213761e-20,7.357909155457653e-07,7.387848079471431e-06,0.05601095747974358,0.0001750342421241987,0.00018242209020367012,0.00024654015881313225,0.00042157440093733094,0.0,-1.5167583688123556e-05,-1.6940658945086007e-21,0.0024801154931924684,0.0,4.0699218186523656e-05,0.0002073503833755053,0.0,ppo,ppo,noop,0.0
1.0875000000000001,0.32293173239596756,0.8757341241479925,0.000237871296514474,-16.942132440835692,-3.166753727259008,0.0,0.000237871296514474,0.000237871296514474,0.9262366756047057,0.002894489611264705,0.0031323609077791793,3.2177637094367706e-35,0.002894489611264705,4.336808689942018e-19,-0.00022215154631377907,0.0,8.335743864085312e-07,7.3868336835486966e-06,0.05590127641585958,0.0001746914887995612,0.0001820783224831099,0.00024359098142520566,0.00041828247022476686,0.0,-1.5122142027335776e-05,-1.6940658945086007e-21,0.002476207141039938,0.0,4.0567090611193834e-05,0.00020702940428644328,0.0,ppo,ppo,noop,0.0
1.09,0.32267304644687933,0.8760906744970023,0.00023515661701341587,-16.973799978108282,-3.166753727259008,0.0,0.00023515661701341587,0.0002351566170134159,0.9239442337094129,0.0028873257303419155,0.0031224823473553313,3.006206883355098e-35,0.0028873257303419155,0.0,-0.00022178490996109475,-5.421010862427522e-20,9.285038743255367e-07,7.33607062990303e-06,0.05577146471764901,0.00017428582724265317,0.0001816218978725562,0.0002406356798946678,0.00041492150713732097,5.421010862427522e-20,-1.5067741378027959e-05,0.0,0.0024724042232045947,0.0,4.043753399204356e-05,0.00020671716858306678,0.0,ppo,ppo,noop,0.0
1.0925,0.3224160032621451,0.876445168754616,0.0002324793362503559,-17.005467515380875,-3.166753727259008,0.0,0.00023247933625035596,0.000232479336250356,0.9216633639456175,0.002880198012330055,0.003112677348580411,5.765390860824754e-35,0.002880198012330055,0.0,-0.00022141808258643818,-2.710505431213761e-20,1.0969075655703618e-06,6.796224188956684e-06,0.05630335508386736,0.0001759479846370855,0.00018274420882604216,0.00023708174530817194,0.00041302972994525743,-5.421010862427522e-20,-1.5133197457837762e-05,-1.0164395367051604e-20,0.0024671682823847975,0.0,4.028728087185156e-05,0.00020628488512860042,0.0,ppo,ppo,noop,0.0
1.095,0.3221605894598216,0.8767976206713836,0.00022983894358013555,-17.03713505265346,-3.166753727259008,0.0,0.00022983894358013553,0.00022983894358013553,0.9193939903249272,0.0028731062197653976,0.003102945163345533,2.6914578786625026e-35,0.0028731062197653976,0.0,-0.00022105108828459843,-5.421010862427522e-20,1.228973898193425e-06,6.928173011182165e-06,0.05615232922186529,0.00017547602881832903,0.0001824042018295112,0.00023430916879493084,0.00040978519761325987,0.0,-1.5082242976670616e-05,0.0,0.002463321022152138,0.0,4.0158136176516126e-05,0.00020596884530792783,0.0,ppo,ppo,noop,0.0
1.0975,0.3219067917865644,0.8771480439019472,0.00022723493542478785,-17.068802589926054,-3.166753727259008,0.0,0.00022723493542478785,0.00022723493542478785,0.917136037358888,0.002866050116746525,0.0030932850521713127,2.72713175593993e-35,0.002866050116746525,0.0,-0.0002206839506723638,0.0,1.191311909485226e-06,6.837224134275662e-06,0.05599864933233317,0.00017499577916354117,0.00018183300329781683,0.0002316895357400931,0.00040668531490363426,0.0,-1.5040761239443914e-05,-3.3881317890172014e-21,0.0024593648018428906,0.0,4.003316145559814e-05,0.00020564318943291988,0.0,ppo,ppo,noop,0.0
1.1,0.3216545971162336,0.8774964520056387,0.0002246668151759289,-17.10047012719864,-3.166753727259008,0.0,0.00022466681517592892,0.00022466681517592892,0.914889430057235,0.002859029468928859,0.0030836962841047882,6.262536588184272e-35,0.002859029468928859,0.0,-0.00022031669289647384,2.710505431213761e-20,1.268365797062194e-06,6.82011443916388e-06,0.05592406166330113,0.00017476269269781604,0.00018158280713697993,0.0002289501980209684,0.0004037128907187844,0.0,-1.5006687826730016e-05,1.6940658945086007e-21,0.002455316578210075,0.0,3.9904753860147697e-05,0.00020531000506974383,0.0,ppo,ppo,noop,0.0
1.1025,0.3214039924485185,0.8778428584470744,0.00022213409309840363,-17.13213766447124,-3.166753727259008,0.0,0.00022213409309840363,0.00022213409309840358,0.912654093926097,0.002852044043519053,0.003074178136617457,5.652028836184141e-35,0.002852044043519053,0.0,-0.00021994933764145206,-2.710505431213761e-20,1.2618596328346953e-06,6.776156900818526e-06,0.05580087622348693,0.00017437773819839664,0.00018115389509921516,0.00022638653073355278,0.0004007642689319494,0.0,-1.4971837651095501e-05,-3.3881317890172014e-21,0.002451279774587104,0.0,3.977977470055576e-05,0.00020497749999035656,0.0,ppo,ppo,noop,0.0
1.105,0.3211549649075763,0.8781872765967489,0.00021963628623516973,-17.16380520174382,-3.166753727259008,0.0,0.00021963628623516973,0.00021963628623516973,0.9104299549661599,0.0028450936092692496,0.0030647298955044193,6.277087569309715e-35,0.0028450936092692496,0.0,-0.00021958190713732077,-2.710505431213761e-20,1.4864356599236057e-06,6.768284052554202e-06,0.05568505328327425,0.00017401579151023202,0.00018078407556278622,0.0002234316989678767,0.00039744749047810875,-5.421010862427522e-20,-1.4902657299989435e-05,0.0,0.002447646118791141,0.0,3.9654944234301306e-05,0.00020467924983733133,0.0,ppo,ppo,noop,0.0
1.1075,0.32090750174068794,0.8785297197316269,0.0002171729183134122,-17.195472739016413,-3.166753727259008,0.0,0.0002171729183134122,0.0002171729183134122,0.9082169396707936,0.0028381779364712303,0.0030553508547846425,4.0941525352722085e-35,0.0028381779364712303,0.0,-0.00021921442316720036,-2.710505431213761e-20,1.4601066666218614e-06,6.67401682233802e-06,0.0555775551681725,0.00017367985990053905,0.00018035387672287706,0.00022092672180250647,0.0003946065817030455,0.0,-1.4871069131091414e-05,0.0,0.0024435713547681847,0.0,3.953189551984421e-05,0.00020434335403610895,0.0,ppo,ppo,noop,0.0
1.11,0.3206615903169292,0.8788702010357342,0.00021474351965187715,-17.227140276289003,-3.166753727259008,0.0,0.00021474351965187718,0.00021474351965187718,0.9060149750241385,0.002831296796950433,0.00304604031660231,3.1762717350551067e-35,0.002831296796950433,0.0,-0.00021884690707479272,0.0,1.5905920114364371e-06,6.645820871816669e-06,0.055463793139663126,0.00017332435356144727,0.00017997017443326395,0.00021820815650082096,0.00039153251006226824,0.0,-1.4816720387701122e-05,-1.6940658945086007e-21,0.0024397642868881648,0.0,3.940914939296943e-05,0.0002040301866870916,0.0,ppo,ppo,noop,0.0
1.1125,0.3204172181258579,0.8792087336007457,0.00021234762706940873,-17.25880781356159,-3.166753727259008,0.0,0.00021234762706940873,0.0002123476270694087,0.9038239884991558,0.002824449964059862,0.003036797591129271,2.844472932628581e-35,0.002824449964059862,4.336808689942018e-19,-0.00021847937977175218,0.0,1.5922409466007071e-06,6.547285666395235e-06,0.055285529079984415,0.00017276727837495129,0.00017931456404134653,0.00021571043084260257,0.00038847770921755385,-5.421010862427522e-20,-1.476147944337347e-05,-1.6940658945086007e-21,0.002435972254842308,0.0,3.929107450844116e-05,0.0002037179003283787,0.0,ppo,ppo,noop,0.0
1.115,0.3201743727762157,0.8795453304265735,0.00020998478379468158,-17.290475350834182,-3.166753727259008,0.0,0.00020998478379468158,0.00020998478379468158,0.901643908055645,0.0028176372126738907,0.003027621996468572,3.784863872927227e-35,0.0028176372126738907,0.0,-0.00021811186174494396,-5.421010862427522e-20,1.7620672308070686e-06,6.609664363729925e-06,0.05511090846743168,0.00017222158896072398,0.0001788312533244539,0.00021307031369679737,0.0003852919026575214,0.0,-1.4692092443340586e-05,-5.082197683525802e-21,0.002432345310016369,0.0,3.917155352691754e-05,0.00020341976930160336,0.0,ppo,ppo,noop,0.0
1.1175,0.3199330419946458,0.8798800044219514,0.00020765453937711457,-17.32214288810677,-3.166753727259008,0.0,0.00020765453937711452,0.00020765453937711452,0.8994746621382232,0.0028108583191819476,0.003018512858559062,2.8761771883141343e-35,0.0028108583191819476,0.0,-0.00021774437306359168,-5.421010862427522e-20,1.7441361325409853e-06,6.59846480149459e-06,0.055004569705165145,0.00017188928032864107,0.00017848774513013567,0.00021076473191352718,0.0003826540122421683,0.0,-1.4666344015708711e-05,-3.3881317890172014e-21,0.0024282043069397794,0.0,3.905102402350908e-05,0.00020307802904788298,0.0,ppo,ppo,noop,0.0
1.12,0.3196932136244255,0.8802127684050184,0.00020535644959895612,-17.35381042537937,-3.166753727259008,0.0,0.0002053564495989561,0.0002053564495989561,0.8973161796742796,0.0028041130614821237,0.0030094695110810797,4.28192188000423e-35,0.0028041130614821237,0.0,-0.0002173769333863165,-2.710505431213761e-20,1.8455991478861567e-06,6.651754207296735e-06,0.05491645745773742,0.00017161392955542944,0.00017826568376272617,0.00020831700551048054,0.00037993093506591,-5.421010862427522e-20,-1.4630479625604217e-05,-1.6940658945086007e-21,0.002424182126416214,0.0,3.892972923136328e-05,0.00020274645376071229,0.0,ppo,ppo,noop,0.0
1.1225,0.3194548756242133,0.8805436351039007,0.0002030900763885277,-17.385477962651954,-3.166753727259008,0.0,0.00020309007638852773,0.0002030900763885277,0.8951683900718929,0.0027974012189746654,0.003000491295363193,3.5547778701593843e-35,0.0027974012189746654,0.0,-0.00021700956196806767,-2.710505431213761e-20,1.919169176249557e-06,6.635418256519727e-06,0.054842439456013366,0.00017138262330004177,0.0001780180415565615,0.00020588715629254832,0.0003772697795925901,0.0,-1.4597212570117361e-05,-1.6940658945086007e-21,0.0024201314393820753,0.0,3.8809681759130325e-05,0.0002024123493979503,0.0,ppo,ppo,noop,0.0
1.125,0.3192180160668111,0.8808726171572915,0.0002008549877346125,-17.41714549992454,-3.166753727259008,0.0,0.0002008549877346125,0.0002008549877346125,0.8930312232177227,0.002790722572555383,0.0029915775602899954,3.0622066129555135e-35,0.002790722572555383,-4.336808689942018e-19,-0.00021664227766694688,-5.421010862427522e-20,2.033921229106919e-06,6.64609493669459e-06,0.054747155700203526,0.00017108486156313602,0.00017773095649983061,0.00020343324021309327,0.00037451810177622927,0.0,-1.4553638027801224e-05,1.6940658945086007e-21,0.002416204470779154,0.0,3.8691063259792925e-05,0.00020208863963914567,0.0,ppo,ppo,noop,0.0
1.1275,0.31898262313794046,0.8811997271150287,0.00019865075760198015,-17.448813037197134,-3.166753727259008,0.0,0.0001986507576019802,0.00019865075760198023,0.8909046094748728,0.0027840769046089775,0.0029827276622109576,5.202603996782639e-35,0.0027840769046089775,0.0,-0.0002162750989509279,-5.421010862427522e-20,2.039919813088994e-06,6.561247483546951e-06,0.05456825704965539,0.0001705258032801731,0.00017708705076372006,0.00020113216545934915,0.00037165796873952226,0.0,-1.4498638858863893e-05,-3.3881317890172014e-21,0.0024124189358694552,0.0,3.857822890399617e-05,0.000201776460092064,0.0,ppo,ppo,noop,0.0
1.1300000000000001,0.31874868513503335,0.88152497743867,0.0001964769658480322,-17.480480574469723,-3.166753727259008,0.0,0.0001964769658480322,0.00019647696584803215,0.888788479680726,0.002777463999002269,0.0029739409648503012,3.9276281236212097e-35,0.002777463999002269,0.0,-0.0002159080439044716,0.0,2.0852653618792344e-06,6.5426442072260915e-06,0.05448695904308447,0.00017027174700963896,0.00017681439121686505,0.00019884907933149983,0.00036912082634113876,5.421010862427522e-20,-1.4468072730470917e-05,1.6940658945086007e-21,0.00240834317266113,0.0,3.846115884935767e-05,0.00020143997117400068,0.0,ppo,ppo,noop,0.0
1.1325,0.31851619046603724,0.881848380502068,0.00019433319814056243,-17.512148111742317,-3.166753727259008,0.0,0.00019433319814056243,0.00019433319814056243,0.8866827651447579,0.0027708836410773683,0.002965216839217931,3.780120303780921e-35,0.0027708836410773683,4.336808689942018e-19,-0.00021554113023503982,5.421010862427522e-20,2.217191383596636e-06,6.315541587070783e-06,0.0543323594081358,0.00016978862315042436,0.00017610416473749514,0.00019621435696043991,0.00036600298011086425,5.421010862427522e-20,-1.4386106147657422e-05,3.3881317890172014e-21,0.002404880660966504,0.0,3.8350965820829146e-05,0.0002011550240873824,0.0,ppo,ppo,noop,0.0
1.135,0.3182851276482338,0.8821699485919411,0.00019221904587660984,-17.543815649014903,-3.166753727259008,0.0,0.00019221904587660984,0.00019221904587660984,0.8845873976463197,0.002764335617644749,0.0029565546635213586,2.1302412397713407e-35,0.002764335617644749,0.0,-0.000215174375279507,-8.131516293641283e-20,2.2880305983667155e-06,6.30035831997823e-06,0.05425865337403841,0.00016955829179387004,0.00017585865011384826,0.00019394334299985464,0.00036350163479372465,0.0,-1.4353481688340158e-05,0.0,0.0024008339828510243,0.0,3.8235234719648946e-05,0.00020082089359116685,0.0,ppo,ppo,noop,0.0
1.1375,0.31805548530707145,0.8824896939084427,0.00019013410610240443,-17.57548318628749,-3.166753727259008,0.0,0.00019013410610240446,0.00019013410610240443,0.8825023094324049,0.0027578197169762656,0.00294795382307867,4.526842106435598e-35,0.0027578197169762656,0.0,-0.00021480779601047348,-2.710505431213761e-20,2.2886416796906813e-06,6.226601749126309e-06,0.05416347163436009,0.00016926084885737528,0.0001754874506065016,0.0001917834244921494,0.0003610442733495247,0.0,-1.4322259693355168e-05,-1.6940658945086007e-21,0.0023967754436267407,0.0,3.8122075190054905e-05,0.00020048553631711832,0.0,ppo,ppo,noop,0.0
1.1400000000000001,0.31782725217501184,0.8828076285657303,0.0001880779814343827,-17.607150723560082,-3.166753727259008,0.0,0.0001880779814343827,0.0001880779814343827,0.8804274332153901,0.002751335728798094,0.0029394137102324767,2.2988630533496974e-35,0.002751335728798094,-4.336808689942018e-19,-0.00021444140904247882,0.0,2.3987755473195272e-06,6.198333350416665e-06,0.05406030917985113,0.00016893846618703476,0.00017513679953745144,0.00018947876369016032,0.00035841722987719506,0.0,-1.427414142554888e-05,0.0,0.002392918498920899,0.0,3.8009468133488166e-05,0.00020016726761692993,0.0,ppo,ppo,noop,0.0
1.1425,0.3176004170903893,0.8831237645925287,0.0001860502799812724,-17.63881826083267,-3.166753727259008,0.0,0.00018605027998127237,0.00018605027998127237,0.8783627021707572,0.002744883444283616,0.0029309337242648882,6.135402562445305e-35,0.002744883444283616,-4.336808689942018e-19,-0.00021407523063811984,-2.710505431213761e-20,2.5966219586128924e-06,6.206994008091967e-06,0.05388566929793465,0.0001683927165560458,0.00017459971056413775,0.0001870640300721386,0.0003554567466281844,-5.421010862427522e-20,-1.419548270654503e-05,-3.3881317890172014e-21,0.0023894266976554317,0.0,3.790025140161034e-05,0.0001998797479315748,0.0,ppo,ppo,noop,0.0
1.145,0.3173749689962837,0.8834381139326954,0.00018405061526722142,-17.67048579810526,-3.166753727259008,0.0,0.0001840506152672214,0.0001840506152672214,0.8763080499347936,0.00273846265604623,0.0029225132713134516,3.916726269510395e-35,0.00273846265604623,4.336808689942018e-19,-0.00021370927671407176,2.710505431213761e-20,2.673436163598962e-06,6.255753034150476e-06,0.05378180725457986,0.00016806814767056206,0.00017432390070471255,0.00018495949597417395,0.00035302764364473604,0.0,-1.4159302812022106e-05,0.0,0.002385435012401494,0.0,3.778826061267501e-05,0.00019954997390204965,0.0,ppo,ppo,noop,0.0
1.1475,0.3171508969394071,0.88375068844578,0.0001820786061559712,-17.702153335377847,-3.166753727259008,0.0,0.00018207860615597113,0.00018207860615597113,0.8742634106022774,0.002732073158132117,0.002914151764288088,4.036228996521337e-35,0.002732073158132117,0.0,-0.00021334356284701523,-2.710505431213761e-20,2.254984410657452e-06,6.595123028430863e-06,0.054304810382839366,0.00016970253244637303,0.0001762976554748039,0.00018416376036308713,0.00035386629280946015,0.0,-1.4395901899498635e-05,1.6940658945086007e-21,0.0023782068653226567,0.0,3.764614829304968e-05,0.0001989476609475166,0.0,ppo,ppo,noop,0.0
1.1500000000000001,0.3169281900690024,0.8840614999075836,0.00018013387677605645,-17.733820872650448,-3.166753727259008,0.0,0.00018013387677605645,0.00018013387677605645,0.8722287187241409,0.0027257147460129404,0.002905848622788997,3.6736540804454824e-35,0.0027257147460129404,0.0,-0.0002129781042794704,-2.710505431213761e-20,2.316882480434451e-06,6.516935939605623e-06,0.05416581950734144,0.00016926818596044198,0.00017578512190004762,0.00018201704775479315,0.0003512852337152351,5.421010862427522e-20,-1.4342412907809079e-05,5.082197683525802e-21,0.002374429512297705,0.0,3.753902557227782e-05,0.00019863569137166132,0.0,ppo,ppo,noop,0.0
1.1525,0.31670683763575513,0.884370560010715,0.00017821605644702075,-17.765488409923037,-3.166753727259008,0.0,0.00017821605644702075,0.00017821605644702075,0.8702039093051225,0.002719387216578508,0.0028976032730255287,3.667990403560442e-35,0.002719387216578508,0.0,-0.00021261291592553915,-2.710505431213761e-20,2.317531341234545e-06,6.460978290739849e-06,0.054072833195282576,0.00016897760373525805,0.0001754385820259979,0.0001800419720552915,0.00034901957579054957,0.0,-1.431325173769605e-05,0.0,0.0023703676407879582,0.0,3.743041504862777e-05,0.0001982996641878431,0.0,ppo,ppo,noop,0.0
1.155,0.31648682899071817,0.8846778803651446,0.00017632477960663552,-17.79715594719562,-3.166753727259008,0.0,0.00017632477960663554,0.00017632477960663552,0.8681889178013991,0.002713090368129372,0.0028894151477360077,6.632279446581256e-35,0.002713090368129372,0.0,-0.00021224801237655646,-2.710505431213761e-20,2.449895187231363e-06,6.5342869438224224e-06,0.053931527843785174,0.00016853602451182866,0.00017507031145565108,0.0001779592761759952,0.00034649530068782386,5.421010862427522e-20,-1.4259877309107045e-05,0.0,0.002366595067441548,0.0,3.732289017743741e-05,0.00019798813506744943,0.0,ppo,ppo,noop,0.0
1.1575,0.3162681535842486,0.884983472498757,0.0001744596857391121,-17.828823484468213,-3.166753727259008,0.0,0.0001744596857391121,0.0001744596857391121,0.8661836801182053,0.0027068240003693916,0.002881283686108504,3.893478048633988e-35,0.0027068240003693916,4.336808689942018e-19,-0.00021188340790665271,0.0,2.5143111614482362e-06,6.59604756853177e-06,0.0537888273626159,0.00016809008550817468,0.00017468613307670643,0.00017602711098474737,0.00034411719649292204,5.421010862427522e-20,-1.4216720447564258e-05,1.6940658945086007e-21,0.0023627068038764697,0.0,3.7216363181311255e-05,0.00019766668745908845,0.0,ppo,ppo,noop,0.0
1.16,0.31605080096495736,0.8852873478578993,0.00017262041930429578,-17.8604910217408,-3.166753727259008,0.0,0.00017262041930429572,0.00017262041930429575,0.864188132607441,0.0027005879143982532,0.002873208333702549,5.295387385155177e-35,0.0027005879143982532,0.0,-0.000211519116478228,0.0,2.5706888754190964e-06,6.5885088680113605e-06,0.053667361838419796,0.00016771050574506186,0.00017429901461307322,0.00017406755042146893,0.0003417780561665308,0.0,-1.4174683619348467e-05,0.0,0.0023588098582317226,0.0,3.7110648127257574e-05,0.00019734443285887953,0.0,ppo,ppo,noop,0.0
1.1625,0.31583476077867045,0.8855895178079292,0.0001708066296678284,-17.892158559013396,-3.166753727259008,0.0,0.0001708066296678284,0.0001708066296678284,0.8622022120652623,0.0026943819127039446,0.0028651885423717728,4.1248431657213283e-35,0.0026943819127039446,-4.336808689942018e-19,-0.00021115515174733885,-5.421010862427522e-20,2.7285856977514213e-06,6.6842943788907985e-06,0.05354668139948241,0.00016733337937338254,0.00017401767375227334,0.00017203375265121635,0.00033936713202459886,5.421010862427522e-20,-1.4124256009230043e-05,3.3881317890172014e-21,0.0023550147806793457,0.0,3.700424258394781e-05,0.0001970308957381088,0.0,ppo,ppo,noop,0.0
1.165,0.31562002276740264,0.885889993633759,0.00016901797103226811,-17.923826096285985,-3.166753727259008,0.0,0.00016901797103226814,0.00016901797103226811,0.860225855729665,0.0026882057991552033,0.0028572237701874714,4.60110839531826e-35,0.0026882057991552033,0.0,-0.00021079152706900077,-2.710505431213761e-20,2.529127312374902e-06,6.578513534160852e-06,0.05336409676009149,0.0001667628023752859,0.00017334131590944677,0.00017053822994167917,0.0003373010323169651,0.0,-1.410146402507175e-05,-1.6940658945086007e-21,0.0023509047668382383,0.0,3.6904025144955316e-05,0.00019669006304392903,0.0,ppo,ppo,noop,0.0
1.1675,0.31540657676834283,0.8861887865403981,0.00016725410236915757,-17.95549363355858,-3.166753727259008,0.0,0.00016725410236915757,0.00016725410236915757,0.8582590012780544,0.00268205937899392,0.002849313481363078,3.105485457891219e-35,0.00268205937899392,4.336808689942018e-19,-0.00021042825550240482,2.710505431213761e-20,2.7646681703942493e-06,6.57099680613594e-06,0.05322691323812264,0.00016633410386913326,0.0001729051006752692,0.000168295762834505,0.00033462986670363824,5.421010862427522e-20,-1.4024853619719343e-05,0.0,0.002347429512290282,0.0,3.6801254846923474e-05,0.0001964034018826855,0.0,ppo,ppo,noop,0.0
1.17,0.31519441271285153,0.8864859076534929,0.0001655146873520258,-17.987161170831158,-3.166753727259008,0.0,0.00016551468735202584,0.00016551468735202584,0.856301586824806,0.0026759424588275187,0.0028414571461795445,4.280982487517759e-35,0.0026759424588275187,0.0,-0.00021006534981605183,-2.710505431213761e-20,2.853001219535271e-06,6.6640524783388226e-06,0.053092848122970666,0.00016591515038428333,0.00017257920286262214,0.0001664727373912941,0.0003323878877755774,-5.421010862427522e-20,-1.3982516586979007e-05,-1.6940658945086007e-21,0.0023435545710519413,0.0,3.669770953343751e-05,0.00019608283322907283,0.0,ppo,ppo,noop,0.0
1.1725,0.31498352062546936,0.8867813680198638,0.0001637993942903145,-18.018828708103758,-3.166753727259008,0.0,0.0001637993942903145,0.0001637993942903145,0.8543535509188159,0.0026698548466212997,0.002833654240911614,1.8989573166013881e-35,0.0026698548466212997,0.0,-0.0002097028224928044,-5.421010862427522e-20,2.8349756569945126e-06,6.4940011213707244e-06,0.052935014951143805,0.0001654219217223244,0.00017191592284369512,0.0001646234440976962,0.0003300453658200206,-5.421010862427522e-20,-1.3929977352997758e-05,-3.3881317890172014e-21,0.002339809480801279,0.0,3.659953798002436e-05,0.00019577284513980664,0.0,ppo,ppo,noop,0.0
1.175,0.3147738906229375,0.8870751786080402,0.00016210789606421692,-18.050496245376344,-3.166753727259008,0.0,0.00016210789606421695,0.00016210789606421695,0.8524148325410453,0.0026637963516907667,0.002825904247754984,5.521734053625331e-35,0.0026637963516907667,4.336808689942018e-19,-0.00020934068573485824,0.0,2.903215608106848e-06,6.4789903744132015e-06,0.052862730682357424,0.00016519603338236696,0.00017167502375678017,0.00016278045522241644,0.0003279764886047834,0.0,-1.3898181694622211e-05,1.6940658945086007e-21,0.002335819863085983,0.0,3.649628614203015e-05,0.00019544250404023603,0.0,ppo,ppo,noop,0.0
1.1775,0.31456551291322943,0.887367350308793,0.00016043987006041855,-18.082163782648937,-3.166753727259008,0.0,0.00016043987006041855,0.00016043987006041855,0.8504853711020541,0.002657766784693919,0.0028182066547543377,2.4143931583171366e-35,0.002657766784693919,4.336808689942018e-19,-0.00020897895146863315,2.710505431213761e-20,2.9963316700280532e-06,6.405610274266969e-06,0.052761535777685754,0.000164879799305268,0.00017128540957953494,0.00016085281699462943,0.0003257326162998974,0.0,-1.384969012851382e-05,-5.082197683525802e-21,0.0023320341683940216,0.0,3.639579968673562e-05,0.00019512926134011933,0.0,ppo,ppo,noop,0.0
1.18,0.3143583777945933,0.8876578939356643,0.00015879499810872796,-18.113831319921523,-3.166753727259008,0.0,0.00015879499810872794,0.00015879499810872796,0.8485651064395295,0.00265176595762353,0.002810560955732258,2.6957023097906453e-35,0.00265176595762353,0.0,-0.00020861763134958624,-5.421010862427522e-20,3.0576283569825287e-06,6.328783639657763e-06,0.05261350583771417,0.00016441720574285676,0.00017074598938251453,0.00015900852503442065,0.0003234257307772774,5.421010862427522e-20,-1.3794049433297572e-05,1.6940658945086007e-21,0.0023283402268462526,0.0,3.6298086654620874e-05,0.00019482358191628868,0.0,ppo,ppo,noop,0.0
1.1825,0.3141524756546061,0.8879468202254946,0.00015717296641958769,-18.14549885719412,-3.166753727259008,0.0,0.00015717296641958766,0.00015717296641958766,0.8466539788158091,0.0026457936837994034,0.002802966650218991,2.901326451483983e-35,0.0026457936837994034,0.0,-0.00020825673676694753,0.0,3.0446781221518487e-06,6.2975484680534845e-06,0.05247678080465049,0.00016398994001453278,0.00017028748848258628,0.00015738115864333746,0.00032137109865787027,5.421010862427522e-20,-1.375781427896541e-05,1.6940658945086007e-21,0.002324422585141533,0.0,3.619996763586118e-05,0.00019449892248798211,0.0,ppo,ppo,noop,0.0
1.185,0.31394779696923814,0.8882341398389474,0.00015557346552245177,-18.177166394466703,-3.166753727259008,0.0,0.00015557346552245177,0.0001555734655224518,0.8447519289153953,0.0026398497778606102,0.002795423243383062,2.1406965996621475e-35,0.0026398497778606102,0.0,-0.0002078962788483787,-2.710505431213761e-20,3.2590896103311946e-06,6.22348364251063e-06,0.05231504459559891,0.00016348451436124658,0.00016970799800375722,0.0001552787699443,0.00031876328430554656,5.421010862427522e-20,-1.3672784926543027e-05,3.3881317890172014e-21,0.0023210864935550636,0.0,3.610421212170289e-05,0.00019422349392183566,0.0,ppo,ppo,noop,0.0
1.1875,0.3137443323019292,0.888519863361032,0.0001539961902050239,-18.2088339317393,-3.166753727259008,0.0,0.00015399619020502393,0.00015399619020502393,0.8428588978424679,0.0026339340557577124,0.0027879302459627364,3.0392455822907195e-35,0.0026339340557577124,4.336808689942018e-19,-0.0002075362684645573,2.710505431213761e-20,3.2620798811574887e-06,6.221745542069443e-06,0.0522016046858171,0.00016313001464317845,0.0001693517601852479,0.00015369377598477838,0.0003168237906279568,0.0,-1.3642412726116063e-05,1.6940658945086007e-21,0.0023171102651297557,0.0,3.60060799716234e-05,0.00019389385573844126,0.0,ppo,ppo,noop,0.0
1.19,0.31354207230267367,0.8888040013016224,0.0001524408394533411,-18.24050146901189,-3.166753727259008,0.0,0.0001524408394533411,0.00015244083945334107,0.8409748271183929,0.0026280463347449776,0.002780487174198319,4.868754683632174e-35,0.0026280463347449776,4.336808689942018e-19,-0.00020717671623368694,2.710505431213761e-20,3.3163849602878915e-06,6.306696487261859e-06,0.052070773447731374,0.00016272116702416054,0.0001690278635114224,0.00015211476602002716,0.00031483593304418766,5.421010862427522e-20,-1.3606028206205714e-05,1.6940658945086007e-21,0.00231321040170079,0.0,3.590818961277562e-05,0.00019357068802748124,0.0,ppo,ppo,noop,0.0
1.1925000000000001,0.31334100770711787,0.8890865640959751,0.0001509071163926918,-18.27216900628448,-3.166753727259008,0.0,0.0001509071163926918,0.0001509071163926918,0.8390996586792232,0.0026221864333725725,0.0027730935497652645,4.7068658147269054e-35,0.0026221864333725725,4.336808689942018e-19,-0.00020681763252593377,0.0,3.3851924611850452e-06,6.335961478228657e-06,0.05198855233364018,0.00016246422604262556,0.00016880018752085421,0.00015047269294855034,0.0003129369189911759,5.421010862427522e-20,-1.3575244572793763e-05,3.3881317890172014e-21,0.0023092495143813966,0.0,3.580965610916132e-05,0.00019324238795314,0.0,ppo,ppo,noop,0.0
1.195,0.313141129335667,0.8893675621052425,0.00014939472822936327,-18.30383654355706,-3.166753727259008,0.0,0.00014939472822936325,0.00014939472822936322,0.8372333348732025,0.002616354171478758,0.002765748899708121,3.395710646552734e-35,0.002616354171478758,0.0,-0.00020645902746779183,-2.710505431213761e-20,3.4633200444982678e-06,6.28761997486073e-06,0.05186060692528874,0.0001620643966415273,0.00016835201661638804,0.00014875570811522743,0.00031082010475675477,0.0,-1.3524392165599377e-05,0.0,0.002305534066722003,0.0,3.57148278726801e-05,0.00019293463530219247,0.0,ppo,ppo,noop,0.0
1.1975,0.3129424280926026,0.8896470056169854,0.00014790338619320145,-18.335504080829658,-3.166753727259008,0.0,0.00014790338619320148,0.00014790338619320145,0.835375798458263,0.002610549370182072,0.0027584527563752734,7.258657603329194e-35,0.002610549370182072,0.0,-0.0002061009109463773,0.0,3.4560952849359605e-06,6.247897452096617e-06,0.051769126796900496,0.00016177852124031405,0.00016802641869241068,0.00014723909307542613,0.0003090176143157402,0.0,-1.3498325100374555e-05,1.6940658945086007e-21,0.0023015317558663317,0.0,3.5618981207475754e-05,0.00019260258584600276,0.0,ppo,ppo,noop,0.0
1.2,0.31274489496520946,0.8899249048456822,0.00014643280548097646,-18.367171618102248,-3.166753727259008,0.0,0.00014643280548097646,0.00014643280548097646,0.8335269925995213,0.002604771851873504,0.0027512046573544805,3.608535000048122e-35,0.002604771851873504,-4.336808689942018e-19,-0.00020574329261365253,-2.710505431213761e-20,3.470858384583776e-06,6.355569069478165e-06,0.05233321602119797,0.00016354130006624365,0.0001698968691357218,0.00014584665778128708,0.0003093879578475307,0.0,-1.365261753416497e-05,-1.6940658945086007e-21,0.0022953838940259733,0.0,3.549359897317841e-05,0.00019209067507948755,0.0,ppo,ppo,noop,0.0
1.2025000000000001,0.31254852102291375,0.8902012699332349,0.00014498270520054283,-18.398839155374837,-3.166753727259008,0.0,0.00014498270520054286,0.00014498270520054286,0.8316868608667759,0.0025990214402086746,0.0027440041454092176,3.2283160478754673e-35,0.0025990214402086746,4.336808689942018e-19,-0.00020538618189058208,0.0,3.4613934290295837e-06,6.335064897025103e-06,0.05217943592907921,0.00016306073727837255,0.00016939580217539764,0.0001443949832395088,0.00030745572051788135,-5.421010862427522e-20,-1.3612221517169902e-05,-3.3881317890172014e-21,0.0022915657196907933,0.0,3.540148000359115e-05,0.00019177396037341218,0.0,ppo,ppo,noop,0.0
1.205,0.31235329741642975,0.8904761109494735,0.00014355280831578304,-18.430506692647423,-3.166753727259008,0.0,0.00014355280831578304,0.00014355280831578304,0.8298553472320014,0.0025932979601000043,0.0027368507684157875,2.8871085959065873e-35,0.0025932979601000043,0.0,-0.00020502958797122045,-2.710505431213761e-20,3.373556834668309e-06,6.27874167982729e-06,0.05203484156493495,0.0001626088798904217,0.000168887621570249,0.00014308443632627372,0.0003056933162166954,0.0,-1.3584552333178845e-05,-1.6940658945086007e-21,0.002287604643883309,0.0,3.531010696517235e-05,0.0001914450356380416,0.0,ppo,ppo,noop,0.0
1.2075,0.31215921537691743,0.8907494378926573,0.0001421428415923264,-18.46217422992002,-3.166753727259008,0.0,0.00014214284159232637,0.00014214284159232637,0.828032396066844,0.0025876012377088874,0.0027297440793012137,3.3767745332132943e-35,0.0025876012377088874,0.0,-0.00020467351982673328,-2.710505431213761e-20,3.500541162980855e-06,6.330176245843568e-06,0.051922345526524256,0.0001622573297703883,0.0001685875060162319,0.00014147193551220823,0.00030372926528259654,5.421010862427522e-20,-1.3537805941424398e-05,3.3881317890172014e-21,0.002283871972426291,0.0,3.521651495206857e-05,0.00019113571388530888,0.0,ppo,ppo,noop,0.0
1.21,0.3119662662151489,0.8910212606899728,0.00014075253554402984,-18.493841767192606,-3.166753727259008,0.0,0.00014075253554402984,0.00014075253554402987,0.8262179521401168,0.002581931100437865,0.002722683635981895,5.101134560861902e-35,0.002581931100437865,0.0,-0.00020431798620935293,-2.710505431213761e-20,3.562771941599113e-06,6.3159358519708925e-06,0.051850960047622394,0.00016203425014881998,0.00016835018600079089,0.0001399429275128025,0.0003019771776616225,5.421010862427522e-20,-1.350733188033564e-05,1.6940658945086007e-21,0.0022799539227762425,0.0,3.5122695376039045e-05,0.0001908106543290173,0.0,ppo,ppo,noop,0.0
1.2125000000000001,0.3117744413206848,0.8912915891980305,0.00013938162438021566,-18.525509304465196,-3.166753727259008,0.0,0.00013938162438021566,0.00013938162438021566,0.824411960615297,0.002576287376922803,0.0027156690013030184,3.7218952053682264e-35,0.002576287376922803,0.0,-0.00020396299565626915,-2.710505431213761e-20,3.6246600696436e-06,6.301740271326415e-06,0.05177952618008997,0.00016181101931278115,0.00016811275958410757,0.00013843404451225488,0.00030024506382503606,0.0,-1.347690715009744e-05,-3.3881317890172014e-21,0.0022760423130977667,0.0,3.502950714280555e-05,0.0001904860885061717,0.0,ppo,ppo,noop,0.0
1.215,0.31158373216105995,0.8915604332033573,0.00013802984595365063,-18.557176841737785,-3.166753727259008,0.0,0.00013802984595365063,0.00013802984595365065,0.8226143670480233,0.0025706698970250725,0.002708699742978723,3.197797880770242e-35,0.0025706698970250725,-4.336808689942018e-19,-0.00020360855649345622,-2.710505431213761e-20,3.752454217152084e-06,6.335595037668988e-06,0.05166991040968279,0.0001614684700302587,0.00016780406506792768,0.00013686053255701546,0.00029832900258727415,0.0,-1.3429303904132141e-05,-1.6940658945086007e-21,0.0022723408944377984,0.0,3.4937922798691486e-05,0.0001901792525893241,0.0,ppo,ppo,noop,0.0
1.2175,0.3113941302809783,0.8918278024228881,0.00013669694170926093,-18.58884437901038,-3.166753727259008,0.0,0.00013669694170926093,0.00013669694170926093,0.8208251173835966,0.0025650784918237394,0.0027017754335330003,5.052034084886073e-35,0.0025650784918237394,0.0,-0.00020325467683943727,-2.710505431213761e-20,3.811504270148833e-06,6.334130443379621e-06,0.05159010279360441,0.0001612190712300138,0.00016755320167339343,0.00013540806361234288,0.00029662713484235667,0.0,-1.3398235208275543e-05,1.6940658945086007e-21,0.0022684513569813827,0.0,3.4846161320656565e-05,0.00018985644163116173,0.0,ppo,ppo,noop,0.0
1.22,0.31120562730151713,0.8920937065044524,0.0001353826566335709,-18.620511916282965,-3.166753727259008,0.0,0.0001353826566335709,0.0001353826566335709,0.8190441579544816,0.002559512993607755,0.0026948956502413257,3.4133086641522874e-35,0.002559512993607755,-4.336808689942018e-19,-0.00020290136460898644,-5.421010862427522e-20,3.934511843106558e-06,6.264822486741025e-06,0.051479270604472646,0.00016087272063897701,0.00016713754312571805,0.0001337784554340988,0.0002946511760730758,0.0,-1.3342478753691371e-05,-1.6940658945086007e-21,0.0022648618175346792,0.0,3.475727806061944e-05,0.00018955888585529506,0.0,ppo,ppo,noop,0.0
1.2225,0.31101821491934023,0.8923581550272605,0.00013408673920485895,-18.652179453555554,-3.166753727259008,0.0,0.00013408673920485895,0.00013408673920485895,0.8172714354778128,0.002553973235868165,0.002688059975073024,6.5931091133012e-35,0.002553973235868165,4.336808689942018e-19,-0.00020254862751677085,0.0,4.042010883891096e-06,6.267506864105913e-06,0.05138140052249755,0.00016056687663280485,0.00016683438349691075,0.0001322702243011827,0.0002928371009339875,0.0,-1.3298789672283764e-05,-1.6940658945086007e-21,0.0022611361349341775,0.0,3.4667454410800104e-05,0.00018924983784448707,0.0,ppo,ppo,noop,0.0
1.225,0.3108318849059204,0.8926211575023856,0.00013280894134401483,-18.683846990828144,-3.166753727259008,0.0,0.00013280894134401483,0.00013280894134401483,0.8155068970529018,0.0025484590532903182,0.002681267994634333,2.672782844097812e-35,0.0025484590532903182,0.0,-0.00020219647308093182,-2.710505431213761e-20,4.009135257925713e-06,6.27502561556519e-06,0.05123815126729097,0.00016011922271028429,0.0001663942483258495,0.00013106569644372857,0.0002911849191540129,0.0,-1.3267481456079508e-05,0.0,0.0022572741341363054,0.0,3.458011502039579e-05,0.00018892899162485232,0.0,ppo,ppo,noop,0.0
1.2275,0.31064662910676993,0.8928827233732435,0.00013154901836609864,-18.715514528100737,-3.166753727259008,0.0,0.00013154901836609866,0.0001315490183660987,0.8137504901587514,0.002542970281746098,0.0026745193001121966,2.530953451734485e-35,0.002542970281746098,-4.336808689942018e-19,-0.0002018449086266079,-8.131516293641283e-20,4.058959978178234e-06,6.335052501684354e-06,0.05112536906331453,0.00015976677832285792,0.00016610183082454226,0.00012976615091142655,0.00028953292923428447,-5.421010862427522e-20,-1.3234497534920122e-05,-5.082197683525802e-21,0.0022534373525118136,0.0,3.4491339668427715e-05,0.00018861041109168776,0.0,ppo,ppo,noop,0.0
1.23,0.31046243944068064,0.8931428620160698,0.0001303067289325817,-18.747182065373323,-3.166753727259008,0.0,0.0001303067289325817,0.0001303067289325817,0.8120021626515694,0.0025375067582861545,0.002667813487218736,3.9060294883286596e-35,0.0025375067582861545,-4.336808689942018e-19,-0.000201493941289399,-2.710505431213761e-20,4.033729280018911e-06,6.293222497670855e-06,0.05101931296708817,0.00015943535302215053,0.00016572857551982138,0.00012853249287021474,0.00028796784589236524,5.421010862427522e-20,-1.3207496302425425e-05,0.0,0.002249538912393789,0.0,3.440426548821754e-05,0.00018828644498697359,0.0,ppo,ppo,noop,0.0
1.2325,0.3102793078989728,0.893401582740395,0.00012908183500426839,-18.778849602645913,-3.166753727259008,0.0,0.00012908183500426839,0.00012908183500426839,0.8102618627622907,0.0025320683211321584,0.002661150156136427,3.965197449187961e-35,0.0025320683211321584,0.0,-0.00020114357801877361,0.0,4.126751916136812e-06,6.3261594475507015e-06,0.050938772136749105,0.00015918366292734095,0.00016550982237489165,0.00012715449061954546,0.0002863381535468864,0.0,-1.3173344109148118e-05,0.0,0.002245730167585272,0.0,3.431565100144277e-05,0.0001879702339096255,0.0,ppo,ppo,noop,0.0
1.235,0.310097226544751,0.8936588947895145,0.0001278741017948842,-18.810517139918506,-3.166753727259008,0.0,0.00012787410179488417,0.00012787410179488414,0.8085295390941027,0.002526654809669071,0.0026545289114639553,4.5188903232935524e-35,0.002526654809669071,0.0,-0.00020079382558142004,-2.710505431213761e-20,4.187227168946539e-06,6.3122342959899536e-06,0.05086781564107698,0.00015896192387836557,0.00016527415817435553,0.00012581188175298105,0.0002847738056313466,5.421010862427522e-20,-1.3143307296446423e-05,1.6940658945086007e-21,0.0022418810040377244,0.0,3.4227847743917155e-05,0.00018765051828497362,0.0,ppo,ppo,noop,0.0
1.2375,0.3099161875121707,0.8939148073409593,0.00012668329772532594,-18.842184677191096,-3.166753727259008,0.0,0.00012668329772532594,0.00012668329772532594,0.8068051406199767,0.002521266064437427,0.002647949362162753,3.051169053665493e-35,0.002521266064437427,0.0,-0.0002004446905645418,-2.710505431213761e-20,4.204744375248942e-06,6.294031255342652e-06,0.05077673409937591,0.0001586772940605497,0.00016497132531589236,0.0001245678402301707,0.00028324513429072037,5.421010862427522e-20,-1.3114942520460552e-05,3.3881317890172014e-21,0.0022380209301467065,0.0,3.41415413928095e-05,0.00018732974804408126,0.0,ppo,ppo,noop,0.0
1.24,0.3097361830057111,0.8941693295069609,0.00012550919437856006,-18.87385221446368,-3.166753727259008,0.0,0.00012550919437856006,0.00012550919437856004,0.8050886166802017,0.0025159019271256302,0.00264141112150419,2.80318675449285e-35,0.0025159019271256302,-4.336808689942018e-19,-0.00020009617937909803,-2.710505431213761e-20,4.278530522714682e-06,6.301796714514441e-06,0.050678715198250936,0.00015837098499453417,0.0001646727817090486,0.0001232539300476451,0.00028162491504217925,5.421010862427522e-20,-1.3077371597714603e-05,5.082197683525802e-21,0.0022342770120834512,0.0,3.4055744067175324e-05,0.00018701880778138343,0.0,ppo,ppo,noop,0.0
1.2425,0.30955720529945735,0.8944224703349166,0.0001243515664551643,-18.90551975173628,-3.166753727259008,0.0,0.0001243515664551643,0.00012435156645516427,0.8033799169799288,0.0025105622405622776,0.002634913807017442,3.1373626450691157e-35,0.0025105622405622776,4.336808689942018e-19,-0.00019974829826299088,0.0,4.101422592926364e-06,6.218841850681353e-06,0.05050178641841805,0.0001578180825575564,0.00016403692440823775,0.00012236756311999293,0.00028018564567754937,-5.421010862427522e-20,-1.3054175246346466e-05,-3.3881317890172014e-21,0.0022303765948847283,0.0,3.397514763008803e-05,0.00018669412301664442,0.0,ppo,ppo,noop,0.0
1.245,0.3093792467363905,0.8946742388078484,0.00012321019172950115,-18.937187289008868,-3.166753727259008,0.0,0.00012321019172950115,0.00012321019172950115,0.8016789915867188,0.0025052468487084963,0.0026284570404379974,3.1350183072680084e-35,0.0025052468487084963,0.0,-0.00019940105328419968,-2.710505431213761e-20,4.162654380645853e-06,6.205336672378755e-06,0.050431211314038465,0.0001575975353563702,0.00016380287202874896,0.00012109021964058821,0.0002786877549969584,0.0,-1.3024144943650541e-05,-1.6940658945086007e-21,0.002226559093711538,0.0,3.388958382272419e-05,0.00018637690834054913,0.0,ppo,ppo,noop,0.0
1.2475,0.30920229972768587,0.8949246438448619,0.00012208485100651735,-18.968854826281458,-3.166753727259008,0.0,0.00012208485100651732,0.00012208485100651732,0.799985790928097,0.002499955596650303,0.00262204044765682,4.018022460776467e-35,0.002499955596650303,-4.336808689942018e-19,-0.00019905445034386295,-2.710505431213761e-20,4.157201890203794e-06,6.31870969633279e-06,0.050277142799701545,0.00015711607124906733,0.00016343478094540012,0.00012008915692244252,0.0002772052281715099,0.0,-1.29942143388719e-05,0.0,0.002222750368478793,0.0,3.380641547889819e-05,0.00018606023600499104,0.0,ppo,ppo,noop,0.0
1.25,0.3090263567520187,0.8951736943016027,0.00012097532807915801,-19.00052236355405,-3.166753727259008,0.0,0.000120975328079158,0.00012097532807915801,0.7983002657891146,0.002494688330590983,0.0026156636586701413,3.062236439195247e-35,0.002494688330590983,4.336808689942018e-19,-0.00019870849517930904,0.0,4.255949310479233e-06,6.3334551025463434e-06,0.05018815168034038,0.0001568379740010637,0.00016317142910361005,0.00011879688456074586,0.00027563485856180956,5.421010862427522e-20,-1.2955350168687594e-05,3.3881317890172014e-21,0.0022190534720291735,0.0,3.3722354257156724e-05,0.00018575314501062144,0.0,ppo,ppo,noop,0.0
1.2525,0.3088514103548782,0.8954213989707076,0.00011988140968638905,-19.032189900826634,-3.166753727259008,0.0,0.00011988140968638903,0.00011988140968638903,0.7966223673099183,0.002489444897843495,0.002609326307529884,2.6170157007190864e-35,0.002489444897843495,0.0,-0.00019836319336703645,-2.710505431213761e-20,4.222554667281892e-06,6.2807764489917775e-06,0.050075741272564464,0.00015648669147676396,0.00016276746792575573,0.00011771707680081703,0.000274203768277581,0.0,-1.2927162695745981e-05,0.0,0.0022152411295659137,0.0,3.3640768727202414e-05,0.00018543603067129046,0.0,ppo,ppo,noop,0.0
1.2550000000000001,0.3086774531478887,0.8956677665822558,0.00011880288547181717,-19.063857438099227,-3.166753727259008,0.0,0.00011880288547181719,0.0001188028854718172,0.7949520469833257,0.002484225146822893,0.00260302803229471,5.071302303708143e-35,0.002484225146822893,0.0,-0.00019801855032564465,0.0,4.3046287706878155e-06,6.266005155110491e-06,0.04998375210939486,0.00015619922534185893,0.00016246523049696942,0.00011645963308555202,0.0002726588584274109,5.421010862427522e-20,-1.2887873162854514e-05,1.6940658945086007e-21,0.002211566288395482,0.0,3.3558321774421635e-05,0.00018513067716279013,0.0,ppo,ppo,noop,0.0
1.2575,0.30850447780813955,0.8959128058042153,0.00011773954794290324,-19.095524975371823,-3.166753727259008,0.0,0.00011773954794290323,0.00011773954794290324,0.7932892566524093,0.0024790289270387794,0.0025967684749816826,3.398208061878315e-35,0.0024790289270387794,0.0,-0.00019767457131871543,0.0,4.332031142924376e-06,6.268970028729814e-06,0.04988983051976923,0.00015590572037427886,0.00016217469040300867,0.00011534445568578431,0.0002712501760600632,0.0,-1.2858858426224321e-05,-1.6940658945086007e-21,0.0022077787509787164,0.0,3.3476246361173936e-05,0.00018481571289249112,0.0,ppo,ppo,noop,0.0
1.26,0.3083324770775211,0.8961565252428886,0.00011669119243075567,-19.127192512644413,-3.166753727259008,0.0,0.0001166911924307557,0.00011669119243075568,0.7916339485080883,0.002473856089087776,0.002590547281518532,3.9251103473691806e-35,0.002473856089087776,0.0,-0.00019733126145764657,0.0,4.355284483324024e-06,6.173313050443399e-06,0.04976169639360156,0.00015550530123000487,0.00016167861428044826,0.00011415393651455102,0.0002696592377445559,-5.421010862427522e-20,-1.2813318686984e-05,-3.3881317890172014e-21,0.00220419685134322,0.0,3.3397524629542885e-05,0.00018451794277066257,0.0,ppo,ppo,noop,0.0
1.2625,0.30816144376206944,0.8963989334433531,0.0001156576170505002,-19.158860049916996,-3.166753727259008,0.0,0.00011565761705050018,0.00011565761705050018,0.7899860750867288,0.0024687064846460275,0.0025843641016965275,4.4513913928053834e-35,0.0024687064846460275,-4.336808689942018e-19,-0.00019698862570443826,-5.421010862427522e-20,4.373996808001746e-06,6.106222667017707e-06,0.04954378616209109,0.00015482433175653465,0.00016093055442355236,0.0001130158461015144,0.000267840177858049,5.421010862427522e-20,-1.2747426814106053e-05,3.3881317890172014e-21,0.0022008663067879784,0.0,3.332279043112876e-05,0.0001842411988903322,0.0,ppo,ppo,noop,0.0
1.2650000000000001,0.30799137073131777,0.8966400388899023,0.00011463862266221657,-19.19052758718959,-3.166753727259008,0.0,0.00011463862266221656,0.00011463862266221654,0.7883455892677509,0.0024635799664617214,0.002578218589123938,3.141300986604961e-35,0.0024635799664617214,4.336808689942018e-19,-0.0001966466688744321,2.710505431213761e-20,4.394262185984387e-06,6.064234027674619e-06,0.0494553389492817,0.0001545479342165053,0.00016061216824417993,0.0001119143323179224,0.00026646226653442775,-5.421010862427522e-20,-1.2717290994917006e-05,-3.3881317890172014e-21,0.002197117699927294,0.0,3.32426660506458e-05,0.0001839293778795151,0.0,ppo,ppo,noop,0.0
1.2675,0.30782225091765536,0.8968798500064805,0.00011363401283243137,-19.222195124462175,-3.166753727259008,0.0,0.00011363401283243137,0.0001136340128324314,0.7867124442712489,0.002458476388347653,0.0025721104011800842,4.214407970842917e-35,0.002458476388347653,0.0,-0.00019630539563900569,0.0,4.345556409044971e-06,5.915372346191684e-06,0.04928496957064313,0.00015401552990825976,0.00015993090225445146,0.00011085827236053311,0.00026487380226879284,0.0,-1.2668459611334138e-05,3.3881317890172014e-21,0.00219360258607886,0.0,3.316804457684186e-05,0.00018363693602767154,0.0,ppo,ppo,noop,0.0
1.27,0.3076540773156932,0.8971183751571177,0.00011264359379616634,-19.253862661734768,-3.166753727259008,0.0,0.00011264359379616633,0.00011264359379616633,0.7850865936556133,0.0024533956051737914,0.0025660391989699577,2.1034144151160676e-35,0.0024533956051737914,0.0,-0.00019596481052822006,-2.710505431213761e-20,4.403624191072873e-06,5.962436797881753e-06,0.0491440088015179,0.00015357502750474342,0.00015953746430262517,0.00010979878221190234,0.00026337380971664574,5.421010862427522e-20,-1.2625605701082435e-05,1.6940658945086007e-21,0.002190021795457146,0.0,3.308997396140881e-05,0.00018333920482713762,0.0,ppo,ppo,noop,0.0
1.2725,0.30748684298163753,0.8973556226463606,0.00011166717441952499,-19.285530199007358,-3.166753727259008,0.0,0.00011166717441952499,0.00011166717441952498,0.7834679913151679,0.0024483374728598998,0.0025600046472794248,3.4954479609968244e-35,0.0024483374728598998,0.0,-0.0001956249179334246,-2.710505431213761e-20,4.359088287868894e-06,5.895923191892655e-06,0.049025692065425924,0.00015320528770445602,0.00015910121089634868,0.00010884492103567986,0.00026205020874013585,5.421010862427522e-20,-1.2596605145124002e-05,1.6940658945086007e-21,0.0021862872641197637,0.0,3.301299602210978e-05,0.0001830283127883006,0.0,ppo,ppo,noop,0.0
1.2750000000000001,0.30732054103267004,0.8975916007197009,0.00011070456616281895,-19.31719773627995,-3.166753727259008,0.0,0.00011070456616281895,0.00011070456616281895,0.7818565914778142,0.0024433018483681693,0.0025540064145309883,3.218158346422183e-35,0.0024433018483681693,0.0,-0.000195285722109817,0.0,4.31656600645502e-06,5.806473221399894e-06,0.04892394449894321,0.00015288732655919753,0.00015869379978059741,0.0001078779073713088,0.0002607652339305063,0.0,-1.256968015814296e-05,3.3881317890172014e-21,0.0021825366144376628,0.0,3.293612088855663e-05,0.00018271604195167404,0.0,ppo,ppo,noop,0.0
1.2775,0.30715516464633447,0.897826317564001,0.00010975558304422063,-19.34886527355254,-3.166753727259008,0.0,0.00010975558304422063,0.00010975558304422062,0.7802523487026837,0.0024382885896958866,0.002548044172740107,2.735328165615542e-35,0.0024382885896958866,0.0,-0.00019494722717896054,-2.710505431213761e-20,4.374395939492216e-06,5.794274747072828e-06,0.0488553520942706,0.00015267297529459565,0.00015846725004166847,0.00010680106591230904,0.0002594740412069047,0.0,-1.2540857126327052e-05,-1.6940658945086007e-21,0.002178814548488982,0.0,3.2857253752117186e-05,0.00018240637005263348,0.0,ppo,ppo,noop,0.0
1.28,0.30699070705993103,0.898059781307918,0.00010882004160393727,-19.38053281082513,-3.166753727259008,0.0,0.00010882004160393727,0.00010882004160393726,0.7786552178778032,0.002433297555868135,0.0025421175974720722,2.9255300927709907e-35,0.002433297555868135,0.0,-0.0001946094371312594,-2.710505431213761e-20,4.317467481274528e-06,5.635836078848838e-06,0.04873283480896244,0.00015229010877800762,0.00015792594485685647,0.00010582094272023707,0.0002581110514982447,0.0,-1.2505156684945559e-05,1.6940658945086007e-21,0.0021751865043698904,0.0,3.2783205001492196e-05,0.00018210428044631384,0.0,ppo,ppo,noop,0.0
1.2825,0.3068271615699168,0.8982920000223229,0.00010789776086889767,-19.41220034809772,-3.166753727259008,0.0,0.00010789776086889767,0.00010789776086889766,0.777065154217767,0.002428328606930522,0.0025362263677994198,6.998495168107317e-35,0.002428328606930522,4.336808689942018e-19,-0.00019427235582839173,5.421010862427522e-20,4.295756307161413e-06,5.5601208505752035e-06,0.04864360744253636,0.00015201127325792613,0.00015757139410850133,0.00010486636910515004,0.00025687764236307617,5.421010862427522e-20,-1.2479125159323888e-05,1.6940658945086007e-21,0.0021714509645674456,0.0,3.270707434311849e-05,0.00018179323066906786,0.0,ppo,ppo,noop,0.0
1.285,0.3066645215313131,0.8985229817207194,0.00010698856231794725,-19.443867885370302,-3.166753727259008,0.0,0.00010698856231794722,0.0001069885623179472,0.7754821132614199,0.0024233816039419373,0.0025303701662598844,6.514575695615224e-35,0.0024233816039419373,-4.336808689942018e-19,-0.00019393598700570173,-2.710505431213761e-20,4.297985708304152e-06,5.530236946563311e-06,0.04852404484841992,0.00015163764015131226,0.00015716787709787558,0.00010392282784790225,0.0002555604679992145,0.0,-1.244491883392942e-05,-1.6940658945086007e-21,0.0021678211359427227,0.0,3.263209862775449e-05,0.0001814910681717723,0.0,ppo,ppo,noop,0.0
1.2875,0.3065027803571197,0.8987527343596589,0.00010609226984753868,-19.4755354226429,-3.166753727259008,0.0,0.00010609226984753867,0.00010609226984753867,0.7739060508695509,0.0024184564089673464,0.002524548678814885,1.7574042524804925e-35,0.0024184564089673464,0.0,-0.000193600334274552,0.0,4.268479962544258e-06,5.55732680858089e-06,0.048409168114380355,0.0001512786503574386,0.0001568359771660195,0.00010311263673103106,0.00025439128708846967,0.0,-1.2422111231288222e-05,1.6940658945086007e-21,0.0021640651218788765,0.0,3.255661548753814e-05,0.00018117822304326378,0.0,ppo,ppo,noop,0.0
1.29,0.30634193151773503,0.8989812658391523,0.0001052087097379194,-19.507202959915485,-3.166753727259008,0.0,0.0001052087097379194,0.00010520870973791941,0.7723369232225986,0.0024135528850706208,0.00251876159480854,3.7338105194677606e-35,0.0024135528850706208,0.0,-0.00019326540112463595,-2.710505431213761e-20,4.32325411383075e-06,5.617975892343784e-06,0.04832076355500453,0.00015100238610938916,0.00015662036200173295,0.0001021801774026017,0.0002531825635119909,-5.421010862427522e-20,-1.2394724341208306e-05,-5.082197683525802e-21,0.00216037032155863,0.0,3.248000645948107e-05,0.00018087067678342763,0.0,ppo,ppo,noop,0.0
1.2925,0.3061819685403834,0.8992085840030811,0.00010433771061979928,-19.53887049718808,-3.166753727259008,0.0,0.00010433771061979929,0.00010433771061979928,0.770774686818363,0.0024086708963073846,0.002513008606927184,1.9537733568184962e-35,0.0024086708963073846,4.336808689942018e-19,-0.0001929311909262504,0.0,4.383143338901521e-06,5.69919787857438e-06,0.0482257848403885,0.00015070557762621406,0.00015640477550478844,0.00010127062182057063,0.0002519761994467847,0.0,-1.2366470291803598e-05,-5.082197683525802e-21,0.0021566946968606,0.0,3.2403865867108144e-05,0.00018056472063444678,0.0,ppo,ppo,noop,0.0
1.295,0.3060228850085478,0.8994346966396043,0.00010347910344150118,-19.570538034460668,-3.166753727259008,0.0,0.00010347910344150118,0.00010347910344150118,0.7692192984697326,0.0024038103077179142,0.0025072894111594153,1.9195806530122528e-35,0.0024038103077179142,0.0,-0.00019259770693253088,0.0,4.440311318014532e-06,5.687442550893185e-06,0.04815782056680895,0.00015049318927127798,0.00015618063182217117,0.0001002859233563653,0.0002507791126276433,0.0,-1.2337961494814106e-05,-1.6940658945086007e-21,0.002153031195090271,0.0,3.232830758772075e-05,0.00018025974543771676,0.0,ppo,ppo,noop,0.0
1.2975,0.3058646745614101,0.8996596114815617,0.00010263272143657852,-19.60220557173326,-3.166753727259008,0.0,0.00010263272143657852,0.00010263272143657852,0.7676707153024188,0.002398970985320059,0.0025016037067566374,3.282487966626579e-35,0.002398970985320059,0.0,-0.00019226495228164854,-2.710505431213761e-20,4.497123960474242e-06,5.675723234528889e-06,0.04808984888412654,0.00015028077776289543,0.00015595650099742433,9.931419675015894e-05,0.00024959497451305435,0.0,-1.2309514182946765e-05,-1.6940658945086007e-21,0.0021493760108070043,0.0,3.225320964580701e-05,0.00017995543809870177,0.0,ppo,ppo,noop,0.0
1.3,0.30570733089329655,0.8998833362068781,0.0001017984000919005,-19.633873109005847,-3.166753727259008,0.0,0.00010179840009190052,0.00010179840009190052,0.7661288947527034,0.002394152796102198,0.0024959511961940985,5.021211111270221e-35,0.002394152796102198,-4.336808689942018e-19,-0.00019193292999896992,-5.421010862427522e-20,4.535924313983831e-06,5.655772184652524e-06,0.04801065505538967,0.0001500332970480927,0.00015568906923274525,9.838232364858538e-05,0.00024841562069667807,0.0,-1.2280498989159841e-05,1.6940658945086007e-21,0.00214573717540552,0.0,3.217916352540147e-05,0.00017965243100981007,0.0,ppo,ppo,noop,0.0
1.3025,0.30555084775312946,0.9001058784389608,0.00010097597711619669,-19.665540646278437,-3.166753727259008,0.0,0.00010097597711619669,0.00010097597711619667,0.7645937945651962,0.002389355608016238,0.002490331585132435,2.9632277954233763e-35,0.002389355608016238,0.0,-0.0001916016429991801,-2.710505431213761e-20,4.592289638633853e-06,5.644166242782671e-06,0.04794270507726868,0.00014982095336646463,0.0001554651196092473,9.743556408171164e-05,0.00024725651744817627,0.0,-1.225214291164366e-05,-1.6940658945086007e-21,0.002142099090568062,0.0,3.2104971891162665e-05,0.00017934950008753644,0.0,ppo,ppo,noop,0.0
1.305,0.30539521894388577,0.9003272457470979,0.00010016529240904797,-19.697208183551027,-3.166753727259008,0.0,0.00010016529240904797,0.00010016529240904797,0.7630653727906033,0.002384579289970635,0.002484744582379683,3.7021977116941005e-35,0.002384579289970635,4.336808689942018e-19,-0.00019127109408837,2.710505431213761e-20,4.662831466320479e-06,5.678940129648044e-06,0.04783039729011967,0.00014946999153162395,0.000155148931661272,9.651856960605506e-05,0.000245988561137679,5.421010862427522e-20,-1.2213644376446097e-05,0.0,0.002138590728832956,0.0,3.203249692796902e-05,0.0001790574497119239,0.0,ppo,ppo,noop,0.0
1.3075,0.30524043832206077,0.9005474456468514,9.936618803032907e-05,-19.728875720823616,-3.166753727259008,0.0,9.936618803032906e-05,9.936618803032906e-05,0.7615435877835078,0.002379823711823462,0.002479189899853791,2.3243802929675102e-35,0.002379823711823462,4.336808689942018e-19,-0.0001909412859660882,0.0,4.734119965929343e-06,5.6515916904971435e-06,0.04775078526180309,0.00014922120394313465,0.0001548727956336318,9.554953978896751e-05,0.00024477074373210217,5.421010862427522e-20,-1.217837650875475e-05,3.3881317890172014e-21,0.00213505296809136,0.0,3.1959915652142355e-05,0.00017876290945733345,0.0,ppo,ppo,noop,0.0
1.31,0.30508649979713776,0.9007664856004496,9.85785081700852e-05,-19.76054325809621,-3.166753727259008,0.0,9.857850817008521e-05,9.857850817008521e-05,0.7600283982001617,0.0023750887443755053,0.0024736672525455905,3.9523025417509695e-35,0.0023750887443755053,0.0,-0.00019061222122735807,0.0,4.790105854272836e-06,5.6524265745893735e-06,0.0476693504457245,0.00014896672014288906,0.00015461914671747844,9.46507230361289e-05,0.00024361744317901796,2.710505431213761e-20,-1.2147595207186554e-05,-1.6940658945086007e-21,0.0021314713011964873,0.0,3.1887465665057826e-05,0.00017846462602017152,0.0,ppo,ppo,noop,0.0
1.3125,0.30493339733106417,0.9009843730171754,9.780209911884358e-05,-19.7922107953688,-3.166753727259008,0.0,9.78020991188436e-05,9.78020991188436e-05,0.7585197629962876,0.002370374259363399,0.0024681763584822425,6.709225859814174e-35,0.002370374259363399,-4.336808689942018e-19,-0.00019028390236466004,-2.710505431213761e-20,4.845427340770865e-06,5.640934866826235e-06,0.047601593067779384,0.00014875497833681056,0.0001543959132036368,9.375217930412808e-05,0.00024250715764093865,2.710505431213761e-20,-1.2119476614509295e-05,1.6940658945086007e-21,0.00212786710172246,0.0,3.181503407362795e-05,0.00017816442575015073,0.0,ppo,ppo,noop,0.0
1.315,0.3047811249377331,0.9012011152537533,9.703680923834997e-05,-19.823878332641385,-3.166753727259008,0.0,9.703680923834998e-05,9.703680923834999e-05,0.7570176414248938,0.0023656801294527933,0.0024627169386911433,4.1887371729418286e-35,0.0023656801294527933,0.0,-0.00018995633176988096,-2.710505431213761e-20,4.89516115165437e-06,5.681362088471438e-06,0.04746893606188363,0.00014834042519338637,0.0001540217872818578,9.292784902351267e-05,0.00024126827421689902,0.0,-1.2079658430578747e-05,0.0,0.0021244118552358944,0.0,3.174511006763293e-05,0.00017787667333930222,0.0,ppo,ppo,noop,0.0
1.3175000000000001,0.30462967668247026,0.9014167196147336,9.62824889327271e-05,-19.85554586991398,-3.166753727259008,0.0,9.628248893272707e-05,9.628248893272705e-05,0.7555219930341008,0.0023610062282315653,0.0024572887171642925,6.016749157881299e-35,0.0023610062282315653,4.336808689942018e-19,-0.0001896295117362299,5.421010862427522e-20,4.87772359542274e-06,5.6890224344088865e-06,0.047348154972969576,0.00014796298429052993,0.00015365200672493883,9.22160641762905e-05,0.00024017904846682043,-2.710505431213761e-20,-1.2051623656337424e-05,-1.6940658945086007e-21,0.002120827179764745,0.0,3.167555529542184e-05,0.0001775778880798925,0.0,ppo,ppo,noop,0.0
1.32,0.30447904668152714,0.901631193352873,9.553899062004595e-05,-19.887213407186564,-3.166753727259008,0.0,9.553899062004593e-05,9.553899062004592e-05,0.7540327776649796,0.002356352430203061,0.002451891420823107,4.445851512629514e-35,0.002356352430203061,4.336808689942018e-19,-0.00018930344446012136,5.421010862427522e-20,4.932355963387794e-06,5.67747227655361e-06,0.0472807623501007,0.00014775238234406468,0.0001534298546206183,9.135175096982396e-05,0.00023910413331388865,2.710505431213761e-20,-1.2023712869700719e-05,0.0,0.0021172482968891725,0.0,3.160439582540049e-05,0.00017727973159042064,0.0,ppo,ppo,noop,0.0
1.3225,0.30432922910157956,0.9018445436695139,9.480616870430538e-05,-19.918880944459154,-3.166753727259008,0.0,9.480616870430537e-05,9.48061687043054e-05,0.7525499554493996,0.0023517186107793737,0.0024465247794836793,4.268828010932948e-35,0.0023517186107793737,4.336808689942018e-19,-0.00018897813204302627,2.710505431213761e-20,4.991838169570937e-06,5.691502124712819e-06,0.04719547605333433,0.00014748586266666978,0.0001531773647913826,9.051399448987633e-05,0.00023799985715654612,-2.710505431213761e-20,-1.1992434361781406e-05,-3.3881317890172014e-21,0.0021137187536228274,0.0,3.153407501994703e-05,0.00017698569768124486,0.0,ppo,ppo,noop,0.0
1.325,0.30418021815923124,0.9020567777149607,9.408387954781495e-05,-19.950548481731744,-3.166753727259008,0.0,9.408387954781495e-05,9.408387954781495e-05,0.7510734868078918,0.002347104646274662,0.0024411885258224767,5.048082683076482e-35,0.002347104646274662,-4.336808689942018e-19,-0.0001886535764932916,-5.421010862427522e-20,5.016595338923466e-06,5.64475095617679e-06,0.04711033888772296,0.00014721980902413425,0.00015286455998031104,8.969543982614481e-05,0.00023691524885027906,0.0,-1.1962002831027476e-05,0.0,0.0021101893974243826,0.0,3.146500139774567e-05,0.00017669157366226413,0.0,ppo,ppo,noop,0.0
1.3275000000000001,0.30403200812052344,0.9022679025888533,9.337198144397375e-05,-19.982216019004344,-3.166753727259008,0.0,9.337198144397376e-05,9.337198144397378e-05,0.7496033324475212,0.002342510413898504,0.002435882395342478,4.570037334610298e-35,0.002342510413898504,4.336808689942018e-19,-0.00018832977972792897,0.0,5.356513365701295e-06,5.972198908272402e-06,0.04784002011801497,0.00014950006286879679,0.00015547226177706918,8.863115362084356e-05,0.00023813121648964033,0.0,-1.2122823614753333e-05,0.0,0.0021043791974088635,0.0,3.135618431267965e-05,0.00017620695611317565,0.0,ppo,ppo,noop,0.0
1.33,0.30388459330045015,0.9024779253405383,9.267033459044039e-05,-20.01388355627693,-3.166753727259008,0.0,9.267033459044039e-05,9.267033459044037e-05,0.7481394533597736,0.0023379357917492926,0.002430606126339733,3.4562295087575215e-35,0.0023379357917492926,0.0,-0.00018800674357437246,-2.710505431213761e-20,5.43087973648605e-06,6.012589992945536e-06,0.047749979088556126,0.0001492186846517379,0.00015523127464468344,8.782116511041382e-05,0.00023703984976215174,2.710505431213761e-20,-1.208997908407339e-05,-1.6940658945086007e-21,0.002100895941987141,0.0,3.1286947983622284e-05,0.00017591676449029906,0.0,ppo,ppo,noop,0.0
1.3325,0.30373796806247744,0.9026868529694386,9.197880106268669e-05,-20.045551093549523,-3.166753727259008,0.0,9.19788010626867e-05,9.19788010626867e-05,0.7466818108184522,0.0023333806588076633,0.00242535945987035,2.8444560408360827e-35,0.0023333806588076633,0.0,-0.00018768446977220695,-5.421010862427522e-20,5.50973025122237e-06,6.031452164848343e-06,0.04767386443635433,0.0001489808263636073,0.00015501227852845564,8.699079272509029e-05,0.0002359716190886976,0.0,-1.2058215782848258e-05,-1.6940658945086007e-21,0.0020974090397189657,0.0,3.121781631474549e-05,0.0001756262539893587,0.0,ppo,ppo,noop,0.0
1.335,0.30359212681806924,0.9028946924254185,9.129724478793476e-05,-20.077218630822113,-3.166753727259008,0.0,9.129724478793474e-05,9.129724478793476e-05,0.7452303663775868,0.0023288448949299588,0.0024201421397178936,3.5717634219007844e-35,0.0023288448949299588,4.336808689942018e-19,-0.00018736295997486593,0.0,5.5693208608066244e-06,6.005533355767392e-06,0.04759561602833286,0.00014873630008854018,0.00015474183344430756,8.616413642208889e-05,0.00023490043651062907,2.710505431213761e-20,-1.2025413635252117e-05,0.0,0.0020939444584193298,0.0,3.1149795600343936e-05,0.00017533754633961381,0.0,ppo,ppo,noop,0.0
1.3375000000000001,0.30344706402621796,0.9031014506091481,9.062553151946395e-05,-20.1088861680947,-3.166753727259008,0.0,9.062553151946395e-05,9.062553151946395e-05,0.7437850818693568,0.0023243283808417397,0.0024149539123612036,3.5999640535412544e-35,0.0023243283808417397,0.0,-0.00018704221575130116,-5.421010862427522e-20,5.522352632971542e-06,6.125206010846357e-06,0.048267509238186866,0.00015083596636933396,0.0001569611723801803,8.570603226436723e-05,0.00023654199863370117,0.0,-1.2219448146069554e-05,0.0,0.0020877863822080386,0.0,3.104793979354885e-05,0.00017482276760523162,0.0,ppo,ppo,noop,0.0
1.34,0.3033027741929801,0.9033071343724647,8.996352881128944e-05,-20.140553705367285,-3.166753727259008,0.0,8.996352881128944e-05,8.996352881128944e-05,0.7423459194020245,0.002319830998131327,0.002409794526942616,3.27157308578167e-35,0.002319830998131327,-4.336808689942018e-19,-0.00018672223858762373,-5.421010862427522e-20,5.46390040303553e-06,5.905084760393576e-06,0.04882636599547704,0.00015258239373586575,0.00015848747849625934,8.494081276561194e-05,0.0002375232065014777,0.0,-1.23573371437477e-05,0.0,0.002082307791629849,0.0,3.0956009937189655e-05,0.00017436490144387602,0.0,ppo,ppo,noop,0.0
1.3425,0.3031592518710165,0.9035117505187309,8.931110599320331e-05,-20.172221242639882,-3.166753727259008,0.0,8.931110599320331e-05,8.931110599320332e-05,0.740912841357882,0.0023153526292433815,0.0024046637352365847,3.519123181069703e-35,0.0023153526292433815,0.0,-0.00018640302988871617,-2.710505431213761e-20,5.482407347305076e-06,5.974379995717485e-06,0.04871263108052628,0.00015222697212664463,0.00015820135212236212,8.432067129431065e-05,0.00023654764342095528,0.0,-1.2330204637452317e-05,0.0,0.0020788049858224264,0.0,3.0889394631086735e-05,0.00017407282525126386,0.0,ppo,ppo,noop,0.0
1.345,0.30301649165913896,0.9037153058031919,8.866813414617346e-05,-20.20388877991247,-3.166753727259008,0.0,8.866813414617344e-05,8.866813414617344e-05,0.739485810391209,0.002310893157472528,0.0023995612916187016,4.3813816970890223e-35,0.002310893157472528,0.0,-0.00018608459097981775,-2.710505431213761e-20,5.556670694394996e-06,6.001453931216599e-06,0.04862115632759135,0.00015194111352372298,0.00015794256745493956,8.355624668860005e-05,0.000235497360212323,0.0,-1.229588563155297e-05,3.3881317890172014e-21,0.002075395797260205,0.0,3.082279316297234e-05,0.0001737887053482648,0.0,ppo,ppo,noop,0.0
1.3475,0.3028744882018602,0.9039178069333292,8.803448607809632e-05,-20.235556317185058,-3.166753727259008,0.0,8.80344860780963e-05,8.803448607809633e-05,0.7380647894262439,0.002306452466957012,0.0023944869530351087,1.7034478697958898e-35,0.002306452466957012,4.336808689942018e-19,-0.00018576692310808232,0.0,5.5688412413076135e-06,5.932825311401784e-06,0.04849417536528149,0.00015154429801650466,0.00015747712332790645,8.282962890688287e-05,0.00023437392692338753,2.710505431213761e-20,-1.2254797885058252e-05,1.6940658945086007e-21,0.002072078540033625,0.0,3.075941976275348e-05,0.00017351212522302408,0.0,ppo,ppo,noop,0.0
1.35,0.3027332361889496,0.9041192605692114,8.74100362998965e-05,-20.267223854457647,-3.166753727259008,0.0,8.741003629989651e-05,8.741003629989651e-05,0.7366497416551674,0.002302030442672398,0.0023894404789722946,1.5936621451576093e-35,0.002302030442672398,4.336808689942018e-19,-0.00018545002744410925,2.710505431213761e-20,5.606343502626271e-06,5.953374836894763e-06,0.04837068552906284,0.00015115839227832138,0.00015711176711521614,8.215072413153874e-05,0.00023330911640986012,-2.710505431213761e-20,-1.2217794240050627e-05,-3.3881317890172014e-21,0.0020687213262625377,0.0,3.069505327361306e-05,0.00017323223320405863,0.0,ppo,ppo,noop,0.0
1.3525,0.30259273035499373,0.9043196733238441,8.679466100197108e-05,-20.298891391730237,-3.166753727259008,0.0,8.679466100197105e-05,8.679466100197105e-05,0.7352406305360981,0.0022976269704253066,0.0023844216314272775,3.72279738218254e-35,0.0022976269704253066,-4.336808689942018e-19,-0.00018513390508344843,-2.710505431213761e-20,5.6602659958410845e-06,5.94191235250572e-06,0.048301522481612916,0.00015094225775504037,0.0001568841701075461,8.141604136279463e-05,0.000232358299117835,0.0,-1.2189547679178145e-05,-1.6940658945086007e-21,0.0020652686713074717,0.0,3.062917243370362e-05,0.00017294435740427029,0.0,ppo,ppo,noop,0.0
1.355,0.3024529654789615,0.9045190517635162,8.618823803096836e-05,-20.330558929002823,-3.166753727259008,0.0,8.618823803096834e-05,8.618823803096834e-05,0.7338374197910998,0.002293241936847187,0.0023794301748781554,4.15949892903298e-35,0.002293241936847187,0.0,-0.00018481855704807895,-2.710505431213761e-20,5.703350905354418e-06,5.925006495139628e-06,0.048201815301236406,0.00015063067281636378,0.0001565556793115034,8.070654271539915e-05,0.00023133721553176293,0.0,-1.2154685457187905e-05,1.6940658945086007e-21,0.0020619047213154243,0.0,3.0565055540235574e-05,0.00017266387159089105,0.0,ppo,ppo,noop,0.0
1.3575,0.3023139363837737,0.9047174024081444,8.559064686690267e-05,-20.362226466275416,-3.166753727259008,0.0,8.559064686690268e-05,8.559064686690268e-05,0.7324400734042027,0.0022888752293881336,0.0023744658762550365,6.376254990687472e-35,0.0022888752293881336,0.0,-0.00018450398428786275,0.0,5.768534003707165e-06,5.9983997087084535e-06,0.048101532787634405,0.00015031728996135751,0.00015631568967006598,8.005197856819678e-05,0.0002303692685295543,2.710505431213761e-20,-1.21234857037142e-05,1.6940658945086007e-21,0.0020585059608585793,0.0,3.050009516271434e-05,0.00017238049858414855,0.0,ppo,ppo,noop,0.0
1.36,0.30217563793587804,0.9049147317316146,8.500176860059694e-05,-20.39389400354801,-3.166753727259008,0.0,8.500176860059694e-05,8.500176860059693e-05,0.7310485556194357,0.0022845267363107366,0.0023695285049113333,2.2083254019488886e-35,0.0022845267363107366,0.0,-0.0001841901876819729,-2.710505431213761e-20,5.792253868402149e-06,5.9397196324185555e-06,0.04802142234063732,0.0001500669448144916,0.00015600666444691018,7.93569804962112e-05,0.00022942392531070282,0.0,-1.209354736225474e-05,-1.6940658945086007e-21,0.0020551028110000337,0.0,3.0436454297467065e-05,0.00017209664031971815,0.0,ppo,ppo,noop,0.0
1.3625,0.30203806504482805,0.905111046162122,8.442148591144603e-05,-20.425561540820595,-3.166753727259008,0.0,8.442148591144603e-05,8.442148591144605e-05,0.7296628309388724,0.002280196346683976,0.002364617832595422,2.1685726942941968e-35,0.002280196346683976,0.0,-0.00018387716804029797,0.0,5.8448373067661065e-06,5.928286227544422e-06,0.04795254635043217,0.00014985170734510051,0.00015577999357264494,7.866009752545825e-05,0.00022851180487055875,0.0,-1.2065606079609084e-05,0.0,0.0020516845418134173,0.0,3.0372048158254084e-05,0.00017181156196068888,0.0,ppo,ppo,noop,0.0
1.365,0.3019012126628664,0.905306352082508,8.38496830455019e-05,-20.457229078093185,-3.166753727259008,0.0,8.384968304550189e-05,8.384968304550188e-05,0.7282828641206879,0.0022758839503771496,0.0023597336334226513,3.791025875119385e-35,0.0022758839503771496,0.0,-0.00018356492610482102,0.0,5.956292615777998e-06,5.749418686832721e-06,0.04774498802481607,0.0001492030875775502,0.00015495250626438293,7.768651650077862e-05,0.00022688960407832884,0.0,-1.1977289398475437e-05,0.0,0.002048994346298821,0.0,3.0316267400637432e-05,0.0001715876367063456,0.0,ppo,ppo,noop,0.0
1.3675,0.3017650757845139,0.9055006558305947,8.328624579387041e-05,-20.48889661536578,-3.166753727259008,0.0,8.32862457938704e-05,8.32862457938704e-05,0.7269086201772289,0.0022715894380538402,0.0023548756838477104,6.364638675853599e-35,0.0022715894380538402,0.0,-0.00018325346255097574,-8.131516293641283e-20,6.006249704899393e-06,5.738489737670182e-06,0.04767661852905195,0.00014898943290328736,0.00015472792264095754,7.701223612174179e-05,0.00022600166902502915,0.0,-1.1949969572005585e-05,0.0,0.002045587769028811,0.0,3.0252557511514694e-05,0.00017130349297897016,0.0,ppo,ppo,noop,0.0
1.37,0.3016296494461612,0.9056939636995176,8.273106147141844e-05,-20.52056415263837,-3.166753727259008,0.0,8.273106147141844e-05,8.273106147141843e-05,0.7255400643730975,0.0022673127011659296,0.0023500437626373482,2.958968564744943e-35,0.0022673127011659296,4.336808689942018e-19,-0.00018294277798897938,2.710505431213761e-20,6.069955561843537e-06,5.7509197257813275e-06,0.047575806536418845,0.0001486743954263089,0.00015442531515209022,7.63420700735127e-05,0.0002250164654998216,0.0,-1.191377161842097e-05,-1.6940658945086007e-21,0.002042296235666108,0.0,3.0190278365421314e-05,0.0001710290063705584,0.0,ppo,ppo,noop,0.0
1.3725,0.3014949287256666,0.9058862819380561,8.218401889578599e-05,-20.552231689910954,-3.166753727259008,0.0,8.218401889578599e-05,8.218401889578598e-05,0.7241771622232456,0.0022630536319476423,0.002345237650843428,2.2783326353336429e-35,0.0022630536319476423,-4.336808689942018e-19,-0.00018263287296514148,-2.710505431213761e-20,6.1423044918236395e-06,5.736779498765604e-06,0.047494504485799074,0.0001484203265181221,0.00015415710601688771,7.563618941090431e-05,0.00022405651592902643,0.0,-1.1878987998707158e-05,-1.6940658945086007e-21,0.002038997116018616,0.0,3.0127881119388523e-05,0.00017075388496643433,0.0,ppo,ppo,noop,0.0
1.375,0.3013609087419567,0.90607761675096,8.164500836669832e-05,-20.583899227183558,-3.166753727259008,0.0,8.164500836669833e-05,8.164500836669832e-05,0.7228198794910817,0.0022588121234096304,0.0023404571317763288,2.7301213116082246e-35,0.0022588121234096304,0.0,-0.0001823237479631514,2.710505431213761e-20,6.191290283651684e-06,5.725926087366075e-06,0.047426296548176275,0.00014820717671305085,0.00015393310280041692,7.498835388676104e-05,0.0002231955305998119,-2.710505431213761e-20,-1.18518819490059e-05,-3.3881317890172014e-21,0.0020356165928098187,0.0,3.0065227937518748e-05,0.0001704718660141455,0.0,ppo,ppo,noop,0.0
1.3775,0.30122758465463273,0.9062679742992769,8.111392164557413e-05,-20.615566764456137,-3.166753727259008,0.0,8.111392164557413e-05,8.111392164557412e-05,0.721468182186592,0.0022545880693331,0.002335701990978674,2.764951123157997e-35,0.0022545880693331,-4.336808689942018e-19,-0.00018201540340534239,-2.710505431213761e-20,6.239957443804339e-06,5.715102050034145e-06,0.04735810254561959,0.00014799407045506123,0.00015370917250509536,7.43491088079996e-05,0.00022234317926306084,-2.710505431213761e-20,-1.1824836179759068e-05,-3.3881317890172014e-21,0.0020322448900700393,0.0,3.0002922710235545e-05,0.0001701905672255833,0.0,ppo,ppo,noop,0.0
1.3800000000000001,0.3010949516635797,0.9064573607006734,8.059065193542555e-05,-20.64723430172873,-3.166753727259008,0.0,8.059065193542555e-05,8.059065193542555e-05,0.7201220365644723,0.002250381364263976,0.0023309720161994014,2.1542231800668084e-35,0.002250381364263976,0.0,-0.0001817078396539348,-2.710505431213761e-20,6.232638741496386e-06,5.650493267471329e-06,0.04725598743224599,0.00014767496072576872,0.00015332545399324006,7.377586771990411e-05,0.00022145082844567284,0.0,-1.1793912764449093e-05,0.0,0.002028930535818303,0.0,2.9943160647883106e-05,0.00016991392688948568,0.0,ppo,ppo,noop,0.0
1.3825,0.30096300500858114,0.9066457820297575,8.007509386104607e-05,-20.67890183900132,-3.166753727259008,0.0,8.007509386104606e-05,8.007509386104606e-05,0.7187814091222726,0.002246191903507102,0.0023262669973681477,2.0946211919309092e-35,0.002246191903507102,-4.336808689942018e-19,-0.00018140105701225687,-5.421010862427522e-20,6.240401145458711e-06,5.678452483805445e-06,0.04716636548578607,0.0001473948921430815,0.00015307334462688694,7.327274405393409e-05,0.00022066763619701558,0.0,-1.1771458517578614e-05,-1.6940658945086007e-21,0.0020255242673100863,0.0,2.988193207857711e-05,0.00016962959849467827,0.0,ppo,ppo,noop,0.0
1.385,0.3008317399689368,0.9068332443183966,7.95671434494801e-05,-20.710569376273916,-3.166753727259008,0.0,7.956714344948012e-05,7.956714344948014e-05,0.717446266598555,0.0022420195831204847,0.002321586726569965,5.09730094003543e-35,0.0022420195831204847,0.0,-0.00018109505572594533,2.710505431213761e-20,6.260811237908079e-06,5.632714875745143e-06,0.04704027128794889,0.0001470008477748403,0.00015263356265058544,7.267823584940908e-05,0.00021967908362424937,0.0,-1.1731121337994882e-05,1.6940658945086007e-21,0.0020223404994962352,0.0,2.9823624343877266e-05,0.00016936393438795043,0.0,ppo,ppo,noop,0.0
1.3875,0.300701151863085,0.9070197535560334,7.906669811077397e-05,-20.7422369135465,-3.166753727259008,0.0,7.906669811077397e-05,7.906669811077397e-05,0.7161165759710625,0.0022378642999095703,0.0023169309980203443,7.34768933063017e-35,0.0022378642999095703,0.0,-0.00018078983598412385,0.0,6.394389711141909e-06,5.694120174753056e-06,0.04692702078668353,0.00014664693995838603,0.0001523410601331391,7.19720388632432e-05,0.00021861897882162923,2.710505431213761e-20,-1.168389215182119e-05,0.0,0.002019245321087941,0.0,2.9763628943203954e-05,0.00016910594383230267,0.0,ppo,ppo,noop,0.0
1.3900000000000001,0.3005712360482294,0.907205315690001,7.857365661900013e-05,-20.773904450819085,-3.166753727259008,0.0,7.857365661900012e-05,7.857365661900012e-05,0.7147923044549015,0.002233725951421567,0.0023122996080405674,2.1506546510899697e-35,0.002233725951421567,4.336808689942018e-19,-0.0001804853979205627,0.0,6.4229221703673104e-06,5.627926429292198e-06,0.04681787705017005,0.0001463058657817814,0.00015193379221107358,7.13557387075577e-05,0.00021766160448933908,0.0,-1.1644899863034228e-05,0.0,0.0020160643469322283,0.0,2.9705546255422803e-05,0.00016884049805752845,0.0,ppo,ppo,noop,0.0
1.3925,0.30044198791996873,0.9073899366258341,7.808791909355232e-05,-20.805571988091682,-3.166753727259008,0.0,7.808791909355234e-05,7.808791909355232e-05,0.7134734195007365,0.0022296044359398017,0.002307692355033354,6.370312466514331e-35,0.0022296044359398017,0.0,-0.00018018174161481702,0.0,6.469637990597013e-06,5.617417247006922e-06,0.04675046000523961,0.00014609518751637377,0.0001517126047633807,7.076606035936522e-05,0.00021686124787573897,5.421010862427522e-20,-1.1618415757863852e-05,-1.6940658945086007e-21,0.0020127431880640626,0.0,2.964523680579025e-05,0.00016856332585695317,0.0,ppo,ppo,noop,0.0
1.395,0.30031340291193137,0.9075736222275784,7.760938698071011e-05,-20.837239525364275,-3.166753727259008,0.0,7.760938698071011e-05,7.760938698071013e-05,0.7121598887929961,0.002225499652478113,0.002303109039458823,4.7421797165089964e-35,0.002225499652478113,4.336808689942018e-19,-0.0001798788670933457,0.0,6.51604772383416e-06,5.606936330417803e-06,0.046683062116938276,0.00014588456911543212,0.00015149150544584993,7.01842278634596e-05,0.00021606879697889171,0.0,-1.1591991075542077e-05,1.6940658945086007e-21,0.0020094308554992214,0.0,2.9585255289766905e-05,0.00016828687601780362,0.0,ppo,ppo,noop,0.0
1.3975,0.30018547649541333,0.9077563783180991,7.713796303546254e-05,-20.86890706263686,-3.166753727259008,0.0,7.713796303546254e-05,7.713796303546254e-05,0.7108516802480921,0.002221411500775288,0.0022985494638107506,2.1880054415375512e-35,0.002221411500775288,4.336808689942018e-19,-0.00017957677433061097,0.0,6.5621525756052695e-06,5.596483606647426e-06,0.04661568422500875,0.00014567401320315235,0.00015127049680979977,6.961014149089943e-05,0.00021528415469405178,0.0,-1.156562582500955e-05,-1.6940658945086007e-21,0.002006127346081236,0.0,2.9525598956513733e-05,0.00016801114850560143,0.0,ppo,ppo,noop,0.0
1.4000000000000001,0.30005820417902074,0.9079382106793853,7.667355130359506e-05,-20.90057459990945,-3.166753727259008,0.0,7.667355130359505e-05,7.667355130359504e-05,0.7095487620126515,0.0022173398812895357,0.0022940134325931307,2.699838201562516e-35,0.0022173398812895357,0.0,-0.00017927546325015873,-2.710505431213761e-20,6.9175703115408755e-06,5.859156024163627e-06,0.047778641877469524,0.00014930825586709226,0.00015516741189125588,6.869756670467694e-05,0.0002180058225717692,0.0,-1.1831887993163067e-05,-3.3881317890172014e-21,0.0019993340587177665,0.0,2.9409643929582096e-05,0.00016744357525699566,0.0,ppo,ppo,noop,0.0
1.4025,0.29993158150831484,0.9081191250528526,7.621605710402941e-05,-20.932242137182048,-3.166753727259008,0.0,7.621605710402941e-05,7.621605710402942e-05,0.7082511024617593,0.0022132846951929976,0.002289500752297027,2.2764955691258924e-35,0.0022132846951929976,0.0,-0.0001789749337256802,-2.710505431213761e-20,6.9216731345367244e-06,5.817017221950517e-06,0.04769074168286535,0.0001490335677589542,0.00015485058498090472,6.818972805690648e-05,0.0002172232958158607,0.0,-1.1804630523761242e-05,-3.3881317890172014e-21,0.0019960613993771368,0.0,2.9351949942796073e-05,0.00016717030320191896,0.0,ppo,ppo,noop,0.0
1.405,0.2998056040654626,0.908299127139645,7.576538701141597e-05,-20.96390967445463,-3.166753727259008,0.0,7.576538701141596e-05,7.576538701141596e-05,0.7069586701972145,0.002209245844366295,0.0022850112313777112,3.557939596543397e-35,0.002209245844366295,4.336808689942018e-19,-0.00017867518558205473,2.710505431213761e-20,6.932710128615512e-06,5.7407602808299475e-06,0.047598022719484184,0.00014874382099838807,0.00015448458127921802,6.76407270350149e-05,0.00021638454803340297,0.0,-1.1772071694385619e-05,-1.6940658945086007e-21,0.001992861296332892,0.0,2.9295250595608758e-05,0.0001669031138876691,0.0,ppo,ppo,noop,0.0
1.4075,0.29968026746888915,0.9084782226009332,7.532144883897439e-05,-20.995577211727216,-3.166753727259008,0.0,7.532144883897439e-05,7.53214488389744e-05,0.7056714340457984,0.00220522323139312,0.0022805446802320944,4.0988473218685946e-35,0.00220522323139312,0.0,-0.0001783762185963748,-2.710505431213761e-20,6.595218165631015e-06,5.481908653986545e-06,0.04818762567766613,0.00015058633024270666,0.0001560682388966932,6.761292116169891e-05,0.00021819925140440557,0.0,-1.1962205293568417e-05,0.0,0.0019870239799887144,0.0,2.9212058779227427e-05,0.0001664140133028064,0.0,ppo,ppo,noop,0.0
1.41,0.2995555673729352,0.9086564170582105,7.488415162157854e-05,-21.027244748999813,-3.166753727259008,0.0,7.488415162157854e-05,7.488415162157856e-05,0.7043893630575546,0.002201216759554858,0.0022761009111764365,3.488635640447734e-35,0.002201216759554858,0.0,-0.00017807803249895323,0.0,6.665575738670694e-06,5.553419685039195e-06,0.048083315485305984,0.0001502603608915812,0.00015581378057662038,6.710641982927634e-05,0.00021736678072085754,0.0,-1.192891295227599e-05,-1.6940658945086007e-21,0.0019838499788340006,0.0,2.9154454755444777e-05,0.00016614911954667726,0.0,ppo,ppo,noop,0.0
1.4125,0.2994314994675178,0.9088337160935889,7.445340559908143e-05,-21.058912286272403,-3.166753727259008,0.0,7.445340559908143e-05,7.445340559908143e-05,0.7031124265040808,0.0021972263328252526,0.0022716797384243342,2.7939729906887877e-35,0.0021972263328252526,4.336808689942018e-19,-0.00017778062697431228,0.0,6.612559740380987e-06,5.578438578449048e-06,0.047921536351058946,0.0001497548010970592,0.00015533323967550824,6.680672469676851e-05,0.0002165615257938277,0.0,-1.1897641337330322e-05,-1.6940658945086007e-21,0.001980664807031425,0.0,2.9100270125755e-05,0.00016588298563698195,0.0,ppo,ppo,noop,0.0
1.415,0.29930805947779426,0.909010125250089,7.402912219987867e-05,-21.090579823544992,-3.166753727259008,0.0,7.402912219987868e-05,7.40291221998787e-05,0.701840593876834,0.002193251855865106,0.002267280978064985,3.9022708151356246e-35,0.002193251855865106,0.0,-0.000177484001662156,2.710505431213761e-20,6.6625643674829625e-06,5.588933900032039e-06,0.04784292677985919,0.00014950914618705997,0.000155098080087092,6.629292736494479e-05,0.00021580207355200476,0.0,-1.1869426833253467e-05,-1.6940658945086007e-21,0.001977449782313101,0.0,2.9043019620130525e-05,0.00016561457482890254,0.0,ppo,ppo,noop,0.0
1.4175,0.2991852431638301,0.9091856500319313,7.36112140247054e-05,-21.122247360817582,-3.166753727259008,0.0,7.361121402470539e-05,7.361121402470539e-05,0.7005738348854461,0.002189293234017019,0.0022629044480417244,3.483312626482876e-35,0.002189293234017019,0.0,-0.00017718815615832536,-2.710505431213761e-20,6.704953134373344e-06,5.578357955080436e-06,0.04777302171466684,0.00014929069285833386,0.0001548690508134143,6.577966571103915e-05,0.00021507035856937302,-2.710505431213761e-20,-1.184302093723548e-05,-1.6940658945086007e-21,0.001974222875447646,0.0,2.8985990493647226e-05,0.0001653451352210899,0.0,ppo,ppo,noop,0.0
1.42,0.2990630463202702,0.9093602959048257,7.319959483066243e-05,-21.15391489809017,-3.166753727259008,0.0,7.319959483066244e-05,7.319959483066244e-05,0.699312119456053,0.0021853503733001655,0.002258549968130828,2.3346395192092248e-35,0.0021853503733001655,0.0,-0.00017689309001573682,0.0,6.841076041183106e-06,5.6554452781973725e-06,0.047668898535056396,0.00014896530792205123,0.0001546207532002486,6.517288802649359e-05,0.00021413819594854483,0.0,-1.1799064948837903e-05,-1.6940658945086007e-21,0.0019712121773516208,0.0,2.892952950575125e-05,0.00016509402506689893,0.0,ppo,ppo,noop,0.0
1.4225,0.2989414647760138,0.9095340682962545,7.279417951547149e-05,-21.18558243536276,-3.166753727259008,0.0,7.279417951547149e-05,7.279417951547149e-05,0.6980554177296345,0.002181423180405108,0.0022542173599205797,4.300704479398621e-35,0.002181423180405108,4.336808689942018e-19,-0.00017659880274530405,0.0,6.8830630773282685e-06,5.644712344997417e-06,0.04759913913983241,0.00014874730981197628,0.00015439202215697368,6.467276570581237e-05,0.00021342007551778866,-2.710505431213761e-20,-1.1772752348067999e-05,-3.3881317890172014e-21,0.001968003104887319,0.0,2.8873100213954064e-05,0.00016482605039723605,0.0,ppo,ppo,noop,0.0
1.425,0.2988204943938925,0.9097069725957586,7.23948841019523e-05,-21.217249972635347,-3.166753727259008,0.0,7.23948841019523e-05,7.23948841019523e-05,0.6968037000603674,0.0021775115626886483,0.0022499064467906005,4.907541029534496e-35,0.0021775115626886483,-4.336808689942018e-19,-0.00017630529381684423,-5.421010862427522e-20,6.924763725862359e-06,5.634006046792713e-06,0.04752940308592711,0.00014852938464352222,0.00015416339069031492,6.417936269702031e-05,0.00021270874734054252,0.0,-1.1746496780822156e-05,-1.6940658945086007e-21,0.0019648028153481057,0.0,2.8816967865493043e-05,0.00016455879703602207,0.0,ppo,ppo,noop,0.0
1.4275,0.298700131070352,0.9098790141552185,7.200162572272066e-05,-21.24891750990794,-3.166753727259008,0.0,7.200162572272066e-05,7.200162572272066e-05,0.6955569370139888,0.002173615428168715,0.0022456170538914357,3.796138999581289e-35,0.002173615428168715,-4.336808689942018e-19,-0.00017601256265996782,-5.421010862427522e-20,6.9661792172721455e-06,5.623326333448635e-06,0.0474596912052642,0.0001483115350164506,0.00015393486134989925,6.3692593621625e-05,0.00021200412863807563,0.0,-1.1720298251655989e-05,-1.6940658945086007e-21,0.0019616112995306397,0.0,2.8761130021088407e-05,0.00016429226440831183,0.0,ppo,ppo,noop,0.0
1.43,0.2985803707351367,0.9100501982891338,7.161432260510434e-05,-21.280585047180534,-3.166753727259008,0.0,7.161432260510433e-05,7.161432260510433e-05,0.6943150993661727,0.0021697346855192898,0.002241349008124394,4.7305147180159446e-35,0.0021697346855192898,0.0,-0.00017572060866495297,-2.710505431213761e-20,7.007310783265559e-06,5.612673154530388e-06,0.047390004323288736,0.0001480937635102773,0.00015370643666480767,6.32123741931036e-05,0.0002113061377033809,0.0,-1.1694156763195117e-05,0.0,0.001958428547815909,0.0,2.8705584265816318e-05,0.00016402645190175785,0.0,ppo,ppo,noop,0.0
1.4325,0.2984612093509783,0.9102205302749012,7.123289405627193e-05,-21.312252584453123,-3.166753727259008,0.0,7.123289405627193e-05,7.123289405627193e-05,0.6930781581009174,0.002165869244065367,0.0022371021381216386,2.662312308759183e-35,0.002165869244065367,-4.336808689942018e-19,-0.00017542943118360453,-2.710505431213761e-20,7.048159656632934e-06,5.602046459310267e-06,0.04732034325899688,0.00014787607268436525,0.00015347811914367553,6.273862120231633e-05,0.0002106146938866816,0.0,-1.1668072316167168e-05,0.0,0.001955254550178685,0.0,2.865032820883373e-05,0.00016376135886743737,0.0,ppo,ppo,noop,0.0
1.435,0.29834264291328744,0.9103900153530902,7.085726044857348e-05,-21.343920121725716,-3.166753727259008,0.0,7.085726044857349e-05,7.08572604485735e-05,0.6918460844089467,0.002162019013777958,0.0022328762742265316,2.3347234495822118e-35,0.002162019013777958,0.0,-0.0001751390295300984,-2.710505431213761e-20,7.086876570754826e-06,5.591033434286185e-06,0.04720324685748437,0.00014751014642963865,0.00015310117986392483,6.227454074135002e-05,0.00020978468717098867,-2.710505431213761e-20,-1.1629891157427779e-05,-1.6940658945086007e-21,0.0019522343266069695,0.0,2.8597404575550264e-05,0.00016350913837267063,0.0,ppo,ppo,noop,0.0
1.4375,0.29822466744984777,0.9105586587277165,7.048734320508751e-05,-21.375587658998306,-3.166753727259008,0.0,7.048734320508752e-05,7.048734320508752e-05,0.6906188496861188,0.002158183905269121,0.0022286712484742084,4.7539552549202585e-35,0.002158183905269121,-4.336808689942018e-19,-0.00017484940298181012,-5.421010862427522e-20,7.1670333923380756e-06,5.638718171861784e-06,0.04711190296524961,0.00014722469676640502,0.0001528634149382668,6.179199459227314e-05,0.00020901669135867817,-2.710505431213761e-20,-1.159633237166438e-05,-5.082197683525802e-21,0.0019491672139104429,0.0,2.8542853791081114e-05,0.00016325307061014575,0.0,ppo,ppo,noop,0.0
1.44,0.2981072790205146,0.9107264655665138,7.012306478537436e-05,-21.40725519627089,-3.166753727259008,0.0,7.012306478537436e-05,7.012306478537439e-05,0.6893964255318512,0.002154363829787035,0.0022244868945724095,3.71587780119168e-35,0.002154363829787035,0.0,-0.0001745605507801298,-2.710505431213761e-20,7.270244356243058e-06,5.66774172581616e-06,0.04699846605725646,0.00014687020642892642,0.00015253794815474258,6.12503177987044e-05,0.00020812052422763082,0.0,-1.155150222711557e-05,0.0,0.001946243305559404,0.0,2.8489793171001665e-05,0.0001630090485530142,0.0,ppo,ppo,noop,0.0
1.4425000000000001,0.2979904737169157,0.9108934410012035,6.976434867143037e-05,-21.438922733543485,-3.166753727259008,0.0,6.976434867143037e-05,6.976434867143037e-05,0.6881787837475541,0.002150558699211107,0.002220323047882537,4.6797183556288375e-35,0.002150558699211107,-4.336808689942018e-19,-0.00017427247213126196,-5.421010862427522e-20,7.13946334702454e-06,5.588000305644678e-06,0.04684067402028666,0.0001463771063133958,0.00015196510661904047,6.107342228302597e-05,0.00020745052859642176,0.0,-1.1525712988329271e-05,-1.6940658945086007e-21,0.0019431081706146852,0.0,2.844041599194752e-05,0.0001627467591429327,0.0,ppo,ppo,noop,0.0
1.445,0.29787424766215587,0.9110595901277625,6.941111935384093e-05,-21.470590270816075,-3.166753727259008,0.0,6.941111935384091e-05,6.941111935384093e-05,0.6869658963350782,0.0021467684260471193,0.00221617954540096,1.6166225028195822e-35,0.0021467684260471193,-4.336808689942018e-19,-0.00017398516620701225,-5.421010862427522e-20,7.09380910411498e-06,5.568183036165871e-06,0.046716959341319766,0.00014599049794162427,0.00015155868097779015,6.079168418177683e-05,0.0002067821821234011,2.710505431213761e-20,-1.1499403048341732e-05,0.0,0.0019399862439237181,0.0,2.838903029230027e-05,0.0001624857631586705,0.0,ppo,ppo,noop,0.0
1.4475,0.2977585970105235,0.9112249180066884,6.906330231812926e-05,-21.502257808088665,-3.166753727259008,0.0,6.906330231812926e-05,6.906330231812926e-05,0.6857577354951697,0.002142992923422405,0.0022120562257405343,3.06439683299448e-35,0.002142992923422405,0.0,-0.00017369863214555898,0.0,7.149239099892426e-06,5.579289734478104e-06,0.04663310986113488,0.0001457284683160465,0.0001513077580505246,6.0344113852822505e-05,0.000206072582168869,0.0,-1.1468944771510346e-05,1.6940658945086007e-21,0.0019369203412535362,0.0,2.8335783911787594e-05,0.00016222968737404864,0.0,ppo,ppo,noop,0.0
1.45,0.29764351794720184,0.9113894296632634,6.872082403129805e-05,-21.533925345361254,-3.166753727259008,0.0,6.872082403129805e-05,6.872082403129805e-05,0.6845542736259423,0.0021392321050810697,0.0022079529291123678,2.454773947457874e-35,0.0021392321050810697,0.0,-0.00017341286905221234,-2.710505431213761e-20,7.188217227592701e-06,5.568670355181688e-06,0.04656457264086522,0.0001455142895027038,0.0001510829598578855,5.991305993129433e-05,0.00020542734943399815,2.710505431213761e-20,-1.1443473380881046e-05,0.0,0.0019338047556470715,0.0,2.8282453631409174e-05,0.0001619693956713313,0.0,ppo,ppo,noop,0.0
1.4525000000000001,0.297529006687982,0.9115531300878165,6.838361192856194e-05,-21.565592882633844,-3.166753727259008,0.0,6.838361192856194e-05,6.838361192856195e-05,0.6833554833213554,0.0021354858853792355,0.0022038694973077976,3.8611557662896173e-35,0.0021354858853792355,4.336808689942018e-19,-0.00017312787600015918,2.710505431213761e-20,7.226928345502315e-06,5.558077538293328e-06,0.046496066099575385,0.00014530020656117307,0.0001508582840994664,5.948783277585063e-05,0.0002047880393370237,-2.710505431213761e-20,-1.1418057645727377e-05,-1.6940658945086007e-21,0.0019306978460422119,0.0,2.822939481360274e-05,0.0001617098183544318,0.0,ppo,ppo,noop,0.0
1.455,0.2974150594789792,0.9117160242359829,6.805159440026633e-05,-21.597260419906434,-3.166753727259008,0.0,6.805159440026633e-05,6.805159440026633e-05,0.6821613373697069,0.002131754179280334,0.0021998057736806005,2.9585381989109005e-35,0.002131754179280334,0.0,-0.00017284365203119515,0.0,7.3142543424946835e-06,5.584452019449382e-06,0.04640373617982247,0.0001450116755619452,0.00015059612758139458,5.900753773472635e-05,0.00020401921329667156,-2.710505431213761e-20,-1.1381235322958367e-05,-3.3881317890172014e-21,0.0019277349659836626,0.0,2.8177122357347525e-05,0.00016146241670823678,0.0,ppo,ppo,noop,0.0
1.4575,0.29730167259635254,0.9118781170289618,6.772470077899156e-05,-21.62892795717902,-3.166753727259008,0.0,6.772470077899158e-05,6.772470077899158e-05,0.6809718087521368,0.0021280369023504277,0.0021957616031294193,2.51932249532127e-35,0.0021280369023504277,0.0,-0.00017256019615644418,0.0,7.352807770285382e-06,5.573893697237229e-06,0.046335369623210616,0.0001447980300725332,0.00015037192376977042,5.8592978935658024e-05,0.0002033910090081912,0.0,-1.1355885959005082e-05,0.0,0.0019246458933422366,0.0,2.8124596901776694e-05,0.0001612043101974391,0.0,ppo,ppo,noop,0.0
1.46,0.2971888423460268,0.9120394133537735,6.740286132683905e-05,-21.660595494451613,-3.166753727259008,0.0,6.740286132683905e-05,6.740286132683905e-05,0.6797868706411405,0.0021243339707535643,0.0021917368320804034,2.1274035423343106e-35,0.0021243339707535643,0.0,-0.00017227750735706422,0.0,7.393564024322964e-06,5.560263393253861e-06,0.04625402099656226,0.00014454381561425708,0.00015010407900751095,5.817599667144698e-05,0.00020271981228570405,2.710505431213761e-20,-1.1326503640033378e-05,1.6940658945086007e-21,0.0019216141584678602,0.0,2.8072938267497386e-05,0.00016095100371703083,0.0,ppo,ppo,noop,0.0
1.4625000000000001,0.2970765650634179,0.9121999180635114,6.708600722289508e-05,-21.69226303172421,-3.166753727259008,0.0,6.708600722289508e-05,6.70860072228951e-05,0.6786064963990946,0.002120645301247171,0.002187731308470066,1.9064875078868905e-35,0.002120645301247171,0.0,-0.00017199558458494155,-2.710505431213761e-20,7.431461978219183e-06,5.549734749131736e-06,0.046185752107841364,0.00014433047533700426,0.000149880210086136,5.7772818015588455e-05,0.00020210329335259273,0.0,-1.1301293780903554e-05,0.0,0.001918542007894578,0.0,2.8020939611778106e-05,0.00016069429080403799,0.0,ppo,ppo,noop,0.0
1.465,0.29696483711316074,0.9123596359775968,6.677407055087417e-05,-21.723930568996792,-3.166753727259008,0.0,6.677407055087417e-05,6.677407055087417e-05,0.6774306595767949,0.0021169708111774843,0.0021837448817283583,3.3229159031129454e-35,0.0021169708111774843,0.0,-0.00017171442676337237,-5.421010862427522e-20,6.89179939358094e-06,5.04253580307154e-06,0.04677385298783999,0.00014616829058699995,0.00015121082639007148,5.803300756678383e-05,0.00020420129815378377,0.0,-1.1504583621291953e-05,0.0,0.0019127695130237005,0.0,2.7947828999224846e-05,0.0001602098431420804,0.0,ppo,ppo,noop,0.0
1.4675,0.29685365488884013,0.9125185718820272,6.64669842869335e-05,-21.75559810626938,-3.166753727259008,0.0,6.64669842869335e-05,6.64669842869335e-05,0.6762593339120013,0.002113310418475004,0.0021797774027619374,4.056058830326776e-35,0.002113310418475004,0.0,-0.00017143403278773166,-2.710505431213761e-20,6.93443993657779e-06,5.024712075044487e-06,0.046694970128983465,0.00014592178165307332,0.0001509464937281178,5.762281648882242e-05,0.00020354459814189574,-2.710505431213761e-20,-1.1475175396884589e-05,-3.3881317890172014e-21,0.0019097658203331082,0.0,2.7896909852554445e-05,0.00015995885739084707,0.0,ppo,ppo,noop,0.0
1.47,0.2967430148127242,0.9126767305296262,6.616468228766014e-05,-21.787265643541975,-3.166753727259008,0.0,6.616468228766013e-05,6.616468228766011e-05,0.6750924933279993,0.0021096640416499975,0.0021758287239376575,3.305190718780952e-35,0.0021096640416499975,0.0,-0.00017115440152613146,-2.710505431213761e-20,6.943934337679697e-06,5.0786607045044496e-06,0.046590760421156584,0.0001455961263161143,0.00015067478702061876,5.735547431680519e-05,0.0002029516006329195,0.0,-1.1450783841293532e-05,0.0,0.001906712441017078,0.0,2.7846350607219876e-05,0.00015970361768483793,0.0,ppo,ppo,noop,0.0
1.4725,0.2966329133355009,0.9128341166402887,6.586709927822796e-05,-21.818933180814568,-3.166753727259008,0.0,6.586709927822796e-05,6.586709927822797e-05,0.6739301119321676,0.0021060315997880235,0.0021718986990662513,3.785155506891513e-35,0.0021060315997880235,-4.336808689942018e-19,-0.00017087553182006617,-5.421010862427522e-20,6.9807549205385276e-06,5.0690589436553995e-06,0.04652158064845968,0.0001453799395264365,0.0001504489984700919,5.69746483808063e-05,0.0002023545879072428,-2.710505431213761e-20,-1.1425596210367719e-05,1.6940658945086007e-21,0.0019036770118807808,0.0,2.7795416472563312e-05,0.00015944993560969845,0.0,ppo,ppo,noop,0.0
1.475,0.2965233469360172,0.9129907349012274,6.557417084071924e-05,-21.850600718087154,-3.166753727259008,0.0,6.557417084071924e-05,6.557417084071924e-05,0.6727721640145597,0.0021024130125454994,0.0021679871833862187,2.0423123835804679e-35,0.0021024130125454994,0.0,-0.00017059742248504725,-2.710505431213761e-20,7.017317117475031e-06,5.059482052899094e-06,0.046452437074963035,0.00014516386585925947,0.00015022334791215856,5.6599018658668264e-05,0.00020176288451792773,0.0,-1.1400464073137502e-05,-3.3881317890172014e-21,0.0019006501280275717,0.0,2.7744734946280355e-05,0.00015919695841190974,0.0,ppo,ppo,noop,0.0
1.4775,0.2964143121210205,0.9131465899672142,6.528583340261151e-05,-21.88226825535974,-3.166753727259008,0.0,6.52858334026115e-05,6.528583340261151e-05,0.6716186240464955,0.0020988082001452985,0.00216409403354791,1.9179337546899653e-35,0.0020988082001452985,4.336808689942018e-19,-0.00017032007231122616,2.710505431213761e-20,7.053622150750916e-06,5.049929977064172e-06,0.04638333041703094,0.00014494790755322168,0.00014999783753028584,5.622851907817384e-05,0.00020117642663139554,0.0,-1.1375387404861126e-05,-1.6940658945086007e-21,0.001897631773513903,0.0,2.7694304027255865e-05,0.00015894468490636502,0.0,ppo,ppo,noop,0.0
1.48,0.2963058054249033,0.9133016864608224,6.500202422542685e-05,-21.913935792632337,-3.166753727259008,0.0,6.500202422542684e-05,6.500202422542684e-05,0.6704694666791621,0.0020952170833723814,0.0021602191075978084,4.4698611816239604e-35,0.0020952170833723814,4.336808689942018e-19,-0.00017004348006400614,0.0,6.99937914745045e-06,4.915105202426719e-06,0.04625136371601001,0.00014453551161253128,0.000149450616814958,5.591837113295266e-05,0.00020045388274548393,2.710505431213761e-20,-1.1338734529946314e-05,1.6940658945086007e-21,0.0018947632006268975,0.0,2.764854728501727e-05,0.00015870474553405982,0.0,ppo,ppo,noop,0.0
1.4825,0.29619782340945033,0.9134560289726661,6.47226813935377e-05,-21.945603329904927,-3.166753727259008,0.0,6.472268139353767e-05,6.472268139353768e-05,0.6693246667422275,0.0020916395835694607,0.0021563622649629984,3.7221875569751704e-35,0.0020916395835694607,0.0,-0.00016976764448464363,0.0,7.035074753316215e-06,4.9059400983923155e-06,0.04618254436686095,0.00014432045114644046,0.00014922639124483278,5.555847198529758e-05,0.00019987892313173806,0.0,-1.1313869171678368e-05,-1.6940658945086007e-21,0.0018917606604377227,0.0,2.7598597932249065e-05,0.00015845377531296527,0.0,ppo,ppo,noop,0.0
1.485,0.296090362663588,0.913609622061637,6.444774380313253e-05,-21.977270867177516,-3.166753727259008,0.0,6.444774380313254e-05,6.444774380313256e-05,0.6681841992424641,0.0020880756226327,0.0021525233664358326,2.3025909523712145e-35,0.0020880756226327,-4.336808689942018e-19,-0.00016949256429083827,-2.710505431213761e-20,6.976625567618256e-06,4.859001853494014e-06,0.04604683370252639,0.00014389635532039495,0.00014875535717388897,5.5353494521390034e-05,0.00019924984984178497,2.710505431213761e-20,-1.1284318167855534e-05,1.6940658945086007e-21,0.0018888257727909153,0.0,2.7552288991118237e-05,0.00015820824612298274,0.0,ppo,ppo,noop,0.0
1.4875,0.2959834198031369,0.9137624702551406,6.41771511513353e-05,-22.008938404450102,-3.166753727259008,0.0,6.417715115133531e-05,6.417715115133532e-05,0.6670480393623821,0.002084525123007444,0.002148702274158779,2.967296908309187e-35,0.002084525123007444,0.0,-0.0001692182381773126,-2.710505431213761e-20,7.032821405877603e-06,4.87507298418604e-06,0.04595177529232776,0.00014359929778852426,0.0001484743707727103,5.4986581323766134e-05,0.00019858587911229038,2.710505431213761e-20,-1.1251209439815437e-05,1.6940658945086007e-21,0.0018859392438951535,0.0,2.750361168930465e-05,0.00015796702873749715,0.0,ppo,ppo,noop,0.0
1.49,0.29587699147056623,0.9139145780493304,6.391084392547561e-05,-22.040605941722696,-3.166753727259008,0.0,6.391084392547561e-05,6.391084392547562e-05,0.6659161624588743,0.002080988007683982,0.0021448988516094575,3.5474299911748575e-35,0.002080988007683982,-4.336808689942018e-19,-0.0001689446648163815,-5.421010862427522e-20,7.071994553153199e-06,4.868363113781792e-06,0.04587844407574514,0.00014337013773670356,0.00014823850085048535,5.463521793295101e-05,0.00019800535566965458,-2.710505431213761e-20,-1.1224776739152394e-05,0.0,0.0018829826520143276,0.0,2.745455698810249e-05,0.00015771988807722912,0.0,ppo,ppo,noop,0.0
1.4925,0.29577107433475125,0.9140659499093403,6.364876339251219e-05,-22.072273478995285,-3.166753727259008,0.0,6.364876339251219e-05,6.364876339251218e-05,0.6647885440618716,0.0020774642001933487,0.002141112963585861,2.1680389639751877e-35,0.0020774642001933487,4.336808689942018e-19,-0.00016867184285851157,2.710505431213761e-20,7.1241535061562784e-06,4.882857149390096e-06,0.045803313165957066,0.00014313535364361582,0.0001480182107930059,5.428331352958973e-05,0.00019741866717320556,0.0,-1.1197442530735644e-05,-1.6940658945086007e-21,0.001880045533020143,0.0,2.7405529163955925e-05,0.00015747440032777592,0.0,ppo,ppo,noop,0.0
1.495,0.2956656650907333,0.9142165902695145,6.339085158860142e-05,-22.10394101626788,-3.166753727259008,0.0,6.339085158860142e-05,6.339085158860141e-05,0.6636651598730077,0.002073953624603149,0.0021373444761917503,1.7797775567070795e-35,0.002073953624603149,-4.336808689942018e-19,-0.0001683997709328698,-2.710505431213761e-20,7.179515941174869e-06,4.8846867429825705e-06,0.04572693541798082,0.00014289667318119007,0.00014778135992417265,5.391650644923426e-05,0.00019681317963042433,0.0,-1.1168175417195862e-05,0.0,0.0018771404449727247,0.0,2.7356968317737073e-05,0.00015723159551567394,0.0,ppo,ppo,noop,0.0
1.4975,0.29556076045948154,0.9143665035336366,6.313705130881365e-05,-22.135608553540468,-3.166753727259008,0.0,6.313705130881363e-05,6.313705130881365e-05,0.6625459857642944,0.0020704562055134197,0.0021335932568222332,3.2617105403606654e-35,0.0020704562055134197,0.0,-0.00016812844764786306,-2.710505431213761e-20,7.246162501801467e-06,4.8933963603911996e-06,0.04564645847618796,0.00014264518273808736,0.00014753857909847854,5.353812266560191e-05,0.00019618330540368926,0.0,-1.1136492886727085e-05,-1.6940658945086007e-21,0.0018742729001097304,0.0,2.730872644930711e-05,0.00015699195476113597,0.0,ppo,ppo,noop,0.0
1.5,0.29545635718765817,0.9145156940751571,6.288730609699201e-05,-22.167276090813058,-3.166753727259008,0.0,6.288730609699201e-05,6.288730609699201e-05,0.6614309977768088,0.0020669718680525273,0.0021298591741495195,2.979729934642249e-35,0.0020669718680525273,0.0,-0.00016785787159166786,0.0,7.280496579496785e-06,4.884322718067952e-06,0.045578301633636444,0.00014243219260511389,0.00014731651532318184,5.32106356560664e-05,0.00019564282826118028,0.0,-1.1112040214166918e-05,-1.6940658945086007e-21,0.001871329039791347,0.0,2.726043535015958e-05,0.00015674583137750093,0.0,ppo,ppo,noop,0.0
1.5025,0.29535245204738514,0.914664166237418,6.264156023575283e-05,-22.198943628085644,-3.166753727259008,0.0,6.264156023575283e-05,6.264156023575282e-05,0.6603201721193888,0.00206350053787309,0.002126142098108843,2.8589019989027333e-35,0.00206350053787309,0.0,-0.00016758804133275014,-2.710505431213761e-20,7.302699192336894e-06,4.932281546519831e-06,0.04548426486594363,0.00014213832770607385,0.00014707060925259367,5.296844339759888e-05,0.00019510677110367273,0.0,-1.1087651161699304e-05,0.0,0.0018683937667694174,0.0,2.721270593352497e-05,0.00015650039017105083,0.0,ppo,ppo,noop,0.0
1.5050000000000001,0.29524904183601347,0.9148119243338776,6.23997587366276e-05,-22.23061116535824,-3.166753727259008,0.0,6.23997587366276e-05,6.23997587366276e-05,0.659213485167338,0.0020600421411479312,0.002122441899884559,2.905716192112876e-35,0.0020600421411479312,0.0,-0.0001673189554203757,0.0,7.336823827552416e-06,4.923084958239732e-06,0.0454162588817903,0.0001419258090055947,0.00014684889396383442,5.264919603976249e-05,0.00019457500504535717,2.710505431213761e-20,-1.1063263308415667e-05,1.6940658945086007e-21,0.001865467136102574,0.0,2.7164875961867945e-05,0.00015625569211196003,0.0,ppo,ppo,noop,0.0
1.5075,0.2951461233758955,0.9149589726483313,6.216184733033928e-05,-22.262278702630823,-3.166753727259008,0.0,6.216184733033929e-05,6.21618473303393e-05,0.6581109134611457,0.0020565966045660803,0.0021187584518964197,5.115103577687097e-35,0.0020565966045660803,0.0,-0.0001670506123851125,0.0,7.3771743508556e-06,5.004504702008407e-06,0.045298863783250605,0.00014155894932265815,0.00014656345402466655,5.241200333063649e-05,0.00019397095265329464,-2.710505431213761e-20,-1.1032474938352025e-05,-1.6940658945086007e-21,0.0018626256519127856,0.0,2.7118152539133055e-05,0.00015601813744676047,0.0,ppo,ppo,noop,0.0
1.51,0.29504369351415877,0.915105315435132,6.192777245721688e-05,-22.293946239903413,-3.166753727259008,0.0,6.192777245721689e-05,6.19277724572169e-05,0.6570124337052089,0.0020531638553287776,0.0021150916277859946,4.245694374936643e-35,0.0020531638553287776,0.0,-0.00016678301073932205,0.0,7.395620635415684e-06,5.043292175651618e-06,0.045210949696515804,0.00014128421780161188,0.00014632750997726349,5.217982336203712e-05,0.000193464041163649,0.0,-1.1009559590345787e-05,-1.6940658945086007e-21,0.0018596998141651286,0.0,2.7070977118349154e-05,0.00015577345114897625,0.0,ppo,ppo,noop,0.0
1.5125,0.29494174912248206,0.9152509569194102,6.169748125774113e-05,-22.32561377717601,-3.166753727259008,0.0,6.169748125774114e-05,6.169748125774113e-05,0.6559180227665715,0.002049743821145536,0.002111441302403277,4.5528544021167467e-35,0.002049743821145536,-4.336808689942018e-19,-0.0001665161489776436,-5.421010862427522e-20,7.457744224489259e-06,5.0685214419178305e-06,0.04512835432832776,0.00014102610727602426,0.0001460946287179421,5.185051425068045e-05,0.0001928766215267047,0.0,-1.0979475857863413e-05,-1.6940658945086007e-21,0.0018568671996188311,0.0,2.702398644494605e-05,0.0001555366731197802,0.0,ppo,ppo,noop,0.0
1.5150000000000001,0.2948402870968749,0.9153959012972891,6.147092156322414e-05,-22.3572813144486,-3.166753727259008,0.0,6.147092156322414e-05,6.147092156322414e-05,0.6548276576736702,0.0020463364302302197,0.002107807351793444,4.626052065208589e-35,0.0020463364302302197,4.336808689942018e-19,-0.000166250025577469,0.0,7.4786921558248895e-06,5.047062096051711e-06,0.04504179723018764,0.00014075561634433638,0.0001458026784403881,5.1560599347626075e-05,0.00019231621569196247,-2.710505431213761e-20,-1.0951440158761672e-05,-1.6940658945086007e-21,0.0018540202145382572,0.0,2.6978033141700493e-05,0.00015529858541870733,0.0,ppo,ppo,noop,0.0
1.5175,0.2947393043574576,0.9155401527361015,6.124804188661698e-05,-22.38894885172119,-3.166753727259008,0.0,6.124804188661698e-05,6.124804188661697e-05,0.6537413156150889,0.0020429416112971526,0.0021041896531837695,4.874191019667295e-35,0.0020429416112971526,-4.336808689942018e-19,-0.00016598463899940785,-2.710505431213761e-20,7.528292380230846e-06,5.054688915928175e-06,0.0449694153769334,0.00014052942305291689,0.00014558411196884506,5.124614604208347e-05,0.00019177556909500036,0.0,-1.0924685424534954e-05,1.6940658945086007e-21,0.0018511660422021522,0.0,2.6931294262471012e-05,0.00015505995357487288,0.0,ppo,ppo,noop,0.0
1.52,0.2946387978482451,0.9156837153746017,6.102879141344576e-05,-22.42061638899377,-3.166753727259008,0.0,6.1028791413445756e-05,6.102879141344576e-05,0.6526589739383264,0.00203955929355727,0.002100588084970716,4.798046818031956e-35,0.00203955929355727,4.336808689942018e-19,-0.00016571998768774663,0.0,7.5618471523165634e-06,5.04523546238232e-06,0.04490199545930695,0.00014031873581033422,0.00014536397127271655,5.095033257119495e-05,0.00019126906838152916,2.710505431213761e-20,-1.0900526448019873e-05,1.6940658945086007e-21,0.0018482902251757407,0.0,2.6884798826014192e-05,0.00015481946123972675,0.0,ppo,ppo,noop,0.0
1.5225,0.29453876453693195,0.9158265933231805,6.0813119992873556e-05,-22.452283926266368,-3.166753727259008,0.0,6.081311999287357e-05,6.081311999287358e-05,0.6515806101485709,0.002036189406714284,0.0020970025267071576,3.428190986536953e-35,0.002036189406714284,0.0,-0.00016545607007089702,-2.710505431213761e-20,7.595156357406528e-06,5.03580621454975e-06,0.04483462294598745,0.0001401081967062108,0.00014514400292076055,5.065861349261025e-05,0.00019076681019882105,0.0,-1.0876423665717982e-05,-1.6940658945086007e-21,0.001845422596515463,0.0,2.6838521160415465e-05,0.00015457964640517904,0.0,ppo,ppo,noop,0.0
1.5250000000000001,0.2944392014146799,0.9159687906640728,6.0600978128886144e-05,-22.483951463538958,-3.166753727259008,0.0,6.0600978128886144e-05,6.060097812888615e-05,0.650506201907485,0.0020328318809608907,0.002093432859089777,4.834749137765983e-35,0.0020328318809608907,0.0,-0.00016519288456183756,-2.710505431213761e-20,7.636390496989968e-06,5.039737937144617e-06,0.044747920494622714,0.00013983725154569597,0.00014487698948284058,5.036793507205082e-05,0.0001902051866177468,0.0,-1.084702979714513e-05,-1.6940658945086007e-21,0.001842626694343144,0.0,2.679310887617416e-05,0.00015434585476469242,0.0,ppo,ppo,noop,0.0
1.5275,0.2943401054959075,0.9161103114515677,6.039231697160058e-05,-22.515619000811547,-3.166753727259008,0.0,6.039231697160059e-05,6.0392316971600606e-05,0.6494357270320006,0.002029486646975002,0.0020898789639466025,3.664186136030453e-35,0.002029486646975002,0.0,-0.0001649304295585467,0.0,7.652584633144209e-06,5.06944227054695e-06,0.044665776937596616,0.00013958055292998943,0.00014464999520053638,5.015658997585911e-05,0.00018973714290584855,-2.710505431213761e-20,-1.0825247584181528e-05,-1.6940658945086007e-21,0.0018397495040691533,0.0,2.6747363194268974e-05,0.00015410518197436519,0.0,ppo,ppo,noop,0.0
1.53,0.29424147381808213,0.9162511597122167,6.018708830869348e-05,-22.547286538084137,-3.166753727259008,0.0,6.018708830869347e-05,6.018708830869346e-05,0.6483691634931237,0.0020261536359160114,0.002086340724224705,3.5581928772999453e-35,0.0020261536359160114,0.0,-0.00016466870344442842,0.0,7.674005034242101e-06,5.062890440316438e-06,0.04459269557048031,0.00013935217365775097,0.0001444150640980674,4.990196868052572e-05,0.0001892541423382767,0.0,-1.0801911552783294e-05,-1.6940658945086007e-21,0.0018368994935777348,0.0,2.6701941911321716e-05,0.00015386679189164512,0.0,ppo,ppo,noop,0.0
1.5325,0.29414330344151346,0.9163913394450378,5.9985244556948656e-05,-22.578954075356727,-3.166753727259008,0.0,5.9985244556948656e-05,5.998524455694866e-05,0.6473064894147459,0.002022832779421081,0.00208281802397803,5.203898346541327e-35,0.002022832779421081,0.0,-0.0001644077045887291,-2.710505431213761e-20,7.750272036272605e-06,5.048872886119016e-06,0.04449884657311571,0.0001390588955409866,0.00014410776842710562,4.953357337052245e-05,0.00018859246891150903,5.421010862427522e-20,-1.0763185188464026e-05,3.3881317890172014e-21,0.001834240310509572,0.0,2.6657729329982996e-05,0.00015364451940026507,0.0,ppo,ppo,noop,0.0
1.5350000000000001,0.2940455914491498,0.9165308546217209,5.978673875392254e-05,-22.61062161262932,-3.166753727259008,0.0,5.978673875392254e-05,5.978673875392253e-05,0.6462476830724702,0.0020195240096014693,0.002079310748355392,2.509833363558176e-35,0.0020195240096014693,4.336808689942018e-19,-0.0001641474313469481,2.710505431213761e-20,7.761817788381146e-06,4.993238786606954e-06,0.044373395683317655,0.00013866686151036767,0.00014366010029697463,4.9256341963767196e-05,0.00018792320347413486,0.0,-1.072369384076521e-05,0.0,0.0018316008061273344,0.0,2.661565899577101e-05,0.00015342373750618289,0.0,ppo,ppo,noop,0.0
1.5375,0.29394833494637607,0.9166697091868299,5.959152454972228e-05,-22.642289149901913,-3.166753727259008,0.0,5.959152454972228e-05,5.9591524549722295e-05,0.6451927228924413,0.002016227259038879,0.0020758187835886012,3.844245447954594e-35,0.002016227259038879,-4.336808689942018e-19,-0.00016388788206123995,-2.710505431213761e-20,7.845046417447714e-06,5.033925295706701e-06,0.04420500068350706,0.00013814062713595957,0.00014317455243166626,4.893535701053356e-05,0.00018707598414649312,0.0,-1.0668840899203407e-05,0.0,0.001829151274892386,0.0,2.6574320044897183e-05,0.00015321904116203655,0.0,ppo,ppo,noop,0.0
1.54,0.29385153106081346,0.9168079070580043,5.939955619890123e-05,-22.673956687174496,-3.166753727259008,0.0,5.939955619890121e-05,5.9399556198901204e-05,0.6441415874501872,0.002012942460781835,0.0020723420169807363,5.453314457859696e-35,0.002012942460781835,-4.336808689942018e-19,-0.00016362905506080904,-2.710505431213761e-20,7.85818764286846e-06,4.997773426809501e-06,0.044127387512420076,0.00013789808597631273,0.00014289585940312221,4.86809543399738e-05,0.00018657904031628653,0.0,-1.064324371159396e-05,0.0,0.0018263634204655488,0.0,2.6530345768900652e-05,0.00015298581134921507,0.0,ppo,ppo,noop,0.0
1.5425,0.29375517694212205,0.9169454521261581,5.921078855246246e-05,-22.705624224447085,-3.166753727259008,0.0,5.921078855246246e-05,5.921078855246247e-05,0.6430942554694712,0.0020096695483420974,0.00206888033689456,4.6827792054182893e-35,0.0020096695483420974,0.0,-0.00016337094866229797,0.0,7.863792650476405e-06,4.906969686346418e-06,0.0439869838156159,0.0001374593244237997,0.0001423662941101461,4.839017293785607e-05,0.00018584949736165574,2.710505431213761e-20,-1.0597896750591099e-05,-1.6940658945086007e-21,0.0018238200509804415,0.0,2.649002848977254e-05,0.00015277305191170688,0.0,ppo,ppo,noop,0.0
1.545,0.29365926976180434,0.9170823482556782,5.902517704997689e-05,-22.737291761719675,-3.166753727259008,0.0,5.902517704997688e-05,5.902517704997687e-05,0.6420507058211495,0.0020064084556910924,0.0020654336327410694,3.025217199742127e-35,0.0020064084556910924,4.336808689942018e-19,-0.00016311356117016765,0.0,7.891440383662248e-06,4.8628597102486374e-06,0.04389274443013331,0.0001371648263441666,0.00014202768605441524,4.810515599290103e-05,0.00018526998233706762,0.0,-1.0564810706255812e-05,1.6940658945086007e-21,0.0018211384733540247,0.0,2.644729142565044e-05,0.00015254875046391184,0.0,ppo,ppo,noop,0.0
1.5475,0.29356380671301147,0.9172185992846215,5.8842677711806064e-05,-22.768959298992264,-3.166753727259008,0.0,5.884267771180607e-05,5.8842677711806084e-05,0.6410109175220425,0.002003159117256383,0.0020620017949681893,3.701529101652046e-35,0.002003159117256383,0.0,-0.00016285689087707137,2.710505431213761e-20,7.949609034532777e-06,4.8876841710462295e-06,0.04381435046650365,0.00013691984520782392,0.00014180752937887015,4.783114381378674e-05,0.00018475098902161067,-2.710505431213761e-20,-1.0536466030773173e-05,-1.6940658945086007e-21,0.0018184081282347723,0.0,2.6403130043029267e-05,0.0001523204248462982,0.0,ppo,ppo,noop,0.0
1.55,0.29346878501035123,0.9173542090249087,5.866324713143571e-05,-22.800626836264854,-3.166753727259008,0.0,5.86632471314357e-05,5.866324713143569e-05,0.639974869733811,0.0019999214679181595,0.002058584715049595,4.2090018624329363e-35,0.0019999214679181595,-4.336808689942018e-19,-0.0001626009360642213,-2.710505431213761e-20,7.941969806464731e-06,4.84889543594408e-06,0.043721755393780676,0.0001366304856055646,0.0001414793810415087,4.762820295445033e-05,0.00018425868856001494,0.0,-1.051025562090413e-05,0.0,0.0018156627793581446,0.0,2.636065649558938e-05,0.00015209068044331716,0.0,ppo,ppo,noop,0.0
1.5525,0.2933742018896978,0.9174891812625193,5.848684246791212e-05,-22.832294373537447,-3.166753727259008,0.0,5.848684246791213e-05,5.8486842467912146e-05,0.6389425417618432,0.00199669544300576,0.002055182285473672,2.3630363614248878e-35,0.00199669544300576,0.0,-0.00016234569500174877,0.0,8.031905232944954e-06,4.862360075430135e-06,0.04362948459584885,0.00013634213936202766,0.0001412044994374578,4.728539207745235e-05,0.00018362753143948,2.710505431213761e-20,-1.0471922935516691e-05,1.6940658945086007e-21,0.0018130679115662797,0.0,2.631765196354959e-05,0.0001518737720662321,0.0,ppo,ppo,noop,0.0
1.555,0.29328005460800355,0.9176235197576826,5.8313421438385026e-05,-22.863961910810033,-3.166753727259008,0.0,5.8313421438385026e-05,5.831342143838502e-05,0.6379139130541505,0.00199348097829422,0.002051794399732605,1.3527738596939768e-35,0.00199348097829422,0.0,-0.00016209116594905718,0.0,8.12108681436903e-06,4.8858533317619725e-06,0.04354573418913175,0.0001360804193410367,0.00014096627267279867,4.695710114140894e-05,0.00018303752048244565,-2.710505431213761e-20,-1.0436791224048973e-05,-1.6940658945086007e-21,0.0018104434578117745,0.0,2.6274343399913316e-05,0.00015165437472500822,0.0,ppo,ppo,noop,0.0
1.5575,0.2931863404431126,0.9177572282450691,5.814294231075063e-05,-22.895629448082623,-3.166753727259008,0.0,5.814294231075062e-05,5.8142942310750615e-05,0.6368889632002719,0.00199027801000085,0.0020484209523116003,3.757889142338586e-35,0.00199027801000085,-4.336808689942018e-19,-0.0001618373471551692,-2.710505431213761e-20,8.164821238664875e-06,4.934858642979385e-06,0.04343738753850636,0.00013574183605783238,0.00014067669470081178,4.674815847640026e-05,0.00018248999453423264,0.0,-1.0405080694436877e-05,0.0,0.0018077880154666172,0.0,2.6231939458001135e-05,0.00015143226646073234,0.0,ppo,ppo,noop,0.0
1.56,0.29309305669357644,0.917890310433979,5.7975363896399145e-05,-22.927296985355216,-3.166753727259008,0.0,5.797536389639915e-05,5.7975363896399145e-05,0.6358676719301876,0.001987086474781836,0.0020450618386782353,3.869019009805492e-35,0.001987086474781836,0.0,-0.0001615842368590671,-2.710505431213761e-20,8.256158262042997e-06,4.947810274625978e-06,0.04332565101780868,0.0001353926594306521,0.0001403404697052781,4.641085764693913e-05,0.00018180351707759124,0.0,-1.0361367245635648e-05,-1.6940658945086007e-21,0.001805282957704245,0.0,2.619037401681607e-05,0.00015122286961343146,0.0,ppo,ppo,noop,0.0
1.5625,0.2930002006784712,0.91802277000853,5.781064554305817e-05,-22.958964522627806,-3.166753727259008,0.0,5.781064554305817e-05,5.7810645543058154e-05,0.6348500191132391,0.0019839063097288724,0.0020417169552719304,3.303798087879939e-35,0.0019839063097288724,-4.336808689942018e-19,-0.00016133183329002635,-2.710505431213761e-20,8.998199687966582e-06,5.544330270738583e-06,0.04410033812520284,0.00013781355664125886,0.00014335788691199745,4.535857643786358e-05,0.00018317213307912243,2.710505431213761e-20,-1.0488173998145309e-05,1.6940658945086007e-21,0.00180073417664975,0.0,2.6102890862913947e-05,0.00015084365929188105,0.0,ppo,ppo,noop,0.0
1.565,0.29290776973721677,0.9181546106278449,5.764874712773728e-05,-22.990632059900392,-3.166753727259008,0.0,5.7648747127737296e-05,5.764874712773731e-05,0.633835984757062,0.001980737452365819,0.0020383861994935563,4.483220948092447e-35,0.001980737452365819,0.0,-0.0001610801346679442,-2.710505431213761e-20,9.0302127277087e-06,5.534677477423362e-06,0.04403394174944247,0.00013760606796700772,0.00014314074544443108,4.512299914974324e-05,0.00018272906711675098,0.0,-1.0464528545147116e-05,-3.3881317890172014e-21,0.0017980083852490681,0.0,2.6060077922043683e-05,0.00015061560612279707,0.0,ppo,ppo,noop,0.0
1.5675000000000001,0.2928157612293978,0.9182858359262345,5.7489629049768524e-05,-23.02229959717299,-3.166753727259008,0.0,5.748962904976853e-05,5.748962904976853e-05,0.632825549006523,0.001977579840645384,0.0020350694696951526,4.6825414671164986e-35,0.001977579840645384,-4.336808689942018e-19,-0.00016082913920366062,-5.421010862427522e-20,9.03055673295519e-06,5.496393429288677e-06,0.04395223965612647,0.00013735074892539523,0.0001428471423546839,4.4924909013146824e-05,0.00018227565793854205,0.0,-1.0439856956201934e-05,0.0,0.001795304182706842,0.0,2.6018509207327878e-05,0.00015038928224745868,0.0,ppo,ppo,noop,0.0
1.57,0.29272417253458616,0.9184164495133824,5.733325222394158e-05,-23.05396713444557,-3.166753727259008,0.0,5.733325222394159e-05,5.733325222394159e-05,0.6318186921426681,0.0019744334129458375,0.002031766665169779,3.807128815270045e-35,0.0019744334129458375,0.0,-0.00016057884509927483,0.0,9.062209897716042e-06,5.486872736325789e-06,0.04388599665288223,0.00013714373954025697,0.00014263061227658277,4.469570516483529e-05,0.00018183944470509224,0.0,-1.0416323935481244e-05,0.0,0.0017925939682407453,0.0,2.5976072196114948e-05,0.0001501625211637936,0.0,ppo,ppo,noop,0.0
1.5725,0.29263300105216605,0.9185464549745266,5.717957807373358e-05,-23.085634671718164,-3.166753727259008,0.0,5.717957807373356e-05,5.717957807373355e-05,0.6308153945816785,0.001971298108067745,0.0020284776861414786,4.5377920766662645e-35,0.001971298108067745,0.0,-0.00016032925054845445,-2.710505431213761e-20,9.093617801883972e-06,5.477373504632349e-06,0.04381980944734693,0.00013693690452295916,0.0001424142780275915,4.446971597459798e-05,0.00018140662049755715,0.0,-1.0392849025656439e-05,-3.3881317890172014e-21,0.0017898914875701878,0.0,2.5933822596093757e-05,0.000149936401522798,0.0,ppo,ppo,noop,0.0
1.575,0.29254224420115954,0.9186758558706404,5.7028568524633224e-05,-23.117302208990758,-3.166753727259008,0.0,5.702856852463323e-05,5.702856852463324e-05,0.6298156368738345,0.0019681738652307327,0.002025202433755366,1.5212963258637085e-35,0.0019681738652307327,4.336808689942018e-19,-0.00016008035373673985,0.0,9.124781717902072e-06,5.467895690319999e-06,0.04375367854521359,0.00013673024545379246,0.00014219814114411247,4.4246900779149075e-05,0.00018097714623294153,2.710505431213761e-20,-1.0369432139210694e-05,0.0,0.0017871967189977912,0.0,2.5891759026860102e-05,0.00014971092159752917,0.0,ppo,ppo,noop,0.0
1.5775000000000001,0.29245189942005473,0.9188046557386115,5.688018599755304e-05,-23.148969746263354,-3.166753727259008,0.0,5.688018599755303e-05,5.688018599755301e-05,0.6288193997024883,0.001965060624070276,0.002021940810067829,3.016580815787717e-35,0.001965060624070276,-4.336808689942018e-19,-0.00015983215284184242,-2.710505431213761e-20,9.153583977488798e-06,5.484833366936339e-06,0.04368118387960767,0.00013650369962377396,0.0001419885329907103,4.405785140951178e-05,0.00018056155103328574,0.0,-1.0346964045828917e-05,-1.6940658945086007e-21,0.0017844990730369905,0.0,2.5849793083890067e-05,0.0001494851887960135,0.0,ppo,ppo,noop,0.0
1.58,0.2923619641666355,0.9189328580914199,5.673439340233401e-05,-23.180637283535937,-3.166753727259008,0.0,5.673439340233403e-05,5.6734393402334054e-05,0.6278266638830444,0.001961958324634514,0.0020186927180368477,8.853679118700008e-35,0.001961958324634514,-4.336808689942018e-19,-0.0001595846460339374,-2.710505431213761e-20,9.193586060634484e-06,5.455329437449944e-06,0.04359239046345961,0.00013622622019831128,0.00014168154963576122,4.3802550718514986e-05,0.00018002877091682627,-2.710505431213761e-20,-1.0314428899555464e-05,-3.3881317890172014e-21,0.0017819295537176876,0.0,2.580935213672365e-05,0.0001492702171343819,0.0,ppo,ppo,noop,0.0
1.5825,0.29227243591781293,0.9190604664183145,5.659115413133885e-05,-23.212304820808527,-3.166753727259008,0.0,5.659115413133885e-05,5.659115413133886e-05,0.6268374103619488,0.00195886690738109,0.0020154580615124288,4.256208655971618e-35,0.00195886690738109,-4.336808689942018e-19,-0.00015933783147595087,-2.710505431213761e-20,9.256138866632297e-06,5.478770289135258e-06,0.04350969723404744,0.00013596780385639824,0.0001414465741455335,4.355764668720951e-05,0.00017952545054360775,2.710505431213761e-20,-1.0284096638243845e-05,0.0,0.0017793414568374824,0.0,2.5768105805634824e-05,0.00014905373483770703,0.0,ppo,ppo,noop,0.0
1.585,0.2921833121694577,0.9191874841849886,5.645043205313253e-05,-23.243972358081113,-3.166753727259008,0.0,5.6450432053132525e-05,5.645043205313253e-05,0.6258516202156855,0.0019557863131740173,0.0020122367452271497,4.2381103916522236e-35,0.0019557863131740173,-4.336808689942018e-19,-0.00015909170732384163,-2.710505431213761e-20,9.286344524647525e-06,5.469308151134121e-06,0.04344392181750524,0.00013576225567970388,0.000141231563830838,4.334705115497159e-05,0.00017910930683467547,-2.710505431213761e-20,-1.0260937097305036e-05,0.0,0.0017766770063393418,0.0,2.5726768380087365e-05,0.0001488307702265366,0.0,ppo,ppo,noop,0.0
1.5875000000000001,0.2920945904362355,0.9193139148337534,5.631219150624768e-05,-23.275639895353713,-3.166753727259008,0.0,5.631219150624769e-05,5.6312191506247694e-05,0.6248692746497819,0.0019527164832805685,0.002009028674786816,2.3052357073375772e-35,0.0019527164832805685,0.0,-0.00015884627172687782,0.0,9.316311286473425e-06,5.45986714517639e-06,0.043378205019949705,0.00013555689068734284,0.00014101675783251922,4.3139436078477224e-05,0.00017869632676582008,0.0,-1.0237835296811522e-05,-1.6940658945086007e-21,0.0017740201565147485,0.0,2.5685610278674417e-05,0.0001486084364300663,0.0,ppo,ppo,noop,0.0
1.59,0.2920062682514426,0.9194397617837105,5.617639729303763e-05,-23.307307432626295,-3.166753727259008,0.0,5.617639729303764e-05,5.6176397293037646e-05,0.6238903549978224,0.001949657359368195,0.0020058337566612326,2.975690315974034e-35,0.001949657359368195,0.0,-0.000158601522827908,2.710505431213761e-20,9.109907618758108e-06,5.249301096353752e-06,0.04322395299955338,0.00013507485312360431,0.00014032415421995806,4.320588315187517e-05,0.00017828073627547948,2.710505431213761e-20,-1.021486210779677e-05,0.0,0.0017713766230927155,0.0,2.5651202856113132e-05,0.00014838666072011122,0.0,ppo,ppo,noop,0.0
1.5925,0.29191834316684423,0.9195650284309232,5.604301467361086e-05,-23.338974969898885,-3.166753727259008,0.0,5.6043014673610856e-05,5.6043014673610856e-05,0.6229148427204677,0.0019466088835014615,0.0020026518981750723,3.2195125627301336e-35,0.0019466088835014615,0.0,-0.0001583574587636271,0.0,9.051755553091133e-06,5.206920458035652e-06,0.0430887815566272,0.00013465244236446,0.00013985936282249564,4.314642402546425e-05,0.00017779886638992425,-2.710505431213761e-20,-1.0185783924563147e-05,0.0,0.0017688100171115372,0.0,2.5613842534314384e-05,0.00014817167483906397,0.0,ppo,ppo,noop,0.0
1.595,0.29183081275251366,0.9196897181485866,5.591200935984952e-05,-23.37064250717148,-3.166753727259008,0.0,5.591200935984952e-05,5.591200935984952e-05,0.6219427194044858,0.001943570998139018,0.0019994830074988677,2.3624474186808425e-35,0.001943570998139018,2.168404344971009e-19,-0.000158114077664838,0.0,9.081192326905702e-06,5.198114093059545e-06,0.04302374160116805,0.00013444919250365015,0.0001396473065967097,4.294773879909766e-05,0.0001773969313027478,0.0,-1.0163002738844342e-05,0.0,0.0017661740668362702,0.0,2.557318535399198e-05,0.00014795107492599364,0.0,ppo,ppo,noop,0.0
1.5975000000000001,0.2917436745966735,0.9198138342871963,5.578334750950891e-05,-23.402310044444068,-3.166753727259008,0.0,5.57833475095089e-05,5.578334750950889e-05,0.620973966761786,0.0019405436461305812,0.00199632699364009,2.82285140507216e-35,0.0019405436461305812,-2.168404344971009e-19,-0.00015787137765670674,-2.710505431213761e-20,9.165259012480935e-06,5.218140238169297e-06,0.0428975297645752,0.0001340547805142975,0.0001392729207524668,4.2670969722716334e-05,0.00017672575023701382,2.710505431213761e-20,-1.0117326176596429e-05,1.6940658945086007e-21,0.0017638178958935674,0.0,2.5534937304034097e-05,0.00014775405148011032,0.0,ppo,ppo,noop,0.0
1.6,0.291656926305538,0.919937380174715,5.5656995720396635e-05,-23.433977581716654,-3.166753727259008,0.0,5.5656995720396635e-05,5.565699572039664e-05,0.6200085666284663,0.001937526770713957,0.001993183766434354,3.744935331569007e-35,0.001937526770713957,2.168404344971009e-19,-0.0001576293568590147,0.0,9.194582255252416e-06,5.2093857484309035e-06,0.042832783995025436,0.0001338524499844545,0.0001390618357328854,4.2477216958322706e-05,0.00017632966694277718,2.710505431213761e-20,-1.0094645708565357e-05,1.6940658945086007e-21,0.00176119710377118,0.0,2.549461964824632e-05,0.00014753471115044935,0.0,ppo,ppo,noop,0.0
1.6025,0.29157056550315763,0.920060359116739,5.5532921024631626e-05,-23.46564511898925,-3.166753727259008,0.0,5.5532921024631626e-05,5.5532921024631626e-05,0.6190465009638629,0.0019345203155120717,0.0019900532365367033,5.267227568835925e-35,0.0019345203155120717,0.0,-0.00015738801338640419,-2.710505431213761e-20,9.22367316697077e-06,5.200650629129499e-06,0.042768098505363186,0.00013365030782925996,0.00013885095845838946,4.228622531981958e-05,0.00017593653314907954,0.0,-1.0072022152339292e-05,1.6940658945086007e-21,0.001758583782362992,0.0,2.545447372693457e-05,0.0001473159912340649,0.0,ppo,ppo,noop,0.0
1.605,0.291484589831264,0.9201827743966633,5.541109088298099e-05,-23.497312656261837,-3.166753727259008,0.0,5.541109088298099e-05,5.5411090882980986e-05,0.6180877518496112,0.001931524224530035,0.001986935315413016,3.148346228036493e-35,0.001931524224530035,-2.168404344971009e-19,-0.00015714734534862037,-2.710505431213761e-20,9.252532995351743e-06,5.191934838924838e-06,0.04270347374066363,0.00013344835543957386,0.0001386402902784987,4.2097959731202354e-05,0.00017554631517077623,0.0,-1.0049455408938455e-05,-1.6940658945086007e-21,0.0017559779093592588,0.0,2.541449830417729e-05,0.0001470978899396819,0.0,ppo,ppo,noop,0.0
1.6075,0.29139899694911797,0.9203046292758443,5.5291473179273836e-05,-23.52898019353443,-3.166753727259008,0.0,5.5291473179273836e-05,5.5291473179273836e-05,0.6171323014887129,0.0019285384421522278,0.001983829915331502,2.722173626489145e-35,0.0019285384421522278,2.168404344971009e-19,-0.0001569073508507485,0.0,9.289054939289712e-06,5.172081488852022e-06,0.04262143227192341,0.00013319197584976065,0.00013836405733861268,4.188544478954644e-05,0.0001750774206393071,-2.710505431213761e-20,-1.0020089731438421e-05,-1.6940658945086007e-21,0.0017534610215129208,0.0,2.5375596579860897e-05,0.0001468872611193101,0.0,ppo,ppo,noop,0.0
1.61,0.2913137845333574,0.9204259269937624,5.517403621488998e-05,-23.56064773080702,-3.166753727259008,0.0,5.5174036214889964e-05,5.517403621488996e-05,0.61618013220461,0.0019255629131394061,0.001980736949354296,3.541689907873144e-35,0.0019255629131394061,-2.168404344971009e-19,-0.0001566680279934459,-5.421010862427522e-20,9.361231116310455e-06,5.218457252483412e-06,0.042532051312517534,0.0001329126603516173,0.00013813111760410072,4.1670031234752475e-05,0.00017458269158636977,2.710505431213761e-20,-9.988292156957896e-06,0.0,0.0017509802215530364,0.0,2.5336270535530094e-05,0.00014667973583648802,0.0,ppo,ppo,noop,0.0
1.6125,0.2912289502778479,0.9205466707681832,5.505874870332437e-05,-23.592315268079616,-3.166753727259008,0.0,5.5058748703324375e-05,5.505874870332439e-05,0.615231226440268,0.0019225975826258374,0.001977656331329162,3.544566348290089e-35,0.0019225975826258374,2.168404344971009e-19,-0.0001564293748731705,2.710505431213761e-20,9.389600656106245e-06,5.209723236423085e-06,0.042467736164222385,0.00013271167551319495,0.00013792139874961804,4.1489270627534964e-05,0.00017420094614072992,0.0,-9.965888345732872e-06,-1.6940658945086007e-21,0.0017483966364851074,0.0,2.5296794985841442e-05,0.00014646348652743764,0.0,ppo,ppo,noop,0.0
1.615,0.29114449189353403,0.920666863795317,5.494557976482434e-05,-23.6239828053522,-3.166753727259008,0.0,5.494557976482435e-05,5.4945579764824334e-05,0.6142855667572654,0.0019196423961164544,0.001974587975881279,3.161924626495717e-35,0.0019196423961164544,4.336808689942018e-19,-0.000156191389582404,0.0,9.275907745654902e-06,5.090793566104273e-06,0.04237237149738038,0.00013241366092931367,0.00013750445449541793,4.148455783961881e-05,0.0001738982187689325,0.0,-9.95026319096926e-06,0.0,0.001745744177347522,0.0,2.52603374482897e-05,0.00014624112639143475,0.0,ppo,ppo,noop,0.0
1.6175,0.29106040710829256,0.920786509249977,5.4834498921100855e-05,-23.65565034262479,-3.166753727259008,0.0,5.4834498921100855e-05,5.4834498921100855e-05,0.6133431358348898,0.0019166972994840304,0.0019715317984051314,3.9526713057776493e-35,0.0019166972994840304,0.0,-0.00015595407020987118,0.0,9.51376228850019e-06,5.372305028102441e-06,0.042909225403375155,0.00013409132938554735,0.00013946363441364978,4.1179279372202916e-05,0.00017527060875775026,0.0,-1.007406838040815e-05,-3.3881317890172014e-21,0.0017414266907262801,0.0,2.519137508553865e-05,0.00014588000182946302,0.0,ppo,ppo,noop,0.0
1.62,0.2909766936667869,0.9209056102857374,5.472547609010896e-05,-23.687317879897382,-3.166753727259008,0.0,5.472547609010895e-05,5.472547609010894e-05,0.6124039164692425,0.001913762238966383,0.001968487715056492,3.805364546425151e-35,0.001913762238966383,0.0,-0.000155717414840755,0.0,9.545688976585803e-06,5.38291633714172e-06,0.042813758928605,0.0001337929966518906,0.00013917591298903234,4.101701447407907e-05,0.00017481001112596968,2.710505431213761e-20,-1.0044520802600746e-05,0.0,0.0017389522278404134,0.0,2.5153474450363452e-05,0.00014567289403815426,0.0,ppo,ppo,noop,0.0
1.6225,0.29089334933032285,0.9210241700350887,5.461848158090076e-05,-23.71898541716997,-3.166753727259008,0.0,5.461848158090076e-05,5.4618481580900766e-05,0.611467891572351,0.001910837161163597,0.001965455642744498,6.468495126414894e-35,0.001910837161163597,0.0,-0.00015548142155690737,0.0,9.544614071042893e-06,5.350881667928131e-06,0.042743978124073406,0.00013357493163772938,0.00013892581330565752,4.0880135106743096e-05,0.00017445506674447248,2.710505431213761e-20,-1.0023737372541512e-05,1.6940658945086007e-21,0.0017363820944191247,0.0,2.5115221661879555e-05,0.00014545768418436586,0.0,ppo,ppo,noop,0.0
1.625,0.290810371876706,0.9211421916095929,5.4513486088546555e-05,-23.750652954442554,-3.166753727259008,0.0,5.4513486088546555e-05,5.4513486088546555e-05,0.6105350441712863,0.0019079220130352697,0.0019624354991238163,2.700292625095058e-35,0.0019079220130352697,0.0,-0.0001552460884370558,0.0,9.57315261809519e-06,5.342123625100057e-06,0.042679345376771455,0.00013337295430241079,0.00013871507792751086,4.0709304477456234e-05,0.00017408225877986702,2.710505431213761e-20,-1.0001219613654124e-05,0.0,0.0017338397542554027,0.0,2.5076591627147706e-05,0.00014524486882340167,0.0,ppo,ppo,noop,0.0
1.6275,0.29072775910010007,0.9212596781000374,5.441046068912621e-05,-23.782320491715154,-3.166753727259008,0.0,5.4410460689126206e-05,5.4410460689126206e-05,0.6096053574072885,0.0019050167418977765,0.0019594272025869027,3.695972554871593e-35,0.0019050167418977765,-2.168404344971009e-19,-0.00015501141355700598,-2.710505431213761e-20,9.60146063452904e-06,5.333384183276384e-06,0.042614775376548585,0.00013317117305171433,0.00013850455723499072,4.0540923603344516e-05,0.00017371209665505884,2.710505431213761e-20,-9.97875904233194e-06,0.0,0.0017313046452427177,0.0,2.503812154067023e-05,0.00014503265451467403,0.0,ppo,ppo,noop,0.0
1.6300000000000001,0.29064550881088763,0.9213766325765871,5.430937683478556e-05,-23.813988028987744,-3.166753727259008,0.0,5.430937683478557e-05,5.4309376834785576e-05,0.6086788145349004,0.0019021212954215636,0.001956430672256349,1.927417612022107e-35,0.0019021212954215636,-4.336808689942018e-19,-0.0001547773949898405,0.0,9.629539381139659e-06,5.324663303328891e-06,0.042550268538984644,0.000132969589184327,0.0001382942524876559,4.037496137583513e-05,0.00017334455056016216,0.0,-9.956355549830135e-06,-1.6940658945086007e-21,0.0017287767448614015,0.0,2.4999810273044213e-05,0.00014482103944001034,0.0,ppo,ppo,noop,0.0
1.6325,0.2905636188355306,0.921493058088936,5.421020634886272e-05,-23.845655566260334,-3.166753727259008,0.0,5.421020634886272e-05,5.421020634886272e-05,0.6077553989211071,0.0018992356216284596,0.0019534458279773224,2.4960656021366175e-35,0.0018992356216284596,0.0,-0.00015454403080611366,-2.710505431213761e-20,9.657390113809247e-06,5.315960946087683e-06,0.042485825275566096,0.00013276820398614404,0.00013808416493223173,4.0211387067331906e-05,0.00017297959105347594,0.0,-9.934009027163254e-06,0.0,0.0017262560305749837,0.0,2.4961656704978768e-05,0.0001446100217789504,0.0,ppo,ppo,noop,0.0
1.635,0.2904820870164337,0.9216089576664573,5.4112921421075676e-05,-23.877323103532923,-3.166753727259008,0.0,5.411292142107567e-05,5.4112921421075656e-05,0.6068350940444828,0.0018963596688890087,0.0019504725903100842,4.327740158483881e-35,0.0018963596688890087,-2.168404344971009e-19,-0.0001543113190740425,0.0,9.75384916923601e-06,5.378174643975664e-06,0.04237977400576302,0.00013243679376800943,0.0001378149684119851,3.998339772657932e-05,0.00017242019149458875,0.0,-9.895043912421086e-06,0.0,0.0017239394773944199,0.0,2.492447549299144e-05,0.0001444162751616214,0.0,ppo,ppo,noop,0.0
1.6375,0.2904009112118079,0.9217243343183527,5.4017494602779416e-05,-23.908990640805513,-3.166753727259008,0.0,5.4017494602779416e-05,5.401749460277941e-05,0.6059178834943433,0.0018934933859198228,0.0019475108805226023,3.5643130519059305e-35,0.0018934933859198228,0.0,-0.00015407925785969353,0.0,9.781528111209428e-06,5.369422635617369e-06,0.04231556581995226,0.0001322361431873508,0.00013760556582296816,3.982386101597793e-05,0.00017206000420332874,-2.710505431213761e-20,-9.872784015748766e-06,-1.6940658945086007e-21,0.001721433381716494,0.0,2.4886630611261657e-05,0.00014420647384394476,0.0,ppo,ppo,noop,0.0
1.6400000000000001,0.2903200892955361,0.9218391910337994,5.392389880228308e-05,-23.940658178078102,-3.166753727259008,0.0,5.392389880228308e-05,5.392389880228308e-05,0.6050037509699074,0.0018906367217809607,0.0019445606205832438,3.9702041252443944e-35,0.0018906367217809607,0.0,-0.00015384784522716648,-2.710505431213761e-20,9.808475561211153e-06,5.382569916462391e-06,0.04215937920508659,0.0001317480600158956,0.000137130629932358,3.9689517596323175e-05,0.00017143757761221878,0.0,-9.82838848951634e-06,-1.6940658945086007e-21,0.0017191991441687419,0.0,2.4852594314034365e-05,0.00014401945673765015,0.0,ppo,ppo,noop,0.0
1.6425,0.29023961915703966,0.9219535307820981,5.383210728023207e-05,-23.97232571535069,-3.166753727259008,0.0,5.383210728023207e-05,5.383210728023207e-05,0.6040926802794652,0.0018877896258733286,0.0019416217331535606,2.85420870454987e-35,0.0018877896258733286,0.0,-0.00015361707923877444,-2.710505431213761e-20,9.835698014160013e-06,5.3738290617135155e-06,0.042095595193386626,0.0001315487349793332,0.0001369225640410467,3.953454031362556e-05,0.00017108327529295875,2.710505431213761e-20,-9.806318252990578e-06,-1.6940658945086007e-21,0.0017167063505803698,0.0,2.481504486526554e-05,0.00014381076098578385,0.0,ppo,ppo,noop,0.0
1.645,0.29015949870114655,0.9220673565128176,5.374209364505159e-05,-24.003993252623275,-3.166753727259008,0.0,5.374209364505158e-05,5.374209364505159e-05,0.6031846553395488,0.00188495204793609,0.0019386941415811417,2.4153965847598433e-35,0.00188495204793609,0.0,-0.00015338695795521923,0.0,9.862697239510675e-06,5.365106188394542e-06,0.04203187608331459,0.00013134961276035808,0.00013671471894875263,3.938180535442478e-05,0.00017073141811478287,0.0,-9.784304475009637e-06,-1.6940658945086007e-21,0.0017142206298213071,0.0,2.4777647701194348e-05,0.00014360265348020959,0.0,ppo,ppo,noop,0.0
1.6475,0.29007972584796016,0.9221806711559393,5.3653831848450815e-05,-24.035660789895864,-3.166753727259008,0.0,5.365383184845082e-05,5.365383184845081e-05,0.6022796601741165,0.001882123938044114,0.001935777769892565,5.768909917480366e-35,0.001882123938044114,0.0,-0.00015315747943576492,2.710505431213761e-20,9.925270216280362e-06,5.385636620572044e-06,0.04195873386681108,0.00013112104333378463,0.00013650667995435668,3.9188928036462136e-05,0.00017030997137024677,0.0,-9.756226904235822e-06,0.0,0.0017118139666738672,0.0,2.474040747940757e-05,0.00014340125253152909,0.0,ppo,ppo,noop,0.0
1.6500000000000001,0.29000029853272996,0.9222934776220019,5.3567296180988024e-05,-24.067328327168468,-3.166753727259008,0.0,5.3567296180988024e-05,5.356729618098802e-05,0.6013776789137368,0.0018793052466054277,0.0019328725427864156,4.141544322990763e-35,0.0018793052466054277,0.0,-0.00015292864173840635,-2.710505431213761e-20,9.95181655710983e-06,5.376885438487935e-06,0.04189516499662325,0.00013092239061444764,0.00013629927605293557,3.90405485052563e-05,0.00016996293911970394,0.0,-9.734327102196892e-06,-1.6940658945086007e-21,0.0017093423074857237,0.0,2.470331176561234e-05,0.00014319431463620945,0.0,ppo,ppo,noop,0.0
1.6525,0.28992121470572324,0.9224057788022416,5.348246126769524e-05,-24.098995864441054,-3.166753727259008,0.0,5.3482461267695244e-05,5.3482461267695264e-05,0.6004786957947847,0.0018764959243587024,0.0019299783856263977,3.644737982890407e-35,0.0018764959243587024,0.0,-0.00015270044292003566,0.0,9.977013991706676e-06,5.365341602670383e-06,0.04178775195438016,0.00013058672485743802,0.0001359520664601084,3.889377488695227e-05,0.00016948049974439028,-2.710505431213761e-20,-9.700936531189754e-06,-1.6940658945086007e-21,0.0017070154246143121,0.0,2.466829062788976e-05,0.0001429995063888459,0.0,ppo,ppo,noop,0.0
1.655,0.28984247233209776,0.9225175775687348,5.339930206376148e-05,-24.130663401713637,-3.166753727259008,0.0,5.339930206376146e-05,5.3399302063761456e-05,0.5995826951586408,0.0018736959223707526,0.001927095224434514,4.749851869814775e-35,0.0018736959223707526,-2.168404344971009e-19,-0.00015247288103660423,0.0,1.000311338331059e-05,5.356622380145612e-06,0.04172444912416782,0.00013038890351302443,0.00013574552589317004,3.87496976772859e-05,0.00016913860119031034,0.0,-9.679185084910489e-06,0.0,0.0017045573211804423,0.0,2.4631486454633572e-05,0.00014279369595169374,0.0,ppo,ppo,noop,0.0
1.6575,0.28976406939177624,0.9226288767745378,5.3317793850271765e-05,-24.16233093898623,-3.166753727259008,0.0,5.3317793850271765e-05,5.3317793850271765e-05,0.5986896614508976,0.001870905192034055,0.0019242229858843268,2.3897223543677375e-35,0.001870905192034055,2.168404344971009e-19,-0.00015224595414328214,0.0,1.0028995494939203e-05,5.347921089507085e-06,0.04166121286981205,0.00013019129021816267,0.00013553921130766974,3.860772394990045e-05,0.00016879901416806312,0.0,-9.65748952052886e-06,-3.3881317890172014e-21,0.001702106177865992,0.0,2.4594829363012246e-05,0.00014258846462275327,0.0,ppo,ppo,noop,0.0
1.6600000000000001,0.28968600387932153,0.9227396792538256,5.323791223000654e-05,-24.193998476258827,-3.166753727259008,0.0,5.323791223000653e-05,5.323791223000652e-05,0.5977995792205738,0.0018681236850642932,0.0019213615972942999,4.1571367108703956e-35,0.0018681236850642932,2.168404344971009e-19,-0.0001520196602946142,2.710505431213761e-20,1.005466151628084e-05,5.339237694481238e-06,0.041598043555330054,0.00012999388611040642,0.00013533312380488766,3.84678268919261e-05,0.00016846171300233253,0.0,-9.635849728119527e-06,-1.6940658945086007e-21,0.0016996619720619608,0.0,2.4558318338494418e-05,0.00014238381056649467,0.0,ppo,ppo,noop,0.0
1.6625,0.2896082738038131,0.9228499878220301,5.315963312329466e-05,-24.225666013531416,-3.166753727259008,0.0,5.315963312329466e-05,5.315963312329465e-05,0.5969124331193325,0.001865351353497914,0.0019185109866212086,4.5090234200862554e-35,0.001865351353497914,-2.168404344971009e-19,-0.00015179399754467233,0.0,1.0080112632325225e-05,5.330572158767931e-06,0.04153494154096536,0.00012979669231551677,0.0001351272644742847,3.8329980017412144e-05,0.0001681266723329289,0.0,-9.614265597565083e-06,-1.6940658945086007e-21,0.001697224681164985,0.0,2.4521952375488186e-05,0.00014217973194710724,0.0,ppo,ppo,noop,0.0
1.665,0.2895308771887247,0.9229598052759767,5.308293276392253e-05,-24.257333550804,-3.166753727259008,0.0,5.3082932763922515e-05,5.3082932763922515e-05,0.5960282079007082,0.0018625881496897132,0.0019156710824536358,3.274315495525203e-35,0.0018625881496897132,0.0,-0.00015156896394720595,-2.710505431213761e-20,1.006518801847044e-05,5.285326929570451e-06,0.04143794841340338,0.00012949358879188558,0.00013477891572145602,3.823788365655209e-05,0.00016773147244843767,0.0,-9.58760027761099e-06,0.0,0.0016948566772412754,0.0,2.4487692893099455e-05,0.00014198136366959496,0.0,ppo,ppo,noop,0.0
1.6675,0.2894538120718034,0.9230691343940198,5.300778769509809e-05,-24.28900108807659,-3.166753727259008,0.0,5.30077876950981e-05,5.30077876950981e-05,0.5951468884193376,0.00185983402631043,0.001912841814005528,2.632566724468563e-35,0.00185983402631043,2.168404344971009e-19,-0.00015134455755578784,-5.421010862427522e-20,1.009037625505096e-05,5.276813323847188e-06,0.0413750890484002,0.0001292971532762506,0.0001345739666000978,3.8103848508843344e-05,0.00016740100178509396,0.0,-9.56613714052566e-06,-1.6940658945086007e-21,0.001692433024525336,0.0,2.4451607875192514e-05,0.00014177842041526218,0.0,ppo,ppo,noop,0.0
1.67,0.28937707650494926,0.9231779779361791,5.293417476546811e-05,-24.320668625349178,-3.166753727259008,0.0,5.293417476546811e-05,5.293417476546812e-05,0.5942684596301987,0.001857088936344371,0.001910023111109839,4.335271272410199e-35,0.001857088936344371,2.168404344971009e-19,-0.00015112077642395828,-2.710505431213761e-20,1.0221488710386405e-05,5.369808684695511e-06,0.04125291659105671,0.0001289153643470522,0.00013428517303174772,3.7861006029390815e-05,0.00016677637037644302,0.0,-9.51963810315828e-06,-1.6940658945086007e-21,0.001690312565967928,0.0,2.4416821017339717e-05,0.0001416011383208,0.0,ppo,ppo,noop,0.0
1.6725,0.28930066855409714,0.9232863386442716,5.286207112518852e-05,-24.352336162621768,-3.166753727259008,0.0,5.2862071125188526e-05,5.2862071125188526e-05,0.593392906587855,0.001854352833087047,0.0019072149042122354,2.8607884870749093e-35,0.001854352833087047,0.0,-0.0001508976186053654,-2.710505431213761e-20,1.0305633016796223e-05,5.396152769822722e-06,0.04116367264430991,0.00012863647701346847,0.00013403262978329118,3.7646957861418795e-05,0.00016628343487488727,-2.710505431213761e-20,-9.48416256000146e-06,-1.6940658945086007e-21,0.0016880693982121596,0.0,2.4381680031407256e-05,0.00014141345604536394,0.0,ppo,ppo,noop,0.0
1.675,0.2892245862990983,0.9233942192420446,5.279145422204807e-05,-24.384003699894357,-3.166753727259008,0.0,5.2791454222048066e-05,5.2791454222048046e-05,0.5925202144457057,0.0018516256701428303,0.0019044171243648783,3.034341479265427e-35,0.0018516256701428303,0.0,-0.00015067508215390308,0.0,1.0326720576448467e-05,5.397295379971455e-06,0.041083665048081315,0.0001283864532752541,0.00013378374865522557,3.753530844912259e-05,0.0001659217617243767,2.710505431213761e-20,-9.45971366384906e-06,1.6940658945086007e-21,0.0016857039084184535,0.0,2.4346632064876997e-05,0.00014121536849005402,0.0,ppo,ppo,noop,0.0
1.6775,0.2891488278336043,0.9235016224353085,5.272230179764131e-05,-24.415671237166954,-3.166753727259008,0.0,5.2722301797641315e-05,5.272230179764132e-05,0.5916503684552421,0.0018489074014226316,0.001901629703220273,4.498273339736297e-35,0.0018489074014226316,2.168404344971009e-19,-0.0001504531651238456,0.0,1.0392099543656756e-05,5.418200392852387e-06,0.04101328509881363,0.00012816651593379257,0.00013358471632664496,3.735630310318018e-05,0.00016552281903697277,0.0,-9.431914114571359e-06,-1.6940658945086007e-21,0.0016833845823856588,0.0,2.4311041100079254e-05,0.00014102125100927426,0.0,ppo,ppo,noop,0.0
1.68,0.28907339126495096,0.923608550912066,5.2654591883596694e-05,-24.447338774439544,-3.166753727259008,0.0,5.26545918835967e-05,5.265459188359669e-05,0.590783353965311,0.001846197981141597,0.0018988525730251936,3.3156282544137773e-35,0.001846197981141597,0.0,-0.00015023186556998002,-2.710505431213761e-20,1.041650376248248e-05,5.409503306492746e-06,0.04095106120835009,0.00012797206627609403,0.0001333815695825868,3.723108766512447e-05,0.0001652031539412185,2.710505431213761e-20,-9.410735356009769e-06,3.3881317890172014e-21,0.0016809948272003784,0.0,2.4275648212492926e-05,0.00014082113021397026,0.0,ppo,ppo,noop,0.0
1.6825,0.2889982747140447,0.9237150073426433,5.2588302797848215e-05,-24.479006311712133,-3.166753727259008,0.0,5.2588302797848215e-05,5.2588302797848215e-05,0.5899191564213818,0.0018434973638168182,0.0018960856666146663,2.2000964984621042e-35,0.0018434973638168182,-2.168404344971009e-19,-0.00015001118154773515,0.0,1.0440698381790365e-05,5.400823313772461e-06,0.04088890685748205,0.0001277778339296314,0.00013317865724340387,3.710772934803995e-05,0.00016488556327767136,0.0,-9.389611879815148e-06,0.0,0.001678611800539147,0.0,2.424039268126443e-05,0.00014062156966792,0.0,ppo,ppo,noop,0.0
1.685,0.2889234763152485,0.9238209943798171,5.2523413140963834e-05,-24.510673848984723,-3.166753727259008,0.0,5.252341314096382e-05,5.252341314096381e-05,0.5890577613648219,0.0018408055042650685,0.0018933289174060323,2.5925104263223996e-35,0.0018408055042650685,0.0,-0.00014979111111330825,0.0,1.0464684558432474e-05,5.392160382836725e-06,0.04082682237001944,0.00012758381990631075,0.00013297598028914748,3.6986204406935606e-05,0.00016457002431324635,2.710505431213761e-20,-9.36854357148155e-06,1.6940658945086007e-21,0.001676235479951822,0.0,2.420527357739036e-05,0.0001404225675418267,0.0,ppo,ppo,noop,0.0
1.6875,0.2888489942162703,0.9239265146589434,5.245990179251701e-05,-24.542341386257306,-3.166753727259008,0.0,5.2459901792517024e-05,5.2459901792517024e-05,0.5881991544321767,0.0018381223576005522,0.0018905822593930693,2.7082810757197823e-35,0.0018381223576005522,2.168404344971009e-19,-0.0001495716523237891,2.710505431213761e-20,1.0336751822573006e-05,5.2689955896443344e-06,0.040735396126541944,0.00012729811289544356,0.0001325671084850879,3.705539373701533e-05,0.0001643535066324589,2.710505431213761e-20,-9.356015910459182e-06,1.6940658945086007e-21,0.0016737688509680933,0.0,2.4173128458329952e-05,0.00014021563641332992,0.0,ppo,ppo,noop,0.0
1.69,0.2887748265780513,0.9240315707980843,5.23977479075092e-05,-24.574008923529902,-3.166753727259008,0.0,5.2397747907509206e-05,5.2397747907509206e-05,0.5873433213544552,0.0018354478792326726,0.0018878456271401818,4.679288270999649e-35,0.0018354478792326726,0.0,-0.00014935280323728092,-5.421010862427522e-20,1.0359492615811092e-05,5.27573588929644e-06,0.04065165758221608,0.00012703642994442524,0.0001323121658337217,3.6954498565183454e-05,0.0001639909285096087,0.0,-9.330777819645125e-06,1.6940658945086007e-21,0.0016714569507230638,0.0,2.413900463323078e-05,0.00014002202541763578,0.0,ppo,ppo,noop,0.0
1.6925000000000001,0.288700971574656,0.9241361653981326,5.23369309128392e-05,-24.605676460802492,-3.166753727259008,0.0,5.23369309128392e-05,5.233693091283919e-05,0.5864902479564219,0.0018327820248638185,0.0018851189557766578,2.8882015464258165e-35,0.0018327820248638185,2.168404344971009e-19,-0.0001491345619130195,0.0,1.0386600945704449e-05,5.2907123055599905e-06,0.04056887824326511,0.00012677774451020347,0.00013206845681576346,3.685444132699029e-05,0.00016363218583719376,0.0,-9.305738976902113e-06,1.6940658945086007e-21,0.0016691498390266246,0.0,2.4104863307596836e-05,0.00013982882293611738,0.0,ppo,ppo,noop,0.0
1.695,0.2886274273931633,0.9242403010429375,5.22774305038189e-05,-24.63734399807508,-3.166753727259008,0.0,5.2277430503818894e-05,5.227743050381889e-05,0.585639920155895,0.001830124750487172,0.0018824021809909909,3.645725940627795e-35,0.001830124750487172,0.0,-0.00014891692641148905,0.0,1.0432676998106707e-05,5.317232376019108e-06,0.04047804881394044,0.00012649390254356388,0.00013181113491958298,3.672930888362459e-05,0.00016322321142718847,2.710505431213761e-20,-9.27633443701164e-06,-1.6940658945086007e-21,0.0016669015390599834,0.0,2.407104524260231e-05,0.0001396405919744774,0.0,ppo,ppo,noop,0.0
1.6975,0.2885541922335582,0.9243439802994284,5.2219226640733886e-05,-24.669011535347668,-3.166753727259008,0.0,5.221922664073387e-05,5.221922664073385e-05,0.5847923239630483,0.0018274760123845259,0.0018796952390252597,4.700540351860134e-35,0.0018274760123845259,-2.168404344971009e-19,-0.0001486998947945361,-2.710505431213761e-20,1.047952095708609e-05,5.350959576892178e-06,0.04040312339086569,0.0001262597605964553,0.00013161072017334747,3.661114430345388e-05,0.00016287090489990917,-2.710505431213761e-20,-9.251569949360904e-06,1.6940658945086007e-21,0.0016646051074846167,0.0,2.4036579894320258e-05,0.0001394483248451752,0.0,ppo,ppo,noop,0.0
1.7,0.2884812643086246,0.9244472057177372,5.216229954545374e-05,-24.70067907262026,-3.166753727259008,0.0,5.216229954545373e-05,5.216229954545373e-05,0.583947445479721,0.001824835767124128,0.0018769980666695817,2.993824551928543e-35,0.001824835767124128,0.0,-0.00014848346512548062,-5.421010862427522e-20,1.050302361402345e-05,5.342526124350443e-06,0.040341781283415305,0.00012606806651067282,0.00013141059263502327,3.649877844175728e-05,0.0001625668449524301,2.710505431213761e-20,-9.230797560049689e-06,0.0,0.001662268922171698,0.0,2.4002244931333775e-05,0.00013925266756543094,0.0,ppo,ppo,noop,0.0
1.7025000000000001,0.2884086418438397,0.9245499798313201,5.210662969808238e-05,-24.732346609892854,-3.166753727259008,0.0,5.2106629698082366e-05,5.210662969808236e-05,0.583105270898731,0.0018222039715585342,0.0018743106012566167,2.793146464164748e-35,0.0018222039715585342,0.0,-0.00014826763546922482,0.0,1.0544917260073304e-05,5.325156265905151e-06,0.04023428982408351,0.00012573215570026096,0.0001310573119661661,3.634195144384091e-05,0.00016207410714410187,2.710505431213761e-20,-9.194059687326428e-06,0.0,0.0016601298644144324,0.0,2.3970149333274993e-05,0.0001390735757818984,0.0,ppo,ppo,noop,0.0
1.705,0.2883363230772684,0.9246523051570796,5.205219783365406e-05,-24.764014147165437,-3.166753727259008,0.0,5.2052197833654056e-05,5.205219783365407e-05,0.582265786503196,0.0018195805828224876,0.0018716327806561418,4.7493840825088597e-35,0.0018195805828224876,0.0,-0.00014805240389235982,0.0,1.0556458749381436e-05,5.314357822038127e-06,0.04015061695787763,0.0001254706779933676,0.00013078503581540572,3.625363815692931e-05,0.00016172431615029689,2.710505431213761e-20,-9.169272389611478e-06,0.0,0.0016578562666721907,0.0,2.3937072522210457e-05,0.00013888313150274835,0.0,ppo,ppo,noop,0.0
1.7075,0.2882643062594599,0.9247541841954832,5.1998984938874925e-05,-24.795681684438026,-3.166753727259008,0.0,5.1998984938874925e-05,5.199898493887494e-05,0.5814289786658583,0.0018169655583308072,0.0018689645432696821,2.473462400084607e-35,0.0018169655583308072,0.0,-0.0001478377684632697,0.0,1.0382784396797849e-05,5.162445567520277e-06,0.04005147393377641,0.00012516085604305128,0.00013032330161057157,3.639586171279951e-05,0.00016155671775585078,2.710505431213761e-20,-9.160089283371095e-06,0.0,0.0016554088405749564,0.0,2.3906732576149358e-05,0.0001386776791798986,0.0,ppo,ppo,noop,0.0
1.71,0.288192589653344,0.924855619430683,5.194697224890513e-05,-24.82734922171062,-3.166753727259008,0.0,5.194697224890513e-05,5.1946972248905144e-05,0.5805948338484148,0.0018143588557762963,0.0018663058280252013,4.262518589718426e-35,0.0018143588557762963,-2.168404344971009e-19,-0.00014762372725223333,-2.710505431213761e-20,1.0489084036512863e-05,5.217443510640284e-06,0.039960610700832074,0.00012487690844010022,0.0001300943519507405,3.6186247686519687e-05,0.0001610631561266199,0.0,-9.122825213099585e-06,0.0,0.0016532956996496762,0.0,2.3873322718691058e-05,0.00013850090203913374,0.0,ppo,ppo,noop,0.0
1.7125000000000001,0.288121171534129,0.9249566133306344,5.189614124418444e-05,-24.85901675898321,-3.166753727259008,0.0,5.189614124418443e-05,5.189614124418443e-05,0.5797633386008537,0.0018117604331276678,0.0018636565743718522,5.086196329516562e-35,0.0018117604331276678,0.0,-0.00014741027833152398,0.0,1.0510975587002196e-05,5.209268393773644e-06,0.03990001299236432,0.00012468754060113851,0.00012989680899491216,3.6083458463953684e-05,0.0001607709990650922,0.0,-9.10254338061339e-06,-1.6940658945086007e-21,0.0016509894340625757,0.0,2.3839611110686303e-05,0.0001383077349509106,0.0,ppo,ppo,noop,0.0
1.715,0.288050050189201,0.9250571683472125,5.184647364729923e-05,-24.890684296255806,-3.166753727259008,0.0,5.1846473647299216e-05,5.18464736472992e-05,0.5789344795607966,0.0018091702486274894,0.0018610167222747886,2.2139414511155397e-35,0.0018091702486274894,0.0,-0.00014719741977550698,0.0,1.0543217267259606e-05,5.2937228801734315e-06,0.039786608407792516,0.00012433315127435162,0.00012962687415452506,3.605376199295345e-05,0.0001603869132673051,0.0,-9.074433325364736e-06,-1.6940658945086007e-21,0.0016487833353601843,0.0,2.3807024182040286e-05,0.00013812298645014224,0.0,ppo,ppo,noop,0.0
1.7175,0.2879792239180231,0.9251572869163294,5.179795141989176e-05,-24.922351833528385,-3.166753727259008,0.0,5.179795141989176e-05,5.179795141989176e-05,0.5781082434528442,0.001806588260790138,0.0018583862122100298,2.6708219026229303e-35,0.001806588260790138,0.0,-0.00014698514966073465,2.710505431213761e-20,1.0564852667292391e-05,5.285305760322706e-06,0.03972629136634764,0.00012414466051983636,0.00012942996628015907,3.5953551845629685e-05,0.00016009821236546604,0.0,-9.054248278116094e-06,0.0,0.0016464900484246718,0.0,2.377356157033614e-05,0.00013793090138261856,0.0,ppo,ppo,noop,0.0
1.72,0.2879086910320366,0.9252569714580481,5.175055675960759e-05,-24.954019370800985,-3.166753727259008,0.0,5.175055675960758e-05,5.175055675960758e-05,0.5772846170879288,0.0018040144283997775,0.001855764985159385,3.8199396267978715e-35,0.0018040144283997775,0.0,-0.0001467734660660397,-5.421010862427522e-20,1.0548828867487317e-05,5.286514671373741e-06,0.039633689834061875,0.00012385528073144335,0.00012914179540281709,3.5939413696006694e-05,0.00015979469442745005,-2.710505431213761e-20,-9.032814605075522e-06,-1.6940658945086007e-21,0.0016442197339723275,0.0,2.3741481490395635e-05,0.0001377406514609642,0.0,ppo,ppo,noop,0.0
1.7225000000000001,0.2878384498545621,0.9253562243766988,5.1704272097086566e-05,-24.985686908073568,-3.166753727259008,0.0,5.170427209708656e-05,5.170427209708655e-05,0.5764635873626719,0.0018014487105083496,0.001853152982605436,4.608276791960757e-35,0.0018014487105083496,-2.168404344971009e-19,-0.00014656236707262632,-2.710505431213761e-20,1.0568964299771512e-05,5.273978767494558e-06,0.03955865410120777,0.00012362079406627428,0.00012889477283376883,3.5840322265038096e-05,0.00015946111633131238,0.0,-9.008683375863561e-06,-1.6940658945086007e-21,0.0016419875941770371,0.0,2.3708962450416453e-05,0.00013755368369676275,0.0,ppo,ppo,noop,0.0
1.725,0.28776849872070254,0.925455048060992,5.1659080092990306e-05,-25.017354445346157,-3.166753727259008,0.0,5.1659080092990306e-05,5.165908009299031e-05,0.5756451412587459,0.0017988910664335808,0.0018505501465265711,4.804414652787556e-35,0.0017988910664335808,0.0,-0.00014635185076415888,-2.710505431213761e-20,1.0590364181115107e-05,5.265622619807964e-06,0.039498703134812935,0.00012343344729629042,0.00012869906991609838,3.5743974350568056e-05,0.00015917742164685847,0.0,-8.988639379793589e-06,0.0,0.0016397136447867224,0.0,2.3675863794189394e-05,0.0001373632113843653,0.0,ppo,ppo,noop,0.0
1.7275,0.28769883597724616,0.9255534448841307,5.161496363507047e-05,-25.04902198261875,-3.166753727259008,0.0,5.161496363507047e-05,5.161496363507048e-05,0.5748292658422423,0.0017963414557570071,0.0018479564193920777,3.387383258943098e-35,0.0017963414557570071,2.168404344971009e-19,-0.00014614191522684927,0.0,1.0614592128876283e-05,5.215400530954788e-06,0.039409098642321665,0.0001231534332572552,0.00012836883378820999,3.5601179908272694e-05,0.0001587546131655279,0.0,-8.956836527986375e-06,-1.6940658945086007e-21,0.0016375868425914791,0.0,2.3644740251915784e-05,0.0001371850786988629,0.0,ppo,ppo,noop,0.0
1.73,0.2876294599825714,0.9256514172039234,5.1571905835274206e-05,-25.08068951989134,-3.166753727259008,0.0,5.1571905835274206e-05,5.1571905835274206e-05,0.5740159482630429,0.001793799838322009,0.0018453717441572833,1.647323436551942e-35,0.001793799838322009,0.0,-0.0001459325585495414,-2.710505431213761e-20,1.0635477960275408e-05,5.207185714716228e-06,0.03934937293966881,0.00012296679043646502,0.00012817397615118124,3.550813562943961e-05,0.00015847492606590463,0.0,-8.936950781322587e-06,-1.6940658945086007e-21,0.0016353249122561045,0.0,2.3611879688823973e-05,0.0001369956077682188,0.0,ppo,ppo,noop,0.0
1.7325,0.2875603691065515,0.9257489673628935,5.1529890026889524e-05,-25.112357057163926,-3.166753727259008,0.0,5.1529890026889524e-05,5.152989002688953e-05,0.5732051757542004,0.0017912661742318762,0.0018427960642587657,4.817157758026491e-35,0.0017912661742318762,-2.168404344971009e-19,-0.00014572377882379514,-2.710505431213761e-20,1.062369437883643e-05,5.196537243422746e-06,0.039273600685670804,0.00012273000214272126,0.000127926539386144,3.547903851263941e-05,0.00015820904065536067,0.0,-8.918211061884478e-06,0.0,0.0016330571335765156,0.0,2.3579865789331256e-05,0.00013680556776191066,0.0,ppo,ppo,noop,0.0
1.735,0.2874915617304611,0.925846097688392,5.1488899761724686e-05,-25.144024594436527,-3.166753727259008,0.0,5.1488899761724686e-05,5.14888997617247e-05,0.5723969356313172,0.0017887404238478663,0.001840229323609591,2.2339919112487068e-35,0.0017887404238478663,0.0,-0.00014551557414396637,-2.710505431213761e-20,1.0578422883002109e-05,5.143935854519789e-06,0.03920213350393387,0.00012250666719979333,0.00012765060305431312,3.547598985024026e-05,0.0001579826570500336,-2.710505431213761e-20,-8.902775134163731e-06,-1.6940658945086007e-21,0.0016307577667978327,0.0,2.3548366682507605e-05,0.00013661279900980264,0.0,ppo,ppo,noop,0.0
1.7375,0.287423036246883,0.9259428104927048,5.1448918807329034e-05,-25.175692131709113,-3.166753727259008,0.0,5.144891880732903e-05,5.1448918807329014e-05,0.5715912152919363,0.001786222547787301,0.00183767146659463,4.2050221296263435e-35,0.001786222547787301,0.0,-0.00014530794260728705,0.0,1.058279448954604e-05,5.122048373568019e-06,0.039130611942927704,0.00012228316232164906,0.00012740521069521708,3.5405378201804974e-05,0.00015768854052345402,0.0,-8.881460417832556e-06,0.0,0.0016285340072638471,0.0,2.3516569740852864e-05,0.0001364264821894545,0.0,ppo,ppo,noop,0.0
1.74,0.2873547910596158,0.9260391080731617,5.140993114424539e-05,-25.207359668981706,-3.166753727259008,0.0,5.140993114424539e-05,5.140993114424539e-05,0.5707880022149319,0.001783712506921662,0.0018351224380659073,4.25469407774575e-35,0.001783712506921662,0.0,-0.00014510088231394234,0.0,1.0602865357865227e-05,5.113995397657302e-06,0.0390712815543397,0.00012209775485731155,0.00012721175025496884,3.5318195826172237e-05,0.00015741595068348378,0.0,-8.861830343616582e-06,0.0,0.0016262965562381783,0.0,2.3484180116698812e-05,0.00013623905197032577,0.0,ppo,ppo,noop,0.0
1.7425,0.2872868245835831,0.9261349927122453,5.137192096330205e-05,-25.239027206254292,-3.166753727259008,0.0,5.137192096330204e-05,5.137192096330204e-05,0.5699872839599072,0.00178121026237471,0.001832582183338012,3.5110801149389915e-35,0.00178121026237471,0.0,-0.00014489439136714614,0.0,1.0188935634755822e-05,4.784230791741219e-06,0.03965602116341998,0.00012392506613568744,0.00012870929692742865,3.5778280485531626e-05,0.00015970334662121906,0.0,-9.057739575610502e-06,0.0,0.0016215069157534908,0.0,2.3428659382483527e-05,0.00013583665179153564,0.0,ppo,ppo,noop,0.0
1.745,0.2872191352447427,0.9262304666776962,5.13348726629383e-05,-25.27069474352688,-3.166753727259008,0.0,5.1334872662938304e-05,5.133487266293832e-05,0.5691890481665965,0.0017787157755206142,0.0018300506481835526,6.394157752939242e-35,0.0017787157755206142,0.0,-0.00014468846787321488,0.0,1.0201036341142551e-05,4.781829253052667e-06,0.039566537957881044,0.00012364543111837827,0.00012842726037143093,3.571462923370586e-05,0.00015936006035208414,-2.710505431213761e-20,-9.032038984218906e-06,-1.6940658945086007e-21,0.0016193557151685301,0.0,2.3397728239165812e-05,0.000135656428888996,0.0,ppo,ppo,noop,0.0
1.7475,0.2871517214799965,0.9263255322226197,5.129877084656501e-05,-25.30236228079947,-3.166753727259008,0.0,5.129877084656501e-05,5.1298770846565e-05,0.5683932825542736,0.0017762290079821048,0.0018275277788286698,5.435402621036928e-35,0.0017762290079821048,-2.168404344971009e-19,-0.00014448310994163999,0.0,1.0206619050385413e-05,4.796243043604008e-06,0.03949098681793751,0.0001234093338060547,0.00012820557684965872,3.568177578939819e-05,0.0001590911095954529,2.710505431213761e-20,-9.012505921416209e-06,1.6940658945086007e-21,0.001617137898386652,0.0,2.3366086384019376e-05,0.0001354706040202238,0.0,ppo,ppo,noop,0.0
1.75,0.2870845817371028,0.9264201915855916,5.126360031996058e-05,-25.33402981807206,-3.166753727259008,0.0,5.126360031996057e-05,5.126360031996057e-05,0.5675999749211609,0.0017737499216286278,0.0018250135219485884,1.4406393053198117e-35,0.0017737499216286278,0.0,-0.0001442783156851576,0.0,1.0225216706669271e-05,4.788449916418568e-06,0.03943178106465046,0.00012322431582703267,0.00012801276574345123,3.56016168230406e-05,0.00015882593265007327,0.0,-8.993180727717353e-06,-1.6940658945086007e-21,0.0016149239889785545,0.0,2.333416594984569e-05,0.00013528513495744026,0.0,ppo,ppo,noop,0.0
1.7525,0.2870177144745871,0.9265144469907621,5.12293460886999e-05,-25.365697355344654,-3.166753727259008,0.0,5.122934608869989e-05,5.122934608869988e-05,0.5668091131438485,0.0017712784785745266,0.0018225078246632265,5.747475385711651e-35,0.0017712784785745266,0.0,-0.00014407408321981776,0.0,1.0243642070429603e-05,4.780672398175741e-06,0.03937264974884443,0.00012303953046513883,0.00012782020286331456,3.5522734346016426e-05,0.00015856226481115527,0.0,-8.973905632844254e-06,-1.6940658945086007e-21,0.0016127162137633713,0.0,2.3302359798977187e-05,0.0001351001775869735,0.0,ppo,ppo,noop,0.0
1.7550000000000001,0.28695111816165597,0.9266083006479593,5.1195993355616446e-05,-25.397364892617244,-3.166753727259008,0.0,5.1195993355616446e-05,5.119599335561643e-05,0.5660206851767134,0.0017688146411772294,0.001820010634532846,3.35881269906947e-35,0.0017688146411772294,0.0,-0.000143870410665051,0.0,1.0281265314148027e-05,4.790401152764959e-06,0.03930123206375181,0.0001228163501992244,0.00012760675135198936,3.542386388008535e-05,0.00015824021407930976,-2.710505431213761e-20,-8.949615778739274e-06,-3.3881317890172014e-21,0.0016105744270979196,0.0,2.3270957847193572e-05,0.00013492079488631174,0.0,ppo,ppo,noop,0.0
1.7575,0.28688479127810973,0.9267017547527924,5.1163527518298945e-05,-25.429032429889837,-3.166753727259008,0.0,5.116352751829895e-05,5.116352751829896e-05,0.5652346790513465,0.0017663583720354578,0.0018175218995537567,3.379505482194568e-35,0.0017663583720354578,0.0,-0.00014366729614373398,0.0,1.0302967391769752e-05,4.7787519307765155e-06,0.039218323863877746,0.00012255726207461795,0.00012733601400539448,3.5336344665535955e-05,0.0001578936067401539,0.0,-8.923230180856456e-06,0.0,0.001608464765295304,0.0,2.324045984968606e-05,0.00013474406596287753,0.0,ppo,ppo,noop,0.0
1.76,0.28681873231425753,0.9267948114867534,5.113193416661915e-05,-25.460699967162427,-3.166753727259008,0.0,5.1131934166619143e-05,5.113193416661916e-05,0.5644510828759827,0.0017639096339874458,0.001815041568154065,2.2036499340299284e-35,0.0017639096339874458,0.0,-0.0001434647377822532,0.0,1.0316009601427434e-05,4.771370186228245e-06,0.03915198804164031,0.00012234996263012595,0.0001271213328163542,3.527128514999252e-05,0.00015762124778011846,2.710505431213761e-20,-8.903016017146832e-06,1.6940658945086007e-21,0.0016062883862073274,0.0,2.3209306617840802e-05,0.00013456172176510637,0.0,ppo,ppo,noop,0.0
1.7625,0.2867529397708321,0.9268874730173186,5.110119908029249e-05,-25.49236750443501,-3.166753727259008,0.0,5.110119908029249e-05,5.110119908029249e-05,0.5636698848349346,0.0017614683901091706,0.001812569589189463,2.2402889022326423e-35,0.0017614683901091706,-2.168404344971009e-19,-0.00014326273371056682,-2.710505431213761e-20,1.03338795599595e-05,4.763654968095286e-06,0.03909326473507873,0.00012216645229712103,0.00012693010726521633,3.5197094928468774e-05,0.0001573635472255898,0.0,-8.883947451097001e-06,0.0,0.001604104842883581,0.0,2.3177945713347476e-05,0.00013437878625946982,0.0,ppo,ppo,noop,0.0
1.7650000000000001,0.286687412158906,0.926979741498049,5.107130822647034e-05,-25.524035041707602,-3.166753727259008,0.0,5.1071308226470334e-05,5.1071308226470334e-05,0.5628910731880343,0.0017590346037126073,0.0018101059119390776,2.6394175645592405e-35,0.0017590346037126073,0.0,-0.00014306128206226598,-2.710505431213761e-20,1.034138370963251e-05,4.76931908676303e-06,0.03902630928198708,0.00012195721650620963,0.00012672653559297266,3.515785989396835e-05,0.00015711507640017798,0.0,-8.865606082039053e-06,-3.3881317890172014e-21,0.0016019195273124292,0.0,2.3146868721524287e-05,0.0001341956759802269,0.0,ppo,ppo,noop,0.0
1.7675,0.2866221479998082,0.9270716190686902,5.104224775736317e-05,-25.555702578980195,-3.166753727259008,0.0,5.1042247757363166e-05,5.104224775736316e-05,0.5621146362700752,0.001756608238343985,0.001807650486101348,2.1108822896023121e-35,0.001756608238343985,-2.168404344971009e-19,-0.00014286038097463319,0.0,1.0358963852846218e-05,4.7615895223889696e-06,0.03896775428201401,0.00012177423213129378,0.00012653582165368275,3.50859095740597e-05,0.0001568601417053535,0.0,-8.846629673643682e-06,-1.6940658945086007e-21,0.0015997480966386314,0.0,2.311572839169618e-05,0.0001340137513009895,0.0,ppo,ppo,noop,0.0
1.77,0.2865571458250415,0.9271631078552711,5.101400400789436e-05,-25.587370116252785,-3.166753727259008,0.0,5.1014004007894355e-05,5.1014004007894355e-05,0.5613405624902613,0.0017541892577820667,0.001805203261789961,3.1803723944169585e-35,0.0017541892577820667,0.0,-0.00014266002858870046,0.0,1.0376377208461881e-05,4.753875386908535e-06,0.03890927514159827,0.00012159148481749459,0.00012634536020440313,3.501512497787913e-05,0.00015660660979537373,0.0,-8.827702785688023e-06,-1.6940658945086007e-21,0.001597582647986693,0.0,2.308469736301731e-05,0.00013383232580301243,0.0,ppo,ppo,noop,0.0
1.7725,0.28649240417620103,0.927254209970202,5.098656349338622e-05,-25.619037653525375,-3.166753727259008,0.0,5.098656349338624e-05,5.098656349338624e-05,0.5605688403316597,0.0017517776260364364,0.0018027641895298227,3.932627643960477e-35,0.0017517776260364364,0.0,-0.00014246022304930506,-2.710505431213761e-20,1.0393624751712434e-05,4.746176651537982e-06,0.03885087206645007,0.00012140897520765646,0.00012615515185919444,3.4945490641499344e-05,0.00015635446584915581,-2.710505431213761e-20,-8.808825303859939e-06,-3.3881317890172014e-21,0.0015954231601872807,0.0,2.3053774946749838e-05,0.00013365139774544513,0.0,ppo,ppo,noop,0.0
1.7750000000000001,0.286427921604893,0.9273449275123722,5.0959912907273455e-05,-25.650705190797964,-3.166753727259008,0.0,5.095991290727346e-05,5.095991290727347e-05,0.5597994583506581,0.0017493733073458066,0.00180033322025308,1.7294804664739418e-35,0.0017493733073458066,-2.168404344971009e-19,-0.00014226096250514463,-5.421010862427522e-20,1.041070745309084e-05,4.7384932874917834e-06,0.03879254525953692,0.00012122670393605286,0.00012596519722354464,3.487699128858356e-05,0.00015610369522463642,0.0,-8.789997113934424e-06,-3.3881317890172014e-21,0.0015932696121211702,0.0,2.3022960459873456e-05,0.0001334709653912102,0.0,ppo,ppo,noop,0.0
1.7775,0.28636369667265454,0.9274352625672468,5.093403911884769e-05,-25.68237272807055,-3.166753727259008,0.0,5.09340391188477e-05,5.09340391188477e-05,0.5590324051764262,0.0017469762661763318,0.0017979103052951795,2.3463752914125923e-35,0.0017469762661763318,2.168404344971009e-19,-0.00014206224510883027,0.0,1.0427626278362241e-05,4.730825265983674e-06,0.0387342949211011,0.00012104467162844093,0.0001257754968944246,3.480961182810688e-05,0.00015585428345654781,-2.710505431213761e-20,-8.77121810177621e-06,-1.6940658945086007e-21,0.001591121982719784,0.0,2.2992253225030428e-05,0.00013329102700705405,0.0,ppo,ppo,noop,0.0
1.78,0.28629972795087394,0.9275252172069622,5.090892917103077e-05,-25.714040265343144,-3.166753727259008,0.0,5.090892917103076e-05,5.090892917103077e-05,0.5582676695103805,0.0017445864672199392,0.00179549539639097,3.190818500034123e-35,0.0017445864672199392,0.0,-0.00014186406901693822,-2.710505431213761e-20,1.0436306725776615e-05,4.721286370081592e-06,0.0386522247281646,0.00012078820227551437,0.00012550948864559596,3.4757602089559124e-05,0.0001555458043650735,-2.710505431213761e-20,-8.747442627109692e-06,-1.6940658945086007e-21,0.0015890406628548657,0.0,2.2962705327471137e-05,0.00013311662638982853,0.0,ppo,ppo,noop,0.0
1.7825,0.28623601402071236,0.9276147934904223,5.088457027817768e-05,-25.745707802615733,-3.166753727259008,0.0,5.088457027817768e-05,5.088457027817768e-05,0.5575052401256558,0.0017422038753926745,0.0017930884456708522,4.601142351134989e-35,0.0017422038753926745,0.0,-0.00014166643239006083,0.0,1.0452717538993397e-05,4.713633971143529e-06,0.03859419050638149,0.00012060684533244216,0.0001253204793035857,3.469276917133441e-05,0.00015529961450377658,0.0,-8.728807903299871e-06,0.0,0.0015869042608888978,0.0,2.293220810347489e-05,0.00013293762448676096,0.0,ppo,ppo,noop,0.0
1.7850000000000001,0.2861725534730248,0.9277039934633914,5.086094982390651e-05,-25.777375339888323,-3.166753727259008,0.0,5.086094982390652e-05,5.086094982390652e-05,0.5567451058665785,0.001739828455833058,0.0017906894056569647,2.785458049930835e-35,0.001739828455833058,2.168404344971009e-19,-0.00014146933339285547,0.0,1.0468968706133353e-05,4.705996867055023e-06,0.03853623328986354,0.00012042572903082356,0.00012513172589787857,3.462900927869483e-05,0.00015505473830951838,0.0,-8.710221774778124e-06,-1.6940658945086007e-21,0.0015847737175235398,0.0,2.2901816134394488e-05,0.00013275911161807734,0.0,ppo,ppo,noop,0.0
1.7875,0.2861093449082838,0.9277928191585892,5.083805535895733e-05,-25.809042877160913,-3.166753727259008,0.0,5.083805535895734e-05,5.083805535895733e-05,0.5559872556481449,0.0017374601739004528,0.00178829822925941,2.7771527482236286e-35,0.0017374601739004528,0.0,-0.00014127277019409235,0.0,1.0493846938249112e-05,4.742294389260492e-06,0.03845708539609034,0.00012017839186278232,0.0001249206862520428,3.45926558717196e-05,0.00015477104773450192,-2.710505431213761e-20,-8.688300762295417e-06,0.0,0.001582689126165951,0.0,2.2871838733045698e-05,0.00013258446943179695,0.0,ppo,ppo,noop,0.0
1.79,0.28604638693650186,0.9278812725957837,5.0815874599079005e-05,-25.840710414433502,-3.166753727259008,0.0,5.0815874599079e-05,5.0815874599079e-05,0.5552316784555049,0.0017350989951734528,0.0017859148697725318,5.188287079099609e-35,0.0017350989951734528,0.0,-0.00014107674096670153,-2.710505431213761e-20,1.0418673909953884e-05,4.687553612627957e-06,0.038376844779384404,0.00011992763993557627,0.00012461519354820422,3.46660803917992e-05,0.00015459372032737545,0.0,-8.675470348082545e-06,0.0,0.0015805052748460774,0.0,2.2843267568206887e-05,0.000132401270618619,0.0,ppo,ppo,noop,0.0
1.7925,0.2859836781771559,0.927969355781883,5.079439542294137e-05,-25.872377951706085,-3.166753727259008,0.0,5.079439542294137e-05,5.079439542294138e-05,0.5544783633434476,0.0017327448854482738,0.0017835392808712152,4.1661176810753714e-35,0.0017327448854482738,0.0,-0.00014088124388781783,2.710505431213761e-20,1.042804247658352e-05,4.716497742530101e-06,0.03829732934104132,0.00011967915419075412,0.00012439565193328423,3.4654808212304425e-05,0.00015433396240305855,0.0,-8.65547324820939e-06,0.0,0.0015784109230452153,0.0,2.2813621402763216e-05,0.00013222577063960844,0.0,ppo,ppo,noop,0.0
1.795,0.28592121725911185,0.9280570707110273,5.077360587007719e-05,-25.90404548897868,-3.166753727259008,0.0,5.077360587007721e-05,5.077360587007721e-05,0.5537272994358917,0.0017303978107371617,0.001781171416607239,3.42929216580259e-35,0.0017303978107371617,0.0,-0.00014068627713882472,-2.710505431213761e-20,1.0443874029688934e-05,4.708801766679689e-06,0.0382398666605446,0.00011949958331420189,0.00012420838508088157,3.4594659577379016e-05,0.0001540942428915809,0.0,-8.637083073665023e-06,0.0,0.0015763035678455807,0.0,2.2783637667231333e-05,0.0001320491940651597,0.0,ppo,ppo,noop,0.0
1.7975,0.2858590028205497,0.9281444193646797,5.075349413884918e-05,-25.93571302625127,-3.166753727259008,0.0,5.075349413884919e-05,5.07534941388492e-05,0.5529784759253821,0.001728057737266819,0.0017788112314056682,3.5490886518066144e-35,0.001728057737266819,0.0,-0.0001404918389053978,0.0,1.049220554275008e-05,4.732568205114653e-06,0.03817325808143215,0.00011929143150447545,0.0001240239997095901,3.4501651258463676e-05,0.00015379308276293913,0.0,-8.613409464033052e-06,0.0,0.00157426465450388,0.0,2.2753719899588777e-05,0.00013187842944136475,0.0,ppo,ppo,noop,0.0
1.8,0.28579703350889013,0.9282314037117163,5.0734048584441245e-05,-25.96738056352386,-3.166753727259008,0.0,5.073404858444125e-05,5.073404858444126e-05,0.5522318820725871,0.0017257246314768347,0.001776458680061276,4.313364064822086e-35,0.0017257246314768347,0.0,-0.00014029792737754596,-2.710505431213761e-20,1.0519643261288637e-05,4.719673870925247e-06,0.0380695299403158,0.00011896728106348688,0.00012368695493441214,3.4414435932789215e-05,0.0001533817169962761,0.0,-8.5804901739189e-06,1.6940658945086007e-21,0.0015723429144805586,0.0,2.2726006202593017e-05,0.00013171743720362706,0.0,ppo,ppo,noop,0.0
1.8025,0.28573530798072067,0.9283180257085161,5.0715257716880285e-05,-25.999048100796447,-3.166753727259008,0.0,5.071525771688029e-05,5.0715257716880285e-05,0.5514875072058024,0.0017233984600181326,0.0017741137177350128,6.402031144469063e-35,0.0017233984600181326,-2.168404344971009e-19,-0.00014010454074965203,-2.710505431213761e-20,1.0452931051962367e-05,4.6372497132458645e-06,0.03797881820614896,0.0001186838068942155,0.00012332105660746136,3.4446645326201414e-05,0.0001531304522204169,2.710505431213761e-20,-8.561157542815824e-06,0.0,0.0015702680077977157,0.0,2.269879359964251e-05,0.00013154338320683621,0.0,ppo,ppo,noop,0.0
1.805,0.28567382490172333,0.9284042872990492,5.069711019907826e-05,-26.03071563806905,-3.166753727259008,0.0,5.069711019907826e-05,5.069711019907826e-05,0.5507453407204567,0.0017210791897514272,0.0017717762999505055,5.758875737270795e-35,0.0017210791897514272,0.0,-0.0001399116772205119,0.0,1.0410520136592378e-05,4.544038758148531e-06,0.03787466857926691,0.0001183583393102091,0.00012290237806835764,3.442010868404204e-05,0.00015277844799425113,0.0,-8.533269061652284e-06,0.0,0.001568300741757176,0.0,2.2672410476474756e-05,0.0001313784081588596,0.0,ppo,ppo,noop,0.0
1.8075,0.2856125829466026,0.9284901904149656,5.067959484490387e-05,-26.06238317534163,-3.166753727259008,0.0,5.067959484490387e-05,5.0679594844903864e-05,0.5500053720786229,0.0017187667877456964,0.0017694463825906003,3.544324932906646e-35,0.0017187667877456964,0.0,-0.00013971933499337262,-2.710505431213761e-20,1.0359949228396372e-05,4.488146955414156e-06,0.03780002879744337,0.00011812508999201052,0.00012261323694742467,3.444784334352528e-05,0.0001525729333355358,-2.710505431213761e-20,-8.517627060324845e-06,-1.6940658945086007e-21,0.0015661938544101607,0.0,2.2644349315480833e-05,0.00013120170793304777,0.0,ppo,ppo,noop,0.0
1.81,0.2855515807990139,0.9285757369756826,5.066270061727513e-05,-26.09405071261422,-3.166753727259008,0.0,5.066270061727512e-05,5.066270061727511e-05,0.5492675908085339,0.0017164612212766685,0.0017671239218939436,4.2814041509442936e-35,0.0017164612212766685,-2.168404344971009e-19,-0.00013952751227597006,-2.710505431213761e-20,1.0265534795288761e-05,4.394713582130623e-06,0.03767426272577082,0.00011773207101803381,0.00012212678460016442,3.4526344608828237e-05,0.00015225841562686203,-2.710505431213761e-20,-8.492897615498398e-06,-1.6940658945086007e-21,0.0015642028056498064,0.0,2.2619103761904347e-05,0.00013103461466047167,0.0,ppo,ppo,noop,0.0
1.8125,0.28549081715149316,0.9286609288884708,5.064641662627935e-05,-26.12571824988681,-3.166753727259008,0.0,5.064641662627935e-05,5.064641662627936e-05,0.5485319865040983,0.0017141624578253072,0.0017648088744515865,4.021319302596943e-35,0.0017141624578253072,0.0,-0.00013933620728056383,0.0,1.028047995826155e-05,4.387798876941179e-06,0.037617970008459095,0.00011755615627643467,0.00012194395515337586,3.447325558669743e-05,0.00015202941186313212,0.0,-8.475030120445825e-06,-1.6940658945086007e-21,0.001562133045962175,0.0,2.2589785254904324e-05,0.000130861177160118,0.0,ppo,ppo,noop,0.0
1.815,0.28543029070538667,0.9287457680485417,5.06307321273163e-05,-26.157385787159406,-3.166753727259008,0.0,5.06307321273163e-05,5.06307321273163e-05,0.5477985488244257,0.0017118704650763302,0.0017625011972036465,1.78483915152543e-35,0.0017118704650763302,0.0,-0.00013914541822397306,0.0,1.0295277406236017e-05,4.3808981760453036e-06,0.03756175517116937,0.0001173804849099043,0.0001217613830859496,3.4421075490889576e-05,0.00015180156040079388,0.0,-8.457209313371405e-06,-3.3881317890172014e-21,0.0015600689046755363,0.0,2.2560564550811137e-05,0.00013068820891060166,0.0,ppo,ppo,noop,0.0
1.8175000000000001,0.2853700001707814,0.9288302563391319,5.061563651926369e-05,-26.189053324431995,-3.166753727259008,0.0,5.06156365192637e-05,5.061563651926371e-05,0.5470672674933501,0.001709585210916719,0.0017602008474359827,4.344148904959242e-35,0.001709585210916719,0.0,-0.00013895514332760953,-2.710505431213761e-20,1.0309928025537456e-05,4.374011450809684e-06,0.037505618366950905,0.00011720505739672157,0.00012157906884753126,3.4369791918998465e-05,0.00015157484931572004,0.0,-8.439435081294182e-06,-1.6940658945086007e-21,0.001558010361600999,0.0,2.2531441056112404e-05,0.00013051570824631535,0.0,ppo,ppo,noop,0.0
1.82,0.2853099442664366,0.9289143956315882,5.06011193426703e-05,-26.220720861704592,-3.166753727259008,0.0,5.0601119342670294e-05,5.060111934267029e-05,0.5463381322989622,0.001707306663434257,0.0017579077827769272,2.9391081789826323e-35,0.001707306663434257,-2.168404344971009e-19,-0.000138765380817511,-2.710505431213761e-20,1.032443269783243e-05,4.367138672621547e-06,0.037449559746475534,0.00011702987420773605,0.00012139701288035759,3.431939261962699e-05,0.00015134926682736305,-2.710505431213761e-20,-8.421707311404092e-06,-1.6940658945086007e-21,0.001555957396606894,0.0,2.2502414182106708e-05,0.0001303436735061069,0.0,ppo,ppo,noop,0.0
1.8225,0.28525012171971525,0.9289981877854526,5.058717027796537e-05,-26.25238839897717,-3.166753727259008,0.0,5.058717027796536e-05,5.058717027796536e-05,0.54561113309314,0.0017050347909160625,0.0017556219611940278,3.8094883792196187e-35,0.0017050347909160625,-2.168404344971009e-19,-0.0001385761289243723,-2.710505431213761e-20,1.0338792300145642e-05,4.360279812889372e-06,0.03739357945805329,0.00011685493580641655,0.00012121521561930592,3.4269865490563454e-05,0.00015112480129698,0.0,-8.404025891063236e-06,-1.6940658945086007e-21,0.0015539099896190824,0.0,2.247348334485812e-05,0.00013017210303330906,0.0,ppo,ppo,noop,0.0
1.825,0.28519053126651656,0.9290816346485448,5.057377914369892e-05,-26.284055936249764,-3.166753727259008,0.0,5.057377914369892e-05,5.057377914369891e-05,0.5448862597910886,0.001702769561847152,0.0017533433409908509,4.242798395122844e-35,0.001702769561847152,0.0,-0.00013838738588357663,0.0,1.0353007704878303e-05,4.353434843043576e-06,0.03733767764764812,0.00011668024264890038,0.00012103367749194395,3.4221198576985886e-05,0.00015090144122588626,0.0,-8.386390707806935e-06,1.6940658945086007e-21,0.0015518681206212657,0.0,2.2444647965151547e-05,0.0001300009951757697,0.0,ppo,ppo,noop,0.0
1.8275000000000001,0.28513117165120905,0.9291647380570457,5.056093589479855e-05,-26.315723473522358,-3.166753727259008,0.0,5.056093589479855e-05,5.0560935894798546e-05,0.5441635023708797,0.0017005109449089993,0.0017510718808037978,2.7977219379274867e-35,0.0017005109449089993,0.0,-0.00013819914993522497,0.0,1.0367079779825506e-05,4.3466037345372216e-06,0.03728185445889332,0.00011650579518404163,0.00012085239891857885,3.417338006968477e-05,0.0001506791752537264,0.0,-8.368801649344888e-06,-1.6940658945086007e-21,0.0015498317696552729,0.0,2.2415907468448308e-05,0.00012983034828588008,0.0,ppo,ppo,noop,0.0
1.83,0.2850720416265642,0.9292474998355795,5.0548630620850886e-05,-26.347391010794954,-3.166753727259008,0.0,5.054863062085089e-05,5.05486306208509e-05,0.5434428508729968,0.001698258908978115,0.001748807539598966,4.1375308442387515e-35,0.001698258908978115,2.168404344971009e-19,-0.00013801141932416508,0.0,1.0233182828016844e-05,4.252786650082356e-06,0.03720082032802455,0.00011625256352507671,0.00012050535017515906,3.4335051614899545e-05,0.00015058761513997627,0.0,-8.362470608230305e-06,0.0,0.0015476712938381387,0.0,2.2389544238906195e-05,0.00012964894871593478,0.0,ppo,ppo,noop,0.0
1.8325,0.2850131399536904,0.9293299217972958,5.053685354440535e-05,-26.37905854806753,-3.166753727259008,0.0,5.0536853544405347e-05,5.053685354440534e-05,0.542724295399882,0.0016960134231246312,0.0017465502766690366,3.8360107408792003e-35,0.0016960134231246312,2.168404344971009e-19,-0.00013782419230001894,0.0,1.0247019606247739e-05,4.2461677444395965e-06,0.03714523589268523,0.00011607886216464134,0.00012032502990908093,3.4288982076349463e-05,0.0001503678442409908,0.0,-8.345001886288315e-06,0.0,0.0015456455788836402,0.0,2.236098578092707e-05,0.00012947919041373063,0.0,ppo,ppo,noop,0.0
1.835,0.28495446540196795,0.9294120057439492,5.0525595019297846e-05,-26.410726085340123,-3.166753727259008,0.0,5.052559501929784e-05,5.0525595019297825e-05,0.5420078261154893,0.001693774456610904,0.0017443000516302017,2.2215499277147886e-35,0.001693774456610904,-2.168404344971009e-19,-0.0001376374671172102,-2.710505431213761e-20,1.0260717197618527e-05,4.239562362487364e-06,0.03708973032022766,0.00011590540725071143,0.0001201449696131988,3.4243722986548156e-05,0.0001501491302372596,0.0,-8.327578619733754e-06,0.0,0.0015436253263736443,0.0,2.2332520520980104e-05,0.00012930988849747644,0.0,ppo,ppo,noop,0.0
1.8375000000000001,0.28489601674898435,0.9294937534659821,5.051484552899847e-05,-26.44239362261272,-3.166753727259008,0.0,5.0514845528998465e-05,5.0514845528998465e-05,0.5412934332448386,0.0016915419788901206,0.001742056824419119,6.392222686356215e-35,0.0016915419788901206,0.0,-0.00013745124203498968,-5.421010862427522e-20,1.0274276440716062e-05,4.232970475303805e-06,0.03703430374487364,0.00011573219920273013,0.00011996516967803393,3.419926312287014e-05,0.00014993146232560026,0.0,-8.31020069874474e-06,1.6940658945086007e-21,0.0015416105165645204,0.0,2.2304147902815e-05,0.00012914104133624494,0.0,ppo,ppo,noop,0.0
1.84,0.2848377927804702,0.9295751667426021,5.05045956849775e-05,-26.474061159885302,-3.166753727259008,0.0,5.05045956849775e-05,5.050459568497751e-05,0.5405811070735752,0.0016893159596049225,0.0017398205552899,5.025090820673237e-35,0.0016893159596049225,0.0,-0.00013726551531746074,0.0,1.0287698169646945e-05,4.22639205399986e-06,0.03697895629859727,0.00011555923843311648,0.00011978563048711634,3.415559139968347e-05,0.00014971482983279995,-2.710505431213761e-20,-8.292868013674938e-06,0.0,0.0015396011297721226,0.0,2.227586737464266e-05,0.0001289726473037858,0.0,ppo,ppo,noop,0.0
1.8425,0.2847797922902359,0.9296562473418624,5.0494836225094345e-05,-26.5057286971579,-3.166753727259008,0.0,5.049483622509434e-05,5.049483622509433e-05,0.5398708379475311,0.0016870963685860346,0.001737591204811129,4.369344153152584e-35,0.0016870963685860346,-2.168404344971009e-19,-0.00013708028523360316,-5.421010862427522e-20,1.0327657747989902e-05,4.238093578612067e-06,0.03691795352867806,0.00011536860477711895,0.00011960669835573102,3.40776143077266e-05,0.00014944621908484555,2.710505431213761e-20,-8.271074784752166e-06,0.0,0.001537650149501189,0.0,2.2247673632353765e-05,0.000128809210448851,0.0,ppo,ppo,noop,0.0
1.845,0.2847220140801082,0.9297369970207403,5.0485558012005664e-05,-26.537396234430485,-3.166753727259008,0.0,5.0485558012005664e-05,5.0485558012005664e-05,0.5391626162722917,0.0016848831758509114,0.001735368733862917,4.2051882144321114e-35,0.0016848831758509114,-2.168404344971009e-19,-0.000136895550057297,0.0,1.0340809098608795e-05,4.231512396480515e-06,0.03686277510012643,0.00011519617218789509,0.0001194276845843756,3.403545221126859e-05,0.00014923162439916366,2.710505431213761e-20,-8.253832110563402e-06,1.6940658945086007e-21,0.0015356515514517478,0.0,2.2219575607823238e-05,0.0001286417179467336,0.0,ppo,ppo,noop,0.0
1.8475000000000001,0.2846644569598686,0.9298174175252154,5.047675203159453e-05,-26.569063771703078,-3.166753727259008,0.0,5.047675203159454e-05,5.0476752031594545e-05,0.5384564325127636,0.0016826763516023864,0.001733153103633981,5.233191922069055e-35,0.0016826763516023864,0.0,-0.00013671130806734445,0.0,1.0264638650805568e-05,4.178620612290269e-06,0.03677059557978459,0.00011490811118682685,0.00011908673179911712,3.412609534227366e-05,0.0001490342065291005,0.0,-8.238198595436674e-06,0.0,0.0015336421450732858,0.0,2.219379834495918e-05,0.00012847310947190776,0.0,ppo,ppo,noop,0.0
1.85,0.2846071197471908,0.9298975105903459,5.046840939141864e-05,-26.60073130897566,-3.166753727259008,0.0,5.0468409391418625e-05,5.0468409391418625e-05,0.5377522771927483,0.0016804758662273384,0.001730944275618757,3.884000313945768e-35,0.0016804758662273384,0.0,-0.000136527557547492,0.0,1.0272836258400438e-05,4.160235783728142e-06,0.03668575095448806,0.0001146429717327752,0.00011880320751650334,3.408297265834589e-05,0.00014872594439112107,0.0,-8.213036812888032e-06,1.6940658945086007e-21,0.0015317499218362174,0.0,2.2167324958523546e-05,0.000128314520734604,0.0,ppo,ppo,noop,0.0
1.8525,0.2845500012675798,0.9299772779403469,5.046052131918051e-05,-26.63239884624825,-3.166753727259008,0.0,5.046052131918051e-05,5.0460521319180514e-05,0.5370501408945175,0.0016782816902953673,0.0017287422116145478,1.4681003296588174e-35,0.0016782816902953673,0.0,-0.00013634429678645112,0.0,1.0285609539767078e-05,4.153823809201925e-06,0.03663099080770835,0.00011447184627408859,0.00011862567008329051,3.404312604884828e-05,0.00014851497232293688,-2.710505431213761e-20,-8.195982173714077e-06,-1.6940658945086007e-21,0.0015297667179724303,0.0,2.2139487234347665e-05,0.00012814831461273703,0.0,ppo,ppo,noop,0.0
1.855,0.28449310035431097,0.9300567212886653,5.0453079161214265e-05,-26.664066383520847,-3.166753727259008,0.0,5.045307916121427e-05,5.0453079161214286e-05,0.5363500142583915,0.0016760937945574732,0.0017265468737186875,2.9794818967734627e-35,0.0016760937945574732,0.0,-0.00013616152407791788,-2.710505431213761e-20,1.029825089595096e-05,4.147424922187193e-06,0.036576310270895675,0.00011430096959654898,0.00011844839451873618,3.400400229149953e-05,0.0001483049718880485,0.0,-8.178971914592849e-06,1.6940658945086007e-21,0.0015277888226694247,0.0,2.211173839501236e-05,0.00012798255216332503,0.0,ppo,ppo,noop,0.0
1.8575,0.28443641584837004,0.9301358423380566,5.044607438099291e-05,-26.695733920793437,-3.166753727259008,0.0,5.044607438099292e-05,5.044607438099292e-05,0.5356518879823227,0.0016739121499447583,0.0017243582243257512,2.277431301457963e-35,0.0016739121499447583,0.0,-0.00013597923772059293,0.0,1.0328865486298332e-05,4.139763838561758e-06,0.03651539276148524,0.00011411060237964137,0.00011825036621820313,3.3928107246958016e-05,0.0001480387096265994,-2.710505431213761e-20,-8.15716647828737e-06,-1.6940658945086007e-21,0.001525873440318159,0.0,2.208436687926992e-05,0.00012782207124230555,0.0,ppo,ppo,noop,0.0
1.86,0.28437994659839333,0.930214642780659,5.0439498557655354e-05,-26.72740145806602,-3.166753727259008,0.0,5.043949855765535e-05,5.043949855765534e-05,0.534955752821481,0.0016717367275671281,0.0017221762261247836,2.9040423333980657e-35,0.0016717367275671281,2.168404344971009e-19,-0.00013579743601819936,2.710505431213761e-20,1.034127437249408e-05,4.133404914334896e-06,0.036460882872711355,0.00011394025897722298,0.00011807366389155788,3.389035472700209e-05,0.00014783061370422508,0.0,-8.140243794302945e-06,0.0,0.001523906113862903,0.0,2.205679358176909e-05,0.0001276571922238964,0.0,ppo,ppo,noop,0.0
1.8625,0.28432369146060854,0.9302931242980682,5.0433343384550676e-05,-26.759068995338616,-3.166753727259008,0.0,5.043334338455066e-05,5.0433343384550656e-05,0.534261599587843,0.0016695674987120095,0.0017200008420965602,3.493157797821398e-35,0.0016695674987120095,2.168404344971009e-19,-0.00013561611727950067,0.0,1.0458293042113501e-05,4.116689812567378e-06,0.03720674306796567,0.00011627107208739271,0.00012038776189996009,3.363344711289105e-05,0.00014990451920028375,0.0,-8.314344302127221e-06,0.0,0.0015196629795117258,0.0,2.1995062130861706e-05,0.00012730177297737345,0.0,ppo,ppo,noop,0.0
1.865,0.28426764929877624,0.9303712885614119,5.0427600667801614e-05,-26.79073653261121,-3.166753727259008,0.0,5.0427600667801614e-05,5.042760066780161e-05,0.5335694191497837,0.0016674044348430742,0.0017178320355108758,3.0547268195253824e-35,0.0016674044348430742,-2.168404344971009e-19,-0.00013543527981831776,-2.710505431213761e-20,1.0470645367111602e-05,4.1105144057890336e-06,0.03715136424243142,0.0001160980132575982,0.00012020852766338723,3.359682433936744e-05,0.00014969483759696563,0.0,-8.297218980423708e-06,0.0,0.0015177095972461086,0.0,2.1967705035590156e-05,0.00012713806083789405,0.0,ppo,ppo,noop,0.0
1.8675,0.28421181898413134,0.9304491372314221,5.042226232488733e-05,-26.822404069883795,-3.166753727259008,0.0,5.0422262324887343e-05,5.042226232488736e-05,0.5328792024316718,0.0016652475075989743,0.0017156697699238616,3.5015983661422904e-35,0.0016652475075989743,0.0,-0.00013525492195354486,0.0,1.0482866482774425e-05,4.10435125502169e-06,0.037096063950717635,0.0001159251998459926,0.0001200295511010143,3.3560880614360164e-05,0.00014948608046035276,2.710505431213761e-20,-8.280137565452233e-06,1.6940658945086007e-21,0.0015157614271386216,0.0,2.1940434337531676e-05,0.0001269747843880926,0.0,ppo,ppo,noop,0.0
1.87,0.2841561993953263,0.9305266719585086,5.041732038324103e-05,-26.854071607156385,-3.166753727259008,0.0,5.0417320383241016e-05,5.0417320383241016e-05,0.5321909404134693,0.0016630966887920915,0.0017135140091753326,4.0294891110438265e-35,0.0016630966887920915,2.168404344971009e-19,-0.00013507504200916553,0.0,1.0504907715180384e-05,4.102109649646338e-06,0.03701139893774994,0.00011566062168046857,0.0001197627313301149,3.3509614602526594e-05,0.00014917023628299516,0.0,-8.254022726444037e-06,1.6940658945086007e-21,0.0015139264525090962,0.0,2.191446094766705e-05,0.0001268210192827215,0.0,ppo,ppo,noop,0.0
1.8725,0.2841007894183733,0.9306038943828313,5.0412766978868855e-05,-26.885739144428978,-3.166753727259008,0.0,5.041276697886884e-05,5.0412766978868835e-05,0.5315046241303325,0.001660951950407289,0.0017113647173861578,4.7085276486388173e-35,0.001660951950407289,-2.168404344971009e-19,-0.00013489563831426706,-2.710505431213761e-20,1.0055771063986316e-05,3.8552946728028385e-06,0.0379162419754086,0.00011848825617315187,0.00012234355084595472,3.415651952369906e-05,0.00015264477569685095,0.0,-8.546729230758954e-06,-1.6940658945086007e-21,0.0015083071747104381,0.0,2.184942078681334e-05,0.0001263489090835081,0.0,ppo,ppo,noop,0.0
1.875,0.28404558794658785,0.930680806134372,5.040859435498375e-05,-26.917406681701564,-3.166753727259008,0.0,5.040859435498375e-05,5.0408594354983764e-05,0.5308202446722167,0.0016588132646006772,0.0017092218589556609,3.573118375425046e-35,0.0016588132646006772,-2.168404344971009e-19,-0.00013471670920305474,-2.710505431213761e-20,1.0068045123945502e-05,3.849488887607413e-06,0.037860047123524886,0.00011831264726101527,0.0001221621361486227,3.412199299470015e-05,0.00015243464025571543,0.0,-8.529434423405334e-06,1.6940658945086007e-21,0.0015063786243449616,0.0,2.1822450466733284e-05,0.0001261872747796494,0.0,ppo,ppo,noop,0.0
1.8775,0.2839905938805326,0.9307574088330043,5.040479486065846e-05,-26.949074218974157,-3.166753727259008,0.0,5.040479486065847e-05,5.040479486065848e-05,0.5301377931834843,0.0016566806036983884,0.0017070853985590468,1.4903533233813e-35,0.0016566806036983884,-2.168404344971009e-19,-0.00013453825301486526,0.0,1.0009679426322273e-05,3.7904555707325106e-06,0.037782107994820104,0.00011806908748381282,0.00012185954305454533,3.4175891578746416e-05,0.00015224497906255924,0.0,-8.513989840830117e-06,0.0,0.001504435624635829,0.0,2.1797234353062785e-05,0.00012602426317403513,0.0,ppo,ppo,noop,0.0
1.8800000000000001,0.2839358061279621,0.9308337040885661,5.040136094949399e-05,-26.98074175624675,-3.166753727259008,0.0,5.040136094949399e-05,5.040136094949399e-05,0.5294572608625161,0.0016545539401953628,0.0017049553011448568,4.4446250606738103e-35,0.0016545539401953628,2.168404344971009e-19,-0.00013436026809417951,0.0,1.0021689011962754e-05,3.784792932680573e-06,0.037726136312275546,0.00011789417597586109,0.00012167896890854167,3.414277585824906e-05,0.00015203695183411015,0.0,-8.496810458562147e-06,0.0,0.0015025169883612526,0.0,2.1770427942224957e-05,0.00012586345763561737,0.0,ppo,ppo,noop,0.0
1.8825,0.2838812236037671,0.9309096935009289,5.039828517830549e-05,-27.01240929351934,-3.166753727259008,0.0,5.039828517830549e-05,5.0398285178305505e-05,0.5287786389613257,0.0016524332467541428,0.0017028315319324483,5.119018270856963e-35,0.0016524332467541428,2.168404344971009e-19,-0.0001341827527906349,0.0,1.0033572923223112e-05,3.779142007577756e-06,0.037670242663661736,0.00011771950832394293,0.00012149865033152069,3.411028133943702e-05,0.00015182978966337996,0.0,-8.479673865600886e-06,-1.6940658945086007e-21,0.001500603457090763,0.0,2.1743705031539353e-05,0.000125703078925034,0.0,ppo,ppo,noop,0.0
1.885,0.2838268452299205,0.9309853786600664,5.0395560205825936e-05,-27.04407683079193,-3.166753727259008,0.0,5.039556020582595e-05,5.039556020582595e-05,0.5281019187851752,0.0016503184962036726,0.0017007140564094985,3.2905400296099985e-35,0.0016503184962036726,0.0,-0.00013400570545903632,-2.710505431213761e-20,1.0045331941371965e-05,3.7735027687894337e-06,0.03761442716930135,0.00011754508490406671,0.00012131858767285614,3.407839909187144e-05,0.00015162348399593814,0.0,-8.462579958419101e-06,0.0,0.0014986950122077344,0.0,2.1717065141649327e-05,0.0001255431255006172,0.0,ppo,ppo,noop,0.0
1.8875,0.2837726699354225,0.931060761146125,5.039317879142271e-05,-27.075744368064512,-3.166753727259008,0.0,5.039317879142272e-05,5.039317879142272e-05,0.5274270916921965,0.001648209661538114,0.0016986028403295369,2.1796469205447756e-35,0.001648209661538114,2.168404344971009e-19,-0.00013382912445936767,0.0,1.0056966843203809e-05,3.767875189721107e-06,0.037558689947482904,0.00011737090608588408,0.00012113878127560518,3.4047120294736216e-05,0.0001514180263806203,-2.710505431213761e-20,-8.445528633720631e-06,-1.6940658945086007e-21,0.0014967916351574938,0.0,2.16905077969406e-05,0.00012538359582564703,0.0,ppo,ppo,noop,0.0
1.8900000000000001,0.28371869665624744,0.9311358425294918,5.0391133793835656e-05,-27.10741190533711,-3.166753727259008,0.0,5.039113379383564e-05,5.039113379383564e-05,0.5267541490930138,0.001646106715915668,0.0016964978497095036,2.3463207737476653e-35,0.001646106715915668,2.168404344971009e-19,-0.0001336530081568014,0.0,1.0077990969406355e-05,3.8060804643786273e-06,0.037477394113090416,0.00011711685660340755,0.00012092293706778618,3.404123231940156e-05,0.0001511580889228091,5.421010862427522e-20,-8.423860046904009e-06,3.3881317890172014e-21,0.001494948626992859,0.0,2.166453158230135e-05,0.0001252291481098974,0.0,ppo,ppo,noop,0.0
1.8925,0.2836649243352902,0.9312106243708619,5.038941816992584e-05,-27.13907944260969,-3.166753727259008,0.0,5.038941816992583e-05,5.038941816992582e-05,0.5260830824503698,0.0016440096326574057,0.0016943990508273316,2.871618390283619e-35,0.0016440096326574057,0.0,-0.00013347735492170879,-2.710505431213761e-20,1.0089433247479826e-05,3.800358768773621e-06,0.037421867928237894,0.00011694333727574342,0.00012074369604451705,3.40109104437398e-05,0.00015095424771948324,0.0,-8.406888864240589e-06,0.0,0.0014930553849379225,0.0,2.1638137203002342e-05,0.0001250704660574682,0.0,ppo,ppo,noop,0.0
1.895,0.2836113519223139,0.931285108221307,5.03880249734435e-05,-27.17074697988229,-3.166753727259008,0.0,5.0388024973443485e-05,5.038802497344347e-05,0.5254138832787547,0.0016419183852461085,0.0016923064102195519,3.5830854758360615e-35,0.0016419183852461085,-2.168404344971009e-19,-0.0001333021631296686,-2.710505431213761e-20,1.0100753066766638e-05,3.7946489710450146e-06,0.037366420278689194,0.00011677006337090373,0.00012056471234194875,3.398116781095524e-05,0.00015075123118185897,2.710505431213761e-20,-8.389960071081677e-06,-1.6940658945086007e-21,0.0014911671540642495,0.0,2.161182396322682e-05,0.00012491220305858693,0.0,ppo,ppo,noop,0.0
1.8975,0.28355797837389696,0.9313592956223413,5.038694735380956e-05,-27.20241451715487,-3.166753727259008,0.0,5.0386947353809564e-05,5.0386947353809564e-05,0.5247465431440379,0.0016398329473251184,0.001690219894678928,2.834213158355673e-35,0.0016398329473251184,-2.168404344971009e-19,-0.00013312743116147572,-5.421010862427522e-20,1.01267961237036e-05,3.7662877955752134e-06,0.03725252487493066,0.00011641414023415831,0.00012018042802973353,3.389964290197757e-05,0.00015031378313613586,2.710505431213761e-20,-8.353317724960138e-06,0.0,0.0014895191641889826,0.0,2.1588417877034188e-05,0.00012477411343651557,0.0,ppo,ppo,noop,0.0
1.9000000000000001,0.28350480265338157,0.9314331881059892,5.0386178554914196e-05,-27.234082054427464,-3.166753727259008,0.0,5.0386178554914196e-05,5.03861785549142e-05,0.5240810536631016,0.0016377532926971927,0.001688139471252107,4.2327090550034117e-35,0.0016377532926971927,2.168404344971009e-19,-0.0001329531574031488,-2.710505431213761e-20,1.0182981354850142e-05,3.778571906093168e-06,0.03718964030810732,0.00011621762596283537,0.00011999619786892854,3.3798787751307074e-05,0.00015001641371414245,0.0,-8.328321994739591e-06,1.6940658945086007e-21,0.0014877368789830503,0.0,2.156234476647109e-05,0.00012462483540840922,0.0,ppo,ppo,noop,0.0
1.9025,0.2834518237308222,0.9315067871948496,5.0385711913929e-05,-27.265749591700057,-3.166753727259008,0.0,5.0385711913929005e-05,5.038571191392901e-05,0.5234174065034805,0.0016356793953233764,0.0016860651072373055,2.756370145321453e-35,0.0016356793953233764,2.168404344971009e-19,-0.00013277934024593795,0.0,1.0194059384673937e-05,3.772974202224792e-06,0.03713459394997913,0.00011604560609368478,0.00011981858029590957,3.3770567346805925e-05,0.0001498161734404907,0.0,-8.311548830109423e-06,0.0,0.0014858632218828858,0.0,2.1536264049609003e-05,0.00012446779141582853,0.0,ppo,ppo,noop,0.0
1.905,0.2833990405829349,0.9315800944021629,5.038554086013492e-05,-27.297417128972643,-3.166753727259008,0.0,5.0385540860134924e-05,5.0385540860134924e-05,0.5227555933830001,0.0016336112293218754,0.0016839967701820103,2.0432734085170093e-35,0.0016336112293218754,0.0,-0.00013260597808633127,0.0,1.0299071816085767e-05,3.81660938084798e-06,0.03705922411375676,0.00011581007535548988,0.00011962668473633786,3.360400660881137e-05,0.00014941408196430123,0.0,-8.277609876039124e-06,1.6940658945086007e-21,0.001484197147357574,0.0,2.151046253060774e-05,0.00012432836821029214,0.0,ppo,ppo,noop,0.0
1.9075,0.28334645219304616,0.9316531112318751,5.038565891376459e-05,-27.329084666245233,-3.166753727259008,0.0,5.03856589137646e-05,5.0385658913764594e-05,0.5220956060694212,0.0016315487689669411,0.0016819344278807056,1.4134320466946076e-35,0.0016315487689669411,-2.168404344971009e-19,-0.00013243306932606125,0.0,1.0309885017818778e-05,3.810961933800023e-06,0.03700438608553414,0.00011563870651729419,0.00011944966845109421,3.3576850811927054e-05,0.00014921555732922125,0.0,-8.260932138877989e-06,-1.6940658945086007e-21,0.00148233321163772,0.0,2.1484538847328597e-05,0.00012417213718718325,0.0,ppo,ppo,noop,0.0
1.9100000000000001,0.2832940575510434,0.9317258391787024,5.038605968485936e-05,-27.360752203517826,-3.166753727259008,0.0,5.0386059684859365e-05,5.038605968485938e-05,0.5214374363800842,0.0016294919886877632,0.0016798780483726226,3.157492550013244e-35,0.0016294919886877632,0.0,-0.00013226061237211028,-2.710505431213761e-20,1.0320578526596318e-05,3.80532588688949e-06,0.036949626975959736,0.00011546758429987417,0.00011927291018676367,3.355022851855622e-05,0.0001490178128184304,0.0,-8.244296379729718e-06,-1.6940658945086007e-21,0.0014804741758693328,0.0,2.145869360603203e-05,0.00012401631599238055,0.0,ppo,ppo,noop,0.0
1.9125,0.28324185565332505,0.9317982797281956,5.038673687214085e-05,-27.392419740790423,-3.166753727259008,0.0,5.038673687214084e-05,5.0386736872140835e-05,0.5207810761815601,0.0016274408630673753,0.0016778275999395163,2.032629689686725e-35,0.0016274408630673753,2.168404344971009e-19,-0.00013208860563671625,2.710505431213761e-20,1.0332186589305124e-05,3.8036434416998654e-06,0.03688836642682865,0.00011527614508383953,0.0001190797885255394,3.3526007135230467e-05,0.00014880215221907,0.0,-8.226133382729678e-06,0.0,0.0014786387108483053,0.0,2.1433154919051653e-05,0.00012386247225398657,0.0,ppo,ppo,noop,0.0
1.915,0.2831898455027511,0.9318704343568031,5.0387684261896355e-05,-27.424087278063006,-3.166753727259008,0.0,5.038768426189636e-05,5.0387684261896375e-05,0.5201265173892994,0.0016253953668415606,0.0016757830511034569,3.67877222539371e-35,0.0016253953668415606,0.0,-0.00013191704753737674,0.0,1.0259200235813715e-05,3.757413356136235e-06,0.03675164005891866,0.00011484887518412081,0.00011860628854025704,3.362669714640516e-05,0.00014847557233052598,0.0,-8.198846976800429e-06,-3.3881317890172014e-21,0.0014769197945110346,0.0,2.1411552621901634e-05,0.0001237182005605763,0.0,ppo,ppo,noop,0.0
1.9175,0.28313802610859484,0.9319423045319339,5.038889572687838e-05,-27.455754815335595,-3.166753727259008,0.0,5.0388895726878363e-05,5.0388895726878363e-05,0.5194737519672878,0.0016233554748977745,0.001673744370624653,3.3747412402819234e-35,0.0016233554748977745,2.168404344971009e-19,-0.00013174593649685368,2.710505431213761e-20,1.0269705330892026e-05,3.751911707616252e-06,0.03669736970265062,0.00011467928032078318,0.00011843119202839943,3.360139677271058e-05,0.00014828067709349375,-2.710505431213761e-20,-8.182382554734265e-06,-1.6940658945086007e-21,0.0014750747978042808,0.0,2.1385927896993768e-05,0.00012356355394211942,0.0,ppo,ppo,noop,0.0
1.92,0.2830863964864938,0.9320138917120206,5.039036522521698e-05,-27.487422352608185,-3.166753727259008,0.0,5.039036522521698e-05,5.0390365225216976e-05,0.5188227719277027,0.0016213211622740707,0.0016717115274992877,2.1844837118953974e-35,0.0016213211622740707,0.0,-0.00013157527094317684,-2.710505431213761e-20,1.0280093388819505e-05,3.746421097319571e-06,0.03664317818491701,0.00011450993182786565,0.00011825635292518523,3.3576599544897545e-05,0.0001480865313727632,0.0,-8.165959607866853e-06,0.0,0.0014732346309013075,0.0,2.1360379897660346e-05,0.00012340931133531,0.0,ppo,ppo,noop,0.0
1.9225,0.2830349556584024,0.9320851973465812,5.039208679934942e-05,-27.519089889880775,-3.166753727259008,0.0,5.039208679934941e-05,5.03920867993494e-05,0.5181735693305718,0.001619292404158037,0.0016696844909573863,5.553270752365718e-35,0.001619292404158037,0.0,-0.00013140504930964718,0.0,1.0290365140142263e-05,3.740941500266701e-06,0.036589065594733274,0.00011434082998354148,0.00011808177148380819,3.355229801933159e-05,0.00014789312800287307,0.0,-8.149578033230894e-06,0.0,0.0014713992761551638,0.0,2.1334908197325375e-05,0.0001232554712764163,0.0,ppo,ppo,noop,0.0
1.925,0.2829837026525439,0.9321562228762805,5.039405457495741e-05,-27.55075742715337,-3.166753727259008,0.0,5.039405457495741e-05,5.039405457495741e-05,0.5175261362834364,0.0016172691758857387,0.001667663230460696,2.2204733739044732e-35,0.0016172691758857387,0.0,-0.0001312352700348394,2.710505431213761e-20,1.0300521311183637e-05,3.735472891524115e-06,0.03653503201930187,0.00011417197506031834,0.00011790744795184246,3.3528484844114253e-05,0.00014770045990443258,0.0,-8.133237728105867e-06,0.0,0.001469568715981306,0.0,2.1309512372676387e-05,0.00012310203230673353,0.0,ppo,ppo,noop,0.0
1.9275,0.2829326365033634,0.9322269697329919,5.039626275992271e-05,-27.582424964425954,-3.166753727259008,0.0,5.039626275992273e-05,5.0396262759922744e-05,0.5168804649410149,0.0016152514529406716,0.0016656477157005944,3.3396315258226057e-35,0.0016152514529406716,0.0,-0.00013106593156260454,0.0,1.0182806801463052e-05,3.631874737983526e-06,0.036441056260153905,0.00011387830081298095,0.00011751017555096448,3.3662523894980136e-05,0.0001475408247079611,0.0,-8.119945360872236e-06,0.0,0.0014677106282327105,0.0,2.1287261153506845e-05,0.0001229459862017323,0.0,ppo,ppo,noop,0.0
1.93,0.2828817562514812,0.9322974393398571,5.039870564329308e-05,-27.614092501698543,-3.166753727259008,0.0,5.039870564329308e-05,5.039870564329308e-05,0.5162365475048715,0.0016132392109527234,0.0016636379165960165,3.053295132326117e-35,0.0016132392109527234,0.0,-0.00013089703234207185,-2.710505431213761e-20,1.0132440851708797e-05,3.593416262063699e-06,0.03637934320166019,0.00011368544750518809,0.00011727886376725179,3.3727240201939174e-05,0.00014741268770712728,0.0,-8.10911642106083e-06,-3.3881317890172014e-21,0.001465826523245596,0.0,2.126280652781913e-05,0.00012278791592101103,0.0,ppo,ppo,noop,0.0
1.9325,0.2828310609436462,0.9323676331113473,5.040137759426252e-05,-27.64576003897114,-3.166753727259008,0.0,5.040137759426253e-05,5.040137759426253e-05,0.5155943762230846,0.0016112324256971392,0.0016616338032914017,2.905589278818507e-35,0.0016112324256971392,0.0,-0.00013072857082765003,0.0,9.897163765394758e-06,3.436414747518399e-06,0.036245645550756135,0.00011326764234611292,0.00011670405709363132,3.40434648109914e-05,0.00014731110715710433,-2.710505431213761e-20,-8.100926775452573e-06,-1.6940658945086007e-21,0.0014639213185400348,0.0,2.1243153220064918e-05,0.00012262764405219744,0.0,ppo,ppo,noop,0.0
1.935,0.2827805496326902,0.9324375524533224,5.040427306116324e-05,-27.677427576243726,-3.166753727259008,0.0,5.040427306116324e-05,5.040427306116324e-05,0.5149539433899196,0.0016092310730934987,0.001659635346154662,3.4204705991697343e-35,0.0016092310730934987,0.0,-0.00013056054547902813,0.0,9.90676550142903e-06,3.4315552198800145e-06,0.036192272175973414,0.00011310085054991691,0.00011653240576979693,3.40222972781852e-05,0.00014712314782810212,-2.710505431213761e-20,-8.084904738772384e-06,0.0,0.0014621079252653967,0.0,2.1218034203564415e-05,0.00012247564074025576,0.0,ppo,ppo,noop,0.0
1.9375,0.2827302213774821,0.9325071987630905,5.0407386570470886e-05,-27.709095113516312,-3.166753727259008,0.0,5.0407386570470886e-05,5.040738657047087e-05,0.514315241345505,0.0016072351292047032,0.001657642515775174,3.904225029377641e-35,0.0016072351292047032,0.0,-0.00013039295476117662,0.0,9.954238257689523e-06,3.411807759252812e-06,0.03607610622870232,0.00011273783196469474,0.00011614963972394755,3.391071781434465e-05,0.0001466485497790394,0.0,-8.044746621902283e-06,-1.6940658945086007e-21,0.0014605865794256637,0.0,2.119589543420107e-05,0.00012234820813927433,0.0,ppo,ppo,noop,0.0
1.94,0.28268007524288286,0.9325765734294666,5.0410712725822046e-05,-27.74076265078891,-3.166753727259008,0.0,5.0410712725822046e-05,5.041071272582204e-05,0.513678262475508,0.0016052445702359624,0.0016556552829617844,2.959844449693958e-35,0.0016052445702359624,0.0,-0.00013022579714434699,-2.710505431213761e-20,9.937026768069843e-06,3.3960918934844415e-06,0.036000444670552786,0.00011250138959547746,0.0001158974814889619,3.393275108316681e-05,0.00014643414067864427,0.0,-8.02653384022319e-06,0.0,0.0014588104295573182,0.0,2.1172037744097046e-05,0.00012219926330412378,0.0,ppo,ppo,noop,0.0
1.9425000000000001,0.2826301102997006,0.9326456778328316,5.041424620704414e-05,-27.772430188061502,-3.166753727259008,0.0,5.0414246207044155e-05,5.041424620704417e-05,0.513042999210816,0.0016032593725338,0.0016536736187408442,2.5412412762911344e-35,0.0016032593725338,0.0,-0.00013005907110407193,-2.710505431213761e-20,9.94627797454086e-06,3.3913609238527767e-06,0.035947533780829814,0.00011233604306509317,0.00011572740398894595,3.391305118181521e-05,0.0001462490942469084,-2.710505431213761e-20,-8.010703329154765e-06,-1.6940658945086007e-21,0.0014570102782868915,0.0,2.114712799374837e-05,0.00012204836777491716,0.0,ppo,ppo,noop,0.0
1.945,0.28258032562464636,0.9327145133451893,5.0417981769196805e-05,-27.80409772533409,-3.166753727259008,0.0,5.0417981769196805e-05,5.04179817691968e-05,0.5124094440272183,0.0016012795125850572,0.001651697494354254,4.300008830172112e-35,0.0016012795125850572,0.0,-0.00012989277512116454,-2.710505431213761e-20,9.955424675784287e-06,3.3866394168504776e-06,0.035894701583748516,0.0001121709424492141,0.00011555758186606459,3.389377183447871e-05,0.00014606471428369282,-2.710505431213761e-20,-7.994911992554255e-06,0.0,0.0014552147983013645,0.0,2.11222909059493e-05,0.0001218978631286103,0.0,ppo,ppo,noop,0.0
1.9475,0.28253072030028975,0.9327830813302251,5.042191424162636e-05,-27.835765262606674,-3.166753727259008,0.0,5.042191424162636e-05,5.0421914241626364e-05,0.5117775894450909,0.001599304967015909,0.0016497268812575353,4.83640564048011e-35,0.001599304967015909,0.0,-0.00012972690768171715,0.0,9.964467524470875e-06,3.3819273499706927e-06,0.035841948148970744,0.00011200608796553358,0.00011538801531550428,3.3874906542655296e-05,0.0001458809945081889,0.0,-7.979159735830355e-06,-1.6940658945086007e-21,0.00145342397250772,0.0,2.109752608552256e-05,0.0001217477479458868,0.0,ppo,ppo,noop,0.0
1.95,0.2824812934150157,0.9328513831433621,5.042603852703129e-05,-27.867432799879268,-3.166753727259008,0.0,5.0426038527031305e-05,5.0426038527031305e-05,0.5111474280290844,0.0015973357125908887,0.00164776175111792,3.816974666332929e-35,0.0015973357125908887,0.0,-0.00012956146727710022,0.0,9.973407169442518e-06,3.3772247007574997e-06,0.035789273544493745,0.00011184147982654295,0.00011521870452730045,3.385644888890376e-05,0.0001456979287154467,0.0,-7.96344646461085e-06,1.6940658945086007e-21,0.001451637783875442,0.0,2.1072833140272796e-05,0.00012159802081248937,0.0,ppo,ppo,noop,0.0
1.9525000000000001,0.2824320440629808,0.9329194201318187,5.043034960053906e-05,-27.899100337151857,-3.166753727259008,0.0,5.043034960053904e-05,5.043034960053903e-05,0.5105189523878128,0.0015953717262119148,0.0016458020758124538,4.2719835732310484e-35,0.0015953717262119148,0.0,-0.0001293964524039603,-2.710505431213761e-20,9.982244255733237e-06,3.3725314468060097e-06,0.03573667783666166,0.00011167711823956768,0.00011504964968637369,3.383839253587859e-05,0.00014551551077544628,0.0,-7.947772084742069e-06,-1.6940658945086007e-21,0.0014498562154364684,0.0,2.1048211680959964e-05,0.00012144868031921822,0.0,ppo,ppo,noop,0.0
1.955,0.2823829713440704,0.9329871936346644,5.043484250879507e-05,-27.930767874424447,-3.166753727259008,0.0,5.043484250879507e-05,5.043484250879507e-05,0.5098921551735462,0.001593412984917332,0.0016438478274261271,3.3098959297047385e-35,0.001593412984917332,2.168404344971009e-19,-0.00012923186156421802,0.0,9.883016508657883e-06,3.321659027573973e-06,0.03564447449493192,0.00011138898279666225,0.00011471064182423622,3.399046851905327e-05,0.00014537945131571552,0.0,-7.936221355788484e-06,0.0,0.0014480335336016165,0.0,2.102600173773953e-05,0.00012129564020842953,0.0,ppo,ppo,noop,0.0
1.9575,0.28233407436385644,0.9330547049828751,5.043951236906348e-05,-27.962435411697037,-3.166753727259008,0.0,5.043951236906346e-05,5.043951236906346e-05,0.5092670290819059,0.001591459465880956,0.0016418989782500193,2.2593766070111475e-35,0.001591459465880956,-2.168404344971009e-19,-0.00012906769326506565,-2.710505431213761e-20,9.89162222924703e-06,3.3170596248004292e-06,0.03559213850533058,0.00011122543282915806,0.00011454249245395849,3.397332753536984e-05,0.0001451987603645279,0.0,-7.920662214806925e-06,0.0,0.001446260705516428,0.0,2.1001516689854806e-05,0.00012114703105025873,0.0,ppo,ppo,noop,0.0
1.96,0.2822853522335546,0.9331219554993901,5.044435436833735e-05,-27.994102948969626,-3.166753727259008,0.0,5.044435436833732e-05,5.044435436833731e-05,0.5086435668515596,0.001589511146411124,0.0016399555007794613,4.0561617389354757e-35,0.001589511146411124,2.168404344971009e-19,-0.00012890394601896408,-2.710505431213761e-20,9.900128459625573e-06,3.3124694578820553e-06,0.03553988144941914,0.00011106212952943483,0.00011437459898731689,3.395656690696825e-05,0.00014501869643640308,2.710505431213761e-20,-7.905141439877668e-06,-1.6940658945086007e-21,0.0014444924499747208,0.0,2.0977101985468975e-05,0.0001209988045790864,0.0,ppo,ppo,noop,0.0
1.9625000000000001,0.2822368040699832,0.9331889464991654,5.044936376246254e-05,-28.025770486242223,-3.166753727259008,0.0,5.044936376246254e-05,5.0449363762462526e-05,0.5080217612639216,0.0015875680039497552,0.0016380173677122177,3.7467057405547376e-35,0.0015875680039497552,0.0,-0.00012874061834363957,0.0,9.966770212821814e-06,3.3572752580777126e-06,0.03546619577886645,0.00011083186180895765,0.00011418913706703536,3.3873098594896616e-05,0.00014470496040385427,0.0,-7.878264840997075e-06,0.0,0.0014428630435459008,0.0,2.095300233834202e-05,0.0001208623535026425,0.0,ppo,ppo,noop,0.0
1.965,0.2821884289955209,0.9332556792892295,5.0454535875269385e-05,-28.057438023514816,-3.166753727259008,0.0,5.045453587526937e-05,5.045453587526936e-05,0.5074016051428544,0.00158563001607142,0.0016360845519466894,4.004726572534064e-35,0.00158563001607142,0.0,-0.0001285777087620806,-2.710505431213761e-20,9.9751585678852e-06,3.352620960506589e-06,0.035414141600426406,0.00011066919250133252,0.0001140218134618391,3.385683970000556e-05,0.00014452603220133808,0.0,-7.86281187705711e-06,-1.6940658945086007e-21,0.001441103983870082,0.0,2.0928726399217243e-05,0.0001207148968850235,0.0,ppo,ppo,noop,0.0
1.9675,0.2821402261380664,0.933322155168737,5.0459866097718296e-05,-28.089105560787395,-3.166753727259008,0.0,5.0459866097718296e-05,5.0459866097718296e-05,0.5067830913543723,0.0015836971604824134,0.0016341570265801318,3.944822417544858e-35,0.0015836971604824134,2.168404344971009e-19,-0.00012841521580253374,2.710505431213761e-20,9.98344837020103e-06,3.347975951302301e-06,0.03536216647661664,0.00011050677023942701,0.00011385474619072931,3.384094530861854e-05,0.00014434771554804556,-2.710505431213761e-20,-7.847397155885906e-06,-3.3881317890172014e-21,0.001439349444934368,0.0,2.090451967968767e-05,0.00012056781864664784,0.0,ppo,ppo,noop,0.0
1.97,0.2820921946309967,0.9333883754290226,5.0465349887053045e-05,-28.120773098059985,-3.166753727259008,0.0,5.046534988705303e-05,5.046534988705302e-05,0.506166212806347,0.0015817694150198343,0.0016322347649068874,3.653795186917287e-35,0.0015817694150198343,2.168404344971009e-19,-0.00012825313799849942,2.710505431213761e-20,9.905204342992147e-06,3.305988369819976e-06,0.035294505945888004,0.00011029533108090001,0.00011360131945071999,3.396092957088872e-05,0.00014425626065178872,0.0,-7.83945356526098e-06,1.6940658945086007e-21,0.0014375131543680455,0.0,2.0881572800534776e-05,0.00012041368443323844,0.0,ppo,ppo,noop,0.0
1.9725000000000001,0.28204433361312764,0.9334543413536547,5.0470982765968075e-05,-28.15244063533258,-3.166753727259008,0.0,5.047098276596807e-05,5.0470982765968075e-05,0.5055509624482157,0.0015798467576506742,0.0016303177404166423,2.0846851071504833e-35,0.0015798467576506742,2.168404344971009e-19,-0.00012809147388872735,0.0,9.913310004093772e-06,3.30141908586418e-06,0.03524272936713497,0.00011013352927229678,0.00011343494835816096,3.3945781843644705e-05,0.00014407931111594147,0.0,-7.824128509600183e-06,0.0,0.0014357674465347327,0.0,2.0857500897942573e-05,0.00012026734537912717,0.0,ppo,ppo,noop,0.0
1.975,0.281996642228673,0.9335200542184876,5.0476760321781225e-05,-28.18410817260517,-3.166753727259008,0.0,5.0476760321781225e-05,5.047676032178122e-05,0.5049373332706936,0.0015779291664709174,0.0016284059267926987,2.5744975585387084e-35,0.0015779291664709174,0.0,-0.0001279302220172124,0.0,9.921319823841752e-06,3.2968590226659076e-06,0.03519103196917142,0.0001099719749036607,0.00011326883392632661,3.3930979696763624e-05,0.00014390295460042432,0.0,-7.808841263153668e-06,0.0,0.001434026211870493,0.0,2.0833497116861014e-05,0.00012012138075405873,0.0,ppo,ppo,noop,0.0
1.9775,0.2819491196272052,0.9335855152917152,5.0482678205622395e-05,-28.21577570987776,-3.166753727259008,0.0,5.0482678205622395e-05,5.048267820562239e-05,0.5043253183054833,0.0015760166197046354,0.0016264992979102579,4.0983721407239534e-35,0.0015760166197046354,0.0,-0.0001277693809331885,2.710505431213761e-20,9.929234404061388e-06,3.2923081580027164e-06,0.035139413801501804,0.00010981066812969314,0.00011310297628769586,3.3916517555502326e-05,0.00014372718568519548,0.0,-7.793591734717005e-06,-1.6940658945086007e-21,0.00143228943401944,0.0,2.0809561096246258e-05,0.00011997578919847148,0.0,ppo,ppo,noop,0.0
1.98,0.28190176496361535,0.9336507258339225,5.048873213162835e-05,-28.24744324715035,-3.166753727259008,0.0,5.048873213162834e-05,5.048873213162832e-05,0.5037149106249933,0.001574109095703104,0.0016245978278347324,2.8441717728379527e-35,0.001574109095703104,0.0,-0.00012760894919112398,0.0,9.937054343001317e-06,3.2877664697027366e-06,0.03508787491211002,0.0001096496091003438,0.00011293737557004655,3.390238991532845e-05,0.00014355199901567225,0.0,-7.778379833299698e-06,-1.6940658945086007e-21,0.0014305570966874318,0.0,2.0785692477734553e-05,0.00011983056935782428,0.0,ppo,ppo,noop,0.0
1.9825000000000002,0.2818545773980749,0.9337156870981379,5.049491787614767e-05,-28.27911078442294,-3.166753727259008,0.0,5.049491787614767e-05,5.049491787614767e-05,0.5031061033420521,0.0015722065729439128,0.0016227014908200604,2.50467728278272e-35,0.0015722065729439128,-2.168404344971009e-19,-0.0001274489253507156,0.0,9.93351201587405e-06,3.289186151245991e-06,0.03501017529006055,0.00010940679778143922,0.00011269598393268521,3.391707999564556e-05,0.0001433238777770848,-2.710505431213761e-20,-7.758745871115282e-06,0.0,0.001428882695166828,0.0,2.076293658329497e-05,0.00011969017947960032,0.0,ppo,ppo,noop,0.0
1.985,0.2818075560959961,0.9337804003298835,5.0501231276958844e-05,-28.31077832169553,-3.166753727259008,0.0,5.050123127695884e-05,5.050123127695886e-05,0.5024988896096296,0.0015703090300300925,0.0016208102613070514,3.2241686630291017e-35,0.0015703090300300925,0.0,-0.00012728930797688262,0.0,9.941125641031052e-06,3.2846433277043418e-06,0.03495886254964557,0.00010924644546764242,0.00011253108879534676,3.3903623322601085e-05,0.0001431500687902435,0.0,-7.743628192706174e-06,-1.6940658945086007e-21,0.001427158961239849,0.0,2.0739199073067278e-05,0.00011954567978417645,0.0,ppo,ppo,noop,0.0
1.9875,0.2817607002279939,0.9338448667672278,5.050766823249344e-05,-28.342445858968123,-3.166753727259008,0.0,5.050766823249344e-05,5.050766823249344e-05,0.5018932626205577,0.0015684164456892427,0.001618924113921736,3.781705714548531e-35,0.0015684164456892427,0.0,-0.0001271300956397607,2.710505431213761e-20,9.948646533188152e-06,3.2801095640730677e-06,0.034907629148930044,0.00010908634109040639,0.00011236645065447946,3.38904847301902e-05,0.0001429768258205966,0.0,-7.728547823237252e-06,-1.6940658945086007e-21,0.0014254396198686461,0.0,2.0715527909547013e-05,0.00011940154781652344,0.0,ppo,ppo,noop,0.0
1.99,0.2817140089698478,0.933909087640835,5.051422470107279e-05,-28.374113396240713,-3.166753727259008,0.0,5.0514224701072796e-05,5.0514224701072796e-05,0.5012892156072533,0.0015665287987726665,0.0016170430234737393,3.416833938757347e-35,0.0015665287987726665,0.0,-0.00012697128691469497,0.0,9.95607527614946e-06,3.2755848393668307e-06,0.03485647512935992,0.00010892648477924976,0.0001122020696186166,3.387765898814071e-05,0.00014280414376739047,0.0,-7.713504672560295e-06,-1.6940658945086007e-21,0.001423724655005276,0.0,2.069192274486814e-05,0.00011925778224213467,0.0,ppo,ppo,noop,0.0
1.9925,0.2816674815024639,0.9339730641740164,5.052089670015198e-05,-28.4057809335133,-3.166753727259008,0.0,5.052089670015198e-05,5.052089670015197e-05,0.5006867418414455,0.001564646068254517,0.001615166964954669,2.985150931603958e-35,0.001564646068254517,-2.168404344971009e-19,-0.0001268128803822339,-2.710505431213761e-20,1.0310452742035803e-05,3.459277481127821e-06,0.035393414661283915,0.00011060442081651224,0.00011406369829764006,3.33592686972082e-05,0.00014396368951372044,0.0,-7.809323124741922e-06,-1.6940658945086007e-21,0.0014206823787407967,0.0,2.0640528652655735e-05,0.00011900355725749198,0.0,ppo,ppo,noop,0.0
1.995,0.28162111701183773,0.934036797582779,5.052768030557405e-05,-28.43744847078589,-3.166753727259008,0.0,5.0527680305574054e-05,5.0527680305574054e-05,0.5000858346339017,0.0015627682332309428,0.0016132959135365169,1.7991555668098967e-35,0.0015627682332309428,0.0,-0.00012665487462812166,0.0,1.0318428409263114e-05,3.454716752417189e-06,0.035341995905746874,0.00011044373720545898,0.00011389845395787617,3.3345540239465014e-05,0.00014378927744492398,0.0,-7.794114625112128e-06,0.0,0.001418978955786019,0.0,2.061707339767132e-05,0.00011886076000300954,0.0,ppo,ppo,noop,0.0
1.9975,0.28157491468901646,0.9341002890758765,5.053457165083239e-05,-28.469116008058478,-3.166753727259008,0.0,5.05345716508324e-05,5.05345716508324e-05,0.49948648733415885,0.0015608952729192463,0.0016114298445700787,1.4739908228400243e-35,0.0015608952729192463,0.0,-0.0001264972682432913,0.0,1.0326308452713904e-05,3.450164509795094e-06,0.0352906559979349,0.00011028329999354655,0.00011373346450334165,3.333211925519968e-05,0.00014361541924874622,2.710505431213761e-20,-7.77894374886655e-06,0.0,0.0014172798536705002,0.0,2.059368314785587e-05,0.00011871832449442476,0.0,ppo,ppo,noop,0.0
2.0,0.2815288737300626,0.9341635398548573,5.05415669263448e-05,-28.500783545331068,-3.166753727259008,0.0,5.0541566926344794e-05,5.05415669263448e-05,0.4988886933302543,0.0015590271666570447,0.0016095687335833894,4.947324971283593e-35,0.0015590271666570447,-2.168404344971009e-19,-0.00012634005982385687,0.0,1.0334093468208736e-05,3.445620734713536e-06,0.035239394976593674,0.00011012310930185523,0.00011356873003656878,3.331900072464086e-05,0.00014344211002649608,2.710505431213761e-20,-7.763810403311098e-06,0.0,0.0014155850566305486,0.0,2.0570357565304176e-05,0.00011857624942054578,0.0,ppo,ppo,noop,0.0
2.0025,0.2814829933360171,0.9342265511141141,5.054866237873251e-05,-28.532451082603657,-3.166753727259008,0.0,5.0548662378732516e-05,5.0548662378732516e-05,0.4982924460484608,0.00155716389390144,0.0016077125562801724,4.0757808269375664e-35,0.00155716389390144,-2.168404344971009e-19,-0.00012618324797110598,-2.710505431213761e-20,1.0128578868734504e-05,3.4130512056413046e-06,0.03611686285776652,0.00011286519643052037,0.00011627824763616167,3.37045558469048e-05,0.00014656975227742518,0.0,-8.025890077452969e-06,0.0,0.0014105941416240149,0.0,2.0507578169273283e-05,0.00011815735789365301,0.0,ppo,ppo,noop,0.0
2.005,0.28143727271286306,0.9342893240409317,5.055585431011224e-05,-28.56411861987625,-3.166753727259008,0.0,5.0555854310112256e-05,5.055585431011227e-05,0.49769773895302083,0.0015553054342281902,0.0016058612885383025,4.722946824947154e-35,0.0015553054342281902,2.168404344971009e-19,-0.00012602683129149143,2.710505431213761e-20,1.1044448893951688e-05,3.845257432346276e-06,0.036859546561903614,0.0001151860830059488,0.00011903134043829507,3.2312213954555134e-05,0.00014749829696050393,0.0,-8.100987328210109e-06,0.0,0.0014078071372676862,0.0,2.04442671114356e-05,0.00011792584396328132,0.0,ppo,ppo,noop,0.0
2.0075,0.28139171107149,0.9343518598155357,5.056313907739426e-05,-28.595786157148837,-3.166753727259008,0.0,5.056313907739428e-05,5.056313907739429e-05,0.4971045655458866,0.0015534517673308956,0.00160401490640829,3.052448302641258e-35,0.0015534517673308956,2.168404344971009e-19,-0.00012587080839662326,2.710505431213761e-20,1.1052201813575619e-05,3.840200669115143e-06,0.03680588268837108,0.00011501838340115963,0.00011885858407027478,3.229893611935816e-05,0.0001473173195205178,0.0,-8.085186953106716e-06,1.6940658945086007e-21,0.0014061344478103778,0.0,2.0421254357242378e-05,0.00011778562144351654,0.0,ppo,ppo,noop,0.0
2.0100000000000002,0.2813463076276581,0.9344141596111397,5.0570513091590684e-05,-28.627453694421433,-3.166753727259008,0.0,5.057051309159068e-05,5.057051309159067e-05,0.4965129193664589,0.0015516028730201842,0.0016021733861117749,2.417911957491395e-35,0.0015516028730201842,0.0,-0.00012571517790326022,0.0,1.1059855141229087e-05,3.835152347171331e-06,0.036752296187071876,0.0001148509255845996,0.00011868607793177094,3.2285955156303836e-05,0.00014713688074090344,0.0,-8.069424485686368e-06,-1.6940658945086007e-21,0.0014044659922792808,0.0,2.039830501370598e-05,0.00011764575341757386,0.0,ppo,ppo,noop,0.0
2.0125,0.28130106160196244,0.9344762245939934,5.057797281713082e-05,-28.65912123169402,-3.166753727259008,0.0,5.057797281713083e-05,5.0577972817130834e-05,0.4959227939913289,0.0015497587312229028,0.0016003367040400337,4.4173758232274965e-35,0.0015497587312229028,2.168404344971009e-19,-0.0001255599384333011,2.710505431213761e-20,1.1067409498409194e-05,3.830112451926452e-06,0.036698787121885214,0.00011468370975589129,0.00011851382220781775,3.2273266272238885e-05,0.00014695697602813018,0.0,-8.053699835806204e-06,-1.6940658945086007e-21,0.0014028017551947726,0.0,2.0375418753656554e-05,0.00011750623859749488,0.0,ppo,ppo,noop,0.0
2.015,0.2812559722197986,0.9345380559234284,5.05855147711864e-05,-28.690788768966613,-3.166753727259008,0.0,5.05855147711864e-05,5.05855147711864e-05,0.4953341830340226,0.0015479193219813205,0.0015985048367525069,4.961618062294673e-35,0.0015479193219813205,-2.168404344971009e-19,-0.00012540508861377567,-2.710505431213761e-20,1.1072585056737776e-05,3.7950710760858904e-06,0.03662171894756752,0.00011444287171114851,0.0001182379427872344,3.2235415733796745e-05,0.00014667828744494525,0.0,-8.029692679817629e-06,-1.6940658945086007e-21,0.0014012410345363752,0.0,2.0354023548633548e-05,0.00011737539593395804,0.0,ppo,ppo,noop,0.0
2.0175,0.28121103871132724,0.9345996547519063,5.059313552300419e-05,-28.7224563062392,-3.166753727259008,0.0,5.059313552300419e-05,5.059313552300419e-05,0.49474708014474694,0.001546084625452334,0.0015966777609753382,3.685267398195892e-35,0.001546084625452334,-2.168404344971009e-19,-0.00012525062707683608,0.0,1.1079871137403865e-05,3.790120052096066e-06,0.036568431390213776,0.00011427634809441805,0.00011806646814651411,3.2223513300292515e-05,0.00014649986139471057,0.0,-8.014079116112751e-06,0.0,0.0013995847640576235,0.0,2.0331258637349106e-05,0.00011723654796072332,0.0,ppo,ppo,noop,0.0
2.02,0.28116626031143993,0.9346610222250644,5.060083169324781e-05,-28.754123843511792,-3.166753727259008,0.0,5.060083169324781e-05,5.0600831693247824e-05,0.4941614790101366,0.0015442546219066769,0.0015948554535999246,3.3302711566564626e-35,0.0015442546219066769,-2.168404344971009e-19,-0.00012509655245974684,-2.710505431213761e-20,1.099171380463818e-05,3.7449688433663137e-06,0.03648186098002192,0.0001140058155625685,0.00011775078440593482,3.236237292733776e-05,0.00014636818848990627,2.710505431213761e-20,-8.002601706518102e-06,0.0,0.0013978864334167707,0.0,2.0310542202314747e-05,0.00011709395075322873,0.0,ppo,ppo,noop,0.0
2.0225,0.2811216362597249,0.9347221594817607,5.060859995334707e-05,-28.785791380784378,-3.166753727259008,0.0,5.060859995334708e-05,5.060859995334709e-05,0.4935773733530047,0.0015424292917281398,0.001593037891681487,2.586187779164594e-35,0.0015424292917281398,2.168404344971009e-19,-0.00012494286340487587,0.0,1.0998928214551696e-05,3.740111664343393e-06,0.03642881735497688,0.00011384005423430277,0.00011758016589864616,3.2350855188587074e-05,0.00014619090942288984,0.0,-7.987072097559512e-06,0.0,0.00139623838230525,0.0,2.028789633682221e-05,0.00011695579130731637,0.0,ppo,ppo,noop,0.0
2.025,0.281077165800433,0.934783067654122,5.0616437024854156e-05,-28.817458918056964,-3.166753727259008,0.0,5.061643702485416e-05,5.0616437024854176e-05,0.49299475693209394,0.0015406086154127936,0.0015912250524376477,4.123019788969799e-35,0.0015406086154127936,-2.168404344971009e-19,-0.00012478955855968458,-2.710505431213761e-20,1.100604748275276e-05,3.735262629628189e-06,0.03637585120922966,0.00011367453502884269,0.00011740979765847088,3.2339604688976825e-05,0.0001460141397178195,0.0,-7.971579642891899e-06,-3.3881317890172014e-21,0.0013945944756949742,0.0,2.0265311968001413e-05,0.00011681797891679268,0.0,ppo,ppo,noop,0.0
2.0275,0.2810328481824442,0.9348437478675864,5.062433967880983e-05,-28.849126455329554,-3.166753727259008,0.0,5.062433967880982e-05,5.062433967880981e-05,0.4924136235418301,0.0015387925735682192,0.001589416913247029,6.375128676272957e-35,0.0015387925735682192,0.0,-0.0001246366365767181,-2.710505431213761e-20,1.099654643616847e-05,3.7250213761758995e-06,0.036312403910042985,0.00011347626221888432,0.00011720128359506023,3.235626818264879e-05,0.00014583253040153311,0.0,-7.955714830468573e-06,-1.6940658945086007e-21,0.001392960043166686,0.0,2.0243316740221266e-05,0.00011668092174624952,0.0,ppo,ppo,noop,0.0
2.0300000000000002,0.2809886826592336,0.9349042012409502,5.063230473511725e-05,-28.88079399260216,-3.166753727259008,0.0,5.063230473511725e-05,5.063230473511725e-05,0.49183396701207754,0.0015369811469127424,0.0015876134516478596,4.778282937250715e-35,0.0015369811469127424,0.0,-0.00012448409611359496,-2.710505431213761e-20,1.0994178777713862e-05,3.711438449906645e-06,0.036254835338402305,0.0001132963604325072,0.00011700779888241385,3.235538562959618e-05,0.00014565174606210338,0.0,-7.93989727101916e-06,0.0,0.0013913294008506389,0.0,2.0221179173276657e-05,0.0001165441988425758,0.0,ppo,ppo,noop,0.0
2.0325,0.28094466848883953,0.934964428886412,5.064032906192134e-05,-28.912461529874744,-3.166753727259008,0.0,5.064032906192134e-05,5.0640329061921323e-05,0.49125578120789665,0.001535174316274677,0.0015858146453365985,6.624262796276218e-35,0.001535174316274677,2.168404344971009e-19,-0.0001243319358329973,0.0,1.100103584136092e-05,3.706643634629975e-06,0.03620213615299104,0.000113131675478097,0.00011683831911272697,3.234490101382947e-05,0.00014547657649192648,0.0,-7.924523872699314e-06,0.0,0.0013896977397827505,0.0,2.0198775543950883e-05,0.00011640741196029797,0.0,ppo,ppo,noop,0.0
2.035,0.28090080493382946,0.9350244319096167,5.064840957499811e-05,-28.944129067147333,-3.166753727259008,0.0,5.0648409574998124e-05,5.064840957499813e-05,0.49067906002930267,0.001533372062591571,0.001584020472166569,5.212837572311352e-35,0.001533372062591571,2.168404344971009e-19,-0.00012418015440266003,0.0,1.1007800247337991e-05,3.7018568513775018e-06,0.03614951464503689,0.00011296723326574029,0.00011666909011711779,3.2334665931699635e-05,0.00014530189919743992,2.710505431213761e-20,-7.909187248882673e-06,0.0,0.001388070163394131,0.0,2.017643217322078e-05,0.00011627096715377736,0.0,ppo,ppo,noop,0.0
2.0375,0.2808570912612682,0.9350842114096998,5.0656543237150946e-05,-28.975796604419926,-3.166753727259008,0.0,5.065654323715094e-05,5.065654323715094e-05,0.49010379741102617,0.0015315743669094568,0.0015822309101466076,2.828196444191835e-35,0.0015315743669094568,-2.168404344971009e-19,-0.00012402875049536031,-5.421010862427522e-20,1.1092911388921775e-05,3.727245427042066e-06,0.03607445509694694,0.0001127326721779592,0.00011645991760500126,3.2197965886349455e-05,0.00014493063806430865,0.0,-7.877183165906075e-06,1.6940658945086007e-21,0.0013866437288451482,0.0,2.015470143980383e-05,0.00011615156732945424,0.0,ppo,ppo,noop,0.0
2.04,0.28081352674268517,0.9351437684793312,5.066472705761294e-05,-29.007464141692516,-3.166753727259008,0.0,5.066472705761293e-05,5.066472705761293e-05,0.48952998732227604,0.0015297812103821126,0.0015804459374397254,4.1138190337109283e-35,0.0015297812103821126,-2.168404344971009e-19,-0.00012387772278890693,0.0,1.1119643480576813e-05,3.722305531491755e-06,0.03599556325477056,0.000112486135171158,0.00011620844070264976,3.214774562795107e-05,0.00014463388079910907,0.0,-7.851557092362824e-06,0.0,0.0013851473295830035,0.0,2.0133615506014194e-05,0.00011602616569654411,0.0,ppo,ppo,noop,0.0
2.0425,0.2807701106540426,0.9352031042047583,5.0672958091459236e-05,-29.039131678965106,-3.166753727259008,0.0,5.067295809145924e-05,5.067295809145925e-05,0.488957623766505,0.001527992574270328,0.0015786655323617874,2.585827126797233e-35,0.001527992574270328,2.168404344971009e-19,-0.0001237270699661293,0.0,1.1225476807435562e-05,3.7656845394617263e-06,0.03592703073876495,0.00011227197105864048,0.0001160376555981022,3.198768901604983e-05,0.00014425966007469032,0.0,-7.819248301470467e-06,-1.6940658945086007e-21,0.0013837329141956377,0.0,2.011148284671045e-05,0.00011590782166465882,0.0,ppo,ppo,noop,0.0
2.045,0.280726842275704,0.9352622196658488,5.0681233439023386e-05,-29.07079921623768,-3.166753727259008,0.0,5.0681233439023386e-05,5.068123343902337e-05,0.48838670078117374,0.001526208439941168,0.0015768896733801914,4.3286402695133464e-35,0.001526208439941168,0.0,-0.00012357679071486627,0.0,1.1259051447346957e-05,3.7755156472544493e-06,0.03585550440849504,0.000112048451276547,0.00011582396692380145,3.193864619158392e-05,0.0001439870974681309,0.0,-7.795626828348808e-06,1.6940658945086007e-21,0.001382221342473037,0.0,2.009000263165512e-05,0.00011578116388651747,0.0,ppo,ppo,noop,0.0
2.0475,0.28068372089240184,0.9353211159361339,5.0689550245323835e-05,-29.102466753510278,-3.166753727259008,0.0,5.068955024532384e-05,5.068955024532385e-05,0.48781721243752096,0.001524428788867253,0.001575118339112577,4.05478401877327e-35,0.001524428788867253,0.0,-0.00012342688372795515,2.710505431213761e-20,1.1299213694513492e-05,3.822544421659637e-06,0.0357696266687489,0.00011178008333984032,0.00011560262776149996,3.191366727795649e-05,0.0001436937506177968,2.710505431213761e-20,-7.77024411217697e-06,0.0,0.0013807350382494562,0.0,2.006868982853669e-05,0.00011565663961577818,0.0,ppo,ppo,noop,0.0
2.05,0.2806407457932072,0.9353797940828504,5.069790569949584e-05,-29.134134290782875,-3.166753727259008,0.0,5.069790569949584e-05,5.069790569949584e-05,0.48724915284033216,0.001522653602626038,0.0015733515083255338,2.605577522034604e-35,0.001522653602626038,0.0,-0.00012327734770321998,-2.710505431213761e-20,1.1293201535977399e-05,3.811896433232417e-06,0.03570463287543816,0.00011157697773574425,0.00011538887416897667,3.1923399060773466e-05,0.00014350037679651773,-2.710505431213761e-20,-7.753346952616958e-06,-1.6940658945086007e-21,0.0013791532258295202,0.0,2.0047334645955105e-05,0.00011552400075060302,0.0,ppo,ppo,noop,0.0
2.0525,0.2805979162714981,0.9354382551669833,5.0706297034230246e-05,-29.165801828055464,-3.166753727259008,0.0,5.0706297034230246e-05,5.070629703423023e-05,0.4866825161277113,0.0015208828628990978,0.001571589159933328,2.4993398975366894e-35,0.0015208828628990978,2.168404344971009e-19,-0.0001231281813434604,0.0,1.1299161927824002e-05,3.8069033196839365e-06,0.03565287997929945,0.00011141524993531079,0.00011522215325499472,3.191487649826617e-05,0.00014333012643357696,0.0,-7.73835726676946e-06,0.0,0.0013775527364655207,0.0,2.0025394386803857e-05,0.00011538982407669094,0.0,ppo,ppo,noop,0.0
2.055,0.28055523162492924,0.9354965002433061,5.0714721525220135e-05,-29.197469365328047,-3.166753727259008,0.0,5.071472152522012e-05,5.071472152522012e-05,0.486117296470854,0.0015191165514714187,0.0015698312729966388,1.7866186510879606e-35,0.0015191165514714187,0.0,-0.00012297938335643953,0.0,1.1343116594385544e-05,3.8212154820520874e-06,0.035594842881378784,0.0001112338840043087,0.00011505509948636079,3.184970381850113e-05,0.00014308358782280984,0.0,-7.716880650605643e-06,1.6940658945086007e-21,0.001376032963648609,0.0,2.0003520050563175e-05,0.00011526250270583389,0.0,ppo,ppo,noop,0.0
2.0575,0.280512691155401,0.935554530360424,5.0723176490614016e-05,-29.229136902600644,-3.166753727259008,0.0,5.0723176490614016e-05,5.0723176490614016e-05,0.48555348807382265,0.0015173546502306957,0.0015680778267213097,3.0204012955205435e-35,0.0015173546502306957,-2.168404344971009e-19,-0.0001228309524548724,-5.421010862427522e-20,1.1351032168831076e-05,3.822874556530416e-06,0.03553412934610089,0.00011104415420656527,0.00011486702876309569,3.1843986709482275e-05,0.00014288814091604755,2.710505431213761e-20,-7.699768802950547e-06,-1.6940658945086007e-21,0.0013744665093146482,0.0,1.998199576262628e-05,0.00011513118365192184,0.0,ppo,ppo,noop,0.0
2.06,0.2804702941690297,0.9356123465608145,5.073165929047436e-05,-29.260804439873237,-3.166753727259008,0.0,5.073165929047436e-05,5.0731659290474366e-05,0.484991085173323,0.0015155971411666344,0.0015663288004571089,6.180845973276496e-35,0.0015155971411666344,2.168404344971009e-19,-0.0001226828873564141,0.0,1.0849103057084893e-05,3.6120830256735287e-06,0.03612163604840459,0.00011288011265126435,0.00011649219567693788,3.26455362019781e-05,0.00014552564885324246,-2.710505431213761e-20,-7.921336492780702e-06,0.0,0.001370071492313392,0.0,1.9935599800057964e-05,0.00011476155086363342,0.0,ppo,ppo,noop,0.0
2.0625,0.28042803997611715,0.9356699498808675,5.0740167326245475e-05,-29.29247197714582,-3.166753727259008,0.0,5.0740167326245475e-05,5.0740167326245475e-05,0.48443008203848253,0.001513844006370258,0.0015645841736965033,3.608893322466029e-35,0.001513844006370258,-2.168404344971009e-19,-0.00012253518678364736,-2.710505431213761e-20,1.0830400451764721e-05,3.5951055820957577e-06,0.03605351000377571,0.0001126672187617991,0.00011626232434389486,3.267447200481179e-05,0.0001453416907666109,0.0,-7.905245539166446e-06,-1.6940658945086007e-21,0.0013685023156036471,0.0,1.991477155093024e-05,0.00011462994124448092,0.0,ppo,ppo,noop,0.0
2.065,0.2803859278911213,0.935727341350927,5.074869804022516e-05,-29.324139514418412,-3.166753727259008,0.0,5.074869804022515e-05,5.074869804022514e-05,0.4838704729706302,0.0015120952280332192,0.0015628439260734444,2.3815498110035264e-35,0.0015120952280332192,2.168404344971009e-19,-0.00012238784946407068,0.0,1.076684159219256e-05,3.5154354496561943e-06,0.03593590667408868,0.00011229970835652711,0.00011581514380618331,3.2730450305496227e-05,0.00014503015866202334,0.0,-7.878562850925457e-06,1.6940658945086007e-21,0.0013670650693711958,0.0,1.989699156948742e-05,0.00011450928661314522,0.0,ppo,ppo,noop,0.0
2.0675,0.28034395723262634,0.9357845219953304,5.075724891504457e-05,-29.355807051691002,-3.166753727259008,0.0,5.075724891504458e-05,5.07572489150446e-05,0.4833122523030781,0.0015103507884471192,0.0015611080373621638,4.5697907604961186e-35,0.0015103507884471192,0.0,-0.0001222408741300857,-2.710505431213761e-20,1.0808430202165221e-05,3.549027501453829e-06,0.035839471634825315,0.00011199834885882911,0.00011554737636028294,3.2689416012167956e-05,0.00014468776487099706,0.0,-7.849045512970246e-06,0.0,0.001365663023576122,0.0,1.9876804551234416e-05,0.00011439182861711544,0.0,ppo,ppo,noop,0.0
2.07,0.2803021273233137,0.9358414928324488,5.0765817473153235e-05,-29.387474588963585,-3.166753727259008,0.0,5.076581747315325e-05,5.0765817473153235e-05,0.48275541440090564,0.0015086106700028302,0.0015593764874759835,2.0586130925342163e-35,0.0015086106700028302,2.168404344971009e-19,-0.0001220942595189851,0.0,1.0963050434325927e-05,3.6203406963826134e-06,0.035765335342650355,0.00011176667294578236,0.00011538701364216498,3.246005730088401e-05,0.00014422673024666637,-2.710505431213761e-20,-7.80931666964722e-06,-1.6940658945086007e-21,0.0013643839397561638,0.0,1.9855200352188672e-05,0.00011428494284933789,0.0,ppo,ppo,noop,0.0
2.0725000000000002,0.28026043748993273,0.9358982548747272,5.077440127631282e-05,-29.419142126236174,-3.166753727259008,0.0,5.0774401276312836e-05,5.077440127631283e-05,0.4821999536607427,0.001506874855189821,0.0015576492564661338,5.488281281561664e-35,0.001506874855189821,2.168404344971009e-19,-0.00012194800437293953,1.3552527156068805e-20,1.0968396759508898e-05,3.615509209938069e-06,0.035713985769518605,0.00011160620552974564,0.00011522171473968371,3.2453116967233095e-05,0.00014405932249697873,0.0,-7.79455058410527e-06,0.0,0.0013628155326928422,0.0,1.983372341243926e-05,0.00011415345378883426,0.0,ppo,ppo,noop,0.0
2.075,0.2802188870632722,0.9359548091287231,5.078299792509339e-05,-29.45080966350877,-3.166753727259008,0.0,5.0782997925093386e-05,5.0782997925093386e-05,0.481645864510558,0.0015051433265954937,0.001555926324520587,2.3283447966562602e-35,0.0015051433265954937,0.0,-0.0001218021074389854,-1.3552527156068805e-20,1.0973658694538688e-05,3.610685942877349e-06,0.03566271287936192,0.00011144597774800601,0.00011505666369088336,3.244636647889336e-05,0.00014389234422689938,0.0,-7.779819622768216e-06,-1.6940658945086007e-21,0.0013612509823685943,0.0,1.9812302177804063e-05,0.00011402228781621718,0.0,ppo,ppo,noop,0.0
2.0775,0.2801774753781314,0.936011156595146,5.079160505837888e-05,-29.48247720078136,-3.166753727259008,0.0,5.079160505837888e-05,5.079160505837888e-05,0.48109314140944653,0.0015034160669045204,0.0015542076719628993,4.4815030230140114e-35,0.0015034160669045204,2.168404344971009e-19,-0.00012165656746901193,0.0,1.0978836773877503e-05,3.605870881424779e-06,0.03561151670070936,0.00011128598968971675,0.00011489186057114154,3.2439802392048664e-05,0.00014372579208176542,0.0,-7.76512370109648e-06,-1.6940658945086007e-21,0.001359690274822755,0.0,1.9790936376690818e-05,0.00011389144376791545,0.0,ppo,ppo,noop,0.0
2.08,0.2801362017732922,0.9360672982688961,5.080022035287728e-05,-29.514144738053954,-3.166753727259008,0.0,5.080022035287728e-05,5.080022035287728e-05,0.48054177884741844,0.0015016930588981827,0.00155249327925106,3.794286470091833e-35,0.0015016930588981827,2.168404344971009e-19,-0.00012151138321974806,2.710505431213761e-20,1.0978913443484242e-05,3.603011216949992e-06,0.03554750829780889,0.00011108596343065277,0.00011468897464760276,3.244540468285879e-05,0.00014353136811351156,0.0,-7.748102490806985e-06,0.0,0.001358161690784671,0.0,1.977015279712931e-05,0.00011376328072894107,0.0,ppo,ppo,noop,0.0
2.0825,0.28009506559149044,0.9361232351391027,5.080884152263759e-05,-29.54581227532655,-3.166753727259008,0.0,5.0808841522637597e-05,5.08088415226376e-05,0.47999177134519144,0.0014999742854537232,0.0015507831269763609,5.399714139360645e-35,0.0014999742854537232,2.168404344971009e-19,-0.0001213665534527495,1.3552527156068805e-20,1.0983901567901953e-05,3.598189350928836e-06,0.03549649320061402,0.00011092654125191881,0.00011452473060284765,3.243922773776252e-05,0.00014336576898968135,-2.710505431213761e-20,-7.733485729415457e-06,-3.3881317890172014e-21,0.001356608516464042,0.0,1.9748896189523895e-05,0.00011363306772333404,0.0,ppo,ppo,noop,0.0
2.085,0.2800540661793885,0.9361789681891626,5.0817466318571924e-05,-29.57747981259913,-3.166753727259008,0.0,5.081746631857193e-05,5.0817466318571944e-05,0.4794431134539833,0.0014982597295436979,0.0015490771958622698,1.997193188599904e-35,0.0014982597295436979,0.0,-0.00012122207693438584,-1.3552527156068805e-20,1.1020676759713524e-05,3.6228680504920702e-06,0.03540947228777862,0.00011065460089930818,0.00011427746894980025,3.239898084963694e-05,0.0001430535817489451,2.710505431213761e-20,-7.706505698378196e-06,3.3881317890172014e-21,0.0013552061477947529,0.0,1.9728839135839324e-05,0.00011351557123600765,0.0,ppo,ppo,noop,0.0
2.0875,0.2800132028875473,0.9362344983967783,5.082609252798312e-05,-29.60914734987172,-3.166753727259008,0.0,5.082609252798313e-05,5.0826092527983143e-05,0.47889579975530655,0.001496549374235333,0.0015473754667633163,4.6751680852674947e-35,0.001496549374235333,2.168404344971009e-19,-0.00012107795243582725,-2.710505431213761e-20,1.1025618055373313e-05,3.618051613991888e-06,0.03535867553608271,0.00011049586105025847,0.00011411391266425036,3.2392908031228385e-05,0.00014288876908148684,2.710505431213761e-20,-7.691954553575419e-06,1.6940658945086007e-21,0.0013536606051538463,0.0,1.9707688892059963e-05,0.00011338599788225183,0.0,ppo,ppo,noop,0.0
2.09,0.2799724750703989,0.9362898267339951,5.083471797410006e-05,-29.640814887144302,-3.166753727259008,0.0,5.083471797410005e-05,5.083471797410005e-05,0.47834982486076355,0.0014948432026898862,0.0015456779206639863,3.847235236863116e-35,0.0014948432026898862,2.168404344971009e-19,-0.00012093417873303093,2.710505431213761e-20,1.1030477584501895e-05,3.6132433158538406e-06,0.03530795553259204,0.00011033736103935013,0.00011395060435520398,3.23870061209501e-05,0.00014272436716030023,2.710505431213761e-20,-7.677438097258169e-06,1.6940658945086007e-21,0.0013521188355295859,0.0,1.96865927557889e-05,0.00011325674063577276,0.0,ppo,ppo,noop,0.0
2.0925000000000002,0.2799318820862195,0.936344954167239,5.084334051561687e-05,-29.67248242441691,-3.166753727259008,0.0,5.08433405156169e-05,5.084334051561691e-05,0.4778051834118446,0.0014931411981620143,0.0015439845386776311,4.0211736565693406e-35,0.0014931411981620143,0.0,-0.00012079075460672784,0.0,1.103525586505734e-05,3.6084431426121076e-06,0.03525731229843004,0.00011017910093259387,0.00011378754407520598,3.2381271928114304e-05,0.00014256037286070817,0.0,-7.662956245778476e-06,-1.6940658945086007e-21,0.0013505808253013061,0.0,1.9665550466607696e-05,0.00011312779836094936,0.0,ppo,ppo,noop,0.0
2.095,0.2798914232971023,0.9363998816573533,5.0851958046238145e-05,-29.704149961689495,-3.166753727259008,0.0,5.0851958046238145e-05,5.085195804623815e-05,0.4772618700797275,0.0014914433439991485,0.0015422953020453867,2.8638761103320803e-35,0.0014914433439991485,2.168404344971009e-19,-0.0001206476788424096,2.710505431213761e-20,1.1039953411936036e-05,3.6036510808126124e-06,0.03520674585355966,0.00011002108079237393,0.00011362473187318653,3.237570230317868e-05,0.0001423967830955526,2.710505431213761e-20,-7.64850891570583e-06,-1.6940658945086007e-21,0.001349046560903596,0.0,1.964456176590469e-05,0.00011299916992670376,0.0,ppo,ppo,noop,0.0
2.0975,0.27985109806893066,0.9364546101596365,5.086056849422944e-05,-29.735817498962085,-3.166753727259008,0.0,5.086056849422943e-05,5.0860568494229425e-05,0.4767198795650769,0.0014897496236408654,0.0015406101921350947,2.998486710988744e-35,0.0014897496236408654,-2.168404344971009e-19,-0.0001205049502303143,-1.3552527156068805e-20,1.1044570736990762e-05,3.59886711701319e-06,0.03515625621679169,0.00010986330067747404,0.00011346216779448723,3.237029413726111e-05,0.00014223359481473514,0.0,-7.634096023826301e-06,0.0,0.0013475160288261303,0.0,1.962362639685979e-05,0.000112870854206488,0.0,ppo,ppo,noop,0.0
2.1,0.2798109057713514,0.9365091406238777,5.0869169821975394e-05,-29.76748503623468,-3.166753727259008,0.0,5.08691698219754e-05,5.0869169821975415e-05,0.4761792065978471,0.0014880600206182723,0.0015389291904402476,3.8869550661314523e-35,0.0014880600206182723,-2.168404344971009e-19,-0.00012036256756541323,-4.0657581468206416e-20,1.1066548786271577e-05,3.6059775505016967e-06,0.03510092148349648,0.0001096903796359265,0.00011329635718642819,3.2342049799933935e-05,0.00014203242943586043,0.0,-7.616459648279896e-06,-8.470329472543003e-22,0.001346027591182412,0.0,1.96027921573136e-05,0.00011274610791713334,0.0,ppo,ppo,noop,0.0
2.1025,0.2797708457777488,0.9365634739943933,5.087776002553982e-05,-29.799152573507257,-3.166753727259008,0.0,5.087776002553982e-05,5.087776002553981e-05,0.47563984593708475,0.0014863745185533898,0.0015372522785789297,2.935735931320125e-35,0.0014863745185533898,0.0,-0.00012022052964739702,-1.3552527156068805e-20,1.1070998756323651e-05,3.6011928442728016e-06,0.03505059451590222,0.00010953310786219445,0.00011313430070646725,3.2336955357165316e-05,0.00014187006321935976,0.0,-7.602117759377242e-06,8.470329472543003e-22,0.00134450445533403,0.0,1.9581962533797317e-05,0.00011261841188801978,0.0,ppo,ppo,noop,0.0
2.105,0.2797309174652181,0.9366176112100639,5.088633713423411e-05,-29.83082011077985,-3.166753727259008,0.0,5.088633713423412e-05,5.0886337134234125e-05,0.4751017923707347,0.001484693101158546,0.0015355794382927801,1.8997035388750307e-35,0.001484693101158546,0.0,-0.00012007883528066187,0.0,1.107536993773313e-05,3.5964162054437155e-06,0.03500034440260533,0.00010937607625814165,0.00011297249246358536,3.2332013464211565e-05,0.0001417080897223532,0.0,-7.587810074563421e-06,0.0,0.0013429850114361928,0.0,1.9561185482093468e-05,0.00011249102520609844,0.0,ppo,ppo,noop,0.0
2.1075,0.2796911202145399,0.9366715532043686,5.0894899210189156e-05,-29.86248764805243,-3.166753727259008,0.0,5.089489921018917e-05,5.089489921018918e-05,0.47456504071544564,0.0014830157522357677,0.001533910651445957,3.0704628984630864e-35,0.0014830157522357677,0.0,-0.00011993748327429557,0.0,1.112782315079157e-05,3.6364605854928236e-06,0.03486912081219769,0.00010896600253811777,0.00011260246312361059,3.2275713494098844e-05,0.0001412417160322166,2.710505431213761e-20,-7.547873013753295e-06,-8.470329472543003e-22,0.001341774036203551,0.0,1.9543327255995105e-05,0.00011238961026054228,0.0,ppo,ppo,noop,0.0
2.11,0.279651453410154,0.936725300905422,5.0903444347933526e-05,-29.894155185325033,-3.166753727259008,0.0,5.0903444347933526e-05,5.090344434793351e-05,0.47402958581637844,0.0014813424556761826,0.0015322459000241162,2.5187736982424155e-35,0.0014813424556761826,2.168404344971009e-19,-0.00011979647244206366,1.3552527156068805e-20,1.102104498759495e-05,3.5739480664845277e-06,0.03479651013091339,0.00010873909415910433,0.00011231304222558886,3.243530243922816e-05,0.0001411743965983325,0.0,-7.541762791718571e-06,-1.6940658945086007e-21,0.0013401680590778501,0.0,1.9524416132613846e-05,0.00011225470965034509,0.0,ppo,ppo,noop,0.0
2.1125,0.2796119164401343,0.9367788552360086,5.0911970673976216e-05,-29.925822722597623,-3.166753727259008,0.0,5.091197067397622e-05,5.091197067397622e-05,0.47349542254701515,0.0014796731954594224,0.0015305851661333986,2.818811517919414e-35,0.0014796731954594224,-2.168404344971009e-19,-0.0001196558016023954,-2.710505431213761e-20,1.1025399610985897e-05,3.56926863570689e-06,0.03474671987662363,0.00010858349961444884,0.00011215276825015573,3.243044008771131e-05,0.00014101393970216016,-2.710505431213761e-20,-7.527586541294797e-06,-1.6940658945086007e-21,0.0013386592557572622,0.0,1.9503784450196315e-05,0.00011212821506110061,0.0,ppo,ppo,noop,0.0
2.115,0.279572508696163,0.9368322171136179,5.092047634639439e-05,-29.957490259870216,-3.166753727259008,0.0,5.0920476346394384e-05,5.0920476346394384e-05,0.47296254580896907,0.0014780079556530284,0.001528928431999423,3.577543893980811e-35,0.0014780079556530284,2.168404344971009e-19,-0.00011951546957836943,1.3552527156068805e-20,1.1029677153729369e-05,3.5645970016879756e-06,0.0346970062631093,0.00010842814457221657,0.00011199274157390455,3.2425719040623635e-05,0.0001408538636128402,-2.710505431213761e-20,-7.513444125975617e-06,-1.6940658945086007e-21,0.0013371540920401883,0.0,1.9483204364967e-05,0.00011200202545239382,0.0,ppo,ppo,noop,0.0
2.1175,0.27953322957350607,0.9368853874504792,5.092895955442709e-05,-29.989157797142806,-3.166753727259008,0.0,5.092895955442711e-05,5.092895955442713e-05,0.4724309505317987,0.001476346720411871,0.0015272756799662981,3.223838987011131e-35,0.001476346720411871,0.0,-0.00011937547519770007,0.0,1.1030384444977129e-05,3.5535355701699538e-06,0.034622437071271266,0.00010819511584772271,0.00011174865141789266,3.242172623464279e-05,0.0001406168420823655,2.710505431213761e-20,-7.492861508530637e-06,8.470329472543003e-22,0.0013357298783295054,0.0,1.946383492751237e-05,0.00011188261368916943,0.0,ppo,ppo,noop,0.0
2.12,0.2794940784709878,0.9369383671535969,5.093741851807336e-05,-30.02082533441539,-3.166753727259008,0.0,5.093741851807336e-05,5.0937418518073364e-05,0.471900631672819,0.0014746894739775594,0.0015256268924956327,2.4748669234112087e-35,0.0014746894739775594,0.0,-0.00011923581729272252,-1.3552527156068805e-20,1.1172238276779591e-05,3.7325996093804785e-06,0.03518830927368116,0.00010996346648025363,0.00011369606608963411,3.2325541573894644e-05,0.00014228900805414826,2.710505431213761e-20,-7.632000523765953e-06,1.6940658945086007e-21,0.001332400465923411,0.0,1.9414386288627985e-05,0.00011160381676895657,0.0,ppo,ppo,noop,0.0
2.1225,0.27945505479096616,0.9369911571247838,5.094585148769392e-05,-30.05249287168798,-3.166753727259008,0.0,5.0945851487693926e-05,5.094585148769393e-05,0.4713715842169172,0.0014730362006778663,0.0015239820521655602,4.1683680152453523e-35,0.0014730362006778663,0.0,-0.000119096494700379,-1.3552527156068805e-20,1.119081248817327e-05,3.750495449249428e-06,0.03512705132846774,0.00010977203540146169,0.00011352253085071111,3.2314721960596804e-05,0.0001420867573620585,2.710505431213761e-20,-7.614295235356162e-06,0.0,0.0013309494433158078,0.0,1.9394155492009775e-05,0.00011148219946502283,0.0,ppo,ppo,noop,0.0
2.125,0.2794161579393087,0.937043758260695,5.095425674362121e-05,-30.08416040896056,-3.166753727259008,0.0,5.095425674362121e-05,5.095425674362122e-05,0.4708438031763699,0.001471386884926156,0.0015223411416697772,2.9829185746990704e-35,0.001471386884926156,-2.168404344971009e-19,-0.00011895750626220428,-2.710505431213761e-20,1.1219435356453255e-05,3.7644765448566804e-06,0.035051049512249105,0.00010953452972577846,0.00011329900627063513,3.227986257557139e-05,0.00014181439230134986,-2.710505431213761e-20,-7.5906910073356225e-06,-3.3881317890172014e-21,0.0013295724926248062,0.0,1.9374666096939593e-05,0.00011136681525486866,0.0,ppo,ppo,noop,0.0
2.1275,0.27937738732536765,0.937096171452863,5.096263259576908e-05,-30.11582794623316,-3.166753727259008,0.0,5.096263259576909e-05,5.0962632595769094e-05,0.4703172835906591,0.0014697415112208097,0.0015207041438165788,4.122762945659453e-35,0.0014697415112208097,0.0,-0.00011881885082431126,-1.3552527156068805e-20,1.1223815467412672e-05,3.7595892641639746e-06,0.035000955991979964,0.00010937798747493738,0.00011313757673910135,3.227459092510771e-05,0.0001416525784000451,0.0,-7.5764135523363195e-06,-1.6940658945086007e-21,0.0013280889328207647,0.0,1.9354376679882965e-05,0.00011124243727197494,0.0,ppo,ppo,noop,0.0
2.13,0.27933874236195605,0.9371483975877295,5.097097738325349e-05,-30.14749548350575,-3.166753727259008,0.0,5.097097738325348e-05,5.0970977383253495e-05,0.4697920205262921,0.0014681000641446628,0.0015190710415279164,3.458617471167275e-35,0.0014681000641446628,2.168404344971009e-19,-0.00011868052723737642,1.3552527156068805e-20,1.1228118033029492e-05,3.7547096035625824e-06,0.03495093858400815,0.00010922168307502546,0.00011297639267858805,3.2269450920757085e-05,0.00014149113399578256,0.0,-7.5621698581827574e-06,-8.470329472543003e-22,0.0013266089301488802,0.0,1.933413745248448e-05,0.00011111835737919366,0.0,ppo,ppo,noop,0.0
2.1325,0.2793002224653238,0.9372004375466801,5.0979289474011053e-05,-30.179163020778333,-3.166753727259008,0.0,5.097928947401106e-05,5.097928947401106e-05,0.46926800907662186,0.0014664625283644433,0.0015174418178384543,3.6488749021535527e-35,0.0014664625283644433,-2.168404344971009e-19,-0.00011854253435662555,0.0,1.1329239650714737e-05,3.795719565755966e-06,0.034861358847758706,0.00010894174639924596,0.00011273746596500192,3.211652973833754e-05,0.0001410582761375835,0.0,-7.524949662971372e-06,-2.541098841762901e-21,0.0013254042522268597,0.0,1.9315020536810734e-05,0.00011101758469365418,0.0,ppo,ppo,noop,0.0
2.1350000000000002,0.27926182705513386,0.9372522922060768,5.098756726442917e-05,-30.210830558050937,-3.166753727259008,0.0,5.098756726442918e-05,5.0987567264429174e-05,0.4687452443616682,0.001464828888630213,0.0015158164558946423,4.459385322720876e-35,0.001464828888630213,0.0,-0.00011840487104181895,-1.3552527156068805e-20,1.1305998843916641e-05,3.7768765771926693e-06,0.03478610809493506,0.00010870658779667207,0.00011248346437386473,3.2152446153788555e-05,0.00014085903395046062,0.0,-7.507607334399675e-06,0.0,0.0013239698546797525,0.0,1.9296164004231507e-05,0.00011089726370741928,0.0,ppo,ppo,noop,0.0
2.1375,0.27922355555443856,0.93730396243729,5.099580917897415e-05,-30.24249809532352,-3.166753727259008,0.0,5.099580917897413e-05,5.099580917897411e-05,0.4682237215279411,0.001463199129774816,0.0015141949389537901,3.5235906167979886e-35,0.001463199129774816,0.0,-0.0001182675361572371,0.0,1.130997878084661e-05,3.771966039788431e-06,0.034736471408969107,0.00010855147315302846,0.0001123234391928169,3.214781765706937e-05,0.00014069929081009783,0.0,-7.493515637413524e-06,-2.541098841762901e-21,0.0013224998389647182,0.0,1.92760681432645e-05,0.00011077402051982357,0.0,ppo,ppo,noop,0.0
2.14,0.2791854073896565,0.9373554491067331,5.100401366982889e-05,-30.27416563259611,-3.166753727259008,0.0,5.100401366982889e-05,5.1004013669828895e-05,0.46770343574826473,0.0014615732367133272,0.001512577250383156,3.2943134386429764e-35,0.0014615732367133272,0.0,-0.00011813052857166561,-2.710505431213761e-20,1.1313883036731476e-05,3.7670631518193317e-06,0.03468691065502466,0.00010839659579695207,0.0001121636589487714,3.214331074818526e-05,0.00014053990654513732,0.0,-7.479457339575146e-06,1.6940658945086007e-21,0.0013210333301681898,0.0,1.925602155536058e-05,0.00011065107123209047,0.0,ppo,ppo,noop,0.0
2.1425,0.279147381990549,0.9374067530758928,5.1012179216531974e-05,-30.305833169868702,-3.166753727259008,0.0,5.101217921653195e-05,5.101217921653194e-05,0.4671843822216031,0.0014599511944425095,0.0015109633736590416,7.979700160540532e-35,0.0014599511944425095,2.168404344971009e-19,-0.00011799384715838106,0.0,1.131771208872464e-05,3.7621679024593337e-06,0.034637425839572376,0.00010824195574866368,0.00011200412365112301,3.213892294154202e-05,0.0001403808786902057,0.0,-7.4654323605560324e-06,0.0,0.0013195703157523038,0.0,1.9236024013185775e-05,0.00011052841479782503,0.0,ppo,ppo,noop,0.0
2.145,0.2791094787901973,0.9374578752013623,5.102030432562335e-05,-30.337500707141295,-3.166753727259008,0.0,5.102030432562336e-05,5.102030432562337e-05,0.466666556172887,0.001458332988040272,0.0015093532923658953,3.742176492611516e-35,0.001458332988040272,2.168404344971009e-19,-0.00011785749079513575,0.0,1.1321466411154431e-05,3.7572802808878286e-06,0.034588016968064385,0.0001080875530252012,0.00011184483330608903,3.2134651784202335e-05,0.00014022220480940355,-2.710505431213761e-20,-7.451440620241572e-06,-3.3881317890172014e-21,0.0013181107832308683,0.0,1.921607529093683e-05,0.00011040605017489419,0.0,ppo,ppo,noop,0.0
2.1475,0.27907169722497976,0.9375088163348725,5.1028387530291806e-05,-30.369168244413885,-3.166753727259008,0.0,5.1028387530291785e-05,5.1028387530291785e-05,0.466149952852842,0.0014567186026651312,0.001507746990195423,3.6395969347427545e-35,0.0014567186026651312,0.0,-0.00011772145836414324,-1.3552527156068805e-20,1.132514647554095e-05,3.752400276289757e-06,0.03453868404494191,0.00010793338764044348,0.00011168578791673324,3.213049485549966e-05,0.00014006388249594313,0.0,-7.4374820387301905e-06,8.470329472543003e-22,0.0013166547201691882,0.0,1.9196175164328677e-05,0.00011028397632541304,0.0,ppo,ppo,noop,0.0
2.15,0.2790340367345489,0.9375595773233245,5.103642739002913e-05,-30.400835781686474,-3.166753727259008,0.0,5.1036427390029126e-05,5.103642739002912e-05,0.4656345675378182,0.0014551080235556818,0.001506144450945711,2.8609816776995107e-35,0.0014551080235556818,0.0,-0.00011758574875206356,0.0,1.132875275061326e-05,3.7475278778557425e-06,0.034489427073642547,0.00010777945960513296,0.0001115269874829887,3.212644976665835e-05,0.0001399059093717913,0.0,-7.423556536332334e-06,0.0,0.0013152021141838905,0.0,1.9176323410582054e-05,0.00011016219221573123,0.0,ppo,ppo,noop,0.0
2.1525,0.27899649676180915,0.9376101590088204,5.1044422490287094e-05,-30.43250331895906,-3.166753727259008,0.0,5.1044422490287094e-05,5.10444224902871e-05,0.4651203955296202,0.0014535012360300632,0.0015045456585203504,3.781912038830663e-35,0.0014535012360300632,0.0,-0.00011745036084998816,-1.3552527156068805e-20,1.1332285702326219e-05,3.742663074782236e-06,0.034440246056607775,0.0001076257689268993,0.00011136843200168153,3.2122514160416894e-05,0.0001397482830873162,-2.710505431213761e-20,-7.409664033569606e-06,-2.541098841762901e-21,0.001313752952942747,0.0,1.915651980841113e-05,0.00011004069681641855,0.0,ppo,ppo,noop,0.0
2.1550000000000002,0.2789590767528947,0.9376605622286944,5.1052371442139076e-05,-30.464170856231647,-3.166753727259008,0.0,5.1052371442139076e-05,5.1052371442139076e-05,0.46460743215533973,0.0014518982254854366,0.0015029505969275756,5.755307869936433e-35,0.0014518982254854366,-2.168404344971009e-19,-0.00011731529355342522,-1.3552527156068805e-20,1.1335745793877153e-05,3.737805856271614e-06,0.034391140995290226,0.00010747231561028196,0.00011121012146655357,3.211868571065639e-05,0.00013959100132093834,0.0,-7.395804451173834e-06,0.0,0.0013123072241644983,0.0,1.913676413801136e-05,0.00010991948910225138,0.0,ppo,ppo,noop,0.0
2.1575,0.27892177615714686,0.9377107878155445,5.106027288194613e-05,-30.49583839350425,-3.166753727259008,0.0,5.106027288194613e-05,5.106027288194613e-05,0.464095672767189,0.0014502989773974655,0.0015013592502794116,3.1921693704730474e-35,0.0014502989773974655,0.0,-0.00011718054576228485,-1.3552527156068805e-20,1.1339133485722732e-05,3.7329562115323244e-06,0.034342111890160995,0.00010731909965675311,0.00011105205586828544,3.211496212203298e-05,0.0001394340617787861,2.710505431213761e-20,-7.381977710086126e-06,0.0,0.0013108649156186795,0.0,1.9117056181047438e-05,0.00010979856805219873,0.0,ppo,ppo,noop,0.0
2.16,0.2788845944270927,0.9377608365972622,5.1068125471026045e-05,-30.527505930776833,-3.166753727259008,0.0,5.106812547102603e-05,5.106812547102603e-05,0.46358511274233355,0.0014487034773197924,0.0014997716027908183,5.086724902038337e-35,0.0014487034773197924,-2.168404344971009e-19,-0.0001170461163808637,-1.3552527156068805e-20,1.1327580583321704e-05,3.702833206978364e-06,0.034259133704629206,0.00010705979282696628,0.00011076262603394464,3.2115797511361e-05,0.00013917559033832728,0.0,-7.359678444573533e-06,-8.470329472543003e-22,0.001309527886981465,0.0,1.909920537805128e-05,0.00010968643793629017,0.0,ppo,ppo,noop,0.0
2.1625,0.27884753101842275,0.9378107093970638,5.1075927895328615e-05,-30.559173468049433,-3.166753727259008,0.0,5.1075927895328595e-05,5.1075927895328574e-05,0.46307574748273017,0.0014471117108835318,0.0014981876387788603,4.929710703563037e-35,0.0014471117108835318,-2.168404344971009e-19,-0.00011691200431783058,-1.3552527156068805e-20,1.1330747107799574e-05,3.698024739858095e-06,0.03421033880470363,0.00010690730876469884,0.00011060533350455693,3.211245841958755e-05,0.0001390197671842864,0.0,-7.345954109253213e-06,-8.470329472543003e-22,0.0013080919436992454,0.0,1.9079588304217646e-05,0.00010956605020857737,0.0,ppo,ppo,noop,0.0
2.165,0.2788105853899696,0.9378604070335204,5.108367886511113e-05,-30.59084100532202,-3.166753727259008,0.0,5.108367886511114e-05,5.108367886511114e-05,0.4625675724149614,0.0014455236637967543,0.0014966073426618655,3.1167185239715166e-35,0.0014455236637967543,2.168404344971009e-19,-0.00011677820848621096,0.0,1.1333843099954449e-05,3.6932238746206266e-06,0.03416161974950293,0.00010675506171719665,0.00011044828559181728,3.210921653982286e-05,0.00013886427825701952,0.0,-7.332262270942213e-06,-1.6940658945086007e-21,0.0013066593855397348,0.0,1.9060018301278946e-05,0.00010944594621526874,0.0,ppo,ppo,noop,0.0
2.1675,0.27877375700368656,0.9379099303205881,5.109137711462218e-05,-30.622508542594602,-3.166753727259008,0.0,5.109137711462218e-05,5.109137711462219e-05,0.46206058299007546,0.001443939321843986,0.001495030698958608,3.8399990016983874e-35,0.001443939321843986,0.0,-0.00011664472780337244,-1.3552527156068805e-20,1.133686900744037e-05,3.688430600062762e-06,0.03411297653528623,0.00010660305167276947,0.00011029148227283223,3.2106069699804204e-05,0.00013870912137257366,0.0,-7.318602851620155e-06,0.0,0.0013052302004714121,0.0,1.904049515667942e-05,0.00010932612495175228,0.0,ppo,ppo,noop,0.0
2.17,0.2787370453246264,0.9379592800676377,5.109902140178645e-05,-30.65417607986719,-3.166753727259008,0.0,5.109902140178646e-05,5.1099021401786464e-05,0.4615547746834243,0.001442358670885701,0.0014934576922874874,3.0650900722500854e-35,0.001442358670885701,-2.168404344971009e-19,-0.00011651156119100932,-2.710505431213761e-20,1.137342829012157e-05,3.703802360417324e-06,0.03405133483742991,0.00010641042136696848,0.0001101142237273858,3.205596718196063e-05,0.0001384663885489291,0.0,-7.297527971727127e-06,1.6940658945086007e-21,0.001303892282336772,0.0,1.9021303286393222e-05,0.0001092140332192822,0.0,ppo,ppo,noop,0.0
2.1725,0.2787004498209196,0.9380084570794845,5.1106610507894376e-05,-30.68584361713979,-3.166753727259008,0.0,5.110661050789438e-05,5.110661050789438e-05,0.4610501429945046,0.0014407816968578268,0.0014918883073657212,1.6066592792198511e-35,0.0014407816968578268,2.168404344971009e-19,-0.00011637870757512776,1.3552527156068805e-20,1.1517719087189738e-05,3.7649032893298902e-06,0.0339778797486108,0.00010618087421440875,0.00010994577750373864,3.183607562284479e-05,0.00013801694983725353,0.0,-7.258877482161138e-06,0.0,0.0013027647470205733,0.0,1.9002040044495452e-05,0.00010911983009296662,0.0,ppo,ppo,noop,0.0
2.1750000000000003,0.2786639699637545,0.9380574621564178,5.11141432372948e-05,-30.717511154412374,-3.166753727259008,0.0,5.11141432372948e-05,5.111414323729481e-05,0.4605466834467988,0.001439208385771246,0.0014903225290085408,2.4408554019069924e-35,0.001439208385771246,0.0,-0.00011624616588603066,-1.3552527156068805e-20,1.1520459328790574e-05,3.7599830557548093e-06,0.03392955863757166,0.00010602987074241144,0.00010978985379816624,3.183320763546846e-05,0.0001378630783778799,-2.710505431213761e-20,-7.245340365113578e-06,0.0,0.0013013453073933662,0.0,1.8982654206106468e-05,0.00010900082552091708,0.0,ppo,ppo,noop,0.0
2.1775,0.27862760522735547,0.93810629609423,5.112161841709282e-05,-30.749178691684964,-3.166753727259008,0.0,5.112161841709283e-05,5.112161841709283e-05,0.4600443915876185,0.0014376387237113079,0.0014887603421284007,1.8811072015790604e-35,0.0014376387237113079,0.0,-0.00011611393505830263,0.0,1.1578959209061514e-05,3.809753284713266e-06,0.033826302570734476,0.00010570719553354524,0.00010951694881825851,3.1773453283683065e-05,0.00013748064881722832,-2.710505431213761e-20,-7.212517425414267e-06,-8.470329472543003e-22,0.0013001580748940795,0.0,1.8964926271863566e-05,0.00010890141763288836,0.0,ppo,ppo,noop,0.0
2.18,0.27859135508896293,0.9381549596842452,5.112903489684963e-05,-30.780846228957557,-3.166753727259008,0.0,5.112903489684963e-05,5.112903489684964e-05,0.45954326298794773,0.0014360726968373366,0.0014872017317341863,2.9855852528125903e-35,0.0014360726968373366,0.0,-0.00011598201403079472,-1.3552527156068805e-20,1.1581634025037622e-05,3.8047445792178867e-06,0.033778273047939913,0.00010555710327481222,0.0001093618478540301,3.177051142599227e-05,0.0001373276147008045,-2.710505431213761e-20,-7.19906040214149e-06,-8.470329472543003e-22,0.001298745082136532,0.0,1.8945627681788272e-05,0.00010878295362865323,0.0,ppo,ppo,noop,0.0
2.1825,0.27855521902881264,0.9382034537133495,5.11363915482883e-05,-30.812513766230143,-3.166753727259008,0.0,5.113639154828829e-05,5.113639154828827e-05,0.45904329324228843,0.0014345102913821514,0.0014856466829304396,3.459222474173776e-35,0.0014345102913821514,0.0,-0.00011585040174660946,0.0,1.158423926425821e-05,3.7997436529395185e-06,0.03373031893479957,0.00010540724667124867,0.00010920699032418819,3.17676566727114e-05,0.00013717490334396007,0.0,-7.185635614321118e-06,-8.470329472543003e-22,0.0012973353880381914,0.0,1.8926374717152074e-05,0.00010866476613228835,0.0,ppo,ppo,noop,0.0
2.185,0.27851919653011525,0.9382517789640172,5.114368726499892e-05,-30.844181303502737,-3.166753727259008,0.0,5.1143687264998934e-05,5.114368726499895e-05,0.4585444779685063,0.001432951493651582,0.0014840951809165811,2.645477322719537e-35,0.001432951493651582,0.0,-0.0001157190971530857,-1.3552527156068805e-20,1.1355501535103042e-05,3.685795142908158e-06,0.03364117786031167,0.00010512868081347397,0.00010881447595638213,3.2118479337701e-05,0.00013724716015117496,0.0,-7.191616066154672e-06,0.0,0.0012957043335004071,0.0,1.8910438360042083e-05,0.00010852748108693103,0.0,ppo,ppo,noop,0.0
2.1875,0.2784832870790367,0.9382999362143419,5.115092096215354e-05,-30.875848840775326,-3.166753727259008,0.0,5.115092096215353e-05,5.115092096215353e-05,0.45804681280767845,0.0014313962900239952,0.0014825472109861488,3.379226796915168e-35,0.0014313962900239952,0.0,-0.00011558809920178347,0.0,1.1336631600772159e-05,3.6503317059501843e-06,0.0335760221333973,0.00010492506916686656,0.00010857540087281675,3.2127989466559406e-05,0.00013705305863342596,2.710505431213761e-20,-7.174781996748219e-06,0.0,0.0012943432313905693,0.0,1.8892440743095823e-05,0.00010841331720503525,0.0,ppo,ppo,noop,0.0
2.19,0.2784474901646775,0.9383479262380623,5.1158091576218295e-05,-30.907516378047912,-3.166753727259008,0.0,5.1158091576218295e-05,5.11580915762183e-05,0.4575502934239415,0.0014298446669498172,0.0014810027585260355,2.5643813314401145e-35,0.0014298446669498172,0.0,-0.00011545740684846874,1.3552527156068805e-20,1.1339177348245711e-05,3.645601223244453e-06,0.033528446539525913,0.00010477639543601849,0.00010842199665926294,3.212533810297133e-05,0.0001369017335389898,0.0,-7.1614891558164005e-06,8.470329472543003e-22,0.0012929429334108274,0.0,1.887331349727064e-05,0.00010829591769265233,0.0,ppo,ppo,noop,0.0
2.1925,0.2784118052790534,0.938395749804592,5.116519806467385e-05,-30.9391839153205,-3.166753727259008,0.0,5.1165198064673836e-05,5.1165198064673836e-05,0.45705491550434135,0.0014282966109510668,0.0014794618090157405,4.956853836215164e-35,0.0014282966109510668,-2.168404344971009e-19,-0.00011532701905309835,-2.710505431213761e-20,1.1341656652976047e-05,3.640878188302408e-06,0.03348094603098912,0.00010462795634684099,0.0001082688345351434,3.212276294702416e-05,0.00013675071929386516,-2.710505431213761e-20,-7.148227904805896e-06,-8.470329472543003e-22,0.0012915458916572017,0.0,1.8854231089055023e-05,0.00010817879114829245,0.0,ppo,ppo,noop,0.0
2.195,0.27837623191707545,0.9384434076790461,5.1172239405736396e-05,-30.970851452593095,-3.166753727259008,0.0,5.11722394057364e-05,5.117223940573641e-05,0.4565606747586837,0.0014267521086208867,0.0014779243480266232,3.38165687588103e-35,0.0014267521086208867,2.168404344971009e-19,-0.00011519693477980489,1.3552527156068805e-20,1.1344069937657907e-05,3.636162590662081e-06,0.033433520593341905,0.00010447975185419345,0.00010811591444485552,3.212026212108266e-05,0.0001366000139752761,0.0,-7.134998167197366e-06,-1.6940658945086007e-21,0.0012901520946456105,0.0,1.883519332081626e-05,0.00010806193661260752,0.0,ppo,ppo,noop,0.0
2.1975000000000002,0.27834076957653064,0.9384909006222695,5.117921459808264e-05,-31.002518989865692,-3.166753727259008,0.0,5.117921459808264e-05,5.117921459808264e-05,0.45606756691938566,0.0014252111466230802,0.001476390361221163,4.788894758200887e-35,0.0014252111466230802,2.168404344971009e-19,-0.00011506715299688135,1.3552527156068805e-20,1.1378413763982165e-05,3.676962151430925e-06,0.0333547928405367,0.00010423372762667718,0.0001079106897781081,3.2099349221549226e-05,0.0001363330768482264,2.710505431213761e-20,-7.111955480546792e-06,8.470329472543003e-22,0.001288878069774854,0.0,1.8816922523859205e-05,0.00010795519751633455,0.0,ppo,ppo,noop,0.0
2.2,0.2783054177580624,0.9385382293908641,5.1186122660579794e-05,-31.03418652713828,-3.166753727259008,0.0,5.118612266057979e-05,5.118612266057978e-05,0.455575587741329,0.0014236737116916532,0.001474859834352233,2.725524984299465e-35,0.0014236737116916532,0.0,-0.00011493767267676611,0.0,1.1380780325815299e-05,3.6721854561878007e-06,0.033307601226390995,0.00010408625383247187,0.00010775843928865967,3.2096747465137e-05,0.00013618300129760886,2.710505431213761e-20,-7.098789819284317e-06,-8.470329472543003e-22,0.0012874907103940442,0.0,1.879797089425858e-05,0.00010783888285748179,0.0,ppo,ppo,noop,0.0
2.2025,0.2782701759651515,0.938585394737216,5.1192962632016275e-05,-31.065854064410868,-3.166753727259008,0.0,5.1192962632016275e-05,5.1192962632016275e-05,0.45508473300171354,0.0014221397906303548,0.001473332753262371,4.274473294347692e-35,0.0014221397906303548,0.0,-0.00011480849279602767,-2.710505431213761e-20,1.1383081442169204e-05,3.6674162267289257e-06,0.03326048447375696,0.0001039390139804905,0.00010760643020721942,3.20942159744068e-05,0.00013603322995489728,0.0,-7.0856555212834914e-06,-8.470329472543003e-22,0.0012861065606754574,0.0,1.877906332552582e-05,0.00010772283727474419,0.0,ppo,ppo,noop,0.0
2.205,0.2782350437040966,0.938632397409522,5.119973357083679e-05,-31.09752160168346,-3.166753727259008,0.0,5.119973357083679e-05,5.119973357083679e-05,0.4545949984999122,0.0014206093703122255,0.0014718091038830622,1.664512680699192e-35,0.0014206093703122255,-2.168404344971009e-19,-0.00011467961233534957,-1.3552527156068805e-20,1.1385317529372094e-05,3.662654452929311e-06,0.03321344256477595,0.00010379200801492485,0.00010745466246785416,3.209175296502191e-05,0.00013588376097994675,0.0,-7.072552510241263e-06,8.470329472543003e-22,0.0012847256093322787,0.0,1.876019962512207e-05,0.00010760705982510832,0.0,ppo,ppo,noop,0.0
2.2075,0.27820002048399567,0.9386792381518176,5.1206434554882364e-05,-31.129189138956043,-3.166753727259008,0.0,5.120643455488238e-05,5.120643455488239e-05,0.45410638005732706,0.0014190824376791472,0.0014702888722340295,5.537397866399828e-35,0.0014190824376791472,0.0,-0.000114551030279515,1.3552527156068805e-20,1.138748900130159e-05,3.657900124665147e-06,0.033166475480766296,0.00010364523587739467,0.00010730313600205982,3.208935667694433e-05,0.000135734592554339,0.0,-7.059480710055649e-06,-8.470329472543003e-22,0.0012833478451248082,0.0,1.874137960175713e-05,0.00010749154956945935,0.0,ppo,ppo,noop,0.0
2.21,0.2781651058167273,0.9387259177040027,5.121306468113085e-05,-31.160856676228633,-3.166753727259008,0.0,5.121306468113085e-05,5.1213064681130846e-05,0.45361887351724733,0.001417558979741398,0.001468772044422529,6.275185631889588e-35,0.001417558979741398,2.168404344971009e-19,-0.00011442274561739188,1.3552527156068805e-20,1.1389596269399418e-05,3.653153231813932e-06,0.03311958320222937,0.0001034986975069668,0.00010715185073878072,3.208702537414595e-05,0.00013558572288111274,0.0,-7.046440044824878e-06,0.0,0.0012819732568602853,0.0,1.872260306537949e-05,0.000107376305572567,0.0,ppo,ppo,noop,0.0
2.2125,0.2781302992169317,0.9387724368018682,5.12196230654415e-05,-31.192524213501223,-3.166753727259008,0.0,5.12196230654415e-05,5.1219623065441484e-05,0.4531324747447054,0.0014160389835772044,0.0014672586066426458,2.808894313783158e-35,0.0014160389835772044,0.0,-0.00011429475734191737,-2.710505431213761e-20,1.1391639742686116e-05,3.648413764254608e-06,0.03307276570885625,0.00010335239284017578,0.00010700080660443038,3.208475734432388e-05,0.00013543715018449965,0.0,-7.033430438846607e-06,-1.6940658945086007e-21,0.0012806018333927048,0.0,1.8703869827166343e-05,0.00010726132690307076,0.0,ppo,ppo,noop,0.0
2.215,0.2780956002019922,0.9388187961771223,5.12261088423035e-05,-31.22419175077382,-3.166753727259008,0.0,5.1226108842303484e-05,5.1226108842303484e-05,0.45264717962633794,0.001414522436332306,0.0014657485451746097,3.9224194356105463e-35,0.001414522436332306,2.168404344971009e-19,-0.00011416706445008308,1.3552527156068805e-20,1.1363466553399705e-05,3.608068701206699e-06,0.03300332449421608,0.00010313538904442525,0.00010674345774563194,3.2107244436710784e-05,0.00013524263348113603,0.0,-7.01664600973379e-06,-1.6940658945086007e-21,0.00127927980285117,0.0,1.868664472941401e-05,0.0001071504184403493,0.0,ppo,ppo,noop,0.0
2.2175000000000002,0.27806100829201724,0.9388649965574166,5.123252116458657e-05,-31.255859288046413,-3.166753727259008,0.0,5.1232521164586564e-05,5.123252116458656e-05,0.4521629840702454,0.001413009325219517,0.0014642418463841035,2.7241281231850853e-35,0.001413009325219517,0.0,-0.00011403966594291955,0.0,1.1365374451003403e-05,3.603411984782824e-06,0.032956701870122014,0.0001029896933441313,0.00010659310532891412,3.210518424736259e-05,0.00013509487759149388,0.0,-7.00371743916136e-06,-8.470329472543003e-22,0.001277914447628023,0.0,1.866799464263254e-05,0.0001070359485037582,0.0,ppo,ppo,noop,0.0
2.22,0.27802652300982184,0.9389110386663723,5.1238859203296035e-05,-31.287526825319,-3.166753727259008,0.0,5.123885920329603e-05,5.1238859203296035e-05,0.4516798840058524,0.0014114996375182887,0.0014627384967215848,2.0608952112585826e-35,0.0014114996375182887,0.0,-0.00011391256082548112,0.0,1.1367220083586038e-05,3.5987625754589953e-06,0.032910153921379595,0.00010284423100431124,0.00010644299357977024,3.210318161158295e-05,0.0001349474126158942,0.0,-6.99081962910118e-06,-2.541098841762901e-21,0.0012765522249023945,0.0,1.8649387297924617e-05,0.00010692174119637995,0.0,ppo,ppo,noop,0.0
2.2225,0.27799214388090954,0.9389569232236055,5.124512214732783e-05,-31.319194362591595,-3.166753727259008,0.0,5.1245122147327844e-05,5.1245122147327864e-05,0.4511978753837719,0.001409993360574287,0.001461238482721615,4.948133264388598e-35,0.001409993360574287,0.0,-0.0001137857481068312,0.0,1.1369003848372688e-05,3.594120462957126e-06,0.032863680624354075,0.00010269900195110649,0.00010629312241406361,3.2101234913539586e-05,0.00013480023686464609,-2.710505431213761e-20,-6.977952504971706e-06,-1.6940658945086007e-21,0.001275193123709641,0.0,1.863082251129415e-05,0.0001068077956018595,0.0,ppo,ppo,noop,0.0
2.225,0.2779578704334546,0.9390026509447521,5.1251309203230715e-05,-31.35086189986417,-3.166753727259008,0.0,5.125130920323071e-05,5.1251309203230715e-05,0.45071695417566593,0.001408490481798956,0.0014597417910021868,2.662116009325245e-35,0.001408490481798956,0.0,-0.00011365922680002634,-1.3552527156068805e-20,1.1425958465673651e-05,3.6140739106553005e-06,0.032803648893667214,0.00010251140279271004,0.00010612547670336534,3.201346618253871e-05,0.00013452486897524876,0.0,-6.954216273951029e-06,-8.470329472543003e-22,0.0012739656128237073,0.0,1.8612547811056517e-05,0.00010670501052607531,0.0,ppo,ppo,noop,0.0
2.2275,0.27792370219828405,0.9390482225414951,5.125741959496733e-05,-31.382529437136768,-3.166753727259008,0.0,5.125741959496735e-05,5.125741959496736e-05,0.450237116374112,0.0014069909886691,0.0014582484082640674,2.106434051529494e-35,0.0014069909886691,0.0,-0.00011353299592210189,-1.3552527156068805e-20,1.1305318680382953e-05,3.5784609241619165e-06,0.032681053034991685,0.00010212829073434901,0.00010570675165851093,3.222524315836335e-05,0.00013435353389271235,0.0,-6.93962280203974e-06,-1.6940658945086007e-21,0.0012726374547763876,0.0,1.8597771010950663e-05,0.00010659337312006215,0.0,ppo,ppo,noop,0.0
2.23,0.27788963870886013,0.9390936387215877,5.1263452563681544e-05,-31.414196974409354,-3.166753727259008,0.0,5.126345256368154e-05,5.126345256368156e-05,0.44975835799246655,0.001405494868726458,0.0014567583212901395,1.7461958847280735e-35,0.001405494868726458,0.0,-0.00011340705449405617,-1.3552527156068805e-20,1.1204125527601317e-05,3.5414270774237604e-06,0.03260781000601682,0.00010189940626880256,0.00010544083334622632,3.239662858590267e-05,0.00013429603485470523,0.0,-6.934533378897626e-06,0.0,0.0012711988338717528,0.0,1.8580938399299233e-05,0.00010647252111515855,0.0,ppo,ppo,noop,0.0
2.2325,0.27785567950126266,0.9391389001888792,5.126940736746635e-05,-31.445864511681947,-3.166753727259008,0.0,5.126940736746635e-05,5.126940736746635e-05,0.4492806750647324,0.0014040021095772888,0.0014552715169447552,2.194416903861294e-35,0.0014040021095772888,2.168404344971009e-19,-0.00011328140154083588,1.3552527156068805e-20,1.114775241689597e-05,3.561063879385477e-06,0.032494564123311115,0.00010154551288534723,0.00010510657676473271,3.2534966413059885e-05,0.00013408047929840713,0.0,-6.916095667460101e-06,0.0,0.0012699216302788816,0.0,1.8565090592107982e-05,0.00010636530587337577,0.0,ppo,ppo,noop,0.0
2.235,0.2778218241141716,0.9391840076433396,5.1275283281134986e-05,-31.477532048954536,-3.166753727259008,0.0,5.1275283281134986e-05,5.127528328113497e-05,0.4488040636454251,0.0014025126988919533,0.0014537879821730883,2.5254630986125916e-35,0.0014025126988919533,0.0,-0.00011315603609132059,0.0,1.1149770669223468e-05,3.5565104837083717e-06,0.032448943101023815,0.00010140294719069943,0.0001049594576744078,3.2532252426396415e-05,0.00013393519961709584,2.710505431213761e-20,-6.903419390312119e-06,-8.470329472543003e-22,0.0012685774992748575,0.0,1.8546714557110715e-05,0.00010625261670100847,0.0,ppo,ppo,noop,0.0
2.2375000000000003,0.27778807208885004,0.9392289617810846,5.128107959599599e-05,-31.50919958622714,-3.166753727259008,0.0,5.128107959599599e-05,5.1281079595995985e-05,0.4483285198094415,0.0014010266244045048,0.0014523077040005008,2.4216991195272047e-35,0.0014010266244045048,2.168404344971009e-19,-0.00011303095717830804,1.3552527156068805e-20,1.1149484561369404e-05,3.55696729985812e-06,0.03239385980521737,0.00010123081189130427,0.0001047877791911624,3.253907777311531e-05,0.00013376988966441958,0.0,-6.889076010286125e-06,0.0,0.0012672567347400852,0.0,1.8528720998650963e-05,0.00010614188116802192,0.0,ppo,ppo,noop,0.0
2.24,0.27775442296912656,0.9392737632943998,5.1286795619630064e-05,-31.540867123499716,-3.166753727259008,0.0,5.128679561963006e-05,5.128679561963006e-05,0.44785403965192866,0.001399543873912277,0.001450830669531907,2.4027227649005353e-35,0.001399543873912277,0.0,-0.0001129061638384986,0.0,1.1151408701367124e-05,3.5524240891514687e-06,0.03234840487315883,0.00010108876522862133,0.0001046411893177728,3.2536402306047296e-05,0.00013362516753466863,-2.710505431213761e-20,-6.876460097140666e-06,-8.470329472543003e-22,0.0012659187063776083,0.0,1.8510427067515074e-05,0.00010602970374135794,0.0,ppo,ppo,noop,0.0
2.2425,0.2777208763013787,0.9393184128717645,5.12924306756696e-05,-31.572534660772305,-3.166753727259008,0.0,5.129243067566959e-05,5.129243067566958e-05,0.4473806192881535,0.0013980644352754796,0.001449356865951149,3.877078931235831e-35,0.0013980644352754796,0.0,-0.00011278165511248047,0.0,1.1125539238183124e-05,3.5154885249781375e-06,0.0322896584394768,0.00010090518262336501,0.00010442067114834315,3.25568407242815e-05,0.0001334620233476465,0.0,-6.862371596570428e-06,-8.470329472543003e-22,0.001264602411927833,0.0,1.8493194093597105e-05,0.00010591928351591005,0.0,ppo,ppo,noop,0.0
2.245,0.277687431634516,0.9393629111978767,5.1297984103581306e-05,-31.604202198044906,-3.166753727259008,0.0,5.1297984103581306e-05,5.12979841035813e-05,0.4469082548533743,0.0013965882964167948,0.001447886280520376,2.4490540828600143e-35,0.0013965882964167948,-2.168404344971009e-19,-0.00011265743004471464,-2.710505431213761e-20,1.1127311703152678e-05,3.5110107832871753e-06,0.03224438115877366,0.0001007636911211677,0.00010427470190445487,3.255437148056313e-05,0.00013331806260173082,0.0,-6.849833496314033e-06,0.0,0.001263270233815064,0.0,1.847498030446849e-05,0.00010580759654840061,0.0,ppo,ppo,noop,0.0
2.2475,0.2776540885199629,0.9394072589536766,5.130345525845117e-05,-31.635869735317485,-3.166753727259008,0.0,5.130345525845118e-05,5.130345525845117e-05,0.4464369425027125,0.0013951154453209764,0.0014464189005794275,2.3862250280119732e-35,0.0013951154453209764,-2.168404344971009e-19,-0.00011253348768351965,-2.710505431213761e-20,1.1129025740489292e-05,3.5065399784493317e-06,0.03219917740012736,0.00010062242937539799,0.00010412896935384732,3.2551943755921916e-05,0.0001331743731313199,0.0,-6.837325171044018e-06,-8.470329472543003e-22,0.0012619410721896565,0.0,1.8456807337001838e-05,0.00010569616251247563,0.0,ppo,ppo,noop,0.0
2.25,0.2776208465116424,0.9394514568163701,5.1308843510771916e-05,-31.667537272590074,-3.166753727259008,0.0,5.1308843510771936e-05,5.1308843510771936e-05,0.44596667841102466,0.001393645870034452,0.001444954713545224,1.9235505178957802e-35,0.001393645870034452,2.168404344971009e-19,-0.00011240982708105673,0.0,1.1130681718960254e-05,3.5020761011587208e-06,0.032154047130163434,0.00010048139728176073,0.00010398347338291945,3.254955617401013e-05,0.00013303095345577084,2.710505431213761e-20,-6.824846548546632e-06,8.470329472543003e-22,0.0012606149165786812,0.0,1.8438675019738844e-05,0.0001055849805325101,0.0,ppo,ppo,noop,0.0
2.2525,0.2775877051659598,0.939495505459453,5.131414824623471e-05,-31.69920480986267,-3.166753727259008,0.0,5.13141482462347e-05,5.1314148246234695e-05,0.44549745877277785,0.0013921795586649308,0.0014434937069111656,3.3992269651299886e-35,0.0013921795586649308,0.0,-0.00011228644729331472,0.0,1.1127365643993894e-05,3.5017229438143567e-06,0.03209663299353885,0.0001003019781048089,0.00010380370104862326,3.256113990206128e-05,0.00013286311800687016,0.0,-6.810339745443238e-06,-8.470329472543003e-22,0.0012593164406580607,0.0,1.842105774192564e-05,0.00010547610754787148,0.0,ppo,ppo,noop,0.0
2.255,0.2775546640417856,0.9395394055527336,5.1319368865519795e-05,-31.730872347135254,-3.166753727259008,0.0,5.131936886551979e-05,5.131936886551978e-05,0.4450292798019228,0.0013907164993810087,0.0014420358682465284,2.0404686539567234e-35,0.0013907164993810087,-2.168404344971009e-19,-0.00011216334738009511,-1.3552527156068805e-20,1.1128910487970543e-05,3.497250501308629e-06,0.03205167690998461,0.0001001614903437019,0.00010365874084501053,3.255879839088735e-05,0.00013272028873458926,-2.710505431213761e-20,-6.797924929842739e-06,-3.3881317890172014e-21,0.0012579962106464195,0.0,1.8403005349332705e-05,0.00010536542245025237,0.0,ppo,ppo,noop,0.0
2.2575,0.27752172270043995,0.9395831577623573,5.132450478409393e-05,-31.762539884407847,-3.166753727259008,0.0,5.1324504784093924e-05,5.1324504784093924e-05,0.44456213773176984,0.0013892566804117807,0.0014405811851958747,2.2238563845420482e-35,0.0013892566804117807,2.168404344971009e-19,-0.00011204052640499702,1.3552527156068805e-20,1.1112528112965199e-05,3.476172664594783e-06,0.0319932298942834,9.997884341963563e-05,0.00010345501608423041,3.257562122275831e-05,0.00013255446464239396,0.0,-6.783631436379851e-06,-8.470329472543003e-22,0.0012567022157693867,0.0,1.8385804373890877e-05,0.00010525689496861717,0.0,ppo,ppo,noop,0.0
2.2600000000000002,0.2774888807056761,0.9396267627508283,5.132955543200706e-05,-31.79420742168044,-3.166753727259008,0.0,5.1329555432007065e-05,5.132955543200708e-05,0.4440960288148658,0.0013878000900464558,0.001439129645478463,3.332958883046108e-35,0.0013878000900464558,2.168404344971009e-19,-0.00011191798343540227,1.3552527156068805e-20,1.111397824285134e-05,3.4717398052887874e-06,0.03194845514922046,9.983892234131395e-05,0.00010331066214660274,3.2573338751593164e-05,0.0001324122610929071,2.710505431213761e-20,-6.7712835461977815e-06,-8.470329472543003e-22,0.0012553878289535488,0.0,1.8367830257025445e-05,0.00010514669988920448,0.0,ppo,ppo,noop,0.0
2.2625,0.27745613762366467,0.9396702211770332,5.13345202536931e-05,-31.82587495895303,-3.166753727259008,0.0,5.133452025369308e-05,5.1334520253693065e-05,0.4436309493228715,0.0013863467166339734,0.0014376812368876665,1.9672417226915024e-35,0.0013863467166339734,0.0,-0.0001117957175424606,0.0,1.0773552720334452e-05,3.1599547087557027e-06,0.03310781482810283,0.00010346192133782133,0.00010662187604657703,3.294736952177989e-05,0.00013640929085960123,0.0,-7.106739018015729e-06,-1.6940658945086007e-21,0.0012499374257743721,0.0,1.8302384310314954e-05,0.00010468897852444487,0.0,ppo,ppo,noop,0.0
2.265,0.27742349302297764,0.9397135336962641,5.1339398707773344e-05,-31.857542496225616,-3.166753727259008,0.0,5.133939870777334e-05,5.133939870777333e-05,0.44316689554643823,0.0013848965485826195,0.0014362359472903927,2.9104759847934275e-35,0.0013848965485826195,-2.168404344971009e-19,-0.0001116737278010743,-1.3552527156068805e-20,1.0701075094081921e-05,3.113515777357565e-06,0.03303501489533158,0.0001032344215479112,0.00010634793732526876,3.305076429696707e-05,0.00013628518584487826,0.0,-7.096095594612623e-06,-8.470329472543003e-22,0.0012486113627377413,0.0,1.8286277955839075e-05,0.00010457763220646169,0.0,ppo,ppo,noop,0.0
2.2675,0.27739094647457235,0.9397567009602406,5.1344190266860435e-05,-31.889210033498216,-3.166753727259008,0.0,5.134419026686042e-05,5.134419026686041e-05,0.44270386379508964,0.001383449574359655,0.0014347937646265155,3.608552845333127e-35,0.001383449574359655,0.0,-0.00011155201328988402,-1.3552527156068805e-20,1.070200429265552e-05,3.1095762353266508e-06,0.03298894962544883,0.00010309046757952759,0.00010620004381485424,3.3049757916876044e-05,0.00013614022549640365,-2.710505431213761e-20,-7.083539536014401e-06,-8.470329472543003e-22,0.0012473093488632515,0.0,1.826848117066762e-05,0.00010446847375386962,0.0,ppo,ppo,noop,0.0
2.27,0.27735849755177633,0.9397997236171324,5.134889441736673e-05,-31.920877570770806,-3.166753727259008,0.0,5.1348894417366746e-05,5.1348894417366746e-05,0.4422418503970991,0.0013820057824909348,0.0014333546769083015,5.310896981965832e-35,0.0013820057824909348,-2.168404344971009e-19,-0.00011143057309125325,-1.3552527156068805e-20,1.070288198395194e-05,3.1056433685180023e-06,0.03294295640469564,0.00010294673876467388,0.00010605238213319188,3.3048773817980856e-05,0.00013599551258265474,-2.710505431213761e-20,-7.071011668142667e-06,-1.6940658945086007e-21,0.00124601026990828,0.0,1.825072375403792e-05,0.00010435956142311059,0.0,ppo,ppo,noop,0.0
2.2725,0.2773261458302713,0.939842602311582,5.1353510659314694e-05,-31.952545108043388,-3.166753727259008,0.0,5.1353510659314694e-05,5.1353510659314694e-05,0.44178085169937253,0.001380565161560539,0.0014319186722198537,2.6828769456571396e-35,0.001380565161560539,-2.168404344971009e-19,-0.00011130940629125384,-2.710505431213761e-20,1.070370849970944e-05,3.101717165400068e-06,0.03289703520834157,0.00010280323502606741,0.00010590495219146749,3.304781082529588e-05,0.0001358510458513633,0.0,-7.058511927156519e-06,-8.470329472543003e-22,0.0012447141157091758,0.0,1.8233005543324764e-05,0.00010425089436409732,0.0,ppo,ppo,noop,0.0
2.275,0.2772938908880781,0.9398853376847268,5.135803850614782e-05,-31.984212645315974,-3.166753727259008,0.0,5.135803850614782e-05,5.1358038506147806e-05,0.4413208640673287,0.0013791277002104022,0.00143048573871655,3.274532025589739e-35,0.0013791277002104022,-2.168404344971009e-19,-0.00011118851197965119,-2.710505431213761e-20,1.0722600202113938e-05,3.1132609042323076e-06,0.03283240473722053,0.00010260126480381416,0.00010571452570804647,3.302609900615226e-05,0.00013562736380996643,-2.710505431213761e-20,-7.039336651477683e-06,-1.6940658945086007e-21,0.0012435003364004358,0.0,1.821592077486501e-05,0.0001041491753281735,0.0,ppo,ppo,noop,0.0
2.2775,0.2772617323055411,0.9399279303742203,5.136247748454717e-05,-32.015880182588575,-3.166753727259008,0.0,5.136247748454716e-05,5.1362477484547154e-05,0.4408618838847825,0.0013776933871399452,0.0014290558646244925,3.4344466906499277e-35,0.0013776933871399452,2.168404344971009e-19,-0.00011106788924988918,0.0,1.0723314507555248e-05,3.109311381393238e-06,0.03278667905965188,0.00010245837206141213,0.00010556768344280537,3.302515985082991e-05,0.00013548353191224205,0.0,-7.026905251887539e-06,-8.470329472543003e-22,0.001242209855227703,0.0,1.8198278780625234e-05,0.00010404098399800164,0.0,ppo,ppo,noop,0.0
2.2800000000000002,0.2772296696653133,0.9399703810142551,5.136682713424622e-05,-32.04754771986117,-3.166753727259008,0.0,5.1366827134246216e-05,5.136682713424621e-05,0.44040390755382813,0.0013762622111057128,0.001427629038239959,7.215422903366152e-35,0.0013762622111057128,0.0,-0.00011094753719907568,0.0,1.0767038992166657e-05,3.126368540063264e-06,0.03272598158739731,0.0001022686924606166,0.00010539506100067987,3.295911768997618e-05,0.0001352278101505928,-2.710505431213761e-20,-7.00500093790872e-06,-2.541098841762901e-21,0.00124103440095512,0.0,1.818103317668541e-05,0.00010394253626116696,0.0,ppo,ppo,noop,0.0
2.2825,0.27719770255234105,0.940012690235584,5.1371087007850855e-05,-32.07921525713375,-3.166753727259008,0.0,5.137108700785084e-05,5.137108700785085e-05,0.4399469314947238,0.0013748341609210119,0.0014262052479288628,3.047778365273719e-35,0.0013748341609210119,2.168404344971009e-19,-0.00011082745492796788,2.710505431213761e-20,1.0767595527023083e-05,3.1223981765990375e-06,0.032680428360879574,0.00010212633862774866,0.0001052487368043477,3.2958294130403713e-05,0.00013508463275815238,2.710505431213761e-20,-6.992639789671705e-06,0.0,0.0012397495281628594,0.0,1.8163467712316456e-05,0.00010383481513829619,0.0,ppo,ppo,noop,0.0
2.285,0.2771658305538492,0.940054858665541,5.137525667066094e-05,-32.11088279440634,-3.166753727259008,0.0,5.137525667066094e-05,5.1375256670660944e-05,0.4394909521457757,0.0013734092254555491,0.00142478448212621,4.6777654229800905e-35,0.0013734092254555491,-2.168404344971009e-19,-0.00011070764154095715,-2.710505431213761e-20,1.0768102289788321e-05,3.11843454137385e-06,0.03263494692687937,0.00010198420914649803,0.00010510264368787188,3.295748663245814e-05,0.00013494169577895617,0.0,-6.9803064743987055e-06,0.0,0.001238467529676593,0.0,1.814594065825815e-05,0.00010372733506655845,0.0,ppo,ppo,noop,0.0
2.2875,0.2771340532593261,0.940096886928064,5.1379335700493266e-05,-32.14255033167893,-3.166753727259008,0.0,5.137933570049328e-05,5.137933570049328e-05,0.4390359659632252,0.0013719873936350788,0.001423366729335572,2.733048965602251e-35,0.0013719873936350788,0.0,-0.00011058809614605494,0.0,1.0828719596710932e-05,3.134226912145514e-06,0.0325626310301667,0.00010175822196927092,0.00010489244888141644,3.285612341921691e-05,0.00013461434538848783,2.710505431213761e-20,-6.952380643122972e-06,8.470329472543003e-22,0.001237373048246591,0.0,1.8129336447391454e-05,0.00010363571550293196,0.0,ppo,ppo,noop,0.0
2.29,0.27710237026050905,0.9401387756437151,5.1383323687508104e-05,-32.174217868951516,-3.166753727259008,0.0,5.138332368750811e-05,5.1383323687508104e-05,0.43858196942113453,0.0013705686544410454,0.0014219519781285535,5.173523848215368e-35,0.0013705686544410454,0.0,-0.00011046881785487749,-1.3552527156068805e-20,1.0829052989494151e-05,3.1302482185875227e-06,0.03251735878900387,0.0001016167462156371,0.00010474699443422463,3.2855465927107324e-05,0.00013447221214274443,-2.710505431213761e-20,-6.940130341178357e-06,-8.470329472543003e-22,0.001236096442298301,0.0,1.8111883313605216e-05,0.00010352868751369913,0.0,ppo,ppo,noop,0.0
2.2925,0.27707078115136957,0.9401805254297013,5.138722023403507e-05,-32.20588540622411,-3.166753727259008,0.0,5.138722023403507e-05,5.1387220234035064e-05,0.438128959011275,0.0013691529969102345,0.0014205402171442694,6.861606526344574e-35,0.0013691529969102345,0.0,-0.00011034980578263187,-1.3552527156068805e-20,1.082933746704633e-05,3.1262762472439658e-06,0.032472158135756525,0.00010147549417423914,0.0001046017704214831,3.2854821547186374e-05,0.0001343303157214255,0.0,-6.927907672426349e-06,8.470329472543003e-22,0.001234822681188809,0.0,1.809446812756742e-05,0.00010342189811020552,0.0,ppo,ppo,noop,0.0
2.295,0.277039285528099,0.9402221368998975,5.139102495440517e-05,-32.237552943496695,-3.166753727259008,0.0,5.139102495440517e-05,5.139102495440517e-05,0.43767693124301477,0.001367740410134421,0.0014191314350888262,3.1047889301427024e-35,0.001367740410134421,-2.168404344971009e-19,-0.00011023105904810078,-2.710505431213761e-20,1.082957334844218e-05,3.1223109864624025e-06,0.03242702903932627,0.00010133446574789459,0.00010445677673435699,3.285418924398321e-05,0.0001341886549918778,0.0,-6.9157125735004824e-06,-8.470329472543003e-22,0.0012335517551425434,0.0,1.8077090735480845e-05,0.0001033153464746003,0.0,ppo,ppo,noop,0.0
2.2975,0.2770078829890938,0.9402636106648644,5.139473747478174e-05,-32.26922048076929,-3.166753727259008,0.0,5.1394737474781746e-05,5.139473747478175e-05,0.4372258826432086,0.001366330883260027,0.0014177256207348087,3.599575285477734e-35,0.001366330883260027,0.0,-0.00011011257677362847,0.0,1.078875895748043e-05,3.0956749562426886e-06,0.03235497923474744,0.00010110931010858575,0.00010420498506482845,3.291289451606357e-05,0.00013402220462464934,0.0,-6.901543014682571e-06,-1.6940658945086007e-21,0.0012323086786353776,0.0,1.8061222647778885e-05,0.0001032110337589459,0.0,ppo,ppo,noop,0.0
2.3000000000000003,0.27697657313494145,0.9403049473318714,5.1398357432994435e-05,-32.30088801804189,-3.166753727259008,0.0,5.139835743299444e-05,5.139835743299444e-05,0.43677580975608693,0.0013649244054877716,0.001416322762920766,3.6809992967779364e-35,0.0013649244054877716,0.0,-0.0001099943580851057,-1.3552527156068805e-20,1.0788923568167589e-05,3.091755438214157e-06,0.0323100633572575,0.00010096894799142969,0.00010406070342964384,3.291226573487341e-05,0.0001338812137263031,0.0,-6.889419723967041e-06,0.0,0.0012310431917614685,0.0,1.804391692454299e-05,0.00010310493836113866,0.0,ppo,ppo,noop,0.0
2.3025,0.27694535556840655,0.9403461475049161,5.140188447837523e-05,-32.33255555531447,-3.166753727259008,0.0,5.140188447837524e-05,5.140188447837525e-05,0.43632670914314803,0.0013635209660723376,0.0014149228505507129,3.952717425243325e-35,0.0013635209660723376,0.0,-0.00010987640211195599,-1.3552527156068805e-20,1.0738067902801887e-05,3.0517013395560083e-06,0.032232882481743184,0.00010072775775544745,0.00010377945909500345,3.297745001232747e-05,0.0001337052077677749,0.0,-6.874488128663927e-06,-8.470329472543003e-22,0.0012298157583045628,0.0,1.802853497171494e-05,0.00010300191398329206,0.0,ppo,ppo,noop,0.0
2.305,0.276914229894416,0.9403872117847449,5.1405318271596984e-05,-32.36422309258705,-3.166753727259008,0.0,5.140531827159699e-05,5.1405318271597e-05,0.43587857738304786,0.0013621205543220246,0.0014135258725936216,2.4607134928841907e-35,0.0013621205543220246,0.0,-0.00010975870798712031,0.0,1.073809970178996e-05,3.047851310325153e-06,0.03218819348505957,0.00010058810464081116,0.00010363595595113632,3.297697017834221e-05,0.00013356507481915335,2.710505431213761e-20,-6.862452677821686e-06,1.6940658945086007e-21,0.001228555479502871,0.0,1.801129939347564e-05,0.00010289625530929862,0.0,ppo,ppo,noop,0.0
2.3075,0.2768831957200457,0.9404281407688732,5.140865848451333e-05,-32.39589062985965,-3.166753727259008,0.0,5.140865848451334e-05,5.140865848451334e-05,0.4354314110714931,0.001360723159598416,0.0014121318180829294,2.7208521666263565e-35,0.001360723159598416,2.168404344971009e-19,-0.0001096412748470431,0.0,1.0738085215663635e-05,3.04400786918832e-06,0.032143575594415344,0.00010044867373254795,0.00010349268160173628,3.297649592237438e-05,0.00013342516965492233,2.710505431213761e-20,-6.8504442755704135e-06,0.0,0.0012272979899434935,0.0,1.7994100867344375e-05,0.00010279083057147269,0.0,ppo,ppo,noop,0.0
2.31,0.2768522526545063,0.9404689350516057,5.141190480000006e-05,-32.42755816713224,-3.166753727259008,0.0,5.141190480000006e-05,5.1411904800000066e-05,0.4349852068211342,0.0013593287713160444,0.0014107406761160444,3.91866932680963e-35,0.0013593287713160444,0.0,-0.00010952410183165782,-1.3552527156068805e-20,1.0738024747910013e-05,3.040171004356087e-06,0.03209902877489479,0.00010030946492154621,0.0001033496359259023,3.2976026308536124e-05,0.00013328549123008235,0.0,-6.8384628601820225e-06,-8.470329472543003e-22,0.001226043280085962,0.0,1.797693924507033e-05,0.0001026856389714758,0.0,ppo,ppo,noop,0.0
2.3125,0.27682140030912955,0.9405095952240562,5.1415056911799785e-05,-32.45922570440484,-3.166753727259008,0.0,5.141505691179978e-05,5.1415056911799785e-05,0.43453996126145944,0.0013579373789420607,0.0014093524358538604,4.4514345765192803e-35,0.0013579373789420607,0.0,-0.00010940718808437258,-2.710505431213761e-20,1.0763075282066017e-05,3.0737902047435956e-06,0.03202819107229143,0.00010008809710091071,0.00010316188730565431,3.2962696552411345e-05,0.00013305079365332205,0.0,-6.818465071668157e-06,-8.470329472543003e-22,0.0012248865852887386,0.0,1.7960432198098244e-05,0.00010258872301270442,0.0,ppo,ppo,noop,0.0
2.315,0.2767906382973545,0.940550121874167,5.141811452436829e-05,-32.490893241677426,-3.166753727259008,0.0,5.141811452436829e-05,5.141811452436829e-05,0.4340956710386893,0.001356548971995904,0.0014079670865202723,2.716465608910142e-35,0.001356548971995904,-2.168404344971009e-19,-0.00010929053275205579,-1.3552527156068805e-20,1.0762941129269209e-05,3.069889607538747e-06,0.031983837537204574,9.99494923037643e-05,0.00010301938191130305,3.2962121873368616e-05,0.00013291161417713291,0.0,-6.806541475198179e-06,-8.470329472543003e-22,0.0012236373578187712,0.0,1.794334279691685e-05,0.00010248399127685761,0.0,ppo,ppo,noop,0.0
2.3175,0.27675996623471416,0.9405905155867295,5.142107735272078e-05,-32.52256077895001,-3.166753727259008,0.0,5.142107735272079e-05,5.1421077352720794e-05,0.4336523328156707,0.001355163540048971,0.0014065846174016918,3.4187872122354324e-35,0.001355163540048971,2.168404344971009e-19,-0.00010917413498502157,0.0,1.0765829630989144e-05,3.0614965442520706e-06,0.03192854097212203,9.977669053788134e-05,0.00010283818708213342,3.295091463499456e-05,0.00013272760517287591,-2.710505431213761e-20,-6.790860644563654e-06,-1.6940658945086007e-21,0.001222435934876095,0.0,1.792682498835495e-05,0.00010238327434045792,0.0,ppo,ppo,noop,0.0
2.32,0.2767293837388217,0.9406307769434027,5.142394512228245e-05,-32.554228316222606,-3.166753727259008,0.0,5.142394512228244e-05,5.142394512228244e-05,0.43320994327177575,0.0013537810727242993,0.0014052050178465817,3.975113071130113e-35,0.0013537810727242993,0.0,-0.00010905799393701617,-2.710505431213761e-20,1.0832237816238755e-05,3.0941044077599327e-06,0.031859691952201175,9.956153735062867e-05,0.0001026556417583886,3.285357389756488e-05,0.00013241511124819353,2.710505431213761e-20,-6.764268254108162e-06,8.470329472543003e-22,0.0012213659614761058,0.0,1.79103652065997e-05,0.000102293725682908,0.0,ppo,ppo,noop,0.0
2.3225000000000002,0.2766988904293574,0.9406709065227334,5.1426717568740286e-05,-32.585895853495195,-3.166753727259008,0.0,5.1426717568740286e-05,5.14267175687403e-05,0.4327684991027951,0.0013524015596962347,0.001403828277264975,5.480939025837658e-35,0.0013524015596962347,2.168404344971009e-19,-0.00010894210876520287,1.3552527156068805e-20,1.0831890610664297e-05,3.0901652713437264e-06,0.03181563194400726,9.942384982502268e-05,0.0001025140150963664,3.285310161875542e-05,0.0001322769514437781,-2.710505431213761e-20,-6.752454541822097e-06,-8.470329472543003e-22,0.0012201246082524566,0.0,1.7893382095035858e-05,0.00010218965422338077,0.0,ppo,ppo,noop,0.0
2.325,0.27666848592805504,0.940710904900175,5.142939443789527e-05,-32.61756339076778,-3.166753727259008,0.0,5.142939443789526e-05,5.1429394437895254e-05,0.4323279970208386,0.0013510249906901206,0.0014024543851280159,3.330039634711904e-35,0.0013510249906901206,0.0,-0.00010882647863014853,-1.3552527156068805e-20,1.0831498641369811e-05,3.0862328593272385e-06,0.031771642629097215,9.92863832159288e-05,0.00010237261607525604,3.285263001448289e-05,0.0001321390132304117,0.0,-6.740667522786e-06,-1.6940658945086007e-21,0.001218885977459709,0.0,1.787643502014971e-05,0.00010208581110736253,0.0,ppo,ppo,noop,0.0
2.3275,0.276638169858689,0.9407507726481069,5.1431975485519004e-05,-32.64923092804037,-3.166753727259008,0.0,5.143197548551902e-05,5.1431975485519024e-05,0.43188843375423164,0.0013496513554819738,0.0014010833309674928,3.0627646539139033e-35,0.0013496513554819738,0.0,-0.00010871110269580897,-2.710505431213761e-20,1.083106220415102e-05,3.082307159851806e-06,0.031727723968041424,9.914913740012945e-05,0.00010223144455998125,3.2852158237068776e-05,0.00013200129563719823,0.0,-6.728907135390995e-06,-2.541098841762901e-21,0.0012176500598447756,0.0,1.7859523839858175e-05,0.00010198219556041797,0.0,ppo,ppo,noop,0.0
2.33,0.27660794184706106,0.9407905103358535,5.143446047720902e-05,-32.680898465312964,-3.166753727259008,0.0,5.1434460477209026e-05,5.143446047720902e-05,0.43144980604741473,0.001348280643898171,0.00139971510437538,3.109546408621745e-35,0.001348280643898171,0.0,-0.000108595980129515,-1.3552527156068805e-20,1.0840608788809442e-05,3.092237392605492e-06,0.031662891290545385,9.894653528295433e-05,0.00010203877267555982,3.284548029219564e-05,0.00013179201557514996,0.0,-6.711132295001987e-06,-1.6940658945086007e-21,0.001216488628323021,0.0,1.7843359681691425e-05,0.000101884847834513,0.0,ppo,ppo,noop,0.0
2.3325,0.27657780152098743,0.9408301185297027,5.143684918824805e-05,-32.712566002585554,-3.166753727259008,0.0,5.143684918824806e-05,5.143684918824807e-05,0.43101211066084316,0.001346912845815135,0.001398349695003383,3.408126792688889e-35,0.001346912845815135,2.168404344971009e-19,-0.0001084811101019583,-1.3552527156068805e-20,1.0840087758018137e-05,3.0882980725551593e-06,0.03161916821722102,9.880990067881569e-05,0.00010189819875137085,3.284497174476693e-05,0.00013165487242358263,0.0,-6.699436385309883e-06,-1.6940658945086007e-21,0.0012152579733915522,0.0,1.782651790157088e-05,0.00010178167371664842,0.0,ppo,ppo,noop,0.0
2.335,0.27654774851028574,0.940869597792925,5.1439141403465495e-05,-32.74423353985814,-3.166753727259008,0.0,5.143914140346549e-05,5.143914140346549e-05,0.43057534437088774,0.0013455479511590243,0.0013969870925624897,3.1370844501132604e-35,0.0013455479511590243,0.0,-0.00010836649178717735,-1.3552527156068805e-20,1.0778906516166712e-05,3.055576405791938e-06,0.031500568504767366,9.843927657739803e-05,0.00010149485298318997,3.2936904776924e-05,0.00013137618135432202,2.710505431213761e-20,-6.676024224689152e-06,1.6940658945086007e-21,0.0012141717698047022,0.0,1.7813327893076352e-05,0.0001016904675624882,0.0,ppo,ppo,noop,0.0
2.3375,0.27651778244676245,0.9409089486857923,5.144133691709722e-05,-32.775901077130726,-3.166753727259008,0.0,5.144133691709721e-05,5.144133691709719e-05,0.4301395039697361,0.0013441859499054253,0.0013956272868225225,3.7198871472258765e-35,0.0013441859499054253,0.0,-0.00010825212436254367,0.0,1.0778274008928329e-05,3.051683163625781e-06,0.031457179539944494,9.830368606232655e-05,0.00010135536922595232,3.293647206286634e-05,0.0001312401581251929,0.0,-6.664438656029143e-06,-8.470329472543003e-22,0.0012129457917802323,0.0,1.779654817417927e-05,0.00010158768570651452,0.0,ppo,ppo,noop,0.0
2.34,0.27648790296419995,0.9409481717655958,5.144343553265135e-05,-32.80756861440332,-3.166753727259008,0.0,5.144343553265135e-05,5.144343553265136e-05,0.42970458626529284,0.00134282683207904,0.0013942702676116915,4.304195084042452e-35,0.00134282683207904,0.0,-0.00010813800700874721,0.0,1.0777598940441717e-05,3.0477965886748982e-06,0.031413860589573725,9.816831434241789e-05,0.00010121611093109278,3.293603424044281e-05,0.0001311043485828607,0.0,-6.652879223569738e-06,-1.6940658945086007e-21,0.0012117224834961794,0.0,1.777980367056216e-05,0.00010148512778517747,0.0,ppo,ppo,noop,0.0
2.3425000000000002,0.2764581096983441,0.940987267586665,5.144543706277293e-05,-32.83923615167591,-3.166753727259008,0.0,5.144543706277293e-05,5.144543706277293e-05,0.4292705880810848,0.00134147058775339,0.001392916024816163,3.9366296470032505e-35,0.00134147058775339,0.0,-0.0001080241389097832,-2.710505431213761e-20,1.0776881593791038e-05,3.0439166693165227e-06,0.03137061161052987,9.803316128290584e-05,0.00010107707795222236,3.293559054450738e-05,0.00013096875182741323,0.0,-6.6413458669146605e-06,-1.6940658945086007e-21,0.0012105018359259768,0.0,1.7763094245170274e-05,0.00010138279304286854,0.0,ppo,ppo,noop,0.0
2.345,0.27642840228689164,0.9410262367003847,5.144734132911101e-05,-32.870903688948495,-3.166753727259008,0.0,5.144734132911102e-05,5.144734132911104e-05,0.4288375062561619,0.001340117207050506,0.001391564548379617,3.387445171789418e-35,0.001340117207050506,0.0,-0.00010791051925293769,0.0,1.0776122250397756e-05,3.040043393939872e-06,0.031327432559164814,9.789822674739005e-05,0.00010093827014132992,3.293514022225538e-05,0.00013083336696964544,-2.710505431213761e-20,-6.629838525814306e-06,-1.6940658945086007e-21,0.0012092838400808606,0.0,1.7746419761762e-05,0.00010128068072712338,0.0,ppo,ppo,noop,0.0
2.3475,0.2763987803694777,0.9410650796552154,5.1449148162187944e-05,-32.9025712262211,-3.166753727259008,0.0,5.144914816218795e-05,5.144914816218796e-05,0.4284053376450023,0.0013387666801406323,0.0013902158283028202,5.048441255623324e-35,0.0013387666801406323,-2.168404344971009e-19,-0.00010779714722877377,-2.710505431213761e-20,1.0763332867396248e-05,3.0357163414580876e-06,0.03127953992130391,9.774856225407472e-05,0.00010078427859553281,3.295819876885353e-05,0.00013070676102292823,2.710505431213761e-20,-6.619103420279055e-06,8.470329472543003e-22,0.001208059919117704,0.0,1.772999195894257e-05,0.00010117804380849471,0.0,ppo,ppo,noop,0.0
2.35,0.27636924358766357,0.9411037969967089,5.1450857401269046e-05,-32.93423876349369,-3.166753727259008,0.0,5.145085740126903e-05,5.145085740126902e-05,0.4279740791174169,0.0013374189972419279,0.001388869854643197,4.061784360770913e-35,0.0013374189972419279,2.168404344971009e-19,-0.00010768402203111805,0.0,1.0852554545219613e-05,3.067189330119812e-06,0.031215280931741644,9.754775291169263e-05,0.00010061494224181244,3.281293764094963e-05,0.00013036069055264227,0.0,-6.589740060286067e-06,-8.470329472543003e-22,0.0012070583066892855,0.0,1.7713812914791693e-05,0.00010109428197083198,0.0,ppo,ppo,noop,0.0
2.3525,0.27633979158492444,0.9411423892675272,5.145246889423469e-05,-32.96590630076627,-3.166753727259008,0.0,5.14524688942347e-05,5.14524688942347e-05,0.4275437275584543,0.0013360741486201698,0.0013875266175144044,5.276146341672276e-35,0.0013360741486201698,-2.168404344971009e-19,-0.00010757114285704658,-1.3552527156068805e-20,1.085164897697643e-05,3.0632739455111113e-06,0.03117238032407313,9.741368851272853e-05,0.00010047696245823964,3.281244488579295e-05,0.00013022613339852147,0.0,-6.5783269919586155e-06,1.6940658945086007e-21,0.0012058480152216484,0.0,1.7697240338260544e-05,0.00010099281586508796,0.0,ppo,ppo,noop,0.0
2.355,0.2763104240066372,0.9411808570074608,5.145398249745423e-05,-32.997573838038846,-3.166753727259008,0.0,5.1453982497454233e-05,5.145398249745423e-05,0.427114279868306,0.0013347321245884562,0.0013861861070859104,4.03878917127862e-35,0.0013347321245884562,0.0,-0.00010745850890687094,-1.3552527156068805e-20,1.0850701943869705e-05,3.0593652336473486e-06,0.0311295493379874,9.727984168121062e-05,0.00010033920691485797,3.281194384336217e-05,0.00013009178552457278,0.0,-6.566939770988932e-06,0.0,0.0012046403390638834,0.0,1.7680702171153914e-05,0.000100891569135882,0.0,ppo,ppo,noop,0.0
2.3575,0.27628114050006825,0.9412192007534447,5.145539807566116e-05,-33.02924137531146,-3.166753727259008,0.0,5.145539807566114e-05,5.145539807566112e-05,0.4266857329622157,0.001333392915506924,0.0013848483135825852,4.095048167351738e-35,0.001333392915506924,0.0,-0.00010734611938412532,0.0,1.0849713722836902e-05,3.0554631831385184e-06,0.031086787927189604,9.714621227246752e-05,0.00010020167545560604,3.281143381312587e-05,0.00012995764608559338,2.710505431213761e-20,-6.555578337214832e-06,8.470329472543003e-22,0.0012034352694213306,0.0,1.7664198281207312e-05,0.00010079054104691048,0.0,ppo,ppo,noop,0.0
2.36,0.27625194071436193,0.941257421039578,5.145671550182982e-05,-33.06090891258404,-3.166753727259008,0.0,5.1456715501829805e-05,5.14567155018298e-05,0.42625808377038304,0.001332056511782447,0.0013835132272842767,6.6636181371925e-35,0.001332056511782447,-2.168404344971009e-19,-0.00010723397349555176,-4.0657581468206416e-20,1.0848684589198916e-05,3.051567782605091e-06,0.031044096044890532,9.701280014028291e-05,0.00010006436792288801,3.281091410603707e-05,0.00012982371424632,0.0,-6.544242630620309e-06,-8.470329472543003e-22,0.0012022327975361271,0.0,1.7647728536933308e-05,0.00010068973086493145,0.0,ppo,ppo,noop,0.0
2.3625000000000003,0.2762228243005281,0.9412955183971392,5.145793465705228e-05,-33.09257644985664,-3.166753727259008,0.0,5.1457934657052294e-05,5.1457934657052294e-05,0.4258313292378739,0.001330722903868356,0.0013821808385254082,1.57227823598053e-35,0.001330722903868356,0.0,-0.00010712207045108744,-2.710505431213761e-20,1.0847614816669604e-05,3.047679020678111e-06,0.031001473643811072,9.68796051369096e-05,9.992728415758771e-05,3.2810384044391184e-05,0.00012968998918130078,0.0,-6.532932591335104e-06,-8.470329472543003e-22,0.0012010329146870551,0.0,1.7631292807615798e-05,0.00010058913785975234,0.0,ppo,ppo,noop,0.0
2.365,0.27619379091143054,0.941333493354605,5.145905543041972e-05,-33.124243987129226,-3.166753727259008,0.0,5.1459055430419704e-05,5.1459055430419704e-05,0.4254054663245287,0.001329392082264152,0.0013808511376945717,6.046648804379234e-35,0.001329392082264152,0.0,-0.00010701040946385073,0.0,1.0881380237090156e-05,3.07293107782443e-06,0.030932329903462803,9.666353094832126e-05,9.973646202614569e-05,3.276922603406384e-05,0.0001294327569823851,0.0,-6.511195615933416e-06,-8.470329472543003e-22,0.001199959325281767,0.0,1.7615632953328025e-05,0.00010049921384791732,0.0,ppo,ppo,noop,0.0
2.3675,0.2761648402017755,0.9413713464376663,5.146007771890351e-05,-33.15591152440181,-3.166753727259008,0.0,5.146007771890351e-05,5.146007771890351e-05,0.4249804920048703,0.0013280640375152198,0.0013795241152341233,2.732397483457946e-35,0.0013280640375152198,0.0,-0.0001068989897501274,-1.3552527156068805e-20,1.0880254952016858e-05,3.069010771942099e-06,0.03088989735075516,9.653092922110987e-05,9.959993999305198e-05,3.2768578586811886e-05,0.00012929950780792175,2.710505431213761e-20,-6.4999421044823205e-06,8.470329472543003e-22,0.001198764529707298,0.0,1.759926328794415e-05,0.00010039904764564508,0.0,ppo,ppo,noop,0.0
2.37,0.2761359718280997,0.9414090781692467,5.146100142723618e-05,-33.187579061674406,-3.166753727259008,0.0,5.1461001427236185e-05,5.146100142723618e-05,0.4245564032680157,0.001326738760212549,0.0013781997616397852,4.355074586435101e-35,0.001326738760212549,0.0,-0.00010678781052935767,-1.3552527156068805e-20,1.0857934953875386e-05,3.054733610779801e-06,0.030831649893504023,9.634890591720007e-05,9.940363952797987e-05,3.2799865130265206e-05,0.0001291487710474653,0.0,-6.487280394791333e-06,-8.470329472543003e-22,0.0011975899891650838,0.0,1.7583752287832754e-05,0.00010030053013456633,0.0,ppo,ppo,noop,0.0
2.3725,0.27610718544875884,0.9414466890695172,5.1461826467797066e-05,-33.21924659894699,-3.166753727259008,0.0,5.146182646779706e-05,5.146182646779707e-05,0.4241331971175847,0.0013254162409924522,0.0013768780674602492,4.0083380118103014e-35,0.0013254162409924522,0.0,-0.00010667687102412225,-1.3552527156068805e-20,1.085707312692242e-05,3.0540029928234864e-06,0.030768904223330437,9.615282569790761e-05,9.92068286907311e-05,3.280168320677572e-05,0.00012895450890468334,0.0,-6.470928010871131e-06,-8.470329472543003e-22,0.0011964617320877689,0.0,1.7568284873049837e-05,0.00010020594301325111,0.0,ppo,ppo,noop,0.0
2.375,0.27607848072391633,0.9414841796559155,5.1462552760497804e-05,-33.250914136219585,-3.166753727259008,0.0,5.146255276049779e-05,5.14625527604978e-05,0.42371087057161294,0.0013240964705362904,0.001375559023296788,2.4048090777714303e-35,0.0013240964705362904,-2.168404344971009e-19,-0.00010656617046012928,-1.3552527156068805e-20,1.0855836871034002e-05,3.05010888022185e-06,0.03072676170844221,9.602113033888191e-05,9.907123921910376e-05,3.280098789865165e-05,0.00012882211823753354,0.0,-6.4597715422330915e-06,8.470329472543003e-22,0.0011952743522987569,0.0,1.755201208821318e-05,0.00010010639891789619,0.0,ppo,ppo,noop,0.0
2.3775,0.2760498573155316,0.9415215504431602,5.146318023266827e-05,-33.282581673492174,-3.166753727259008,0.0,5.146318023266826e-05,5.146318023266825e-05,0.4232894206624619,0.0013227794395701935,0.0013742426198028617,3.5971845556331185e-35,0.0013227794395701935,0.0,-0.00010645570806620079,0.0,1.0854561353171915e-05,3.046221343299422e-06,0.030684688223797333,9.588965069936667e-05,9.893587204266609e-05,3.280027886962386e-05,0.00012868992956899052,0.0,-6.448640383409678e-06,0.0,0.001194089510001203,0.0,1.7535772556601717e-05,0.00010000706768279111,0.0,ppo,ppo,noop,0.0
2.38,0.2760213148873491,0.9415588019432695,5.14637088189456e-05,-33.31424921076476,-3.166753727259008,0.0,5.14637088189456e-05,5.14637088189456e-05,0.42286884443673245,0.001321465138864789,0.0013729288476837347,3.702603566791041e-35,0.001321465138864789,2.168404344971009e-19,-0.0001063454830742593,1.3552527156068805e-20,1.0853246837161356e-05,3.0423403712565287e-06,0.030642683718409263,9.575838662002895e-05,9.880072699128548e-05,3.279955551587941e-05,0.00012855794213590836,0.0,-6.437534475288183e-06,0.0,0.0011929071967288806,0.0,1.751956615274997e-05,9.990794859897112e-05,0.0,ppo,ppo,noop,0.0
2.3825,0.27599285310488686,0.9415959346655763,5.146413846116397e-05,-33.34591674803735,-3.166753727259008,0.0,5.1464138461163956e-05,5.1464138461163956e-05,0.4224491389551772,0.0013201535592349289,0.0013716176976960928,5.226987230190385e-35,0.0013201535592349289,0.0,-0.00010623549471931464,0.0,1.069055074080547e-05,2.9736660744231107e-06,0.03057372034966255,9.554287609269547e-05,9.851654216711859e-05,3.305670305397614e-05,0.0001285995791466716,0.0,-6.4413692484005146e-06,0.0,0.0011915539800882572,0.0,1.750544513632637e-05,9.979412547091412e-05,0.0,ppo,ppo,noop,0.0
2.3850000000000002,0.27596447163542553,0.9416329491167451,5.1464469108245176e-05,-33.37758428530995,-3.166753727259008,0.0,5.1464469108245176e-05,5.146446910824519e-05,0.42203030129261493,0.0013188446915394217,0.001370309160647667,2.2736065058864984e-35,0.0013188446915394217,2.168404344971009e-19,-0.00010612574223945086,-2.710505431213761e-20,1.06893204055693e-05,2.9699015804915548e-06,0.030531915564247083,9.541223613827213e-05,9.838213771876369e-05,3.305572987759814e-05,0.00012846796601587027,0.0,-6.430311115209728e-06,-1.6940658945086007e-21,0.0011903767255235513,0.0,1.748930053247926e-05,9.969543112424112e-05,0.0,ppo,ppo,noop,0.0
2.3875,0.275936170147997,0.941669845800788,5.146470071609215e-05,-33.409251822582526,-3.166753727259008,0.0,5.146470071609216e-05,5.146470071609215e-05,0.42161232853784336,0.0013175385266807605,0.0013690032273968526,6.73103535935899e-35,0.0013175385266807605,0.0,-0.00010601622487581255,-1.3552527156068805e-20,1.0671580891895729e-05,2.968386388573882e-06,0.030453577760770612,9.516743050240817e-05,9.813581689098204e-05,3.308992532087458e-05,0.00012825735582328273,0.0,-6.412677454643889e-06,0.0,0.0011892811708574778,0.0,1.7474730608434645e-05,9.960354742116866e-05,0.0,ppo,ppo,noop,0.0
2.39,0.27590794831337384,0.941706625219081,5.146483324748096e-05,-33.44091935985512,-3.166753727259008,0.0,5.1464833247480976e-05,5.1464833247480976e-05,0.42119521779355557,0.0013162350556048612,0.0013676998888523422,4.1226457109473416e-35,0.0013162350556048612,0.0,-0.00010590694187259225,-1.3552527156068805e-20,1.0673555089971124e-05,2.983623427608309e-06,0.030362701293139196,9.488344154105999e-05,9.786706496866829e-05,3.3101346495147035e-05,0.00012798478803620702,-2.710505431213761e-20,-6.389812036842883e-06,-1.6940658945086007e-21,0.0011882502675686542,0.0,1.7460504795132234e-05,9.951712983574936e-05,0.0,ppo,ppo,noop,0.0
2.3925,0.2758798058040582,0.9417432878703796,5.1464866671958274e-05,-33.47258689712771,-3.166753727259008,0.0,5.146486667195829e-05,5.14648666719583e-05,0.4207789661762542,0.0013149342693007944,0.0013663991359727527,5.930601741959375e-35,0.0013149342693007944,2.168404344971009e-19,-0.00010579789247701679,0.0,1.0672214435757217e-05,2.9798178122020636e-06,0.030321289747281918,9.475403046025599e-05,9.773384827245805e-05,3.31002556126459e-05,0.00012785428607290188,0.0,-6.378872228601161e-06,0.0,0.0011870799832278925,0.0,1.7444450893591054e-05,9.941902024841562e-05,0.0,ppo,ppo,noop,0.0
2.395,0.27585174229427073,0.9417798342508353,5.1464800965734676e-05,-33.50425443440031,-3.166753727259008,0.0,5.146480096573467e-05,5.1464800965734656e-05,0.4203635708161683,0.001313636158800526,0.0013651009597662608,3.2343030302462356e-35,0.001313636158800526,0.0,-0.00010568907593933475,0.0,1.0670836813877257e-05,2.9760187556924714e-06,0.03027994654535993,9.462483295424978e-05,9.760085170994225e-05,3.309914609367263e-05,0.00012772397904792243,0.0,-6.367957158940969e-06,-1.6940658945086007e-21,0.0011859121797526038,0.0,1.742842939502984e-05,9.932111878039377e-05,0.0,ppo,ppo,noop,0.0
2.3975,0.27582375745994026,0.9418162648540108,5.146463611158581e-05,-33.53592197167289,-3.166753727259008,0.0,5.146463611158582e-05,5.146463611158582e-05,0.41994902885716945,0.0013123407151786545,0.0013638053512902404,3.431005824212391e-35,0.0013123407151786545,2.168404344971009e-19,-0.00010558049151280294,1.3552527156068805e-20,1.0669422473716356e-05,2.9722262469009536e-06,0.030238671632545646,9.449584885170515e-05,9.746807509860611e-05,3.309801741105406e-05,0.0001275938662627592,0.0,-6.3570667701664005e-06,-8.470329472543003e-22,0.0011847468489158952,0.0,1.7412440178994967e-05,9.922342474263654e-05,0.0,ppo,ppo,noop,0.0
2.4,0.2757958509786931,0.9418525801708962,5.146437209874881e-05,-33.56758950894548,-3.166753727259008,0.0,5.146437209874881e-05,5.146437209874881e-05,0.419535337456689,0.001311047929552153,0.0013625123016509017,3.0059524486622353e-35,0.001311047929552153,-2.168404344971009e-19,-0.00010547213845367369,-2.710505431213761e-20,1.0667971663198782e-05,2.968440274657778e-06,0.030197464953593184,9.43670779799787e-05,9.733551825463647e-05,3.309686904700902e-05,0.00012746394702698772,0.0,-6.346201004721043e-06,-1.6940658945086007e-21,0.0011835839825251652,0.0,1.739648312572217e-05,9.912593744895265e-05,0.0,ppo,ppo,noop,0.0
2.4025,0.2757680225298419,0.9418887806899241,5.146400892282292e-05,-33.599257046218064,-3.166753727259008,0.0,5.146400892282291e-05,5.146400892282291e-05,0.4191224937856358,0.001309757793080112,0.001361221802002935,2.9868409104423357e-35,0.001309757793080112,0.0,-0.00010536401602118197,0.0,1.0666484628797014e-05,2.9646608278022084e-06,0.030156326452842084,9.423852016513151e-05,9.720318099293372e-05,3.30957004930311e-05,0.0001273342206581626,0.0,-6.335359805187449e-06,-1.6940658945086007e-21,0.0011824235724219494,0.0,1.738055811613149e-05,9.902865621599452e-05,0.0,ppo,ppo,noop,0.0
2.4050000000000002,0.27574027179437577,0.9419248668969855,5.146354658567228e-05,-33.63092458349067,-3.166753727259008,0.0,5.146354658567226e-05,5.146354658567228e-05,0.4187104950283148,0.0013084702969634837,0.001359933843549156,4.084207612524167e-35,0.0013084702969634837,-2.168404344971009e-19,-0.00010525612347753208,-1.3552527156068805e-20,1.066496161554037e-05,2.960887895182499e-06,0.030115256074221143,9.411017523194108e-05,9.707106312712357e-05,3.3094511249774034e-05,0.00012720468648171513,-2.710505431213761e-20,-6.32454311428665e-06,-2.541098841762901e-21,0.0011812656104817686,0.0,1.736466503182224e-05,9.893158036324544e-05,0.0,ppo,ppo,noop,0.0
2.4075,0.2757125984549496,0.9419608392754444,5.1462985095326996e-05,-33.66259212076325,-3.166753727259008,0.0,5.146298509532699e-05,5.146298509532699e-05,0.4182993383823462,0.0013071854324448319,0.001358648417540159,1.826062192493936e-35,0.0013071854324448319,2.168404344971009e-19,-0.00010514846008788548,1.3552527156068805e-20,1.0663402867023856e-05,2.9571214656561162e-06,0.030074253761252216,9.398204300391317e-05,9.693916446956929e-05,3.30933008269354e-05,0.00012707534383084857,0.0,-6.313750874877675e-06,-8.470329472543003e-22,0.0011801100886139834,0.0,1.7348803755068043e-05,9.88347092130078e-05,0.0,ppo,ppo,noop,0.0
2.41,0.2756850021958737,0.9419966983061544,5.14623244658882e-05,-33.694259658035854,-3.166753727259008,0.0,5.146232446588821e-05,5.1462324465888215e-05,0.417889021058584,0.001305903190808075,0.0013573655152739632,2.3744107902480511e-35,0.001305903190808075,-2.168404344971009e-19,-0.00010504102512034721,-2.710505431213761e-20,1.0661808625416762e-05,2.9533615280897658e-06,0.030033319457053856,9.38541233032933e-05,9.680748483138307e-05,3.309206874314445e-05,0.00012694619204643774,0.0,-6.30298302995705e-06,0.0,0.0011789569987616373,0.0,1.7332974168811837e-05,9.873804209039016e-05,0.0,ppo,ppo,noop,0.0
2.4125,0.27565748270310336,0.9420324444674724,5.146156471743223e-05,-33.72592719530844,-3.166753727259008,0.0,5.146156471743223e-05,5.146156471743222e-05,0.4174795402810364,0.0013046235633782388,0.001356085128095671,4.103186537253585e-35,0.0013046235633782388,-2.168404344971009e-19,-0.00010493381784595358,-1.3552527156068805e-20,1.0660179131471319e-05,2.9496080713595314e-06,0.029992453104345215,9.37264159510788e-05,9.667602402243833e-05,3.309081452584912e-05,0.00012681723047692792,0.0,-6.2922395226583476e-06,-8.470329472543003e-22,0.001177806332901311,0.0,1.7317176156661002e-05,9.864157832329522e-05,0.0,ppo,ppo,noop,0.0
2.415,0.27563003966422894,0.9420680782352746,5.1460705875917144e-05,-33.757594732581026,-3.166753727259008,0.0,5.146070587591713e-05,5.1460705875917124e-05,0.4170708932867873,0.0013033465415212104,0.0013548072473971275,5.6446238696482e-35,0.0013033465415212104,0.0,-0.00010482683753865952,-2.710505431213761e-20,1.0758523966921963e-05,2.9963790246327683e-06,0.029925693078667968,9.35177908708374e-05,9.651416989547016e-05,3.2940036966705975e-05,0.00012645782783754337,0.0,-6.26195247013815e-06,-8.470329472543003e-22,0.001176888713683667,0.0,1.730183052459198e-05,9.856488506852138e-05,0.0,ppo,ppo,noop,0.0
2.4175,0.27560267276846534,0.942103600082971,5.145974797309114e-05,-33.78926226985361,-3.166753727259008,0.0,5.1459747973091135e-05,5.1459747973091135e-05,0.4166630773259164,0.0013020721166434887,0.00135353186461658,2.371255885323961e-35,0.0013020721166434887,2.168404344971009e-19,-0.00010472008347532558,1.3552527156068805e-20,1.0625590689851999e-05,2.93532199172313e-06,0.029858522277305358,9.330788211657924e-05,9.624320410830237e-05,3.314388858511028e-05,0.0001264517707016895,0.0,-6.261835732098783e-06,-8.470329472543003e-22,0.0011756203459417991,0.0,1.728801955089579e-05,9.84582477432268e-05,0.0,ppo,ppo,noop,0.0
2.42,0.2755753817066423,0.9421390104815206,5.1458691046399284e-05,-33.8209298071262,-3.166753727259008,0.0,5.145869104639928e-05,5.14586910463993e-05,0.4162560896614209,0.0013008002801919404,0.0013522589712383396,4.624877133648859e-35,0.0013008002801919404,0.0,-0.00010461355493570543,-1.3552527156068805e-20,1.0623873900017797e-05,2.931600768821753e-06,0.029817983029620194,9.318119696756311e-05,9.611279773638486e-05,3.314254401518544e-05,0.00012632374098274854,0.0,-6.25119545985379e-06,8.470329472543003e-22,0.0011744765392091919,0.0,1.727231008152543e-05,9.836235947585164e-05,0.0,ppo,ppo,noop,0.0
2.4225,0.27554816617119404,0.942174309899446,5.1457535138895476e-05,-33.852597344398774,-3.166753727259008,0.0,5.145753513889547e-05,5.1457535138895476e-05,0.4158499275691387,0.0012995310236535583,0.0013509885587924537,4.2708940162721815e-35,0.0012995310236535583,0.0,-0.00010450725120243336,0.0,1.0622122896439906e-05,2.927885958303264e-06,0.029777511303015505,9.305472282192346e-05,9.598260878022673e-05,3.3141175304318926e-05,0.00012619589812624238,0.0,-6.240579230175685e-06,0.0,0.001173335125527316,0.0,1.7256631736049193e-05,9.826667197225767e-05,0.0,ppo,ppo,noop,0.0
2.4250000000000003,0.2755210258561498,0.9422094988028474,5.145628029915103e-05,-33.884264881671385,-3.166753727259008,0.0,5.1456280299151026e-05,5.145628029915102e-05,0.41544458833767023,0.0012982643385552194,0.0013497206188543703,3.243481441928794e-35,0.0012982643385552194,-2.168404344971009e-19,-0.00010440117156101167,-2.710505431213761e-20,1.062033791226087e-05,2.924177549056268e-06,0.02973710703808615,9.292845949401922e-05,9.58526370430755e-05,3.3139782023685564e-05,0.00012606824151770477,2.710505431213761e-20,-6.2299869869362345e-06,8.470329472543003e-22,0.0011721960970375147,0.0,1.7240984401332866e-05,9.817118457407544e-05,0.0,ppo,ppo,noop,0.0
2.4275,0.27549396045712343,0.9422445776554185,5.1454926581168636e-05,-33.91593241894398,-3.166753727259008,0.0,5.1454926581168636e-05,5.145492658116863e-05,0.4150400692683024,0.001297000216463445,0.0013484551430446136,2.402937814828022e-35,0.001297000216463445,0.0,-0.00010429531529979818,-1.3552527156068805e-20,1.0618519179261845e-05,2.9204755299804134e-06,0.029696770175052976,9.280240679704055e-05,9.572288232702096e-05,3.313836375262536e-05,0.0001259407705496659,0.0,-6.219418674141587e-06,-8.470329472543003e-22,0.0011710594459137791,0.0,1.722536796487797e-05,9.80758966256566e-05,0.0,ppo,ppo,noop,0.0
2.43,0.27546696967130396,0.9422795469184598,5.145347404429393e-05,-33.947599956216564,-3.166753727259008,0.0,5.145347404429392e-05,5.145347404429392e-05,0.4146363676749319,0.0012957386489841623,0.0013471921230284562,1.277456308133306e-35,0.0012957386489841623,0.0,-0.00010418968170999367,0.0,1.0580637459748648e-05,2.8887316152348924e-06,0.029642821195339758,9.263381623543675e-05,9.552254785067165e-05,3.3180930740031525e-05,0.00012581474697546827,0.0,-6.209064280957853e-06,0.0,0.001169923902008694,0.0,1.7210755784743274e-05,9.798061742903582e-05,0.0,ppo,ppo,noop,0.0
2.4325,0.27544005319744574,0.9423144070508931,5.1451922753130896e-05,-33.97926749348916,-3.166753727259008,0.0,5.1451922753130896e-05,5.145192275313089e-05,0.4142334808839903,0.0012944796277624697,0.0013459315505156006,4.070362665097303e-35,0.0012944796277624697,2.168404344971009e-19,-0.00010408427008562962,0.0,1.0615692918128685e-05,2.902523469207727e-06,0.02959323488950528,9.247885902970401e-05,9.538138249891174e-05,3.3123060386081255e-05,0.00012560191941578526,0.0,-6.191270788006078e-06,-8.470329472543003e-22,0.0011688777083466845,0.0,1.719536366876045e-05,9.789299929762354e-05,0.0,ppo,ppo,noop,0.0
2.435,0.27541321073585895,0.9423491585092767,5.145027277745613e-05,-34.01093503076175,-3.166753727259008,0.0,5.145027277745614e-05,5.145027277745616e-05,0.41383140623436837,0.0012932231444824011,0.0013446734172598573,1.734736817601105e-35,0.0012932231444824011,2.168404344971009e-19,-0.0001039790797235558,0.0,1.0603130191883358e-05,2.898909416978195e-06,0.029531495149967887,9.228592234364965e-05,9.518483176062784e-05,3.314292181066761e-05,0.00012542884415431727,-2.710505431213761e-20,-6.176929361381643e-06,-2.541098841762901e-21,0.0011677943003280838,0.0,1.718076665544665e-05,9.780215036217416e-05,0.0,ppo,ppo,noop,0.0
2.4375,0.2753864419883998,0.9423838017478186,5.144852419213566e-05,-34.04260256803434,-3.166753727259008,0.0,5.144852419213566e-05,5.1448524192135674e-05,0.4134301410773416,0.0012919691908666925,0.001343417715058828,4.6444318327982494e-35,0.0012919691908666925,-2.168404344971009e-19,-0.00010387410992342789,-1.3552527156068805e-20,1.0538982707028517e-05,2.8756706562624706e-06,0.029472325206296387,9.21010162696762e-05,9.497668692593868e-05,3.3246229434341093e-05,0.0001253472457040173,2.710505431213761e-20,-6.170385396362069e-06,8.470329472543003e-22,0.0011666219451626752,0.0,1.7166362491312498e-05,9.770372452706582e-05,0.0,ppo,ppo,noop,0.0
2.44,0.27535974665846097,0.9424183372183901,5.144667707704246e-05,-34.07427010530692,-3.166753727259008,0.0,5.1446677077042465e-05,5.144667707704247e-05,0.413029682776497,0.001290717758676553,0.0013421644357535956,7.520139358556299e-35,0.001290717758676553,0.0,-0.00010376935998769538,-1.3552527156068805e-20,1.0537136649455478e-05,2.8720595612331015e-06,0.029432462237158973,9.19764444911218e-05,9.484850405235489e-05,3.3244463339364606e-05,0.0001252209078304864,0.0,-6.159953498232199e-06,-1.6940658945086007e-21,0.0011654968508460666,0.0,1.7150892146499935e-05,9.760940648946318e-05,0.0,ppo,ppo,noop,0.0
2.4425,0.2753331244509626,0.9424527653705417,5.144473151697392e-05,-34.1059376425795,-3.166753727259008,0.0,5.144473151697391e-05,5.14447315169739e-05,0.41263002870765797,0.0012894688397114312,0.001340913571228405,4.3562253922625555e-35,0.0012894688397114312,-2.168404344971009e-19,-0.00010366482922158902,-1.3552527156068805e-20,1.0535258151787592e-05,2.8684546726561922e-06,0.029392666107631946,9.185208158634983e-05,9.472053625900602e-05,3.324266988605492e-05,0.00012509475147240475,0.0,-6.149545145359028e-06,0.0,0.0011643740882390265,0.0,1.713545204808541e-05,9.751528407622999e-05,0.0,ppo,ppo,noop,0.0
2.445,0.27530657507234224,0.9424870866515153,5.144268760157241e-05,-34.13760517985211,-3.166753727259008,0.0,5.144268760157243e-05,5.144268760157244e-05,0.41223117625881306,0.001288222425808791,0.0013396651134103634,6.159441910593271e-35,0.001288222425808791,0.0,-0.00010356051693310903,-1.3552527156068805e-20,1.0533347435242762e-05,2.8648559798366076e-06,0.02935293675523014,9.172792736009418e-05,9.459278333993078e-05,3.324084871092348e-05,0.00012496877607101766,0.0,-6.139160282869524e-06,-8.470329472543003e-22,0.0011632536497377733,0.0,1.7120042087896728e-05,9.742135665023951e-05,0.0,ppo,ppo,noop,0.0
2.4475000000000002,0.2752800982305462,0.942521301506258,5.144054542524522e-05,-34.169272717124706,-3.166753727259008,0.0,5.144054542524523e-05,5.1440545425245234e-05,0.4118331228300418,0.0012869785088438807,0.0013384190542691258,5.241048630439039e-35,0.0012869785088438807,-2.168404344971009e-19,-0.00010345642243301253,-2.710505431213761e-20,1.0531404719749045e-05,2.8612634720893053e-06,0.02931327411712506,9.160398161601582e-05,9.446524508810512e-05,3.3238999457836435e-05,0.00012484298107385227,0.0,-6.1287988560208385e-06,0.0,0.0011621355277700285,0.0,1.7104662158361356e-05,9.732762357699169e-05,0.0,ppo,ppo,noop,0.0
2.45,0.27525369363501984,0.942555410377437,5.143830508708627e-05,-34.20094025439728,-3.166753727259008,0.0,5.143830508708627e-05,5.143830508708626e-05,0.41143586583344416,0.001285737080729513,0.0013371753858165993,3.493872704940119e-35,0.001285737080729513,0.0,-0.00010335254503480187,-1.3552527156068805e-20,1.0398494365355377e-05,2.8622376067092776e-06,0.030011957867226175,9.37873683350818e-05,9.664960594179108e-05,3.350355396308479e-05,0.0001272909222981666,0.0,-6.334511272711439e-06,-8.470329472543003e-22,0.0011584461584313464,0.0,1.7057525936164865e-05,9.701803376209044e-05,0.0,ppo,ppo,noop,0.0
2.4525,0.27522736099669864,0.942589413705452,5.1435966690797416e-05,-34.23260779166987,-3.166753727259008,0.0,5.143596669079741e-05,5.14359666907974e-05,0.4110394026930685,0.001284498133415839,0.0013359341001066363,2.2183334027348395e-35,0.001284498133415839,0.0,-0.00010324888405471242,-1.3552527156068805e-20,1.0396849676430197e-05,2.858687674730709e-06,0.029971615693622753,9.36612990425711e-05,9.651998671730181e-05,3.350095501266774e-05,0.00012716225405523884,0.0,-6.323924730848766e-06,-2.541098841762901e-21,0.0011573358793606002,0.0,1.704224025632172e-05,9.692495932386366e-05,0.0,ppo,ppo,noop,0.0
2.455,0.27520110002799875,0.9426233119284494,5.1433530344613576e-05,-34.264275328942475,-3.166753727259008,0.0,5.143353034461356e-05,5.143353034461355e-05,0.41064373084484,0.0012832616588901251,0.0013346951892347387,5.822718792318858e-35,0.0012832616588901251,0.0,-0.00010314543881170045,-1.3552527156068805e-20,1.0412011496949468e-05,2.862572328136791e-06,0.02992242592158037,9.350758100493866e-05,9.637015333307544e-05,3.3472079678851435e-05,0.00012697966068379008,0.0,-6.308786504512696e-06,8.470329472543003e-22,0.001156281998206335,0.0,1.7027265180596714e-05,9.683665230718775e-05,0.0,ppo,ppo,noop,0.0
2.4575,0.27517491044280845,0.9426571054823354,5.1430996161225774e-05,-34.29594286621505,-3.166753727259008,0.0,5.1430996161225774e-05,5.143099616122578e-05,0.4102488477364909,0.001282027649176534,0.0013334586453377598,1.5301663833711182e-35,0.001282027649176534,2.168404344971009e-19,-0.00010304220862743123,0.0,1.0414997297679942e-05,2.8729781814367757e-06,0.029850612685799627,9.328316464312384e-05,9.615614282456061e-05,3.347397974730267e-05,0.0001267571443904265,0.0,-6.29033815429387e-06,-8.470329472543003e-22,0.0011552705047861074,0.0,1.701320510213863e-05,9.675187047313736e-05,0.0,ppo,ppo,noop,0.0
2.46,0.2751487919564786,0.9426907948007899,5.142836425770688e-05,-34.32761040348763,-3.166753727259008,0.0,5.142836425770688e-05,5.142836425770688e-05,0.40985475082749,0.0012807960963359063,0.0013322244605936133,1.8280493107571838e-35,0.0012807960963359063,2.168404344971009e-19,-0.00010293919282626724,1.3552527156068805e-20,1.0413226804476679e-05,2.8694095680903166e-06,0.02981055327520213,9.315797898500666e-05,9.602738855309697e-05,3.347132021684383e-05,0.00012662929920185048,0.0,-6.27984550923423e-06,0.0,0.001154166797134056,0.0,1.6998005168961652e-05,9.665934731703301e-05,0.0,ppo,ppo,noop,0.0
2.4625,0.27512274428581435,0.9427243803152779,5.1425634755438305e-05,-34.35927794076024,-3.166753727259008,0.0,5.142563475543832e-05,5.142563475543832e-05,0.4094614375889735,0.0012795669924655423,0.0013309926272209805,2.785015888921677e-35,0.0012795669924655423,-2.168404344971009e-19,-0.00010283639073525615,-1.3552527156068805e-20,1.0411425009073207e-05,2.865847029605338e-06,0.029770559450055356,9.303299828142299e-05,9.589884531102834e-05,3.346863176689723e-05,0.0001265016300483202,2.710505431213761e-20,-6.26937587640231e-06,8.470329472543003e-22,0.001153065362417222,0.0,1.698283466600031e-05,9.656701485885384e-05,0.0,ppo,ppo,noop,0.0
2.465,0.2750967671490653,0.942757862455066,5.142280778003635e-05,-34.390945478032826,-3.166753727259008,0.0,5.142280778003634e-05,5.142280778003634e-05,0.4090689055036759,0.0012783403296989873,0.0013297631374790237,3.467219072590996e-35,0.0012783403296989873,2.168404344971009e-19,-0.00010273380168411923,0.0,1.0409592122823465e-05,2.862290555459702e-06,0.02973063115162044,9.290822234881387e-05,9.577051290427356e-05,3.346591408984912e-05,0.000126374136438663,0.0,-6.258929203597879e-06,-8.470329472543003e-22,0.0011519661932603243,0.0,1.6967693489484895e-05,9.647487248052135e-05,0.0,ppo,ppo,noop,0.0
2.4675000000000002,0.2750708602659178,0.9427912416472318,5.141988346128096e-05,-34.422613015305416,-3.166753727259008,0.0,5.1419883461280955e-05,5.1419883461280955e-05,0.40867715206586086,0.0012771161002058152,0.0013285359836670962,1.709024670202248e-35,0.0012771161002058152,0.0,-0.00010263142500523921,-1.3552527156068805e-20,1.040772835585648e-05,2.8587401351429824e-06,0.02969076832082808,9.278365100258774e-05,9.564239113773073e-05,3.3463166884710994e-05,0.00012624681788729874,0.0,-6.2485054387433654e-06,0.0,0.0011508692823185165,0.0,1.6952581536212373e-05,9.638291956649585e-05,0.0,ppo,ppo,noop,0.0
2.47,0.2750450233574855,0.9428245183166798,5.141686193304452e-05,-34.454280552578005,-3.166753727259008,0.0,5.141686193304453e-05,5.141686193304454e-05,0.4082861747812537,0.0012758942961914178,0.0013273111581244624,2.944209184434681e-35,0.0012758942961914178,0.0,-0.00010252926003364892,0.0,1.0405833917083707e-05,2.8551957581565193e-06,0.029650970898281878,9.265928405713087e-05,9.551447981528739e-05,3.3460389857033634e-05,0.0001261196739141645,0.0,-6.238104529883477e-06,0.0,0.0011497746222772533,0.0,1.6937498703542394e-05,9.629115550376544e-05,0.0,ppo,ppo,noop,0.0
2.4725,0.27501925614630096,0.9428576928861518,5.141374333322171e-05,-34.485948089850595,-3.166753727259008,0.0,5.1413743333221714e-05,5.141374333322173e-05,0.40789597116697385,0.0012746749098967933,0.001326088653230015,3.325787610803625e-35,0.0012746749098967933,0.0,-0.00010242730610701941,-1.3552527156068805e-20,1.04039090142063e-05,2.8516574140134687e-06,0.029611238824261407,9.25351213258169e-05,9.538677873983036e-05,3.345758271882258e-05,0.0001259927040446395,-2.710505431213761e-20,-6.227726425184778e-06,-1.6940658945086007e-21,0.0011486822058521537,0.0,1.6922444889393264e-05,9.619957968183463e-05,0.0,ppo,ppo,noop,0.0
2.475,0.2749935583563068,0.9428907657762423,5.141052780366077e-05,-34.51761562712318,-3.166753727259008,0.0,5.1410527803660766e-05,5.1410527803660766e-05,0.4075065387514667,0.0012734579335983334,0.0013248684614019942,2.7174776626112415e-35,0.0012734579335983334,0.0,-0.00010232556256564832,1.3552527156068805e-20,1.0384210890763661e-05,2.8469140485149684e-06,0.029537933658677816,9.230604268336817e-05,9.515295673188314e-05,3.3489020070648415e-05,0.00012579506275401658,0.0,-6.21147351971603e-06,8.470329472543003e-22,0.0011476628708443168,0.0,1.6908882068642975e-05,9.611408904593228e-05,0.0,ppo,ppo,noop,0.0
2.4775,0.27496792971284734,0.942923737405409,5.1407215490094584e-05,-34.549283164395774,-3.166753727259008,0.0,5.1407215490094584e-05,5.1407215490094584e-05,0.4071178750744383,0.0012722433596076197,0.0013236505750977142,2.9949871906143823e-35,0.0012722433596076197,0.0,-0.00010222402875244835,0.0,1.0382313883565922e-05,2.8433900089138007e-06,0.029498408457096857,9.218252642842768e-05,9.502591643734148e-05,3.3485977731876536e-05,0.00012566850416030422,0.0,-6.201146066828475e-06,-8.470329472543003e-22,0.0011465748554473154,0.0,1.6893882675316904e-05,9.602288268561988e-05,0.0,ppo,ppo,noop,0.0
2.48,0.27494236994265997,0.9429566081899867,5.1403806542073196e-05,-34.58095070166836,-3.166753727259008,0.0,5.140380654207322e-05,5.140380654207322e-05,0.4067299776867879,0.0012710311802712122,0.0013224349868132853,4.488321349252252e-35,0.0012710311802712122,-2.168404344971009e-19,-0.00010212270401293573,-2.710505431213761e-20,1.0380386797936757e-05,2.8398719714440864e-06,0.029458948297454705,9.205921342954595e-05,9.489908540099003e-05,3.348290491764378e-05,0.0001255421183471897,0.0,-6.19084126964567e-06,-8.470329472543003e-22,0.0011454890619240225,0.0,1.6878912002962848e-05,9.593186274329006e-05,0.0,ppo,ppo,noop,0.0
2.4825,0.2749168787738669,0.9429893785441994,5.140030111289833e-05,-34.612618238940954,-3.166753727259008,0.0,5.1400301112898324e-05,5.140030111289831e-05,0.4063428441505427,0.001269821387970446,0.0013212216890833444,2.8187039690722984e-35,0.001269821387970446,0.0,-0.0001020215876952186,0.0,1.0378429837146121e-05,2.8363599257213763e-06,0.029419553118756988,9.193610349611559e-05,9.477246342183696e-05,3.347980136432747e-05,0.00012541590486044306,0.0,-6.18055907676233e-06,-2.541098841762901e-21,0.001144405483110003,0.0,1.686396995169396e-05,9.584102861845627e-05,0.0,ppo,ppo,noop,0.0
2.485,0.2748914559359664,0.9430220488801726,5.139669935955558e-05,-34.644285776213536,-3.166753727259008,0.0,5.139669935955558e-05,5.139669935955558e-05,0.40595647203879265,0.001268613975121227,0.0013200106744807826,4.3538277503439683e-35,0.001268613975121227,-2.168404344971009e-19,-0.00010192067914998573,-2.710505431213761e-20,1.0376443203288679e-05,2.8328538613724504e-06,0.029380222859702158,9.181319643656924e-05,9.464605029794169e-05,3.347666681435067e-05,0.0001252898632509199,0.0,-6.170299436893435e-06,0.0,0.001143324111870307,0.0,1.684905642216245e-05,9.57503797130923e-05,0.0,ppo,ppo,noop,0.0
2.4875000000000003,0.274866101159825,0.9430546196079463,5.139300144265221e-05,-34.67595331348614,-3.166753727259008,0.0,5.139300144265221e-05,5.139300144265219e-05,0.40557085893562506,0.0012674089341738284,0.0013188019356164806,3.329821261914922e-35,0.0012674089341738284,0.0,-0.00010181997773049494,0.0,1.027645078845395e-05,2.793029747811482e-06,0.02931838046085296,9.16199389401655e-05,9.441296868797699e-05,3.363312961355579e-05,0.0001252530685537213,0.0,-6.1677586294346755e-06,-8.470329472543003e-22,0.001142155865620107,0.0,1.6835640901751145e-05,9.565221910106026e-05,0.0,ppo,ppo,noop,0.0
2.49,0.2748408141776688,0.9430870911354867,5.1389207526350595e-05,-34.70762085075873,-3.166753727259008,0.0,5.13892075263506e-05,5.1389207526350615e-05,0.4051860024360607,0.0012662062576126896,0.0013175954651390403,3.2360557935227225e-35,0.0012662062576126896,2.168404344971009e-19,-0.00010171948279256185,0.0,1.0274486367943045e-05,2.78959091505663e-06,0.029279236101070086,9.149761281584402e-05,9.428720373090065e-05,3.3629825705521134e-05,0.00012512743852136516,0.0,-6.157549549918343e-06,-8.470329472543003e-22,0.0011410788190913245,0.0,1.682078094257736e-05,9.556193324264351e-05,0.0,ppo,ppo,noop,0.0
2.4925,0.27481559472307526,0.943119463868699,5.13853177783062e-05,-34.739288388031305,-3.166753727259008,0.0,5.1385317778306216e-05,5.1385317778306236e-05,0.40480190014598944,0.001265005937956217,0.0013163912557345233,3.8781579967019933e-35,0.001265005937956217,0.0,-0.0001016191936945486,-1.3552527156068805e-20,1.0272493205776901e-05,2.7861579822962023e-06,0.029240156379514465,9.13754886859827e-05,9.41616466682789e-05,3.36264893490486e-05,0.0001250019780350313,0.0,-6.147362784531174e-06,8.470329472543003e-22,0.0011400039599211858,0.0,1.6805949215098195e-05,9.547183091001743e-05,0.0,ppo,ppo,noop,0.0
2.495,0.2747904425309654,0.9431517382114387,5.138133236960524e-05,-34.77095592530391,-3.166753727259008,0.0,5.138133236960525e-05,5.138133236960525e-05,0.4044185496821064,0.0012638079677565824,0.0013151893001261876,2.1811976633463e-35,0.0012638079677565824,0.0,-0.00010151910979735235,0.0,1.0270471496752162e-05,2.7827309391023836e-06,0.029201141233607848,9.125356635502453e-05,9.40362972941269e-05,3.36231203152033e-05,0.00012487668667022784,-2.710505431213761e-20,-6.137198282889776e-06,-2.541098841762901e-21,0.0011389312810863544,0.0,1.6791145622089046e-05,9.538191151446257e-05,0.0,ppo,ppo,noop,0.0
2.4975,0.27476535733759533,0.9431839145655244,5.137725147470231e-05,-34.802623462576506,-3.166753727259008,0.0,5.137725147470231e-05,5.13772514747023e-05,0.4040359486718498,0.0012626123395995306,0.0013139895910742327,3.078379658763787e-35,0.0012626123395995306,0.0,-0.00010141923046439437,-1.3552527156068805e-20,1.026842143453693e-05,2.7793097750595784e-06,0.029162190600481325,9.113184562650414e-05,9.391115540156372e-05,3.361971838068803e-05,0.00012475156400719217,0.0,-6.127055994727491e-06,-8.470329472543003e-22,0.0011378607755923383,0.0,1.6776370066845586e-05,9.529217446966687e-05,0.0,ppo,ppo,noop,0.0
2.5,0.2747403388805485,0.9432159933307498,5.137307527135996e-05,-34.83429099984908,-3.166753727259008,0.0,5.137307527135994e-05,5.137307527135994e-05,0.4036540947533373,0.001261419046104179,0.0013127921213755389,5.641183018044766e-35,0.001261419046104179,0.0,-0.00010131955506160867,-1.3552527156068805e-20,1.0266343211677573e-05,2.775894479764431e-06,0.0291233044169784,9.10103263030575e-05,9.378622078282193e-05,3.361628332776924e-05,0.00012462660963082675,0.0,-6.116935869894034e-06,-2.541098841762901e-21,0.0011367924364733522,0.0,1.676162245318005e-05,9.520261919171463e-05,0.0,ppo,ppo,noop,0.0
