state_id,state_order,redraw,trajectory,population_rho,sample_rho,signal_sq,oracle_ppo,estimator,error_sq,relative_error,reward_change
1287.0,1.0,0.0,raw,2.4352792588476447e-08,0.12827061704281123,0.006362228960252248,1.0,raw,0.006362650575217182,1.000066268436356,-3.5836350414930607e-08
1287.0,1.0,0.0,raw,2.4352792588476447e-08,0.12827061704281123,0.006362228960252248,1.0,ppo,0.006362224758483955,0.9999993395760638,3.5715036483807694e-10
1287.0,1.0,1.0,raw,2.4352792588476447e-08,0.0845137432470759,0.006362228960252248,1.0,raw,0.006060075563225349,0.9525082484590559,2.7338461848464002e-05
1287.0,1.0,1.0,raw,2.4352792588476447e-08,0.0845137432470759,0.006362228960252248,1.0,ppo,0.006059914766795818,0.952482974859106,2.7352471175662307e-05
1287.0,1.0,2.0,raw,2.4352792588476447e-08,0.057355617797555984,0.006362228960252248,1.0,raw,0.006362774928051297,1.0000858139187476,-4.6405726983334006e-08
1287.0,1.0,2.0,raw,2.4352792588476447e-08,0.057355617797555984,0.006362228960252248,1.0,ppo,0.006362215172392496,0.999997832857032,1.171969132851558e-09
1287.0,1.0,3.0,raw,2.4352792588476447e-08,0.03876494600655075,0.006362228960252248,1.0,raw,0.006362699734883121,1.0000739952356028,-4.0014634244966985e-08
1287.0,1.0,3.0,raw,2.4352792588476447e-08,0.03876494600655075,0.006362228960252248,1.0,ppo,0.006362213403742728,0.9999975548648725,1.3223043493493236e-09
1287.0,1.0,4.0,raw,2.4352792588476447e-08,0.09717679066668952,0.006362228960252248,1.0,raw,0.006271636709929189,0.9857609257873254,7.840198313291413e-06
1287.0,1.0,4.0,raw,2.4352792588476447e-08,0.09717679066668952,0.006362228960252248,1.0,ppo,0.00627055256957231,0.9855905231872851,7.93289708583833e-06
1287.0,1.0,5.0,raw,2.4352792588476447e-08,0.05653096416026519,0.006362228960252248,1.0,raw,0.006359791724203232,0.9996169210406852,2.0727497290762287e-07
1287.0,1.0,5.0,raw,2.4352792588476447e-08,0.05653096416026519,0.006362228960252248,1.0,ppo,0.006359698538777839,0.9996022743773891,2.151972504083055e-07
1287.0,1.0,6.0,raw,2.4352792588476447e-08,0.1466708916197012,0.006362228960252248,1.0,raw,0.006286267177556228,0.9880605078549377,6.559075318629537e-06
1287.0,1.0,6.0,raw,2.4352792588476447e-08,0.1466708916197012,0.006362228960252248,1.0,ppo,0.0062860310153747215,0.9880233884455323,6.5792576452172735e-06
1287.0,1.0,7.0,raw,2.4352792588476447e-08,0.07356699726718893,0.006362228960252248,1.0,raw,0.0052541158382893235,0.8258294178210477,0.00012869835557044462
1287.0,1.0,7.0,raw,2.4352792588476447e-08,0.07356699726718893,0.006362228960252248,1.0,ppo,0.0052538860673146765,0.8257933029663196,0.00012871998529309647
1287.0,1.0,8.0,raw,2.4352792588476447e-08,0.09964603326540973,0.006362228960252248,1.0,raw,0.006363412876692554,1.0001860851672744,-1.0062420469081346e-07
1287.0,1.0,8.0,raw,2.4352792588476447e-08,0.09964603326540973,0.006362228960252248,1.0,ppo,0.006362228840072981,0.999999981110509,1.0215217560727297e-11
1287.0,1.0,9.0,raw,2.4352792588476447e-08,0.11582009041601724,0.006362228960252248,1.0,raw,0.006359922868915304,0.9996375340542833,1.9611232515703847e-07
1287.0,1.0,9.0,raw,2.4352792588476447e-08,0.11582009041601724,0.006362228960252248,1.0,ppo,0.006359715420707627,0.9996049278389187,2.137484934605638e-07
1287.0,1.0,10.0,raw,2.4352792588476447e-08,0.08318450788614315,0.006362228960252248,1.0,raw,0.006362977251948174,1.0001176147071413,-6.360206039612848e-08
1287.0,1.0,10.0,raw,2.4352792588476447e-08,0.08318450788614315,0.006362228960252248,1.0,ppo,0.006362227310773317,0.9999997407388289,1.4020570815453937e-10
1287.0,1.0,11.0,raw,2.4352792588476447e-08,0.0614139913282821,0.006362228960252248,1.0,raw,0.006365880243255851,1.0005738999690854,-3.1020609533860544e-07
1287.0,1.0,11.0,raw,2.4352792588476447e-08,0.0614139913282821,0.006362228960252248,1.0,ppo,0.006362228629392842,0.9999999479963063,2.8123031681204225e-11
1287.0,1.0,12.0,raw,2.4352792588476447e-08,0.15448867103550687,0.006362228960252248,1.0,raw,0.006111088998252086,0.9605264187175363,2.2509488918104337e-05
1287.0,1.0,12.0,raw,2.4352792588476447e-08,0.15448867103550687,0.006362228960252248,1.0,ppo,0.0061103157627486245,0.9604048834021158,2.2576129141194112e-05
1287.0,1.0,13.0,raw,2.4352792588476447e-08,0.06693633739323825,0.006362228960252248,1.0,raw,0.006229724720072744,0.9791732990108785,1.161612868200157e-05
1287.0,1.0,13.0,raw,2.4352792588476447e-08,0.06693633739323825,0.006362228960252248,1.0,ppo,0.00622944665655237,0.9791295936487937,1.163997082223589e-05
1287.0,1.0,14.0,raw,2.4352792588476447e-08,0.02749454552425583,0.006362228960252248,1.0,raw,0.00588972857534348,0.9257335144867163,4.5372766553058996e-05
1287.0,1.0,14.0,raw,2.4352792588476447e-08,0.02749454552425583,0.006362228960252248,1.0,ppo,0.005889389326867185,0.9256801922189365,4.540277208450738e-05
1287.0,1.0,15.0,raw,2.4352792588476447e-08,0.09674361200569047,0.006362228960252248,1.0,raw,0.006245161301716594,0.9815995841603582,1.0173935265589407e-05
1287.0,1.0,15.0,raw,2.4352792588476447e-08,0.09674361200569047,0.006362228960252248,1.0,ppo,0.006243097124609092,0.9812751417172461,1.0352232811872142e-05
1287.0,1.0,16.0,raw,2.4352792588476447e-08,0.1710751909952948,0.006362228960252248,1.0,raw,0.004950844513823724,0.778161953106987,0.00018152879554222956
1287.0,1.0,16.0,raw,2.4352792588476447e-08,0.1710751909952948,0.006362228960252248,1.0,ppo,0.0049503193259217565,0.7780794053229872,0.00018158170948906482
1287.0,1.0,17.0,raw,2.4352792588476447e-08,0.09946476407621212,0.006362228960252248,1.0,raw,0.006362533480181963,1.0000478637175143,-2.5883698212547657e-08
1287.0,1.0,17.0,raw,2.4352792588476447e-08,0.09946476407621212,0.006362228960252248,1.0,ppo,0.0063622282089545925,0.9999998819128233,6.386027817661954e-11
1287.0,1.0,18.0,raw,2.4352792588476447e-08,0.1171544198151572,0.006362228960252248,1.0,raw,0.0063624533230567885,1.0000352648114272,-1.907061636385876e-08
1287.0,1.0,18.0,raw,2.4352792588476447e-08,0.1171544198151572,0.006362228960252248,1.0,ppo,0.006362224239549932,0.9999992580112496,4.0125977540661495e-10
1287.0,1.0,19.0,raw,2.4352792588476447e-08,0.09672115503705755,0.006362228960252248,1.0,raw,0.006381705548933812,1.003061283836725,-1.6509529386365962e-06
1287.0,1.0,19.0,raw,2.4352792588476447e-08,0.09672115503705755,0.006362228960252248,1.0,ppo,0.006381582098450909,1.0030418801837484,-1.6404749502707539e-06
1287.0,1.0,20.0,raw,2.4352792588476447e-08,0.02507235102908363,0.006362228960252248,1.0,raw,0.006213550388598067,0.9766310560995142,nan
1287.0,1.0,20.0,raw,2.4352792588476447e-08,0.02507235102908363,0.006362228960252248,1.0,ppo,0.006012287614026206,0.9449970523833258,nan
1287.0,1.0,21.0,raw,2.4352792588476447e-08,0.14909598298854176,0.006362228960252248,1.0,raw,0.006362476590250896,1.0000389218935997,nan
1287.0,1.0,21.0,raw,2.4352792588476447e-08,0.14909598298854176,0.006362228960252248,1.0,ppo,0.006362220682604542,0.9999986989390421,nan
1287.0,1.0,22.0,raw,2.4352792588476447e-08,0.08225916214038109,0.006362228960252248,1.0,raw,0.006362657341770427,1.0000673319870843,nan
1287.0,1.0,22.0,raw,2.4352792588476447e-08,0.08225916214038109,0.006362228960252248,1.0,ppo,0.006362228226849138,0.9999998847254453,nan
1287.0,1.0,23.0,raw,2.4352792588476447e-08,0.11491778587104719,0.006362228960252248,1.0,raw,0.004950806709130963,0.7781560110553888,nan
1287.0,1.0,23.0,raw,2.4352792588476447e-08,0.11491778587104719,0.006362228960252248,1.0,ppo,0.004950388197192884,0.778090230345406,nan
1287.0,1.0,24.0,raw,2.4352792588476447e-08,0.02732497387005306,0.006362228960252248,1.0,raw,0.006363496298862876,1.0001991972653839,nan
1287.0,1.0,24.0,raw,2.4352792588476447e-08,0.02732497387005306,0.006362228960252248,1.0,ppo,0.0063622278165805434,0.9999998202404046,nan
1287.0,1.0,25.0,raw,2.4352792588476447e-08,0.15677086694630687,0.006362228960252248,1.0,raw,0.006299735700637337,0.9901774582453202,nan
1287.0,1.0,25.0,raw,2.4352792588476447e-08,0.15677086694630687,0.006362228960252248,1.0,ppo,0.006298763724019258,0.9900246852746913,nan
1287.0,1.0,26.0,raw,2.4352792588476447e-08,0.09613274043412744,0.006362228960252248,1.0,raw,0.006154982084354267,0.9674254294850522,nan
1287.0,1.0,26.0,raw,2.4352792588476447e-08,0.09613274043412744,0.006362228960252248,1.0,ppo,0.006153184954364847,0.9671429608721417,nan
1287.0,1.0,27.0,raw,2.4352792588476447e-08,0.03826631118967322,0.006362228960252248,1.0,raw,0.0063623258113346525,1.0000152228225374,nan
1287.0,1.0,27.0,raw,2.4352792588476447e-08,0.03826631118967322,0.006362228960252248,1.0,ppo,0.00636222848044808,0.9999999245855233,nan
1287.0,1.0,28.0,raw,2.4352792588476447e-08,0.08621349192605193,0.006362228960252248,1.0,raw,0.006362746986801093,1.0000814221795666,nan
1287.0,1.0,28.0,raw,2.4352792588476447e-08,0.08621349192605193,0.006362228960252248,1.0,ppo,0.006362227071028266,0.9999997030562727,nan
1287.0,1.0,29.0,raw,2.4352792588476447e-08,0.10247346707901242,0.006362228960252248,1.0,raw,0.006362753114120578,1.0000823852570546,nan
1287.0,1.0,29.0,raw,2.4352792588476447e-08,0.10247346707901242,0.006362228960252248,1.0,ppo,0.006362227799536499,0.9999998175614623,nan
1287.0,1.0,30.0,raw,2.4352792588476447e-08,0.08728080401921273,0.006362228960252248,1.0,raw,0.006362418974016577,1.0000298659110693,nan
1287.0,1.0,30.0,raw,2.4352792588476447e-08,0.08728080401921273,0.006362228960252248,1.0,ppo,0.006362213350035258,0.9999975464232602,nan
1287.0,1.0,31.0,raw,2.4352792588476447e-08,0.07279876176981359,0.006362228960252248,1.0,raw,0.005036654682271386,0.7916493910762517,nan
1287.0,1.0,31.0,raw,2.4352792588476447e-08,0.07279876176981359,0.006362228960252248,1.0,ppo,0.0050365241790017124,0.7916288788830426,nan
1287.0,1.0,32.0,raw,2.4352792588476447e-08,0.16757400063829384,0.006362228960252248,1.0,raw,0.006756198409702719,1.0619231800539999,nan
1287.0,1.0,32.0,raw,2.4352792588476447e-08,0.16757400063829384,0.006362228960252248,1.0,ppo,0.006362192267416675,0.9999942327074675,nan
1287.0,1.0,33.0,raw,2.4352792588476447e-08,0.1870208137092432,0.006362228960252248,1.0,raw,0.006362809157888015,1.0000911940829844,nan
1287.0,1.0,33.0,raw,2.4352792588476447e-08,0.1870208137092432,0.006362228960252248,1.0,ppo,0.006362226173706158,0.9999995620173202,nan
1287.0,1.0,34.0,raw,2.4352792588476447e-08,0.09888517867741427,0.006362228960252248,1.0,raw,0.006362489555962073,1.0000409598132123,nan
1287.0,1.0,34.0,raw,2.4352792588476447e-08,0.09888517867741427,0.006362228960252248,1.0,ppo,0.006362225596669744,0.9999994713201105,nan
1287.0,1.0,35.0,raw,2.4352792588476447e-08,0.1466347365625156,0.006362228960252248,1.0,raw,0.006557450056439919,1.030684387092528,nan
1287.0,1.0,35.0,raw,2.4352792588476447e-08,0.1466347365625156,0.006362228960252248,1.0,ppo,0.006362208950351531,0.9999968548914474,nan
1287.0,1.0,36.0,raw,2.4352792588476447e-08,0.08205317950448515,0.006362228960252248,1.0,raw,0.006259560966481842,0.9838628891836777,nan
1287.0,1.0,36.0,raw,2.4352792588476447e-08,0.08205317950448515,0.006362228960252248,1.0,ppo,0.0062595046611102,0.9838540392394217,nan
1287.0,1.0,37.0,raw,2.4352792588476447e-08,0.04704804714786211,0.006362228960252248,1.0,raw,0.006154117712492865,0.967289569573879,nan
1287.0,1.0,37.0,raw,2.4352792588476447e-08,0.04704804714786211,0.006362228960252248,1.0,ppo,0.0061432160581082786,0.9655760734937012,nan
1287.0,1.0,38.0,raw,2.4352792588476447e-08,0.14106613956132372,0.006362228960252248,1.0,raw,0.00636343457773714,1.0001894960857938,nan
1287.0,1.0,38.0,raw,2.4352792588476447e-08,0.14106613956132372,0.006362228960252248,1.0,ppo,0.006362217502095422,0.9999981990341912,nan
1287.0,1.0,39.0,raw,2.4352792588476447e-08,0.09390846809249356,0.006362228960252248,1.0,raw,0.00636255340437006,1.0000509953539616,nan
1287.0,1.0,39.0,raw,2.4352792588476447e-08,0.09390846809249356,0.006362228960252248,1.0,ppo,0.006362199864667555,0.9999954268252723,nan
1287.0,1.0,40.0,raw,2.4352792588476447e-08,0.08711421068539471,0.006362228960252248,1.0,raw,0.006362320778280783,1.0000144317391135,nan
1287.0,1.0,40.0,raw,2.4352792588476447e-08,0.08711421068539471,0.006362228960252248,1.0,ppo,0.006362222415999628,0.9999989713899545,nan
1287.0,1.0,41.0,raw,2.4352792588476447e-08,0.11052584848662592,0.006362228960252248,1.0,raw,0.005317124708039118,0.8357330019491009,nan
1287.0,1.0,41.0,raw,2.4352792588476447e-08,0.11052584848662592,0.006362228960252248,1.0,ppo,0.005255891442502731,0.8261085030637355,nan
1287.0,1.0,42.0,raw,2.4352792588476447e-08,0.05766446411164197,0.006362228960252248,1.0,raw,0.006362624466323057,1.0000621647025407,nan
1287.0,1.0,42.0,raw,2.4352792588476447e-08,0.05766446411164197,0.006362228960252248,1.0,ppo,0.0063622260950664195,0.9999995496569133,nan
1287.0,1.0,43.0,raw,2.4352792588476447e-08,0.03666007738407933,0.006362228960252248,1.0,raw,0.006363681067610422,1.0002282387772032,nan
1287.0,1.0,43.0,raw,2.4352792588476447e-08,0.03666007738407933,0.006362228960252248,1.0,ppo,0.0063622288006978155,0.9999999749216142,nan
1287.0,1.0,44.0,raw,2.4352792588476447e-08,0.08480044378602124,0.006362228960252248,1.0,raw,0.006362321888640912,1.000014606262875,nan
1287.0,1.0,44.0,raw,2.4352792588476447e-08,0.08480044378602124,0.006362228960252248,1.0,ppo,0.006362214048976467,0.9999976562811753,nan
1287.0,1.0,45.0,raw,2.4352792588476447e-08,0.14093024910638394,0.006362228960252248,1.0,raw,0.005566093570499577,0.8748653349751333,nan
1287.0,1.0,45.0,raw,2.4352792588476447e-08,0.14093024910638394,0.006362228960252248,1.0,ppo,0.005565759639563291,0.8748128485056316,nan
1287.0,1.0,46.0,raw,2.4352792588476447e-08,0.0888618688997478,0.006362228960252248,1.0,raw,0.006175441574432515,0.970641203423096,nan
1287.0,1.0,46.0,raw,2.4352792588476447e-08,0.0888618688997478,0.006362228960252248,1.0,ppo,0.0061753432583129516,0.9706257503295062,nan
1287.0,1.0,47.0,raw,2.4352792588476447e-08,0.05394192110293643,0.006362228960252248,1.0,raw,0.006299377744635521,0.9901211955732202,nan
1287.0,1.0,47.0,raw,2.4352792588476447e-08,0.05394192110293643,0.006362228960252248,1.0,ppo,0.006299309934525931,0.9901105373416454,nan
1287.0,1.0,48.0,raw,2.4352792588476447e-08,0.16012886389567987,0.006362228960252248,1.0,raw,0.0063624753875023915,1.0000387328484535,nan
1287.0,1.0,48.0,raw,2.4352792588476447e-08,0.16012886389567987,0.006362228960252248,1.0,ppo,0.006362225815775363,0.9999995057586101,nan
1287.0,1.0,49.0,raw,2.4352792588476447e-08,0.12398113363958674,0.006362228960252248,1.0,raw,0.007804675430878693,1.226720301900178,nan
1287.0,1.0,49.0,raw,2.4352792588476447e-08,0.12398113363958674,0.006362228960252248,1.0,ppo,0.007804588164756387,1.2267065856188477,nan
1287.0,1.0,50.0,raw,2.4352792588476447e-08,0.11017373715209966,0.006362228960252248,1.0,raw,0.006362388775768997,1.0000251194224143,nan
1287.0,1.0,50.0,raw,2.4352792588476447e-08,0.11017373715209966,0.006362228960252248,1.0,ppo,0.006362227612914421,0.9999997882286483,nan
1287.0,1.0,51.0,raw,2.4352792588476447e-08,0.05008823299921301,0.006362228960252248,1.0,raw,0.00636259639383302,1.000057752335395,nan
1287.0,1.0,51.0,raw,2.4352792588476447e-08,0.05008823299921301,0.006362228960252248,1.0,ppo,0.006362216065092121,0.9999979731694337,nan
1287.0,1.0,52.0,raw,2.4352792588476447e-08,0.1453646309084451,0.006362228960252248,1.0,raw,0.005359922172025997,0.8424598054411246,nan
1287.0,1.0,52.0,raw,2.4352792588476447e-08,0.1453646309084451,0.006362228960252248,1.0,ppo,0.0053595352113236,0.8423989838792452,nan
1287.0,1.0,53.0,raw,2.4352792588476447e-08,0.12764795326675402,0.006362228960252248,1.0,raw,0.00636255869332405,1.0000518266591572,nan
1287.0,1.0,53.0,raw,2.4352792588476447e-08,0.12764795326675402,0.006362228960252248,1.0,ppo,0.006362221287425533,0.9999987940033654,nan
1287.0,1.0,54.0,raw,2.4352792588476447e-08,0.10094898461343871,0.006362228960252248,1.0,raw,0.006362347129032487,1.0000185734875273,nan
1287.0,1.0,54.0,raw,2.4352792588476447e-08,0.10094898461343871,0.006362228960252248,1.0,ppo,0.0063622277185061155,0.9999998048252995,nan
1287.0,1.0,55.0,raw,2.4352792588476447e-08,0.11152484593308512,0.006362228960252248,1.0,raw,0.00636260373157599,1.0000589056643645,nan
1287.0,1.0,55.0,raw,2.4352792588476447e-08,0.11152484593308512,0.006362228960252248,1.0,ppo,0.006362198816831868,0.9999952621289538,nan
1287.0,1.0,56.0,raw,2.4352792588476447e-08,0.12794172457133718,0.006362228960252248,1.0,raw,0.0064002650935359616,1.0059784288684583,nan
1287.0,1.0,56.0,raw,2.4352792588476447e-08,0.12794172457133718,0.006362228960252248,1.0,ppo,0.006362220567611819,0.9999986808647596,nan
1287.0,1.0,57.0,raw,2.4352792588476447e-08,0.0605291441957613,0.006362228960252248,1.0,raw,0.00636255685193809,1.000051537234496,nan
1287.0,1.0,57.0,raw,2.4352792588476447e-08,0.0605291441957613,0.006362228960252248,1.0,ppo,0.00636222179206634,0.999998873321606,nan
1287.0,1.0,58.0,raw,2.4352792588476447e-08,0.029354059018450184,0.006362228960252248,1.0,raw,0.006257016091410553,0.9834628917791222,nan
1287.0,1.0,58.0,raw,2.4352792588476447e-08,0.029354059018450184,0.006362228960252248,1.0,ppo,0.006256384510554057,0.9833636214038429,nan
1287.0,1.0,59.0,raw,2.4352792588476447e-08,0.12224483315425352,0.006362228960252248,1.0,raw,0.004841110528633903,0.7609142265829371,nan
1287.0,1.0,59.0,raw,2.4352792588476447e-08,0.12224483315425352,0.006362228960252248,1.0,ppo,0.004840446241745011,0.7608098155513565,nan
1287.0,1.0,60.0,raw,2.4352792588476447e-08,0.06481980679089476,0.006362228960252248,1.0,raw,0.006362495537559931,1.0000418999865217,nan
1287.0,1.0,60.0,raw,2.4352792588476447e-08,0.06481980679089476,0.006362228960252248,1.0,ppo,0.006362228326998554,0.9999999004666922,nan
1287.0,1.0,61.0,raw,2.4352792588476447e-08,0.04871610052302788,0.006362228960252248,1.0,raw,0.006362516949795088,1.000045265510663,nan
1287.0,1.0,61.0,raw,2.4352792588476447e-08,0.04871610052302788,0.006362228960252248,1.0,ppo,0.006362227300375691,0.9999997391045549,nan
1287.0,1.0,62.0,raw,2.4352792588476447e-08,0.07108751913153596,0.006362228960252248,1.0,raw,0.006362394753513538,1.000026058990069,nan
1287.0,1.0,62.0,raw,2.4352792588476447e-08,0.07108751913153596,0.006362228960252248,1.0,ppo,0.006362226785988163,0.9999996582543479,nan
1287.0,1.0,63.0,raw,2.4352792588476447e-08,0.09105996233484906,0.006362228960252248,1.0,raw,0.00636288311931417,1.0001028191638512,nan
1287.0,1.0,63.0,raw,2.4352792588476447e-08,0.09105996233484906,0.006362228960252248,1.0,ppo,0.0063622180680442415,0.9999982879886791,nan
1287.0,1.0,64.0,raw,2.4352792588476447e-08,0.03857077940950701,0.006362228960252248,1.0,raw,0.006362290566846222,1.0000096831777605,nan
1287.0,1.0,64.0,raw,2.4352792588476447e-08,0.03857077940950701,0.006362228960252248,1.0,ppo,0.006362226020082478,0.9999995378711158,nan
1287.0,1.0,65.0,raw,2.4352792588476447e-08,0.10146846953015182,0.006362228960252248,1.0,raw,0.006240030249560102,0.980793097599037,nan
1287.0,1.0,65.0,raw,2.4352792588476447e-08,0.10146846953015182,0.006362228960252248,1.0,ppo,0.006239087456621925,0.980644911649731,nan
1287.0,1.0,66.0,raw,2.4352792588476447e-08,0.10271754419953422,0.006362228960252248,1.0,raw,0.0063624129509717575,1.000028919223225,nan
1287.0,1.0,66.0,raw,2.4352792588476447e-08,0.10271754419953422,0.006362228960252248,1.0,ppo,0.006362217420776205,0.9999981862526303,nan
1287.0,1.0,67.0,raw,2.4352792588476447e-08,0.14187050583734565,0.006362228960252248,1.0,raw,0.005193657214269029,0.8163266752448205,nan
1287.0,1.0,67.0,raw,2.4352792588476447e-08,0.14187050583734565,0.006362228960252248,1.0,ppo,0.005193185735214808,0.8162525692896331,nan
1287.0,1.0,68.0,raw,2.4352792588476447e-08,0.10572463473949065,0.006362228960252248,1.0,raw,0.006234795018602371,0.9799702364617786,nan
1287.0,1.0,68.0,raw,2.4352792588476447e-08,0.10572463473949065,0.006362228960252248,1.0,ppo,0.006234200189534895,0.9798767426451945,nan
1287.0,1.0,69.0,raw,2.4352792588476447e-08,0.13028187592404034,0.006362228960252248,1.0,raw,0.006362508128636785,1.0000438790220032,nan
1287.0,1.0,69.0,raw,2.4352792588476447e-08,0.13028187592404034,0.006362228960252248,1.0,ppo,0.006362228045041373,0.9999998561493337,nan
1287.0,1.0,70.0,raw,2.4352792588476447e-08,0.09408446918212096,0.006362228960252248,1.0,raw,0.00636241994347043,1.0000300182875177,nan
1287.0,1.0,70.0,raw,2.4352792588476447e-08,0.09408446918212096,0.006362228960252248,1.0,ppo,0.00636222755127879,0.9999997785409066,nan
1287.0,1.0,71.0,raw,2.4352792588476447e-08,0.07698211437017839,0.006362228960252248,1.0,raw,0.006354670806079181,0.9988120273224547,nan
1287.0,1.0,71.0,raw,2.4352792588476447e-08,0.07698211437017839,0.006362228960252248,1.0,ppo,0.006353483490348054,0.9986254078627427,nan
1287.0,1.0,72.0,raw,2.4352792588476447e-08,0.056800545486124746,0.006362228960252248,1.0,raw,0.006362569969651892,1.0000535990455193,nan
1287.0,1.0,72.0,raw,2.4352792588476447e-08,0.056800545486124746,0.006362228960252248,1.0,ppo,0.006362228452257061,0.9999999201545261,nan
1287.0,1.0,73.0,raw,2.4352792588476447e-08,0.12570100656941322,0.006362228960252248,1.0,raw,0.0063623592441235275,1.000020477708692,nan
1287.0,1.0,73.0,raw,2.4352792588476447e-08,0.12570100656941322,0.006362228960252248,1.0,ppo,0.006362229417638664,1.000000071890908,nan
1287.0,1.0,74.0,raw,2.4352792588476447e-08,0.12137624173869196,0.006362228960252248,1.0,raw,0.00636277671389977,1.0000860946141588,nan
1287.0,1.0,74.0,raw,2.4352792588476447e-08,0.12137624173869196,0.006362228960252248,1.0,ppo,0.006362215211533696,0.9999978390091527,nan
1287.0,1.0,75.0,raw,2.4352792588476447e-08,0.10577005055810518,0.006362228960252248,1.0,raw,0.006362419001658675,1.0000298702557884,nan
1287.0,1.0,75.0,raw,2.4352792588476447e-08,0.10577005055810518,0.006362228960252248,1.0,ppo,0.006362228759979898,0.9999999685216688,nan
1287.0,1.0,76.0,raw,2.4352792588476447e-08,0.14250804945681875,0.006362228960252248,1.0,raw,0.005216401391958326,0.8199015509419056,nan
1287.0,1.0,76.0,raw,2.4352792588476447e-08,0.14250804945681875,0.006362228960252248,1.0,ppo,0.005215958714270601,0.8198319719169302,nan
1287.0,1.0,77.0,raw,2.4352792588476447e-08,0.11327345205921711,0.006362228960252248,1.0,raw,0.006363845416931666,1.0002540708122134,nan
1287.0,1.0,77.0,raw,2.4352792588476447e-08,0.11327345205921711,0.006362228960252248,1.0,ppo,0.006362222083168549,0.9999989190763581,nan
1287.0,1.0,78.0,raw,2.4352792588476447e-08,0.12069506060897713,0.006362228960252248,1.0,raw,0.006316377708660893,0.9927932094431356,nan
1287.0,1.0,78.0,raw,2.4352792588476447e-08,0.12069506060897713,0.006362228960252248,1.0,ppo,0.006316199001046525,0.9927651206057981,nan
1287.0,1.0,79.0,raw,2.4352792588476447e-08,0.08106490230214752,0.006362228960252248,1.0,raw,0.006362655278191589,1.0000670076386757,nan
1287.0,1.0,79.0,raw,2.4352792588476447e-08,0.08106490230214752,0.006362228960252248,1.0,ppo,0.006362218610262783,0.9999983732132985,nan
519.0,2.0,0.0,raw,0.07296069679647238,0.5754762107698089,0.01921529281597276,1.0,raw,0.018873617562107304,0.9822185767795618,7.935386101232123e-05
519.0,2.0,0.0,raw,0.07296069679647238,0.5754762107698089,0.01921529281597276,1.0,ppo,0.016993006950607372,0.8843480613775447,0.00019808677100963124
519.0,2.0,1.0,raw,0.07296069679647238,0.4460441484601989,0.01921529281597276,1.0,raw,0.01567318823956119,0.8156622118468481,0.00036152161337710265
519.0,2.0,1.0,raw,0.07296069679647238,0.4460441484601989,0.01921529281597276,1.0,ppo,0.013926342878412448,0.724753091810089,0.0005310101442090875
519.0,2.0,2.0,raw,0.07296069679647238,0.44712599538437964,0.01921529281597276,1.0,raw,0.018314254368370232,0.9531082634945048,0.00030573059276273185
519.0,2.0,2.0,raw,0.07296069679647238,0.44712599538437964,0.01921529281597276,1.0,ppo,0.01683890609671053,0.8763283629335664,0.0004374456282238981
519.0,2.0,3.0,raw,0.07296069679647238,0.1916100397474397,0.01921529281597276,1.0,raw,0.018159712019316425,0.9450655888116948,0.00014043391854168252
519.0,2.0,3.0,raw,0.07296069679647238,0.1916100397474397,0.01921529281597276,1.0,ppo,0.015878715800862267,0.8263582529256617,0.00036588164889350683
519.0,2.0,4.0,raw,0.07296069679647238,0.17847892491840303,0.01921529281597276,1.0,raw,0.012828925803536343,0.6676414419702346,0.0007301053220342135
519.0,2.0,4.0,raw,0.07296069679647238,0.17847892491840303,0.01921529281597276,1.0,ppo,0.014462947056701347,0.7526789831003244,0.000459187485380097
519.0,2.0,5.0,raw,0.07296069679647238,0.2985936957803844,0.01921529281597276,1.0,raw,0.2662924003954042,13.858357660521726,-0.0012940922941987454
519.0,2.0,5.0,raw,0.07296069679647238,0.2985936957803844,0.01921529281597276,1.0,ppo,0.017454078517367015,0.9083430934166284,0.00016615824045440597
519.0,2.0,6.0,raw,0.07296069679647238,0.3027666127030352,0.01921529281597276,1.0,raw,0.028347550538377612,1.4752598781535944,0.0013485365965744123
519.0,2.0,6.0,raw,0.07296069679647238,0.3027666127030352,0.01921529281597276,1.0,ppo,0.01611601316095935,0.8387076541223911,0.0007729852619662303
519.0,2.0,7.0,raw,0.07296069679647238,0.17098703665566853,0.01921529281597276,1.0,raw,0.01928080857137307,1.0034095632071685,8.154876299637515e-05
519.0,2.0,7.0,raw,0.07296069679647238,0.17098703665566853,0.01921529281597276,1.0,ppo,0.01680981895528748,0.8748146133539154,0.00022774464973063235
519.0,2.0,8.0,raw,0.07296069679647238,0.19925704936552543,0.01921529281597276,1.0,raw,0.03223741944638977,1.6776959765917454,0.0021003782706608964
519.0,2.0,8.0,raw,0.07296069679647238,0.19925704936552543,0.01921529281597276,1.0,ppo,0.01812976977098388,0.9435073378592215,0.000164239830569457
519.0,2.0,9.0,raw,0.07296069679647238,0.1526395023360934,0.01921529281597276,1.0,raw,0.41951036986663837,21.832109137463643,0.0022870737581262013
519.0,2.0,9.0,raw,0.07296069679647238,0.1526395023360934,0.01921529281597276,1.0,ppo,0.38097255136141234,19.826528536933246,0.0026799708236620035
519.0,2.0,10.0,raw,0.07296069679647238,0.09899048745152271,0.01921529281597276,1.0,raw,9.193058167435735,478.4240477352488,0.020314679891020204
519.0,2.0,10.0,raw,0.07296069679647238,0.09899048745152271,0.01921529281597276,1.0,ppo,9.162159839046529,476.81604057734995,0.016956990219905266
519.0,2.0,11.0,raw,0.07296069679647238,0.12110356728934696,0.01921529281597276,1.0,raw,0.034196905696509336,1.7796713286660442,0.0005701721459435705
519.0,2.0,11.0,raw,0.07296069679647238,0.12110356728934696,0.01921529281597276,1.0,ppo,0.02689777789462415,1.3998109814004658,0.0009286149166226609
519.0,2.0,12.0,raw,0.07296069679647238,0.4073655265701845,0.01921529281597276,1.0,raw,0.02611832585117695,1.359246830184447,-5.704573379816669e-05
519.0,2.0,12.0,raw,0.07296069679647238,0.4073655265701845,0.01921529281597276,1.0,ppo,0.03171219143943584,1.6503621226669523,-0.0005307963201367505
519.0,2.0,13.0,raw,0.07296069679647238,0.22873852815129714,0.01921529281597276,1.0,raw,0.2846811637980799,14.815343514382356,0.0006617336740796231
519.0,2.0,13.0,raw,0.07296069679647238,0.22873852815129714,0.01921529281597276,1.0,ppo,0.29628625360577615,15.419294227954074,0.0007301922685956086
519.0,2.0,14.0,raw,0.07296069679647238,0.04503690469394276,0.01921529281597276,1.0,raw,0.028125633714463444,1.4637109090049327,0.0010881541944535167
519.0,2.0,14.0,raw,0.07296069679647238,0.04503690469394276,0.01921529281597276,1.0,ppo,0.028683458950524786,1.4927411840782145,0.0010680386582714307
519.0,2.0,15.0,raw,0.07296069679647238,0.1996631250786025,0.01921529281597276,1.0,raw,1.9662584629762765,102.32779077619985,0.008022924484471172
519.0,2.0,15.0,raw,0.07296069679647238,0.1996631250786025,0.01921529281597276,1.0,ppo,1.9649514974773692,102.25977383201771,0.007114290357495001
519.0,2.0,16.0,raw,0.07296069679647238,0.0952290296976401,0.01921529281597276,1.0,raw,0.05768797189212089,3.0021906220532646,-0.00022926166301628914
519.0,2.0,16.0,raw,0.07296069679647238,0.0952290296976401,0.01921529281597276,1.0,ppo,0.05356889741392913,2.787826234393881,-7.727973551641121e-05
519.0,2.0,17.0,raw,0.07296069679647238,0.4271923191440175,0.01921529281597276,1.0,raw,0.4705917253153522,24.49047900660518,0.006285310258699384
519.0,2.0,17.0,raw,0.07296069679647238,0.4271923191440175,0.01921529281597276,1.0,ppo,0.31203649785627985,16.23896657962447,0.0027363418187309474
519.0,2.0,18.0,raw,0.07296069679647238,0.22924009578598925,0.01921529281597276,1.0,raw,0.02478254585234604,1.2897303251993895,0.0025327964650059265
519.0,2.0,18.0,raw,0.07296069679647238,0.22924009578598925,0.01921529281597276,1.0,ppo,0.0176524134947518,0.9186648188924911,0.00013852263325875303
519.0,2.0,19.0,raw,0.07296069679647238,0.11595456341325339,0.01921529281597276,1.0,raw,0.015082609229362495,0.7849273687271129,0.0005445070645530015
519.0,2.0,19.0,raw,0.07296069679647238,0.11595456341325339,0.01921529281597276,1.0,ppo,0.013767072014627589,0.7164643363219361,0.0007210943528276337
519.0,2.0,20.0,raw,0.07296069679647238,0.38271247451726786,0.01921529281597276,1.0,raw,0.01900488367928512,0.9890499125512813,nan
519.0,2.0,20.0,raw,0.07296069679647238,0.38271247451726786,0.01921529281597276,1.0,ppo,0.018113321124671004,0.9426513193498806,nan
519.0,2.0,21.0,raw,0.07296069679647238,0.31520227819816266,0.01921529281597276,1.0,raw,0.5481979792251472,28.529254509692212,nan
519.0,2.0,21.0,raw,0.07296069679647238,0.31520227819816266,0.01921529281597276,1.0,ppo,0.012703373302795778,0.6611074535505422,nan
519.0,2.0,22.0,raw,0.07296069679647238,0.10924169252775093,0.01921529281597276,1.0,raw,0.019052579109107293,0.9915320724787389,nan
519.0,2.0,22.0,raw,0.07296069679647238,0.10924169252775093,0.01921529281597276,1.0,ppo,0.01658473741926021,0.8631009466311179,nan
519.0,2.0,23.0,raw,0.07296069679647238,0.43160994230314986,0.01921529281597276,1.0,raw,0.2718474285353898,14.147451779106689,nan
519.0,2.0,23.0,raw,0.07296069679647238,0.43160994230314986,0.01921529281597276,1.0,ppo,0.04403177401097984,2.291496384295446,nan
519.0,2.0,24.0,raw,0.07296069679647238,0.574758949389351,0.01921529281597276,1.0,raw,0.10434762582112084,5.430446822771372,nan
519.0,2.0,24.0,raw,0.07296069679647238,0.574758949389351,0.01921529281597276,1.0,ppo,0.015197849141061056,0.7909246706054777,nan
519.0,2.0,25.0,raw,0.07296069679647238,0.40952045406223453,0.01921529281597276,1.0,raw,0.02490591897417434,1.2961508946390468,nan
519.0,2.0,25.0,raw,0.07296069679647238,0.40952045406223453,0.01921529281597276,1.0,ppo,0.017611540683464384,0.91653772087328,nan
519.0,2.0,26.0,raw,0.07296069679647238,0.22108113775018454,0.01921529281597276,1.0,raw,0.05318686106481582,2.767944343819945,nan
519.0,2.0,26.0,raw,0.07296069679647238,0.22108113775018454,0.01921529281597276,1.0,ppo,0.02709445041889801,1.4100461896878136,nan
519.0,2.0,27.0,raw,0.07296069679647238,0.13170893678905224,0.01921529281597276,1.0,raw,0.14056410304933606,7.315220454641826,nan
519.0,2.0,27.0,raw,0.07296069679647238,0.13170893678905224,0.01921529281597276,1.0,ppo,0.029539518271235847,1.5372921221726608,nan
519.0,2.0,28.0,raw,0.07296069679647238,0.4213841090242012,0.01921529281597276,1.0,raw,0.02606614921610998,1.3565314599027307,nan
519.0,2.0,28.0,raw,0.07296069679647238,0.4213841090242012,0.01921529281597276,1.0,ppo,0.0278831937434974,1.4510938766605432,nan
519.0,2.0,29.0,raw,0.07296069679647238,0.12717217763934227,0.01921529281597276,1.0,raw,0.018096824868549063,0.9417928231364777,nan
519.0,2.0,29.0,raw,0.07296069679647238,0.12717217763934227,0.01921529281597276,1.0,ppo,0.017654990416604694,0.918798926755305,nan
519.0,2.0,30.0,raw,0.07296069679647238,0.5407190148781633,0.01921529281597276,1.0,raw,0.02103713684840019,1.0948121920324325,nan
519.0,2.0,30.0,raw,0.07296069679647238,0.5407190148781633,0.01921529281597276,1.0,ppo,0.018041332571773247,0.9389048995795861,nan
519.0,2.0,31.0,raw,0.07296069679647238,0.10554620203148954,0.01921529281597276,1.0,raw,0.013742056649890193,0.7151624896638096,nan
519.0,2.0,31.0,raw,0.07296069679647238,0.10554620203148954,0.01921529281597276,1.0,ppo,0.014616166402377982,0.7606528061975854,nan
519.0,2.0,32.0,raw,0.07296069679647238,0.21752051560158145,0.01921529281597276,1.0,raw,0.058680639715,3.0538509236883224,nan
519.0,2.0,32.0,raw,0.07296069679647238,0.21752051560158145,0.01921529281597276,1.0,ppo,0.04700161737801132,2.446052622156302,nan
519.0,2.0,33.0,raw,0.07296069679647238,0.47185611092580537,0.01921529281597276,1.0,raw,0.1009758068289659,5.2549710168886685,nan
519.0,2.0,33.0,raw,0.07296069679647238,0.47185611092580537,0.01921529281597276,1.0,ppo,0.10794529527044593,5.617676311480205,nan
519.0,2.0,34.0,raw,0.07296069679647238,0.18110990769607832,0.01921529281597276,1.0,raw,0.09623236374334039,5.008113311879744,nan
519.0,2.0,34.0,raw,0.07296069679647238,0.18110990769607832,0.01921529281597276,1.0,ppo,0.09769534658375262,5.084249692127674,nan
519.0,2.0,35.0,raw,0.07296069679647238,0.6634991431997872,0.01921529281597276,1.0,raw,0.024697214748183483,1.285289533951513,nan
519.0,2.0,35.0,raw,0.07296069679647238,0.6634991431997872,0.01921529281597276,1.0,ppo,0.018373466813434536,0.956189790569392,nan
519.0,2.0,36.0,raw,0.07296069679647238,0.40931856600981187,0.01921529281597276,1.0,raw,0.09088464779922327,4.729808110115043,nan
519.0,2.0,36.0,raw,0.07296069679647238,0.40931856600981187,0.01921529281597276,1.0,ppo,0.08404074866345262,4.37363871934304,nan
519.0,2.0,37.0,raw,0.07296069679647238,0.16396628068209107,0.01921529281597276,1.0,raw,0.04239731847944448,2.206436242501681,nan
519.0,2.0,37.0,raw,0.07296069679647238,0.16396628068209107,0.01921529281597276,1.0,ppo,0.01656823849611794,0.862242311620958,nan
519.0,2.0,38.0,raw,0.07296069679647238,0.2451595603070674,0.01921529281597276,1.0,raw,0.4183800513130954,21.77328523275565,nan
519.0,2.0,38.0,raw,0.07296069679647238,0.2451595603070674,0.01921529281597276,1.0,ppo,0.01496302469863169,0.7787039646980367,nan
519.0,2.0,39.0,raw,0.07296069679647238,0.5404443619254065,0.01921529281597276,1.0,raw,0.028500321142395157,1.4832103478904153,nan
519.0,2.0,39.0,raw,0.07296069679647238,0.5404443619254065,0.01921529281597276,1.0,ppo,0.026733018702775432,1.3912366029912147,nan
519.0,2.0,40.0,raw,0.07296069679647238,0.11394315765203407,0.01921529281597276,1.0,raw,0.2927083587296862,15.233093845250782,nan
519.0,2.0,40.0,raw,0.07296069679647238,0.11394315765203407,0.01921529281597276,1.0,ppo,0.2981413957276957,15.515839315228385,nan
519.0,2.0,41.0,raw,0.07296069679647238,0.21707846661533928,0.01921529281597276,1.0,raw,0.1506659087612896,7.8409374347940295,nan
519.0,2.0,41.0,raw,0.07296069679647238,0.21707846661533928,0.01921529281597276,1.0,ppo,0.15402634004623403,8.015820602962618,nan
519.0,2.0,42.0,raw,0.07296069679647238,0.07577447660807872,0.01921529281597276,1.0,raw,10.724631666109666,558.1300149220099,nan
519.0,2.0,42.0,raw,0.07296069679647238,0.07577447660807872,0.01921529281597276,1.0,ppo,10.777715053359433,560.8925742937641,nan
519.0,2.0,43.0,raw,0.07296069679647238,0.5018727298064423,0.01921529281597276,1.0,raw,0.06838107713302313,3.558679942476921,nan
519.0,2.0,43.0,raw,0.07296069679647238,0.5018727298064423,0.01921529281597276,1.0,ppo,0.07329352030660587,3.8143327301096575,nan
519.0,2.0,44.0,raw,0.07296069679647238,0.10541956284240213,0.01921529281597276,1.0,raw,0.018643445286816846,0.9702399784050876,nan
519.0,2.0,44.0,raw,0.07296069679647238,0.10541956284240213,0.01921529281597276,1.0,ppo,0.016569258970231523,0.8622954190142909,nan
519.0,2.0,45.0,raw,0.07296069679647238,0.5450430583557176,0.01921529281597276,1.0,raw,0.030775761007529438,1.601628520693008,nan
519.0,2.0,45.0,raw,0.07296069679647238,0.5450430583557176,0.01921529281597276,1.0,ppo,0.018673068187692717,0.9717816099149258,nan
519.0,2.0,46.0,raw,0.07296069679647238,0.15698385148443664,0.01921529281597276,1.0,raw,0.023548618223951958,1.2255144092510062,nan
519.0,2.0,46.0,raw,0.07296069679647238,0.15698385148443664,0.01921529281597276,1.0,ppo,0.018002374081024706,0.9368774264038374,nan
519.0,2.0,47.0,raw,0.07296069679647238,0.1472016656374035,0.01921529281597276,1.0,raw,0.08491150071959977,4.418954295040296,nan
519.0,2.0,47.0,raw,0.07296069679647238,0.1472016656374035,0.01921529281597276,1.0,ppo,0.03766174666361426,1.9599881731860904,nan
519.0,2.0,48.0,raw,0.07296069679647238,0.38969919010929954,0.01921529281597276,1.0,raw,0.02078811877972856,1.0818528231039177,nan
519.0,2.0,48.0,raw,0.07296069679647238,0.38969919010929954,0.01921529281597276,1.0,ppo,0.016739638204315673,0.8711622749980061,nan
519.0,2.0,49.0,raw,0.07296069679647238,0.1444165376664352,0.01921529281597276,1.0,raw,2.3039783522166832,119.90336937782678,nan
519.0,2.0,49.0,raw,0.07296069679647238,0.1444165376664352,0.01921529281597276,1.0,ppo,2.3217758608247268,120.82958521947398,nan
519.0,2.0,50.0,raw,0.07296069679647238,0.5395591071107638,0.01921529281597276,1.0,raw,0.023867983847083586,1.2421347973028682,nan
519.0,2.0,50.0,raw,0.07296069679647238,0.5395591071107638,0.01921529281597276,1.0,ppo,0.023596860484101985,1.2280250272578224,nan
519.0,2.0,51.0,raw,0.07296069679647238,0.3892425098767821,0.01921529281597276,1.0,raw,0.2280551371117404,11.868418519345644,nan
519.0,2.0,51.0,raw,0.07296069679647238,0.3892425098767821,0.01921529281597276,1.0,ppo,0.17605898461196945,9.16244089008209,nan
519.0,2.0,52.0,raw,0.07296069679647238,0.4625201021181356,0.01921529281597276,1.0,raw,0.03454478050816648,1.7977753885411023,nan
519.0,2.0,52.0,raw,0.07296069679647238,0.4625201021181356,0.01921529281597276,1.0,ppo,0.016997703430714085,0.8845924750407499,nan
519.0,2.0,53.0,raw,0.07296069679647238,0.23483988147624463,0.01921529281597276,1.0,raw,0.01992382179002715,1.0368731812124883,nan
519.0,2.0,53.0,raw,0.07296069679647238,0.23483988147624463,0.01921529281597276,1.0,ppo,0.014630631185471407,0.7614055807314921,nan
519.0,2.0,54.0,raw,0.07296069679647238,0.15389680573178638,0.01921529281597276,1.0,raw,0.016038487667150342,0.8346730815269341,nan
519.0,2.0,54.0,raw,0.07296069679647238,0.15389680573178638,0.01921529281597276,1.0,ppo,0.015134984768492333,0.7876530903505847,nan
519.0,2.0,55.0,raw,0.07296069679647238,0.3048822415293163,0.01921529281597276,1.0,raw,0.024323368260830813,1.265833859196356,nan
519.0,2.0,55.0,raw,0.07296069679647238,0.3048822415293163,0.01921529281597276,1.0,ppo,0.015752678715492522,0.8197990458099118,nan
519.0,2.0,56.0,raw,0.07296069679647238,0.25870127262331727,0.01921529281597276,1.0,raw,0.014139860712560362,0.7358649617249948,nan
519.0,2.0,56.0,raw,0.07296069679647238,0.25870127262331727,0.01921529281597276,1.0,ppo,0.014757263006858673,0.7679957390288459,nan
519.0,2.0,57.0,raw,0.07296069679647238,0.23598796205242406,0.01921529281597276,1.0,raw,0.6511195921169962,33.88548893596622,nan
519.0,2.0,57.0,raw,0.07296069679647238,0.23598796205242406,0.01921529281597276,1.0,ppo,0.6289281898942567,32.73060660160529,nan
519.0,2.0,58.0,raw,0.07296069679647238,0.5397463266295378,0.01921529281597276,1.0,raw,0.018163620205716845,0.94526897818691,nan
519.0,2.0,58.0,raw,0.07296069679647238,0.5397463266295378,0.01921529281597276,1.0,ppo,0.017132357567763667,0.8916001297426158,nan
519.0,2.0,59.0,raw,0.07296069679647238,0.11584813527727837,0.01921529281597276,1.0,raw,2.923184335682894,152.12801406039412,nan
519.0,2.0,59.0,raw,0.07296069679647238,0.11584813527727837,0.01921529281597276,1.0,ppo,2.8410867636176373,147.8555019081456,nan
519.0,2.0,60.0,raw,0.07296069679647238,0.21449331306211533,0.01921529281597276,1.0,raw,2.5833659413505505,134.44322530454082,nan
519.0,2.0,60.0,raw,0.07296069679647238,0.21449331306211533,0.01921529281597276,1.0,ppo,2.1254167622414544,110.61068819490986,nan
519.0,2.0,61.0,raw,0.07296069679647238,0.13845845804365642,0.01921529281597276,1.0,raw,0.5153760311623528,26.821138563860195,nan
519.0,2.0,61.0,raw,0.07296069679647238,0.13845845804365642,0.01921529281597276,1.0,ppo,0.5123835882462093,26.66540620293276,nan
519.0,2.0,62.0,raw,0.07296069679647238,0.13964204155216978,0.01921529281597276,1.0,raw,0.016050568433121814,0.8353017873232584,nan
519.0,2.0,62.0,raw,0.07296069679647238,0.13964204155216978,0.01921529281597276,1.0,ppo,0.014160644362234498,0.7369465819674331,nan
519.0,2.0,63.0,raw,0.07296069679647238,0.08728441274469899,0.01921529281597276,1.0,raw,10.74775211813459,559.3332467564842,nan
519.0,2.0,63.0,raw,0.07296069679647238,0.08728441274469899,0.01921529281597276,1.0,ppo,10.74127643539093,558.9962400397155,nan
519.0,2.0,64.0,raw,0.07296069679647238,0.4150806178918329,0.01921529281597276,1.0,raw,0.02183406508644858,1.136285837304491,nan
519.0,2.0,64.0,raw,0.07296069679647238,0.4150806178918329,0.01921529281597276,1.0,ppo,0.016476553402371488,0.8574708467973651,nan
519.0,2.0,65.0,raw,0.07296069679647238,0.55280604563244,0.01921529281597276,1.0,raw,0.02444273803112211,1.272046086687996,nan
519.0,2.0,65.0,raw,0.07296069679647238,0.55280604563244,0.01921529281597276,1.0,ppo,0.01634506231298008,0.8506278030482682,nan
519.0,2.0,66.0,raw,0.07296069679647238,0.06079908180875787,0.01921529281597276,1.0,raw,3.1490210638286875,163.8809824022591,nan
519.0,2.0,66.0,raw,0.07296069679647238,0.06079908180875787,0.01921529281597276,1.0,ppo,3.1858221923766123,165.79618238908074,nan
519.0,2.0,67.0,raw,0.07296069679647238,0.28452528829827284,0.01921529281597276,1.0,raw,0.7127879005477936,37.094823762211256,nan
519.0,2.0,67.0,raw,0.07296069679647238,0.28452528829827284,0.01921529281597276,1.0,ppo,0.691285472412964,35.97579693598691,nan
519.0,2.0,68.0,raw,0.07296069679647238,0.21134765279360404,0.01921529281597276,1.0,raw,0.5261625872693638,27.382491243224244,nan
519.0,2.0,68.0,raw,0.07296069679647238,0.21134765279360404,0.01921529281597276,1.0,ppo,0.20877126676753155,10.864849615718056,nan
519.0,2.0,69.0,raw,0.07296069679647238,0.2387802127901087,0.01921529281597276,1.0,raw,0.027678855387853914,1.4404597240821537,nan
519.0,2.0,69.0,raw,0.07296069679647238,0.2387802127901087,0.01921529281597276,1.0,ppo,0.015347166299452295,0.798695416532759,nan
519.0,2.0,70.0,raw,0.07296069679647238,0.33847341197017844,0.01921529281597276,1.0,raw,0.1391508265587274,7.2416708863815975,nan
519.0,2.0,70.0,raw,0.07296069679647238,0.33847341197017844,0.01921529281597276,1.0,ppo,0.14742184084060656,7.672110035089436,nan
519.0,2.0,71.0,raw,0.07296069679647238,0.5394675133554969,0.01921529281597276,1.0,raw,0.024825627940064033,1.2919723981217537,nan
519.0,2.0,71.0,raw,0.07296069679647238,0.5394675133554969,0.01921529281597276,1.0,ppo,0.016480736370831812,0.8576885363480987,nan
519.0,2.0,72.0,raw,0.07296069679647238,0.19660846589148062,0.01921529281597276,1.0,raw,0.05669137370209329,2.9503257767151196,nan
519.0,2.0,72.0,raw,0.07296069679647238,0.19660846589148062,0.01921529281597276,1.0,ppo,0.01575777707458191,0.8200643740116841,nan
519.0,2.0,73.0,raw,0.07296069679647238,0.12318762431265014,0.01921529281597276,1.0,raw,1.663956437934087,86.59542448142757,nan
519.0,2.0,73.0,raw,0.07296069679647238,0.12318762431265014,0.01921529281597276,1.0,ppo,1.6032298477384765,83.43509844439049,nan
519.0,2.0,74.0,raw,0.07296069679647238,0.2890497616242869,0.01921529281597276,1.0,raw,0.3776291125935506,19.652529691332386,nan
519.0,2.0,74.0,raw,0.07296069679647238,0.2890497616242869,0.01921529281597276,1.0,ppo,0.3784916111376928,19.697415738732367,nan
519.0,2.0,75.0,raw,0.07296069679647238,0.16611684223756326,0.01921529281597276,1.0,raw,0.06941472857812533,3.612473108940821,nan
519.0,2.0,75.0,raw,0.07296069679647238,0.16611684223756326,0.01921529281597276,1.0,ppo,0.01757176061710603,0.9144674913566481,nan
519.0,2.0,76.0,raw,0.07296069679647238,0.6430030726400054,0.01921529281597276,1.0,raw,0.10600814114408266,5.516863165153701,nan
519.0,2.0,76.0,raw,0.07296069679647238,0.6430030726400054,0.01921529281597276,1.0,ppo,0.11945977265068874,6.216911383800902,nan
519.0,2.0,77.0,raw,0.07296069679647238,0.4711927034795019,0.01921529281597276,1.0,raw,0.047379781725857724,2.4657330064974685,nan
519.0,2.0,77.0,raw,0.07296069679647238,0.4711927034795019,0.01921529281597276,1.0,ppo,0.032698648373100714,1.7016991979388356,nan
519.0,2.0,78.0,raw,0.07296069679647238,0.19233712451509843,0.01921529281597276,1.0,raw,0.014205552839794298,0.7392837036543048,nan
519.0,2.0,78.0,raw,0.07296069679647238,0.19233712451509843,0.01921529281597276,1.0,ppo,0.016120677421228132,0.838950391004595,nan
519.0,2.0,79.0,raw,0.07296069679647238,0.26498693595138056,0.01921529281597276,1.0,raw,0.041278701810289344,2.1482213258793705,nan
519.0,2.0,79.0,raw,0.07296069679647238,0.26498693595138056,0.01921529281597276,1.0,ppo,0.027741950092665828,1.4437432912604518,nan
621.0,3.0,0.0,raw,0.18984406407375892,0.08852091218415059,0.00817712246205085,1.0,raw,11.514775109951145,1408.1695808507193,-0.015627926025075123
621.0,3.0,0.0,raw,0.18984406407375892,0.08852091218415059,0.00817712246205085,1.0,ppo,11.499240297361485,1406.2697912044523,-0.015130911561058724
621.0,3.0,1.0,raw,0.18984406407375892,0.3770507004512853,0.00817712246205085,1.0,raw,0.01592604282295753,1.9476341337516456,-6.558089854180604e-05
621.0,3.0,1.0,raw,0.18984406407375892,0.3770507004512853,0.00817712246205085,1.0,ppo,0.006152442697184077,0.7523970352329815,0.00036486957145598353
621.0,3.0,2.0,raw,0.18984406407375892,0.5873853253455222,0.00817712246205085,1.0,raw,0.13874606445976861,16.96759038447501,0.0025762115734798696
621.0,3.0,2.0,raw,0.18984406407375892,0.5873853253455222,0.00817712246205085,1.0,ppo,0.13485051891946248,16.491194738159948,0.0028872055075316316
621.0,3.0,3.0,raw,0.18984406407375892,0.7224465892418394,0.00817712246205085,1.0,raw,0.01932219640471533,2.362957934699838,2.298210315720972e-05
621.0,3.0,3.0,raw,0.18984406407375892,0.7224465892418394,0.00817712246205085,1.0,ppo,0.01413197385825194,1.7282331191488105,0.0005193497483581
621.0,3.0,4.0,raw,0.18984406407375892,0.5637724494209073,0.00817712246205085,1.0,raw,0.01565504045217663,1.9144926011356684,-6.479840383444291e-05
621.0,3.0,4.0,raw,0.18984406407375892,0.5637724494209073,0.00817712246205085,1.0,ppo,0.006263805682995157,0.766015882978983,0.00022984730003827725
621.0,3.0,5.0,raw,0.18984406407375892,0.2173065770661032,0.00817712246205085,1.0,raw,0.010625693268095683,1.2994416211091846,0.000471047452890172
621.0,3.0,5.0,raw,0.18984406407375892,0.2173065770661032,0.00817712246205085,1.0,ppo,0.007483099441330526,0.9151262532827154,0.0003620619130036973
621.0,3.0,6.0,raw,0.18984406407375892,0.30084910096158274,0.00817712246205085,1.0,raw,1.1102472279676552,135.77480747294587,0.004572264061157849
621.0,3.0,6.0,raw,0.18984406407375892,0.30084910096158274,0.00817712246205085,1.0,ppo,1.1009036061326782,134.632153455186,0.004831071301326428
621.0,3.0,7.0,raw,0.18984406407375892,0.18181060506426766,0.00817712246205085,1.0,raw,0.2999877937372306,36.686229798983916,-9.358294540284806e-05
621.0,3.0,7.0,raw,0.18984406407375892,0.18181060506426766,0.00817712246205085,1.0,ppo,0.030993146051318126,3.790226475774822,0.0008755539526065226
621.0,3.0,8.0,raw,0.18984406407375892,0.190679286477125,0.00817712246205085,1.0,raw,1.603959878330745,196.15211656356513,-0.003382495233926086
621.0,3.0,8.0,raw,0.18984406407375892,0.190679286477125,0.00817712246205085,1.0,ppo,1.5708216470989467,192.09956245475863,-0.0030742762157108805
621.0,3.0,9.0,raw,0.18984406407375892,0.7065182118317972,0.00817712246205085,1.0,raw,0.029339346565382167,3.5879793535614684,-0.00014529743679092544
621.0,3.0,9.0,raw,0.18984406407375892,0.7065182118317972,0.00817712246205085,1.0,ppo,0.014710801114842388,1.7990192984284683,-5.961290953493403e-05
621.0,3.0,10.0,raw,0.18984406407375892,0.5589331111993661,0.00817712246205085,1.0,raw,0.06918834354285074,8.461209167888391,3.769204444359353e-05
621.0,3.0,10.0,raw,0.18984406407375892,0.5589331111993661,0.00817712246205085,1.0,ppo,0.06662383668589558,8.147589447888262,0.0004982384899220316
621.0,3.0,11.0,raw,0.18984406407375892,0.18915502380627608,0.00817712246205085,1.0,raw,0.05773151224361754,7.060125675204611,0.00013455383336791193
621.0,3.0,11.0,raw,0.18984406407375892,0.18915502380627608,0.00817712246205085,1.0,ppo,0.006511313286881513,0.7962841839656702,0.0002619667552886673
621.0,3.0,12.0,raw,0.18984406407375892,0.3795622774750303,0.00817712246205085,1.0,raw,0.9354690804427848,114.40076686929866,0.0037196390220343156
621.0,3.0,12.0,raw,0.18984406407375892,0.3795622774750303,0.00817712246205085,1.0,ppo,0.9895481976951619,121.01423236444718,0.0035927088195466528
621.0,3.0,13.0,raw,0.18984406407375892,0.6097272315113859,0.00817712246205085,1.0,raw,0.3140400974942579,38.404719869573235,0.0017024810476437002
621.0,3.0,13.0,raw,0.18984406407375892,0.6097272315113859,0.00817712246205085,1.0,ppo,0.296466058434883,36.25554830696865,0.0017790451397344809
621.0,3.0,14.0,raw,0.18984406407375892,0.6618930651310316,0.00817712246205085,1.0,raw,0.07093087253599531,8.674307235238055,0.001388897540693268
621.0,3.0,14.0,raw,0.18984406407375892,0.6618930651310316,0.00817712246205085,1.0,ppo,0.03934308667042087,4.811360824423008,0.001310459851429746
621.0,3.0,15.0,raw,0.18984406407375892,0.49103549650255746,0.00817712246205085,1.0,raw,0.5401360870045273,66.05454296560204,-0.00027176380938165323
621.0,3.0,15.0,raw,0.18984406407375892,0.49103549650255746,0.00817712246205085,1.0,ppo,0.31176626468847235,38.1266473793619,0.00020078716368843175
621.0,3.0,16.0,raw,0.18984406407375892,0.6119141927083277,0.00817712246205085,1.0,raw,0.016200035457563315,1.9811413529326418,-0.0002964534369254146
621.0,3.0,16.0,raw,0.18984406407375892,0.6119141927083277,0.00817712246205085,1.0,ppo,0.008703594856680374,1.0643835771168682,0.0001305131980690044
621.0,3.0,17.0,raw,0.18984406407375892,0.4711000303553507,0.00817712246205085,1.0,raw,0.41453329660427835,50.694275220663876,0.005325996500366581
621.0,3.0,17.0,raw,0.18984406407375892,0.4711000303553507,0.00817712246205085,1.0,ppo,0.46689734502361435,57.09800081757794,0.005489073331040761
621.0,3.0,18.0,raw,0.18984406407375892,0.5799435342903817,0.00817712246205085,1.0,raw,0.015838677203030355,1.9369499816758233,-0.00010715443318354279
621.0,3.0,18.0,raw,0.18984406407375892,0.5799435342903817,0.00817712246205085,1.0,ppo,0.010035991936101636,1.2273256249588533,0.0003162731501170635
621.0,3.0,19.0,raw,0.18984406407375892,0.7778237651949444,0.00817712246205085,1.0,raw,0.012381760366067827,1.5141952959039384,0.00033175736763424446
621.0,3.0,19.0,raw,0.18984406407375892,0.7778237651949444,0.00817712246205085,1.0,ppo,0.0067933188843922005,0.8307713276790543,0.00016564767273563596
621.0,3.0,20.0,raw,0.18984406407375892,0.5675964222568598,0.00817712246205085,1.0,raw,0.011013725582934323,1.3468950274436815,nan
621.0,3.0,20.0,raw,0.18984406407375892,0.5675964222568598,0.00817712246205085,1.0,ppo,0.007143999153982252,0.8736568624399094,nan
621.0,3.0,21.0,raw,0.18984406407375892,0.5931722823773833,0.00817712246205085,1.0,raw,0.0448298814330118,5.482354170560914,nan
621.0,3.0,21.0,raw,0.18984406407375892,0.5931722823773833,0.00817712246205085,1.0,ppo,0.039796985257747185,4.866869175855044,nan
621.0,3.0,22.0,raw,0.18984406407375892,0.43386398921584457,0.00817712246205085,1.0,raw,0.05156779087590389,6.306349344188558,nan
621.0,3.0,22.0,raw,0.18984406407375892,0.43386398921584457,0.00817712246205085,1.0,ppo,0.005761392111874465,0.7045745173332636,nan
621.0,3.0,23.0,raw,0.18984406407375892,0.5248902317491959,0.00817712246205085,1.0,raw,0.02298199169990054,2.8105231157485417,nan
621.0,3.0,23.0,raw,0.18984406407375892,0.5248902317491959,0.00817712246205085,1.0,ppo,0.01900169815194408,2.3237634314673565,nan
621.0,3.0,24.0,raw,0.18984406407375892,0.4481027783924476,0.00817712246205085,1.0,raw,0.057355589367643664,7.014153161313753,nan
621.0,3.0,24.0,raw,0.18984406407375892,0.4481027783924476,0.00817712246205085,1.0,ppo,0.054534883843530946,6.669202289267589,nan
621.0,3.0,25.0,raw,0.18984406407375892,0.5971290464347072,0.00817712246205085,1.0,raw,0.02601067340592664,3.1809078959792267,nan
621.0,3.0,25.0,raw,0.18984406407375892,0.5971290464347072,0.00817712246205085,1.0,ppo,0.028139002829996287,3.4411864272042383,nan
621.0,3.0,26.0,raw,0.18984406407375892,0.6143359210886541,0.00817712246205085,1.0,raw,0.043786474859611804,5.35475346771681,nan
621.0,3.0,26.0,raw,0.18984406407375892,0.6143359210886541,0.00817712246205085,1.0,ppo,0.012300158745717733,1.5042160372186493,nan
621.0,3.0,27.0,raw,0.18984406407375892,0.6039519665947122,0.00817712246205085,1.0,raw,0.0363691802618786,4.4476746472446855,nan
621.0,3.0,27.0,raw,0.18984406407375892,0.6039519665947122,0.00817712246205085,1.0,ppo,0.028486055859093248,3.4836283779891994,nan
621.0,3.0,28.0,raw,0.18984406407375892,0.7188397113077423,0.00817712246205085,1.0,raw,0.06905794862456648,8.44526285928296,nan
621.0,3.0,28.0,raw,0.18984406407375892,0.7188397113077423,0.00817712246205085,1.0,ppo,0.030504590378000112,3.7304798258273193,nan
621.0,3.0,29.0,raw,0.18984406407375892,0.16092705820857442,0.00817712246205085,1.0,raw,1.4423106713437601,176.38364571857272,nan
621.0,3.0,29.0,raw,0.18984406407375892,0.16092705820857442,0.00817712246205085,1.0,ppo,0.04568308570376012,5.586694575722747,nan
621.0,3.0,30.0,raw,0.18984406407375892,0.379987557789862,0.00817712246205085,1.0,raw,0.31824414624851816,38.9188431169345,nan
621.0,3.0,30.0,raw,0.18984406407375892,0.379987557789862,0.00817712246205085,1.0,ppo,0.011333855489701661,1.3860444847562052,nan
621.0,3.0,31.0,raw,0.18984406407375892,0.47639383679248776,0.00817712246205085,1.0,raw,0.02736384433737932,3.346390428218728,nan
621.0,3.0,31.0,raw,0.18984406407375892,0.47639383679248776,0.00817712246205085,1.0,ppo,0.005212600722909126,0.6374614966450911,nan
621.0,3.0,32.0,raw,0.18984406407375892,0.1299421393606179,0.00817712246205085,1.0,raw,0.040411922387552195,4.942071318498605,nan
621.0,3.0,32.0,raw,0.18984406407375892,0.1299421393606179,0.00817712246205085,1.0,ppo,0.042276544234836885,5.170100415034483,nan
621.0,3.0,33.0,raw,0.18984406407375892,0.6845575817375282,0.00817712246205085,1.0,raw,0.07240027958104743,8.854004561757439,nan
621.0,3.0,33.0,raw,0.18984406407375892,0.6845575817375282,0.00817712246205085,1.0,ppo,0.06770138361897556,8.279365257542667,nan
621.0,3.0,34.0,raw,0.18984406407375892,0.0851803768262427,0.00817712246205085,1.0,raw,0.8252712578903888,100.92440974442836,nan
621.0,3.0,34.0,raw,0.18984406407375892,0.0851803768262427,0.00817712246205085,1.0,ppo,0.7875270830412349,96.30858369751265,nan
621.0,3.0,35.0,raw,0.18984406407375892,0.2299805802198074,0.00817712246205085,1.0,raw,0.2626835791553902,32.12420755277625,nan
621.0,3.0,35.0,raw,0.18984406407375892,0.2299805802198074,0.00817712246205085,1.0,ppo,0.011876239295976835,1.4523739067249135,nan
621.0,3.0,36.0,raw,0.18984406407375892,0.6004623190318543,0.00817712246205085,1.0,raw,0.041748225019304405,5.105490985741433,nan
621.0,3.0,36.0,raw,0.18984406407375892,0.6004623190318543,0.00817712246205085,1.0,ppo,0.027317387466169095,3.340709105549803,nan
621.0,3.0,37.0,raw,0.18984406407375892,0.5316478316550163,0.00817712246205085,1.0,raw,0.02674150370305907,3.2702828931770958,nan
621.0,3.0,37.0,raw,0.18984406407375892,0.5316478316550163,0.00817712246205085,1.0,ppo,0.006643831271939352,0.8124901275201225,nan
621.0,3.0,38.0,raw,0.18984406407375892,0.7835970778052462,0.00817712246205085,1.0,raw,0.03419183392804721,4.181401720070582,nan
621.0,3.0,38.0,raw,0.18984406407375892,0.7835970778052462,0.00817712246205085,1.0,ppo,0.022087743307962954,2.701163326154134,nan
621.0,3.0,39.0,raw,0.18984406407375892,0.7084230245817036,0.00817712246205085,1.0,raw,0.014666419429351412,1.7935917552191123,nan
621.0,3.0,39.0,raw,0.18984406407375892,0.7084230245817036,0.00817712246205085,1.0,ppo,0.006805786192314819,0.832295984791685,nan
621.0,3.0,40.0,raw,0.18984406407375892,0.20229749506758335,0.00817712246205085,1.0,raw,0.0315908459860765,3.8633206403213642,nan
621.0,3.0,40.0,raw,0.18984406407375892,0.20229749506758335,0.00817712246205085,1.0,ppo,0.03199489838060979,3.912733180785134,nan
621.0,3.0,41.0,raw,0.18984406407375892,0.5056656312168659,0.00817712246205085,1.0,raw,0.05293179629071401,6.473156851492052,nan
621.0,3.0,41.0,raw,0.18984406407375892,0.5056656312168659,0.00817712246205085,1.0,ppo,0.0540314916928062,6.607641250765239,nan
621.0,3.0,42.0,raw,0.18984406407375892,0.5567087608373723,0.00817712246205085,1.0,raw,0.020982063185093665,2.56594704096327,nan
621.0,3.0,42.0,raw,0.18984406407375892,0.5567087608373723,0.00817712246205085,1.0,ppo,0.014217360734585387,1.738675285904869,nan
621.0,3.0,43.0,raw,0.18984406407375892,0.6298330541110538,0.00817712246205085,1.0,raw,0.15792510633071785,19.313041606461365,nan
621.0,3.0,43.0,raw,0.18984406407375892,0.6298330541110538,0.00817712246205085,1.0,ppo,0.14758166660498573,18.048117450838784,nan
621.0,3.0,44.0,raw,0.18984406407375892,0.2688070599251761,0.00817712246205085,1.0,raw,0.01365381586193003,1.6697580261633513,nan
621.0,3.0,44.0,raw,0.18984406407375892,0.2688070599251761,0.00817712246205085,1.0,ppo,0.00845562697792913,1.034058988008409,nan
621.0,3.0,45.0,raw,0.18984406407375892,0.17601505700882603,0.00817712246205085,1.0,raw,0.059200980608354034,7.239830500655879,nan
621.0,3.0,45.0,raw,0.18984406407375892,0.17601505700882603,0.00817712246205085,1.0,ppo,0.04868774663603052,5.9541417976782345,nan
621.0,3.0,46.0,raw,0.18984406407375892,0.6995920850692758,0.00817712246205085,1.0,raw,0.010499570074292015,1.2840177119786815,nan
621.0,3.0,46.0,raw,0.18984406407375892,0.6995920850692758,0.00817712246205085,1.0,ppo,0.006883900627695533,0.8418487872283898,nan
621.0,3.0,47.0,raw,0.18984406407375892,0.577293364497995,0.00817712246205085,1.0,raw,0.11436304687405358,13.985732438862234,nan
621.0,3.0,47.0,raw,0.18984406407375892,0.577293364497995,0.00817712246205085,1.0,ppo,0.11654858058079194,14.253006619587934,nan
621.0,3.0,48.0,raw,0.18984406407375892,0.6648342648574163,0.00817712246205085,1.0,raw,0.09847946387198854,12.0432908188695,nan
621.0,3.0,48.0,raw,0.18984406407375892,0.6648342648574163,0.00817712246205085,1.0,ppo,0.019759114879070387,2.416389747221021,nan
621.0,3.0,49.0,raw,0.18984406407375892,0.6916960611186386,0.00817712246205085,1.0,raw,0.016805565290368606,2.0551930545691883,nan
621.0,3.0,49.0,raw,0.18984406407375892,0.6916960611186386,0.00817712246205085,1.0,ppo,0.006905612266067731,0.8445039557761229,nan
621.0,3.0,50.0,raw,0.18984406407375892,0.4850523845178729,0.00817712246205085,1.0,raw,0.04301780240787591,5.260750662291891,nan
621.0,3.0,50.0,raw,0.18984406407375892,0.4850523845178729,0.00817712246205085,1.0,ppo,0.027875654920551666,3.408980977100392,nan
621.0,3.0,51.0,raw,0.18984406407375892,0.7133685428305768,0.00817712246205085,1.0,raw,0.01598019352851543,1.9542563539530928,nan
621.0,3.0,51.0,raw,0.18984406407375892,0.7133685428305768,0.00817712246205085,1.0,ppo,0.005165296336553814,0.6316765293078833,nan
621.0,3.0,52.0,raw,0.18984406407375892,0.5818204706286737,0.00817712246205085,1.0,raw,0.04110727180665553,5.027107273668699,nan
621.0,3.0,52.0,raw,0.18984406407375892,0.5818204706286737,0.00817712246205085,1.0,ppo,0.03728771659820815,4.560004668054863,nan
621.0,3.0,53.0,raw,0.18984406407375892,0.4853920324909438,0.00817712246205085,1.0,raw,0.023721519700026547,2.900961775993399,nan
621.0,3.0,53.0,raw,0.18984406407375892,0.4853920324909438,0.00817712246205085,1.0,ppo,0.012337307964346355,1.5087591046364393,nan
621.0,3.0,54.0,raw,0.18984406407375892,0.4042814988630034,0.00817712246205085,1.0,raw,0.13004301480319871,15.903273481192734,nan
621.0,3.0,54.0,raw,0.18984406407375892,0.4042814988630034,0.00817712246205085,1.0,ppo,0.042437559522199395,5.18979136232184,nan
621.0,3.0,55.0,raw,0.18984406407375892,0.15823990068891158,0.00817712246205085,1.0,raw,0.05162726702796294,6.313622826068653,nan
621.0,3.0,55.0,raw,0.18984406407375892,0.15823990068891158,0.00817712246205085,1.0,ppo,0.027468268649381063,3.3591607288332,nan
621.0,3.0,56.0,raw,0.18984406407375892,0.6698243534619678,0.00817712246205085,1.0,raw,0.06575266821193225,8.041052157049544,nan
621.0,3.0,56.0,raw,0.18984406407375892,0.6698243534619678,0.00817712246205085,1.0,ppo,0.00688534318041688,0.8420252004749863,nan
621.0,3.0,57.0,raw,0.18984406407375892,0.6945378259873889,0.00817712246205085,1.0,raw,0.01965229268236239,2.403326203510658,nan
621.0,3.0,57.0,raw,0.18984406407375892,0.6945378259873889,0.00817712246205085,1.0,ppo,0.013361344956621526,1.6339910547542975,nan
621.0,3.0,58.0,raw,0.18984406407375892,0.16521432777468617,0.00817712246205085,1.0,raw,4.493933672757247,549.5739722149342,nan
621.0,3.0,58.0,raw,0.18984406407375892,0.16521432777468617,0.00817712246205085,1.0,ppo,4.5579448231197235,557.402049959831,nan
621.0,3.0,59.0,raw,0.18984406407375892,0.6264448215742797,0.00817712246205085,1.0,raw,0.04703890226768434,5.752500648729043,nan
621.0,3.0,59.0,raw,0.18984406407375892,0.6264448215742797,0.00817712246205085,1.0,ppo,0.01459855613999062,1.7852925901184626,nan
621.0,3.0,60.0,raw,0.18984406407375892,0.6807666347287792,0.00817712246205085,1.0,raw,0.04034434715640797,4.9338073807310305,nan
621.0,3.0,60.0,raw,0.18984406407375892,0.6807666347287792,0.00817712246205085,1.0,ppo,0.01667762117813698,2.039546460938556,nan
621.0,3.0,61.0,raw,0.18984406407375892,0.5742093470830477,0.00817712246205085,1.0,raw,0.11979932221892042,14.650547643733631,nan
621.0,3.0,61.0,raw,0.18984406407375892,0.5742093470830477,0.00817712246205085,1.0,ppo,0.09118489665502347,11.151220625373146,nan
621.0,3.0,62.0,raw,0.18984406407375892,0.6405075747015933,0.00817712246205085,1.0,raw,0.03504068918454259,4.28521027380508,nan
621.0,3.0,62.0,raw,0.18984406407375892,0.6405075747015933,0.00817712246205085,1.0,ppo,0.032387189473252365,3.960707403314289,nan
621.0,3.0,63.0,raw,0.18984406407375892,0.5012111425490512,0.00817712246205085,1.0,raw,0.05630567883847114,6.885757074053834,nan
621.0,3.0,63.0,raw,0.18984406407375892,0.5012111425490512,0.00817712246205085,1.0,ppo,0.06090610771565086,7.4483546013049935,nan
621.0,3.0,64.0,raw,0.18984406407375892,0.48256461664974687,0.00817712246205085,1.0,raw,0.40057163981119454,48.986870585613055,nan
621.0,3.0,64.0,raw,0.18984406407375892,0.48256461664974687,0.00817712246205085,1.0,ppo,0.357411585457169,43.708723590221126,nan
621.0,3.0,65.0,raw,0.18984406407375892,0.6440044563297627,0.00817712246205085,1.0,raw,0.037542963534298576,4.59121943061651,nan
621.0,3.0,65.0,raw,0.18984406407375892,0.6440044563297627,0.00817712246205085,1.0,ppo,0.022360159427921605,2.73447774956199,nan
621.0,3.0,66.0,raw,0.18984406407375892,0.7582088111566022,0.00817712246205085,1.0,raw,0.028650230492921924,3.5037056893650034,nan
621.0,3.0,66.0,raw,0.18984406407375892,0.7582088111566022,0.00817712246205085,1.0,ppo,0.019968986514041817,2.442055454925097,nan
621.0,3.0,67.0,raw,0.18984406407375892,0.4060018479103914,0.00817712246205085,1.0,raw,0.009707021435085086,1.1870950300835452,nan
621.0,3.0,67.0,raw,0.18984406407375892,0.4060018479103914,0.00817712246205085,1.0,ppo,0.005440460792879577,0.6653270533892789,nan
621.0,3.0,68.0,raw,0.18984406407375892,0.5009117798373671,0.00817712246205085,1.0,raw,0.032957079593917915,4.030400638717127,nan
621.0,3.0,68.0,raw,0.18984406407375892,0.5009117798373671,0.00817712246205085,1.0,ppo,0.007259368340467822,0.8877656381150917,nan
621.0,3.0,69.0,raw,0.18984406407375892,0.663608999213708,0.00817712246205085,1.0,raw,0.041438007521847744,5.0675537408369635,nan
621.0,3.0,69.0,raw,0.18984406407375892,0.663608999213708,0.00817712246205085,1.0,ppo,0.02819228060365202,3.4477018944609648,nan
621.0,3.0,70.0,raw,0.18984406407375892,0.11724348664686668,0.00817712246205085,1.0,raw,1.2540808108991797,153.36456274431924,nan
621.0,3.0,70.0,raw,0.18984406407375892,0.11724348664686668,0.00817712246205085,1.0,ppo,1.313878680996283,160.6773882981273,nan
621.0,3.0,71.0,raw,0.18984406407375892,0.6930725192189898,0.00817712246205085,1.0,raw,0.007188373998997822,0.879083569111053,nan
621.0,3.0,71.0,raw,0.18984406407375892,0.6930725192189898,0.00817712246205085,1.0,ppo,0.00612285510396636,0.7487786971984186,nan
621.0,3.0,72.0,raw,0.18984406407375892,0.6722810897870969,0.00817712246205085,1.0,raw,0.09045556903343265,11.062029393986364,nan
621.0,3.0,72.0,raw,0.18984406407375892,0.6722810897870969,0.00817712246205085,1.0,ppo,0.02001790888415911,2.448038289393376,nan
621.0,3.0,73.0,raw,0.18984406407375892,0.6213333628360393,0.00817712246205085,1.0,raw,0.03294405413544127,4.028807724028972,nan
621.0,3.0,73.0,raw,0.18984406407375892,0.6213333628360393,0.00817712246205085,1.0,ppo,0.007149384072279076,0.8743153970676852,nan
621.0,3.0,74.0,raw,0.18984406407375892,0.12386584197801496,0.00817712246205085,1.0,raw,0.1684856673347866,20.60451804613549,nan
621.0,3.0,74.0,raw,0.18984406407375892,0.12386584197801496,0.00817712246205085,1.0,ppo,0.055111959894207634,6.739774309358377,nan
621.0,3.0,75.0,raw,0.18984406407375892,0.7523559005522096,0.00817712246205085,1.0,raw,0.012624722925876505,1.5439077725038965,nan
621.0,3.0,75.0,raw,0.18984406407375892,0.7523559005522096,0.00817712246205085,1.0,ppo,0.007591883645478899,0.9284297356083414,nan
621.0,3.0,76.0,raw,0.18984406407375892,0.4036108483655195,0.00817712246205085,1.0,raw,0.038299479314144985,4.683735567357438,nan
621.0,3.0,76.0,raw,0.18984406407375892,0.4036108483655195,0.00817712246205085,1.0,ppo,0.0223877202644804,2.7378482306434098,nan
621.0,3.0,77.0,raw,0.18984406407375892,0.21144551184296995,0.00817712246205085,1.0,raw,2.467750407253898,301.78714073397623,nan
621.0,3.0,77.0,raw,0.18984406407375892,0.21144551184296995,0.00817712246205085,1.0,ppo,2.530759079544549,309.4926230210604,nan
621.0,3.0,78.0,raw,0.18984406407375892,0.1282982823408499,0.00817712246205085,1.0,raw,2.2270517193383577,272.35151848023145,nan
621.0,3.0,78.0,raw,0.18984406407375892,0.1282982823408499,0.00817712246205085,1.0,ppo,0.06090646400231647,7.448398172459426,nan
621.0,3.0,79.0,raw,0.18984406407375892,0.4897859281492727,0.00817712246205085,1.0,raw,0.07111251099910175,8.696520240356838,nan
621.0,3.0,79.0,raw,0.18984406407375892,0.4897859281492727,0.00817712246205085,1.0,ppo,0.027012011212166676,3.3033639079672015,nan
142.0,4.0,0.0,raw,0.2846820721508962,0.45701937450058533,0.008076435821986814,1.0,raw,0.11547915967425244,14.298282338835502,-0.0005605492995282013
142.0,4.0,0.0,raw,0.2846820721508962,0.45701937450058533,0.008076435821986814,1.0,ppo,0.09410945482781535,11.65234973719686,0.000640001035599469
142.0,4.0,1.0,raw,0.2846820721508962,0.7143016337859774,0.008076435821986814,1.0,raw,0.08911743561688412,11.034252928039873,-0.0007057611430276722
142.0,4.0,1.0,raw,0.2846820721508962,0.7143016337859774,0.008076435821986814,1.0,ppo,0.06752289666043974,8.360482042910485,8.045402250245193e-05
142.0,4.0,2.0,raw,0.2846820721508962,0.5568885039232592,0.008076435821986814,1.0,raw,0.10656884490355265,13.195033954635768,0.00173356098587929
142.0,4.0,2.0,raw,0.2846820721508962,0.5568885039232592,0.008076435821986814,1.0,ppo,0.10420840111072036,12.902770901370817,0.002030014461166574
142.0,4.0,3.0,raw,0.2846820721508962,0.45125973071562847,0.008076435821986814,1.0,raw,0.06837480133596215,8.465962318405678,-0.0016055367148629651
142.0,4.0,3.0,raw,0.2846820721508962,0.45125973071562847,0.008076435821986814,1.0,ppo,0.028160330995492307,3.4867275139895595,-7.293689181853136e-05
142.0,4.0,4.0,raw,0.2846820721508962,0.5938257892739783,0.008076435821986814,1.0,raw,0.056226258138383556,6.961766226794807,-0.00010437919085637404
142.0,4.0,4.0,raw,0.2846820721508962,0.5938257892739783,0.008076435821986814,1.0,ppo,0.060222615200767785,7.456583142383337,0.00021620328910565423
142.0,4.0,5.0,raw,0.2846820721508962,0.7547871054156022,0.008076435821986814,1.0,raw,0.04093955385514533,5.069012465089353,3.047600098837755e-05
142.0,4.0,5.0,raw,0.2846820721508962,0.7547871054156022,0.008076435821986814,1.0,ppo,0.03010013163631611,3.726907796923648,0.0003940583253340124
142.0,4.0,6.0,raw,0.2846820721508962,0.9296970601948055,0.008076435821986814,1.0,raw,0.02646870378816675,3.2772753194063537,9.860124620375554e-05
142.0,4.0,6.0,raw,0.2846820721508962,0.9296970601948055,0.008076435821986814,1.0,ppo,0.029549601530036725,3.658742814447015,-6.510346392551991e-05
142.0,4.0,7.0,raw,0.2846820721508962,0.7340066029091016,0.008076435821986814,1.0,raw,0.1824912875342818,22.595522524611443,0.0008211888521741928
142.0,4.0,7.0,raw,0.2846820721508962,0.7340066029091016,0.008076435821986814,1.0,ppo,0.181672508689745,22.494143789909213,0.0009057169906138141
142.0,4.0,8.0,raw,0.2846820721508962,0.692450510028264,0.008076435821986814,1.0,raw,0.04662234116069073,5.772638102784004,0.00036504516372215523
142.0,4.0,8.0,raw,0.2846820721508962,0.692450510028264,0.008076435821986814,1.0,ppo,0.006996400464858496,0.866273269430546,0.0004293804923060085
142.0,4.0,9.0,raw,0.2846820721508962,0.828332983647349,0.008076435821986814,1.0,raw,0.018779635347249697,2.3252379838300854,0.00021423055767633148
142.0,4.0,9.0,raw,0.2846820721508962,0.828332983647349,0.008076435821986814,1.0,ppo,0.0045356043892149514,0.5615848982378451,0.00040663000480700706
142.0,4.0,10.0,raw,0.2846820721508962,0.6685333507591952,0.008076435821986814,1.0,raw,0.22907429494407694,28.363290440624635,-1.0915340461936651e-05
142.0,4.0,10.0,raw,0.2846820721508962,0.6685333507591952,0.008076435821986814,1.0,ppo,0.2238052510212864,27.710893264577447,0.00034787122118862257
142.0,4.0,11.0,raw,0.2846820721508962,0.8629119185842822,0.008076435821986814,1.0,raw,0.01675777201230757,2.0748969448487657,4.046874268182066e-05
142.0,4.0,11.0,raw,0.2846820721508962,0.8629119185842822,0.008076435821986814,1.0,ppo,0.01003479680700094,1.2424783689462127,7.902095937295517e-05
142.0,4.0,12.0,raw,0.2846820721508962,0.11859792820954683,0.008076435821986814,1.0,raw,0.6567636678946153,81.31850266260774,-0.008641829909014076
142.0,4.0,12.0,raw,0.2846820721508962,0.11859792820954683,0.008076435821986814,1.0,ppo,0.029060413726253738,3.5981730514271377,0.0010084884694582241
142.0,4.0,13.0,raw,0.2846820721508962,0.6657169727056986,0.008076435821986814,1.0,raw,0.05899648854725949,7.304767826749879,0.00023898450469606036
142.0,4.0,13.0,raw,0.2846820721508962,0.6657169727056986,0.008076435821986814,1.0,ppo,0.05647016958099703,6.991966608248896,0.0006223661409818781
142.0,4.0,14.0,raw,0.2846820721508962,0.8694143890889046,0.008076435821986814,1.0,raw,0.04085545826211463,5.058600001611124,0.0004449925213425576
142.0,4.0,14.0,raw,0.2846820721508962,0.8694143890889046,0.008076435821986814,1.0,ppo,0.02524039968663084,3.125190398705065,0.0003583095422856619
142.0,4.0,15.0,raw,0.2846820721508962,0.81363965077553,0.008076435821986814,1.0,raw,0.03444315610258655,4.264648028133961,0.000789879000205107
142.0,4.0,15.0,raw,0.2846820721508962,0.81363965077553,0.008076435821986814,1.0,ppo,0.03686283411884798,4.5642452848439365,0.0009305024001393658
142.0,4.0,16.0,raw,0.2846820721508962,0.8355780869000721,0.008076435821986814,1.0,raw,0.06287619309695468,7.785141178957211,0.0004825112092282646
142.0,4.0,16.0,raw,0.2846820721508962,0.8355780869000721,0.008076435821986814,1.0,ppo,0.01696761938728291,2.100879615868582,0.000519070415670897
142.0,4.0,17.0,raw,0.2846820721508962,0.7064157042738859,0.008076435821986814,1.0,raw,0.17523591875615063,21.69718457727339,0.0005810686461461545
142.0,4.0,17.0,raw,0.2846820721508962,0.7064157042738859,0.008076435821986814,1.0,ppo,0.15088645404813414,18.682307068839666,0.0006527920290835265
142.0,4.0,18.0,raw,0.2846820721508962,0.7990188256423892,0.008076435821986814,1.0,raw,0.03298930013951167,4.084635954105342,-0.00016535720820531896
142.0,4.0,18.0,raw,0.2846820721508962,0.7990188256423892,0.008076435821986814,1.0,ppo,0.029251055195919112,3.621777704998009,5.5640328503026026e-05
142.0,4.0,19.0,raw,0.2846820721508962,0.09577424943846992,0.008076435821986814,1.0,raw,4.239652768350866,524.9410583823479,-0.037126189102568374
142.0,4.0,19.0,raw,0.2846820721508962,0.09577424943846992,0.008076435821986814,1.0,ppo,0.009885796273925006,1.2240295709417386,0.0011696692481242277
142.0,4.0,20.0,raw,0.2846820721508962,0.875124498911662,0.008076435821986814,1.0,raw,0.015132919777535088,1.8737126265942854,nan
142.0,4.0,20.0,raw,0.2846820721508962,0.875124498911662,0.008076435821986814,1.0,ppo,0.0051407621441810275,0.6365137119255153,nan
142.0,4.0,21.0,raw,0.2846820721508962,0.8166462037072234,0.008076435821986814,1.0,raw,0.018345192400437024,2.2714465643985124,nan
142.0,4.0,21.0,raw,0.2846820721508962,0.8166462037072234,0.008076435821986814,1.0,ppo,0.00530022779773688,0.6562582696822591,nan
142.0,4.0,22.0,raw,0.2846820721508962,0.8563885568103619,0.008076435821986814,1.0,raw,0.06122111683733416,7.580214612820843,nan
142.0,4.0,22.0,raw,0.2846820721508962,0.8563885568103619,0.008076435821986814,1.0,ppo,0.0450558249377049,5.578676774109636,nan
142.0,4.0,23.0,raw,0.2846820721508962,0.7184853757839095,0.008076435821986814,1.0,raw,0.032052123574119,3.968597569594026,nan
142.0,4.0,23.0,raw,0.2846820721508962,0.7184853757839095,0.008076435821986814,1.0,ppo,0.016338315246947337,2.022961069345573,nan
142.0,4.0,24.0,raw,0.2846820721508962,0.7930755872693561,0.008076435821986814,1.0,raw,0.040482356393939,5.012403650101721,nan
142.0,4.0,24.0,raw,0.2846820721508962,0.7930755872693561,0.008076435821986814,1.0,ppo,0.014147300533535544,1.751676215270821,nan
142.0,4.0,25.0,raw,0.2846820721508962,0.8411851994650413,0.008076435821986814,1.0,raw,0.04946407947750253,6.124493596896348,nan
142.0,4.0,25.0,raw,0.2846820721508962,0.8411851994650413,0.008076435821986814,1.0,ppo,0.02883038261588291,3.5696912909772367,nan
142.0,4.0,26.0,raw,0.2846820721508962,0.6958737173681158,0.008076435821986814,1.0,raw,0.033978880073536805,4.207162766159139,nan
142.0,4.0,26.0,raw,0.2846820721508962,0.6958737173681158,0.008076435821986814,1.0,ppo,0.019710862958080142,2.4405397866742713,nan
142.0,4.0,27.0,raw,0.2846820721508962,0.8562307471777358,0.008076435821986814,1.0,raw,0.025184074754574348,3.118216414970414,nan
142.0,4.0,27.0,raw,0.2846820721508962,0.8562307471777358,0.008076435821986814,1.0,ppo,0.020413022443723346,2.5274790629985735,nan
142.0,4.0,28.0,raw,0.2846820721508962,0.7198870073180675,0.008076435821986814,1.0,raw,0.13326864469103847,16.500922885839785,nan
142.0,4.0,28.0,raw,0.2846820721508962,0.7198870073180675,0.008076435821986814,1.0,ppo,0.13716666832238775,16.98356445165741,nan
142.0,4.0,29.0,raw,0.2846820721508962,0.8286741978157046,0.008076435821986814,1.0,raw,0.14449248509786583,17.890625058210453,nan
142.0,4.0,29.0,raw,0.2846820721508962,0.8286741978157046,0.008076435821986814,1.0,ppo,0.2178010027036859,26.9674652909093,nan
142.0,4.0,30.0,raw,0.2846820721508962,0.3428858834435897,0.008076435821986814,1.0,raw,0.8137820989738612,100.76005269037968,nan
142.0,4.0,30.0,raw,0.2846820721508962,0.3428858834435897,0.008076435821986814,1.0,ppo,0.8351293541472327,103.40320564099892,nan
142.0,4.0,31.0,raw,0.2846820721508962,0.5535280860208042,0.008076435821986814,1.0,raw,0.019563980816117578,2.4223532814880726,nan
142.0,4.0,31.0,raw,0.2846820721508962,0.5535280860208042,0.008076435821986814,1.0,ppo,0.006730723590692099,0.8333779576838551,nan
142.0,4.0,32.0,raw,0.2846820721508962,0.8417432467456365,0.008076435821986814,1.0,raw,0.051465692742766106,6.372327333136101,nan
142.0,4.0,32.0,raw,0.2846820721508962,0.8417432467456365,0.008076435821986814,1.0,ppo,0.043298331386572735,5.361069206877111,nan
142.0,4.0,33.0,raw,0.2846820721508962,0.8152683338669399,0.008076435821986814,1.0,raw,0.08250179569982925,10.21512428480286,nan
142.0,4.0,33.0,raw,0.2846820721508962,0.8152683338669399,0.008076435821986814,1.0,ppo,0.09049158966265883,11.20439655030872,nan
142.0,4.0,34.0,raw,0.2846820721508962,0.8322134434636895,0.008076435821986814,1.0,raw,0.054095158671532556,6.697899898401604,nan
142.0,4.0,34.0,raw,0.2846820721508962,0.8322134434636895,0.008076435821986814,1.0,ppo,0.05965955917680999,7.386867238441531,nan
142.0,4.0,35.0,raw,0.2846820721508962,0.7983369441183655,0.008076435821986814,1.0,raw,0.12771461323668776,15.813239410508904,nan
142.0,4.0,35.0,raw,0.2846820721508962,0.7983369441183655,0.008076435821986814,1.0,ppo,0.12968978286469623,16.05779897509201,nan
142.0,4.0,36.0,raw,0.2846820721508962,0.788708228573062,0.008076435821986814,1.0,raw,0.09297613036235482,11.51202490945846,nan
142.0,4.0,36.0,raw,0.2846820721508962,0.788708228573062,0.008076435821986814,1.0,ppo,0.037775304882576535,4.677224671276316,nan
142.0,4.0,37.0,raw,0.2846820721508962,0.6893291533982567,0.008076435821986814,1.0,raw,0.03984091678328275,4.932982526131413,nan
142.0,4.0,37.0,raw,0.2846820721508962,0.6893291533982567,0.008076435821986814,1.0,ppo,0.013321337888549292,1.6494080039965235,nan
142.0,4.0,38.0,raw,0.2846820721508962,0.7821844629029545,0.008076435821986814,1.0,raw,0.024748912241359323,3.064335900990427,nan
142.0,4.0,38.0,raw,0.2846820721508962,0.7821844629029545,0.008076435821986814,1.0,ppo,0.01207982971466514,1.4956881947578562,nan
142.0,4.0,39.0,raw,0.2846820721508962,0.22964802654349406,0.008076435821986814,1.0,raw,0.42470973797640876,52.586282778376564,nan
142.0,4.0,39.0,raw,0.2846820721508962,0.22964802654349406,0.008076435821986814,1.0,ppo,0.05082778303670876,6.29334327133984,nan
142.0,4.0,40.0,raw,0.2846820721508962,0.8743832216423814,0.008076435821986814,1.0,raw,0.011935230279577609,1.4777843274734928,nan
142.0,4.0,40.0,raw,0.2846820721508962,0.8743832216423814,0.008076435821986814,1.0,ppo,0.005520036483960353,0.6834743203100718,nan
142.0,4.0,41.0,raw,0.2846820721508962,0.2973354573722751,0.008076435821986814,1.0,raw,1.1780149948295977,145.85827471353628,nan
142.0,4.0,41.0,raw,0.2846820721508962,0.2973354573722751,0.008076435821986814,1.0,ppo,1.1759541448082464,145.6031064602653,nan
142.0,4.0,42.0,raw,0.2846820721508962,0.1486978699747115,0.008076435821986814,1.0,raw,0.10494644908033181,12.994153781873901,nan
142.0,4.0,42.0,raw,0.2846820721508962,0.1486978699747115,0.008076435821986814,1.0,ppo,0.08545423788675324,10.580686799258363,nan
142.0,4.0,43.0,raw,0.2846820721508962,0.8926406591043838,0.008076435821986814,1.0,raw,0.01825685727005679,2.2605091741527117,nan
142.0,4.0,43.0,raw,0.2846820721508962,0.8926406591043838,0.008076435821986814,1.0,ppo,0.005642383302115523,0.6986229354729756,nan
142.0,4.0,44.0,raw,0.2846820721508962,0.8243366941032724,0.008076435821986814,1.0,raw,0.09628950539604467,11.922277043781092,nan
142.0,4.0,44.0,raw,0.2846820721508962,0.8243366941032724,0.008076435821986814,1.0,ppo,0.07689662893179072,9.521109388680074,nan
142.0,4.0,45.0,raw,0.2846820721508962,0.8695800731643298,0.008076435821986814,1.0,raw,0.03107593274594434,3.8477285563695127,nan
142.0,4.0,45.0,raw,0.2846820721508962,0.8695800731643298,0.008076435821986814,1.0,ppo,0.013195655073395526,1.6338463357156199,nan
142.0,4.0,46.0,raw,0.2846820721508962,0.6199138105191082,0.008076435821986814,1.0,raw,0.047079449751787295,5.829235914141851,nan
142.0,4.0,46.0,raw,0.2846820721508962,0.6199138105191082,0.008076435821986814,1.0,ppo,0.02251196236388192,2.787363493014664,nan
142.0,4.0,47.0,raw,0.2846820721508962,0.6878560942547626,0.008076435821986814,1.0,raw,0.21298586673509748,26.371269632983065,nan
142.0,4.0,47.0,raw,0.2846820721508962,0.6878560942547626,0.008076435821986814,1.0,ppo,0.23754816953284363,29.412500113745285,nan
142.0,4.0,48.0,raw,0.2846820721508962,0.7863152813406136,0.008076435821986814,1.0,raw,0.04761996003353504,5.896160272071656,nan
142.0,4.0,48.0,raw,0.2846820721508962,0.7863152813406136,0.008076435821986814,1.0,ppo,0.009287927131044397,1.1500032112877676,nan
142.0,4.0,49.0,raw,0.2846820721508962,0.2676716895399775,0.008076435821986814,1.0,raw,0.9335694364615701,115.59176065264775,nan
142.0,4.0,49.0,raw,0.2846820721508962,0.2676716895399775,0.008076435821986814,1.0,ppo,0.05551917345494944,6.874217127288662,nan
142.0,4.0,50.0,raw,0.2846820721508962,0.8455478578642881,0.008076435821986814,1.0,raw,0.035431437169893595,4.387014018416036,nan
142.0,4.0,50.0,raw,0.2846820721508962,0.8455478578642881,0.008076435821986814,1.0,ppo,0.03085366029383388,3.820207449657396,nan
142.0,4.0,51.0,raw,0.2846820721508962,0.7916091942718044,0.008076435821986814,1.0,raw,0.04236315852724841,5.24527891522662,nan
142.0,4.0,51.0,raw,0.2846820721508962,0.7916091942718044,0.008076435821986814,1.0,ppo,0.020174934048111652,2.4979996737160466,nan
142.0,4.0,52.0,raw,0.2846820721508962,0.7428798360605111,0.008076435821986814,1.0,raw,0.02300186020931875,2.8480211712572316,nan
142.0,4.0,52.0,raw,0.2846820721508962,0.7428798360605111,0.008076435821986814,1.0,ppo,0.004833786181744823,0.5985048712435265,nan
142.0,4.0,53.0,raw,0.2846820721508962,0.8673650519575051,0.008076435821986814,1.0,raw,0.013451843800750188,1.6655668536521617,nan
142.0,4.0,53.0,raw,0.2846820721508962,0.8673650519575051,0.008076435821986814,1.0,ppo,0.005033560071103355,0.6232402735622918,nan
142.0,4.0,54.0,raw,0.2846820721508962,0.5870636508615544,0.008076435821986814,1.0,raw,0.19664814583678747,24.348382154098733,nan
142.0,4.0,54.0,raw,0.2846820721508962,0.5870636508615544,0.008076435821986814,1.0,ppo,0.19281711121718043,23.874034966298684,nan
142.0,4.0,55.0,raw,0.2846820721508962,0.8778542354407524,0.008076435821986814,1.0,raw,0.015587537101261038,1.9300019767168142,nan
142.0,4.0,55.0,raw,0.2846820721508962,0.8778542354407524,0.008076435821986814,1.0,ppo,0.004873536917211773,0.6034266877902185,nan
142.0,4.0,56.0,raw,0.2846820721508962,0.7811633828850814,0.008076435821986814,1.0,raw,0.1092587899183089,13.52809485848562,nan
142.0,4.0,56.0,raw,0.2846820721508962,0.7811633828850814,0.008076435821986814,1.0,ppo,0.08714923024858423,10.790555657154396,nan
142.0,4.0,57.0,raw,0.2846820721508962,0.43050530306990503,0.008076435821986814,1.0,raw,2.0796988706714954,257.5020611208035,nan
142.0,4.0,57.0,raw,0.2846820721508962,0.43050530306990503,0.008076435821986814,1.0,ppo,2.2001825940763102,272.419993493499,nan
142.0,4.0,58.0,raw,0.2846820721508962,0.8028284449282593,0.008076435821986814,1.0,raw,0.03979368532775669,4.927134469319339,nan
142.0,4.0,58.0,raw,0.2846820721508962,0.8028284449282593,0.008076435821986814,1.0,ppo,0.04198579223389836,5.198554555414,nan
142.0,4.0,59.0,raw,0.2846820721508962,0.5394494713077729,0.008076435821986814,1.0,raw,0.10707655431547262,13.257897007486113,nan
142.0,4.0,59.0,raw,0.2846820721508962,0.5394494713077729,0.008076435821986814,1.0,ppo,0.08450241209619729,10.46283459173326,nan
142.0,4.0,60.0,raw,0.2846820721508962,0.7692362251067177,0.008076435821986814,1.0,raw,0.13042077609470534,16.148308358949066,nan
142.0,4.0,60.0,raw,0.2846820721508962,0.7692362251067177,0.008076435821986814,1.0,ppo,0.11647784433502645,14.421936470780096,nan
142.0,4.0,61.0,raw,0.2846820721508962,0.846684299757964,0.008076435821986814,1.0,raw,0.031424030396725325,3.890828960861472,nan
142.0,4.0,61.0,raw,0.2846820721508962,0.846684299757964,0.008076435821986814,1.0,ppo,0.007106980399920639,0.8799649445084444,nan
142.0,4.0,62.0,raw,0.2846820721508962,0.20097873694884413,0.008076435821986814,1.0,raw,0.9773557022229103,121.01324442673273,nan
142.0,4.0,62.0,raw,0.2846820721508962,0.20097873694884413,0.008076435821986814,1.0,ppo,0.023023400000392567,2.850688163424145,nan
142.0,4.0,63.0,raw,0.2846820721508962,0.8602174074731377,0.008076435821986814,1.0,raw,0.025934616140509667,3.2111461927186737,nan
142.0,4.0,63.0,raw,0.2846820721508962,0.8602174074731377,0.008076435821986814,1.0,ppo,0.022669648587795393,2.806887727143312,nan
142.0,4.0,64.0,raw,0.2846820721508962,0.8539515044414061,0.008076435821986814,1.0,raw,0.05667162947189407,7.016910766208847,nan
142.0,4.0,64.0,raw,0.2846820721508962,0.8539515044414061,0.008076435821986814,1.0,ppo,0.04155974024821796,5.145802079560661,nan
142.0,4.0,65.0,raw,0.2846820721508962,0.7229272874768131,0.008076435821986814,1.0,raw,0.1255057882841589,15.539749346176853,nan
142.0,4.0,65.0,raw,0.2846820721508962,0.7229272874768131,0.008076435821986814,1.0,ppo,0.11254019941007173,13.934389115517877,nan
142.0,4.0,66.0,raw,0.2846820721508962,0.8903531903860321,0.008076435821986814,1.0,raw,0.012152462841908396,1.5046814101865635,nan
142.0,4.0,66.0,raw,0.2846820721508962,0.8903531903860321,0.008076435821986814,1.0,ppo,0.00792672356706091,0.9814630787360019,nan
142.0,4.0,67.0,raw,0.2846820721508962,0.7538513213105382,0.008076435821986814,1.0,raw,0.014188114108982785,1.7567296294682238,nan
142.0,4.0,67.0,raw,0.2846820721508962,0.7538513213105382,0.008076435821986814,1.0,ppo,0.01235624669886949,1.5299133146370791,nan
142.0,4.0,68.0,raw,0.2846820721508962,0.8242719023276394,0.008076435821986814,1.0,raw,0.09374375379605315,11.607069735000021,nan
142.0,4.0,68.0,raw,0.2846820721508962,0.8242719023276394,0.008076435821986814,1.0,ppo,0.006572185133817594,0.8137482026323869,nan
142.0,4.0,69.0,raw,0.2846820721508962,0.5346215539180238,0.008076435821986814,1.0,raw,0.13813278092282133,17.103185609025306,nan
142.0,4.0,69.0,raw,0.2846820721508962,0.5346215539180238,0.008076435821986814,1.0,ppo,0.11037518645545774,13.666323721037791,nan
142.0,4.0,70.0,raw,0.2846820721508962,0.7593916441195606,0.008076435821986814,1.0,raw,0.2102177490648784,26.0285296259761,nan
142.0,4.0,70.0,raw,0.2846820721508962,0.7593916441195606,0.008076435821986814,1.0,ppo,0.162383694387676,20.105860798845473,nan
142.0,4.0,71.0,raw,0.2846820721508962,0.8637626471499641,0.008076435821986814,1.0,raw,0.04474861861760285,5.540639411234079,nan
142.0,4.0,71.0,raw,0.2846820721508962,0.8637626471499641,0.008076435821986814,1.0,ppo,0.008690736053279037,1.0760608076176237,nan
142.0,4.0,72.0,raw,0.2846820721508962,0.8424385749098192,0.008076435821986814,1.0,raw,0.050598358145010985,6.264936571063314,nan
142.0,4.0,72.0,raw,0.2846820721508962,0.8424385749098192,0.008076435821986814,1.0,ppo,0.036537614063060726,4.52397751537787,nan
142.0,4.0,73.0,raw,0.2846820721508962,0.5971782604671553,0.008076435821986814,1.0,raw,0.045936260475503164,5.687689655187873,nan
142.0,4.0,73.0,raw,0.2846820721508962,0.5971782604671553,0.008076435821986814,1.0,ppo,0.026827290234332536,3.3216744150061217,nan
142.0,4.0,74.0,raw,0.2846820721508962,0.42464146701677946,0.008076435821986814,1.0,raw,0.1790015034365857,22.163427950393977,nan
142.0,4.0,74.0,raw,0.2846820721508962,0.42464146701677946,0.008076435821986814,1.0,ppo,0.04212818701608645,5.2161854492051,nan
142.0,4.0,75.0,raw,0.2846820721508962,0.4890100238752824,0.008076435821986814,1.0,raw,0.1371468984272863,16.98111660268824,nan
142.0,4.0,75.0,raw,0.2846820721508962,0.4890100238752824,0.008076435821986814,1.0,ppo,0.09281857378615117,11.492516727919432,nan
142.0,4.0,76.0,raw,0.2846820721508962,0.6935662380609015,0.008076435821986814,1.0,raw,0.08361306289793101,10.352718048016643,nan
142.0,4.0,76.0,raw,0.2846820721508962,0.6935662380609015,0.008076435821986814,1.0,ppo,0.08290991167501383,10.26565597776494,nan
142.0,4.0,77.0,raw,0.2846820721508962,0.1110551644851457,0.008076435821986814,1.0,raw,2.1503910894873037,266.2549591037677,nan
142.0,4.0,77.0,raw,0.2846820721508962,0.1110551644851457,0.008076435821986814,1.0,ppo,2.168343073642895,268.47771980555154,nan
142.0,4.0,78.0,raw,0.2846820721508962,0.8781655963830404,0.008076435821986814,1.0,raw,0.029839191613313602,3.6945989878457453,nan
142.0,4.0,78.0,raw,0.2846820721508962,0.8781655963830404,0.008076435821986814,1.0,ppo,0.026041927528404785,3.2244331661139154,nan
142.0,4.0,79.0,raw,0.2846820721508962,0.8343617881636785,0.008076435821986814,1.0,raw,0.014865282016410325,1.8405745237202227,nan
142.0,4.0,79.0,raw,0.2846820721508962,0.8343617881636785,0.008076435821986814,1.0,ppo,0.00887640437457262,1.0990497009099014,nan
3302.0,5.0,0.0,raw,0.3802093595977435,0.7174009262325642,0.04133311860212429,1.0,raw,0.0671684604029196,1.6250518391677204,0.0018632865657165487
3302.0,5.0,0.0,raw,0.3802093595977435,0.7174009262325642,0.04133311860212429,1.0,ppo,0.051195451420808905,1.2386060658432327,-0.00011038028712073711
3302.0,5.0,1.0,raw,0.3802093595977435,0.6439632347356407,0.04133311860212429,1.0,raw,0.05499031457556204,1.3304177481719428,0.005064062526709101
3302.0,5.0,1.0,raw,0.3802093595977435,0.6439632347356407,0.04133311860212429,1.0,ppo,0.044435909309337746,1.07506790709603,0.004153957900935312
3302.0,5.0,2.0,raw,0.3802093595977435,0.5669677165931833,0.04133311860212429,1.0,raw,0.04140421248941645,1.0017200223379348,0.004993203771832544
3302.0,5.0,2.0,raw,0.3802093595977435,0.5669677165931833,0.04133311860212429,1.0,ppo,0.06392753562879207,1.5466419614779938,0.007207605515437643
3302.0,5.0,3.0,raw,0.3802093595977435,0.6248059750435615,0.04133311860212429,1.0,raw,0.20276418549550293,4.905610618141985,0.010625561825711838
3302.0,5.0,3.0,raw,0.3802093595977435,0.6248059750435615,0.04133311860212429,1.0,ppo,0.18849305523165594,4.560339543843867,0.009461874126894254
3302.0,5.0,4.0,raw,0.3802093595977435,0.5441442601344083,0.04133311860212429,1.0,raw,0.16736045693096765,4.0490643481802575,0.003076146426396198
3302.0,5.0,4.0,raw,0.3802093595977435,0.5441442601344083,0.04133311860212429,1.0,ppo,0.05404297396321066,1.3074980981578572,0.002695403696601928
3302.0,5.0,5.0,raw,0.3802093595977435,0.631538086094039,0.04133311860212429,1.0,raw,0.07244708664942263,1.7527612021440662,0.005847668374526438
3302.0,5.0,5.0,raw,0.3802093595977435,0.631538086094039,0.04133311860212429,1.0,ppo,0.06164710038488773,1.491469854435794,0.005315392929552631
3302.0,5.0,6.0,raw,0.3802093595977435,0.4572712984836529,0.04133311860212429,1.0,raw,0.04239473745428682,1.0256844605020432,0.004048958224494137
3302.0,5.0,6.0,raw,0.3802093595977435,0.4572712984836529,0.04133311860212429,1.0,ppo,0.028670501000467034,0.6936447567978461,0.004571133448489473
3302.0,5.0,7.0,raw,0.3802093595977435,0.5074714569270409,0.04133311860212429,1.0,raw,0.2571221985081621,6.2207306683833785,0.00025532782493298267
3302.0,5.0,7.0,raw,0.3802093595977435,0.5074714569270409,0.04133311860212429,1.0,ppo,0.22624020314669968,5.4735817377949365,-0.0006296045921417859
3302.0,5.0,8.0,raw,0.3802093595977435,0.6958589113809167,0.04133311860212429,1.0,raw,0.08476494607083734,2.050775478298434,0.0056198275241682305
3302.0,5.0,8.0,raw,0.3802093595977435,0.6958589113809167,0.04133311860212429,1.0,ppo,0.06586743877032256,1.5935753458229822,0.001718661488903983
3302.0,5.0,9.0,raw,0.3802093595977435,0.5119542308138091,0.04133311860212429,1.0,raw,0.1661426615298428,4.019601403154322,0.005556349126456528
3302.0,5.0,9.0,raw,0.3802093595977435,0.5119542308138091,0.04133311860212429,1.0,ppo,0.08331333159231508,2.0156555907212197,0.0034442559963185904
3302.0,5.0,10.0,raw,0.3802093595977435,0.35548962251633387,0.04133311860212429,1.0,raw,0.5055606955295339,12.23137069322301,0.0031020322163507474
3302.0,5.0,10.0,raw,0.3802093595977435,0.35548962251633387,0.04133311860212429,1.0,ppo,0.5996299261680991,14.507250999862407,0.0018854051649613845
3302.0,5.0,11.0,raw,0.3802093595977435,0.6458991771118218,0.04133311860212429,1.0,raw,0.0759470548761552,1.837438292697613,0.0009304902945032056
3302.0,5.0,11.0,raw,0.3802093595977435,0.6458991771118218,0.04133311860212429,1.0,ppo,0.07612493412369035,1.8417418452373435,-0.00027356398391809034
3302.0,5.0,12.0,raw,0.3802093595977435,0.4413056449219488,0.04133311860212429,1.0,raw,0.025728003113570215,0.6224549219532625,0.00235459389985726
3302.0,5.0,12.0,raw,0.3802093595977435,0.4413056449219488,0.04133311860212429,1.0,ppo,0.020361034878023376,0.492608241686775,0.0024877968411898266
3302.0,5.0,13.0,raw,0.3802093595977435,0.6502922611842786,0.04133311860212429,1.0,raw,0.41440573252864643,10.02599722797951,-0.0037900685084969465
3302.0,5.0,13.0,raw,0.3802093595977435,0.6502922611842786,0.04133311860212429,1.0,ppo,0.40105865781163913,9.703082452409651,-0.0028400188037204233
3302.0,5.0,14.0,raw,0.3802093595977435,0.6674211483189378,0.04133311860212429,1.0,raw,0.03235908326218081,0.7828851138398673,0.003548237706870294
3302.0,5.0,14.0,raw,0.3802093595977435,0.6674211483189378,0.04133311860212429,1.0,ppo,0.03494444030580906,0.8454343995232219,0.0005790543691557293
3302.0,5.0,15.0,raw,0.3802093595977435,0.22117278065673282,0.04133311860212429,1.0,raw,4.535826576364009,109.73830985332167,0.026091153335924266
3302.0,5.0,15.0,raw,0.3802093595977435,0.22117278065673282,0.04133311860212429,1.0,ppo,4.334061182351541,104.85686367079,0.02345480812670009
3302.0,5.0,16.0,raw,0.3802093595977435,0.7447018975892228,0.04133311860212429,1.0,raw,0.12636806391425792,3.0573077519430947,0.007221878453537056
3302.0,5.0,16.0,raw,0.3802093595977435,0.7447018975892228,0.04133311860212429,1.0,ppo,0.09580159122517509,2.3177924740537588,0.006544688148120148
3302.0,5.0,17.0,raw,0.3802093595977435,0.6908024615606665,0.04133311860212429,1.0,raw,0.07963180050790555,1.9265858275647492,0.0018319351521814964
3302.0,5.0,17.0,raw,0.3802093595977435,0.6908024615606665,0.04133311860212429,1.0,ppo,0.033277274753288524,0.8050995395149849,0.0007549933918011842
3302.0,5.0,18.0,raw,0.3802093595977435,0.41721419532884874,0.04133311860212429,1.0,raw,0.5154015733659887,12.46945768421887,0.014594061012457638
3302.0,5.0,18.0,raw,0.3802093595977435,0.41721419532884874,0.04133311860212429,1.0,ppo,0.3942022205145663,9.537200043122478,0.008894713105108254
3302.0,5.0,19.0,raw,0.3802093595977435,0.2638622748697,0.04133311860212429,1.0,raw,3.5263466847324123,85.31528236901964,0.028962926614716444
3302.0,5.0,19.0,raw,0.3802093595977435,0.2638622748697,0.04133311860212429,1.0,ppo,3.4789121248363646,84.16766608696128,0.027613575939960056
3302.0,5.0,20.0,raw,0.3802093595977435,0.6387135435825245,0.04133311860212429,1.0,raw,0.03003737939587378,0.7267145671976958,nan
3302.0,5.0,20.0,raw,0.3802093595977435,0.6387135435825245,0.04133311860212429,1.0,ppo,0.02681810991959318,0.6488286107260941,nan
3302.0,5.0,21.0,raw,0.3802093595977435,0.5951746718980728,0.04133311860212429,1.0,raw,0.1214768217575779,2.9389706333781134,nan
3302.0,5.0,21.0,raw,0.3802093595977435,0.5951746718980728,0.04133311860212429,1.0,ppo,0.12077383678135943,2.9219628439832346,nan
3302.0,5.0,22.0,raw,0.3802093595977435,0.7091712962790744,0.04133311860212429,1.0,raw,0.09094910095235557,2.200392905936725,nan
3302.0,5.0,22.0,raw,0.3802093595977435,0.7091712962790744,0.04133311860212429,1.0,ppo,0.10154137907355523,2.4566590305222356,nan
3302.0,5.0,23.0,raw,0.3802093595977435,0.515284807767862,0.04133311860212429,1.0,raw,0.03702491740703487,0.8957687844326364,nan
3302.0,5.0,23.0,raw,0.3802093595977435,0.515284807767862,0.04133311860212429,1.0,ppo,0.03411377490373508,0.8253375515193239,nan
3302.0,5.0,24.0,raw,0.3802093595977435,0.7431694759578599,0.04133311860212429,1.0,raw,0.07493144834872809,1.8128670393836925,nan
3302.0,5.0,24.0,raw,0.3802093595977435,0.7431694759578599,0.04133311860212429,1.0,ppo,0.09065865580568012,2.1933659707211346,nan
3302.0,5.0,25.0,raw,0.3802093595977435,0.6854943581170806,0.04133311860212429,1.0,raw,0.04411350840919537,1.067267844796211,nan
3302.0,5.0,25.0,raw,0.3802093595977435,0.6854943581170806,0.04133311860212429,1.0,ppo,0.034058880129629175,0.8240094452461358,nan
3302.0,5.0,26.0,raw,0.3802093595977435,0.5655789205446123,0.04133311860212429,1.0,raw,0.07280697311584994,1.7614681780171328,nan
3302.0,5.0,26.0,raw,0.3802093595977435,0.5655789205446123,0.04133311860212429,1.0,ppo,0.05885448676076818,1.4239062705939491,nan
3302.0,5.0,27.0,raw,0.3802093595977435,0.39618961760164223,0.04133311860212429,1.0,raw,0.027728729200078576,0.6708598368053814,nan
3302.0,5.0,27.0,raw,0.3802093595977435,0.39618961760164223,0.04133311860212429,1.0,ppo,0.02079127548879889,0.5030173427980906,nan
3302.0,5.0,28.0,raw,0.3802093595977435,0.7338399049836316,0.04133311860212429,1.0,raw,0.10488464710924478,2.537544967726057,nan
3302.0,5.0,28.0,raw,0.3802093595977435,0.7338399049836316,0.04133311860212429,1.0,ppo,0.08081827068004357,1.9552909002102243,nan
3302.0,5.0,29.0,raw,0.3802093595977435,0.44795012977471993,0.04133311860212429,1.0,raw,0.1152838525323163,2.789139954380102,nan
3302.0,5.0,29.0,raw,0.3802093595977435,0.44795012977471993,0.04133311860212429,1.0,ppo,0.10015734214284491,2.4231740921116316,nan
3302.0,5.0,30.0,raw,0.3802093595977435,0.5991545761081881,0.04133311860212429,1.0,raw,0.43021055035479305,10.408373839294155,nan
3302.0,5.0,30.0,raw,0.3802093595977435,0.5991545761081881,0.04133311860212429,1.0,ppo,0.3449956290850989,8.346711807692344,nan
3302.0,5.0,31.0,raw,0.3802093595977435,0.6300885700961506,0.04133311860212429,1.0,raw,0.05871818522902329,1.4206086357588683,nan
3302.0,5.0,31.0,raw,0.3802093595977435,0.6300885700961506,0.04133311860212429,1.0,ppo,0.055041304694621124,1.3316513864935493,nan
3302.0,5.0,32.0,raw,0.3802093595977435,0.5546769179170502,0.04133311860212429,1.0,raw,0.0964993080824509,2.3346728082959456,nan
3302.0,5.0,32.0,raw,0.3802093595977435,0.5546769179170502,0.04133311860212429,1.0,ppo,0.06994926097360972,1.692329621845053,nan
3302.0,5.0,33.0,raw,0.3802093595977435,0.6625216502503438,0.04133311860212429,1.0,raw,0.09244254720208972,2.2365248577526566,nan
3302.0,5.0,33.0,raw,0.3802093595977435,0.6625216502503438,0.04133311860212429,1.0,ppo,0.03072164705785336,0.7432695159923026,nan
3302.0,5.0,34.0,raw,0.3802093595977435,0.77195769193794,0.04133311860212429,1.0,raw,0.08828031881464121,2.1358252607173003,nan
3302.0,5.0,34.0,raw,0.3802093595977435,0.77195769193794,0.04133311860212429,1.0,ppo,0.03755547007105427,0.9086048026660182,nan
3302.0,5.0,35.0,raw,0.3802093595977435,0.4131190709175009,0.04133311860212429,1.0,raw,0.06642135539128463,1.6069766240157584,nan
3302.0,5.0,35.0,raw,0.3802093595977435,0.4131190709175009,0.04133311860212429,1.0,ppo,0.048593850308076024,1.1756637764462945,nan
3302.0,5.0,36.0,raw,0.3802093595977435,0.7911695511362045,0.04133311860212429,1.0,raw,0.047676617171224484,1.1534725368816998,nan
3302.0,5.0,36.0,raw,0.3802093595977435,0.7911695511362045,0.04133311860212429,1.0,ppo,0.04224064916979151,1.0219564987680503,nan
3302.0,5.0,37.0,raw,0.3802093595977435,0.6313615049537359,0.04133311860212429,1.0,raw,0.03201007688666355,0.7744413673401941,nan
3302.0,5.0,37.0,raw,0.3802093595977435,0.6313615049537359,0.04133311860212429,1.0,ppo,0.022431315777726935,0.5426959430197481,nan
3302.0,5.0,38.0,raw,0.3802093595977435,0.6312415809922993,0.04133311860212429,1.0,raw,0.11179355861694054,2.704696920962431,nan
3302.0,5.0,38.0,raw,0.3802093595977435,0.6312415809922993,0.04133311860212429,1.0,ppo,0.10440972058912368,2.5260547502882496,nan
3302.0,5.0,39.0,raw,0.3802093595977435,0.4897882194162993,0.04133311860212429,1.0,raw,0.15757522157807727,3.8123235532965274,nan
3302.0,5.0,39.0,raw,0.3802093595977435,0.4897882194162993,0.04133311860212429,1.0,ppo,0.15250228829931,3.689590658941284,nan
3302.0,5.0,40.0,raw,0.3802093595977435,0.4326694095259276,0.04133311860212429,1.0,raw,0.7145351713642802,17.287231051749316,nan
3302.0,5.0,40.0,raw,0.3802093595977435,0.4326694095259276,0.04133311860212429,1.0,ppo,0.6919515815523236,16.74085104037519,nan
3302.0,5.0,41.0,raw,0.3802093595977435,0.11249311304795274,0.04133311860212429,1.0,raw,6.64114616124362,160.67372571549205,nan
3302.0,5.0,41.0,raw,0.3802093595977435,0.11249311304795274,0.04133311860212429,1.0,ppo,6.610331558893549,159.92820726945618,nan
3302.0,5.0,42.0,raw,0.3802093595977435,0.6146585485334101,0.04133311860212429,1.0,raw,0.11881969346815577,2.8746849375660006,nan
3302.0,5.0,42.0,raw,0.3802093595977435,0.6146585485334101,0.04133311860212429,1.0,ppo,0.15262668241949406,3.6926002097419746,nan
3302.0,5.0,43.0,raw,0.3802093595977435,0.740169855858323,0.04133311860212429,1.0,raw,0.11713986568461049,2.8340437316672777,nan
3302.0,5.0,43.0,raw,0.3802093595977435,0.740169855858323,0.04133311860212429,1.0,ppo,0.12453122851583001,3.0128679549824677,nan
3302.0,5.0,44.0,raw,0.3802093595977435,0.6722136099667104,0.04133311860212429,1.0,raw,0.05124377579174037,1.2397752099234711,nan
3302.0,5.0,44.0,raw,0.3802093595977435,0.6722136099667104,0.04133311860212429,1.0,ppo,0.0195943407629078,0.474059094149764,nan
3302.0,5.0,45.0,raw,0.3802093595977435,0.3279238737293738,0.04133311860212429,1.0,raw,0.9004140873345309,21.784324962313747,nan
3302.0,5.0,45.0,raw,0.3802093595977435,0.3279238737293738,0.04133311860212429,1.0,ppo,0.8630350387753682,20.87998844420641,nan
3302.0,5.0,46.0,raw,0.3802093595977435,0.7037880476938052,0.04133311860212429,1.0,raw,0.05302490005792021,1.2828671499080893,nan
3302.0,5.0,46.0,raw,0.3802093595977435,0.7037880476938052,0.04133311860212429,1.0,ppo,0.029385380994889368,0.7109403303862759,nan
3302.0,5.0,47.0,raw,0.3802093595977435,0.18747287060517676,0.04133311860212429,1.0,raw,0.34889705413501887,8.44110161378163,nan
3302.0,5.0,47.0,raw,0.3802093595977435,0.18747287060517676,0.04133311860212429,1.0,ppo,0.32618813018376147,7.891689309090682,nan
3302.0,5.0,48.0,raw,0.3802093595977435,0.5996930593296202,0.04133311860212429,1.0,raw,0.15186707648543413,3.674222551347215,nan
3302.0,5.0,48.0,raw,0.3802093595977435,0.5996930593296202,0.04133311860212429,1.0,ppo,0.1611420078190283,3.898617217108474,nan
3302.0,5.0,49.0,raw,0.3802093595977435,0.4957246811042649,0.04133311860212429,1.0,raw,0.6559785694880285,15.87053171096349,nan
3302.0,5.0,49.0,raw,0.3802093595977435,0.4957246811042649,0.04133311860212429,1.0,ppo,0.6880699272365423,16.646939560983895,nan
3302.0,5.0,50.0,raw,0.3802093595977435,0.5842504701852549,0.04133311860212429,1.0,raw,0.45462013873238194,10.998931464828232,nan
3302.0,5.0,50.0,raw,0.3802093595977435,0.5842504701852549,0.04133311860212429,1.0,ppo,0.4587103765429045,11.097889345308905,nan
3302.0,5.0,51.0,raw,0.3802093595977435,0.6841435123243542,0.04133311860212429,1.0,raw,0.03525900170129222,0.8530447954023992,nan
3302.0,5.0,51.0,raw,0.3802093595977435,0.6841435123243542,0.04133311860212429,1.0,ppo,0.022181114406008007,0.5366426525790392,nan
3302.0,5.0,52.0,raw,0.3802093595977435,0.6547083529538908,0.04133311860212429,1.0,raw,0.0577945425504277,1.3982623258303424,nan
3302.0,5.0,52.0,raw,0.3802093595977435,0.6547083529538908,0.04133311860212429,1.0,ppo,0.02434162124641088,0.5889132509144823,nan
3302.0,5.0,53.0,raw,0.3802093595977435,0.6280449884583998,0.04133311860212429,1.0,raw,0.3130715210480053,7.574350342679325,nan
3302.0,5.0,53.0,raw,0.3802093595977435,0.6280449884583998,0.04133311860212429,1.0,ppo,0.062302656913395905,1.5073301754248445,nan
3302.0,5.0,54.0,raw,0.3802093595977435,0.6153456191036297,0.04133311860212429,1.0,raw,0.10025171699775708,2.425457366592336,nan
3302.0,5.0,54.0,raw,0.3802093595977435,0.6153456191036297,0.04133311860212429,1.0,ppo,0.09257864136742595,2.239817475632432,nan
3302.0,5.0,55.0,raw,0.3802093595977435,0.5792748767426065,0.04133311860212429,1.0,raw,0.03155762282254297,0.7634948411785479,nan
3302.0,5.0,55.0,raw,0.3802093595977435,0.5792748767426065,0.04133311860212429,1.0,ppo,0.01958404975911661,0.47381011695812614,nan
3302.0,5.0,56.0,raw,0.3802093595977435,0.5950887535540075,0.04133311860212429,1.0,raw,0.2581720484762232,6.246130396339235,nan
3302.0,5.0,56.0,raw,0.3802093595977435,0.5950887535540075,0.04133311860212429,1.0,ppo,0.2802874153117021,6.781182373625611,nan
3302.0,5.0,57.0,raw,0.3802093595977435,0.6005941834824753,0.04133311860212429,1.0,raw,0.037097045008568384,0.8975138161160141,nan
3302.0,5.0,57.0,raw,0.3802093595977435,0.6005941834824753,0.04133311860212429,1.0,ppo,0.03956714633521595,0.9572746425473547,nan
3302.0,5.0,58.0,raw,0.3802093595977435,0.5648675952717792,0.04133311860212429,1.0,raw,0.40976827351972583,9.913800056177374,nan
3302.0,5.0,58.0,raw,0.3802093595977435,0.5648675952717792,0.04133311860212429,1.0,ppo,0.42800297206509147,10.354964409656098,nan
3302.0,5.0,59.0,raw,0.3802093595977435,0.5257089009573253,0.04133311860212429,1.0,raw,0.2891069707372078,6.994559823084565,nan
3302.0,5.0,59.0,raw,0.3802093595977435,0.5257089009573253,0.04133311860212429,1.0,ppo,0.2900618621066927,7.017662153655765,nan
3302.0,5.0,60.0,raw,0.3802093595977435,0.12956118413021703,0.04133311860212429,1.0,raw,2.3783719653519757,57.541556160965335,nan
3302.0,5.0,60.0,raw,0.3802093595977435,0.12956118413021703,0.04133311860212429,1.0,ppo,2.4358385775894598,58.93188464768471,nan
3302.0,5.0,61.0,raw,0.3802093595977435,0.7188536455670138,0.04133311860212429,1.0,raw,0.0530272455298202,1.2829238954907918,nan
3302.0,5.0,61.0,raw,0.3802093595977435,0.7188536455670138,0.04133311860212429,1.0,ppo,0.043333161262430336,1.0483883802613252,nan
3302.0,5.0,62.0,raw,0.3802093595977435,0.6396210195270233,0.04133311860212429,1.0,raw,0.33142991899349594,8.018507439128058,nan
3302.0,5.0,62.0,raw,0.3802093595977435,0.6396210195270233,0.04133311860212429,1.0,ppo,0.33576343663894,8.12335115264406,nan
3302.0,5.0,63.0,raw,0.3802093595977435,0.6414163709059643,0.04133311860212429,1.0,raw,0.03424118719796773,0.8284201230392504,nan
3302.0,5.0,63.0,raw,0.3802093595977435,0.6414163709059643,0.04133311860212429,1.0,ppo,0.025099580731882096,0.6072510756687041,nan
3302.0,5.0,64.0,raw,0.3802093595977435,0.6718851012731651,0.04133311860212429,1.0,raw,0.05529873244082302,1.3378795094832494,nan
3302.0,5.0,64.0,raw,0.3802093595977435,0.6718851012731651,0.04133311860212429,1.0,ppo,0.02496662555846433,0.6040344015363308,nan
3302.0,5.0,65.0,raw,0.3802093595977435,0.5764238565776946,0.04133311860212429,1.0,raw,0.4962871811511453,12.007010308814175,nan
3302.0,5.0,65.0,raw,0.3802093595977435,0.5764238565776946,0.04133311860212429,1.0,ppo,0.4545767559289342,10.997881875421118,nan
3302.0,5.0,66.0,raw,0.3802093595977435,0.5531709829434776,0.04133311860212429,1.0,raw,1.1215831537204268,27.135217270123523,nan
3302.0,5.0,66.0,raw,0.3802093595977435,0.5531709829434776,0.04133311860212429,1.0,ppo,1.1637428549499753,28.15521534080822,nan
3302.0,5.0,67.0,raw,0.3802093595977435,0.707134884775189,0.04133311860212429,1.0,raw,0.17487024326232,4.2307536710605875,nan
3302.0,5.0,67.0,raw,0.3802093595977435,0.707134884775189,0.04133311860212429,1.0,ppo,0.15745179730525924,3.8093374666669138,nan
3302.0,5.0,68.0,raw,0.3802093595977435,0.5113352750110673,0.04133311860212429,1.0,raw,0.04606855576540749,1.114567623335342,nan
3302.0,5.0,68.0,raw,0.3802093595977435,0.5113352750110673,0.04133311860212429,1.0,ppo,0.043875582688260265,1.0615115474496353,nan
3302.0,5.0,69.0,raw,0.3802093595977435,0.3946713424772998,0.04133311860212429,1.0,raw,0.1610774099296891,3.897054356827811,nan
3302.0,5.0,69.0,raw,0.3802093595977435,0.3946713424772998,0.04133311860212429,1.0,ppo,0.17055226165485818,4.126285831383958,nan
3302.0,5.0,70.0,raw,0.3802093595977435,0.4183942209412878,0.04133311860212429,1.0,raw,0.9520760382797299,23.034217365606633,nan
3302.0,5.0,70.0,raw,0.3802093595977435,0.4183942209412878,0.04133311860212429,1.0,ppo,0.9720412209754301,23.51724848861205,nan
3302.0,5.0,71.0,raw,0.3802093595977435,0.5436645959962711,0.04133311860212429,1.0,raw,0.2269254556615867,5.490160513799799,nan
3302.0,5.0,71.0,raw,0.3802093595977435,0.5436645959962711,0.04133311860212429,1.0,ppo,0.03534606444143628,0.8551511629615988,nan
3302.0,5.0,72.0,raw,0.3802093595977435,0.644199593108452,0.04133311860212429,1.0,raw,0.31606822216254327,7.64685155274732,nan
3302.0,5.0,72.0,raw,0.3802093595977435,0.644199593108452,0.04133311860212429,1.0,ppo,0.11446160892186631,2.76924686045789,nan
3302.0,5.0,73.0,raw,0.3802093595977435,0.24493734165176992,0.04133311860212429,1.0,raw,2.9962441484046995,72.49015437830306,nan
3302.0,5.0,73.0,raw,0.3802093595977435,0.24493734165176992,0.04133311860212429,1.0,ppo,3.1891681366769187,77.15769447198241,nan
3302.0,5.0,74.0,raw,0.3802093595977435,0.6873103057776021,0.04133311860212429,1.0,raw,0.036375556225566916,0.8800583516506644,nan
3302.0,5.0,74.0,raw,0.3802093595977435,0.6873103057776021,0.04133311860212429,1.0,ppo,0.02073265513274051,0.5015991010094014,nan
3302.0,5.0,75.0,raw,0.3802093595977435,0.33143002801083743,0.04133311860212429,1.0,raw,0.2895034214030587,7.004151421281331,nan
3302.0,5.0,75.0,raw,0.3802093595977435,0.33143002801083743,0.04133311860212429,1.0,ppo,0.2635979266662903,6.377402324845211,nan
3302.0,5.0,76.0,raw,0.3802093595977435,0.4026331967310216,0.04133311860212429,1.0,raw,0.1291564454196654,3.124768945284169,nan
3302.0,5.0,76.0,raw,0.3802093595977435,0.4026331967310216,0.04133311860212429,1.0,ppo,0.14648822603401307,3.544088396622567,nan
3302.0,5.0,77.0,raw,0.3802093595977435,0.7036547864552068,0.04133311860212429,1.0,raw,0.04998458398110617,1.2093107336579545,nan
3302.0,5.0,77.0,raw,0.3802093595977435,0.7036547864552068,0.04133311860212429,1.0,ppo,0.04403929556919655,1.0654723635330332,nan
3302.0,5.0,78.0,raw,0.3802093595977435,0.6550404459813486,0.04133311860212429,1.0,raw,0.1590672897214876,3.8484221636572187,nan
3302.0,5.0,78.0,raw,0.3802093595977435,0.6550404459813486,0.04133311860212429,1.0,ppo,0.16444043507931436,3.9784182912068737,nan
3302.0,5.0,79.0,raw,0.3802093595977435,0.47577922756484536,0.04133311860212429,1.0,raw,0.15807151095712613,3.8243306167805624,nan
3302.0,5.0,79.0,raw,0.3802093595977435,0.47577922756484536,0.04133311860212429,1.0,ppo,0.18435973975142758,4.460339456262382,nan
971.0,6.0,0.0,raw,0.4586380809789186,0.4823695149545092,0.04581526906944126,1.0,raw,0.10076487587973666,2.1993732204651995,0.00865468316742607
971.0,6.0,0.0,raw,0.4586380809789186,0.4823695149545092,0.04581526906944126,1.0,ppo,0.10961958184949729,2.392642978552612,0.008873320309156052
971.0,6.0,1.0,raw,0.4586380809789186,0.5560397874667731,0.04581526906944126,1.0,raw,0.030711266190320177,0.6703281856485824,0.006975672998029092
971.0,6.0,1.0,raw,0.4586380809789186,0.5560397874667731,0.04581526906944126,1.0,ppo,0.03406613588523369,0.7435542031544189,0.006559106343076826
971.0,6.0,2.0,raw,0.4586380809789186,0.5395893072581782,0.04581526906944126,1.0,raw,0.0987796225505338,2.156041524078262,0.008372277871912581
971.0,6.0,2.0,raw,0.4586380809789186,0.5395893072581782,0.04581526906944126,1.0,ppo,0.10027141163050492,2.1886024826903365,0.010857053861657917
971.0,6.0,3.0,raw,0.4586380809789186,0.5067417376488658,0.04581526906944126,1.0,raw,0.022232626907317435,0.48526675405136005,0.006436906698461364
971.0,6.0,3.0,raw,0.4586380809789186,0.5067417376488658,0.04581526906944126,1.0,ppo,0.01403723546580559,0.3063877120208471,0.008309676095582363
971.0,6.0,4.0,raw,0.4586380809789186,0.6894338214760257,0.04581526906944126,1.0,raw,0.03762689506498932,0.8212741260552026,0.0023536282144984155
971.0,6.0,4.0,raw,0.4586380809789186,0.6894338214760257,0.04581526906944126,1.0,ppo,0.023777463848005106,0.5189855768819364,0.0038826810831208425
971.0,6.0,5.0,raw,0.4586380809789186,0.4775205571032037,0.04581526906944126,1.0,raw,0.1483324638445838,3.2376207071873644,0.01695017360038098
971.0,6.0,5.0,raw,0.4586380809789186,0.4775205571032037,0.04581526906944126,1.0,ppo,0.15183491199915414,3.314067887913549,0.018025783472304824
971.0,6.0,6.0,raw,0.4586380809789186,0.4607791369130498,0.04581526906944126,1.0,raw,0.03594413948946509,0.7845449829179286,0.005261133898589676
971.0,6.0,6.0,raw,0.4586380809789186,0.4607791369130498,0.04581526906944126,1.0,ppo,0.03174639141705583,0.6929216407948731,0.007674792046388879
971.0,6.0,7.0,raw,0.4586380809789186,0.43295371770926216,0.04581526906944126,1.0,raw,0.0950869031052265,2.075441332912511,0.011868573593443343
971.0,6.0,7.0,raw,0.4586380809789186,0.43295371770926216,0.04581526906944126,1.0,ppo,0.12608053750640463,2.75193270861963,0.014223122624190565
971.0,6.0,8.0,raw,0.4586380809789186,0.5012630882062448,0.04581526906944126,1.0,raw,0.21273827750110527,4.643392515684286,-0.0027972027661093413
971.0,6.0,8.0,raw,0.4586380809789186,0.5012630882062448,0.04581526906944126,1.0,ppo,0.22431309015810597,4.896033455966815,-0.0017410843615659477
971.0,6.0,9.0,raw,0.4586380809789186,0.47299562109739784,0.04581526906944126,1.0,raw,0.2332311917661979,5.0906869369836985,0.0021050213412541208
971.0,6.0,9.0,raw,0.4586380809789186,0.47299562109739784,0.04581526906944126,1.0,ppo,0.22447530633115062,4.8995741134013215,0.003906961567304135
971.0,6.0,10.0,raw,0.4586380809789186,0.4496011186661713,0.04581526906944126,1.0,raw,0.07612380830123452,1.6615379511545647,-0.00036536053342800523
971.0,6.0,10.0,raw,0.4586380809789186,0.4496011186661713,0.04581526906944126,1.0,ppo,0.02357665155361744,0.5146024902283733,0.002596643533859022
971.0,6.0,11.0,raw,0.4586380809789186,0.4077044661310816,0.04581526906944126,1.0,raw,0.10708167113083378,2.3372485484813437,0.015611691164514996
971.0,6.0,11.0,raw,0.4586380809789186,0.4077044661310816,0.04581526906944126,1.0,ppo,0.11052628867990605,2.412433473049861,0.016465093681569842
971.0,6.0,12.0,raw,0.4586380809789186,0.516618486222907,0.04581526906944126,1.0,raw,0.05646678115313457,1.2324882577367173,0.001913053928686903
971.0,6.0,12.0,raw,0.4586380809789186,0.516618486222907,0.04581526906944126,1.0,ppo,0.041627547603159704,0.9085955064471124,0.00312329066741307
971.0,6.0,13.0,raw,0.4586380809789186,0.5660632109643822,0.04581526906944126,1.0,raw,0.0719423878623478,1.5702709887680941,0.013154710199642261
971.0,6.0,13.0,raw,0.4586380809789186,0.5660632109643822,0.04581526906944126,1.0,ppo,0.06654373255296606,1.452435703304658,0.012763420550137738
971.0,6.0,14.0,raw,0.4586380809789186,0.48819742411219225,0.04581526906944126,1.0,raw,0.09706244039957138,2.1185609595014236,0.005541629633175005
971.0,6.0,14.0,raw,0.4586380809789186,0.48819742411219225,0.04581526906944126,1.0,ppo,0.12012766978772045,2.6220007483890453,0.006075458976429249
971.0,6.0,15.0,raw,0.4586380809789186,0.4360478740852119,0.04581526906944126,1.0,raw,0.02422739581002431,0.5288061448095688,0.007557510766381559
971.0,6.0,15.0,raw,0.4586380809789186,0.4360478740852119,0.04581526906944126,1.0,ppo,0.0217450726083626,0.4746250114869792,0.009301841132332567
971.0,6.0,16.0,raw,0.4586380809789186,0.33579689394424705,0.04581526906944126,1.0,raw,0.07167225059946787,1.5643747609740264,0.013685023365688165
971.0,6.0,16.0,raw,0.4586380809789186,0.33579689394424705,0.04581526906944126,1.0,ppo,0.08879577985819234,1.9381263421940491,0.015051090900292219
971.0,6.0,17.0,raw,0.4586380809789186,0.594042010509402,0.04581526906944126,1.0,raw,0.1284606655969765,2.8038832512861886,-0.000531755334843842
971.0,6.0,17.0,raw,0.4586380809789186,0.594042010509402,0.04581526906944126,1.0,ppo,0.10774679466883666,2.351766056541697,0.0021140802520097646
971.0,6.0,18.0,raw,0.4586380809789186,0.442091903343442,0.04581526906944126,1.0,raw,0.20916520064321675,4.5654037374786425,0.013855703239523232
971.0,6.0,18.0,raw,0.4586380809789186,0.442091903343442,0.04581526906944126,1.0,ppo,0.23093465912953903,5.040561014266142,0.015453672980803024
971.0,6.0,19.0,raw,0.4586380809789186,0.44315539692402195,0.04581526906944126,1.0,raw,0.07301974115285209,1.5937861467577017,0.004437403730539857
971.0,6.0,19.0,raw,0.4586380809789186,0.44315539692402195,0.04581526906944126,1.0,ppo,0.07016660082805559,1.5315112680382936,0.0057446438573774405
971.0,6.0,20.0,raw,0.4586380809789186,0.6162572429983244,0.04581526906944126,1.0,raw,0.08489435489390854,1.852970780663449,nan
971.0,6.0,20.0,raw,0.4586380809789186,0.6162572429983244,0.04581526906944126,1.0,ppo,0.08230418878050108,1.7964357833576035,nan
971.0,6.0,21.0,raw,0.4586380809789186,0.4628171793089555,0.04581526906944126,1.0,raw,0.04395767110737217,0.9594546097884187,nan
971.0,6.0,21.0,raw,0.4586380809789186,0.4628171793089555,0.04581526906944126,1.0,ppo,0.028028085860037626,0.6117629870852889,nan
971.0,6.0,22.0,raw,0.4586380809789186,0.6411934973358966,0.04581526906944126,1.0,raw,0.08011462005372985,1.7486445388392629,nan
971.0,6.0,22.0,raw,0.4586380809789186,0.6411934973358966,0.04581526906944126,1.0,ppo,0.07893428041896103,1.722881520117714,nan
971.0,6.0,23.0,raw,0.4586380809789186,0.5645199783947659,0.04581526906944126,1.0,raw,0.023534057771570846,0.5136728049310539,nan
971.0,6.0,23.0,raw,0.4586380809789186,0.5645199783947659,0.04581526906944126,1.0,ppo,0.018971566489754683,0.4140882914165553,nan
971.0,6.0,24.0,raw,0.4586380809789186,0.5817218448674585,0.04581526906944126,1.0,raw,0.08345986630648794,1.8216605075480303,nan
971.0,6.0,24.0,raw,0.4586380809789186,0.5817218448674585,0.04581526906944126,1.0,ppo,0.08614517072845443,1.8802720682025456,nan
971.0,6.0,25.0,raw,0.4586380809789186,0.4500231762566212,0.04581526906944126,1.0,raw,0.049089210621678356,1.071459616384111,nan
971.0,6.0,25.0,raw,0.4586380809789186,0.4500231762566212,0.04581526906944126,1.0,ppo,0.03519465044762887,0.768186047194988,nan
971.0,6.0,26.0,raw,0.4586380809789186,0.5659817628309575,0.04581526906944126,1.0,raw,0.36415983571884947,7.94843821973194,nan
971.0,6.0,26.0,raw,0.4586380809789186,0.5659817628309575,0.04581526906944126,1.0,ppo,0.42708649640164953,9.321924875183496,nan
971.0,6.0,27.0,raw,0.4586380809789186,0.7590268973089129,0.04581526906944126,1.0,raw,0.08312234346106534,1.8142934691724395,nan
971.0,6.0,27.0,raw,0.4586380809789186,0.7590268973089129,0.04581526906944126,1.0,ppo,0.05575061440766811,1.216856640592202,nan
971.0,6.0,28.0,raw,0.4586380809789186,0.4887759916245104,0.04581526906944126,1.0,raw,0.05242072032937151,1.1441757604854075,nan
971.0,6.0,28.0,raw,0.4586380809789186,0.4887759916245104,0.04581526906944126,1.0,ppo,0.05522074055674089,1.2052911982912062,nan
971.0,6.0,29.0,raw,0.4586380809789186,0.5392703038257425,0.04581526906944126,1.0,raw,0.013212676036579087,0.2883902311378529,nan
971.0,6.0,29.0,raw,0.4586380809789186,0.5392703038257425,0.04581526906944126,1.0,ppo,0.011314637990222604,0.24696216392559522,nan
971.0,6.0,30.0,raw,0.4586380809789186,0.674350731903391,0.04581526906944126,1.0,raw,0.05568097963540306,1.2153367374315438,nan
971.0,6.0,30.0,raw,0.4586380809789186,0.674350731903391,0.04581526906944126,1.0,ppo,0.07727468505832348,1.6866578899973246,nan
971.0,6.0,31.0,raw,0.4586380809789186,0.5694329793967993,0.04581526906944126,1.0,raw,0.06530782364821876,1.425459786108274,nan
971.0,6.0,31.0,raw,0.4586380809789186,0.5694329793967993,0.04581526906944126,1.0,ppo,0.0728508558454301,1.590099923565036,nan
971.0,6.0,32.0,raw,0.4586380809789186,0.48848417779037684,0.04581526906944126,1.0,raw,0.020858555987956683,0.4552752043503619,nan
971.0,6.0,32.0,raw,0.4586380809789186,0.48848417779037684,0.04581526906944126,1.0,ppo,0.014626142116241216,0.31924165050897496,nan
971.0,6.0,33.0,raw,0.4586380809789186,0.43280171520570293,0.04581526906944126,1.0,raw,0.7299419761346999,15.93228613430911,nan
971.0,6.0,33.0,raw,0.4586380809789186,0.43280171520570293,0.04581526906944126,1.0,ppo,0.764564910370698,16.687993455017423,nan
971.0,6.0,34.0,raw,0.4586380809789186,0.6682642929666089,0.04581526906944126,1.0,raw,0.07489794932502382,1.634781391581539,nan
971.0,6.0,34.0,raw,0.4586380809789186,0.6682642929666089,0.04581526906944126,1.0,ppo,0.046109490754263,1.0064219132790817,nan
971.0,6.0,35.0,raw,0.4586380809789186,0.5857873208994953,0.04581526906944126,1.0,raw,0.0313416778954327,0.6840880460164659,nan
971.0,6.0,35.0,raw,0.4586380809789186,0.5857873208994953,0.04581526906944126,1.0,ppo,0.0346930271662788,0.7572372239852022,nan
971.0,6.0,36.0,raw,0.4586380809789186,0.6996377255811415,0.04581526906944126,1.0,raw,0.0640268179132242,1.3974995501211633,nan
971.0,6.0,36.0,raw,0.4586380809789186,0.6996377255811415,0.04581526906944126,1.0,ppo,0.057034376015892424,1.24487702843012,nan
971.0,6.0,37.0,raw,0.4586380809789186,0.6433513122857687,0.04581526906944126,1.0,raw,0.046674440121297824,1.0187529413077185,nan
971.0,6.0,37.0,raw,0.4586380809789186,0.6433513122857687,0.04581526906944126,1.0,ppo,0.027654200889877453,0.603602280452889,nan
971.0,6.0,38.0,raw,0.4586380809789186,0.42572991882308936,0.04581526906944126,1.0,raw,0.01912865246882819,0.417516973213347,nan
971.0,6.0,38.0,raw,0.4586380809789186,0.42572991882308936,0.04581526906944126,1.0,ppo,0.01881465987646181,0.41066352459798544,nan
971.0,6.0,39.0,raw,0.4586380809789186,0.45703022442198493,0.04581526906944126,1.0,raw,0.06840869274713743,1.4931417873690054,nan
971.0,6.0,39.0,raw,0.4586380809789186,0.45703022442198493,0.04581526906944126,1.0,ppo,0.0227974960733447,0.49759603154989673,nan
971.0,6.0,40.0,raw,0.4586380809789186,0.47747260925081525,0.04581526906944126,1.0,raw,0.022438933715045746,0.4897697682629675,nan
971.0,6.0,40.0,raw,0.4586380809789186,0.47747260925081525,0.04581526906944126,1.0,ppo,0.022880579929973943,0.4994094849752889,nan
971.0,6.0,41.0,raw,0.4586380809789186,0.5126718039079547,0.04581526906944126,1.0,raw,0.03438560012194042,0.750527080171086,nan
971.0,6.0,41.0,raw,0.4586380809789186,0.5126718039079547,0.04581526906944126,1.0,ppo,0.013325918085701672,0.29086194092855494,nan
971.0,6.0,42.0,raw,0.4586380809789186,0.35782931747460933,0.04581526906944126,1.0,raw,0.09755893700005062,2.1293978837531777,nan
971.0,6.0,42.0,raw,0.4586380809789186,0.35782931747460933,0.04581526906944126,1.0,ppo,0.12081080152677592,2.6369113175711245,nan
971.0,6.0,43.0,raw,0.4586380809789186,0.48470709844373383,0.04581526906944126,1.0,raw,0.14999017402008463,3.273803189778229,nan
971.0,6.0,43.0,raw,0.4586380809789186,0.48470709844373383,0.04581526906944126,1.0,ppo,0.14951585500057518,3.2634503308047167,nan
971.0,6.0,44.0,raw,0.4586380809789186,0.48285157714625704,0.04581526906944126,1.0,raw,0.019328634558591837,0.4218819391695774,nan
971.0,6.0,44.0,raw,0.4586380809789186,0.48285157714625704,0.04581526906944126,1.0,ppo,0.015597098255014047,0.3404345008074458,nan
971.0,6.0,45.0,raw,0.4586380809789186,0.5369228650647385,0.04581526906944126,1.0,raw,0.06324998338776242,1.380543750422937,nan
971.0,6.0,45.0,raw,0.4586380809789186,0.5369228650647385,0.04581526906944126,1.0,ppo,0.010727246587172078,0.23414129841544773,nan
971.0,6.0,46.0,raw,0.4586380809789186,0.5948171782762952,0.04581526906944126,1.0,raw,0.02442668187616921,0.5331559188083386,nan
971.0,6.0,46.0,raw,0.4586380809789186,0.5948171782762952,0.04581526906944126,1.0,ppo,0.021234468812941484,0.46348017253280427,nan
971.0,6.0,47.0,raw,0.4586380809789186,0.5909281903674464,0.04581526906944126,1.0,raw,0.13458676753002335,2.937596357363589,nan
971.0,6.0,47.0,raw,0.4586380809789186,0.5909281903674464,0.04581526906944126,1.0,ppo,0.0776255528912898,1.694316206538793,nan
971.0,6.0,48.0,raw,0.4586380809789186,0.46412513505004277,0.04581526906944126,1.0,raw,0.02443566808601931,0.5333520588732694,nan
971.0,6.0,48.0,raw,0.4586380809789186,0.46412513505004277,0.04581526906944126,1.0,ppo,0.015597353880164535,0.34044008028249156,nan
971.0,6.0,49.0,raw,0.4586380809789186,0.47193794941779643,0.04581526906944126,1.0,raw,0.04514563264649293,0.9853839901729404,nan
971.0,6.0,49.0,raw,0.4586380809789186,0.47193794941779643,0.04581526906944126,1.0,ppo,0.02275127242841034,0.49658711801794087,nan
971.0,6.0,50.0,raw,0.4586380809789186,0.5913707033399312,0.04581526906944126,1.0,raw,0.03128132586838735,0.6827707553343163,nan
971.0,6.0,50.0,raw,0.4586380809789186,0.5913707033399312,0.04581526906944126,1.0,ppo,0.025096359338376912,0.5477728243904642,nan
971.0,6.0,51.0,raw,0.4586380809789186,0.4813047387751426,0.04581526906944126,1.0,raw,0.05701217758760149,1.2443925081218952,nan
971.0,6.0,51.0,raw,0.4586380809789186,0.4813047387751426,0.04581526906944126,1.0,ppo,0.05275867823634325,1.15155229485563,nan
971.0,6.0,52.0,raw,0.4586380809789186,0.4995302619198206,0.04581526906944126,1.0,raw,0.07196646040164154,1.5707964148931104,nan
971.0,6.0,52.0,raw,0.4586380809789186,0.4995302619198206,0.04581526906944126,1.0,ppo,0.08705136881917247,1.9000514585482517,nan
971.0,6.0,53.0,raw,0.4586380809789186,0.41062152636266175,0.04581526906944126,1.0,raw,0.20525841873937778,4.4801312511833515,nan
971.0,6.0,53.0,raw,0.4586380809789186,0.41062152636266175,0.04581526906944126,1.0,ppo,0.18502343097422033,4.038466535987907,nan
971.0,6.0,54.0,raw,0.4586380809789186,0.47466090436650243,0.04581526906944126,1.0,raw,0.08977558495795675,1.9595123368562073,nan
971.0,6.0,54.0,raw,0.4586380809789186,0.47466090436650243,0.04581526906944126,1.0,ppo,0.03815284945922372,0.8327540192200166,nan
971.0,6.0,55.0,raw,0.4586380809789186,0.6497601301620309,0.04581526906944126,1.0,raw,0.031700175660279425,0.6919128994360401,nan
971.0,6.0,55.0,raw,0.4586380809789186,0.6497601301620309,0.04581526906944126,1.0,ppo,0.03321867921957811,0.7250569492286347,nan
971.0,6.0,56.0,raw,0.4586380809789186,0.43749452328928906,0.04581526906944126,1.0,raw,0.024695214360928884,0.5390171194563729,nan
971.0,6.0,56.0,raw,0.4586380809789186,0.43749452328928906,0.04581526906944126,1.0,ppo,0.025830049614517375,0.5637869238608487,nan
971.0,6.0,57.0,raw,0.4586380809789186,0.5025262505239005,0.04581526906944126,1.0,raw,0.0625539434445014,1.3653514366507304,nan
971.0,6.0,57.0,raw,0.4586380809789186,0.5025262505239005,0.04581526906944126,1.0,ppo,0.04471399196107045,0.975962661995903,nan
971.0,6.0,58.0,raw,0.4586380809789186,0.44973208600915504,0.04581526906944126,1.0,raw,0.12426436167161575,2.712291430249396,nan
971.0,6.0,58.0,raw,0.4586380809789186,0.44973208600915504,0.04581526906944126,1.0,ppo,0.11308817181252223,2.4683511438319137,nan
971.0,6.0,59.0,raw,0.4586380809789186,0.37471102750693325,0.04581526906944126,1.0,raw,0.046497592224615206,1.0148929203960315,nan
971.0,6.0,59.0,raw,0.4586380809789186,0.37471102750693325,0.04581526906944126,1.0,ppo,0.04493561714704548,0.98080002714679,nan
971.0,6.0,60.0,raw,0.4586380809789186,0.5377922838129329,0.04581526906944126,1.0,raw,0.03255819995815075,0.7106408107917681,nan
971.0,6.0,60.0,raw,0.4586380809789186,0.5377922838129329,0.04581526906944126,1.0,ppo,0.02161011230719457,0.47167926209143435,nan
971.0,6.0,61.0,raw,0.4586380809789186,0.5168125029696986,0.04581526906944126,1.0,raw,0.06033467203227603,1.3169118780210154,nan
971.0,6.0,61.0,raw,0.4586380809789186,0.5168125029696986,0.04581526906944126,1.0,ppo,0.044483599035480076,0.9709339252827961,nan
971.0,6.0,62.0,raw,0.4586380809789186,0.6107394598144905,0.04581526906944126,1.0,raw,0.025119548839805345,0.5482789766383815,nan
971.0,6.0,62.0,raw,0.4586380809789186,0.6107394598144905,0.04581526906944126,1.0,ppo,0.01991358749823401,0.43464958086465444,nan
971.0,6.0,63.0,raw,0.4586380809789186,0.4032093546499284,0.04581526906944126,1.0,raw,0.3512872411848068,7.667470874226844,nan
971.0,6.0,63.0,raw,0.4586380809789186,0.4032093546499284,0.04581526906944126,1.0,ppo,0.39539757709235107,8.6302576656934,nan
971.0,6.0,64.0,raw,0.4586380809789186,0.5987443511929021,0.04581526906944126,1.0,raw,0.02293982626156379,0.5007026418811242,nan
971.0,6.0,64.0,raw,0.4586380809789186,0.5987443511929021,0.04581526906944126,1.0,ppo,0.02220302499682547,0.48462063953335743,nan
971.0,6.0,65.0,raw,0.4586380809789186,0.54106377750351,0.04581526906944126,1.0,raw,0.04973701716038574,1.085599150034465,nan
971.0,6.0,65.0,raw,0.4586380809789186,0.54106377750351,0.04581526906944126,1.0,ppo,0.05074459042440091,1.107591234430783,nan
971.0,6.0,66.0,raw,0.4586380809789186,0.5805666671005416,0.04581526906944126,1.0,raw,0.037892705819599234,0.8270759200860753,nan
971.0,6.0,66.0,raw,0.4586380809789186,0.5805666671005416,0.04581526906944126,1.0,ppo,0.030323608353548033,0.6618668616261353,nan
971.0,6.0,67.0,raw,0.4586380809789186,0.29573122508560856,0.04581526906944126,1.0,raw,0.06864840279494826,1.4983738869000047,nan
971.0,6.0,67.0,raw,0.4586380809789186,0.29573122508560856,0.04581526906944126,1.0,ppo,0.08868909903610162,1.9357978428911413,nan
971.0,6.0,68.0,raw,0.4586380809789186,0.6126683480581429,0.04581526906944126,1.0,raw,0.2620561518912747,5.719843126842311,nan
971.0,6.0,68.0,raw,0.4586380809789186,0.6126683480581429,0.04581526906944126,1.0,ppo,0.2621064975834056,5.720942011409694,nan
971.0,6.0,69.0,raw,0.4586380809789186,0.4331530248029024,0.04581526906944126,1.0,raw,0.3287985219684062,7.176614448559782,nan
971.0,6.0,69.0,raw,0.4586380809789186,0.4331530248029024,0.04581526906944126,1.0,ppo,0.44539983883287554,9.721646251990624,nan
971.0,6.0,70.0,raw,0.4586380809789186,0.5416840928778794,0.04581526906944126,1.0,raw,0.0408595767433775,0.8918331720686281,nan
971.0,6.0,70.0,raw,0.4586380809789186,0.5416840928778794,0.04581526906944126,1.0,ppo,0.059201892194003077,1.292186936723475,nan
971.0,6.0,71.0,raw,0.4586380809789186,0.3637234554680332,0.04581526906944126,1.0,raw,0.05557610643232203,1.21304769263903,nan
971.0,6.0,71.0,raw,0.4586380809789186,0.3637234554680332,0.04581526906944126,1.0,ppo,0.08020639687863244,1.7506477318089142,nan
971.0,6.0,72.0,raw,0.4586380809789186,0.487646925528724,0.04581526906944126,1.0,raw,0.0728505245526167,1.5900926925082262,nan
971.0,6.0,72.0,raw,0.4586380809789186,0.487646925528724,0.04581526906944126,1.0,ppo,0.049940629351435964,1.0900433494288113,nan
971.0,6.0,73.0,raw,0.4586380809789186,0.6100178649910519,0.04581526906944126,1.0,raw,0.03293841507854067,0.7189396842484238,nan
971.0,6.0,73.0,raw,0.4586380809789186,0.6100178649910519,0.04581526906944126,1.0,ppo,0.02379790479936126,0.5194317371200258,nan
971.0,6.0,74.0,raw,0.4586380809789186,0.333116119111097,0.04581526906944126,1.0,raw,0.04556536814093365,0.9945454663132319,nan
971.0,6.0,74.0,raw,0.4586380809789186,0.333116119111097,0.04581526906944126,1.0,ppo,0.05071670039721012,1.1069824848205052,nan
971.0,6.0,75.0,raw,0.4586380809789186,0.3550393144162634,0.04581526906944126,1.0,raw,0.043027562897124505,0.9391533384188689,nan
971.0,6.0,75.0,raw,0.4586380809789186,0.3550393144162634,0.04581526906944126,1.0,ppo,0.02105220623135597,0.45950196646117203,nan
971.0,6.0,76.0,raw,0.4586380809789186,0.4598257936953278,0.04581526906944126,1.0,raw,0.020531837992031156,0.4481440010951692,nan
971.0,6.0,76.0,raw,0.4586380809789186,0.4598257936953278,0.04581526906944126,1.0,ppo,0.019371568912403887,0.42281905805339265,nan
971.0,6.0,77.0,raw,0.4586380809789186,0.5647035433547157,0.04581526906944126,1.0,raw,0.05287404422771172,1.1540703634758016,nan
971.0,6.0,77.0,raw,0.4586380809789186,0.5647035433547157,0.04581526906944126,1.0,ppo,0.030603169795335686,0.6679687889413264,nan
971.0,6.0,78.0,raw,0.4586380809789186,0.5484539970399337,0.04581526906944126,1.0,raw,0.0549044466510047,1.1983875194050952,nan
971.0,6.0,78.0,raw,0.4586380809789186,0.5484539970399337,0.04581526906944126,1.0,ppo,0.03528782149803451,0.7702196716240931,nan
971.0,6.0,79.0,raw,0.4586380809789186,0.4304257856399401,0.04581526906944126,1.0,raw,0.06997558754778205,1.527342062353088,nan
971.0,6.0,79.0,raw,0.4586380809789186,0.4304257856399401,0.04581526906944126,1.0,ppo,0.07098396031487372,1.5493515973306804,nan
1557.0,7.0,0.0,raw,0.5175616558446103,0.6961499716794689,0.04982853095365407,1.0,raw,0.028664018126513213,0.5752531246240001,0.006702485084267074
1557.0,7.0,0.0,raw,0.5175616558446103,0.6961499716794689,0.04982853095365407,1.0,ppo,0.019213030520700735,0.3855829211294817,0.006853180414719495
1557.0,7.0,1.0,raw,0.5175616558446103,0.7232885856535481,0.04982853095365407,1.0,raw,0.03835365489095046,0.769712735995037,0.002567756926360909
1557.0,7.0,1.0,raw,0.5175616558446103,0.7232885856535481,0.04982853095365407,1.0,ppo,0.03644754391305466,0.7314593309394335,0.0024894169503192343
1557.0,7.0,2.0,raw,0.5175616558446103,0.21879796393741757,0.04982853095365407,1.0,raw,4.29480801034798,86.1917445317145,0.048493889829627435
1557.0,7.0,2.0,raw,0.5175616558446103,0.21879796393741757,0.04982853095365407,1.0,ppo,4.184585464644902,83.97970770073515,0.04588585964139613
1557.0,7.0,3.0,raw,0.5175616558446103,0.6099945990418861,0.04982853095365407,1.0,raw,0.07748863282294366,1.5551057063074263,0.0006641938870879383
1557.0,7.0,3.0,raw,0.5175616558446103,0.6099945990418861,0.04982853095365407,1.0,ppo,0.06224565745096246,1.2491971218027211,0.0006995568276504383
1557.0,7.0,4.0,raw,0.5175616558446103,0.6250951919107994,0.04982853095365407,1.0,raw,0.08406660412355313,1.68711785225505,0.0010417431956166734
1557.0,7.0,4.0,raw,0.5175616558446103,0.6250951919107994,0.04982853095365407,1.0,ppo,0.07642938499503017,1.5338478484568967,0.00016328216165761855
1557.0,7.0,5.0,raw,0.5175616558446103,0.7189534223658581,0.04982853095365407,1.0,raw,0.04960612693034258,0.9955366128791084,0.004655527062803144
1557.0,7.0,5.0,raw,0.5175616558446103,0.7189534223658581,0.04982853095365407,1.0,ppo,0.049142815599451585,0.9862384994885707,0.002844478580346199
1557.0,7.0,6.0,raw,0.5175616558446103,0.5973969482193139,0.04982853095365407,1.0,raw,0.1724642640267211,3.4611548991306114,0.012397446944856894
1557.0,7.0,6.0,raw,0.5175616558446103,0.5973969482193139,0.04982853095365407,1.0,ppo,0.17130717508959387,3.4379334853144297,0.013155116448321458
1557.0,7.0,7.0,raw,0.5175616558446103,0.6209934393378435,0.04982853095365407,1.0,raw,0.08988093005097775,1.803804533883946,0.006762007288642624
1557.0,7.0,7.0,raw,0.5175616558446103,0.6209934393378435,0.04982853095365407,1.0,ppo,0.08536682699992873,1.713211795855052,0.0033599583896425367
1557.0,7.0,8.0,raw,0.5175616558446103,0.6178575953288544,0.04982853095365407,1.0,raw,0.03519681302331673,0.7063586332909068,0.0035522517996509073
1557.0,7.0,8.0,raw,0.5175616558446103,0.6178575953288544,0.04982853095365407,1.0,ppo,0.01993155792367662,0.400002920861045,0.004549517813587922
1557.0,7.0,9.0,raw,0.5175616558446103,0.5763636069368415,0.04982853095365407,1.0,raw,0.1828986026247417,3.670559800264977,0.0063038757296228765
1557.0,7.0,9.0,raw,0.5175616558446103,0.5763636069368415,0.04982853095365407,1.0,ppo,0.045749394106057786,0.9181365219980031,0.0010725597549687826
1557.0,7.0,10.0,raw,0.5175616558446103,0.6793801759096507,0.04982853095365407,1.0,raw,0.025590764184036087,0.5135765332483566,0.0050249370715139685
1557.0,7.0,10.0,raw,0.5175616558446103,0.6793801759096507,0.04982853095365407,1.0,ppo,0.02882818715148707,0.5785478038335188,0.0024861784402989695
1557.0,7.0,11.0,raw,0.5175616558446103,0.5734757307973641,0.04982853095365407,1.0,raw,0.081060539371467,1.6267896688919463,0.010385028461199153
1557.0,7.0,11.0,raw,0.5175616558446103,0.5734757307973641,0.04982853095365407,1.0,ppo,0.02797772520773492,0.5614800330709576,0.006191797262222187
1557.0,7.0,12.0,raw,0.5175616558446103,0.7278016699098943,0.04982853095365407,1.0,raw,0.041252208411842475,0.8278832954198769,0.002321295852393046
1557.0,7.0,12.0,raw,0.5175616558446103,0.7278016699098943,0.04982853095365407,1.0,ppo,0.0384503684029564,0.7716536624111879,0.0017697749091494241
1557.0,7.0,13.0,raw,0.5175616558446103,0.554922084690199,0.04982853095365407,1.0,raw,0.11626994526107232,2.3334010261955336,0.007668898267762958
1557.0,7.0,13.0,raw,0.5175616558446103,0.554922084690199,0.04982853095365407,1.0,ppo,0.025671780784082474,0.5152024411066827,0.002999372713132775
1557.0,7.0,14.0,raw,0.5175616558446103,0.6283895958893715,0.04982853095365407,1.0,raw,0.02627058521309654,0.5272197415880278,0.005557842216812325
1557.0,7.0,14.0,raw,0.5175616558446103,0.6283895958893715,0.04982853095365407,1.0,ppo,0.022005875281255704,0.4416320300858067,0.006141238585721132
1557.0,7.0,15.0,raw,0.5175616558446103,0.5747398264531717,0.04982853095365407,1.0,raw,0.20069803074806777,4.027773384183023,0.004303291792534081
1557.0,7.0,15.0,raw,0.5175616558446103,0.5747398264531717,0.04982853095365407,1.0,ppo,0.21083331829505542,4.231176682514547,0.004459079151945766
1557.0,7.0,16.0,raw,0.5175616558446103,0.6236188831209278,0.04982853095365407,1.0,raw,0.08223082984952651,1.6502760221048878,0.008746382411621845
1557.0,7.0,16.0,raw,0.5175616558446103,0.6236188831209278,0.04982853095365407,1.0,ppo,0.03465822729507211,0.6955498512951951,0.005193086801040692
1557.0,7.0,17.0,raw,0.5175616558446103,0.6750532976067982,0.04982853095365407,1.0,raw,0.07695574406872469,1.5444112558787226,0.005687150099109917
1557.0,7.0,17.0,raw,0.5175616558446103,0.6750532976067982,0.04982853095365407,1.0,ppo,0.04708136842712039,0.9448676797417762,0.00550135941631158
1557.0,7.0,18.0,raw,0.5175616558446103,0.65371184877639,0.04982853095365407,1.0,raw,0.1504582233427471,3.0195195496068217,0.005589892759345849
1557.0,7.0,18.0,raw,0.5175616558446103,0.65371184877639,0.04982853095365407,1.0,ppo,0.16652582450462455,3.3419774036587917,0.005718722763133788
1557.0,7.0,19.0,raw,0.5175616558446103,0.6118880685706285,0.04982853095365407,1.0,raw,0.14800411279146197,2.9702684377575133,0.002205920786422899
1557.0,7.0,19.0,raw,0.5175616558446103,0.6118880685706285,0.04982853095365407,1.0,ppo,0.21583411347609055,4.331536759067604,-0.0010207654910412423
1557.0,7.0,20.0,raw,0.5175616558446103,0.6008024278210985,0.04982853095365407,1.0,raw,0.1892093380034025,3.7972088356244678,nan
1557.0,7.0,20.0,raw,0.5175616558446103,0.6008024278210985,0.04982853095365407,1.0,ppo,0.1838086963082028,3.688824309895164,nan
1557.0,7.0,21.0,raw,0.5175616558446103,0.6327509950889985,0.04982853095365407,1.0,raw,0.09187366198444405,1.8437963196205103,nan
1557.0,7.0,21.0,raw,0.5175616558446103,0.6327509950889985,0.04982853095365407,1.0,ppo,0.10102624517430336,2.027477897517563,nan
1557.0,7.0,22.0,raw,0.5175616558446103,0.5367579426856077,0.04982853095365407,1.0,raw,0.1341395134298093,2.6920222383151042,nan
1557.0,7.0,22.0,raw,0.5175616558446103,0.5367579426856077,0.04982853095365407,1.0,ppo,0.19471522908158406,3.90770559265916,nan
1557.0,7.0,23.0,raw,0.5175616558446103,0.7274866583472148,0.04982853095365407,1.0,raw,0.027236735158283586,0.546609234448768,nan
1557.0,7.0,23.0,raw,0.5175616558446103,0.7274866583472148,0.04982853095365407,1.0,ppo,0.02451142664167815,0.49191549846164306,nan
1557.0,7.0,24.0,raw,0.5175616558446103,0.6377809953321709,0.04982853095365407,1.0,raw,0.05331091492597706,1.0698873497908654,nan
1557.0,7.0,24.0,raw,0.5175616558446103,0.6377809953321709,0.04982853095365407,1.0,ppo,0.034741510404051185,0.6972212453215719,nan
1557.0,7.0,25.0,raw,0.5175616558446103,0.5468537513636215,0.04982853095365407,1.0,raw,0.23531644469074453,4.722524228330438,nan
1557.0,7.0,25.0,raw,0.5175616558446103,0.5468537513636215,0.04982853095365407,1.0,ppo,0.22866974076225832,4.589132699395572,nan
1557.0,7.0,26.0,raw,0.5175616558446103,0.5580447439193496,0.04982853095365407,1.0,raw,0.13275820970526492,2.664301097472539,nan
1557.0,7.0,26.0,raw,0.5175616558446103,0.5580447439193496,0.04982853095365407,1.0,ppo,0.13322393717326886,2.673647699892689,nan
1557.0,7.0,27.0,raw,0.5175616558446103,0.6578947270704905,0.04982853095365407,1.0,raw,0.09227171728528752,1.8517848212525112,nan
1557.0,7.0,27.0,raw,0.5175616558446103,0.6578947270704905,0.04982853095365407,1.0,ppo,0.03371066021110698,0.6765332945990631,nan
1557.0,7.0,28.0,raw,0.5175616558446103,0.7782630824170116,0.04982853095365407,1.0,raw,0.040910397161089816,0.8210235457100054,nan
1557.0,7.0,28.0,raw,0.5175616558446103,0.7782630824170116,0.04982853095365407,1.0,ppo,0.02859261023319558,0.5738200522064317,nan
1557.0,7.0,29.0,raw,0.5175616558446103,0.4161546635992842,0.04982853095365407,1.0,raw,1.473026430933801,29.561907660971887,nan
1557.0,7.0,29.0,raw,0.5175616558446103,0.4161546635992842,0.04982853095365407,1.0,ppo,1.6515934821776617,33.14553832048195,nan
1557.0,7.0,30.0,raw,0.5175616558446103,0.3345553051938513,0.04982853095365407,1.0,raw,0.8706796317490495,17.473515977400094,nan
1557.0,7.0,30.0,raw,0.5175616558446103,0.3345553051938513,0.04982853095365407,1.0,ppo,0.8288165365449474,16.633372902681728,nan
1557.0,7.0,31.0,raw,0.5175616558446103,0.5493994211931625,0.04982853095365407,1.0,raw,0.9248576916964993,18.560805907698086,nan
1557.0,7.0,31.0,raw,0.5175616558446103,0.5493994211931625,0.04982853095365407,1.0,ppo,1.0084673983289967,20.238754364783112,nan
1557.0,7.0,32.0,raw,0.5175616558446103,0.6358540761942091,0.04982853095365407,1.0,raw,0.07353093385043782,1.4756793436039597,nan
1557.0,7.0,32.0,raw,0.5175616558446103,0.6358540761942091,0.04982853095365407,1.0,ppo,0.06518512873210228,1.3081888525417598,nan
1557.0,7.0,33.0,raw,0.5175616558446103,0.600809701214446,0.04982853095365407,1.0,raw,0.054904956381010936,1.1018778866284156,nan
1557.0,7.0,33.0,raw,0.5175616558446103,0.600809701214446,0.04982853095365407,1.0,ppo,0.05065924747006753,1.0166715032635845,nan
1557.0,7.0,34.0,raw,0.5175616558446103,0.7117058695822706,0.04982853095365407,1.0,raw,0.1767256865034982,3.546676635276931,nan
1557.0,7.0,34.0,raw,0.5175616558446103,0.7117058695822706,0.04982853095365407,1.0,ppo,0.07456301885900649,1.496392075623465,nan
1557.0,7.0,35.0,raw,0.5175616558446103,0.4867977826657819,0.04982853095365407,1.0,raw,0.4631263214475459,9.294400468645234,nan
1557.0,7.0,35.0,raw,0.5175616558446103,0.4867977826657819,0.04982853095365407,1.0,ppo,0.4653481150197836,9.338989252013224,nan
1557.0,7.0,36.0,raw,0.5175616558446103,0.48861127676109894,0.04982853095365407,1.0,raw,0.15994085031273084,3.209824717921007,nan
1557.0,7.0,36.0,raw,0.5175616558446103,0.48861127676109894,0.04982853095365407,1.0,ppo,0.13375173669328283,2.6842400153776644,nan
1557.0,7.0,37.0,raw,0.5175616558446103,0.6994283075840412,0.04982853095365407,1.0,raw,0.0290827230328126,0.5836560395461524,nan
1557.0,7.0,37.0,raw,0.5175616558446103,0.6994283075840412,0.04982853095365407,1.0,ppo,0.02452435993636789,0.4921750544718687,nan
1557.0,7.0,38.0,raw,0.5175616558446103,0.7272948761628835,0.04982853095365407,1.0,raw,0.03578136949648767,0.7180899940591912,nan
1557.0,7.0,38.0,raw,0.5175616558446103,0.7272948761628835,0.04982853095365407,1.0,ppo,0.027116160313424655,0.5441894391517507,nan
1557.0,7.0,39.0,raw,0.5175616558446103,0.663109533376945,0.04982853095365407,1.0,raw,0.07842614203601213,1.573920413366329,nan
1557.0,7.0,39.0,raw,0.5175616558446103,0.663109533376945,0.04982853095365407,1.0,ppo,0.06261836361909372,1.2566768961608676,nan
1557.0,7.0,40.0,raw,0.5175616558446103,0.5640840331302394,0.04982853095365407,1.0,raw,0.22300147339679283,4.475377241287895,nan
1557.0,7.0,40.0,raw,0.5175616558446103,0.5640840331302394,0.04982853095365407,1.0,ppo,0.24704852016390963,4.957973181944527,nan
1557.0,7.0,41.0,raw,0.5175616558446103,0.5106009422790233,0.04982853095365407,1.0,raw,0.08545368750531576,1.7149549840190341,nan
1557.0,7.0,41.0,raw,0.5175616558446103,0.5106009422790233,0.04982853095365407,1.0,ppo,0.09105746537915996,1.8274162138926646,nan
1557.0,7.0,42.0,raw,0.5175616558446103,0.47776374286835693,0.04982853095365407,1.0,raw,0.2822042481779098,5.66350728742917,nan
1557.0,7.0,42.0,raw,0.5175616558446103,0.47776374286835693,0.04982853095365407,1.0,ppo,0.07294476853579099,1.4639156952798293,nan
1557.0,7.0,43.0,raw,0.5175616558446103,0.48664251791493296,0.04982853095365407,1.0,raw,0.1295552550939979,2.600021566248829,nan
1557.0,7.0,43.0,raw,0.5175616558446103,0.48664251791493296,0.04982853095365407,1.0,ppo,0.07554892969298492,1.5161781462763493,nan
1557.0,7.0,44.0,raw,0.5175616558446103,0.3359636568669059,0.04982853095365407,1.0,raw,1.3016288693009614,26.12216022406154,nan
1557.0,7.0,44.0,raw,0.5175616558446103,0.3359636568669059,0.04982853095365407,1.0,ppo,1.3515580732277055,27.124180612203897,nan
1557.0,7.0,45.0,raw,0.5175616558446103,0.5417411469849764,0.04982853095365407,1.0,raw,0.5152844456424615,10.341152664559424,nan
1557.0,7.0,45.0,raw,0.5175616558446103,0.5417411469849764,0.04982853095365407,1.0,ppo,0.528832725821901,10.613050710119724,nan
1557.0,7.0,46.0,raw,0.5175616558446103,0.6515670753411946,0.04982853095365407,1.0,raw,0.04532438789261294,0.9096071472540407,nan
1557.0,7.0,46.0,raw,0.5175616558446103,0.6515670753411946,0.04982853095365407,1.0,ppo,0.03211572012131357,0.6445247232190062,nan
1557.0,7.0,47.0,raw,0.5175616558446103,0.3138067733664771,0.04982853095365407,1.0,raw,0.6512939107283372,13.070702632877358,nan
1557.0,7.0,47.0,raw,0.5175616558446103,0.3138067733664771,0.04982853095365407,1.0,ppo,0.6802292262295118,13.65140037666771,nan
1557.0,7.0,48.0,raw,0.5175616558446103,0.5720689472651544,0.04982853095365407,1.0,raw,0.19229052863181706,3.8590447069504834,nan
1557.0,7.0,48.0,raw,0.5175616558446103,0.5720689472651544,0.04982853095365407,1.0,ppo,0.2013235765121824,4.040327351802427,nan
1557.0,7.0,49.0,raw,0.5175616558446103,0.5922226228114751,0.04982853095365407,1.0,raw,0.04075899002337109,0.8179849825651366,nan
1557.0,7.0,49.0,raw,0.5175616558446103,0.5922226228114751,0.04982853095365407,1.0,ppo,0.02861909340985863,0.5743515384083365,nan
1557.0,7.0,50.0,raw,0.5175616558446103,0.2953766090584009,0.04982853095365407,1.0,raw,0.7791774809603416,15.637175450447476,nan
1557.0,7.0,50.0,raw,0.5175616558446103,0.2953766090584009,0.04982853095365407,1.0,ppo,0.8095663977935197,16.247045263014158,nan
1557.0,7.0,51.0,raw,0.5175616558446103,0.582649835010669,0.04982853095365407,1.0,raw,0.43071027395298933,8.643848528338042,nan
1557.0,7.0,51.0,raw,0.5175616558446103,0.582649835010669,0.04982853095365407,1.0,ppo,0.42571309681515723,8.543561061655952,nan
1557.0,7.0,52.0,raw,0.5175616558446103,0.4976607760767625,0.04982853095365407,1.0,raw,0.272369062050832,5.4661266715682375,nan
1557.0,7.0,52.0,raw,0.5175616558446103,0.4976607760767625,0.04982853095365407,1.0,ppo,0.2659930226810176,5.338167061927231,nan
1557.0,7.0,53.0,raw,0.5175616558446103,0.5013754084744693,0.04982853095365407,1.0,raw,0.03982158912454917,0.7991724492457456,nan
1557.0,7.0,53.0,raw,0.5175616558446103,0.5013754084744693,0.04982853095365407,1.0,ppo,0.038541657297060765,0.7734857231273521,nan
1557.0,7.0,54.0,raw,0.5175616558446103,0.6844833120450138,0.04982853095365407,1.0,raw,0.08638782792176583,1.7337020832927197,nan
1557.0,7.0,54.0,raw,0.5175616558446103,0.6844833120450138,0.04982853095365407,1.0,ppo,0.06402452534083022,1.284896907765151,nan
1557.0,7.0,55.0,raw,0.5175616558446103,0.6020626471732372,0.04982853095365407,1.0,raw,0.048347344183331836,0.9702743239269909,nan
1557.0,7.0,55.0,raw,0.5175616558446103,0.6020626471732372,0.04982853095365407,1.0,ppo,0.016940075828223898,0.33996739426213474,nan
1557.0,7.0,56.0,raw,0.5175616558446103,0.6401802716482421,0.04982853095365407,1.0,raw,0.08961180995953191,1.7984036102304641,nan
1557.0,7.0,56.0,raw,0.5175616558446103,0.6401802716482421,0.04982853095365407,1.0,ppo,0.10799470421085458,2.1673266729717833,nan
1557.0,7.0,57.0,raw,0.5175616558446103,0.770379713891747,0.04982853095365407,1.0,raw,0.03375937697807738,0.6775109828037527,nan
1557.0,7.0,57.0,raw,0.5175616558446103,0.770379713891747,0.04982853095365407,1.0,ppo,0.04040529427784273,0.8108867250255487,nan
1557.0,7.0,58.0,raw,0.5175616558446103,0.5335271050395264,0.04982853095365407,1.0,raw,0.3905413192377658,7.837704860314095,nan
1557.0,7.0,58.0,raw,0.5175616558446103,0.5335271050395264,0.04982853095365407,1.0,ppo,0.36122542790341344,7.2493694072456645,nan
1557.0,7.0,59.0,raw,0.5175616558446103,0.6418218229674567,0.04982853095365407,1.0,raw,0.032520724839695966,0.6526526914860036,nan
1557.0,7.0,59.0,raw,0.5175616558446103,0.6418218229674567,0.04982853095365407,1.0,ppo,0.03690899498842312,0.7407201111899624,nan
1557.0,7.0,60.0,raw,0.5175616558446103,0.6342298780215454,0.04982853095365407,1.0,raw,0.02327427895872788,0.4670873997946173,nan
1557.0,7.0,60.0,raw,0.5175616558446103,0.6342298780215454,0.04982853095365407,1.0,ppo,0.02276247655169047,0.4568161275487339,nan
1557.0,7.0,61.0,raw,0.5175616558446103,0.7129119980458056,0.04982853095365407,1.0,raw,0.0687368180155454,1.3794670783988814,nan
1557.0,7.0,61.0,raw,0.5175616558446103,0.7129119980458056,0.04982853095365407,1.0,ppo,0.05028149767703643,1.0090905092868114,nan
1557.0,7.0,62.0,raw,0.5175616558446103,0.6469627799889571,0.04982853095365407,1.0,raw,0.0857343749287579,1.7205880504183468,nan
1557.0,7.0,62.0,raw,0.5175616558446103,0.6469627799889571,0.04982853095365407,1.0,ppo,0.05297593467021036,1.0631646901146599,nan
1557.0,7.0,63.0,raw,0.5175616558446103,0.7005024549040909,0.04982853095365407,1.0,raw,0.11126330519900449,2.232923649755828,nan
1557.0,7.0,63.0,raw,0.5175616558446103,0.7005024549040909,0.04982853095365407,1.0,ppo,0.10474757446469295,2.1021605987565546,nan
1557.0,7.0,64.0,raw,0.5175616558446103,0.6161251763783351,0.04982853095365407,1.0,raw,0.07850040178340642,1.5754107191404116,nan
1557.0,7.0,64.0,raw,0.5175616558446103,0.6161251763783351,0.04982853095365407,1.0,ppo,0.09027214510439276,1.811655759796644,nan
1557.0,7.0,65.0,raw,0.5175616558446103,0.7304333304305837,0.04982853095365407,1.0,raw,0.08152754273528579,1.6361618770401887,nan
1557.0,7.0,65.0,raw,0.5175616558446103,0.7304333304305837,0.04982853095365407,1.0,ppo,0.07215930391313732,1.4481523442915323,nan
1557.0,7.0,66.0,raw,0.5175616558446103,0.6363088583724522,0.04982853095365407,1.0,raw,0.08271218349377354,1.659936223500244,nan
1557.0,7.0,66.0,raw,0.5175616558446103,0.6363088583724522,0.04982853095365407,1.0,ppo,0.06222825677732078,1.2488479107521713,nan
1557.0,7.0,67.0,raw,0.5175616558446103,0.7739953090324339,0.04982853095365407,1.0,raw,0.03695651594000539,0.7416738007865203,nan
1557.0,7.0,67.0,raw,0.5175616558446103,0.7739953090324339,0.04982853095365407,1.0,ppo,0.04008261432821063,0.8044109180238888,nan
1557.0,7.0,68.0,raw,0.5175616558446103,0.535581197967074,0.04982853095365407,1.0,raw,0.10567949446394118,2.1208631368690067,nan
1557.0,7.0,68.0,raw,0.5175616558446103,0.535581197967074,0.04982853095365407,1.0,ppo,0.02264137617334474,0.45438578541285257,nan
1557.0,7.0,69.0,raw,0.5175616558446103,0.6432145193082207,0.04982853095365407,1.0,raw,0.05737504596099992,1.151449678786736,nan
1557.0,7.0,69.0,raw,0.5175616558446103,0.6432145193082207,0.04982853095365407,1.0,ppo,0.0410478201933959,0.8237814643095704,nan
1557.0,7.0,70.0,raw,0.5175616558446103,0.5612194481035062,0.04982853095365407,1.0,raw,0.03915581389566979,0.7858111235928056,nan
1557.0,7.0,70.0,raw,0.5175616558446103,0.5612194481035062,0.04982853095365407,1.0,ppo,0.03836730715843989,0.7699867209435823,nan
1557.0,7.0,71.0,raw,0.5175616558446103,0.5414518964171389,0.04982853095365407,1.0,raw,0.3464308462861662,6.95245955792645,nan
1557.0,7.0,71.0,raw,0.5175616558446103,0.5414518964171389,0.04982853095365407,1.0,ppo,0.3392364407513242,6.808076302045726,nan
1557.0,7.0,72.0,raw,0.5175616558446103,0.6322106410141907,0.04982853095365407,1.0,raw,0.15657202103277304,3.1422162772248288,nan
1557.0,7.0,72.0,raw,0.5175616558446103,0.6322106410141907,0.04982853095365407,1.0,ppo,0.0915083397848482,1.8364647328246715,nan
1557.0,7.0,73.0,raw,0.5175616558446103,0.42359041051097046,0.04982853095365407,1.0,raw,0.1435880432402883,2.8816431167485295,nan
1557.0,7.0,73.0,raw,0.5175616558446103,0.42359041051097046,0.04982853095365407,1.0,ppo,0.15056220970205314,3.0216064335128063,nan
1557.0,7.0,74.0,raw,0.5175616558446103,0.672610056940665,0.04982853095365407,1.0,raw,0.054267832961035836,1.0890915690753717,nan
1557.0,7.0,74.0,raw,0.5175616558446103,0.672610056940665,0.04982853095365407,1.0,ppo,0.03977581136418549,0.798253743446326,nan
1557.0,7.0,75.0,raw,0.5175616558446103,0.5962818624050382,0.04982853095365407,1.0,raw,0.10306841725353855,2.0684618888203494,nan
1557.0,7.0,75.0,raw,0.5175616558446103,0.5962818624050382,0.04982853095365407,1.0,ppo,0.10676631058219078,2.1426742578763767,nan
1557.0,7.0,76.0,raw,0.5175616558446103,0.6384572468929224,0.04982853095365407,1.0,raw,0.1472992741665599,2.956123155698975,nan
1557.0,7.0,76.0,raw,0.5175616558446103,0.6384572468929224,0.04982853095365407,1.0,ppo,0.16240620842440842,3.259301555076223,nan
1557.0,7.0,77.0,raw,0.5175616558446103,0.595528350908102,0.04982853095365407,1.0,raw,0.04571734477012124,0.9174933295272807,nan
1557.0,7.0,77.0,raw,0.5175616558446103,0.595528350908102,0.04982853095365407,1.0,ppo,0.038595883372566905,0.7745739766734295,nan
1557.0,7.0,78.0,raw,0.5175616558446103,0.6166480829465664,0.04982853095365407,1.0,raw,0.15692625452665002,3.1493253267411885,nan
1557.0,7.0,78.0,raw,0.5175616558446103,0.6166480829465664,0.04982853095365407,1.0,ppo,0.15225358276216802,3.0555503011674245,nan
1557.0,7.0,79.0,raw,0.5175616558446103,0.6528091848636209,0.04982853095365407,1.0,raw,0.024622829614124923,0.49415122506876274,nan
1557.0,7.0,79.0,raw,0.5175616558446103,0.6528091848636209,0.04982853095365407,1.0,ppo,0.01883474026953718,0.3779910807937631,nan
122.0,8.0,0.0,raw,0.5633386878237879,0.8149199274322395,0.020462969391338223,1.0,raw,0.04727919528848454,2.310475786006764,0.0012528086533462046
122.0,8.0,0.0,raw,0.5633386878237879,0.8149199274322395,0.020462969391338223,1.0,ppo,0.035331967647699,1.7266295507754938,0.0013612362420059032
122.0,8.0,1.0,raw,0.5633386878237879,0.6416177301456871,0.020462969391338223,1.0,raw,0.034171601702412666,1.669923902484904,0.0029793893089976597
122.0,8.0,1.0,raw,0.5633386878237879,0.6416177301456871,0.020462969391338223,1.0,ppo,0.024135867506663293,1.1794899872586317,0.002876334730304797
122.0,8.0,2.0,raw,0.5633386878237879,0.7983063861419845,0.020462969391338223,1.0,raw,0.07984399033105327,3.901877034759699,0.002761448510310349
122.0,8.0,2.0,raw,0.5633386878237879,0.7983063861419845,0.020462969391338223,1.0,ppo,0.03813587639179945,1.8636531024642984,0.002630043930248682
122.0,8.0,3.0,raw,0.5633386878237879,0.7071627243551369,0.020462969391338223,1.0,raw,0.14650270923553746,7.159406166025476,0.003553110910654911
122.0,8.0,3.0,raw,0.5633386878237879,0.7071627243551369,0.020462969391338223,1.0,ppo,0.17234345358454978,8.42221137551528,0.003619288047186364
122.0,8.0,4.0,raw,0.5633386878237879,0.7301567302203539,0.020462969391338223,1.0,raw,0.06510798952869287,3.1817469050338536,0.0014589796847751524
122.0,8.0,4.0,raw,0.5633386878237879,0.7301567302203539,0.020462969391338223,1.0,ppo,0.014450031647630942,0.7061551708984866,0.0018990995709590175
122.0,8.0,5.0,raw,0.5633386878237879,0.5780806449290468,0.020462969391338223,1.0,raw,0.04167756979245204,2.036731277626489,0.004670008249251456
122.0,8.0,5.0,raw,0.5633386878237879,0.5780806449290468,0.020462969391338223,1.0,ppo,0.05174316950569483,2.5286246837468864,0.004632136622094607
122.0,8.0,6.0,raw,0.5633386878237879,0.6642751016180001,0.020462969391338223,1.0,raw,0.05591174811026353,2.7323379633226854,0.0014044891035170926
122.0,8.0,6.0,raw,0.5633386878237879,0.6642751016180001,0.020462969391338223,1.0,ppo,0.010944874740492131,0.5348624889760618,0.0017141606681684296
122.0,8.0,7.0,raw,0.5633386878237879,0.45316162909256047,0.020462969391338223,1.0,raw,0.05822621036232242,2.8454428704256878,0.0007479053226342458
122.0,8.0,7.0,raw,0.5633386878237879,0.45316162909256047,0.020462969391338223,1.0,ppo,0.033111353450608116,1.6181108820220311,0.00032684434892171765
122.0,8.0,8.0,raw,0.5633386878237879,0.8648519446791686,0.020462969391338223,1.0,raw,0.05237342888626728,2.559424679999592,0.002125688003043469
122.0,8.0,8.0,raw,0.5633386878237879,0.8648519446791686,0.020462969391338223,1.0,ppo,0.04005249808628998,1.9573160336761202,0.0025223361666791844
122.0,8.0,9.0,raw,0.5633386878237879,0.6752623022315238,0.020462969391338223,1.0,raw,0.08453332402073718,4.131038971133844,0.006318370460645317
122.0,8.0,9.0,raw,0.5633386878237879,0.6752623022315238,0.020462969391338223,1.0,ppo,0.08505873611034451,4.156715209980671,0.006206496715329246
122.0,8.0,10.0,raw,0.5633386878237879,0.7808144003713687,0.020462969391338223,1.0,raw,0.03807240712640339,1.8605514379804073,0.0024199155343634926
122.0,8.0,10.0,raw,0.5633386878237879,0.7808144003713687,0.020462969391338223,1.0,ppo,0.031042777128462977,1.517022116135456,0.002207176453286386
122.0,8.0,11.0,raw,0.5633386878237879,0.7642168219844852,0.020462969391338223,1.0,raw,0.08577376344971502,4.191657711515819,-0.00026256429814108806
122.0,8.0,11.0,raw,0.5633386878237879,0.7642168219844852,0.020462969391338223,1.0,ppo,0.07200308322352028,3.5187016041766883,-0.0005146424001540861
122.0,8.0,12.0,raw,0.5633386878237879,0.7248561937490405,0.020462969391338223,1.0,raw,0.08470972826832246,4.1396596284886815,0.0008561166472811355
122.0,8.0,12.0,raw,0.5633386878237879,0.7248561937490405,0.020462969391338223,1.0,ppo,0.07123859763634117,3.48134213925452,0.0010203044324730293
122.0,8.0,13.0,raw,0.5633386878237879,0.6389574807630077,0.020462969391338223,1.0,raw,0.16963066202824267,8.289640608075468,0.003436704577526095
122.0,8.0,13.0,raw,0.5633386878237879,0.6389574807630077,0.020462969391338223,1.0,ppo,0.15740514126092373,7.692194532018984,0.0026797110215706077
122.0,8.0,14.0,raw,0.5633386878237879,0.5808085974252223,0.020462969391338223,1.0,raw,0.08076986801303572,3.947123531701358,-7.52196742698219e-05
122.0,8.0,14.0,raw,0.5633386878237879,0.5808085974252223,0.020462969391338223,1.0,ppo,0.0986117856450662,4.819035974652223,-0.00017097492309237072
122.0,8.0,15.0,raw,0.5633386878237879,0.7091435816376789,0.020462969391338223,1.0,raw,0.03671769135923429,1.7943481543190176,0.0028242287160832324
122.0,8.0,15.0,raw,0.5633386878237879,0.7091435816376789,0.020462969391338223,1.0,ppo,0.02040206499935399,0.9970236777068134,0.002103894715596355
122.0,8.0,16.0,raw,0.5633386878237879,0.7663754704754573,0.020462969391338223,1.0,raw,0.07672036255376935,3.7492292094344988,-0.0007182007317726447
122.0,8.0,16.0,raw,0.5633386878237879,0.7663754704754573,0.020462969391338223,1.0,ppo,0.07942317730763906,3.881312422881213,-0.0006600785559438549
122.0,8.0,17.0,raw,0.5633386878237879,0.7376241275023991,0.020462969391338223,1.0,raw,0.10204601218513626,4.986862377281928,0.002830891326438767
122.0,8.0,17.0,raw,0.5633386878237879,0.7376241275023991,0.020462969391338223,1.0,ppo,0.03189592426152912,1.558714361124459,0.003251500674622765
122.0,8.0,18.0,raw,0.5633386878237879,0.4337258126556825,0.020462969391338223,1.0,raw,0.4787638844864197,23.396598769730645,0.004114242295862991
122.0,8.0,18.0,raw,0.5633386878237879,0.4337258126556825,0.020462969391338223,1.0,ppo,0.5588547999271203,27.31054272913481,0.002661752108168658
122.0,8.0,19.0,raw,0.5633386878237879,0.45942500636861366,0.020462969391338223,1.0,raw,0.7380239359350056,36.06631676082182,0.0079642089830686
122.0,8.0,19.0,raw,0.5633386878237879,0.45942500636861366,0.020462969391338223,1.0,ppo,0.8630005909672928,42.17377128720099,0.0067011505486730405
122.0,8.0,20.0,raw,0.5633386878237879,0.6385119190757585,0.020462969391338223,1.0,raw,0.03213103953218602,1.5702041535470788,nan
122.0,8.0,20.0,raw,0.5633386878237879,0.6385119190757585,0.020462969391338223,1.0,ppo,0.016495104854288373,0.8060953686062098,nan
122.0,8.0,21.0,raw,0.5633386878237879,0.6137695607106481,0.020462969391338223,1.0,raw,0.13400062501438348,6.548444776108821,nan
122.0,8.0,21.0,raw,0.5633386878237879,0.6137695607106481,0.020462969391338223,1.0,ppo,0.08537078697575715,4.171964749744178,nan
122.0,8.0,22.0,raw,0.5633386878237879,0.7041833213451218,0.020462969391338223,1.0,raw,0.060883717136004475,2.975311938929839,nan
122.0,8.0,22.0,raw,0.5633386878237879,0.7041833213451218,0.020462969391338223,1.0,ppo,0.051078412528275004,2.4961388326122407,nan
122.0,8.0,23.0,raw,0.5633386878237879,0.36003822425655846,0.020462969391338223,1.0,raw,1.3187572202326976,64.44603395589864,nan
122.0,8.0,23.0,raw,0.5633386878237879,0.36003822425655846,0.020462969391338223,1.0,ppo,1.633768391627862,79.84024021066172,nan
122.0,8.0,24.0,raw,0.5633386878237879,0.560988951787682,0.020462969391338223,1.0,raw,0.2127618675236345,10.397409264253433,nan
122.0,8.0,24.0,raw,0.5633386878237879,0.560988951787682,0.020462969391338223,1.0,ppo,0.2234040403133978,10.917479083361313,nan
122.0,8.0,25.0,raw,0.5633386878237879,0.5143442428990019,0.020462969391338223,1.0,raw,0.5154870086776295,25.191212419827504,nan
122.0,8.0,25.0,raw,0.5633386878237879,0.5143442428990019,0.020462969391338223,1.0,ppo,0.4982809779783069,24.350374984640517,nan
122.0,8.0,26.0,raw,0.5633386878237879,0.6628498794369386,0.020462969391338223,1.0,raw,0.090269956741777,4.411381115586646,nan
122.0,8.0,26.0,raw,0.5633386878237879,0.6628498794369386,0.020462969391338223,1.0,ppo,0.05842173046212781,2.854997695830849,nan
122.0,8.0,27.0,raw,0.5633386878237879,0.7304546708477117,0.020462969391338223,1.0,raw,0.04926867086218217,2.407698996169985,nan
122.0,8.0,27.0,raw,0.5633386878237879,0.7304546708477117,0.020462969391338223,1.0,ppo,0.033814404727962544,1.6524681282216966,nan
122.0,8.0,28.0,raw,0.5633386878237879,0.7195481000439481,0.020462969391338223,1.0,raw,0.05923184285739998,2.8945868864209046,nan
122.0,8.0,28.0,raw,0.5633386878237879,0.7195481000439481,0.020462969391338223,1.0,ppo,0.052008991898874854,2.5416150952603074,nan
122.0,8.0,29.0,raw,0.5633386878237879,0.6589877311508482,0.020462969391338223,1.0,raw,0.06284204715480317,3.0710131043544244,nan
122.0,8.0,29.0,raw,0.5633386878237879,0.6589877311508482,0.020462969391338223,1.0,ppo,0.04559493516643345,2.2281680773921964,nan
122.0,8.0,30.0,raw,0.5633386878237879,0.8803241226482761,0.020462969391338223,1.0,raw,0.021390329406649807,1.0453189367377018,nan
122.0,8.0,30.0,raw,0.5633386878237879,0.8803241226482761,0.020462969391338223,1.0,ppo,0.013901326288718114,0.6793406187961367,nan
122.0,8.0,31.0,raw,0.5633386878237879,0.6652543993051274,0.020462969391338223,1.0,raw,0.054003065656590236,2.639063012988194,nan
122.0,8.0,31.0,raw,0.5633386878237879,0.6652543993051274,0.020462969391338223,1.0,ppo,0.04040351212324941,1.9744696554328929,nan
122.0,8.0,32.0,raw,0.5633386878237879,0.8682402160276429,0.020462969391338223,1.0,raw,0.020023105190383046,0.9785043806427542,nan
122.0,8.0,32.0,raw,0.5633386878237879,0.8682402160276429,0.020462969391338223,1.0,ppo,0.01130328466649625,0.5523775386812053,nan
122.0,8.0,33.0,raw,0.5633386878237879,0.5809951833607481,0.020462969391338223,1.0,raw,0.1261325491059205,6.163941639834109,nan
122.0,8.0,33.0,raw,0.5633386878237879,0.5809951833607481,0.020462969391338223,1.0,ppo,0.029705878613504703,1.4516895395483957,nan
122.0,8.0,34.0,raw,0.5633386878237879,0.6282768317495946,0.020462969391338223,1.0,raw,0.07191852363356643,3.5145692816218963,nan
122.0,8.0,34.0,raw,0.5633386878237879,0.6282768317495946,0.020462969391338223,1.0,ppo,0.03900864831656624,1.9063043867464426,nan
122.0,8.0,35.0,raw,0.5633386878237879,0.5646466318223149,0.020462969391338223,1.0,raw,0.5913404736260445,28.898077415702588,nan
122.0,8.0,35.0,raw,0.5633386878237879,0.5646466318223149,0.020462969391338223,1.0,ppo,0.5863426589363716,28.653840394472017,nan
122.0,8.0,36.0,raw,0.5633386878237879,0.711871188975099,0.020462969391338223,1.0,raw,0.23412847383619506,11.441568882730156,nan
122.0,8.0,36.0,raw,0.5633386878237879,0.711871188975099,0.020462969391338223,1.0,ppo,0.21035977491429508,10.280021969995143,nan
122.0,8.0,37.0,raw,0.5633386878237879,0.2508020595825417,0.020462969391338223,1.0,raw,3.551411544658101,173.5530888377021,nan
122.0,8.0,37.0,raw,0.5633386878237879,0.2508020595825417,0.020462969391338223,1.0,ppo,3.5495477556859654,173.46200777627388,nan
122.0,8.0,38.0,raw,0.5633386878237879,0.696735150640996,0.020462969391338223,1.0,raw,0.07517535943458328,3.673726818279085,nan
122.0,8.0,38.0,raw,0.5633386878237879,0.696735150640996,0.020462969391338223,1.0,ppo,0.04756379774917675,2.324383956187221,nan
122.0,8.0,39.0,raw,0.5633386878237879,0.6274696885664907,0.020462969391338223,1.0,raw,0.2700995720848091,13.199431955322165,nan
122.0,8.0,39.0,raw,0.5633386878237879,0.6274696885664907,0.020462969391338223,1.0,ppo,0.20391681776996937,9.96516262475012,nan
122.0,8.0,40.0,raw,0.5633386878237879,0.5983640507913323,0.020462969391338223,1.0,raw,0.31374923277081523,15.332536875299352,nan
122.0,8.0,40.0,raw,0.5633386878237879,0.5983640507913323,0.020462969391338223,1.0,ppo,0.3124968807867467,15.271335983086775,nan
122.0,8.0,41.0,raw,0.5633386878237879,0.5538299468221534,0.020462969391338223,1.0,raw,0.24209928401037537,11.831092515480849,nan
122.0,8.0,41.0,raw,0.5633386878237879,0.5538299468221534,0.020462969391338223,1.0,ppo,0.26358662744538053,12.881152407770996,nan
122.0,8.0,42.0,raw,0.5633386878237879,0.5713205341533287,0.020462969391338223,1.0,raw,0.13356864913785513,6.527334649407893,nan
122.0,8.0,42.0,raw,0.5633386878237879,0.5713205341533287,0.020462969391338223,1.0,ppo,0.09963174365131067,4.868880060656486,nan
122.0,8.0,43.0,raw,0.5633386878237879,0.727677219970358,0.020462969391338223,1.0,raw,0.04094193930042323,2.000781925508502,nan
122.0,8.0,43.0,raw,0.5633386878237879,0.727677219970358,0.020462969391338223,1.0,ppo,0.028354365608172852,1.3856427708959473,nan
122.0,8.0,44.0,raw,0.5633386878237879,0.6956036064750414,0.020462969391338223,1.0,raw,0.21591505042818923,10.551501412086555,nan
122.0,8.0,44.0,raw,0.5633386878237879,0.6956036064750414,0.020462969391338223,1.0,ppo,0.1426476583307263,6.97101459728067,nan
122.0,8.0,45.0,raw,0.5633386878237879,0.2613346208916588,0.020462969391338223,1.0,raw,1.0457592055928793,51.10495869849363,nan
122.0,8.0,45.0,raw,0.5633386878237879,0.2613346208916588,0.020462969391338223,1.0,ppo,1.0760531601428474,52.585386781565056,nan
122.0,8.0,46.0,raw,0.5633386878237879,0.6911286820235248,0.020462969391338223,1.0,raw,0.1594216333322697,7.790738005000942,nan
122.0,8.0,46.0,raw,0.5633386878237879,0.6911286820235248,0.020462969391338223,1.0,ppo,0.20242949629974977,9.892479064423378,nan
122.0,8.0,47.0,raw,0.5633386878237879,0.2950813997111375,0.020462969391338223,1.0,raw,1.7046193858403091,83.30264065008366,nan
122.0,8.0,47.0,raw,0.5633386878237879,0.2950813997111375,0.020462969391338223,1.0,ppo,1.836506125432856,89.74778246065458,nan
122.0,8.0,48.0,raw,0.5633386878237879,0.47250268661329453,0.020462969391338223,1.0,raw,0.03759085999097265,1.8370188251801078,nan
122.0,8.0,48.0,raw,0.5633386878237879,0.47250268661329453,0.020462969391338223,1.0,ppo,0.01632381541033156,0.7977246653773168,nan
122.0,8.0,49.0,raw,0.5633386878237879,0.7824207465087196,0.020462969391338223,1.0,raw,0.05596002692618303,2.7346972893323276,nan
122.0,8.0,49.0,raw,0.5633386878237879,0.7824207465087196,0.020462969391338223,1.0,ppo,0.05843948381201151,2.855865280077503,nan
122.0,8.0,50.0,raw,0.5633386878237879,0.5694097371700971,0.020462969391338223,1.0,raw,0.35663499609806626,17.428311076349768,nan
122.0,8.0,50.0,raw,0.5633386878237879,0.5694097371700971,0.020462969391338223,1.0,ppo,0.02504494349036602,1.2239154059902617,nan
122.0,8.0,51.0,raw,0.5633386878237879,0.6814534054784845,0.020462969391338223,1.0,raw,0.06040188222320547,2.9517652628055537,nan
122.0,8.0,51.0,raw,0.5633386878237879,0.6814534054784845,0.020462969391338223,1.0,ppo,0.05161143173386264,2.5221868218064802,nan
122.0,8.0,52.0,raw,0.5633386878237879,0.7119908582825217,0.020462969391338223,1.0,raw,0.03970597758514503,1.9403820054557765,nan
122.0,8.0,52.0,raw,0.5633386878237879,0.7119908582825217,0.020462969391338223,1.0,ppo,0.0396331926201728,1.9368250942577838,nan
122.0,8.0,53.0,raw,0.5633386878237879,0.7351523973070145,0.020462969391338223,1.0,raw,0.05321798768883891,2.6006972239017063,nan
122.0,8.0,53.0,raw,0.5633386878237879,0.7351523973070145,0.020462969391338223,1.0,ppo,0.04387852071202819,2.144289026332686,nan
122.0,8.0,54.0,raw,0.5633386878237879,0.6199706678723036,0.020462969391338223,1.0,raw,0.09911744359223752,4.843746852995488,nan
122.0,8.0,54.0,raw,0.5633386878237879,0.6199706678723036,0.020462969391338223,1.0,ppo,0.04611970166023836,2.253812766770808,nan
122.0,8.0,55.0,raw,0.5633386878237879,0.5037369308878931,0.020462969391338223,1.0,raw,0.6157062904310767,30.088804740708806,nan
122.0,8.0,55.0,raw,0.5633386878237879,0.5037369308878931,0.020462969391338223,1.0,ppo,0.5994258826012143,29.29320135009074,nan
122.0,8.0,56.0,raw,0.5633386878237879,0.8294167945597105,0.020462969391338223,1.0,raw,0.029088070113585822,1.4214980024306012,nan
122.0,8.0,56.0,raw,0.5633386878237879,0.8294167945597105,0.020462969391338223,1.0,ppo,0.01782186418919165,0.8709324560068723,nan
122.0,8.0,57.0,raw,0.5633386878237879,0.6020153988314537,0.020462969391338223,1.0,raw,0.447763153800181,21.881631411212236,nan
122.0,8.0,57.0,raw,0.5633386878237879,0.6020153988314537,0.020462969391338223,1.0,ppo,0.4197590855144977,20.513107237123545,nan
122.0,8.0,58.0,raw,0.5633386878237879,0.5519564744271014,0.020462969391338223,1.0,raw,0.21762611758483513,10.635119147319555,nan
122.0,8.0,58.0,raw,0.5633386878237879,0.5519564744271014,0.020462969391338223,1.0,ppo,0.21191580739247132,10.356063352280302,nan
122.0,8.0,59.0,raw,0.5633386878237879,0.7269649228836328,0.020462969391338223,1.0,raw,0.0586234496240121,2.864855461731123,nan
122.0,8.0,59.0,raw,0.5633386878237879,0.7269649228836328,0.020462969391338223,1.0,ppo,0.05171740699862755,2.52736570189657,nan
122.0,8.0,60.0,raw,0.5633386878237879,0.6148040224574751,0.020462969391338223,1.0,raw,0.06623569284811,3.2368563712042167,nan
122.0,8.0,60.0,raw,0.5633386878237879,0.6148040224574751,0.020462969391338223,1.0,ppo,0.05366310236668404,2.6224494275693493,nan
122.0,8.0,61.0,raw,0.5633386878237879,0.3322608249354694,0.020462969391338223,1.0,raw,1.101104704391682,53.80962475845607,nan
122.0,8.0,61.0,raw,0.5633386878237879,0.3322608249354694,0.020462969391338223,1.0,ppo,1.11598106475442,54.536614086262766,nan
122.0,8.0,62.0,raw,0.5633386878237879,0.704081501220912,0.020462969391338223,1.0,raw,0.1188164604841859,5.806413439414113,nan
122.0,8.0,62.0,raw,0.5633386878237879,0.704081501220912,0.020462969391338223,1.0,ppo,0.16263265836228463,7.947656825950464,nan
122.0,8.0,63.0,raw,0.5633386878237879,0.7354812386706902,0.020462969391338223,1.0,raw,0.05249038205887238,2.5651400368653756,nan
122.0,8.0,63.0,raw,0.5633386878237879,0.7354812386706902,0.020462969391338223,1.0,ppo,0.04285065278917875,2.0940583924890697,nan
122.0,8.0,64.0,raw,0.5633386878237879,0.482482356984278,0.020462969391338223,1.0,raw,0.22269522082269252,10.882839951710881,nan
122.0,8.0,64.0,raw,0.5633386878237879,0.482482356984278,0.020462969391338223,1.0,ppo,0.21385819870026934,10.450985612615609,nan
122.0,8.0,65.0,raw,0.5633386878237879,0.3860477682785087,0.020462969391338223,1.0,raw,0.6563531792304901,32.075167913231496,nan
122.0,8.0,65.0,raw,0.5633386878237879,0.3860477682785087,0.020462969391338223,1.0,ppo,0.029757215016482187,1.4541982860551084,nan
122.0,8.0,66.0,raw,0.5633386878237879,0.752387370345059,0.020462969391338223,1.0,raw,0.06528507680235365,3.19040094102805,nan
122.0,8.0,66.0,raw,0.5633386878237879,0.752387370345059,0.020462969391338223,1.0,ppo,0.060042146465614094,2.934185421350889,nan
122.0,8.0,67.0,raw,0.5633386878237879,0.45999099122512727,0.020462969391338223,1.0,raw,0.6880839234223763,33.62581012869206,nan
122.0,8.0,67.0,raw,0.5633386878237879,0.45999099122512727,0.020462969391338223,1.0,ppo,0.7174501925787644,35.060903374192314,nan
122.0,8.0,68.0,raw,0.5633386878237879,0.7808077652576938,0.020462969391338223,1.0,raw,0.07332386140117124,3.5832463998215487,nan
122.0,8.0,68.0,raw,0.5633386878237879,0.7808077652576938,0.020462969391338223,1.0,ppo,0.04672581753469513,2.2834328997468822,nan
122.0,8.0,69.0,raw,0.5633386878237879,0.6419602393384602,0.020462969391338223,1.0,raw,0.02607126268537762,1.2740703554203299,nan
122.0,8.0,69.0,raw,0.5633386878237879,0.6419602393384602,0.020462969391338223,1.0,ppo,0.025863759270050534,1.2639299202098409,nan
122.0,8.0,70.0,raw,0.5633386878237879,0.6476423684109259,0.020462969391338223,1.0,raw,0.04616408963061955,2.255981951972247,nan
122.0,8.0,70.0,raw,0.5633386878237879,0.6476423684109259,0.020462969391338223,1.0,ppo,0.012821812903120244,0.6265861350771308,nan
122.0,8.0,71.0,raw,0.5633386878237879,0.6817468911552321,0.020462969391338223,1.0,raw,0.020556084935678155,1.0045504414613133,nan
122.0,8.0,71.0,raw,0.5633386878237879,0.6817468911552321,0.020462969391338223,1.0,ppo,0.021551620782707483,1.053201046756688,nan
122.0,8.0,72.0,raw,0.5633386878237879,0.614861338920155,0.020462969391338223,1.0,raw,0.08684159140692746,4.243841142805338,nan
122.0,8.0,72.0,raw,0.5633386878237879,0.614861338920155,0.020462969391338223,1.0,ppo,0.0730836729792747,3.5715086887736986,nan
122.0,8.0,73.0,raw,0.5633386878237879,0.7129373772682138,0.020462969391338223,1.0,raw,0.07686288248898862,3.7561939823613253,nan
122.0,8.0,73.0,raw,0.5633386878237879,0.7129373772682138,0.020462969391338223,1.0,ppo,0.07824539639077195,3.8237557264730344,nan
122.0,8.0,74.0,raw,0.5633386878237879,0.5682384081391403,0.020462969391338223,1.0,raw,0.20405839812249318,9.97208148143295,nan
122.0,8.0,74.0,raw,0.5633386878237879,0.5682384081391403,0.020462969391338223,1.0,ppo,0.21384241373544371,10.45021422091171,nan
122.0,8.0,75.0,raw,0.5633386878237879,0.8537326571983792,0.020462969391338223,1.0,raw,0.034278752732037926,1.6751602407492137,nan
122.0,8.0,75.0,raw,0.5633386878237879,0.8537326571983792,0.020462969391338223,1.0,ppo,0.026504544079182946,1.295244281135565,nan
122.0,8.0,76.0,raw,0.5633386878237879,0.8182859608713589,0.020462969391338223,1.0,raw,0.01968386597257523,0.9619261797316287,nan
122.0,8.0,76.0,raw,0.5633386878237879,0.8182859608713589,0.020462969391338223,1.0,ppo,0.012873112707421117,0.6290930930517924,nan
122.0,8.0,77.0,raw,0.5633386878237879,0.4919607435970751,0.020462969391338223,1.0,raw,0.49207508443213954,24.04710064417289,nan
122.0,8.0,77.0,raw,0.5633386878237879,0.4919607435970751,0.020462969391338223,1.0,ppo,0.4598040494296999,22.470055085178913,nan
122.0,8.0,78.0,raw,0.5633386878237879,0.6215519407491434,0.020462969391338223,1.0,raw,0.1744292533930242,8.524141831872084,nan
122.0,8.0,78.0,raw,0.5633386878237879,0.6215519407491434,0.020462969391338223,1.0,ppo,0.19883946331124436,9.717038593402343,nan
122.0,8.0,79.0,raw,0.5633386878237879,0.5513842507567153,0.020462969391338223,1.0,raw,0.22525265823433804,11.007818754285257,nan
122.0,8.0,79.0,raw,0.5633386878237879,0.5513842507567153,0.020462969391338223,1.0,ppo,0.08231605225433311,4.022683642833219,nan
3467.0,9.0,0.0,raw,0.6062489055163663,0.689491638018232,0.043920287761629234,1.0,raw,0.10524956729940754,2.3963769971324815,0.003481585406690968
3467.0,9.0,0.0,raw,0.6062489055163663,0.689491638018232,0.043920287761629234,1.0,ppo,0.048356433761233115,1.1010044839341764,0.005833286269640525
3467.0,9.0,1.0,raw,0.6062489055163663,0.6260839833072105,0.043920287761629234,1.0,raw,0.11320986704464629,2.5776212500946225,0.008537537421652086
3467.0,9.0,1.0,raw,0.6062489055163663,0.6260839833072105,0.043920287761629234,1.0,ppo,0.1030319051964631,2.3458841106791763,0.009828967763948482
3467.0,9.0,2.0,raw,0.6062489055163663,0.602585101269947,0.043920287761629234,1.0,raw,0.46348378498692844,10.552840352559096,0.018798926987774522
3467.0,9.0,2.0,raw,0.6062489055163663,0.602585101269947,0.043920287761629234,1.0,ppo,0.4500930624409755,10.247953403306191,0.02113606750683039
3467.0,9.0,3.0,raw,0.6062489055163663,0.49700823049842446,0.043920287761629234,1.0,raw,0.18855977814613006,4.2932272932616,0.014165523638018707
3467.0,9.0,3.0,raw,0.6062489055163663,0.49700823049842446,0.043920287761629234,1.0,ppo,0.16915436879460738,3.851394820377027,0.015732057838973468
3467.0,9.0,4.0,raw,0.6062489055163663,0.5297635438593689,0.043920287761629234,1.0,raw,0.13234556584490015,3.0133128125932562,0.010289527566606838
3467.0,9.0,4.0,raw,0.6062489055163663,0.5297635438593689,0.043920287761629234,1.0,ppo,0.14911180285834902,3.3950552343288583,0.011233773197223296
3467.0,9.0,5.0,raw,0.6062489055163663,0.5726670672852808,0.043920287761629234,1.0,raw,0.11436310225529817,2.6038787103578813,0.01207420633147993
3467.0,9.0,5.0,raw,0.6062489055163663,0.5726670672852808,0.043920287761629234,1.0,ppo,0.1273246762236781,2.898994581153786,0.01372108225375468
3467.0,9.0,6.0,raw,0.6062489055163663,0.7124505383623565,0.043920287761629234,1.0,raw,0.05978450961659622,1.3612048705388196,0.004042381910604909
3467.0,9.0,6.0,raw,0.6062489055163663,0.7124505383623565,0.043920287761629234,1.0,ppo,0.04297259320632707,0.978422396491443,0.005829971688900093
3467.0,9.0,7.0,raw,0.6062489055163663,0.7125995560430257,0.043920287761629234,1.0,raw,0.02890636002897832,0.6581550691530813,0.007874764525357958
3467.0,9.0,7.0,raw,0.6062489055163663,0.7125995560430257,0.043920287761629234,1.0,ppo,0.0335436202028326,0.7637386254135119,0.006666786949093062
3467.0,9.0,8.0,raw,0.6062489055163663,0.5827582722947426,0.043920287761629234,1.0,raw,0.5025999030830451,11.443456514010807,0.022008979099972126
3467.0,9.0,8.0,raw,0.6062489055163663,0.5827582722947426,0.043920287761629234,1.0,ppo,0.56348523116041,12.829725392935527,0.024031694320410413
3467.0,9.0,9.0,raw,0.6062489055163663,0.5213379129007635,0.043920287761629234,1.0,raw,0.10660350870763444,2.4272042406964403,0.012057242270261503
3467.0,9.0,9.0,raw,0.6062489055163663,0.5213379129007635,0.043920287761629234,1.0,ppo,0.12145383084591564,2.7653241141107285,0.013868568804632053
3467.0,9.0,10.0,raw,0.6062489055163663,0.6061978797736454,0.043920287761629234,1.0,raw,0.04064933741624943,0.9255252979412978,0.003904123827011219
3467.0,9.0,10.0,raw,0.6062489055163663,0.6061978797736454,0.043920287761629234,1.0,ppo,0.03589469966507975,0.8172692278314032,0.005795449015030818
3467.0,9.0,11.0,raw,0.6062489055163663,0.7323850074817844,0.043920287761629234,1.0,raw,0.06484251689620034,1.4763682161675116,0.0009091717364368979
3467.0,9.0,11.0,raw,0.6062489055163663,0.7323850074817844,0.043920287761629234,1.0,ppo,0.029198856182602866,0.6648147740077495,0.0023564166668210706
3467.0,9.0,12.0,raw,0.6062489055163663,0.6342421729117844,0.043920287761629234,1.0,raw,0.06732086405613577,1.5327965158495693,0.004923140605603171
3467.0,9.0,12.0,raw,0.6062489055163663,0.6342421729117844,0.043920287761629234,1.0,ppo,0.040700636690178094,0.9266933065437706,0.007267887483294877
3467.0,9.0,13.0,raw,0.6062489055163663,0.7478454400609483,0.043920287761629234,1.0,raw,0.05339086937474216,1.2156311375852793,0.0030527519805794157
3467.0,9.0,13.0,raw,0.6062489055163663,0.7478454400609483,0.043920287761629234,1.0,ppo,0.04578746759006751,1.0425129233800132,0.004723632240184128
3467.0,9.0,14.0,raw,0.6062489055163663,0.6207265091478976,0.043920287761629234,1.0,raw,0.13307084603665667,3.029826369965486,0.011077575882229573
3467.0,9.0,14.0,raw,0.6062489055163663,0.6207265091478976,0.043920287761629234,1.0,ppo,0.08956301510729547,2.0392174020667917,0.01120490469403812
3467.0,9.0,15.0,raw,0.6062489055163663,0.6552282263586018,0.043920287761629234,1.0,raw,0.20084328780613458,4.572904642523778,0.007514497409951804
3467.0,9.0,15.0,raw,0.6062489055163663,0.6552282263586018,0.043920287761629234,1.0,ppo,0.18685124923662927,4.254326616681939,0.008855764063876226
3467.0,9.0,16.0,raw,0.6062489055163663,0.5328415631645453,0.043920287761629234,1.0,raw,0.09053993016173897,2.0614603131275198,0.012012676349786866
3467.0,9.0,16.0,raw,0.6062489055163663,0.5328415631645453,0.043920287761629234,1.0,ppo,0.12177213558892558,2.772571442378191,0.012944411719466253
3467.0,9.0,17.0,raw,0.6062489055163663,0.43346658931930243,0.043920287761629234,1.0,raw,0.39983547796183383,9.103662529077242,0.01772018894964411
3467.0,9.0,17.0,raw,0.6062489055163663,0.43346658931930243,0.043920287761629234,1.0,ppo,0.4450061564562199,10.132132076898584,0.01882315566093895
3467.0,9.0,18.0,raw,0.6062489055163663,0.535851537639897,0.043920287761629234,1.0,raw,0.28329995016483056,6.450320901866547,0.01876215174183049
3467.0,9.0,18.0,raw,0.6062489055163663,0.535851537639897,0.043920287761629234,1.0,ppo,0.29801275004410255,6.7853095968205395,0.020612916513228052
3467.0,9.0,19.0,raw,0.6062489055163663,0.5306235393490326,0.043920287761629234,1.0,raw,0.05662114495035493,1.289179735289024,0.0021229803300530925
3467.0,9.0,19.0,raw,0.6062489055163663,0.5306235393490326,0.043920287761629234,1.0,ppo,0.02231955008923987,0.5081831478513045,0.0045288190937328165
3467.0,9.0,20.0,raw,0.6062489055163663,0.5095316134755941,0.043920287761629234,1.0,raw,0.39765981928842564,9.054125998596927,nan
3467.0,9.0,20.0,raw,0.6062489055163663,0.5095316134755941,0.043920287761629234,1.0,ppo,0.4163684381923475,9.480093583451106,nan
3467.0,9.0,21.0,raw,0.6062489055163663,0.6183151645361034,0.043920287761629234,1.0,raw,0.08514829200017707,1.9387006857128677,nan
3467.0,9.0,21.0,raw,0.6062489055163663,0.6183151645361034,0.043920287761629234,1.0,ppo,0.0703140696968473,1.6009473817308837,nan
3467.0,9.0,22.0,raw,0.6062489055163663,0.6104376440439062,0.043920287761629234,1.0,raw,0.09025935547701136,2.0550720424893494,nan
3467.0,9.0,22.0,raw,0.6062489055163663,0.6104376440439062,0.043920287761629234,1.0,ppo,0.09543180619682634,2.172841096004838,nan
3467.0,9.0,23.0,raw,0.6062489055163663,0.6860754413167984,0.043920287761629234,1.0,raw,0.05547303787456708,1.2630390350727814,nan
3467.0,9.0,23.0,raw,0.6062489055163663,0.6860754413167984,0.043920287761629234,1.0,ppo,0.06701023892820251,1.5257240410602617,nan
3467.0,9.0,24.0,raw,0.6062489055163663,0.5666274987728522,0.043920287761629234,1.0,raw,0.13810645266408755,3.1444796858718136,nan
3467.0,9.0,24.0,raw,0.6062489055163663,0.5666274987728522,0.043920287761629234,1.0,ppo,0.11390269608084327,2.5933959426457553,nan
3467.0,9.0,25.0,raw,0.6062489055163663,0.7303203361157798,0.043920287761629234,1.0,raw,0.02677962441262229,0.6097324443310727,nan
3467.0,9.0,25.0,raw,0.6062489055163663,0.7303203361157798,0.043920287761629234,1.0,ppo,0.031552743761854865,0.7184093130970053,nan
3467.0,9.0,26.0,raw,0.6062489055163663,0.642023174983129,0.043920287761629234,1.0,raw,0.1029349288844485,2.3436761034698215,nan
3467.0,9.0,26.0,raw,0.6062489055163663,0.642023174983129,0.043920287761629234,1.0,ppo,0.12582244683948052,2.864791039675399,nan
3467.0,9.0,27.0,raw,0.6062489055163663,0.6810328066804004,0.043920287761629234,1.0,raw,0.14299811651700933,3.255855637675011,nan
3467.0,9.0,27.0,raw,0.6062489055163663,0.6810328066804004,0.043920287761629234,1.0,ppo,0.08246928299767438,1.8777036126280418,nan
3467.0,9.0,28.0,raw,0.6062489055163663,0.5894977880351974,0.043920287761629234,1.0,raw,0.04606053740960275,1.0487303193364625,nan
3467.0,9.0,28.0,raw,0.6062489055163663,0.5894977880351974,0.043920287761629234,1.0,ppo,0.040155907079974185,0.9142906189029165,nan
3467.0,9.0,29.0,raw,0.6062489055163663,0.6663925974820079,0.043920287761629234,1.0,raw,0.1093582219034797,2.489924986307126,nan
3467.0,9.0,29.0,raw,0.6062489055163663,0.6663925974820079,0.043920287761629234,1.0,ppo,0.02930834292938253,0.667307625315416,nan
3467.0,9.0,30.0,raw,0.6062489055163663,0.5518755562177423,0.043920287761629234,1.0,raw,0.19866121113624408,4.523221983754933,nan
3467.0,9.0,30.0,raw,0.6062489055163663,0.5518755562177423,0.043920287761629234,1.0,ppo,0.10856965521706363,2.4719704890439047,nan
3467.0,9.0,31.0,raw,0.6062489055163663,0.5411014665934295,0.043920287761629234,1.0,raw,0.07017867670315539,1.5978646834929593,nan
3467.0,9.0,31.0,raw,0.6062489055163663,0.5411014665934295,0.043920287761629234,1.0,ppo,0.0377542676525168,0.8596088408487307,nan
3467.0,9.0,32.0,raw,0.6062489055163663,0.7577993766410468,0.043920287761629234,1.0,raw,0.07238567497658953,1.6481147703187171,nan
3467.0,9.0,32.0,raw,0.6062489055163663,0.7577993766410468,0.043920287761629234,1.0,ppo,0.038454792039162716,0.875558745149174,nan
3467.0,9.0,33.0,raw,0.6062489055163663,0.48327643717466107,0.043920287761629234,1.0,raw,0.17460155478358114,3.975419189673912,nan
3467.0,9.0,33.0,raw,0.6062489055163663,0.48327643717466107,0.043920287761629234,1.0,ppo,0.2387082207168068,5.435033167641338,nan
3467.0,9.0,34.0,raw,0.6062489055163663,0.7020864420937303,0.043920287761629234,1.0,raw,0.09585051121030969,2.1823743899521775,nan
3467.0,9.0,34.0,raw,0.6062489055163663,0.7020864420937303,0.043920287761629234,1.0,ppo,0.10261862880505998,2.336474418428385,nan
3467.0,9.0,35.0,raw,0.6062489055163663,0.7189379009190985,0.043920287761629234,1.0,raw,0.09253713022683957,2.106933605013495,nan
3467.0,9.0,35.0,raw,0.6062489055163663,0.7189379009190985,0.043920287761629234,1.0,ppo,0.07506666862570459,1.7091570308718753,nan
3467.0,9.0,36.0,raw,0.6062489055163663,0.7220378800953262,0.043920287761629234,1.0,raw,0.1395410244501259,3.177142763896809,nan
3467.0,9.0,36.0,raw,0.6062489055163663,0.7220378800953262,0.043920287761629234,1.0,ppo,0.09508773369656466,2.1650070740118794,nan
3467.0,9.0,37.0,raw,0.6062489055163663,0.6714233884579341,0.043920287761629234,1.0,raw,0.16857984680420224,3.8383138042980054,nan
3467.0,9.0,37.0,raw,0.6062489055163663,0.6714233884579341,0.043920287761629234,1.0,ppo,0.16878551196207336,3.842996495790997,nan
3467.0,9.0,38.0,raw,0.6062489055163663,0.7785536206098118,0.043920287761629234,1.0,raw,0.03882114063272694,0.8838999608432178,nan
3467.0,9.0,38.0,raw,0.6062489055163663,0.7785536206098118,0.043920287761629234,1.0,ppo,0.024095183734589826,0.5486117000271677,nan
3467.0,9.0,39.0,raw,0.6062489055163663,0.6926593661031607,0.043920287761629234,1.0,raw,0.02984721440290583,0.6795769318474666,nan
3467.0,9.0,39.0,raw,0.6062489055163663,0.6926593661031607,0.043920287761629234,1.0,ppo,0.019458641084490164,0.44304448072150654,nan
3467.0,9.0,40.0,raw,0.6062489055163663,0.5278925994847216,0.043920287761629234,1.0,raw,0.12972055165137691,2.953545121457667,nan
3467.0,9.0,40.0,raw,0.6062489055163663,0.5278925994847216,0.043920287761629234,1.0,ppo,0.15390440503337632,3.5041756982255983,nan
3467.0,9.0,41.0,raw,0.6062489055163663,0.468665083023052,0.043920287761629234,1.0,raw,0.3916408937583655,8.917083965477131,nan
3467.0,9.0,41.0,raw,0.6062489055163663,0.468665083023052,0.043920287761629234,1.0,ppo,0.4698442078060409,10.697657773921014,nan
3467.0,9.0,42.0,raw,0.6062489055163663,0.7357725186784425,0.043920287761629234,1.0,raw,0.11256717024446178,2.5629879944185063,nan
3467.0,9.0,42.0,raw,0.6062489055163663,0.7357725186784425,0.043920287761629234,1.0,ppo,0.14380248403109225,3.2741698964168595,nan
3467.0,9.0,43.0,raw,0.6062489055163663,0.48925041764002974,0.043920287761629234,1.0,raw,0.3827103460649268,8.713748601603655,nan
3467.0,9.0,43.0,raw,0.6062489055163663,0.48925041764002974,0.043920287761629234,1.0,ppo,0.46646309147049614,10.620674755187272,nan
3467.0,9.0,44.0,raw,0.6062489055163663,0.6349081694577483,0.043920287761629234,1.0,raw,0.11199383815911793,2.5499340707180167,nan
3467.0,9.0,44.0,raw,0.6062489055163663,0.6349081694577483,0.043920287761629234,1.0,ppo,0.09636162663400147,2.1940117322771138,nan
3467.0,9.0,45.0,raw,0.6062489055163663,0.6273710199143375,0.043920287761629234,1.0,raw,0.09619105090200522,2.1901279751186444,nan
3467.0,9.0,45.0,raw,0.6062489055163663,0.6273710199143375,0.043920287761629234,1.0,ppo,0.0718357826008682,1.6355945341420832,nan
3467.0,9.0,46.0,raw,0.6062489055163663,0.6624456768920705,0.043920287761629234,1.0,raw,0.04585402025857366,1.0440282292192498,nan
3467.0,9.0,46.0,raw,0.6062489055163663,0.6624456768920705,0.043920287761629234,1.0,ppo,0.02644055020515211,0.6020122260731584,nan
3467.0,9.0,47.0,raw,0.6062489055163663,0.7228381409288815,0.043920287761629234,1.0,raw,0.07126461879674348,1.6225899789983502,nan
3467.0,9.0,47.0,raw,0.6062489055163663,0.7228381409288815,0.043920287761629234,1.0,ppo,0.04160693135209055,0.9473282957048442,nan
3467.0,9.0,48.0,raw,0.6062489055163663,0.49523164781235657,0.043920287761629234,1.0,raw,0.25353344484962004,5.772581596587771,nan
3467.0,9.0,48.0,raw,0.6062489055163663,0.49523164781235657,0.043920287761629234,1.0,ppo,0.2980357975447489,6.785834354326034,nan
3467.0,9.0,49.0,raw,0.6062489055163663,0.629809471806228,0.043920287761629234,1.0,raw,0.4269544463338599,9.72112133351883,nan
3467.0,9.0,49.0,raw,0.6062489055163663,0.629809471806228,0.043920287761629234,1.0,ppo,0.486989028813348,11.088019993320804,nan
3467.0,9.0,50.0,raw,0.6062489055163663,0.6908159854063913,0.043920287761629234,1.0,raw,0.05021217562976746,1.143256981882416,nan
3467.0,9.0,50.0,raw,0.6062489055163663,0.6908159854063913,0.043920287761629234,1.0,ppo,0.0386622556012181,0.8802823836458379,nan
3467.0,9.0,51.0,raw,0.6062489055163663,0.5655773665054014,0.043920287761629234,1.0,raw,0.054282362733797544,1.2359291229694787,nan
3467.0,9.0,51.0,raw,0.6062489055163663,0.5655773665054014,0.043920287761629234,1.0,ppo,0.07619207919167346,1.7347809651246944,nan
3467.0,9.0,52.0,raw,0.6062489055163663,0.5940253705896076,0.043920287761629234,1.0,raw,0.16540668296158076,3.766065556293727,nan
3467.0,9.0,52.0,raw,0.6062489055163663,0.5940253705896076,0.043920287761629234,1.0,ppo,0.1953137300720811,4.447004790408411,nan
3467.0,9.0,53.0,raw,0.6062489055163663,0.5031737715736347,0.043920287761629234,1.0,raw,0.21635327168846535,4.926044038297068,nan
3467.0,9.0,53.0,raw,0.6062489055163663,0.5031737715736347,0.043920287761629234,1.0,ppo,0.20029134962331974,4.560337826345104,nan
3467.0,9.0,54.0,raw,0.6062489055163663,0.6641240220851174,0.043920287761629234,1.0,raw,0.08892072917035329,2.024593501139091,nan
3467.0,9.0,54.0,raw,0.6062489055163663,0.6641240220851174,0.043920287761629234,1.0,ppo,0.08217284635481974,1.8709541886610699,nan
3467.0,9.0,55.0,raw,0.6062489055163663,0.6532882687976633,0.043920287761629234,1.0,raw,0.10484467281787979,2.3871581485738096,nan
3467.0,9.0,55.0,raw,0.6062489055163663,0.6532882687976633,0.043920287761629234,1.0,ppo,0.0448428701625478,1.021005836890818,nan
3467.0,9.0,56.0,raw,0.6062489055163663,0.6881845250979839,0.043920287761629234,1.0,raw,0.11515630574923086,2.6219387808710275,nan
3467.0,9.0,56.0,raw,0.6062489055163663,0.6881845250979839,0.043920287761629234,1.0,ppo,0.11613097017938318,2.6441304485450225,nan
3467.0,9.0,57.0,raw,0.6062489055163663,0.5589179386147595,0.043920287761629234,1.0,raw,0.22044271775883037,5.019154677566097,nan
3467.0,9.0,57.0,raw,0.6062489055163663,0.5589179386147595,0.043920287761629234,1.0,ppo,0.15519782746512117,3.533625014194672,nan
3467.0,9.0,58.0,raw,0.6062489055163663,0.7675268572909347,0.043920287761629234,1.0,raw,0.07107746744933525,1.6183288195901069,nan
3467.0,9.0,58.0,raw,0.6062489055163663,0.7675268572909347,0.043920287761629234,1.0,ppo,0.03645877220667221,0.8301123254143215,nan
3467.0,9.0,59.0,raw,0.6062489055163663,0.5930415281129584,0.043920287761629234,1.0,raw,0.28443559275944164,6.476177804279724,nan
3467.0,9.0,59.0,raw,0.6062489055163663,0.5930415281129584,0.043920287761629234,1.0,ppo,0.19665596812876357,4.477565565965421,nan
3467.0,9.0,60.0,raw,0.6062489055163663,0.7729108206455002,0.043920287761629234,1.0,raw,0.12566695554273724,2.861250732799743,nan
3467.0,9.0,60.0,raw,0.6062489055163663,0.7729108206455002,0.043920287761629234,1.0,ppo,0.04502799725964349,1.025220907113045,nan
3467.0,9.0,61.0,raw,0.6062489055163663,0.6798616462959428,0.043920287761629234,1.0,raw,0.0951898553847399,2.1673322338270764,nan
3467.0,9.0,61.0,raw,0.6062489055163663,0.6798616462959428,0.043920287761629234,1.0,ppo,0.06182967760081249,1.4077703210048116,nan
3467.0,9.0,62.0,raw,0.6062489055163663,0.6747577118492264,0.043920287761629234,1.0,raw,0.16532964494135644,3.764311514502324,nan
3467.0,9.0,62.0,raw,0.6062489055163663,0.6747577118492264,0.043920287761629234,1.0,ppo,0.22118029679840895,5.035948261514856,nan
3467.0,9.0,63.0,raw,0.6062489055163663,0.7324876747420033,0.043920287761629234,1.0,raw,0.0739369000528788,1.6834338712478438,nan
3467.0,9.0,63.0,raw,0.6062489055163663,0.7324876747420033,0.043920287761629234,1.0,ppo,0.028681565368135112,0.6530368271674357,nan
3467.0,9.0,64.0,raw,0.6062489055163663,0.728538624796433,0.043920287761629234,1.0,raw,0.08730268574413641,1.9877530451976686,nan
3467.0,9.0,64.0,raw,0.6062489055163663,0.728538624796433,0.043920287761629234,1.0,ppo,0.039662272489372,0.9030512892955763,nan
3467.0,9.0,65.0,raw,0.6062489055163663,0.6450898116060817,0.043920287761629234,1.0,raw,0.04867970300498407,1.1083648465416678,nan
3467.0,9.0,65.0,raw,0.6062489055163663,0.6450898116060817,0.043920287761629234,1.0,ppo,0.05129037387402439,1.167805961390672,nan
3467.0,9.0,66.0,raw,0.6062489055163663,0.6627631677742992,0.043920287761629234,1.0,raw,0.10150985096592277,2.3112291867679065,nan
3467.0,9.0,66.0,raw,0.6062489055163663,0.6627631677742992,0.043920287761629234,1.0,ppo,0.08403153318747209,1.9132737390870618,nan
3467.0,9.0,67.0,raw,0.6062489055163663,0.5670153102459359,0.043920287761629234,1.0,raw,0.1283397792330194,2.9221069754725715,nan
3467.0,9.0,67.0,raw,0.6062489055163663,0.5670153102459359,0.043920287761629234,1.0,ppo,0.0954845174051543,2.1740412522655177,nan
3467.0,9.0,68.0,raw,0.6062489055163663,0.6184331473277007,0.043920287761629234,1.0,raw,0.05547272753258485,1.263031969044801,nan
3467.0,9.0,68.0,raw,0.6062489055163663,0.6184331473277007,0.043920287761629234,1.0,ppo,0.05411221810984235,1.232055181503552,nan
3467.0,9.0,69.0,raw,0.6062489055163663,0.6657717275080919,0.043920287761629234,1.0,raw,0.06662031500421653,1.516846049957329,nan
3467.0,9.0,69.0,raw,0.6062489055163663,0.6657717275080919,0.043920287761629234,1.0,ppo,0.06113062951741021,1.3918540299459676,nan
3467.0,9.0,70.0,raw,0.6062489055163663,0.7832267876838592,0.043920287761629234,1.0,raw,0.06733830777278946,1.5331936834808098,nan
3467.0,9.0,70.0,raw,0.6062489055163663,0.7832267876838592,0.043920287761629234,1.0,ppo,0.05728649408165798,1.3043287510448889,nan
3467.0,9.0,71.0,raw,0.6062489055163663,0.6470433316716534,0.043920287761629234,1.0,raw,0.10049770285608556,2.2881840711409214,nan
3467.0,9.0,71.0,raw,0.6062489055163663,0.6470433316716534,0.043920287761629234,1.0,ppo,0.10142836872502961,2.3093739566442926,nan
3467.0,9.0,72.0,raw,0.6062489055163663,0.694554603413729,0.043920287761629234,1.0,raw,0.09817622252451697,2.2353273971553573,nan
3467.0,9.0,72.0,raw,0.6062489055163663,0.694554603413729,0.043920287761629234,1.0,ppo,0.05055020785289575,1.1509534756978235,nan
3467.0,9.0,73.0,raw,0.6062489055163663,0.6701099985845849,0.043920287761629234,1.0,raw,0.037883155583392475,0.8625434284264624,nan
3467.0,9.0,73.0,raw,0.6062489055163663,0.6701099985845849,0.043920287761629234,1.0,ppo,0.0356081166113804,0.8107441555173341,nan
3467.0,9.0,74.0,raw,0.6062489055163663,0.5326405713708644,0.043920287761629234,1.0,raw,0.16609029414836346,3.781630372045684,nan
3467.0,9.0,74.0,raw,0.6062489055163663,0.5326405713708644,0.043920287761629234,1.0,ppo,0.15762968017107606,3.5889947039187784,nan
3467.0,9.0,75.0,raw,0.6062489055163663,0.6421721240901761,0.043920287761629234,1.0,raw,0.07987161710169437,1.818558601782975,nan
3467.0,9.0,75.0,raw,0.6062489055163663,0.6421721240901761,0.043920287761629234,1.0,ppo,0.0625332347099359,1.4237892759110695,nan
3467.0,9.0,76.0,raw,0.6062489055163663,0.7484364614689857,0.043920287761629234,1.0,raw,0.08952803139510773,2.0384208746765884,nan
3467.0,9.0,76.0,raw,0.6062489055163663,0.7484364614689857,0.043920287761629234,1.0,ppo,0.07510958868466439,1.7101342571412645,nan
3467.0,9.0,77.0,raw,0.6062489055163663,0.7563048877999697,0.043920287761629234,1.0,raw,0.15779612819247496,3.592784479211287,nan
3467.0,9.0,77.0,raw,0.6062489055163663,0.7563048877999697,0.043920287761629234,1.0,ppo,0.11025329406420328,2.510304455712733,nan
3467.0,9.0,78.0,raw,0.6062489055163663,0.5287991758118149,0.043920287761629234,1.0,raw,0.3552161619869231,8.087746690431661,nan
3467.0,9.0,78.0,raw,0.6062489055163663,0.5287991758118149,0.043920287761629234,1.0,ppo,0.3914851655507921,8.913538264492233,nan
3467.0,9.0,79.0,raw,0.6062489055163663,0.49606651072179253,0.043920287761629234,1.0,raw,1.39960835000193,31.867012292772174,nan
3467.0,9.0,79.0,raw,0.6062489055163663,0.49606651072179253,0.043920287761629234,1.0,ppo,1.2860047712005849,29.280426808225453,nan
677.0,10.0,0.0,raw,0.6465729129758434,0.6810575365655428,0.036093495845198456,1.0,raw,0.10557122091854149,2.9249375391989276,-0.0028310478432431174
677.0,10.0,0.0,raw,0.6465729129758434,0.6810575365655428,0.036093495845198456,1.0,ppo,0.03865040130444109,1.0708411695616562,0.0011125001310785532
677.0,10.0,1.0,raw,0.6465729129758434,0.6867300690292888,0.036093495845198456,1.0,raw,0.05445270033407203,1.508656866256858,0.006756104858261447
677.0,10.0,1.0,raw,0.6465729129758434,0.6867300690292888,0.036093495845198456,1.0,ppo,0.029763464722438873,0.824621279415314,0.006655512168778632
677.0,10.0,2.0,raw,0.6465729129758434,0.7595412111920387,0.036093495845198456,1.0,raw,0.041341855573107475,1.1454101245947117,0.005492686138288461
677.0,10.0,2.0,raw,0.6465729129758434,0.7595412111920387,0.036093495845198456,1.0,ppo,0.013205298758266905,0.3658636673738439,0.005116305376286823
677.0,10.0,3.0,raw,0.6465729129758434,0.6429770393740857,0.036093495845198456,1.0,raw,0.06847610941280163,1.8971869531975818,0.008570539165255464
677.0,10.0,3.0,raw,0.6465729129758434,0.6429770393740857,0.036093495845198456,1.0,ppo,0.04823435134194316,1.3363723909929832,0.008574102160117503
677.0,10.0,4.0,raw,0.6465729129758434,0.6655784030053793,0.036093495845198456,1.0,raw,0.12568733938639065,3.4822711528263044,0.0007964505962179125
677.0,10.0,4.0,raw,0.6465729129758434,0.6655784030053793,0.036093495845198456,1.0,ppo,0.07086411009659255,1.9633484769810583,0.004278654662049963
677.0,10.0,5.0,raw,0.6465729129758434,0.7364751420151672,0.036093495845198456,1.0,raw,0.060673810001678326,1.6810178283063097,0.004700114077929918
677.0,10.0,5.0,raw,0.6465729129758434,0.7364751420151672,0.036093495845198456,1.0,ppo,0.018471943740536807,0.5117803999856706,0.00592570230440187
677.0,10.0,6.0,raw,0.6465729129758434,0.6171844034805571,0.036093495845198456,1.0,raw,0.05937234265886823,1.6449596047307393,0.001599309765968282
677.0,10.0,6.0,raw,0.6465729129758434,0.6171844034805571,0.036093495845198456,1.0,ppo,0.05548126901609875,1.5371542078953115,0.0033641958021120577
677.0,10.0,7.0,raw,0.6465729129758434,0.6998712466410213,0.036093495845198456,1.0,raw,0.033583856246034466,0.9304683699820158,0.006255412526570914
677.0,10.0,7.0,raw,0.6465729129758434,0.6998712466410213,0.036093495845198456,1.0,ppo,0.016176008347749467,0.44816962084046436,0.006470008236013236
677.0,10.0,8.0,raw,0.6465729129758434,0.5831129230880243,0.036093495845198456,1.0,raw,0.08971680019043102,2.485677767961789,0.010594564202178636
677.0,10.0,8.0,raw,0.6465729129758434,0.5831129230880243,0.036093495845198456,1.0,ppo,0.09520681711052585,2.6377832039007463,0.011872394188016389
677.0,10.0,9.0,raw,0.6465729129758434,0.7707601102839147,0.036093495845198456,1.0,raw,0.06160603140531638,1.706845789322784,0.0041910536315493685
677.0,10.0,9.0,raw,0.6465729129758434,0.7707601102839147,0.036093495845198456,1.0,ppo,0.08167240689894534,2.2628012329210354,0.002522184873831712
677.0,10.0,10.0,raw,0.6465729129758434,0.5397033123771204,0.036093495845198456,1.0,raw,0.19823747322066101,5.492332304714471,0.013199533095130833
677.0,10.0,10.0,raw,0.6465729129758434,0.5397033123771204,0.036093495845198456,1.0,ppo,0.20695526954150006,5.733866024757241,0.013505917900850817
677.0,10.0,11.0,raw,0.6465729129758434,0.6810068955728691,0.036093495845198456,1.0,raw,0.09567094792226839,2.650642329925367,0.009388941900404402
677.0,10.0,11.0,raw,0.6465729129758434,0.6810068955728691,0.036093495845198456,1.0,ppo,0.07211922960512787,1.998122595673202,0.009838138971002441
677.0,10.0,12.0,raw,0.6465729129758434,0.7129488818563114,0.036093495845198456,1.0,raw,0.057013774333931566,1.5796135286661668,0.004515754375092773
677.0,10.0,12.0,raw,0.6465729129758434,0.7129488818563114,0.036093495845198456,1.0,ppo,0.057118467356331026,1.5825141349928158,0.005420473898910316
677.0,10.0,13.0,raw,0.6465729129758434,0.5474382699541077,0.036093495845198456,1.0,raw,0.042005490756094624,1.1637966833762001,0.009268487471719877
677.0,10.0,13.0,raw,0.6465729129758434,0.5474382699541077,0.036093495845198456,1.0,ppo,0.06432479717403031,1.7821714319364685,0.010211676221939192
677.0,10.0,14.0,raw,0.6465729129758434,0.6645610601293448,0.036093495845198456,1.0,raw,0.08360063324571938,2.316224330396659,0.0009560684102836725
677.0,10.0,14.0,raw,0.6465729129758434,0.6645610601293448,0.036093495845198456,1.0,ppo,0.06131774046363232,1.6988584515785956,0.0030683488723981522
677.0,10.0,15.0,raw,0.6465729129758434,0.5592036406059493,0.036093495845198456,1.0,raw,0.03452429160605101,0.9565239054183718,0.004244635537586028
677.0,10.0,15.0,raw,0.6465729129758434,0.5592036406059493,0.036093495845198456,1.0,ppo,0.02942523914850308,0.8152504615985414,0.005240950392444266
677.0,10.0,16.0,raw,0.6465729129758434,0.6478663054391555,0.036093495845198456,1.0,raw,0.07811911031657613,2.1643542274658434,0.002586713610576996
677.0,10.0,16.0,raw,0.6465729129758434,0.6478663054391555,0.036093495845198456,1.0,ppo,0.08459408803535412,2.3437488127547983,0.0025047980032644745
677.0,10.0,17.0,raw,0.6465729129758434,0.7277861160173265,0.036093495845198456,1.0,raw,0.05879997599515145,1.6291017153710716,0.0011282824854712548
677.0,10.0,17.0,raw,0.6465729129758434,0.7277861160173265,0.036093495845198456,1.0,ppo,0.048631606275838554,1.347378665796598,0.0033528322775561725
677.0,10.0,18.0,raw,0.6465729129758434,0.7302312141923564,0.036093495845198456,1.0,raw,0.1052717804030834,2.9166412933394974,0.0024711269584503093
677.0,10.0,18.0,raw,0.6465729129758434,0.7302312141923564,0.036093495845198456,1.0,ppo,0.07510715260115464,2.0809054607312634,0.006145257429247042
677.0,10.0,19.0,raw,0.6465729129758434,0.727390713440201,0.036093495845198456,1.0,raw,0.03224935767138903,0.8934949889504589,0.007061103051454409
677.0,10.0,19.0,raw,0.6465729129758434,0.727390713440201,0.036093495845198456,1.0,ppo,0.03623686556004701,1.0039721759140054,0.0056365381711780405
677.0,10.0,20.0,raw,0.6465729129758434,0.5935527938078803,0.036093495845198456,1.0,raw,0.05480732986099579,1.5184821690882804,nan
677.0,10.0,20.0,raw,0.6465729129758434,0.5935527938078803,0.036093495845198456,1.0,ppo,0.038109566676445696,1.0558569011961039,nan
677.0,10.0,21.0,raw,0.6465729129758434,0.7764927129256566,0.036093495845198456,1.0,raw,0.07225641572764344,2.001923450073783,nan
677.0,10.0,21.0,raw,0.6465729129758434,0.7764927129256566,0.036093495845198456,1.0,ppo,0.09065192030587634,2.5115860401739343,nan
677.0,10.0,22.0,raw,0.6465729129758434,0.6731541110555906,0.036093495845198456,1.0,raw,0.047651209480658395,1.3202159659188974,nan
677.0,10.0,22.0,raw,0.6465729129758434,0.6731541110555906,0.036093495845198456,1.0,ppo,0.04687003630581742,1.2985729203632286,nan
677.0,10.0,23.0,raw,0.6465729129758434,0.5955669829584395,0.036093495845198456,1.0,raw,0.048710570251527634,1.3495664277143615,nan
677.0,10.0,23.0,raw,0.6465729129758434,0.5955669829584395,0.036093495845198456,1.0,ppo,0.05060610666569062,1.4020838237098274,nan
677.0,10.0,24.0,raw,0.6465729129758434,0.6933087291444578,0.036093495845198456,1.0,raw,0.05162169104390857,1.4302214245278166,nan
677.0,10.0,24.0,raw,0.6465729129758434,0.6933087291444578,0.036093495845198456,1.0,ppo,0.04183993548176686,1.1592098382826184,nan
677.0,10.0,25.0,raw,0.6465729129758434,0.6499792133288365,0.036093495845198456,1.0,raw,0.06122915277006345,1.6964040566386094,nan
677.0,10.0,25.0,raw,0.6465729129758434,0.6499792133288365,0.036093495845198456,1.0,ppo,0.039384392290009285,1.0911769937421736,nan
677.0,10.0,26.0,raw,0.6465729129758434,0.7877199586719715,0.036093495845198456,1.0,raw,0.07762544238146404,2.150676751135222,nan
677.0,10.0,26.0,raw,0.6465729129758434,0.7877199586719715,0.036093495845198456,1.0,ppo,0.09706494312308789,2.689264113938703,nan
677.0,10.0,27.0,raw,0.6465729129758434,0.6244960053484729,0.036093495845198456,1.0,raw,0.03265249578411574,0.9046642620642558,nan
677.0,10.0,27.0,raw,0.6465729129758434,0.6244960053484729,0.036093495845198456,1.0,ppo,0.02468277321387134,0.6838565407943134,nan
677.0,10.0,28.0,raw,0.6465729129758434,0.6318169803889003,0.036093495845198456,1.0,raw,0.023822188981289148,0.660013346544769,nan
677.0,10.0,28.0,raw,0.6465729129758434,0.6318169803889003,0.036093495845198456,1.0,ppo,0.0283460749382063,0.785351329219533,nan
677.0,10.0,29.0,raw,0.6465729129758434,0.648568031428347,0.036093495845198456,1.0,raw,0.12051654412598041,3.339010015623433,nan
677.0,10.0,29.0,raw,0.6465729129758434,0.648568031428347,0.036093495845198456,1.0,ppo,0.030700246988463114,0.8505756028768598,nan
677.0,10.0,30.0,raw,0.6465729129758434,0.7520920416016855,0.036093495845198456,1.0,raw,0.05367577031636748,1.4871313808609095,nan
677.0,10.0,30.0,raw,0.6465729129758434,0.7520920416016855,0.036093495845198456,1.0,ppo,0.031931483061209694,0.8846880113292646,nan
677.0,10.0,31.0,raw,0.6465729129758434,0.7138296490206012,0.036093495845198456,1.0,raw,0.07502606644152598,2.078658901961328,nan
677.0,10.0,31.0,raw,0.6465729129758434,0.7138296490206012,0.036093495845198456,1.0,ppo,0.058518885547393006,1.621313873235635,nan
677.0,10.0,32.0,raw,0.6465729129758434,0.671407767867766,0.036093495845198456,1.0,raw,0.041151452941183844,1.1401348630146129,nan
677.0,10.0,32.0,raw,0.6465729129758434,0.671407767867766,0.036093495845198456,1.0,ppo,0.043854713941356795,1.2150309332585976,nan
677.0,10.0,33.0,raw,0.6465729129758434,0.6374610391428459,0.036093495845198456,1.0,raw,0.10684687633574604,2.9602806221376294,nan
677.0,10.0,33.0,raw,0.6465729129758434,0.6374610391428459,0.036093495845198456,1.0,ppo,0.027191796778137232,0.7533711030585744,nan
677.0,10.0,34.0,raw,0.6465729129758434,0.7281102478743449,0.036093495845198456,1.0,raw,0.09107901283767947,2.5234189901778596,nan
677.0,10.0,34.0,raw,0.6465729129758434,0.7281102478743449,0.036093495845198456,1.0,ppo,0.04755859444982878,1.3176499902864227,nan
677.0,10.0,35.0,raw,0.6465729129758434,0.6532140011758493,0.036093495845198456,1.0,raw,0.051912293346848284,1.4382728004373735,nan
677.0,10.0,35.0,raw,0.6465729129758434,0.6532140011758493,0.036093495845198456,1.0,ppo,0.050717641904865926,1.4051739992820045,nan
677.0,10.0,36.0,raw,0.6465729129758434,0.7099958978332617,0.036093495845198456,1.0,raw,0.025574905382458324,0.7085737965684078,nan
677.0,10.0,36.0,raw,0.6465729129758434,0.7099958978332617,0.036093495845198456,1.0,ppo,0.04574030503792914,1.2672727860472404,nan
677.0,10.0,37.0,raw,0.6465729129758434,0.7292629878500128,0.036093495845198456,1.0,raw,0.02487941779402806,0.6893047406860643,nan
677.0,10.0,37.0,raw,0.6465729129758434,0.7292629878500128,0.036093495845198456,1.0,ppo,0.017383243196132298,0.48161705562374346,nan
677.0,10.0,38.0,raw,0.6465729129758434,0.6377450564912936,0.036093495845198456,1.0,raw,0.08926934647732243,2.4732806946766837,nan
677.0,10.0,38.0,raw,0.6465729129758434,0.6377450564912936,0.036093495845198456,1.0,ppo,0.10322082029190342,2.859817755936073,nan
677.0,10.0,39.0,raw,0.6465729129758434,0.7251659903707818,0.036093495845198456,1.0,raw,0.04607043133666399,1.276419206780514,nan
677.0,10.0,39.0,raw,0.6465729129758434,0.7251659903707818,0.036093495845198456,1.0,ppo,0.042199396420037796,1.1691689993406835,nan
677.0,10.0,40.0,raw,0.6465729129758434,0.7378943052310067,0.036093495845198456,1.0,raw,0.051121308365233056,1.4163579107019018,nan
677.0,10.0,40.0,raw,0.6465729129758434,0.7378943052310067,0.036093495845198456,1.0,ppo,0.0567654595321323,1.5727337627697222,nan
677.0,10.0,41.0,raw,0.6465729129758434,0.6010922896249172,0.036093495845198456,1.0,raw,0.06355390876246571,1.7608133342096408,nan
677.0,10.0,41.0,raw,0.6465729129758434,0.6010922896249172,0.036093495845198456,1.0,ppo,0.06936191874633985,1.9217290296242422,nan
677.0,10.0,42.0,raw,0.6465729129758434,0.7084801507614946,0.036093495845198456,1.0,raw,0.04674742356499974,1.295175833493518,nan
677.0,10.0,42.0,raw,0.6465729129758434,0.7084801507614946,0.036093495845198456,1.0,ppo,0.04954510874007119,1.3726880031949638,nan
677.0,10.0,43.0,raw,0.6465729129758434,0.6271893115572476,0.036093495845198456,1.0,raw,0.03604270772527429,0.9985928733492042,nan
677.0,10.0,43.0,raw,0.6465729129758434,0.6271893115572476,0.036093495845198456,1.0,ppo,0.030461681168625236,0.8439659405470854,nan
677.0,10.0,44.0,raw,0.6465729129758434,0.7600553954760524,0.036093495845198456,1.0,raw,0.11956323078176133,3.312597685038783,nan
677.0,10.0,44.0,raw,0.6465729129758434,0.7600553954760524,0.036093495845198456,1.0,ppo,0.08501632137637485,2.3554471348799715,nan
677.0,10.0,45.0,raw,0.6465729129758434,0.7078013983391802,0.036093495845198456,1.0,raw,0.05835345416254001,1.6167304606018873,nan
677.0,10.0,45.0,raw,0.6465729129758434,0.7078013983391802,0.036093495845198456,1.0,ppo,0.05732652683305318,1.588278593986051,nan
677.0,10.0,46.0,raw,0.6465729129758434,0.6337487809599271,0.036093495845198456,1.0,raw,0.12946012095401108,3.5867991703894,nan
677.0,10.0,46.0,raw,0.6465729129758434,0.6337487809599271,0.036093495845198456,1.0,ppo,0.08988368415971824,2.490301425642469,nan
677.0,10.0,47.0,raw,0.6465729129758434,0.776743520320011,0.036093495845198456,1.0,raw,0.13174794189148772,3.6501851318736764,nan
677.0,10.0,47.0,raw,0.6465729129758434,0.776743520320011,0.036093495845198456,1.0,ppo,0.13149120978328876,3.6430721575776963,nan
677.0,10.0,48.0,raw,0.6465729129758434,0.7655753487866821,0.036093495845198456,1.0,raw,0.051229214220495214,1.41934753120652,nan
677.0,10.0,48.0,raw,0.6465729129758434,0.7655753487866821,0.036093495845198456,1.0,ppo,0.06506511796758968,1.8026826286555266,nan
677.0,10.0,49.0,raw,0.6465729129758434,0.6215317775675181,0.036093495845198456,1.0,raw,0.03932150234666514,1.0894345761161872,nan
677.0,10.0,49.0,raw,0.6465729129758434,0.6215317775675181,0.036093495845198456,1.0,ppo,0.025918020278915734,0.7180800770885601,nan
677.0,10.0,50.0,raw,0.6465729129758434,0.6461232786116191,0.036093495845198456,1.0,raw,0.0620314626779908,1.71863271277567,nan
677.0,10.0,50.0,raw,0.6465729129758434,0.6461232786116191,0.036093495845198456,1.0,ppo,0.04722748582245512,1.308476353329954,nan
677.0,10.0,51.0,raw,0.6465729129758434,0.6104440354260333,0.036093495845198456,1.0,raw,0.08984550617190054,2.4892436730772576,nan
677.0,10.0,51.0,raw,0.6465729129758434,0.6104440354260333,0.036093495845198456,1.0,ppo,0.13016027573660452,3.6061975347261863,nan
677.0,10.0,52.0,raw,0.6465729129758434,0.7526511013155587,0.036093495845198456,1.0,raw,0.0573294855953616,1.5883605689302656,nan
677.0,10.0,52.0,raw,0.6465729129758434,0.7526511013155587,0.036093495845198456,1.0,ppo,0.060467246783411865,1.6752948243847061,nan
677.0,10.0,53.0,raw,0.6465729129758434,0.6316431604136066,0.036093495845198456,1.0,raw,0.040944641937814885,1.1344049940028678,nan
677.0,10.0,53.0,raw,0.6465729129758434,0.6316431604136066,0.036093495845198456,1.0,ppo,0.09213929029133748,2.5527948494242305,nan
677.0,10.0,54.0,raw,0.6465729129758434,0.5640188417719307,0.036093495845198456,1.0,raw,0.0568481749495846,1.5750254614682095,nan
677.0,10.0,54.0,raw,0.6465729129758434,0.5640188417719307,0.036093495845198456,1.0,ppo,0.05657114733293432,1.5673501834115084,nan
677.0,10.0,55.0,raw,0.6465729129758434,0.7316613145655491,0.036093495845198456,1.0,raw,0.15042944223904406,4.167771470079305,nan
677.0,10.0,55.0,raw,0.6465729129758434,0.7316613145655491,0.036093495845198456,1.0,ppo,0.13477268817151175,3.7339882163129583,nan
677.0,10.0,56.0,raw,0.6465729129758434,0.6394186916031097,0.036093495845198456,1.0,raw,0.12692695336082385,3.5166156779382467,nan
677.0,10.0,56.0,raw,0.6465729129758434,0.6394186916031097,0.036093495845198456,1.0,ppo,0.09157830899082489,2.537252400919974,nan
677.0,10.0,57.0,raw,0.6465729129758434,0.6183262590811832,0.036093495845198456,1.0,raw,0.03647293626337314,1.0105127089878483,nan
677.0,10.0,57.0,raw,0.6465729129758434,0.6183262590811832,0.036093495845198456,1.0,ppo,0.04400819133422715,1.219283150708761,nan
677.0,10.0,58.0,raw,0.6465729129758434,0.5703728861269314,0.036093495845198456,1.0,raw,0.0647023959932177,1.7926331179091124,nan
677.0,10.0,58.0,raw,0.6465729129758434,0.5703728861269314,0.036093495845198456,1.0,ppo,0.098266153549875,2.7225446371647988,nan
677.0,10.0,59.0,raw,0.6465729129758434,0.5857871945250744,0.036093495845198456,1.0,raw,0.05788122338049688,1.6036469182354598,nan
677.0,10.0,59.0,raw,0.6465729129758434,0.5857871945250744,0.036093495845198456,1.0,ppo,0.07221983325546272,2.000909902582079,nan
677.0,10.0,60.0,raw,0.6465729129758434,0.7204578020633915,0.036093495845198456,1.0,raw,0.042341285204591864,1.1731001448623757,nan
677.0,10.0,60.0,raw,0.6465729129758434,0.7204578020633915,0.036093495845198456,1.0,ppo,0.06261072637555037,1.7346816901328088,nan
677.0,10.0,61.0,raw,0.6465729129758434,0.6000918020438066,0.036093495845198456,1.0,raw,0.046753417346616595,1.2953418961448766,nan
677.0,10.0,61.0,raw,0.6465729129758434,0.6000918020438066,0.036093495845198456,1.0,ppo,0.06532703896821136,1.8099393654854816,nan
677.0,10.0,62.0,raw,0.6465729129758434,0.6378244900661396,0.036093495845198456,1.0,raw,0.09715272682990289,2.691696233764156,nan
677.0,10.0,62.0,raw,0.6465729129758434,0.6378244900661396,0.036093495845198456,1.0,ppo,0.09300554695715985,2.5767952031039534,nan
677.0,10.0,63.0,raw,0.6465729129758434,0.6618461878139595,0.036093495845198456,1.0,raw,0.12984037261688308,3.597334355579077,nan
677.0,10.0,63.0,raw,0.6465729129758434,0.6618461878139595,0.036093495845198456,1.0,ppo,0.12401496574105994,3.4359366649589234,nan
677.0,10.0,64.0,raw,0.6465729129758434,0.6693917688484774,0.036093495845198456,1.0,raw,0.06698279479017151,1.855813442883291,nan
677.0,10.0,64.0,raw,0.6465729129758434,0.6693917688484774,0.036093495845198456,1.0,ppo,0.03825649677756651,1.0599277205412565,nan
677.0,10.0,65.0,raw,0.6465729129758434,0.6419693528842089,0.036093495845198456,1.0,raw,0.10256791664059844,2.841728523069708,nan
677.0,10.0,65.0,raw,0.6465729129758434,0.6419693528842089,0.036093495845198456,1.0,ppo,0.10783950728720026,2.9877822793811264,nan
677.0,10.0,66.0,raw,0.6465729129758434,0.5215921640900242,0.036093495845198456,1.0,raw,0.17029784882023336,4.718242022070251,nan
677.0,10.0,66.0,raw,0.6465729129758434,0.5215921640900242,0.036093495845198456,1.0,ppo,0.13333618784117598,3.694188792713294,nan
677.0,10.0,67.0,raw,0.6465729129758434,0.660255302291205,0.036093495845198456,1.0,raw,0.09232670724519912,2.557987390337016,nan
677.0,10.0,67.0,raw,0.6465729129758434,0.660255302291205,0.036093495845198456,1.0,ppo,0.06820262546664994,1.8896098554477645,nan
677.0,10.0,68.0,raw,0.6465729129758434,0.5893201075441049,0.036093495845198456,1.0,raw,0.0657871038269752,1.822685840937375,nan
677.0,10.0,68.0,raw,0.6465729129758434,0.5893201075441049,0.036093495845198456,1.0,ppo,0.0680301802640157,1.8848321192214412,nan
677.0,10.0,69.0,raw,0.6465729129758434,0.7562893562609965,0.036093495845198456,1.0,raw,0.11684323238161393,3.2372378913570286,nan
677.0,10.0,69.0,raw,0.6465729129758434,0.7562893562609965,0.036093495845198456,1.0,ppo,0.09220360724235482,2.55457680347194,nan
677.0,10.0,70.0,raw,0.6465729129758434,0.681804389870877,0.036093495845198456,1.0,raw,0.07265495631514969,2.012965344968518,nan
677.0,10.0,70.0,raw,0.6465729129758434,0.681804389870877,0.036093495845198456,1.0,ppo,0.09773939201801754,2.707950275507045,nan
677.0,10.0,71.0,raw,0.6465729129758434,0.7294684545526979,0.036093495845198456,1.0,raw,0.07914065920661163,2.1926570799913185,nan
677.0,10.0,71.0,raw,0.6465729129758434,0.7294684545526979,0.036093495845198456,1.0,ppo,0.06496922431586778,1.8000258161335925,nan
677.0,10.0,72.0,raw,0.6465729129758434,0.6564461563667702,0.036093495845198456,1.0,raw,0.05955677892836471,1.6500695633306905,nan
677.0,10.0,72.0,raw,0.6465729129758434,0.6564461563667702,0.036093495845198456,1.0,ppo,0.0829056236142438,2.2969685167050065,nan
677.0,10.0,73.0,raw,0.6465729129758434,0.6032689971441391,0.036093495845198456,1.0,raw,0.08659584692040814,2.399209189705797,nan
677.0,10.0,73.0,raw,0.6465729129758434,0.6032689971441391,0.036093495845198456,1.0,ppo,0.10318994126912942,2.858962227202962,nan
677.0,10.0,74.0,raw,0.6465729129758434,0.5450307738730676,0.036093495845198456,1.0,raw,0.041370758853894365,1.1462109137704362,nan
677.0,10.0,74.0,raw,0.6465729129758434,0.5450307738730676,0.036093495845198456,1.0,ppo,0.03188168288851818,0.883308256569429,nan
677.0,10.0,75.0,raw,0.6465729129758434,0.5590795261874852,0.036093495845198456,1.0,raw,0.08510182673988229,2.3578161313294745,nan
677.0,10.0,75.0,raw,0.6465729129758434,0.5590795261874852,0.036093495845198456,1.0,ppo,0.11077993711757939,3.0692493072077007,nan
677.0,10.0,76.0,raw,0.6465729129758434,0.7719655701310902,0.036093495845198456,1.0,raw,0.1123304605663371,3.1122078351210885,nan
677.0,10.0,76.0,raw,0.6465729129758434,0.7719655701310902,0.036093495845198456,1.0,ppo,0.11794961572908604,3.2678911523272953,nan
677.0,10.0,77.0,raw,0.6465729129758434,0.6972650528865821,0.036093495845198456,1.0,raw,0.039419560169593096,1.0921513487820578,nan
677.0,10.0,77.0,raw,0.6465729129758434,0.6972650528865821,0.036093495845198456,1.0,ppo,0.05339080740382378,1.479236248902346,nan
677.0,10.0,78.0,raw,0.6465729129758434,0.6620352090265164,0.036093495845198456,1.0,raw,0.06669206951149269,1.8477586598296984,nan
677.0,10.0,78.0,raw,0.6465729129758434,0.6620352090265164,0.036093495845198456,1.0,ppo,0.061540059299918626,1.7050179778611094,nan
677.0,10.0,79.0,raw,0.6465729129758434,0.6514653922871346,0.036093495845198456,1.0,raw,0.05407029225729293,1.4980619358455947,nan
677.0,10.0,79.0,raw,0.6465729129758434,0.6514653922871346,0.036093495845198456,1.0,ppo,0.04180305695191118,1.1581880882694346,nan
469.0,11.0,0.0,ppo,0.678180699587382,0.6919655321336685,0.04915005691453462,1.0,raw,0.10434144856789374,2.122916129056159,0.005290805981461921
469.0,11.0,0.0,ppo,0.678180699587382,0.6919655321336685,0.04915005691453462,1.0,ppo,0.09444096623636872,1.9214823372552536,0.005570360435518729
469.0,11.0,1.0,ppo,0.678180699587382,0.39558144340646473,0.04915005691453462,1.0,raw,1.3397121937029748,27.257591909457098,0.0196852849148087
469.0,11.0,1.0,ppo,0.678180699587382,0.39558144340646473,0.04915005691453462,1.0,ppo,1.3793451936156065,28.063959234352534,0.018818023114019478
469.0,11.0,2.0,ppo,0.678180699587382,0.6408254786882561,0.04915005691453462,1.0,raw,0.05187154518969148,1.0553710096386901,0.0037983046491482098
469.0,11.0,2.0,ppo,0.678180699587382,0.6408254786882561,0.04915005691453462,1.0,ppo,0.04225496109335333,0.8597133705629083,0.0045575331144622755
469.0,11.0,3.0,ppo,0.678180699587382,0.6799191201999865,0.04915005691453462,1.0,raw,0.0406090634004507,0.8262261724551904,0.006648367557937518
469.0,11.0,3.0,ppo,0.678180699587382,0.6799191201999865,0.04915005691453462,1.0,ppo,0.033966149491904477,0.6910703999990696,0.007831850320611511
469.0,11.0,4.0,ppo,0.678180699587382,0.8593637609364912,0.04915005691453462,1.0,raw,0.13436234698997102,2.733717017329383,0.008157734534906647
469.0,11.0,4.0,ppo,0.678180699587382,0.8593637609364912,0.04915005691453462,1.0,ppo,0.14700920873946094,2.9910282503861656,0.007900079675265959
469.0,11.0,5.0,ppo,0.678180699587382,0.8669676514954298,0.04915005691453462,1.0,raw,0.14272418043365961,2.9038456798094434,0.008860807648697233
469.0,11.0,5.0,ppo,0.678180699587382,0.8669676514954298,0.04915005691453462,1.0,ppo,0.1614369865615109,3.28457374611444,0.010602027868817254
469.0,11.0,6.0,ppo,0.678180699587382,0.7618675357311915,0.04915005691453462,1.0,raw,0.1443599627852614,2.9371270726356244,0.005535480644327517
469.0,11.0,6.0,ppo,0.678180699587382,0.7618675357311915,0.04915005691453462,1.0,ppo,0.1362868609710388,2.772872902426612,0.0059836287827125245
469.0,11.0,7.0,ppo,0.678180699587382,0.779425409076672,0.04915005691453462,1.0,raw,0.15083773516479715,3.0689228992569393,0.010317263993254722
469.0,11.0,7.0,ppo,0.678180699587382,0.779425409076672,0.04915005691453462,1.0,ppo,0.20894609343605058,4.251187212242296,0.009709116220105618
469.0,11.0,8.0,ppo,0.678180699587382,0.6426272317367726,0.04915005691453462,1.0,raw,0.0700045205089056,1.424301921575271,0.002172368346829101
469.0,11.0,8.0,ppo,0.678180699587382,0.6426272317367726,0.04915005691453462,1.0,ppo,0.06310245970559064,1.283873583611864,0.0038153236333987595
469.0,11.0,9.0,ppo,0.678180699587382,0.8064148088794552,0.04915005691453462,1.0,raw,0.2211085032306675,4.498641855392877,0.003124603164986972
469.0,11.0,9.0,ppo,0.678180699587382,0.8064148088794552,0.04915005691453462,1.0,ppo,0.2638395870608907,5.368042350788576,0.0030269739660976347
469.0,11.0,10.0,ppo,0.678180699587382,0.8024559605664144,0.04915005691453462,1.0,raw,0.058567014907651975,1.1915960750461019,0.007435941723307304
469.0,11.0,10.0,ppo,0.678180699587382,0.8024559605664144,0.04915005691453462,1.0,ppo,0.0611157854197901,1.2434529938808063,0.007537496961503409
469.0,11.0,11.0,ppo,0.678180699587382,0.7515495992994692,0.04915005691453462,1.0,raw,0.18315898863837585,3.7265264810753904,0.006741781779955214
469.0,11.0,11.0,ppo,0.678180699587382,0.7515495992994692,0.04915005691453462,1.0,ppo,0.19501086862203965,3.9676631292846207,0.007861471656544161
469.0,11.0,12.0,ppo,0.678180699587382,0.7200675038697556,0.04915005691453462,1.0,raw,0.21772497167627092,4.42980100826466,0.01114344447329374
469.0,11.0,12.0,ppo,0.678180699587382,0.7200675038697556,0.04915005691453462,1.0,ppo,0.10100597477697278,2.055053058282489,0.00869085777752765
469.0,11.0,13.0,ppo,0.678180699587382,0.8992015085849456,0.04915005691453462,1.0,raw,0.05016424143845925,1.020634452686152,0.004090657246423879
469.0,11.0,13.0,ppo,0.678180699587382,0.8992015085849456,0.04915005691453462,1.0,ppo,0.04275313528529031,0.8698491511338898,0.0047840895582044185
469.0,11.0,14.0,ppo,0.678180699587382,0.8170135654185032,0.04915005691453462,1.0,raw,0.10016424897689148,2.037927426026459,0.010862958686574165
469.0,11.0,14.0,ppo,0.678180699587382,0.8170135654185032,0.04915005691453462,1.0,ppo,0.07273560330474325,1.4798681399539526,0.00843395694130078
469.0,11.0,15.0,ppo,0.678180699587382,0.7516833653095202,0.04915005691453462,1.0,raw,0.06739169485018877,1.3711417459266408,0.009144449964141654
469.0,11.0,15.0,ppo,0.678180699587382,0.7516833653095202,0.04915005691453462,1.0,ppo,0.07157850920535579,1.4563260695673506,0.009859228212578341
469.0,11.0,16.0,ppo,0.678180699587382,0.7395674924856678,0.04915005691453462,1.0,raw,0.2748630703217383,5.592324558233746,0.009086392884890437
469.0,11.0,16.0,ppo,0.678180699587382,0.7395674924856678,0.04915005691453462,1.0,ppo,0.27859208630825316,5.668194582006031,0.00991830199267385
469.0,11.0,17.0,ppo,0.678180699587382,0.8131413577690983,0.04915005691453462,1.0,raw,0.04026400086683708,0.8192055796975128,0.006710652351409108
469.0,11.0,17.0,ppo,0.678180699587382,0.8131413577690983,0.04915005691453462,1.0,ppo,0.054611612361522,1.1111200228411595,0.00746726793675212
469.0,11.0,18.0,ppo,0.678180699587382,0.7373885835177544,0.04915005691453462,1.0,raw,0.04219165290403046,0.8584253112340461,0.006525202752622361
469.0,11.0,18.0,ppo,0.678180699587382,0.7373885835177544,0.04915005691453462,1.0,ppo,0.03342805872559066,0.6801224825378653,0.008928335067367121
469.0,11.0,19.0,ppo,0.678180699587382,0.6313445316445511,0.04915005691453462,1.0,raw,0.235272908658443,4.786828814207706,0.013797891315992628
469.0,11.0,19.0,ppo,0.678180699587382,0.6313445316445511,0.04915005691453462,1.0,ppo,0.3041152880811416,6.1874859801272954,0.014811932655156457
469.0,11.0,20.0,ppo,0.678180699587382,0.6631964912352487,0.04915005691453462,1.0,raw,0.042355401366904834,0.8617569139452924,nan
469.0,11.0,20.0,ppo,0.678180699587382,0.6631964912352487,0.04915005691453462,1.0,ppo,0.03232044034225037,0.6575870379652113,nan
469.0,11.0,21.0,ppo,0.678180699587382,0.6107475726747715,0.04915005691453462,1.0,raw,0.07383616353396047,1.5022599803363745,nan
469.0,11.0,21.0,ppo,0.678180699587382,0.6107475726747715,0.04915005691453462,1.0,ppo,0.05496624481066834,1.1183353237260192,nan
469.0,11.0,22.0,ppo,0.678180699587382,0.8407108852816177,0.04915005691453462,1.0,raw,0.05129801335576423,1.0437020133051853,nan
469.0,11.0,22.0,ppo,0.678180699587382,0.8407108852816177,0.04915005691453462,1.0,ppo,0.048065976798547246,0.9779434616347964,nan
469.0,11.0,23.0,ppo,0.678180699587382,0.8958919448265588,0.04915005691453462,1.0,raw,0.07923350173258184,1.6120734482639218,nan
469.0,11.0,23.0,ppo,0.678180699587382,0.8958919448265588,0.04915005691453462,1.0,ppo,0.07465774791488204,1.5189758181705035,nan
469.0,11.0,24.0,ppo,0.678180699587382,0.8078753652462793,0.04915005691453462,1.0,raw,0.03814351055996672,0.7760623884178443,nan
469.0,11.0,24.0,ppo,0.678180699587382,0.8078753652462793,0.04915005691453462,1.0,ppo,0.04782828540864867,0.9731074267485725,nan
469.0,11.0,25.0,ppo,0.678180699587382,0.8631442912348959,0.04915005691453462,1.0,raw,0.04323315183746597,0.8796154989737376,nan
469.0,11.0,25.0,ppo,0.678180699587382,0.8631442912348959,0.04915005691453462,1.0,ppo,0.034299994086343086,0.6978627541771965,nan
469.0,11.0,26.0,ppo,0.678180699587382,0.8817171931279684,0.04915005691453462,1.0,raw,0.06449070368906788,1.312118596346869,nan
469.0,11.0,26.0,ppo,0.678180699587382,0.8817171931279684,0.04915005691453462,1.0,ppo,0.05352455247206674,1.089002858432876,nan
469.0,11.0,27.0,ppo,0.678180699587382,0.7051581308175962,0.04915005691453462,1.0,raw,0.26873501063407146,5.467643935822205,nan
469.0,11.0,27.0,ppo,0.678180699587382,0.7051581308175962,0.04915005691453462,1.0,ppo,0.27488687488227664,5.592808882404108,nan
469.0,11.0,28.0,ppo,0.678180699587382,0.7393300654373889,0.04915005691453462,1.0,raw,0.05236281348053028,1.0653662837376205,nan
469.0,11.0,28.0,ppo,0.678180699587382,0.7393300654373889,0.04915005691453462,1.0,ppo,0.029134278741406335,0.5927618515695099,nan
469.0,11.0,29.0,ppo,0.678180699587382,0.6576766774365289,0.04915005691453462,1.0,raw,0.04594188967668146,0.9347270900737362,nan
469.0,11.0,29.0,ppo,0.678180699587382,0.6576766774365289,0.04915005691453462,1.0,ppo,0.036313494026876905,0.7388291348272743,nan
469.0,11.0,30.0,ppo,0.678180699587382,0.3211110406404958,0.04915005691453462,1.0,raw,1.3406073103346858,27.275803823906507,nan
469.0,11.0,30.0,ppo,0.678180699587382,0.3211110406404958,0.04915005691453462,1.0,ppo,1.4140445149155105,28.769946642673172,nan
469.0,11.0,31.0,ppo,0.678180699587382,0.6149675739954122,0.04915005691453462,1.0,raw,0.024866829826256574,0.5059369487505715,nan
469.0,11.0,31.0,ppo,0.678180699587382,0.6149675739954122,0.04915005691453462,1.0,ppo,0.016682332893571128,0.3394163494577326,nan
469.0,11.0,32.0,ppo,0.678180699587382,0.7812573958438136,0.04915005691453462,1.0,raw,0.08430114861358752,1.715179063987168,nan
469.0,11.0,32.0,ppo,0.678180699587382,0.7812573958438136,0.04915005691453462,1.0,ppo,0.03643033327845172,0.7412063294616159,nan
469.0,11.0,33.0,ppo,0.678180699587382,0.8446333220745772,0.04915005691453462,1.0,raw,0.0673006725396005,1.3692898190662806,nan
469.0,11.0,33.0,ppo,0.678180699587382,0.8446333220745772,0.04915005691453462,1.0,ppo,0.04088326543587384,0.8318050476923022,nan
469.0,11.0,34.0,ppo,0.678180699587382,0.9164631793024673,0.04915005691453462,1.0,raw,0.05596460209723632,1.138647757713715,nan
469.0,11.0,34.0,ppo,0.678180699587382,0.9164631793024673,0.04915005691453462,1.0,ppo,0.04297052205490928,0.8742720711316627,nan
469.0,11.0,35.0,ppo,0.678180699587382,0.7829280721265891,0.04915005691453462,1.0,raw,0.06304006601531302,1.282604130549254,nan
469.0,11.0,35.0,ppo,0.678180699587382,0.7829280721265891,0.04915005691453462,1.0,ppo,0.046889521972305274,0.9540074806798268,nan
469.0,11.0,36.0,ppo,0.678180699587382,0.868628831074561,0.04915005691453462,1.0,raw,0.14866881484885974,3.024794357967376,nan
469.0,11.0,36.0,ppo,0.678180699587382,0.868628831074561,0.04915005691453462,1.0,ppo,0.15524138634349147,3.158518953771213,nan
469.0,11.0,37.0,ppo,0.678180699587382,0.8561709161539565,0.04915005691453462,1.0,raw,0.0534147236297918,1.0867682965794498,nan
469.0,11.0,37.0,ppo,0.678180699587382,0.8561709161539565,0.04915005691453462,1.0,ppo,0.06669987619899242,1.3570661029950504,nan
469.0,11.0,38.0,ppo,0.678180699587382,0.6563244261649613,0.04915005691453462,1.0,raw,0.037943756886294866,0.7719982288580863,nan
469.0,11.0,38.0,ppo,0.678180699587382,0.6563244261649613,0.04915005691453462,1.0,ppo,0.036354990924857424,0.7396734247546018,nan
469.0,11.0,39.0,ppo,0.678180699587382,0.8438401595784725,0.04915005691453462,1.0,raw,0.03697858942586292,0.7523610703068716,nan
469.0,11.0,39.0,ppo,0.678180699587382,0.8438401595784725,0.04915005691453462,1.0,ppo,0.020526505260160983,0.4176293284024845,nan
469.0,11.0,40.0,ppo,0.678180699587382,0.8678622697613714,0.04915005691453462,1.0,raw,0.05670700758076586,1.1537526330716519,nan
469.0,11.0,40.0,ppo,0.678180699587382,0.8678622697613714,0.04915005691453462,1.0,ppo,0.056368788251832516,1.1468712711737101,nan
469.0,11.0,41.0,ppo,0.678180699587382,0.7377631031610284,0.04915005691453462,1.0,raw,0.04458821512982572,0.9071854221320368,nan
469.0,11.0,41.0,ppo,0.678180699587382,0.7377631031610284,0.04915005691453462,1.0,ppo,0.02889042827460308,0.5878005049890314,nan
469.0,11.0,42.0,ppo,0.678180699587382,0.6741425128211831,0.04915005691453462,1.0,raw,0.1597688922260727,3.250634938305147,nan
469.0,11.0,42.0,ppo,0.678180699587382,0.6741425128211831,0.04915005691453462,1.0,ppo,0.17257242428537822,3.5111337629874693,nan
469.0,11.0,43.0,ppo,0.678180699587382,0.8044871568139458,0.04915005691453462,1.0,raw,0.12746262070414624,2.5933361771235934,nan
469.0,11.0,43.0,ppo,0.678180699587382,0.8044871568139458,0.04915005691453462,1.0,ppo,0.11023601824454372,2.2428461972328826,nan
469.0,11.0,44.0,ppo,0.678180699587382,0.6611828906808455,0.04915005691453462,1.0,raw,0.0826695628347718,1.6819830540282612,nan
469.0,11.0,44.0,ppo,0.678180699587382,0.6611828906808455,0.04915005691453462,1.0,ppo,0.06650318692840827,1.3530642913404642,nan
469.0,11.0,45.0,ppo,0.678180699587382,0.7688791361739354,0.04915005691453462,1.0,raw,0.06107523556436005,1.2426279723452147,nan
469.0,11.0,45.0,ppo,0.678180699587382,0.7688791361739354,0.04915005691453462,1.0,ppo,0.05888052712928723,1.1979747496869149,nan
469.0,11.0,46.0,ppo,0.678180699587382,0.8482644882262038,0.04915005691453462,1.0,raw,0.05365254199599198,1.0916069149072722,nan
469.0,11.0,46.0,ppo,0.678180699587382,0.8482644882262038,0.04915005691453462,1.0,ppo,0.04284303819084083,0.8716783027400995,nan
469.0,11.0,47.0,ppo,0.678180699587382,0.7638631391621999,0.04915005691453462,1.0,raw,0.10209238537114206,2.0771570122221235,nan
469.0,11.0,47.0,ppo,0.678180699587382,0.7638631391621999,0.04915005691453462,1.0,ppo,0.07484454689033779,1.5227764033006606,nan
469.0,11.0,48.0,ppo,0.678180699587382,0.8227434937110271,0.04915005691453462,1.0,raw,0.07336381773716649,1.4926497005839967,nan
469.0,11.0,48.0,ppo,0.678180699587382,0.8227434937110271,0.04915005691453462,1.0,ppo,0.058161237377300556,1.1833401836835138,nan
469.0,11.0,49.0,ppo,0.678180699587382,0.8621676605092549,0.04915005691453462,1.0,raw,0.046379934541302195,0.9436394879857556,nan
469.0,11.0,49.0,ppo,0.678180699587382,0.8621676605092549,0.04915005691453462,1.0,ppo,0.03639454665756723,0.7404782200120843,nan
469.0,11.0,50.0,ppo,0.678180699587382,0.8797961894051425,0.04915005691453462,1.0,raw,0.07321658764846539,1.4896541783416295,nan
469.0,11.0,50.0,ppo,0.678180699587382,0.8797961894051425,0.04915005691453462,1.0,ppo,0.06004738551459107,1.221715482832613,nan
469.0,11.0,51.0,ppo,0.678180699587382,0.7639615818920693,0.04915005691453462,1.0,raw,0.06980084345780095,1.4201579375416653,nan
469.0,11.0,51.0,ppo,0.678180699587382,0.7639615818920693,0.04915005691453462,1.0,ppo,0.05511009983620901,1.1212621774179856,nan
469.0,11.0,52.0,ppo,0.678180699587382,0.7566547593923749,0.04915005691453462,1.0,raw,0.147731671681659,3.005727377661935,nan
469.0,11.0,52.0,ppo,0.678180699587382,0.7566547593923749,0.04915005691453462,1.0,ppo,0.15423788596148322,3.138101879102242,nan
469.0,11.0,53.0,ppo,0.678180699587382,0.5226976982857758,0.04915005691453462,1.0,raw,0.4059419154629555,8.259235918461584,nan
469.0,11.0,53.0,ppo,0.678180699587382,0.5226976982857758,0.04915005691453462,1.0,ppo,0.3808868682411568,7.749469525609465,nan
469.0,11.0,54.0,ppo,0.678180699587382,0.26848687948302946,0.04915005691453462,1.0,raw,1.8936408542643575,38.52774489268946,nan
469.0,11.0,54.0,ppo,0.678180699587382,0.26848687948302946,0.04915005691453462,1.0,ppo,1.9810730997564825,40.30662880413961,nan
469.0,11.0,55.0,ppo,0.678180699587382,0.9042467809555883,0.04915005691453462,1.0,raw,0.04991909827946328,1.0156468051759517,nan
469.0,11.0,55.0,ppo,0.678180699587382,0.9042467809555883,0.04915005691453462,1.0,ppo,0.055711563968606305,1.133499480285064,nan
469.0,11.0,56.0,ppo,0.678180699587382,0.8129795676056071,0.04915005691453462,1.0,raw,0.08041388396159571,1.6360893355917108,nan
469.0,11.0,56.0,ppo,0.678180699587382,0.8129795676056071,0.04915005691453462,1.0,ppo,0.09484010097142308,1.9296030752586377,nan
469.0,11.0,57.0,ppo,0.678180699587382,0.8797209335234931,0.04915005691453462,1.0,raw,0.08299747156851642,1.688654638037102,nan
469.0,11.0,57.0,ppo,0.678180699587382,0.8797209335234931,0.04915005691453462,1.0,ppo,0.07764153634057744,1.5796835490055625,nan
469.0,11.0,58.0,ppo,0.678180699587382,0.8977412517293216,0.04915005691453462,1.0,raw,0.05560335795705444,1.13129793631249,nan
469.0,11.0,58.0,ppo,0.678180699587382,0.8977412517293216,0.04915005691453462,1.0,ppo,0.058205856293699745,1.1842479937492636,nan
469.0,11.0,59.0,ppo,0.678180699587382,0.8547601473573047,0.04915005691453462,1.0,raw,0.2202757812098588,4.481699412736977,nan
469.0,11.0,59.0,ppo,0.678180699587382,0.8547601473573047,0.04915005691453462,1.0,ppo,0.22933323430238223,4.665981052700754,nan
469.0,11.0,60.0,ppo,0.678180699587382,0.892554911433604,0.04915005691453462,1.0,raw,0.07819190445276385,1.590881259582855,nan
469.0,11.0,60.0,ppo,0.678180699587382,0.892554911433604,0.04915005691453462,1.0,ppo,0.08415613514402485,1.7122286407594833,nan
469.0,11.0,61.0,ppo,0.678180699587382,0.6877528284738909,0.04915005691453462,1.0,raw,0.15240889070779576,3.1008894043157356,nan
469.0,11.0,61.0,ppo,0.678180699587382,0.6877528284738909,0.04915005691453462,1.0,ppo,0.11607230394927508,2.36159042808657,nan
469.0,11.0,62.0,ppo,0.678180699587382,0.9038147232400274,0.04915005691453462,1.0,raw,0.062287692734368585,1.2672964518164966,nan
469.0,11.0,62.0,ppo,0.678180699587382,0.9038147232400274,0.04915005691453462,1.0,ppo,0.035969458733678905,0.7318294421555805,nan
469.0,11.0,63.0,ppo,0.678180699587382,0.8598004198436165,0.04915005691453462,1.0,raw,0.0588800600664528,1.1979652468935562,nan
469.0,11.0,63.0,ppo,0.678180699587382,0.8598004198436165,0.04915005691453462,1.0,ppo,0.03137397687062847,0.6383304280844195,nan
469.0,11.0,64.0,ppo,0.678180699587382,0.5990171432063637,0.04915005691453462,1.0,raw,0.05602056032925479,1.1397862758667208,nan
469.0,11.0,64.0,ppo,0.678180699587382,0.5990171432063637,0.04915005691453462,1.0,ppo,0.061192432953672576,1.245012453598539,nan
469.0,11.0,65.0,ppo,0.678180699587382,0.795131607241301,0.04915005691453462,1.0,raw,0.040184227252063956,0.8175825171868866,nan
469.0,11.0,65.0,ppo,0.678180699587382,0.795131607241301,0.04915005691453462,1.0,ppo,0.03560357870803719,0.724385299694506,nan
469.0,11.0,66.0,ppo,0.678180699587382,0.7870650711748941,0.04915005691453462,1.0,raw,0.0403424382409924,0.8208014552484143,nan
469.0,11.0,66.0,ppo,0.678180699587382,0.7870650711748941,0.04915005691453462,1.0,ppo,0.043842080537945916,0.8920046748711081,nan
469.0,11.0,67.0,ppo,0.678180699587382,0.7800022138262358,0.04915005691453462,1.0,raw,0.04783629276865809,0.9732703433454617,nan
469.0,11.0,67.0,ppo,0.678180699587382,0.7800022138262358,0.04915005691453462,1.0,ppo,0.048332938278837764,0.9833750215769289,nan
469.0,11.0,68.0,ppo,0.678180699587382,0.6193441105890447,0.04915005691453462,1.0,raw,0.3825152762542191,7.782600881202682,nan
469.0,11.0,68.0,ppo,0.678180699587382,0.6193441105890447,0.04915005691453462,1.0,ppo,0.39322613168243903,8.000522407658789,nan
469.0,11.0,69.0,ppo,0.678180699587382,0.5357688514276102,0.04915005691453462,1.0,raw,0.17465170547796116,3.553438519545504,nan
469.0,11.0,69.0,ppo,0.678180699587382,0.5357688514276102,0.04915005691453462,1.0,ppo,0.166208633619348,3.3816569919412833,nan
469.0,11.0,70.0,ppo,0.678180699587382,0.5509473449313331,0.04915005691453462,1.0,raw,0.29048067953576046,5.910078192602453,nan
469.0,11.0,70.0,ppo,0.678180699587382,0.5509473449313331,0.04915005691453462,1.0,ppo,0.3136690437264046,6.3818653205597125,nan
469.0,11.0,71.0,ppo,0.678180699587382,0.7280904023814672,0.04915005691453462,1.0,raw,0.03331717622294143,0.6778664830617704,nan
469.0,11.0,71.0,ppo,0.678180699587382,0.7280904023814672,0.04915005691453462,1.0,ppo,0.03502855309485127,0.7126859111427123,nan
469.0,11.0,72.0,ppo,0.678180699587382,0.7187053757073705,0.04915005691453462,1.0,raw,0.10964184098920643,2.2307571521200664,nan
469.0,11.0,72.0,ppo,0.678180699587382,0.7187053757073705,0.04915005691453462,1.0,ppo,0.10940636819398165,2.2259662564424842,nan
469.0,11.0,73.0,ppo,0.678180699587382,0.6774995165060431,0.04915005691453462,1.0,raw,0.16134083020748768,3.282617362743604,nan
469.0,11.0,73.0,ppo,0.678180699587382,0.6774995165060431,0.04915005691453462,1.0,ppo,0.0860741882989561,1.7512530748159176,nan
469.0,11.0,74.0,ppo,0.678180699587382,0.8311212084999363,0.04915005691453462,1.0,raw,0.06721593393319555,1.3675657395488896,nan
469.0,11.0,74.0,ppo,0.678180699587382,0.8311212084999363,0.04915005691453462,1.0,ppo,0.02838343129408368,0.5774852172285105,nan
469.0,11.0,75.0,ppo,0.678180699587382,0.9097187842065712,0.04915005691453462,1.0,raw,0.03154233612436008,0.6417558412843344,nan
469.0,11.0,75.0,ppo,0.678180699587382,0.9097187842065712,0.04915005691453462,1.0,ppo,0.029231138411151242,0.5947325445010223,nan
469.0,11.0,76.0,ppo,0.678180699587382,0.6856563870711672,0.04915005691453462,1.0,raw,0.2409127478096461,4.901576171693172,nan
469.0,11.0,76.0,ppo,0.678180699587382,0.6856563870711672,0.04915005691453462,1.0,ppo,0.25426219368099234,5.173182080401663,nan
469.0,11.0,77.0,ppo,0.678180699587382,0.9471398883891643,0.04915005691453462,1.0,raw,0.039188569234329236,0.7973250021352554,nan
469.0,11.0,77.0,ppo,0.678180699587382,0.9471398883891643,0.04915005691453462,1.0,ppo,0.027932258220387033,0.5683057146598527,nan
469.0,11.0,78.0,ppo,0.678180699587382,0.8800931514578544,0.04915005691453462,1.0,raw,0.0502735770817572,1.0228589799840158,nan
469.0,11.0,78.0,ppo,0.678180699587382,0.8800931514578544,0.04915005691453462,1.0,ppo,0.044787671186495126,0.911243526419001,nan
469.0,11.0,79.0,ppo,0.678180699587382,0.4779879628841474,0.04915005691453462,1.0,raw,1.002884969778433,20.40455358011723,nan
469.0,11.0,79.0,ppo,0.678180699587382,0.4779879628841474,0.04915005691453462,1.0,ppo,1.046085304159101,21.283501379827566,nan
1681.0,12.0,0.0,ppo,0.7040527273384074,0.6943005578004795,0.02289478705780065,0.0,raw,0.0397055692343295,1.7342624386105014,0.002126979357215397
1681.0,12.0,0.0,ppo,0.7040527273384074,0.6943005578004795,0.02289478705780065,0.0,ppo,0.039776531657249745,1.7373619399398255,0.0029763643943144236
1681.0,12.0,1.0,ppo,0.7040527273384074,0.7075554577515316,0.02289478705780065,0.0,raw,0.04701762201056039,2.053638755925475,0.001987416356228622
1681.0,12.0,1.0,ppo,0.7040527273384074,0.7075554577515316,0.02289478705780065,0.0,ppo,0.035059657824740194,1.5313380175245948,0.003592756465264746
1681.0,12.0,2.0,ppo,0.7040527273384074,0.7445879151877474,0.02289478705780065,0.0,raw,0.02947200326269985,1.2872800777004052,0.0030625845277835184
1681.0,12.0,2.0,ppo,0.7040527273384074,0.7445879151877474,0.02289478705780065,0.0,ppo,0.02667594297443001,1.1651535743522479,0.004023784394229901
1681.0,12.0,3.0,ppo,0.7040527273384074,0.7651130712941594,0.02289478705780065,0.0,raw,0.023550263987671405,1.0286299640270042,0.0030333207099672577
1681.0,12.0,3.0,ppo,0.7040527273384074,0.7651130712941594,0.02289478705780065,0.0,ppo,0.019364412863292865,0.8458000860372744,0.004374358452410521
1681.0,12.0,4.0,ppo,0.7040527273384074,0.7202079139887894,0.02289478705780065,0.0,raw,0.0831344368591139,3.6311513467773686,0.00015591680393700624
1681.0,12.0,4.0,ppo,0.7040527273384074,0.7202079139887894,0.02289478705780065,0.0,ppo,0.08489036783051875,3.7078470140911457,0.001242598864866551
1681.0,12.0,5.0,ppo,0.7040527273384074,0.7681479196619059,0.02289478705780065,0.0,raw,0.0485750046984469,2.12166221838244,0.005350695893030943
1681.0,12.0,5.0,ppo,0.7040527273384074,0.7681479196619059,0.02289478705780065,0.0,ppo,0.057467363897148314,2.5100632625263133,0.006213968085956589
1681.0,12.0,6.0,ppo,0.7040527273384074,0.7425875118840559,0.02289478705780065,0.0,raw,0.02662252378095574,1.1628203273410653,0.0021507711503524485
1681.0,12.0,6.0,ppo,0.7040527273384074,0.7425875118840559,0.02289478705780065,0.0,ppo,0.04217694865001583,1.8422075096630093,0.003927009373209667
1681.0,12.0,7.0,ppo,0.7040527273384074,0.7964259992138529,0.02289478705780065,0.0,raw,0.085684030280021,3.74251265424314,0.0037230237656232235
1681.0,12.0,7.0,ppo,0.7040527273384074,0.7964259992138529,0.02289478705780065,0.0,ppo,0.04699627717134645,2.0527064546483302,0.004499426917762506
1681.0,12.0,8.0,ppo,0.7040527273384074,0.6978347730294711,0.02289478705780065,0.0,raw,0.06157883527888483,2.6896443772733782,0.003758591925485666
1681.0,12.0,8.0,ppo,0.7040527273384074,0.6978347730294711,0.02289478705780065,0.0,ppo,0.06009218285970713,2.624710276098973,0.004429815588151198
1681.0,12.0,9.0,ppo,0.7040527273384074,0.688795757601271,0.02289478705780065,0.0,raw,0.08924686207265105,3.8981302532902617,0.0028282770835744153
1681.0,12.0,9.0,ppo,0.7040527273384074,0.688795757601271,0.02289478705780065,0.0,ppo,0.10644314750838564,4.649230728360001,0.00443526526110305
1681.0,12.0,10.0,ppo,0.7040527273384074,0.6914325794983665,0.02289478705780065,0.0,raw,0.06934622827796007,3.028909074493122,0.002899899784681581
1681.0,12.0,10.0,ppo,0.7040527273384074,0.6914325794983665,0.02289478705780065,0.0,ppo,0.08528078612258325,3.7248997296756516,0.003925571457172927
1681.0,12.0,11.0,ppo,0.7040527273384074,0.6984708313026239,0.02289478705780065,0.0,raw,0.022041796649418764,0.9627430293966741,0.001905411434251325
1681.0,12.0,11.0,ppo,0.7040527273384074,0.6984708313026239,0.02289478705780065,0.0,ppo,0.016017968904895562,0.6996338889047654,0.003625044608518091
1681.0,12.0,12.0,ppo,0.7040527273384074,0.7507610377717491,0.02289478705780065,0.0,raw,0.11792611617984836,5.150784581753465,-0.0018619339408675883
1681.0,12.0,12.0,ppo,0.7040527273384074,0.7507610377717491,0.02289478705780065,0.0,ppo,0.062212565432549743,2.717324484193132,0.0015005093239518486
1681.0,12.0,13.0,ppo,0.7040527273384074,0.7227541746268753,0.02289478705780065,0.0,raw,0.051348671101726966,2.2428106001637427,0.003224821079636342
1681.0,12.0,13.0,ppo,0.7040527273384074,0.7227541746268753,0.02289478705780065,0.0,ppo,0.04380137810416866,1.913159445142984,0.004308874544014463
1681.0,12.0,14.0,ppo,0.7040527273384074,0.7627697805362548,0.02289478705780065,0.0,raw,0.1009523895093083,4.4094050429227325,-0.0002448563339648713
1681.0,12.0,14.0,ppo,0.7040527273384074,0.7627697805362548,0.02289478705780065,0.0,ppo,0.06259492970583044,2.734025415820728,0.0024358517014219094
1681.0,12.0,15.0,ppo,0.7040527273384074,0.8086305986551934,0.02289478705780065,0.0,raw,0.03314577249319969,1.4477432093829568,0.0013616343687036792
1681.0,12.0,15.0,ppo,0.7040527273384074,0.8086305986551934,0.02289478705780065,0.0,ppo,0.040098654131186726,1.751431626332791,0.0018597055406312513
1681.0,12.0,16.0,ppo,0.7040527273384074,0.6387199093582899,0.02289478705780065,0.0,raw,0.027471532502887176,1.1999033855843246,0.004352564886758559
1681.0,12.0,16.0,ppo,0.7040527273384074,0.6387199093582899,0.02289478705780065,0.0,ppo,0.04814486777447656,2.1028746698071066,0.005744534823469483
1681.0,12.0,17.0,ppo,0.7040527273384074,0.7842162970549734,0.02289478705780065,0.0,raw,0.10148872590019271,4.432831178729559,0.006727285420041862
1681.0,12.0,17.0,ppo,0.7040527273384074,0.7842162970549734,0.02289478705780065,0.0,ppo,0.10367306163491695,4.528238737192961,0.00689799929396151
1681.0,12.0,18.0,ppo,0.7040527273384074,0.6858463521420675,0.02289478705780065,0.0,raw,0.03729713951391202,1.6290668884471777,0.003024368327984195
1681.0,12.0,18.0,ppo,0.7040527273384074,0.6858463521420675,0.02289478705780065,0.0,ppo,0.04427315562856588,1.9337657745753636,0.004640701288094962
1681.0,12.0,19.0,ppo,0.7040527273384074,0.7005344753149844,0.02289478705780065,0.0,raw,0.03555619861743921,1.5530259586024233,0.003953887972745762
1681.0,12.0,19.0,ppo,0.7040527273384074,0.7005344753149844,0.02289478705780065,0.0,ppo,0.05367729609073549,2.3445204340717685,0.0047598936346126
1681.0,12.0,20.0,ppo,0.7040527273384074,0.6383706296839933,0.02289478705780065,0.0,raw,0.06593474865061832,2.8799022451773895,nan
1681.0,12.0,20.0,ppo,0.7040527273384074,0.6383706296839933,0.02289478705780065,0.0,ppo,0.08605947134196691,3.7589111933952215,nan
1681.0,12.0,21.0,ppo,0.7040527273384074,0.7958391416539893,0.02289478705780065,0.0,raw,0.073507533050628,3.210666815334398,nan
1681.0,12.0,21.0,ppo,0.7040527273384074,0.7958391416539893,0.02289478705780065,0.0,ppo,0.0739605893646364,3.230455438520305,nan
1681.0,12.0,22.0,ppo,0.7040527273384074,0.7624990512927347,0.02289478705780065,0.0,raw,0.0790370398120904,3.452184971738408,nan
1681.0,12.0,22.0,ppo,0.7040527273384074,0.7624990512927347,0.02289478705780065,0.0,ppo,0.04446716530054154,1.942239741661664,nan
1681.0,12.0,23.0,ppo,0.7040527273384074,0.8986574976389965,0.02289478705780065,0.0,raw,0.0602971198498799,2.633661527301064,nan
1681.0,12.0,23.0,ppo,0.7040527273384074,0.8986574976389965,0.02289478705780065,0.0,ppo,0.04091091688206497,1.7869096916595217,nan
1681.0,12.0,24.0,ppo,0.7040527273384074,0.7957365403797086,0.02289478705780065,0.0,raw,0.05320006312631477,2.323675821574789,nan
1681.0,12.0,24.0,ppo,0.7040527273384074,0.7957365403797086,0.02289478705780065,0.0,ppo,0.048661392652322985,2.125435477057351,nan
1681.0,12.0,25.0,ppo,0.7040527273384074,0.7393194124567526,0.02289478705780065,0.0,raw,0.10441357276407523,4.560582830513801,nan
1681.0,12.0,25.0,ppo,0.7040527273384074,0.7393194124567526,0.02289478705780065,0.0,ppo,0.05986373031812537,2.614731911111126,nan
1681.0,12.0,26.0,ppo,0.7040527273384074,0.6855550957028473,0.02289478705780065,0.0,raw,0.10325304664880808,4.5098932952786726,nan
1681.0,12.0,26.0,ppo,0.7040527273384074,0.6855550957028473,0.02289478705780065,0.0,ppo,0.10852607520575955,4.740208979964408,nan
1681.0,12.0,27.0,ppo,0.7040527273384074,0.8340898264849157,0.02289478705780065,0.0,raw,0.034804856698805633,1.5202087973535887,nan
1681.0,12.0,27.0,ppo,0.7040527273384074,0.8340898264849157,0.02289478705780065,0.0,ppo,0.03220398365083747,1.406607694997758,nan
1681.0,12.0,28.0,ppo,0.7040527273384074,0.6926607919566411,0.02289478705780065,0.0,raw,0.05620415624665453,2.45488879650902,nan
1681.0,12.0,28.0,ppo,0.7040527273384074,0.6926607919566411,0.02289478705780065,0.0,ppo,0.081308303796975,3.5513893879730083,nan
1681.0,12.0,29.0,ppo,0.7040527273384074,0.6254020238318652,0.02289478705780065,0.0,raw,0.057511796991095224,2.5120040140971724,nan
1681.0,12.0,29.0,ppo,0.7040527273384074,0.6254020238318652,0.02289478705780065,0.0,ppo,0.10085540104101007,4.405168774288595,nan
1681.0,12.0,30.0,ppo,0.7040527273384074,0.6744446046606367,0.02289478705780065,0.0,raw,0.05716919150355306,2.497039669302123,nan
1681.0,12.0,30.0,ppo,0.7040527273384074,0.6744446046606367,0.02289478705780065,0.0,ppo,0.07049766821150563,3.07920174289133,nan
1681.0,12.0,31.0,ppo,0.7040527273384074,0.8167622312655662,0.02289478705780065,0.0,raw,0.0710117748913975,3.101656927933844,nan
1681.0,12.0,31.0,ppo,0.7040527273384074,0.8167622312655662,0.02289478705780065,0.0,ppo,0.027612039566409976,1.206040462254576,nan
1681.0,12.0,32.0,ppo,0.7040527273384074,0.8203841648736735,0.02289478705780065,0.0,raw,0.11706710786766651,5.113264760756083,nan
1681.0,12.0,32.0,ppo,0.7040527273384074,0.8203841648736735,0.02289478705780065,0.0,ppo,0.10642370698513363,4.648381603919449,nan
1681.0,12.0,33.0,ppo,0.7040527273384074,0.6984536356704437,0.02289478705780065,0.0,raw,0.03960005727566008,1.729653880408888,nan
1681.0,12.0,33.0,ppo,0.7040527273384074,0.6984536356704437,0.02289478705780065,0.0,ppo,0.03743904473498746,1.63526503393406,nan
1681.0,12.0,34.0,ppo,0.7040527273384074,0.6867187978439677,0.02289478705780065,0.0,raw,0.07074292632753333,3.0899141428541914,nan
1681.0,12.0,34.0,ppo,0.7040527273384074,0.6867187978439677,0.02289478705780065,0.0,ppo,0.09521983823843344,4.1590182952145165,nan
1681.0,12.0,35.0,ppo,0.7040527273384074,0.6647882809326826,0.02289478705780065,0.0,raw,0.02840202414811022,1.2405454602572143,nan
1681.0,12.0,35.0,ppo,0.7040527273384074,0.6647882809326826,0.02289478705780065,0.0,ppo,0.04217257510983208,1.8420164818900622,nan
1681.0,12.0,36.0,ppo,0.7040527273384074,0.8403831161808588,0.02289478705780065,0.0,raw,0.05793404159052222,2.53044684120716,nan
1681.0,12.0,36.0,ppo,0.7040527273384074,0.8403831161808588,0.02289478705780065,0.0,ppo,0.07913259000130221,3.4563584191249497,nan
1681.0,12.0,37.0,ppo,0.7040527273384074,0.6229661779115472,0.02289478705780065,0.0,raw,0.08830680047145144,3.85707018145704,nan
1681.0,12.0,37.0,ppo,0.7040527273384074,0.6229661779115472,0.02289478705780065,0.0,ppo,0.09806640599863303,4.283350867210626,nan
1681.0,12.0,38.0,ppo,0.7040527273384074,0.8132763289687818,0.02289478705780065,0.0,raw,0.08933390420381959,3.901932085163552,nan
1681.0,12.0,38.0,ppo,0.7040527273384074,0.8132763289687818,0.02289478705780065,0.0,ppo,0.08499098758236094,3.712241890164383,nan
1681.0,12.0,39.0,ppo,0.7040527273384074,0.7593474007924984,0.02289478705780065,0.0,raw,0.05959436484090739,2.6029665482563447,nan
1681.0,12.0,39.0,ppo,0.7040527273384074,0.7593474007924984,0.02289478705780065,0.0,ppo,0.041328423671153025,1.8051455803810028,nan
1681.0,12.0,40.0,ppo,0.7040527273384074,0.6902144498556191,0.02289478705780065,0.0,raw,0.0751965859120525,3.2844413762054065,nan
1681.0,12.0,40.0,ppo,0.7040527273384074,0.6902144498556191,0.02289478705780065,0.0,ppo,0.08153992166089961,3.561506008116269,nan
1681.0,12.0,41.0,ppo,0.7040527273384074,0.8379982108049796,0.02289478705780065,0.0,raw,0.07887089890848023,3.444928258531566,nan
1681.0,12.0,41.0,ppo,0.7040527273384074,0.8379982108049796,0.02289478705780065,0.0,ppo,0.06195762891999761,2.7061893505966275,nan
1681.0,12.0,42.0,ppo,0.7040527273384074,0.7577163951024211,0.02289478705780065,0.0,raw,0.06518777380086849,2.8472758290476383,nan
1681.0,12.0,42.0,ppo,0.7040527273384074,0.7577163951024211,0.02289478705780065,0.0,ppo,0.046452327162950925,2.028947770760061,nan
1681.0,12.0,43.0,ppo,0.7040527273384074,0.7248451791683169,0.02289478705780065,0.0,raw,0.01995137819039429,0.8714375958171016,nan
1681.0,12.0,43.0,ppo,0.7040527273384074,0.7248451791683169,0.02289478705780065,0.0,ppo,0.020283844966371277,0.8859591013081828,nan
1681.0,12.0,44.0,ppo,0.7040527273384074,0.7917793336749109,0.02289478705780065,0.0,raw,0.07241948755715272,3.163143093417772,nan
1681.0,12.0,44.0,ppo,0.7040527273384074,0.7917793336749109,0.02289478705780065,0.0,ppo,0.05872570300709669,2.565025080112629,nan
1681.0,12.0,45.0,ppo,0.7040527273384074,0.790489125475817,0.02289478705780065,0.0,raw,0.07420268389402077,3.2410296591397487,nan
1681.0,12.0,45.0,ppo,0.7040527273384074,0.790489125475817,0.02289478705780065,0.0,ppo,0.036338935027122043,1.5872143704756905,nan
1681.0,12.0,46.0,ppo,0.7040527273384074,0.8186496843501442,0.02289478705780065,0.0,raw,0.08538401618017172,3.729408618853256,nan
1681.0,12.0,46.0,ppo,0.7040527273384074,0.8186496843501442,0.02289478705780065,0.0,ppo,0.0768385777920151,3.3561604044635507,nan
1681.0,12.0,47.0,ppo,0.7040527273384074,0.6793976187428552,0.02289478705780065,0.0,raw,0.047027959315588896,2.054090269407667,nan
1681.0,12.0,47.0,ppo,0.7040527273384074,0.6793976187428552,0.02289478705780065,0.0,ppo,0.0512730707192771,2.239508521736064,nan
1681.0,12.0,48.0,ppo,0.7040527273384074,0.6627042688960926,0.02289478705780065,0.0,raw,0.09702169265004114,4.23771980953997,nan
1681.0,12.0,48.0,ppo,0.7040527273384074,0.6627042688960926,0.02289478705780065,0.0,ppo,0.11030863368090696,4.818067685120614,nan
1681.0,12.0,49.0,ppo,0.7040527273384074,0.780498717236337,0.02289478705780065,0.0,raw,0.04102293026922295,1.791802219678026,nan
1681.0,12.0,49.0,ppo,0.7040527273384074,0.780498717236337,0.02289478705780065,0.0,ppo,0.023851137366990564,1.0417715310815294,nan
1681.0,12.0,50.0,ppo,0.7040527273384074,0.686209031777601,0.02289478705780065,0.0,raw,0.03293464992199163,1.4385217839696058,nan
1681.0,12.0,50.0,ppo,0.7040527273384074,0.686209031777601,0.02289478705780065,0.0,ppo,0.03545087501770954,1.5484256275548463,nan
1681.0,12.0,51.0,ppo,0.7040527273384074,0.76288614708881,0.02289478705780065,0.0,raw,0.05514894497414814,2.4087992098340107,nan
1681.0,12.0,51.0,ppo,0.7040527273384074,0.76288614708881,0.02289478705780065,0.0,ppo,0.03552478464037251,1.5516538568664522,nan
1681.0,12.0,52.0,ppo,0.7040527273384074,0.6646229052307107,0.02289478705780065,0.0,raw,0.05180022148604331,2.2625334472544956,nan
1681.0,12.0,52.0,ppo,0.7040527273384074,0.6646229052307107,0.02289478705780065,0.0,ppo,0.06573701257102278,2.871265515816407,nan
1681.0,12.0,53.0,ppo,0.7040527273384074,0.7740402618533015,0.02289478705780065,0.0,raw,0.05488196901483362,2.39713821649782,nan
1681.0,12.0,53.0,ppo,0.7040527273384074,0.7740402618533015,0.02289478705780065,0.0,ppo,0.032575254467129805,1.4228240858886194,nan
1681.0,12.0,54.0,ppo,0.7040527273384074,0.7404871327137936,0.02289478705780065,0.0,raw,0.06914666962599922,3.0201927386976832,nan
1681.0,12.0,54.0,ppo,0.7040527273384074,0.7404871327137936,0.02289478705780065,0.0,ppo,0.054942062646625156,2.3997629900604576,nan
1681.0,12.0,55.0,ppo,0.7040527273384074,0.7545146951204732,0.02289478705780065,0.0,raw,0.026873202474046804,1.1737694876218838,nan
1681.0,12.0,55.0,ppo,0.7040527273384074,0.7545146951204732,0.02289478705780065,0.0,ppo,0.027241962877437197,1.1898762285345383,nan
1681.0,12.0,56.0,ppo,0.7040527273384074,0.7095145514645487,0.02289478705780065,0.0,raw,0.17898408630599055,7.817678576967047,nan
1681.0,12.0,56.0,ppo,0.7040527273384074,0.7095145514645487,0.02289478705780065,0.0,ppo,0.16705806919220872,7.296773224859026,nan
1681.0,12.0,57.0,ppo,0.7040527273384074,0.7859419928317775,0.02289478705780065,0.0,raw,0.06008468033770865,2.624382580454565,nan
1681.0,12.0,57.0,ppo,0.7040527273384074,0.7859419928317775,0.02289478705780065,0.0,ppo,0.06101015704906193,2.664805612519323,nan
1681.0,12.0,58.0,ppo,0.7040527273384074,0.7661099442380322,0.02289478705780065,0.0,raw,0.06999608402890685,3.0572935163010384,nan
1681.0,12.0,58.0,ppo,0.7040527273384074,0.7661099442380322,0.02289478705780065,0.0,ppo,0.07002644991352387,3.0586198393867416,nan
1681.0,12.0,59.0,ppo,0.7040527273384074,0.8134170616692284,0.02289478705780065,0.0,raw,0.11404166436931473,4.981119242620724,nan
1681.0,12.0,59.0,ppo,0.7040527273384074,0.8134170616692284,0.02289478705780065,0.0,ppo,0.11769832898899656,5.140835277998129,nan
1681.0,12.0,60.0,ppo,0.7040527273384074,0.7871576349481894,0.02289478705780065,0.0,raw,0.052825921635523285,2.3073340451762174,nan
1681.0,12.0,60.0,ppo,0.7040527273384074,0.7871576349481894,0.02289478705780065,0.0,ppo,0.03748742782965789,1.6373783138937417,nan
1681.0,12.0,61.0,ppo,0.7040527273384074,0.8664258153968022,0.02289478705780065,0.0,raw,0.09467784819334286,4.135345218731112,nan
1681.0,12.0,61.0,ppo,0.7040527273384074,0.8664258153968022,0.02289478705780065,0.0,ppo,0.09030517552267883,3.9443553370770617,nan
1681.0,12.0,62.0,ppo,0.7040527273384074,0.6251760461834752,0.02289478705780065,0.0,raw,0.07741205381377442,3.3812087274862335,nan
1681.0,12.0,62.0,ppo,0.7040527273384074,0.6251760461834752,0.02289478705780065,0.0,ppo,0.10563798539791405,4.61406280526734,nan
1681.0,12.0,63.0,ppo,0.7040527273384074,0.6191384519964257,0.02289478705780065,0.0,raw,0.07781034206061913,3.398605187468114,nan
1681.0,12.0,63.0,ppo,0.7040527273384074,0.6191384519964257,0.02289478705780065,0.0,ppo,0.09370344807604844,4.092785306955806,nan
1681.0,12.0,64.0,ppo,0.7040527273384074,0.7836043910727144,0.02289478705780065,0.0,raw,0.032302448685218046,1.4109084571813935,nan
1681.0,12.0,64.0,ppo,0.7040527273384074,0.7836043910727144,0.02289478705780065,0.0,ppo,0.039578869133615,1.7287284233608886,nan
1681.0,12.0,65.0,ppo,0.7040527273384074,0.7079583891359443,0.02289478705780065,0.0,raw,0.10008778742192184,4.371640896647702,nan
1681.0,12.0,65.0,ppo,0.7040527273384074,0.7079583891359443,0.02289478705780065,0.0,ppo,0.11825796396485175,5.165279050916493,nan
1681.0,12.0,66.0,ppo,0.7040527273384074,0.7764417723658357,0.02289478705780065,0.0,raw,0.13815693374657473,6.034427548846858,nan
1681.0,12.0,66.0,ppo,0.7040527273384074,0.7764417723658357,0.02289478705780065,0.0,ppo,0.0856504173895542,3.741044508224488,nan
1681.0,12.0,67.0,ppo,0.7040527273384074,0.7501541895383083,0.02289478705780065,0.0,raw,0.04649052324553927,2.030616101742652,nan
1681.0,12.0,67.0,ppo,0.7040527273384074,0.7501541895383083,0.02289478705780065,0.0,ppo,0.04930010305578146,2.1533331116518974,nan
1681.0,12.0,68.0,ppo,0.7040527273384074,0.8038462425926092,0.02289478705780065,0.0,raw,0.08300816614041229,3.625636086103276,nan
1681.0,12.0,68.0,ppo,0.7040527273384074,0.8038462425926092,0.02289478705780065,0.0,ppo,0.05694315830175428,2.487166976394863,nan
1681.0,12.0,69.0,ppo,0.7040527273384074,0.7416270014672312,0.02289478705780065,0.0,raw,0.056903504861416404,2.485434990845586,nan
1681.0,12.0,69.0,ppo,0.7040527273384074,0.7416270014672312,0.02289478705780065,0.0,ppo,0.050955611635209834,2.225642523189504,nan
1681.0,12.0,70.0,ppo,0.7040527273384074,0.7896695061743947,0.02289478705780065,0.0,raw,0.045141873501867845,1.971709690415628,nan
1681.0,12.0,70.0,ppo,0.7040527273384074,0.7896695061743947,0.02289478705780065,0.0,ppo,0.054372917308436415,2.3749038229167816,nan
1681.0,12.0,71.0,ppo,0.7040527273384074,0.8172860342631925,0.02289478705780065,0.0,raw,0.0776342852158586,3.3909153651379893,nan
1681.0,12.0,71.0,ppo,0.7040527273384074,0.8172860342631925,0.02289478705780065,0.0,ppo,0.06035438070435312,2.6361625706315244,nan
1681.0,12.0,72.0,ppo,0.7040527273384074,0.7448153891080478,0.02289478705780065,0.0,raw,0.04766998773169842,2.082132828374852,nan
1681.0,12.0,72.0,ppo,0.7040527273384074,0.7448153891080478,0.02289478705780065,0.0,ppo,0.04747465957712066,2.0736012725195985,nan
1681.0,12.0,73.0,ppo,0.7040527273384074,0.6564113954744579,0.02289478705780065,0.0,raw,0.042007941607044706,1.8348256090345192,nan
1681.0,12.0,73.0,ppo,0.7040527273384074,0.6564113954744579,0.02289478705780065,0.0,ppo,0.04498514079029978,1.9648639088334547,nan
1681.0,12.0,74.0,ppo,0.7040527273384074,0.7581400317413226,0.02289478705780065,0.0,raw,0.050872077373816056,2.2219939082806652,nan
1681.0,12.0,74.0,ppo,0.7040527273384074,0.7581400317413226,0.02289478705780065,0.0,ppo,0.04051959260295593,1.7698174043138875,nan
1681.0,12.0,75.0,ppo,0.7040527273384074,0.6826478307649467,0.02289478705780065,0.0,raw,0.04130120045397641,1.8039565229284094,nan
1681.0,12.0,75.0,ppo,0.7040527273384074,0.6826478307649467,0.02289478705780065,0.0,ppo,0.04773350911976604,2.084907319699329,nan
1681.0,12.0,76.0,ppo,0.7040527273384074,0.7516265263128392,0.02289478705780065,0.0,raw,0.04492818720490572,1.9623762864218433,nan
1681.0,12.0,76.0,ppo,0.7040527273384074,0.7516265263128392,0.02289478705780065,0.0,ppo,0.04398908965513666,1.9213583224897834,nan
1681.0,12.0,77.0,ppo,0.7040527273384074,0.6458250459727441,0.02289478705780065,0.0,raw,0.0672311058484835,2.936524619283441,nan
1681.0,12.0,77.0,ppo,0.7040527273384074,0.6458250459727441,0.02289478705780065,0.0,ppo,0.07318262483536155,3.1964754531502386,nan
1681.0,12.0,78.0,ppo,0.7040527273384074,0.6679736379569869,0.02289478705780065,0.0,raw,0.09397450313034775,4.104624467268369,nan
1681.0,12.0,78.0,ppo,0.7040527273384074,0.6679736379569869,0.02289478705780065,0.0,ppo,0.11577601829776502,5.056872466447253,nan
1681.0,12.0,79.0,ppo,0.7040527273384074,0.6478698596464864,0.02289478705780065,0.0,raw,0.09020044490655019,3.939780906405825,nan
1681.0,12.0,79.0,ppo,0.7040527273384074,0.6478698596464864,0.02289478705780065,0.0,ppo,0.08782788410685792,3.8361520412976913,nan
199.0,13.0,0.0,raw,0.7279583389420682,0.6945463074301776,0.022267236364095548,1.0,raw,0.06118314120278384,2.747675562533554,0.003261650676878336
199.0,13.0,0.0,raw,0.7279583389420682,0.6945463074301776,0.022267236364095548,1.0,ppo,0.06754433162202113,3.0333504579370216,0.004705123579729964
199.0,13.0,1.0,raw,0.7279583389420682,0.7824630684553359,0.022267236364095548,1.0,raw,0.07782398303019794,3.4949996379292037,0.0005231750334129259
199.0,13.0,1.0,raw,0.7279583389420682,0.7824630684553359,0.022267236364095548,1.0,ppo,0.01796262075231987,0.8066838856250439,0.002719532380515366
199.0,13.0,2.0,raw,0.7279583389420682,0.6925762323917346,0.022267236364095548,1.0,raw,0.09284352032518547,4.1695124984117715,0.00623465672400314
199.0,13.0,2.0,raw,0.7279583389420682,0.6925762323917346,0.022267236364095548,1.0,ppo,0.11346105066318846,5.095425799949603,0.007281027030355047
199.0,13.0,3.0,raw,0.7279583389420682,0.7015826038574992,0.022267236364095548,1.0,raw,0.04591126432873371,2.061830376164803,0.0036048802403043645
199.0,13.0,3.0,raw,0.7279583389420682,0.7015826038574992,0.022267236364095548,1.0,ppo,0.03586405981765805,1.6106201609952138,0.00454664241436431
199.0,13.0,4.0,raw,0.7279583389420682,0.6951553992117672,0.022267236364095548,1.0,raw,0.045163339016893234,2.0282417754237407,0.0003306905084560219
199.0,13.0,4.0,raw,0.7279583389420682,0.6951553992117672,0.022267236364095548,1.0,ppo,0.015316185116731029,0.6878350265966264,0.0026747201263175313
199.0,13.0,5.0,raw,0.7279583389420682,0.767394436979201,0.022267236364095548,1.0,raw,0.031148157094354628,1.3988335411294677,0.0018415098616860748
199.0,13.0,5.0,raw,0.7279583389420682,0.767394436979201,0.022267236364095548,1.0,ppo,0.013926663339801186,0.6254329505504784,0.0033424735591337518
199.0,13.0,6.0,raw,0.7279583389420682,0.7218344465456362,0.022267236364095548,1.0,raw,0.14463497422295132,6.495416488063408,0.007872058879099586
199.0,13.0,6.0,raw,0.7279583389420682,0.7218344465456362,0.022267236364095548,1.0,ppo,0.19118150040706866,8.58577585835197,0.009493944960441647
199.0,13.0,7.0,raw,0.7279583389420682,0.7782319594202746,0.022267236364095548,1.0,raw,0.05427337251342991,2.4373645487925097,-3.355470732258059e-05
199.0,13.0,7.0,raw,0.7279583389420682,0.7782319594202746,0.022267236364095548,1.0,ppo,0.06399797636123913,2.8740870808930583,0.0016565616663024585
199.0,13.0,8.0,raw,0.7279583389420682,0.7077937726700149,0.022267236364095548,1.0,raw,0.06930528243662397,3.1124330520142216,0.005254719386059592
199.0,13.0,8.0,raw,0.7279583389420682,0.7077937726700149,0.022267236364095548,1.0,ppo,0.0711376877280789,3.1947245973812777,0.005860671190978217
199.0,13.0,9.0,raw,0.7279583389420682,0.6145314179940957,0.022267236364095548,1.0,raw,0.05454297008592967,2.449471914434636,0.0028570029660648366
199.0,13.0,9.0,raw,0.7279583389420682,0.6145314179940957,0.022267236364095548,1.0,ppo,0.051128788729857516,2.2961443393262453,0.004961034305648537
199.0,13.0,10.0,raw,0.7279583389420682,0.794074352062008,0.022267236364095548,1.0,raw,0.05593061007060346,2.511789481014711,0.005300245859855002
199.0,13.0,10.0,raw,0.7279583389420682,0.794074352062008,0.022267236364095548,1.0,ppo,0.06809937470157847,3.0582769045998104,0.0065722235984626565
199.0,13.0,11.0,raw,0.7279583389420682,0.6733820673636249,0.022267236364095548,1.0,raw,0.08014946908342546,3.599434962331527,0.0035335925762655096
199.0,13.0,11.0,raw,0.7279583389420682,0.6733820673636249,0.022267236364095548,1.0,ppo,0.05703723203855733,2.5614868008733276,0.005183120049736534
199.0,13.0,12.0,raw,0.7279583389420682,0.7528609022829421,0.022267236364095548,1.0,raw,0.05239740537631535,2.3531166831642705,-0.00038630417325713484
199.0,13.0,12.0,raw,0.7279583389420682,0.7528609022829421,0.022267236364095548,1.0,ppo,0.038162510252456205,1.713841341981295,0.0015266023417446206
199.0,13.0,13.0,raw,0.7279583389420682,0.7440618354220422,0.022267236364095548,1.0,raw,0.059406379334851316,2.667882909378022,0.0035949126866208214
199.0,13.0,13.0,raw,0.7279583389420682,0.7440618354220422,0.022267236364095548,1.0,ppo,0.05361101148786247,2.407618557204822,0.005472149957809869
199.0,13.0,14.0,raw,0.7279583389420682,0.6905097720270903,0.022267236364095548,1.0,raw,0.12454290682582667,5.593101217834284,0.006969861962919377
199.0,13.0,14.0,raw,0.7279583389420682,0.6905097720270903,0.022267236364095548,1.0,ppo,0.17710133741934414,7.953449387410662,0.008018933773029424
199.0,13.0,15.0,raw,0.7279583389420682,0.7969790472340159,0.022267236364095548,1.0,raw,0.026436327994115192,1.1872298637266918,0.002431854420766877
199.0,13.0,15.0,raw,0.7279583389420682,0.7969790472340159,0.022267236364095548,1.0,ppo,0.038260424345292934,1.7182385689759574,0.003811037334083056
199.0,13.0,16.0,raw,0.7279583389420682,0.7409915028199039,0.022267236364095548,1.0,raw,0.07191724226241107,3.229733635844136,0.001585426422899272
199.0,13.0,16.0,raw,0.7279583389420682,0.7409915028199039,0.022267236364095548,1.0,ppo,0.04350801834208505,1.9539029285304064,0.0035225575366781836
199.0,13.0,17.0,raw,0.7279583389420682,0.7502625446592447,0.022267236364095548,1.0,raw,0.03178476375327607,1.4274229290765021,0.0004987952789531347
199.0,13.0,17.0,raw,0.7279583389420682,0.7502625446592447,0.022267236364095548,1.0,ppo,0.030888765532213203,1.3871845175191702,0.002233862946191545
199.0,13.0,18.0,raw,0.7279583389420682,0.6192434475182258,0.022267236364095548,1.0,raw,0.04776363448509682,2.1450185242616158,0.006067075485761242
199.0,13.0,18.0,raw,0.7279583389420682,0.6192434475182258,0.022267236364095548,1.0,ppo,0.07154697865932481,3.213105456350641,0.006807817752509049
199.0,13.0,19.0,raw,0.7279583389420682,0.7763675843112373,0.022267236364095548,1.0,raw,0.0276635400829792,1.2423427690193667,0.0021404188968563442
199.0,13.0,19.0,raw,0.7279583389420682,0.7763675843112373,0.022267236364095548,1.0,ppo,0.019414502630268754,0.8718864933581681,0.00372640781085809
199.0,13.0,20.0,raw,0.7279583389420682,0.7132375026230774,0.022267236364095548,1.0,raw,0.0767608371319527,3.447254786216959,nan
199.0,13.0,20.0,raw,0.7279583389420682,0.7132375026230774,0.022267236364095548,1.0,ppo,0.07093818680207663,3.185765204184017,nan
199.0,13.0,21.0,raw,0.7279583389420682,0.8147135063408325,0.022267236364095548,1.0,raw,0.04739171049804271,2.128315778533645,nan
199.0,13.0,21.0,raw,0.7279583389420682,0.8147135063408325,0.022267236364095548,1.0,ppo,0.05960630554617998,2.6768614017270336,nan
199.0,13.0,22.0,raw,0.7279583389420682,0.6810622021204344,0.022267236364095548,1.0,raw,0.03808941216868706,1.7105585778980514,nan
199.0,13.0,22.0,raw,0.7279583389420682,0.6810622021204344,0.022267236364095548,1.0,ppo,0.04749669441153,2.133030504320477,nan
199.0,13.0,23.0,raw,0.7279583389420682,0.7905364735822868,0.022267236364095548,1.0,raw,0.04396740875132921,1.9745337064919182,nan
199.0,13.0,23.0,raw,0.7279583389420682,0.7905364735822868,0.022267236364095548,1.0,ppo,0.039999405729060696,1.796334537210783,nan
199.0,13.0,24.0,raw,0.7279583389420682,0.7576770293921946,0.022267236364095548,1.0,raw,0.06649590689534904,2.9862667197699175,nan
199.0,13.0,24.0,raw,0.7279583389420682,0.7576770293921946,0.022267236364095548,1.0,ppo,0.07073771858805022,3.1767623710192496,nan
199.0,13.0,25.0,raw,0.7279583389420682,0.7152115892453899,0.022267236364095548,1.0,raw,0.05595064101726813,2.512689051412094,nan
199.0,13.0,25.0,raw,0.7279583389420682,0.7152115892453899,0.022267236364095548,1.0,ppo,0.06540758633951314,2.9373912985887447,nan
199.0,13.0,26.0,raw,0.7279583389420682,0.7965356009119352,0.022267236364095548,1.0,raw,0.03661918458050569,1.644532082102102,nan
199.0,13.0,26.0,raw,0.7279583389420682,0.7965356009119352,0.022267236364095548,1.0,ppo,0.03153544821196254,1.416226409794229,nan
199.0,13.0,27.0,raw,0.7279583389420682,0.7262830994626445,0.022267236364095548,1.0,raw,0.09249617874989996,4.153913724966963,nan
199.0,13.0,27.0,raw,0.7279583389420682,0.7262830994626445,0.022267236364095548,1.0,ppo,0.06105085955415056,2.741734921922823,nan
199.0,13.0,28.0,raw,0.7279583389420682,0.7006466906451257,0.022267236364095548,1.0,raw,0.03890006480864883,1.7469642021392748,nan
199.0,13.0,28.0,raw,0.7279583389420682,0.7006466906451257,0.022267236364095548,1.0,ppo,0.02710187012577652,1.2171187157053984,nan
199.0,13.0,29.0,raw,0.7279583389420682,0.6765479515463035,0.022267236364095548,1.0,raw,0.09271115967020555,4.163568309702599,nan
199.0,13.0,29.0,raw,0.7279583389420682,0.6765479515463035,0.022267236364095548,1.0,ppo,0.03064737574469804,1.376343936157022,nan
199.0,13.0,30.0,raw,0.7279583389420682,0.7582950129633197,0.022267236364095548,1.0,raw,0.03385736617136408,1.5205014945616178,nan
199.0,13.0,30.0,raw,0.7279583389420682,0.7582950129633197,0.022267236364095548,1.0,ppo,0.029516065735499135,1.3255379002978496,nan
199.0,13.0,31.0,raw,0.7279583389420682,0.6992450758418203,0.022267236364095548,1.0,raw,0.07124853953739149,3.1997028446814832,nan
199.0,13.0,31.0,raw,0.7279583389420682,0.6992450758418203,0.022267236364095548,1.0,ppo,0.09184283111728483,4.124572516119484,nan
199.0,13.0,32.0,raw,0.7279583389420682,0.7351697338547746,0.022267236364095548,1.0,raw,0.14708592850554764,6.605486469021994,nan
199.0,13.0,32.0,raw,0.7279583389420682,0.7351697338547746,0.022267236364095548,1.0,ppo,0.15733889169809165,7.065937107120767,nan
199.0,13.0,33.0,raw,0.7279583389420682,0.7118643681171659,0.022267236364095548,1.0,raw,0.07625192463154984,3.424400019146563,nan
199.0,13.0,33.0,raw,0.7279583389420682,0.7118643681171659,0.022267236364095548,1.0,ppo,0.030049904797243135,1.3495120950751045,nan
199.0,13.0,34.0,raw,0.7279583389420682,0.8089394742704266,0.022267236364095548,1.0,raw,0.049582759510348066,2.226713665746909,nan
199.0,13.0,34.0,raw,0.7279583389420682,0.8089394742704266,0.022267236364095548,1.0,ppo,0.03530317930115237,1.5854315606976905,nan
199.0,13.0,35.0,raw,0.7279583389420682,0.7042030841911308,0.022267236364095548,1.0,raw,0.07323100340940236,3.288733375439555,nan
199.0,13.0,35.0,raw,0.7279583389420682,0.7042030841911308,0.022267236364095548,1.0,ppo,0.07193611491060128,3.2305811881798467,nan
199.0,13.0,36.0,raw,0.7279583389420682,0.7806059198196972,0.022267236364095548,1.0,raw,0.0600338150888666,2.696060440875688,nan
199.0,13.0,36.0,raw,0.7279583389420682,0.7806059198196972,0.022267236364095548,1.0,ppo,0.05862618409176651,2.6328450973061646,nan
199.0,13.0,37.0,raw,0.7279583389420682,0.7470547720691123,0.022267236364095548,1.0,raw,0.03788369511616374,1.701320024484435,nan
199.0,13.0,37.0,raw,0.7279583389420682,0.7470547720691123,0.022267236364095548,1.0,ppo,0.03705313466850511,1.664020359897506,nan
199.0,13.0,38.0,raw,0.7279583389420682,0.7291127619138236,0.022267236364095548,1.0,raw,0.10722026366907939,4.815158105653605,nan
199.0,13.0,38.0,raw,0.7279583389420682,0.7291127619138236,0.022267236364095548,1.0,ppo,0.04395260979475131,1.9738690996976167,nan
199.0,13.0,39.0,raw,0.7279583389420682,0.6450084913195929,0.022267236364095548,1.0,raw,0.07816994760441934,3.510536571591041,nan
199.0,13.0,39.0,raw,0.7279583389420682,0.6450084913195929,0.022267236364095548,1.0,ppo,0.09138132038158686,4.103846516352304,nan
199.0,13.0,40.0,raw,0.7279583389420682,0.7504709451913019,0.022267236364095548,1.0,raw,0.2517189282144051,11.304453058228875,nan
199.0,13.0,40.0,raw,0.7279583389420682,0.7504709451913019,0.022267236364095548,1.0,ppo,0.19554784398968558,8.781864116060383,nan
199.0,13.0,41.0,raw,0.7279583389420682,0.6917479263831482,0.022267236364095548,1.0,raw,0.1038935373148843,4.66575804990357,nan
199.0,13.0,41.0,raw,0.7279583389420682,0.6917479263831482,0.022267236364095548,1.0,ppo,0.1113898660174484,5.002410905246293,nan
199.0,13.0,42.0,raw,0.7279583389420682,0.8272092210113888,0.022267236364095548,1.0,raw,0.03379869933859974,1.5178668239718296,nan
199.0,13.0,42.0,raw,0.7279583389420682,0.8272092210113888,0.022267236364095548,1.0,ppo,0.058472662808876336,2.6259506053099457,nan
199.0,13.0,43.0,raw,0.7279583389420682,0.7723250081850449,0.022267236364095548,1.0,raw,0.06679749254798159,2.9998106390826367,nan
199.0,13.0,43.0,raw,0.7279583389420682,0.7723250081850449,0.022267236364095548,1.0,ppo,0.042649048028241016,1.9153274043926616,nan
199.0,13.0,44.0,raw,0.7279583389420682,0.7094422240174146,0.022267236364095548,1.0,raw,0.10376685886205703,4.660069043384937,nan
199.0,13.0,44.0,raw,0.7279583389420682,0.7094422240174146,0.022267236364095548,1.0,ppo,0.11866718187038579,5.329228105815988,nan
199.0,13.0,45.0,raw,0.7279583389420682,0.7115825564592819,0.022267236364095548,1.0,raw,0.062077700170836456,2.787849338633359,nan
199.0,13.0,45.0,raw,0.7279583389420682,0.7115825564592819,0.022267236364095548,1.0,ppo,0.06685842707802325,3.0025471497589193,nan
199.0,13.0,46.0,raw,0.7279583389420682,0.6262971464351271,0.022267236364095548,1.0,raw,0.038363767199643115,1.7228795963877297,nan
199.0,13.0,46.0,raw,0.7279583389420682,0.6262971464351271,0.022267236364095548,1.0,ppo,0.04335573616240984,1.9470640834584263,nan
199.0,13.0,47.0,raw,0.7279583389420682,0.7867938205614364,0.022267236364095548,1.0,raw,0.018647722860645442,0.8374511571949569,nan
199.0,13.0,47.0,raw,0.7279583389420682,0.7867938205614364,0.022267236364095548,1.0,ppo,0.019204937552876125,0.8624751288778172,nan
199.0,13.0,48.0,raw,0.7279583389420682,0.7961221038383128,0.022267236364095548,1.0,raw,0.03515808650289062,1.578915583775844,nan
199.0,13.0,48.0,raw,0.7279583389420682,0.7961221038383128,0.022267236364095548,1.0,ppo,0.0404891099528385,1.8183266791978066,nan
199.0,13.0,49.0,raw,0.7279583389420682,0.7921602891437742,0.022267236364095548,1.0,raw,0.030753388555561468,1.381104868727638,nan
199.0,13.0,49.0,raw,0.7279583389420682,0.7921602891437742,0.022267236364095548,1.0,ppo,0.01783833887597236,0.8011025070329565,nan
199.0,13.0,50.0,raw,0.7279583389420682,0.7237256507954335,0.022267236364095548,1.0,raw,0.024562633874967595,1.1030840771319617,nan
199.0,13.0,50.0,raw,0.7279583389420682,0.7237256507954335,0.022267236364095548,1.0,ppo,0.03460391165898043,1.5540281287343298,nan
199.0,13.0,51.0,raw,0.7279583389420682,0.6900322961104829,0.022267236364095548,1.0,raw,0.046618101438580244,2.093573745583842,nan
199.0,13.0,51.0,raw,0.7279583389420682,0.6900322961104829,0.022267236364095548,1.0,ppo,0.0544506394895574,2.4453254368537385,nan
199.0,13.0,52.0,raw,0.7279583389420682,0.773812265024839,0.022267236364095548,1.0,raw,0.02489981428069745,1.1182265223019217,nan
199.0,13.0,52.0,raw,0.7279583389420682,0.773812265024839,0.022267236364095548,1.0,ppo,0.03057952882861102,1.3732969969240771,nan
199.0,13.0,53.0,raw,0.7279583389420682,0.6861968637227264,0.022267236364095548,1.0,raw,0.09710199542681316,4.3607564872030435,nan
199.0,13.0,53.0,raw,0.7279583389420682,0.6861968637227264,0.022267236364095548,1.0,ppo,0.12200920880191637,5.4793152956622935,nan
199.0,13.0,54.0,raw,0.7279583389420682,0.7271569438722695,0.022267236364095548,1.0,raw,0.027950184030205345,1.2552156708262716,nan
199.0,13.0,54.0,raw,0.7279583389420682,0.7271569438722695,0.022267236364095548,1.0,ppo,0.030233588555610647,1.3577611546065194,nan
199.0,13.0,55.0,raw,0.7279583389420682,0.7899887203771128,0.022267236364095548,1.0,raw,0.037334550646741564,1.6766584786849017,nan
199.0,13.0,55.0,raw,0.7279583389420682,0.7899887203771128,0.022267236364095548,1.0,ppo,0.03305224006167087,1.4843440614375223,nan
199.0,13.0,56.0,raw,0.7279583389420682,0.7916702029019895,0.022267236364095548,1.0,raw,0.043944796548512285,1.9735182143829206,nan
199.0,13.0,56.0,raw,0.7279583389420682,0.7916702029019895,0.022267236364095548,1.0,ppo,0.06059321214877244,2.721182420575326,nan
199.0,13.0,57.0,raw,0.7279583389420682,0.7264374732090526,0.022267236364095548,1.0,raw,0.049143118754696,2.2069698255835664,nan
199.0,13.0,57.0,raw,0.7279583389420682,0.7264374732090526,0.022267236364095548,1.0,ppo,0.047854296429416576,2.14909006429637,nan
199.0,13.0,58.0,raw,0.7279583389420682,0.7474753425152387,0.022267236364095548,1.0,raw,0.06847383926853594,3.075093745308488,nan
199.0,13.0,58.0,raw,0.7279583389420682,0.7474753425152387,0.022267236364095548,1.0,ppo,0.058397981216452,2.6225967273879975,nan
199.0,13.0,59.0,raw,0.7279583389420682,0.7789112953942774,0.022267236364095548,1.0,raw,0.04606862162517431,2.068897139811069,nan
199.0,13.0,59.0,raw,0.7279583389420682,0.7789112953942774,0.022267236364095548,1.0,ppo,0.06306568480536516,2.8322187708509,nan
199.0,13.0,60.0,raw,0.7279583389420682,0.7239257628419892,0.022267236364095548,1.0,raw,0.07566183265304369,3.3978995604072093,nan
199.0,13.0,60.0,raw,0.7279583389420682,0.7239257628419892,0.022267236364095548,1.0,ppo,0.06730813289052529,3.0227430018686654,nan
199.0,13.0,61.0,raw,0.7279583389420682,0.7524508048934919,0.022267236364095548,1.0,raw,0.040909901840650964,1.8372240349779323,nan
199.0,13.0,61.0,raw,0.7279583389420682,0.7524508048934919,0.022267236364095548,1.0,ppo,0.05848809543883983,2.6266436697617324,nan
199.0,13.0,62.0,raw,0.7279583389420682,0.7696200753592695,0.022267236364095548,1.0,raw,0.031107987525274217,1.3970295647210984,nan
199.0,13.0,62.0,raw,0.7279583389420682,0.7696200753592695,0.022267236364095548,1.0,ppo,0.027327257803847003,1.2272406578442938,nan
199.0,13.0,63.0,raw,0.7279583389420682,0.7030864526879883,0.022267236364095548,1.0,raw,0.12825983540251268,5.760024877147449,nan
199.0,13.0,63.0,raw,0.7279583389420682,0.7030864526879883,0.022267236364095548,1.0,ppo,0.095625795618938,4.294461784809914,nan
199.0,13.0,64.0,raw,0.7279583389420682,0.6905251336772921,0.022267236364095548,1.0,raw,0.17710723437149026,7.953714213815236,nan
199.0,13.0,64.0,raw,0.7279583389420682,0.6905251336772921,0.022267236364095548,1.0,ppo,0.18512729693859875,8.31388744932462,nan
199.0,13.0,65.0,raw,0.7279583389420682,0.7123919729402897,0.022267236364095548,1.0,raw,0.03804500628153978,1.7085643525518435,nan
199.0,13.0,65.0,raw,0.7279583389420682,0.7123919729402897,0.022267236364095548,1.0,ppo,0.03488268307022088,1.5665474825814896,nan
199.0,13.0,66.0,raw,0.7279583389420682,0.7831412421576395,0.022267236364095548,1.0,raw,0.04268181528103274,1.9167989499520628,nan
199.0,13.0,66.0,raw,0.7279583389420682,0.7831412421576395,0.022267236364095548,1.0,ppo,0.0511631231210784,2.297686263553369,nan
199.0,13.0,67.0,raw,0.7279583389420682,0.7541396427661005,0.022267236364095548,1.0,raw,0.047175005458924904,2.118583765293456,nan
199.0,13.0,67.0,raw,0.7279583389420682,0.7541396427661005,0.022267236364095548,1.0,ppo,0.02611083749269185,1.1726124008273364,nan
199.0,13.0,68.0,raw,0.7279583389420682,0.7833646445430149,0.022267236364095548,1.0,raw,0.05506720019705212,2.4730145805540715,nan
199.0,13.0,68.0,raw,0.7279583389420682,0.7833646445430149,0.022267236364095548,1.0,ppo,0.06902156869811672,3.0996917430404367,nan
199.0,13.0,69.0,raw,0.7279583389420682,0.7102241341823026,0.022267236364095548,1.0,raw,0.09099801748253651,4.086632754716917,nan
199.0,13.0,69.0,raw,0.7279583389420682,0.7102241341823026,0.022267236364095548,1.0,ppo,0.09446028237934875,4.242119715029376,nan
199.0,13.0,70.0,raw,0.7279583389420682,0.8412290457778773,0.022267236364095548,1.0,raw,0.03283021457400663,1.4743731120105765,nan
199.0,13.0,70.0,raw,0.7279583389420682,0.8412290457778773,0.022267236364095548,1.0,ppo,0.0334042150462166,1.500150916800735,nan
199.0,13.0,71.0,raw,0.7279583389420682,0.796753294049742,0.022267236364095548,1.0,raw,0.056323992570596164,2.5294559077575918,nan
199.0,13.0,71.0,raw,0.7279583389420682,0.796753294049742,0.022267236364095548,1.0,ppo,0.07775834170380573,3.492051749591428,nan
199.0,13.0,72.0,raw,0.7279583389420682,0.6711978360823831,0.022267236364095548,1.0,raw,0.05023894706017152,2.256182412523294,nan
199.0,13.0,72.0,raw,0.7279583389420682,0.6711978360823831,0.022267236364095548,1.0,ppo,0.04833934892513294,2.1708733016853836,nan
199.0,13.0,73.0,raw,0.7279583389420682,0.7317135064099772,0.022267236364095548,1.0,raw,0.0942020227069093,4.2305215234883775,nan
199.0,13.0,73.0,raw,0.7279583389420682,0.7317135064099772,0.022267236364095548,1.0,ppo,0.07503976178087245,3.3699629605526225,nan
199.0,13.0,74.0,raw,0.7279583389420682,0.8114886670902041,0.022267236364095548,1.0,raw,0.07684031255380448,3.4508239503715163,nan
199.0,13.0,74.0,raw,0.7279583389420682,0.8114886670902041,0.022267236364095548,1.0,ppo,0.013120269994244045,0.5892186070921498,nan
199.0,13.0,75.0,raw,0.7279583389420682,0.6993252285815829,0.022267236364095548,1.0,raw,0.05577121152463167,2.5046310468307182,nan
199.0,13.0,75.0,raw,0.7279583389420682,0.6993252285815829,0.022267236364095548,1.0,ppo,0.026169950570401754,1.1752671118450548,nan
199.0,13.0,76.0,raw,0.7279583389420682,0.7926300573112118,0.022267236364095548,1.0,raw,0.040660857831577156,1.8260397099453307,nan
199.0,13.0,76.0,raw,0.7279583389420682,0.7926300573112118,0.022267236364095548,1.0,ppo,0.03490609152781176,1.5675987337205228,nan
199.0,13.0,77.0,raw,0.7279583389420682,0.7018346837961025,0.022267236364095548,1.0,raw,0.10866279033650778,4.879940579950881,nan
199.0,13.0,77.0,raw,0.7279583389420682,0.7018346837961025,0.022267236364095548,1.0,ppo,0.11477681982492399,5.154515717540685,nan
199.0,13.0,78.0,raw,0.7279583389420682,0.7265316172897578,0.022267236364095548,1.0,raw,0.03168136354796547,1.4227793260886914,nan
199.0,13.0,78.0,raw,0.7279583389420682,0.7265316172897578,0.022267236364095548,1.0,ppo,0.018743379127921934,0.8417469874323694,nan
199.0,13.0,79.0,raw,0.7279583389420682,0.6844399114753311,0.022267236364095548,1.0,raw,0.041314392700361996,1.855389327387692,nan
199.0,13.0,79.0,raw,0.7279583389420682,0.6844399114753311,0.022267236364095548,1.0,ppo,0.045120951348236814,2.026338186313564,nan
1127.0,14.0,0.0,ppo,0.747531875350124,0.7977834180164258,0.00697868985678478,1.0,raw,0.05911627329725605,8.470970126259786,0.0020170856345663735
1127.0,14.0,0.0,ppo,0.747531875350124,0.7977834180164258,0.00697868985678478,1.0,ppo,0.027153455928407448,3.8909102547390724,0.0016588484253252656
1127.0,14.0,1.0,ppo,0.747531875350124,0.7739475506482519,0.00697868985678478,1.0,raw,0.04978755723377948,7.134226947394047,0.0006627378253118987
1127.0,14.0,1.0,ppo,0.747531875350124,0.7739475506482519,0.00697868985678478,1.0,ppo,0.03828395247788538,5.48583663460344,0.0007359658686677539
1127.0,14.0,2.0,ppo,0.747531875350124,0.6877784961658262,0.00697868985678478,1.0,raw,0.059393194799009265,8.510651141957021,0.0014310157458874428
1127.0,14.0,2.0,ppo,0.747531875350124,0.6877784961658262,0.00697868985678478,1.0,ppo,0.056960577698141994,8.16207323538875,0.0016099329756753544
1127.0,14.0,3.0,ppo,0.747531875350124,0.6605759837523688,0.00697868985678478,1.0,raw,0.0974723189184053,13.967137230441807,0.0016983759122309872
1127.0,14.0,3.0,ppo,0.747531875350124,0.6605759837523688,0.00697868985678478,1.0,ppo,0.08513815306343037,12.19973301731669,0.0017305050503045871
1127.0,14.0,4.0,ppo,0.747531875350124,0.8353076226044873,0.00697868985678478,1.0,raw,0.08705029384633506,12.473730117366305,0.001209329165619999
1127.0,14.0,4.0,ppo,0.747531875350124,0.8353076226044873,0.00697868985678478,1.0,ppo,0.07372532282313726,10.564350090935832,0.0011002672359049503
1127.0,14.0,5.0,ppo,0.747531875350124,0.6712414686375888,0.00697868985678478,1.0,raw,0.033591890264589336,4.813495219583491,0.0005686028740670146
1127.0,14.0,5.0,ppo,0.747531875350124,0.6712414686375888,0.00697868985678478,1.0,ppo,0.04843580020218284,6.940529124545186,0.0009641777681029806
1127.0,14.0,6.0,ppo,0.747531875350124,0.7816896186488456,0.00697868985678478,1.0,raw,0.06867594766190185,9.840808098834502,0.0010497990483262498
1127.0,14.0,6.0,ppo,0.747531875350124,0.7816896186488456,0.00697868985678478,1.0,ppo,0.0692950422060474,9.929520243499256,0.0010241308023221096
1127.0,14.0,7.0,ppo,0.747531875350124,0.7369046333429927,0.00697868985678478,1.0,raw,0.0667006365594164,9.557759110697418,0.0013837322863282653
1127.0,14.0,7.0,ppo,0.747531875350124,0.7369046333429927,0.00697868985678478,1.0,ppo,0.042849890678075084,6.14010531452631,0.0013807007308160868
1127.0,14.0,8.0,ppo,0.747531875350124,0.8530466932774381,0.00697868985678478,1.0,raw,0.029574479976734017,4.237826953719872,0.0013329703049486108
1127.0,14.0,8.0,ppo,0.747531875350124,0.8530466932774381,0.00697868985678478,1.0,ppo,0.02995709661203761,4.292653381481468,0.0011703601871903002
1127.0,14.0,9.0,ppo,0.747531875350124,0.8836885359877215,0.00697868985678478,1.0,raw,0.009906229348600207,1.4194970047234914,0.0011915726614861732
1127.0,14.0,9.0,ppo,0.747531875350124,0.8836885359877215,0.00697868985678478,1.0,ppo,0.009585395176018186,1.3735235943604989,0.0011784776504102368
1127.0,14.0,10.0,ppo,0.747531875350124,0.8098656443053921,0.00697868985678478,1.0,raw,0.03533753939360773,5.063635169178937,0.0011896739872255813
1127.0,14.0,10.0,ppo,0.747531875350124,0.8098656443053921,0.00697868985678478,1.0,ppo,0.012244274915892271,1.7545234373738812,0.0006045303555461956
1127.0,14.0,11.0,ppo,0.747531875350124,0.8614406279063556,0.00697868985678478,1.0,raw,0.040818318293711214,5.848994457609701,0.0006029419553978954
1127.0,14.0,11.0,ppo,0.747531875350124,0.8614406279063556,0.00697868985678478,1.0,ppo,0.038860537913692955,5.568457505804216,0.0005546438361228034
1127.0,14.0,12.0,ppo,0.747531875350124,0.660997193125169,0.00697868985678478,1.0,raw,0.028650015859809363,4.105357373340702,0.0011574558988299843
1127.0,14.0,12.0,ppo,0.747531875350124,0.660997193125169,0.00697868985678478,1.0,ppo,0.03560276585097105,5.101640362532739,0.000980613694491761
1127.0,14.0,13.0,ppo,0.747531875350124,0.7912037213727772,0.00697868985678478,1.0,raw,0.02370564132072034,3.3968612744229323,0.0007522504993757728
1127.0,14.0,13.0,ppo,0.747531875350124,0.7912037213727772,0.00697868985678478,1.0,ppo,0.02480571244823352,3.5544941754528696,0.0007940877554105663
1127.0,14.0,14.0,ppo,0.747531875350124,0.7588917506258265,0.00697868985678478,1.0,raw,0.04227645919806924,6.057936384286726,0.0012282695316152559
1127.0,14.0,14.0,ppo,0.747531875350124,0.7588917506258265,0.00697868985678478,1.0,ppo,0.02768154260746984,3.966581575559982,0.0013033958595356498
1127.0,14.0,15.0,ppo,0.747531875350124,0.8025634151200544,0.00697868985678478,1.0,raw,0.0322575075289079,4.622287018178161,0.0006972337801168793
1127.0,14.0,15.0,ppo,0.747531875350124,0.8025634151200544,0.00697868985678478,1.0,ppo,0.022218313873840906,3.1837371096581903,0.0010137004739626532
1127.0,14.0,16.0,ppo,0.747531875350124,0.7405150722205235,0.00697868985678478,1.0,raw,0.07170514161290129,10.274871513768238,-0.00019324929010655634
1127.0,14.0,16.0,ppo,0.747531875350124,0.7405150722205235,0.00697868985678478,1.0,ppo,0.09624325293918595,13.791020222172062,-0.0006348608243207376
1127.0,14.0,17.0,ppo,0.747531875350124,0.8423283358888042,0.00697868985678478,1.0,raw,0.0524107026105735,7.510106293034226,0.0002950632191274227
1127.0,14.0,17.0,ppo,0.747531875350124,0.8423283358888042,0.00697868985678478,1.0,ppo,0.05614834019665025,8.045684985135432,0.00011860840051225452
1127.0,14.0,18.0,ppo,0.747531875350124,0.7631681959041864,0.00697868985678478,1.0,raw,0.09409445470108838,13.483111677417277,0.0010535014699822876
1127.0,14.0,18.0,ppo,0.747531875350124,0.7631681959041864,0.00697868985678478,1.0,ppo,0.08628114645125183,12.363516393749478,0.0008627931082134666
1127.0,14.0,19.0,ppo,0.747531875350124,0.8520700094272277,0.00697868985678478,1.0,raw,0.03823592555567621,5.478954694985149,0.0006538743561215199
1127.0,14.0,19.0,ppo,0.747531875350124,0.8520700094272277,0.00697868985678478,1.0,ppo,0.012934616945673313,1.8534448744842984,0.0008185212343001513
1127.0,14.0,20.0,ppo,0.747531875350124,0.8130152081987068,0.00697868985678478,1.0,raw,0.0848973715035832,12.165230615750145,nan
1127.0,14.0,20.0,ppo,0.747531875350124,0.8130152081987068,0.00697868985678478,1.0,ppo,0.12772546143252758,18.302212027426766,nan
1127.0,14.0,21.0,ppo,0.747531875350124,0.8438276912362893,0.00697868985678478,1.0,raw,0.20601993129216298,29.52129060325951,nan
1127.0,14.0,21.0,ppo,0.747531875350124,0.8438276912362893,0.00697868985678478,1.0,ppo,0.21473642391843917,30.770306221542345,nan
1127.0,14.0,22.0,ppo,0.747531875350124,0.6598573722552373,0.00697868985678478,1.0,raw,0.19084489940065363,27.346809117059635,nan
1127.0,14.0,22.0,ppo,0.747531875350124,0.6598573722552373,0.00697868985678478,1.0,ppo,0.15594234641921156,22.345504617546837,nan
1127.0,14.0,23.0,ppo,0.747531875350124,0.7037023053790702,0.00697868985678478,1.0,raw,0.11680543910005678,16.73744520778451,nan
1127.0,14.0,23.0,ppo,0.747531875350124,0.7037023053790702,0.00697868985678478,1.0,ppo,0.10301218064461237,14.760962696237673,nan
1127.0,14.0,24.0,ppo,0.747531875350124,0.6102361819028893,0.00697868985678478,1.0,raw,0.1219395233360139,17.473125448820827,nan
1127.0,14.0,24.0,ppo,0.747531875350124,0.6102361819028893,0.00697868985678478,1.0,ppo,0.15002198758602164,21.497156438348977,nan
1127.0,14.0,25.0,ppo,0.747531875350124,0.7588102310027427,0.00697868985678478,1.0,raw,0.02515375013711474,3.604365669389923,nan
1127.0,14.0,25.0,ppo,0.747531875350124,0.7588102310027427,0.00697868985678478,1.0,ppo,0.03601515653691871,5.16073321440188,nan
1127.0,14.0,26.0,ppo,0.747531875350124,0.8049356091324283,0.00697868985678478,1.0,raw,0.0748684401531946,10.728151227469503,nan
1127.0,14.0,26.0,ppo,0.747531875350124,0.8049356091324283,0.00697868985678478,1.0,ppo,0.08177289060268615,11.71751321248148,nan
1127.0,14.0,27.0,ppo,0.747531875350124,0.7620047412253664,0.00697868985678478,1.0,raw,0.08077724507459463,11.574843807690044,nan
1127.0,14.0,27.0,ppo,0.747531875350124,0.7620047412253664,0.00697868985678478,1.0,ppo,0.06379300089026807,9.141114191834678,nan
1127.0,14.0,28.0,ppo,0.747531875350124,0.7167698764958742,0.00697868985678478,1.0,raw,0.06525661661883428,9.350840624532252,nan
1127.0,14.0,28.0,ppo,0.747531875350124,0.7167698764958742,0.00697868985678478,1.0,ppo,0.062061387361309714,8.892985450696418,nan
1127.0,14.0,29.0,ppo,0.747531875350124,0.8574030072208715,0.00697868985678478,1.0,raw,0.03288162400804269,4.711718772840251,nan
1127.0,14.0,29.0,ppo,0.747531875350124,0.8574030072208715,0.00697868985678478,1.0,ppo,0.020257173949610362,2.9027187574349727,nan
1127.0,14.0,30.0,ppo,0.747531875350124,0.8264323220493801,0.00697868985678478,1.0,raw,0.014304814641001605,2.0497851222166386,nan
1127.0,14.0,30.0,ppo,0.747531875350124,0.8264323220493801,0.00697868985678478,1.0,ppo,0.017499942863463663,2.5076258183977003,nan
1127.0,14.0,31.0,ppo,0.747531875350124,0.8248966486776584,0.00697868985678478,1.0,raw,0.062348328446883636,8.934102206342889,nan
1127.0,14.0,31.0,ppo,0.747531875350124,0.8248966486776584,0.00697868985678478,1.0,ppo,0.05972753889676416,8.55856043505017,nan
1127.0,14.0,32.0,ppo,0.747531875350124,0.6699523302843394,0.00697868985678478,1.0,raw,0.21981043693060248,31.497378654375893,nan
1127.0,14.0,32.0,ppo,0.747531875350124,0.6699523302843394,0.00697868985678478,1.0,ppo,0.2240423198795505,32.10377943099641,nan
1127.0,14.0,33.0,ppo,0.747531875350124,0.6986499027807891,0.00697868985678478,1.0,raw,0.06839756930596869,9.800918325589668,nan
1127.0,14.0,33.0,ppo,0.747531875350124,0.6986499027807891,0.00697868985678478,1.0,ppo,0.09680522707198845,13.87154739049953,nan
1127.0,14.0,34.0,ppo,0.747531875350124,0.7708710425326233,0.00697868985678478,1.0,raw,0.09042573249549898,12.957408102551774,nan
1127.0,14.0,34.0,ppo,0.747531875350124,0.7708710425326233,0.00697868985678478,1.0,ppo,0.0419484142409425,6.010929716293333,nan
1127.0,14.0,35.0,ppo,0.747531875350124,0.7800558720101236,0.00697868985678478,1.0,raw,0.060500369490626066,8.669301936638831,nan
1127.0,14.0,35.0,ppo,0.747531875350124,0.7800558720101236,0.00697868985678478,1.0,ppo,0.08527390630223367,12.219185556631261,nan
1127.0,14.0,36.0,ppo,0.747531875350124,0.7520313228593715,0.00697868985678478,1.0,raw,0.06648558920855527,9.52694425070589,nan
1127.0,14.0,36.0,ppo,0.747531875350124,0.7520313228593715,0.00697868985678478,1.0,ppo,0.06602515207248381,9.460966660997729,nan
1127.0,14.0,37.0,ppo,0.747531875350124,0.8539025075880738,0.00697868985678478,1.0,raw,0.13170989965747645,18.873155615222856,nan
1127.0,14.0,37.0,ppo,0.747531875350124,0.8539025075880738,0.00697868985678478,1.0,ppo,0.10235511051994806,14.666808902596092,nan
1127.0,14.0,38.0,ppo,0.747531875350124,0.8226668745340955,0.00697868985678478,1.0,raw,0.06041630402838355,8.657255913106093,nan
1127.0,14.0,38.0,ppo,0.747531875350124,0.8226668745340955,0.00697868985678478,1.0,ppo,0.022008946038287774,3.1537360865650688,nan
1127.0,14.0,39.0,ppo,0.747531875350124,0.8348618456212411,0.00697868985678478,1.0,raw,0.07398444602259246,10.6014807278853,nan
1127.0,14.0,39.0,ppo,0.747531875350124,0.8348618456212411,0.00697868985678478,1.0,ppo,0.036697701785503065,5.2585374244458,nan
1127.0,14.0,40.0,ppo,0.747531875350124,0.6259642746722743,0.00697868985678478,1.0,raw,0.1085243690333938,15.55082275620615,nan
1127.0,14.0,40.0,ppo,0.747531875350124,0.6259642746722743,0.00697868985678478,1.0,ppo,0.02576801971282103,3.692386428058413,nan
1127.0,14.0,41.0,ppo,0.747531875350124,0.7762118386010929,0.00697868985678478,1.0,raw,0.038805472253424456,5.560566961676515,nan
1127.0,14.0,41.0,ppo,0.747531875350124,0.7762118386010929,0.00697868985678478,1.0,ppo,0.03872024649623797,5.548354675569025,nan
1127.0,14.0,42.0,ppo,0.747531875350124,0.8253087165544813,0.00697868985678478,1.0,raw,0.061940634034349684,8.875682299325874,nan
1127.0,14.0,42.0,ppo,0.747531875350124,0.8253087165544813,0.00697868985678478,1.0,ppo,0.058438660556247565,8.37387271185761,nan
1127.0,14.0,43.0,ppo,0.747531875350124,0.7488490642164686,0.00697868985678478,1.0,raw,0.081816296405721,11.723732976352007,nan
1127.0,14.0,43.0,ppo,0.747531875350124,0.7488490642164686,0.00697868985678478,1.0,ppo,0.07929002866551615,11.361735553906193,nan
1127.0,14.0,44.0,ppo,0.747531875350124,0.6604264631206788,0.00697868985678478,1.0,raw,0.044678401804378584,6.402118839102961,nan
1127.0,14.0,44.0,ppo,0.747531875350124,0.6604264631206788,0.00697868985678478,1.0,ppo,0.03964844836201285,5.681359850583713,nan
1127.0,14.0,45.0,ppo,0.747531875350124,0.8201002352710166,0.00697868985678478,1.0,raw,0.03441562870394754,4.931531478002019,nan
1127.0,14.0,45.0,ppo,0.747531875350124,0.8201002352710166,0.00697868985678478,1.0,ppo,0.030281186441196525,4.339093305852636,nan
1127.0,14.0,46.0,ppo,0.747531875350124,0.8256488245092927,0.00697868985678478,1.0,raw,0.044335229879946064,6.35294457695992,nan
1127.0,14.0,46.0,ppo,0.747531875350124,0.8256488245092927,0.00697868985678478,1.0,ppo,0.05008635532173981,7.177042732891354,nan
1127.0,14.0,47.0,ppo,0.747531875350124,0.5758441209962062,0.00697868985678478,1.0,raw,0.3278657382469612,46.98098711582741,nan
1127.0,14.0,47.0,ppo,0.747531875350124,0.5758441209962062,0.00697868985678478,1.0,ppo,0.35524209694797604,50.903837860426584,nan
1127.0,14.0,48.0,ppo,0.747531875350124,0.8595704515962532,0.00697868985678478,1.0,raw,0.07374760154695141,10.567542484389525,nan
1127.0,14.0,48.0,ppo,0.747531875350124,0.8595704515962532,0.00697868985678478,1.0,ppo,0.02688106927430501,3.8518790526521047,nan
1127.0,14.0,49.0,ppo,0.747531875350124,0.6628720957362018,0.00697868985678478,1.0,raw,0.2094257200151753,30.009317552859677,nan
1127.0,14.0,49.0,ppo,0.747531875350124,0.6628720957362018,0.00697868985678478,1.0,ppo,0.18835026148232126,26.98934403843789,nan
1127.0,14.0,50.0,ppo,0.747531875350124,0.7214365504151449,0.00697868985678478,1.0,raw,0.09592057619083283,13.744782782914116,nan
1127.0,14.0,50.0,ppo,0.747531875350124,0.7214365504151449,0.00697868985678478,1.0,ppo,0.10316509803531361,14.782874744750988,nan
1127.0,14.0,51.0,ppo,0.747531875350124,0.8121462935735014,0.00697868985678478,1.0,raw,0.11511171263528978,16.494745431820068,nan
1127.0,14.0,51.0,ppo,0.747531875350124,0.8121462935735014,0.00697868985678478,1.0,ppo,0.14977035273226177,21.46109883170305,nan
1127.0,14.0,52.0,ppo,0.747531875350124,0.899178159183353,0.00697868985678478,1.0,raw,0.035075712882090104,5.0261171655291434,nan
1127.0,14.0,52.0,ppo,0.747531875350124,0.899178159183353,0.00697868985678478,1.0,ppo,0.02500589640207114,3.5831792091691907,nan
1127.0,14.0,53.0,ppo,0.747531875350124,0.8095347613560058,0.00697868985678478,1.0,raw,0.03940391350516607,5.6463196264349005,nan
1127.0,14.0,53.0,ppo,0.747531875350124,0.8095347613560058,0.00697868985678478,1.0,ppo,0.02078025118281407,2.9776722578681754,nan
1127.0,14.0,54.0,ppo,0.747531875350124,0.7827900810280375,0.00697868985678478,1.0,raw,0.05631214587452605,8.069157253030609,nan
1127.0,14.0,54.0,ppo,0.747531875350124,0.7827900810280375,0.00697868985678478,1.0,ppo,0.028525599204064153,4.087529291236688,nan
1127.0,14.0,55.0,ppo,0.747531875350124,0.8372907230506781,0.00697868985678478,1.0,raw,0.034734963891617274,4.977290093762722,nan
1127.0,14.0,55.0,ppo,0.747531875350124,0.8372907230506781,0.00697868985678478,1.0,ppo,0.048112920282322044,6.894262572156863,nan
1127.0,14.0,56.0,ppo,0.747531875350124,0.6801805479541839,0.00697868985678478,1.0,raw,0.07672525682360257,10.994220748900196,nan
1127.0,14.0,56.0,ppo,0.747531875350124,0.6801805479541839,0.00697868985678478,1.0,ppo,0.10997361069975733,15.75848948106491,nan
1127.0,14.0,57.0,ppo,0.747531875350124,0.8831980267000805,0.00697868985678478,1.0,raw,0.16720361560496533,23.95916984939625,nan
1127.0,14.0,57.0,ppo,0.747531875350124,0.8831980267000805,0.00697868985678478,1.0,ppo,0.20194245690900275,28.937015550658334,nan
1127.0,14.0,58.0,ppo,0.747531875350124,0.7670615900599749,0.00697868985678478,1.0,raw,0.039349776111476026,5.638562096755113,nan
1127.0,14.0,58.0,ppo,0.747531875350124,0.7670615900599749,0.00697868985678478,1.0,ppo,0.02790817660119599,3.999056724674943,nan
1127.0,14.0,59.0,ppo,0.747531875350124,0.7531634979341574,0.00697868985678478,1.0,raw,0.05351461381212518,7.6682894512209225,nan
1127.0,14.0,59.0,ppo,0.747531875350124,0.7531634979341574,0.00697868985678478,1.0,ppo,0.09969643435088281,14.285838229930299,nan
1127.0,14.0,60.0,ppo,0.747531875350124,0.7915422694874408,0.00697868985678478,1.0,raw,0.04823976481706588,6.912438553228799,nan
1127.0,14.0,60.0,ppo,0.747531875350124,0.7915422694874408,0.00697868985678478,1.0,ppo,0.04416476022807218,6.32851740576128,nan
1127.0,14.0,61.0,ppo,0.747531875350124,0.8625329815856999,0.00697868985678478,1.0,raw,0.028891716472103496,4.139991469031192,nan
1127.0,14.0,61.0,ppo,0.747531875350124,0.8625329815856999,0.00697868985678478,1.0,ppo,0.011276381470030874,1.6158307220183767,nan
1127.0,14.0,62.0,ppo,0.747531875350124,0.6169730630791496,0.00697868985678478,1.0,raw,0.15529828952935892,22.253215534198837,nan
1127.0,14.0,62.0,ppo,0.747531875350124,0.6169730630791496,0.00697868985678478,1.0,ppo,0.2031396983369972,29.10857231167852,nan
1127.0,14.0,63.0,ppo,0.747531875350124,0.7354215266673995,0.00697868985678478,1.0,raw,0.03841746077176508,5.504967488190507,nan
1127.0,14.0,63.0,ppo,0.747531875350124,0.7354215266673995,0.00697868985678478,1.0,ppo,0.03778609853042322,5.414497463830844,nan
1127.0,14.0,64.0,ppo,0.747531875350124,0.7451835756665741,0.00697868985678478,1.0,raw,0.038607387356603226,5.532182708917575,nan
1127.0,14.0,64.0,ppo,0.747531875350124,0.7451835756665741,0.00697868985678478,1.0,ppo,0.04091078165077497,5.862243843807005,nan
1127.0,14.0,65.0,ppo,0.747531875350124,0.7756928517888827,0.00697868985678478,1.0,raw,0.06787356805254768,9.725832419183961,nan
1127.0,14.0,65.0,ppo,0.747531875350124,0.7756928517888827,0.00697868985678478,1.0,ppo,0.05635306665474829,8.075020929603435,nan
1127.0,14.0,66.0,ppo,0.747531875350124,0.8172703290360998,0.00697868985678478,1.0,raw,0.05717775258729632,8.193192957515844,nan
1127.0,14.0,66.0,ppo,0.747531875350124,0.8172703290360998,0.00697868985678478,1.0,ppo,0.03251276891576227,4.658864282978975,nan
1127.0,14.0,67.0,ppo,0.747531875350124,0.8814172660632454,0.00697868985678478,1.0,raw,0.03287225933564712,4.710376877357324,nan
1127.0,14.0,67.0,ppo,0.747531875350124,0.8814172660632454,0.00697868985678478,1.0,ppo,0.020719306813956794,2.968939333765233,nan
1127.0,14.0,68.0,ppo,0.747531875350124,0.5084673682516255,0.00697868985678478,1.0,raw,0.44487021159712103,63.7469526124036,nan
1127.0,14.0,68.0,ppo,0.747531875350124,0.5084673682516255,0.00697868985678478,1.0,ppo,0.5347813031035064,76.63061607238276,nan
1127.0,14.0,69.0,ppo,0.747531875350124,0.7017988884391941,0.00697868985678478,1.0,raw,0.04747920424911986,6.803455265025127,nan
1127.0,14.0,69.0,ppo,0.747531875350124,0.7017988884391941,0.00697868985678478,1.0,ppo,0.0543561193862062,7.788871622280279,nan
1127.0,14.0,70.0,ppo,0.747531875350124,0.838766220506284,0.00697868985678478,1.0,raw,0.05407192846549741,7.748148947030211,nan
1127.0,14.0,70.0,ppo,0.747531875350124,0.838766220506284,0.00697868985678478,1.0,ppo,0.01825039954056304,2.6151612860141285,nan
1127.0,14.0,71.0,ppo,0.747531875350124,0.7143686714516767,0.00697868985678478,1.0,raw,0.0755199762595292,10.821512032965275,nan
1127.0,14.0,71.0,ppo,0.747531875350124,0.7143686714516767,0.00697868985678478,1.0,ppo,0.11455936066193516,16.415597055163435,nan
1127.0,14.0,72.0,ppo,0.747531875350124,0.7645845984577002,0.00697868985678478,1.0,raw,0.12381688073623988,17.742138320685417,nan
1127.0,14.0,72.0,ppo,0.747531875350124,0.7645845984577002,0.00697868985678478,1.0,ppo,0.07156351104651036,10.254576792366738,nan
1127.0,14.0,73.0,ppo,0.747531875350124,0.7865052408556675,0.00697868985678478,1.0,raw,0.05977089222556041,8.564772679710119,nan
1127.0,14.0,73.0,ppo,0.747531875350124,0.7865052408556675,0.00697868985678478,1.0,ppo,0.05305023507210142,7.601747055792319,nan
1127.0,14.0,74.0,ppo,0.747531875350124,0.726406740308735,0.00697868985678478,1.0,raw,0.06894774321100637,9.879754599493257,nan
1127.0,14.0,74.0,ppo,0.747531875350124,0.726406740308735,0.00697868985678478,1.0,ppo,0.06426293791300194,9.208453052333972,nan
1127.0,14.0,75.0,ppo,0.747531875350124,0.8242735337445952,0.00697868985678478,1.0,raw,0.05814239287901526,8.331419517445443,nan
1127.0,14.0,75.0,ppo,0.747531875350124,0.8242735337445952,0.00697868985678478,1.0,ppo,0.07900575687229242,11.321001290160776,nan
1127.0,14.0,76.0,ppo,0.747531875350124,0.812319946911759,0.00697868985678478,1.0,raw,0.029914899554362016,4.28660682280906,nan
1127.0,14.0,76.0,ppo,0.747531875350124,0.812319946911759,0.00697868985678478,1.0,ppo,0.024560128365599957,3.5193036042033388,nan
1127.0,14.0,77.0,ppo,0.747531875350124,0.7091964194082843,0.00697868985678478,1.0,raw,0.22236219201829727,31.86302824478059,nan
1127.0,14.0,77.0,ppo,0.747531875350124,0.7091964194082843,0.00697868985678478,1.0,ppo,0.19032532732735225,27.272357882807373,nan
1127.0,14.0,78.0,ppo,0.747531875350124,0.8290868426455694,0.00697868985678478,1.0,raw,0.03937970336579756,5.642850473934167,nan
1127.0,14.0,78.0,ppo,0.747531875350124,0.8290868426455694,0.00697868985678478,1.0,ppo,0.028968315013478307,4.150967532296181,nan
1127.0,14.0,79.0,ppo,0.747531875350124,0.817110368098395,0.00697868985678478,1.0,raw,0.044043277225885205,6.311109696767183,nan
1127.0,14.0,79.0,ppo,0.747531875350124,0.817110368098395,0.00697868985678478,1.0,ppo,0.03570079870699291,5.115687821014727,nan
2410.0,15.0,0.0,raw,0.7659707831307142,0.7876626492203561,0.018644713874899112,1.0,raw,0.04193216413689236,2.2490108680801226,0.0014031245445139673
2410.0,15.0,0.0,raw,0.7659707831307142,0.7876626492203561,0.018644713874899112,1.0,ppo,0.04200256948726937,2.252787024198656,0.001164887055923658
2410.0,15.0,1.0,raw,0.7659707831307142,0.8340662600721855,0.018644713874899112,1.0,raw,0.16386334722292206,8.7887295199272,0.0025357646940201706
2410.0,15.0,1.0,raw,0.7659707831307142,0.8340662600721855,0.018644713874899112,1.0,ppo,0.16778997544756802,8.999332281170549,0.0028681413689949364
2410.0,15.0,2.0,raw,0.7659707831307142,0.7516678144661217,0.018644713874899112,1.0,raw,0.1021426297425673,5.47836938812342,0.0037224831783366774
2410.0,15.0,2.0,raw,0.7659707831307142,0.7516678144661217,0.018644713874899112,1.0,ppo,0.11085207890240834,5.945496382845841,0.0030320463733254366
2410.0,15.0,3.0,raw,0.7659707831307142,0.8107175235890461,0.018644713874899112,1.0,raw,0.10541835804967728,5.654061454469368,0.004549672475809952
2410.0,15.0,3.0,raw,0.7659707831307142,0.8107175235890461,0.018644713874899112,1.0,ppo,0.07952396291298086,4.265228388408893,0.003868747756934021
2410.0,15.0,4.0,raw,0.7659707831307142,0.8642906404042001,0.018644713874899112,1.0,raw,0.04758901688456359,2.552413365196847,0.0014420112029494003
2410.0,15.0,4.0,raw,0.7659707831307142,0.8642906404042001,0.018644713874899112,1.0,ppo,0.012411790165937776,0.6657002220156053,0.0017909232611051928
2410.0,15.0,5.0,raw,0.7659707831307142,0.8757279550389034,0.018644713874899112,1.0,raw,0.03702373068741169,1.9857494695724864,0.0018117951559428747
2410.0,15.0,5.0,raw,0.7659707831307142,0.8757279550389034,0.018644713874899112,1.0,ppo,0.022030769321256097,1.181609407850208,0.0022338265296969473
2410.0,15.0,6.0,raw,0.7659707831307142,0.7749567017925985,0.018644713874899112,1.0,raw,0.09932712170434707,5.327361008101527,0.004928877585194558
2410.0,15.0,6.0,raw,0.7659707831307142,0.7749567017925985,0.018644713874899112,1.0,ppo,0.06615233519478195,3.548047754374021,0.00479349078551683
2410.0,15.0,7.0,raw,0.7659707831307142,0.8602958789615661,0.018644713874899112,1.0,raw,0.09896532480605909,5.307956210542523,0.0008439308381065214
2410.0,15.0,7.0,raw,0.7659707831307142,0.8602958789615661,0.018644713874899112,1.0,ppo,0.028504421922013697,1.5288205607911447,0.0013222432455575195
2410.0,15.0,8.0,raw,0.7659707831307142,0.7736376961497388,0.018644713874899112,1.0,raw,0.054088108508100266,2.9009889275328415,0.00016125112235976236
2410.0,15.0,8.0,raw,0.7659707831307142,0.7736376961497388,0.018644713874899112,1.0,ppo,0.03293507850008985,1.7664566332889389,0.0011904191589493518
2410.0,15.0,9.0,raw,0.7659707831307142,0.674144891095399,0.018644713874899112,1.0,raw,0.15985631730598993,8.573814453714963,0.0013094898764727247
2410.0,15.0,9.0,raw,0.7659707831307142,0.674144891095399,0.018644713874899112,1.0,ppo,0.09524506158115623,5.108421733914734,0.0012338899641876067
2410.0,15.0,10.0,raw,0.7659707831307142,0.8014359729950343,0.018644713874899112,1.0,raw,0.07375491869929911,3.9558085575447426,0.004029178918096843
2410.0,15.0,10.0,raw,0.7659707831307142,0.8014359729950343,0.018644713874899112,1.0,ppo,0.09137526466337344,4.900867091684875,0.004043106012505127
2410.0,15.0,11.0,raw,0.7659707831307142,0.7470273115086141,0.018644713874899112,1.0,raw,0.1470608407792418,7.887535403652719,0.004164506221574382
2410.0,15.0,11.0,raw,0.7659707831307142,0.7470273115086141,0.018644713874899112,1.0,ppo,0.0891670926468322,4.782432878569165,0.004481321351137324
2410.0,15.0,12.0,raw,0.7659707831307142,0.8078709058979412,0.018644713874899112,1.0,raw,0.061831319021203146,3.3162921907021072,0.0011903249458089515
2410.0,15.0,12.0,raw,0.7659707831307142,0.8078709058979412,0.018644713874899112,1.0,ppo,0.05555217879555417,2.9795136127212234,0.0010888194821181418
2410.0,15.0,13.0,raw,0.7659707831307142,0.7637422336206524,0.018644713874899112,1.0,raw,0.08412367636733288,4.5119317427866985,7.024099781760551e-05
2410.0,15.0,13.0,raw,0.7659707831307142,0.7637422336206524,0.018644713874899112,1.0,ppo,0.045150944156235544,2.4216485411997164,0.0010811223143250004
2410.0,15.0,14.0,raw,0.7659707831307142,0.6619640260758564,0.018644713874899112,1.0,raw,0.11243278486119292,6.0302767645342215,0.004266175755553325
2410.0,15.0,14.0,raw,0.7659707831307142,0.6619640260758564,0.018644713874899112,1.0,ppo,0.12322390537621139,6.609053172014857,0.003515669568669
2410.0,15.0,15.0,raw,0.7659707831307142,0.867819288868932,0.018644713874899112,1.0,raw,0.07863069253606406,4.217318273890086,0.00019754093850188337
2410.0,15.0,15.0,raw,0.7659707831307142,0.867819288868932,0.018644713874899112,1.0,ppo,0.0651777954275928,3.4957787963343305,0.00010942289256643534
2410.0,15.0,16.0,raw,0.7659707831307142,0.846822328620721,0.018644713874899112,1.0,raw,0.107111729604626,5.7448845996412805,-0.0014642713616632719
2410.0,15.0,16.0,raw,0.7659707831307142,0.846822328620721,0.018644713874899112,1.0,ppo,0.09678811274433011,5.191182519278743,-0.0015515910484487083
2410.0,15.0,17.0,raw,0.7659707831307142,0.6178388742843943,0.018644713874899112,1.0,raw,0.0729189622096558,3.9109724450008687,0.0011251024308344126
2410.0,15.0,17.0,raw,0.7659707831307142,0.6178388742843943,0.018644713874899112,1.0,ppo,0.1151561856202443,6.176345016228757,0.001380805714628952
2410.0,15.0,18.0,raw,0.7659707831307142,0.7706947143294903,0.018644713874899112,1.0,raw,0.05544029848211707,2.9735129674880603,0.0027210696997169714
2410.0,15.0,18.0,raw,0.7659707831307142,0.7706947143294903,0.018644713874899112,1.0,ppo,0.06757375770123199,3.624285046937876,0.003020720298081092
2410.0,15.0,19.0,raw,0.7659707831307142,0.8220517182911938,0.018644713874899112,1.0,raw,0.09401534368930792,5.0424664234659184,0.0016431013011618534
2410.0,15.0,19.0,raw,0.7659707831307142,0.8220517182911938,0.018644713874899112,1.0,ppo,0.07452211422028174,3.9969567095695098,0.0017644251255327648
2410.0,15.0,20.0,raw,0.7659707831307142,0.5324416372101762,0.018644713874899112,1.0,raw,0.2868735846685312,15.386322718244637,nan
2410.0,15.0,20.0,raw,0.7659707831307142,0.5324416372101762,0.018644713874899112,1.0,ppo,0.3192583871201776,17.12326556804858,nan
2410.0,15.0,21.0,raw,0.7659707831307142,0.8013774813343529,0.018644713874899112,1.0,raw,0.0827047390093365,4.435827739930068,nan
2410.0,15.0,21.0,raw,0.7659707831307142,0.8013774813343529,0.018644713874899112,1.0,ppo,0.07604832195874832,4.078814106186428,nan
2410.0,15.0,22.0,raw,0.7659707831307142,0.8757212660199135,0.018644713874899112,1.0,raw,0.12419005341248002,6.660872043720329,nan
2410.0,15.0,22.0,raw,0.7659707831307142,0.8757212660199135,0.018644713874899112,1.0,ppo,0.08610695858555759,4.618304102884685,nan
2410.0,15.0,23.0,raw,0.7659707831307142,0.8248079766077112,0.018644713874899112,1.0,raw,0.21346309889925322,11.448987650415647,nan
2410.0,15.0,23.0,raw,0.7659707831307142,0.8248079766077112,0.018644713874899112,1.0,ppo,0.14609246859525618,7.8355972408853445,nan
2410.0,15.0,24.0,raw,0.7659707831307142,0.700682916358773,0.018644713874899112,1.0,raw,0.07701195347894568,4.1304980057980325,nan
2410.0,15.0,24.0,raw,0.7659707831307142,0.700682916358773,0.018644713874899112,1.0,ppo,0.09754095249262754,5.2315607065412975,nan
2410.0,15.0,25.0,raw,0.7659707831307142,0.739531816076471,0.018644713874899112,1.0,raw,0.12347017532702272,6.622261738928982,nan
2410.0,15.0,25.0,raw,0.7659707831307142,0.739531816076471,0.018644713874899112,1.0,ppo,0.08048578289968741,4.316815127318382,nan
2410.0,15.0,26.0,raw,0.7659707831307142,0.7450206480433166,0.018644713874899112,1.0,raw,0.08202451276915639,4.399344142233463,nan
2410.0,15.0,26.0,raw,0.7659707831307142,0.7450206480433166,0.018644713874899112,1.0,ppo,0.09315885973858845,4.996529330707819,nan
2410.0,15.0,27.0,raw,0.7659707831307142,0.8641306826247218,0.018644713874899112,1.0,raw,0.0991804349560505,5.319493536963016,nan
2410.0,15.0,27.0,raw,0.7659707831307142,0.8641306826247218,0.018644713874899112,1.0,ppo,0.060049793856513274,3.2207409703056227,nan
2410.0,15.0,28.0,raw,0.7659707831307142,0.7229532611791762,0.018644713874899112,1.0,raw,0.1313910065745912,7.0470916022733645,nan
2410.0,15.0,28.0,raw,0.7659707831307142,0.7229532611791762,0.018644713874899112,1.0,ppo,0.12867689607080193,6.90152162882136,nan
2410.0,15.0,29.0,raw,0.7659707831307142,0.858459276384856,0.018644713874899112,1.0,raw,0.06429584802598826,3.448475983991799,nan
2410.0,15.0,29.0,raw,0.7659707831307142,0.858459276384856,0.018644713874899112,1.0,ppo,0.05144856078925381,2.7594180921444793,nan
2410.0,15.0,30.0,raw,0.7659707831307142,0.805530022468454,0.018644713874899112,1.0,raw,0.22097987211679776,11.8521460613186,nan
2410.0,15.0,30.0,raw,0.7659707831307142,0.805530022468454,0.018644713874899112,1.0,ppo,0.2086805478211936,11.192477890590466,nan
2410.0,15.0,31.0,raw,0.7659707831307142,0.8369404054757259,0.018644713874899112,1.0,raw,0.10931640521698388,5.863131284849251,nan
2410.0,15.0,31.0,raw,0.7659707831307142,0.8369404054757259,0.018644713874899112,1.0,ppo,0.03458962592059639,1.8551974652270473,nan
2410.0,15.0,32.0,raw,0.7659707831307142,0.7474988937610273,0.018644713874899112,1.0,raw,0.2065844127038226,11.08005272110621,nan
2410.0,15.0,32.0,raw,0.7659707831307142,0.7474988937610273,0.018644713874899112,1.0,ppo,0.10682261588186812,5.729378128225426,nan
2410.0,15.0,33.0,raw,0.7659707831307142,0.8249997025595294,0.018644713874899112,1.0,raw,0.02774001925016968,1.4878222018475349,nan
2410.0,15.0,33.0,raw,0.7659707831307142,0.8249997025595294,0.018644713874899112,1.0,ppo,0.02994581015758222,1.6061287053537185,nan
2410.0,15.0,34.0,raw,0.7659707831307142,0.8772130417697004,0.018644713874899112,1.0,raw,0.14633233571896131,7.848462395336873,nan
2410.0,15.0,34.0,raw,0.7659707831307142,0.8772130417697004,0.018644713874899112,1.0,ppo,0.09416863945733317,5.050688366106274,nan
2410.0,15.0,35.0,raw,0.7659707831307142,0.8362756611401428,0.018644713874899112,1.0,raw,0.09114330309494584,4.888425947777598,nan
2410.0,15.0,35.0,raw,0.7659707831307142,0.8362756611401428,0.018644713874899112,1.0,ppo,0.07191268826950764,3.8570014403021653,nan
2410.0,15.0,36.0,raw,0.7659707831307142,0.7665015155196253,0.018644713874899112,1.0,raw,0.0940260637306333,5.043041387576245,nan
2410.0,15.0,36.0,raw,0.7659707831307142,0.7665015155196253,0.018644713874899112,1.0,ppo,0.12056782138013464,6.466595421582303,nan
2410.0,15.0,37.0,raw,0.7659707831307142,0.6670970140207081,0.018644713874899112,1.0,raw,0.09688899260801892,5.196593160834612,nan
2410.0,15.0,37.0,raw,0.7659707831307142,0.6670970140207081,0.018644713874899112,1.0,ppo,0.08352501375645409,4.479822769975656,nan
2410.0,15.0,38.0,raw,0.7659707831307142,0.8944647925983641,0.018644713874899112,1.0,raw,0.0424085079305997,2.274559331677015,nan
2410.0,15.0,38.0,raw,0.7659707831307142,0.8944647925983641,0.018644713874899112,1.0,ppo,0.02379683855610453,1.2763316570999563,nan
2410.0,15.0,39.0,raw,0.7659707831307142,0.8130656473849491,0.018644713874899112,1.0,raw,0.14716574817104563,7.893162059685507,nan
2410.0,15.0,39.0,raw,0.7659707831307142,0.8130656473849491,0.018644713874899112,1.0,ppo,0.06287173474981758,3.3720943733258437,nan
2410.0,15.0,40.0,raw,0.7659707831307142,0.8341740880592933,0.018644713874899112,1.0,raw,0.060981467714480285,3.2707108365217676,nan
2410.0,15.0,40.0,raw,0.7659707831307142,0.8341740880592933,0.018644713874899112,1.0,ppo,0.040253254016696216,2.1589633548031064,nan
2410.0,15.0,41.0,raw,0.7659707831307142,0.8787202515279476,0.018644713874899112,1.0,raw,0.05140831552224352,2.7572595571688114,nan
2410.0,15.0,41.0,raw,0.7659707831307142,0.8787202515279476,0.018644713874899112,1.0,ppo,0.015819991744622737,0.8484974267114271,nan
2410.0,15.0,42.0,raw,0.7659707831307142,0.8500921784184526,0.018644713874899112,1.0,raw,0.08460766763397068,4.537890374808903,nan
2410.0,15.0,42.0,raw,0.7659707831307142,0.8500921784184526,0.018644713874899112,1.0,ppo,0.018802297473682526,1.008451918320697,nan
2410.0,15.0,43.0,raw,0.7659707831307142,0.7647625434492233,0.018644713874899112,1.0,raw,0.07291570083556183,3.9107975228156393,nan
2410.0,15.0,43.0,raw,0.7659707831307142,0.7647625434492233,0.018644713874899112,1.0,ppo,0.04366601999852372,2.34200536900221,nan
2410.0,15.0,44.0,raw,0.7659707831307142,0.808071518063049,0.018644713874899112,1.0,raw,0.08579160007334351,4.601390005176882,nan
2410.0,15.0,44.0,raw,0.7659707831307142,0.808071518063049,0.018644713874899112,1.0,ppo,0.02125773720428771,1.1401482128887181,nan
2410.0,15.0,45.0,raw,0.7659707831307142,0.8394754671842339,0.018644713874899112,1.0,raw,0.09517633533418157,5.104735635676071,nan
2410.0,15.0,45.0,raw,0.7659707831307142,0.8394754671842339,0.018644713874899112,1.0,ppo,0.09926377153095496,5.323963252908438,nan
2410.0,15.0,46.0,raw,0.7659707831307142,0.8911673286814547,0.018644713874899112,1.0,raw,0.05390166673407662,2.89098921526723,nan
2410.0,15.0,46.0,raw,0.7659707831307142,0.8911673286814547,0.018644713874899112,1.0,ppo,0.0325222129310979,1.7443127928544777,nan
2410.0,15.0,47.0,raw,0.7659707831307142,0.8133868425086194,0.018644713874899112,1.0,raw,0.05686387471764803,3.0498657742451267,nan
2410.0,15.0,47.0,raw,0.7659707831307142,0.8133868425086194,0.018644713874899112,1.0,ppo,0.06042686301644573,3.2409648880585307,nan
2410.0,15.0,48.0,raw,0.7659707831307142,0.7959291171053547,0.018644713874899112,1.0,raw,0.11413373941776343,6.121506620244716,nan
2410.0,15.0,48.0,raw,0.7659707831307142,0.7959291171053547,0.018644713874899112,1.0,ppo,0.13732320478928095,7.3652621172243125,nan
2410.0,15.0,49.0,raw,0.7659707831307142,0.8883090119678313,0.018644713874899112,1.0,raw,0.06225996245111661,3.339282268897436,nan
2410.0,15.0,49.0,raw,0.7659707831307142,0.8883090119678313,0.018644713874899112,1.0,ppo,0.05351927230648079,2.8704796794190757,nan
2410.0,15.0,50.0,raw,0.7659707831307142,0.7722033518939533,0.018644713874899112,1.0,raw,0.09803828989101686,5.2582351517339845,nan
2410.0,15.0,50.0,raw,0.7659707831307142,0.7722033518939533,0.018644713874899112,1.0,ppo,0.10588045128470328,5.6788455964050675,nan
2410.0,15.0,51.0,raw,0.7659707831307142,0.8608143947220825,0.018644713874899112,1.0,raw,0.0335168767195705,1.7976610928148054,nan
2410.0,15.0,51.0,raw,0.7659707831307142,0.8608143947220825,0.018644713874899112,1.0,ppo,0.02064101640130538,1.107070697882569,nan
2410.0,15.0,52.0,raw,0.7659707831307142,0.8094184077728882,0.018644713874899112,1.0,raw,0.036038964978567053,1.9329320482136958,nan
2410.0,15.0,52.0,raw,0.7659707831307142,0.8094184077728882,0.018644713874899112,1.0,ppo,0.04609465995267293,2.472264270825253,nan
2410.0,15.0,53.0,raw,0.7659707831307142,0.8896294465447068,0.018644713874899112,1.0,raw,0.04958043130964605,2.6592218921844055,nan
2410.0,15.0,53.0,raw,0.7659707831307142,0.8896294465447068,0.018644713874899112,1.0,ppo,0.03768053373221024,2.020976775778713,nan
2410.0,15.0,54.0,raw,0.7659707831307142,0.8713642681771837,0.018644713874899112,1.0,raw,0.06426658578801296,3.4469065183420904,nan
2410.0,15.0,54.0,raw,0.7659707831307142,0.8713642681771837,0.018644713874899112,1.0,ppo,0.07142203308865784,3.8306853925396758,nan
2410.0,15.0,55.0,raw,0.7659707831307142,0.7621432085223478,0.018644713874899112,1.0,raw,0.2147699592835147,11.519080460261385,nan
2410.0,15.0,55.0,raw,0.7659707831307142,0.7621432085223478,0.018644713874899112,1.0,ppo,0.21624731029231298,11.598317450365439,nan
2410.0,15.0,56.0,raw,0.7659707831307142,0.7719857698201629,0.018644713874899112,1.0,raw,0.036258742280992684,1.9447196950448715,nan
2410.0,15.0,56.0,raw,0.7659707831307142,0.7719857698201629,0.018644713874899112,1.0,ppo,0.03544669209840832,1.9011657854470627,nan
2410.0,15.0,57.0,raw,0.7659707831307142,0.7497449078915724,0.018644713874899112,1.0,raw,0.15867289518266203,8.51034219389546,nan
2410.0,15.0,57.0,raw,0.7659707831307142,0.7497449078915724,0.018644713874899112,1.0,ppo,0.1847688927651941,9.909988107350019,nan
2410.0,15.0,58.0,raw,0.7659707831307142,0.7371730663123659,0.018644713874899112,1.0,raw,0.1270504622070862,6.8142886535862,nan
2410.0,15.0,58.0,raw,0.7659707831307142,0.7371730663123659,0.018644713874899112,1.0,ppo,0.09631818158649495,5.165977994232756,nan
2410.0,15.0,59.0,raw,0.7659707831307142,0.7691172062954803,0.018644713874899112,1.0,raw,0.1278452237239178,6.856915294153827,nan
2410.0,15.0,59.0,raw,0.7659707831307142,0.7691172062954803,0.018644713874899112,1.0,ppo,0.13108217318012588,7.030527476026241,nan
2410.0,15.0,60.0,raw,0.7659707831307142,0.5372227941760978,0.018644713874899112,1.0,raw,0.2539750332184746,13.621825195204229,nan
2410.0,15.0,60.0,raw,0.7659707831307142,0.5372227941760978,0.018644713874899112,1.0,ppo,0.27468154715969406,14.7324088212204,nan
2410.0,15.0,61.0,raw,0.7659707831307142,0.8760143493937081,0.018644713874899112,1.0,raw,0.0716855677149857,3.8448199417795355,nan
2410.0,15.0,61.0,raw,0.7659707831307142,0.8760143493937081,0.018644713874899112,1.0,ppo,0.03137918765159118,1.6830071977578671,nan
2410.0,15.0,62.0,raw,0.7659707831307142,0.8490467716777296,0.018644713874899112,1.0,raw,0.029082730781557157,1.5598378702239284,nan
2410.0,15.0,62.0,raw,0.7659707831307142,0.8490467716777296,0.018644713874899112,1.0,ppo,0.01679893055294855,0.9010023251450648,nan
2410.0,15.0,63.0,raw,0.7659707831307142,0.8379447166363033,0.018644713874899112,1.0,raw,0.03517289128581985,1.886480614388628,nan
2410.0,15.0,63.0,raw,0.7659707831307142,0.8379447166363033,0.018644713874899112,1.0,ppo,0.023235541570592575,1.2462267711103883,nan
2410.0,15.0,64.0,raw,0.7659707831307142,0.8030649354263304,0.018644713874899112,1.0,raw,0.16477279985493476,8.837507561688252,nan
2410.0,15.0,64.0,raw,0.7659707831307142,0.8030649354263304,0.018644713874899112,1.0,ppo,0.060868959235859124,3.2646764999598843,nan
2410.0,15.0,65.0,raw,0.7659707831307142,0.7073070585953616,0.018644713874899112,1.0,raw,0.22812391685896025,12.23531336493597,nan
2410.0,15.0,65.0,raw,0.7659707831307142,0.7073070585953616,0.018644713874899112,1.0,ppo,0.24161659724038756,12.958986598644973,nan
2410.0,15.0,66.0,raw,0.7659707831307142,0.8478082425942335,0.018644713874899112,1.0,raw,0.0948025829879055,5.084689613581881,nan
2410.0,15.0,66.0,raw,0.7659707831307142,0.8478082425942335,0.018644713874899112,1.0,ppo,0.04674844301284696,2.5073296016509623,nan
2410.0,15.0,67.0,raw,0.7659707831307142,0.7533402727460724,0.018644713874899112,1.0,raw,0.12941504148292027,6.941111692636288,nan
2410.0,15.0,67.0,raw,0.7659707831307142,0.7533402727460724,0.018644713874899112,1.0,ppo,0.04421524560404323,2.371462812500923,nan
2410.0,15.0,68.0,raw,0.7659707831307142,0.8206577544546049,0.018644713874899112,1.0,raw,0.07966202831435851,4.2726334578727645,nan
2410.0,15.0,68.0,raw,0.7659707831307142,0.8206577544546049,0.018644713874899112,1.0,ppo,0.0842076402900658,4.516435106222377,nan
2410.0,15.0,69.0,raw,0.7659707831307142,0.7506771231317523,0.018644713874899112,1.0,raw,0.06884509341229864,3.6924725085206576,nan
2410.0,15.0,69.0,raw,0.7659707831307142,0.7506771231317523,0.018644713874899112,1.0,ppo,0.07636228974777091,4.095653613144231,nan
2410.0,15.0,70.0,raw,0.7659707831307142,0.6857952605374036,0.018644713874899112,1.0,raw,0.11717151941052889,6.284436446529428,nan
2410.0,15.0,70.0,raw,0.7659707831307142,0.6857952605374036,0.018644713874899112,1.0,ppo,0.14659999592592743,7.862818218052204,nan
2410.0,15.0,71.0,raw,0.7659707831307142,0.8675990188190595,0.018644713874899112,1.0,raw,0.07307381792825873,3.91927805481832,nan
2410.0,15.0,71.0,raw,0.7659707831307142,0.8675990188190595,0.018644713874899112,1.0,ppo,0.0712343401983521,3.8206185772715466,nan
2410.0,15.0,72.0,raw,0.7659707831307142,0.6509412736314364,0.018644713874899112,1.0,raw,0.1055377826375244,5.66046673312628,nan
2410.0,15.0,72.0,raw,0.7659707831307142,0.6509412736314364,0.018644713874899112,1.0,ppo,0.1024563337121193,5.495194745254502,nan
2410.0,15.0,73.0,raw,0.7659707831307142,0.829824017334673,0.018644713874899112,1.0,raw,0.08923687909273932,4.786175840052798,nan
2410.0,15.0,73.0,raw,0.7659707831307142,0.829824017334673,0.018644713874899112,1.0,ppo,0.0717407116508231,3.8477775594832666,nan
2410.0,15.0,74.0,raw,0.7659707831307142,0.5852247607842022,0.018644713874899112,1.0,raw,0.1560305072940933,8.368619027409858,nan
2410.0,15.0,74.0,raw,0.7659707831307142,0.5852247607842022,0.018644713874899112,1.0,ppo,0.19275660865792088,10.338405295531192,nan
2410.0,15.0,75.0,raw,0.7659707831307142,0.886450353033268,0.018644713874899112,1.0,raw,0.06652251809962584,3.5679023312437823,nan
2410.0,15.0,75.0,raw,0.7659707831307142,0.886450353033268,0.018644713874899112,1.0,ppo,0.06410043271268606,3.437994980388666,nan
2410.0,15.0,76.0,raw,0.7659707831307142,0.8874000036618245,0.018644713874899112,1.0,raw,0.05603284320575439,3.0052938104451115,nan
2410.0,15.0,76.0,raw,0.7659707831307142,0.8874000036618245,0.018644713874899112,1.0,ppo,0.07157367783033487,3.838818783199062,nan
2410.0,15.0,77.0,raw,0.7659707831307142,0.899618288668125,0.018644713874899112,1.0,raw,0.12399813750568578,6.650578729053129,nan
2410.0,15.0,77.0,raw,0.7659707831307142,0.899618288668125,0.018644713874899112,1.0,ppo,0.10640704710470168,5.70708930255855,nan
2410.0,15.0,78.0,raw,0.7659707831307142,0.6620937787165032,0.018644713874899112,1.0,raw,0.1678860838606538,9.004487008335076,nan
2410.0,15.0,78.0,raw,0.7659707831307142,0.6620937787165032,0.018644713874899112,1.0,ppo,0.18204010282174196,9.763630809417664,nan
2410.0,15.0,79.0,raw,0.7659707831307142,0.8325966045769122,0.018644713874899112,1.0,raw,0.06406091977593271,3.4358757235838437,nan
2410.0,15.0,79.0,raw,0.7659707831307142,0.8325966045769122,0.018644713874899112,1.0,ppo,0.06845164406942761,3.671370047763632,nan
2883.0,16.0,0.0,raw,0.7830661587088015,0.7623980146144684,0.021976550063938317,0.0,raw,0.0490805706360289,2.2333155337500408,0.0029828694429291924
2883.0,16.0,0.0,raw,0.7830661587088015,0.7623980146144684,0.021976550063938317,0.0,ppo,0.06230688491970323,2.8351531399800383,0.004304141216133706
2883.0,16.0,1.0,raw,0.7830661587088015,0.8269983187433639,0.021976550063938317,0.0,raw,0.04241633283036031,1.9300724047657494,0.0026802616127594714
2883.0,16.0,1.0,raw,0.7830661587088015,0.8269983187433639,0.021976550063938317,0.0,ppo,0.05021067698581171,2.2847388165899267,0.00394919817960987
2883.0,16.0,2.0,raw,0.7830661587088015,0.7905710030089106,0.021976550063938317,0.0,raw,0.09172438229609227,4.173738918494051,0.003353770378575538
2883.0,16.0,2.0,raw,0.7830661587088015,0.7905710030089106,0.021976550063938317,0.0,ppo,0.07847736586721321,3.5709593015688124,0.005147789015851223
2883.0,16.0,3.0,raw,0.7830661587088015,0.7770170520615712,0.021976550063938317,0.0,raw,0.138239462689668,6.290316828049704,0.003928343245831467
2883.0,16.0,3.0,raw,0.7830661587088015,0.7770170520615712,0.021976550063938317,0.0,ppo,0.10825087193657762,4.9257445605262795,0.006332940987630098
2883.0,16.0,4.0,raw,0.7830661587088015,0.6933043578545944,0.021976550063938317,0.0,raw,0.06321619269540091,2.876529414829919,0.0030139111820637887
2883.0,16.0,4.0,raw,0.7830661587088015,0.6933043578545944,0.021976550063938317,0.0,ppo,0.07282784155361866,3.3138887287465133,0.005014108757252167
2883.0,16.0,5.0,raw,0.7830661587088015,0.7909550072302445,0.021976550063938317,0.0,raw,0.0648802096985222,2.952247259454304,0.001219329429120175
2883.0,16.0,5.0,raw,0.7830661587088015,0.7909550072302445,0.021976550063938317,0.0,ppo,0.06644905481393476,3.023634493157873,0.0037740784272087824
2883.0,16.0,6.0,raw,0.7830661587088015,0.80617858766842,0.021976550063938317,0.0,raw,0.12647316517293045,5.754914434020394,0.004815905708958679
2883.0,16.0,6.0,raw,0.7830661587088015,0.80617858766842,0.021976550063938317,0.0,ppo,0.1478989436916591,6.729852650273298,0.0057461023647315534
2883.0,16.0,7.0,raw,0.7830661587088015,0.7824688419004866,0.021976550063938317,0.0,raw,0.03760487239890629,1.7111362925254014,0.004073340555066585
2883.0,16.0,7.0,raw,0.7830661587088015,0.7824688419004866,0.021976550063938317,0.0,ppo,0.05783436848242199,2.63164001238408,0.005333452041998921
2883.0,16.0,8.0,raw,0.7830661587088015,0.8266929840817587,0.021976550063938317,0.0,raw,0.056319368030487496,2.562702874956833,0.002652577172379933
2883.0,16.0,8.0,raw,0.7830661587088015,0.8266929840817587,0.021976550063938317,0.0,ppo,0.022100714468393713,1.0056498587855762,0.0038962420214658233
2883.0,16.0,9.0,raw,0.7830661587088015,0.7939740710784812,0.021976550063938317,0.0,raw,0.0479415407428692,2.181486202492595,0.00028482730449824745
2883.0,16.0,9.0,raw,0.7830661587088015,0.7939740710784812,0.021976550063938317,0.0,ppo,0.02311012938589803,1.0515813136575891,0.0020344200676689628
2883.0,16.0,10.0,raw,0.7830661587088015,0.7642566186966813,0.021976550063938317,0.0,raw,0.03073470458373863,1.3985227205507433,0.0026657343332158745
2883.0,16.0,10.0,raw,0.7830661587088015,0.7642566186966813,0.021976550063938317,0.0,ppo,0.04752375123028099,2.1624755064837724,0.0045489754441978
2883.0,16.0,11.0,raw,0.7830661587088015,0.7970763838336503,0.021976550063938317,0.0,raw,0.07595672237628313,3.456262341236251,0.005314725812576693
2883.0,16.0,11.0,raw,0.7830661587088015,0.7970763838336503,0.021976550063938317,0.0,ppo,0.08968774089822705,4.081065528360484,0.006555895538928935
2883.0,16.0,12.0,raw,0.7830661587088015,0.8150302697604681,0.021976550063938317,0.0,raw,0.01589993394515153,0.7234954485072702,0.0034595864730029846
2883.0,16.0,12.0,raw,0.7830661587088015,0.8150302697604681,0.021976550063938317,0.0,ppo,0.030097819444596666,1.3695425058542139,0.004330363835419737
2883.0,16.0,13.0,raw,0.7830661587088015,0.8058105761633333,0.021976550063938317,0.0,raw,0.03763791236291564,1.712639711574944,0.004523978551186414
2883.0,16.0,13.0,raw,0.7830661587088015,0.8058105761633333,0.021976550063938317,0.0,ppo,0.051247861995711665,2.331933895293471,0.00551980732720786
2883.0,16.0,14.0,raw,0.7830661587088015,0.7935802014722456,0.021976550063938317,0.0,raw,0.09788291262950258,4.453970816380331,0.00798589123397131
2883.0,16.0,14.0,raw,0.7830661587088015,0.7935802014722456,0.021976550063938317,0.0,ppo,0.11351490425246104,5.165274072691214,0.008523936396862108
2883.0,16.0,15.0,raw,0.7830661587088015,0.8126789527426229,0.021976550063938317,0.0,raw,0.09836285984351295,4.47580987722537,0.0036891853567021515
2883.0,16.0,15.0,raw,0.7830661587088015,0.8126789527426229,0.021976550063938317,0.0,ppo,0.08734057078643204,3.9742621354272805,0.005155878748476617
2883.0,16.0,16.0,raw,0.7830661587088015,0.8032136292594994,0.021976550063938317,0.0,raw,0.06981107077540974,3.17661646492749,0.004192523673857418
2883.0,16.0,16.0,raw,0.7830661587088015,0.8032136292594994,0.021976550063938317,0.0,ppo,0.11264322310187178,5.125609923948431,0.005490555563373245
2883.0,16.0,17.0,raw,0.7830661587088015,0.7520351305842101,0.021976550063938317,0.0,raw,0.07028605990917108,3.1982299180117737,0.0028336639571592825
2883.0,16.0,17.0,raw,0.7830661587088015,0.7520351305842101,0.021976550063938317,0.0,ppo,0.09557382967109687,4.348900504994437,0.0052953708455308335
2883.0,16.0,18.0,raw,0.7830661587088015,0.7939130117054632,0.021976550063938317,0.0,raw,0.09327935219044166,4.244494787355422,0.0036044136089385392
2883.0,16.0,18.0,raw,0.7830661587088015,0.7939130117054632,0.021976550063938317,0.0,ppo,0.07712988692284015,3.5096449032463855,0.005155823120687075
2883.0,16.0,19.0,raw,0.7830661587088015,0.7367396155256989,0.021976550063938317,0.0,raw,0.06922838474021067,3.1501024746285666,0.006473407989687985
2883.0,16.0,19.0,raw,0.7830661587088015,0.7367396155256989,0.021976550063938317,0.0,ppo,0.09704113856117527,4.415667531020334,0.007874061190940418
2883.0,16.0,20.0,raw,0.7830661587088015,0.794789158885876,0.021976550063938317,0.0,raw,0.04277545844829772,1.9464137147936005,nan
2883.0,16.0,20.0,raw,0.7830661587088015,0.794789158885876,0.021976550063938317,0.0,ppo,0.05167906303161639,2.3515548564839306,nan
2883.0,16.0,21.0,raw,0.7830661587088015,0.833568681293403,0.021976550063938317,0.0,raw,0.04482787363366202,2.0398048603279557,nan
2883.0,16.0,21.0,raw,0.7830661587088015,0.833568681293403,0.021976550063938317,0.0,ppo,0.06719800523819836,3.0577140198390222,nan
2883.0,16.0,22.0,raw,0.7830661587088015,0.7982850853968375,0.021976550063938317,0.0,raw,0.04491512062557082,2.043774864339275,nan
2883.0,16.0,22.0,raw,0.7830661587088015,0.7982850853968375,0.021976550063938317,0.0,ppo,0.09107337730737433,4.144116207612501,nan
2883.0,16.0,23.0,raw,0.7830661587088015,0.767179002872372,0.021976550063938317,0.0,raw,0.12693958880089184,5.776138130487965,nan
2883.0,16.0,23.0,raw,0.7830661587088015,0.767179002872372,0.021976550063938317,0.0,ppo,0.14746221427259634,6.709980130801764,nan
2883.0,16.0,24.0,raw,0.7830661587088015,0.7480923188229339,0.021976550063938317,0.0,raw,0.1604239200164299,7.299777242091886,nan
2883.0,16.0,24.0,raw,0.7830661587088015,0.7480923188229339,0.021976550063938317,0.0,ppo,0.11807895408692612,5.372952248801044,nan
2883.0,16.0,25.0,raw,0.7830661587088015,0.8010832178855483,0.021976550063938317,0.0,raw,0.04762538202236562,2.167100017236777,nan
2883.0,16.0,25.0,raw,0.7830661587088015,0.8010832178855483,0.021976550063938317,0.0,ppo,0.10291156766273905,4.682789944888044,nan
2883.0,16.0,26.0,raw,0.7830661587088015,0.7841223540633919,0.021976550063938317,0.0,raw,0.06629134418089858,3.016458178741946,nan
2883.0,16.0,26.0,raw,0.7830661587088015,0.7841223540633919,0.021976550063938317,0.0,ppo,0.0379241863925378,1.725666052324028,nan
2883.0,16.0,27.0,raw,0.7830661587088015,0.8074451711784063,0.021976550063938317,0.0,raw,0.050918903243517076,2.3169652695884575,nan
2883.0,16.0,27.0,raw,0.7830661587088015,0.8074451711784063,0.021976550063938317,0.0,ppo,0.047469849763531975,2.1600228254855174,nan
2883.0,16.0,28.0,raw,0.7830661587088015,0.8152524937917365,0.021976550063938317,0.0,raw,0.04321168602007512,1.9662633986843043,nan
2883.0,16.0,28.0,raw,0.7830661587088015,0.8152524937917365,0.021976550063938317,0.0,ppo,0.05715965526844102,2.600938505003806,nan
2883.0,16.0,29.0,raw,0.7830661587088015,0.832765042757191,0.021976550063938317,0.0,raw,0.03275713103046389,1.4905492870883135,nan
2883.0,16.0,29.0,raw,0.7830661587088015,0.832765042757191,0.021976550063938317,0.0,ppo,0.05817308860321824,2.647052810107598,nan
2883.0,16.0,30.0,raw,0.7830661587088015,0.7525303032109043,0.021976550063938317,0.0,raw,0.06289170564487379,2.8617642651779915,nan
2883.0,16.0,30.0,raw,0.7830661587088015,0.7525303032109043,0.021976550063938317,0.0,ppo,0.03924422174860556,1.785731683746033,nan
2883.0,16.0,31.0,raw,0.7830661587088015,0.8268633999743127,0.021976550063938317,0.0,raw,0.0754528958736881,3.4333366999900496,nan
2883.0,16.0,31.0,raw,0.7830661587088015,0.8268633999743127,0.021976550063938317,0.0,ppo,0.025023382917630062,1.1386401798656898,nan
2883.0,16.0,32.0,raw,0.7830661587088015,0.8069102994826959,0.021976550063938317,0.0,raw,0.12196943400593017,5.549980941097385,nan
2883.0,16.0,32.0,raw,0.7830661587088015,0.8069102994826959,0.021976550063938317,0.0,ppo,0.10535754744675233,4.794089479023155,nan
2883.0,16.0,33.0,raw,0.7830661587088015,0.7268304499244124,0.021976550063938317,0.0,raw,0.03688187402896918,1.6782376634032863,nan
2883.0,16.0,33.0,raw,0.7830661587088015,0.7268304499244124,0.021976550063938317,0.0,ppo,0.06035185231154043,2.7461931984753503,nan
2883.0,16.0,34.0,raw,0.7830661587088015,0.7692180929480714,0.021976550063938317,0.0,raw,0.031068697897939587,1.4137204341695435,nan
2883.0,16.0,34.0,raw,0.7830661587088015,0.7692180929480714,0.021976550063938317,0.0,ppo,0.035269594186660286,1.6048740172614602,nan
2883.0,16.0,35.0,raw,0.7830661587088015,0.7267465801592395,0.021976550063938317,0.0,raw,0.1475474149977436,6.713857023439569,nan
2883.0,16.0,35.0,raw,0.7830661587088015,0.7267465801592395,0.021976550063938317,0.0,ppo,0.16386875886731064,7.456527907726772,nan
2883.0,16.0,36.0,raw,0.7830661587088015,0.8149081778197275,0.021976550063938317,0.0,raw,0.045078789862509676,2.0512223133912273,nan
2883.0,16.0,36.0,raw,0.7830661587088015,0.8149081778197275,0.021976550063938317,0.0,ppo,0.06877128435802835,3.1293030142559215,nan
2883.0,16.0,37.0,raw,0.7830661587088015,0.816787729162619,0.021976550063938317,0.0,raw,0.041735099272928323,1.899074201888136,nan
2883.0,16.0,37.0,raw,0.7830661587088015,0.816787729162619,0.021976550063938317,0.0,ppo,0.03997264092279769,1.8188769759812962,nan
2883.0,16.0,38.0,raw,0.7830661587088015,0.830199144686719,0.021976550063938317,0.0,raw,0.07482088488439011,3.404578273965072,nan
2883.0,16.0,38.0,raw,0.7830661587088015,0.830199144686719,0.021976550063938317,0.0,ppo,0.1229025965604015,5.592442681077336,nan
2883.0,16.0,39.0,raw,0.7830661587088015,0.7928191548647529,0.021976550063938317,0.0,raw,0.058622766471714,2.667514523487882,nan
2883.0,16.0,39.0,raw,0.7830661587088015,0.7928191548647529,0.021976550063938317,0.0,ppo,0.06255617066125985,2.846496400902765,nan
2883.0,16.0,40.0,raw,0.7830661587088015,0.7267444268413102,0.021976550063938317,0.0,raw,0.14813299513048228,6.740502703996118,nan
2883.0,16.0,40.0,raw,0.7830661587088015,0.7267444268413102,0.021976550063938317,0.0,ppo,0.1762664821679712,8.020662099153123,nan
2883.0,16.0,41.0,raw,0.7830661587088015,0.7784463041991225,0.021976550063938317,0.0,raw,0.10466484532868249,4.762569421686835,nan
2883.0,16.0,41.0,raw,0.7830661587088015,0.7784463041991225,0.021976550063938317,0.0,ppo,0.07938145739906192,3.6120982214274053,nan
2883.0,16.0,42.0,raw,0.7830661587088015,0.8055662986099762,0.021976550063938317,0.0,raw,0.14642752735666037,6.662898722986357,nan
2883.0,16.0,42.0,raw,0.7830661587088015,0.8055662986099762,0.021976550063938317,0.0,ppo,0.14467973036076884,6.583368633376909,nan
2883.0,16.0,43.0,raw,0.7830661587088015,0.7887303676376344,0.021976550063938317,0.0,raw,0.16701902411849281,7.599874576881705,nan
2883.0,16.0,43.0,raw,0.7830661587088015,0.7887303676376344,0.021976550063938317,0.0,ppo,0.1941597270069864,8.834859267815029,nan
2883.0,16.0,44.0,raw,0.7830661587088015,0.8054753567792489,0.021976550063938317,0.0,raw,0.08353922714754648,3.8012894155132826,nan
2883.0,16.0,44.0,raw,0.7830661587088015,0.8054753567792489,0.021976550063938317,0.0,ppo,0.0821622722672758,3.7386337722815384,nan
2883.0,16.0,45.0,raw,0.7830661587088015,0.7721907115535267,0.021976550063938317,0.0,raw,0.031723559162897624,1.4435186173717656,nan
2883.0,16.0,45.0,raw,0.7830661587088015,0.7721907115535267,0.021976550063938317,0.0,ppo,0.05072459661584635,2.3081237258927723,nan
2883.0,16.0,46.0,raw,0.7830661587088015,0.7843458900036077,0.021976550063938317,0.0,raw,0.05250181303722945,2.3889924890158505,nan
2883.0,16.0,46.0,raw,0.7830661587088015,0.7843458900036077,0.021976550063938317,0.0,ppo,0.038882247313930966,1.7692607438750583,nan
2883.0,16.0,47.0,raw,0.7830661587088015,0.7746665380972857,0.021976550063938317,0.0,raw,0.06557434351948288,2.9838324636351774,nan
2883.0,16.0,47.0,raw,0.7830661587088015,0.7746665380972857,0.021976550063938317,0.0,ppo,0.10658663603510482,4.850016755359823,nan
2883.0,16.0,48.0,raw,0.7830661587088015,0.8163864061503645,0.021976550063938317,0.0,raw,0.0825688133225452,3.757132629203422,nan
2883.0,16.0,48.0,raw,0.7830661587088015,0.8163864061503645,0.021976550063938317,0.0,ppo,0.03719398872708511,1.692439833316574,nan
2883.0,16.0,49.0,raw,0.7830661587088015,0.7776357982595512,0.021976550063938317,0.0,raw,0.08465611557026723,3.8521112423910813,nan
2883.0,16.0,49.0,raw,0.7830661587088015,0.7776357982595512,0.021976550063938317,0.0,ppo,0.044571787835770156,2.0281521761192507,nan
2883.0,16.0,50.0,raw,0.7830661587088015,0.7523194320875114,0.021976550063938317,0.0,raw,0.047597739151760056,2.165842182384394,nan
2883.0,16.0,50.0,raw,0.7830661587088015,0.7523194320875114,0.021976550063938317,0.0,ppo,0.049074326354025866,2.2330313998898643,nan
2883.0,16.0,51.0,raw,0.7830661587088015,0.7958012248722753,0.021976550063938317,0.0,raw,0.06998820445904719,3.1846765873362437,nan
2883.0,16.0,51.0,raw,0.7830661587088015,0.7958012248722753,0.021976550063938317,0.0,ppo,0.03549103975011277,1.6149504652393372,nan
2883.0,16.0,52.0,raw,0.7830661587088015,0.8144385656058549,0.021976550063938317,0.0,raw,0.033255110610026284,1.5132088755184163,nan
2883.0,16.0,52.0,raw,0.7830661587088015,0.8144385656058549,0.021976550063938317,0.0,ppo,0.04390890264157801,1.9979888796844802,nan
2883.0,16.0,53.0,raw,0.7830661587088015,0.727559010798156,0.021976550063938317,0.0,raw,0.14981064762053553,6.816841004829156,nan
2883.0,16.0,53.0,raw,0.7830661587088015,0.727559010798156,0.021976550063938317,0.0,ppo,0.20580851192983574,9.364914480710524,nan
2883.0,16.0,54.0,raw,0.7830661587088015,0.7682417867169063,0.021976550063938317,0.0,raw,0.04575330247129464,2.081914692623752,nan
2883.0,16.0,54.0,raw,0.7830661587088015,0.7682417867169063,0.021976550063938317,0.0,ppo,0.0466889441024196,2.1244892381462663,nan
2883.0,16.0,55.0,raw,0.7830661587088015,0.8109581870857505,0.021976550063938317,0.0,raw,0.05469081802832414,2.488598886959387,nan
2883.0,16.0,55.0,raw,0.7830661587088015,0.8109581870857505,0.021976550063938317,0.0,ppo,0.05945335587378369,2.705308872448623,nan
2883.0,16.0,56.0,raw,0.7830661587088015,0.7443954752258413,0.021976550063938317,0.0,raw,0.11082943683724322,5.043077121513493,nan
2883.0,16.0,56.0,raw,0.7830661587088015,0.7443954752258413,0.021976550063938317,0.0,ppo,0.09714181758917143,4.420248733606875,nan
2883.0,16.0,57.0,raw,0.7830661587088015,0.8016918061298269,0.021976550063938317,0.0,raw,0.03435676990167506,1.5633377305226652,nan
2883.0,16.0,57.0,raw,0.7830661587088015,0.8016918061298269,0.021976550063938317,0.0,ppo,0.03329621731824032,1.5150793560121445,nan
2883.0,16.0,58.0,raw,0.7830661587088015,0.8292432410274988,0.021976550063938317,0.0,raw,0.043375805967291355,1.973731356427387,nan
2883.0,16.0,58.0,raw,0.7830661587088015,0.8292432410274988,0.021976550063938317,0.0,ppo,0.06346512224261532,2.887856467824596,nan
2883.0,16.0,59.0,raw,0.7830661587088015,0.7772911426842934,0.021976550063938317,0.0,raw,0.09146114754280797,4.161760935029019,nan
2883.0,16.0,59.0,raw,0.7830661587088015,0.7772911426842934,0.021976550063938317,0.0,ppo,0.08605299781601339,3.915673641479295,nan
2883.0,16.0,60.0,raw,0.7830661587088015,0.7776737948646529,0.021976550063938317,0.0,raw,0.044296550629471104,2.0156280444653616,nan
2883.0,16.0,60.0,raw,0.7830661587088015,0.7776737948646529,0.021976550063938317,0.0,ppo,0.05203404402721833,2.3677075735650543,nan
2883.0,16.0,61.0,raw,0.7830661587088015,0.7885176696688291,0.021976550063938317,0.0,raw,0.07527007207393781,3.425017659957907,nan
2883.0,16.0,61.0,raw,0.7830661587088015,0.7885176696688291,0.021976550063938317,0.0,ppo,0.06881628885322705,3.1313508559357017,nan
2883.0,16.0,62.0,raw,0.7830661587088015,0.7731550070541262,0.021976550063938317,0.0,raw,0.07354433027418524,3.3464911489845415,nan
2883.0,16.0,62.0,raw,0.7830661587088015,0.7731550070541262,0.021976550063938317,0.0,ppo,0.08275510259229173,3.765609358681185,nan
2883.0,16.0,63.0,raw,0.7830661587088015,0.7836784264727504,0.021976550063938317,0.0,raw,0.06464041187737443,2.941335727823993,nan
2883.0,16.0,63.0,raw,0.7830661587088015,0.7836784264727504,0.021976550063938317,0.0,ppo,0.05724344857583138,2.6047513558446598,nan
2883.0,16.0,64.0,raw,0.7830661587088015,0.7971933932060384,0.021976550063938317,0.0,raw,0.07300369702654164,3.3218906886724957,nan
2883.0,16.0,64.0,raw,0.7830661587088015,0.7971933932060384,0.021976550063938317,0.0,ppo,0.09112006543341442,4.146240659626319,nan
2883.0,16.0,65.0,raw,0.7830661587088015,0.7652177206095535,0.021976550063938317,0.0,raw,0.06874318637539681,3.1280244704194327,nan
2883.0,16.0,65.0,raw,0.7830661587088015,0.7652177206095535,0.021976550063938317,0.0,ppo,0.031394003537725416,1.4285228321273389,nan
2883.0,16.0,66.0,raw,0.7830661587088015,0.7996740939815759,0.021976550063938317,0.0,raw,0.10197316192283892,4.64008962399282,nan
2883.0,16.0,66.0,raw,0.7830661587088015,0.7996740939815759,0.021976550063938317,0.0,ppo,0.07783078109131397,3.5415377238408214,nan
2883.0,16.0,67.0,raw,0.7830661587088015,0.7264719436683807,0.021976550063938317,0.0,raw,0.06922116971370493,3.1497741689352363,nan
2883.0,16.0,67.0,raw,0.7830661587088015,0.7264719436683807,0.021976550063938317,0.0,ppo,0.08070575892090351,3.672357976392979,nan
2883.0,16.0,68.0,raw,0.7830661587088015,0.760508159881936,0.021976550063938317,0.0,raw,0.042181332377826036,1.919379168027018,nan
2883.0,16.0,68.0,raw,0.7830661587088015,0.760508159881936,0.021976550063938317,0.0,ppo,0.06797188822196855,3.092928053958057,nan
2883.0,16.0,69.0,raw,0.7830661587088015,0.7823030802932633,0.021976550063938317,0.0,raw,0.044715246767758315,2.034679994706371,nan
2883.0,16.0,69.0,raw,0.7830661587088015,0.7823030802932633,0.021976550063938317,0.0,ppo,0.0447147205815913,2.0346560516322545,nan
2883.0,16.0,70.0,raw,0.7830661587088015,0.783706650267376,0.021976550063938317,0.0,raw,0.06529954497727045,2.971328292534029,nan
2883.0,16.0,70.0,raw,0.7830661587088015,0.783706650267376,0.021976550063938317,0.0,ppo,0.06817061354256115,3.1019706616473637,nan
2883.0,16.0,71.0,raw,0.7830661587088015,0.8292555199634634,0.021976550063938317,0.0,raw,0.04585833526616804,2.0866940048710254,nan
2883.0,16.0,71.0,raw,0.7830661587088015,0.8292555199634634,0.021976550063938317,0.0,ppo,0.0703131026412972,3.1994604447344592,nan
2883.0,16.0,72.0,raw,0.7830661587088015,0.7702905972620028,0.021976550063938317,0.0,raw,0.05516008267348568,2.509951858367377,nan
2883.0,16.0,72.0,raw,0.7830661587088015,0.7702905972620028,0.021976550063938317,0.0,ppo,0.04739641517887791,2.156681328096691,nan
2883.0,16.0,73.0,raw,0.7830661587088015,0.8145830332799392,0.021976550063938317,0.0,raw,0.19645528460421136,8.939314134049551,nan
2883.0,16.0,73.0,raw,0.7830661587088015,0.8145830332799392,0.021976550063938317,0.0,ppo,0.1519450544496346,6.913963020017584,nan
2883.0,16.0,74.0,raw,0.7830661587088015,0.7606000491441762,0.021976550063938317,0.0,raw,0.06366697492913558,2.8970413801940533,nan
2883.0,16.0,74.0,raw,0.7830661587088015,0.7606000491441762,0.021976550063938317,0.0,ppo,0.09744484330639483,4.434037327191481,nan
2883.0,16.0,75.0,raw,0.7830661587088015,0.8577677409844547,0.021976550063938317,0.0,raw,0.08426151579821184,3.8341557502457104,nan
2883.0,16.0,75.0,raw,0.7830661587088015,0.8577677409844547,0.021976550063938317,0.0,ppo,0.05527671346331908,2.5152589147294577,nan
2883.0,16.0,76.0,raw,0.7830661587088015,0.798495284256058,0.021976550063938317,0.0,raw,0.025783507645844136,1.173228171429542,nan
2883.0,16.0,76.0,raw,0.7830661587088015,0.798495284256058,0.021976550063938317,0.0,ppo,0.049016556845387374,2.230402711198035,nan
2883.0,16.0,77.0,raw,0.7830661587088015,0.7341986569421616,0.021976550063938317,0.0,raw,0.06641214244209387,3.0219548677510875,nan
2883.0,16.0,77.0,raw,0.7830661587088015,0.7341986569421616,0.021976550063938317,0.0,ppo,0.067603291947799,3.0761558002104414,nan
2883.0,16.0,78.0,raw,0.7830661587088015,0.7639549553602637,0.021976550063938317,0.0,raw,0.05110435601629459,2.325403935904961,nan
2883.0,16.0,78.0,raw,0.7830661587088015,0.7639549553602637,0.021976550063938317,0.0,ppo,0.032063673529075874,1.4589948575090357,nan
2883.0,16.0,79.0,raw,0.7830661587088015,0.7641773151728313,0.021976550063938317,0.0,raw,0.07410578883998395,3.372039224736432,nan
2883.0,16.0,79.0,raw,0.7830661587088015,0.7641773151728313,0.021976550063938317,0.0,ppo,0.06581527429125734,2.994795547971595,nan
1204.0,17.0,0.0,ppo,0.7999985513263727,0.7870433474201267,0.02632648945259569,0.0,raw,0.11710764632159955,4.448281892368038,0.0066672528934974
1204.0,17.0,0.0,ppo,0.7999985513263727,0.7870433474201267,0.02632648945259569,0.0,ppo,0.14670106946658423,5.572374916554629,0.008930358295448193
1204.0,17.0,1.0,ppo,0.7999985513263727,0.7689804900133268,0.02632648945259569,0.0,raw,0.15055535565469558,5.718778264219022,0.008221728656771732
1204.0,17.0,1.0,ppo,0.7999985513263727,0.7689804900133268,0.02632648945259569,0.0,ppo,0.13888195028185069,5.27536914984149,0.009070326452372768
1204.0,17.0,2.0,ppo,0.7999985513263727,0.8025876963408848,0.02632648945259569,0.0,raw,0.09696816266941537,3.6832925576355064,0.006611325213596142
1204.0,17.0,2.0,ppo,0.7999985513263727,0.8025876963408848,0.02632648945259569,0.0,ppo,0.10052485845555618,3.8183920661569566,0.007906388396410668
1204.0,17.0,3.0,ppo,0.7999985513263727,0.8419209232457217,0.02632648945259569,0.0,raw,0.08900519432622261,3.3808227445777828,0.00607908207974589
1204.0,17.0,3.0,ppo,0.7999985513263727,0.8419209232457217,0.02632648945259569,0.0,ppo,0.10715851176819542,4.070368438646118,0.007337449472683943
1204.0,17.0,4.0,ppo,0.7999985513263727,0.8261496962632544,0.02632648945259569,0.0,raw,0.08096681454350567,3.0754884615093507,0.005927361100436457
1204.0,17.0,4.0,ppo,0.7999985513263727,0.8261496962632544,0.02632648945259569,0.0,ppo,0.05329700690903771,2.024463117462204,0.006383811980695042
1204.0,17.0,5.0,ppo,0.7999985513263727,0.7610674739007699,0.02632648945259569,0.0,raw,0.06549956437929022,2.487971839057038,0.003925103470135638
1204.0,17.0,5.0,ppo,0.7999985513263727,0.7610674739007699,0.02632648945259569,0.0,ppo,0.08333584272049743,3.165474943803449,0.006509340536702657
1204.0,17.0,6.0,ppo,0.7999985513263727,0.8275020138621881,0.02632648945259569,0.0,raw,0.08368772076712949,3.178840874998554,0.0011266000251506925
1204.0,17.0,6.0,ppo,0.7999985513263727,0.8275020138621881,0.02632648945259569,0.0,ppo,0.06202801525871477,2.3561065887802615,0.006466420638848003
1204.0,17.0,7.0,ppo,0.7999985513263727,0.8306676527256395,0.02632648945259569,0.0,raw,0.03492276296918673,1.3265256285715479,0.005326845495511989
1204.0,17.0,7.0,ppo,0.7999985513263727,0.8306676527256395,0.02632648945259569,0.0,ppo,0.038937037395010185,1.4790060583322908,0.006585978884607657
1204.0,17.0,8.0,ppo,0.7999985513263727,0.7952500315482824,0.02632648945259569,0.0,raw,0.07374622965929495,2.801217754159161,0.007652873582313091
1204.0,17.0,8.0,ppo,0.7999985513263727,0.7952500315482824,0.02632648945259569,0.0,ppo,0.09948130720205481,3.778753235640627,0.008540905596029547
1204.0,17.0,9.0,ppo,0.7999985513263727,0.8095009023262049,0.02632648945259569,0.0,raw,0.1244473452091105,4.727077092188623,0.0021784673355068618
1204.0,17.0,9.0,ppo,0.7999985513263727,0.8095009023262049,0.02632648945259569,0.0,ppo,0.07856543048245787,2.9842729553412455,0.004471310095709891
1204.0,17.0,10.0,ppo,0.7999985513263727,0.8445910545718529,0.02632648945259569,0.0,raw,0.0669318966983862,2.5423783455407487,0.004848142313675752
1204.0,17.0,10.0,ppo,0.7999985513263727,0.8445910545718529,0.02632648945259569,0.0,ppo,0.06279918469909257,2.3853991171960383,0.0068777473126444
1204.0,17.0,11.0,ppo,0.7999985513263727,0.7914399299959759,0.02632648945259569,0.0,raw,0.06994478607477425,2.656821609304159,0.005269154941353216
1204.0,17.0,11.0,ppo,0.7999985513263727,0.7914399299959759,0.02632648945259569,0.0,ppo,0.0864285401116836,3.2829496795351147,0.007255188322170925
1204.0,17.0,12.0,ppo,0.7999985513263727,0.8778065314971768,0.02632648945259569,0.0,raw,0.07914689972531708,3.006359806074087,0.003253328264823274
1204.0,17.0,12.0,ppo,0.7999985513263727,0.8778065314971768,0.02632648945259569,0.0,ppo,0.0533950922785455,2.028188846625008,0.003720058425409567
1204.0,17.0,13.0,ppo,0.7999985513263727,0.7767903333430214,0.02632648945259569,0.0,raw,0.1493874917378851,5.67441747244261,0.006012964660628062
1204.0,17.0,13.0,ppo,0.7999985513263727,0.7767903333430214,0.02632648945259569,0.0,ppo,0.11421439776108767,4.338383131816558,0.008522568428420363
1204.0,17.0,14.0,ppo,0.7999985513263727,0.7983751948092153,0.02632648945259569,0.0,raw,0.07094908176642248,2.6949693347521944,0.0020132220737106854
1204.0,17.0,14.0,ppo,0.7999985513263727,0.7983751948092153,0.02632648945259569,0.0,ppo,0.054116332571969426,2.05558483858674,0.005314595930399846
1204.0,17.0,15.0,ppo,0.7999985513263727,0.8231440572982901,0.02632648945259569,0.0,raw,0.05721011498309729,2.1731007883186106,0.0056594716510039444
1204.0,17.0,15.0,ppo,0.7999985513263727,0.8231440572982901,0.02632648945259569,0.0,ppo,0.07556951069405046,2.8704742738344704,0.006596271436482781
1204.0,17.0,16.0,ppo,0.7999985513263727,0.8367376173763176,0.02632648945259569,0.0,raw,0.06752296813814057,2.564829931454574,0.005344418934786488
1204.0,17.0,16.0,ppo,0.7999985513263727,0.8367376173763176,0.02632648945259569,0.0,ppo,0.09135542249373362,3.4700951168681673,0.007122420973200094
1204.0,17.0,17.0,ppo,0.7999985513263727,0.8266901868269698,0.02632648945259569,0.0,raw,0.0594166876947446,2.2569164719714023,0.003145053198924108
1204.0,17.0,17.0,ppo,0.7999985513263727,0.8266901868269698,0.02632648945259569,0.0,ppo,0.08733433005618216,3.317355707962473,0.004285368247472221
1204.0,17.0,18.0,ppo,0.7999985513263727,0.8019855595686507,0.02632648945259569,0.0,raw,0.07020213588654611,2.666596927514939,0.0041268264357100515
1204.0,17.0,18.0,ppo,0.7999985513263727,0.8019855595686507,0.02632648945259569,0.0,ppo,0.07737828707677544,2.9391798407495697,0.006777083714945398
1204.0,17.0,19.0,ppo,0.7999985513263727,0.8263006841825371,0.02632648945259569,0.0,raw,0.03439886352766573,1.3066255411533472,0.004511757709787179
1204.0,17.0,19.0,ppo,0.7999985513263727,0.8263006841825371,0.02632648945259569,0.0,ppo,0.03907398982869145,1.4842081356517098,0.006006056050043895
1204.0,17.0,20.0,ppo,0.7999985513263727,0.7646839369901314,0.02632648945259569,0.0,raw,0.050615682029758885,1.9226141837444404,nan
1204.0,17.0,20.0,ppo,0.7999985513263727,0.7646839369901314,0.02632648945259569,0.0,ppo,0.030872012969555437,1.1726596903527362,nan
1204.0,17.0,21.0,ppo,0.7999985513263727,0.8159884667660556,0.02632648945259569,0.0,raw,0.05825111826799768,2.2126428353801777,nan
1204.0,17.0,21.0,ppo,0.7999985513263727,0.8159884667660556,0.02632648945259569,0.0,ppo,0.0800627607840317,3.0411483812984343,nan
1204.0,17.0,22.0,ppo,0.7999985513263727,0.7325727517947251,0.02632648945259569,0.0,raw,0.09014145527822355,3.4239831117831,nan
1204.0,17.0,22.0,ppo,0.7999985513263727,0.7325727517947251,0.02632648945259569,0.0,ppo,0.1431762080940874,5.438484624085373,nan
1204.0,17.0,23.0,ppo,0.7999985513263727,0.8103298754437039,0.02632648945259569,0.0,raw,0.06673773463075683,2.5350031857049116,nan
1204.0,17.0,23.0,ppo,0.7999985513263727,0.8103298754437039,0.02632648945259569,0.0,ppo,0.06891567034040152,2.6177311055654897,nan
1204.0,17.0,24.0,ppo,0.7999985513263727,0.7711094786753182,0.02632648945259569,0.0,raw,0.03308885451641801,1.2568654311467866,nan
1204.0,17.0,24.0,ppo,0.7999985513263727,0.7711094786753182,0.02632648945259569,0.0,ppo,0.04243849034939455,1.612007192444349,nan
1204.0,17.0,25.0,ppo,0.7999985513263727,0.8018999666426677,0.02632648945259569,0.0,raw,0.046467587426904294,1.7650506540408777,nan
1204.0,17.0,25.0,ppo,0.7999985513263727,0.8018999666426677,0.02632648945259569,0.0,ppo,0.044863519954642224,1.7041208640986827,nan
1204.0,17.0,26.0,ppo,0.7999985513263727,0.8255058768084049,0.02632648945259569,0.0,raw,0.09612374900972509,3.651217880105456,nan
1204.0,17.0,26.0,ppo,0.7999985513263727,0.8255058768084049,0.02632648945259569,0.0,ppo,0.06470727702386601,2.457877156024922,nan
1204.0,17.0,27.0,ppo,0.7999985513263727,0.8407890658811247,0.02632648945259569,0.0,raw,0.1300838101366784,4.941175707110947,nan
1204.0,17.0,27.0,ppo,0.7999985513263727,0.8407890658811247,0.02632648945259569,0.0,ppo,0.042351517830760785,1.6087035799824456,nan
1204.0,17.0,28.0,ppo,0.7999985513263727,0.733858636656948,0.02632648945259569,0.0,raw,0.08532766794097128,3.2411335394570924,nan
1204.0,17.0,28.0,ppo,0.7999985513263727,0.733858636656948,0.02632648945259569,0.0,ppo,0.11690989017770553,4.440770213142819,nan
1204.0,17.0,29.0,ppo,0.7999985513263727,0.7013763484549491,0.02632648945259569,0.0,raw,0.05553724919764684,2.109557725030106,nan
1204.0,17.0,29.0,ppo,0.7999985513263727,0.7013763484549491,0.02632648945259569,0.0,ppo,0.06801946950136004,2.583689315046658,nan
1204.0,17.0,30.0,ppo,0.7999985513263727,0.8357432566554196,0.02632648945259569,0.0,raw,0.09135863949293034,3.470217313152731,nan
1204.0,17.0,30.0,ppo,0.7999985513263727,0.8357432566554196,0.02632648945259569,0.0,ppo,0.10846291347386185,4.119915557642564,nan
1204.0,17.0,31.0,ppo,0.7999985513263727,0.850828360244741,0.02632648945259569,0.0,raw,0.04442412301829704,1.6874305667790808,nan
1204.0,17.0,31.0,ppo,0.7999985513263727,0.850828360244741,0.02632648945259569,0.0,ppo,0.039032512765272566,1.4826326478338763,nan
1204.0,17.0,32.0,ppo,0.7999985513263727,0.8410694378453192,0.02632648945259569,0.0,raw,0.0976244470487245,3.7082212280718307,nan
1204.0,17.0,32.0,ppo,0.7999985513263727,0.8410694378453192,0.02632648945259569,0.0,ppo,0.057523939386033056,2.18502126877237,nan
1204.0,17.0,33.0,ppo,0.7999985513263727,0.8037628067591451,0.02632648945259569,0.0,raw,0.04469217990629484,1.6976125885211164,nan
1204.0,17.0,33.0,ppo,0.7999985513263727,0.8037628067591451,0.02632648945259569,0.0,ppo,0.04644686950019736,1.7642636928038224,nan
1204.0,17.0,34.0,ppo,0.7999985513263727,0.7673549076462192,0.02632648945259569,0.0,raw,0.039637949040522084,1.5056298756389617,nan
1204.0,17.0,34.0,ppo,0.7999985513263727,0.7673549076462192,0.02632648945259569,0.0,ppo,0.05309901500022169,2.016942482811218,nan
1204.0,17.0,35.0,ppo,0.7999985513263727,0.8424422819632684,0.02632648945259569,0.0,raw,0.07363685697450477,2.7970632813424525,nan
1204.0,17.0,35.0,ppo,0.7999985513263727,0.8424422819632684,0.02632648945259569,0.0,ppo,0.047364282946211644,1.7991112347697276,nan
1204.0,17.0,36.0,ppo,0.7999985513263727,0.7944085102757803,0.02632648945259569,0.0,raw,0.04796783099986539,1.8220367393167927,nan
1204.0,17.0,36.0,ppo,0.7999985513263727,0.7944085102757803,0.02632648945259569,0.0,ppo,0.07413931731368364,2.816149013987651,nan
1204.0,17.0,37.0,ppo,0.7999985513263727,0.7704262980454,0.02632648945259569,0.0,raw,0.055991873699113646,2.1268264346423544,nan
1204.0,17.0,37.0,ppo,0.7999985513263727,0.7704262980454,0.02632648945259569,0.0,ppo,0.05039387404140204,1.914188905898101,nan
1204.0,17.0,38.0,ppo,0.7999985513263727,0.7919981708834433,0.02632648945259569,0.0,raw,0.04611718549583632,1.751740792439356,nan
1204.0,17.0,38.0,ppo,0.7999985513263727,0.7919981708834433,0.02632648945259569,0.0,ppo,0.04256967398761453,1.6169901446323418,nan
1204.0,17.0,39.0,ppo,0.7999985513263727,0.7995134760476438,0.02632648945259569,0.0,raw,0.0838875775649683,3.1864323466301467,nan
1204.0,17.0,39.0,ppo,0.7999985513263727,0.7995134760476438,0.02632648945259569,0.0,ppo,0.02839830222954485,1.0786968874327028,nan
1204.0,17.0,40.0,ppo,0.7999985513263727,0.7121129694102891,0.02632648945259569,0.0,raw,0.13741874446258562,5.219789927176814,nan
1204.0,17.0,40.0,ppo,0.7999985513263727,0.7121129694102891,0.02632648945259569,0.0,ppo,0.13806272937518085,5.244251407836999,nan
1204.0,17.0,41.0,ppo,0.7999985513263727,0.8112339869005987,0.02632648945259569,0.0,raw,0.05236378012188314,1.9890149127619547,nan
1204.0,17.0,41.0,ppo,0.7999985513263727,0.8112339869005987,0.02632648945259569,0.0,ppo,0.05716712145455457,2.1714676982471017,nan
1204.0,17.0,42.0,ppo,0.7999985513263727,0.7828860671855111,0.02632648945259569,0.0,raw,0.046913635184901756,1.7819935798647186,nan
1204.0,17.0,42.0,ppo,0.7999985513263727,0.7828860671855111,0.02632648945259569,0.0,ppo,0.06903617610632334,2.6223084635204423,nan
1204.0,17.0,43.0,ppo,0.7999985513263727,0.8022119130209844,0.02632648945259569,0.0,raw,0.06239299664560928,2.3699702445309345,nan
1204.0,17.0,43.0,ppo,0.7999985513263727,0.8022119130209844,0.02632648945259569,0.0,ppo,0.07085800111116283,2.691509676546582,nan
1204.0,17.0,44.0,ppo,0.7999985513263727,0.784517554365422,0.02632648945259569,0.0,raw,0.032529012953042113,1.2356000982058348,nan
1204.0,17.0,44.0,ppo,0.7999985513263727,0.784517554365422,0.02632648945259569,0.0,ppo,0.06389047967273483,2.4268514717003207,nan
1204.0,17.0,45.0,ppo,0.7999985513263727,0.8007018236586567,0.02632648945259569,0.0,raw,0.04214971417336189,1.6010381577558224,nan
1204.0,17.0,45.0,ppo,0.7999985513263727,0.8007018236586567,0.02632648945259569,0.0,ppo,0.053014268075968145,2.013723408562593,nan
1204.0,17.0,46.0,ppo,0.7999985513263727,0.8362940564189387,0.02632648945259569,0.0,raw,0.06627732589071919,2.517514764361585,nan
1204.0,17.0,46.0,ppo,0.7999985513263727,0.8362940564189387,0.02632648945259569,0.0,ppo,0.08736051172056417,3.31835020684654,nan
1204.0,17.0,47.0,ppo,0.7999985513263727,0.7684098050893415,0.02632648945259569,0.0,raw,0.06323373962242938,2.4019054928037424,nan
1204.0,17.0,47.0,ppo,0.7999985513263727,0.7684098050893415,0.02632648945259569,0.0,ppo,0.03819894289158357,1.450969866695132,nan
1204.0,17.0,48.0,ppo,0.7999985513263727,0.7500159347183964,0.02632648945259569,0.0,raw,0.07088768042982262,2.6926370322737188,nan
1204.0,17.0,48.0,ppo,0.7999985513263727,0.7500159347183964,0.02632648945259569,0.0,ppo,0.06582750837478601,2.500428645958175,nan
1204.0,17.0,49.0,ppo,0.7999985513263727,0.846862285614922,0.02632648945259569,0.0,raw,0.055326869492302116,2.101566545434226,nan
1204.0,17.0,49.0,ppo,0.7999985513263727,0.846862285614922,0.02632648945259569,0.0,ppo,0.033857920064612856,1.286078044153152,nan
1204.0,17.0,50.0,ppo,0.7999985513263727,0.8039411369796641,0.02632648945259569,0.0,raw,0.05634135049544413,2.140101155412086,nan
1204.0,17.0,50.0,ppo,0.7999985513263727,0.8039411369796641,0.02632648945259569,0.0,ppo,0.06294426683948438,2.390909997811285,nan
1204.0,17.0,51.0,ppo,0.7999985513263727,0.8375500867563506,0.02632648945259569,0.0,raw,0.10410400654043725,3.9543444152662364,nan
1204.0,17.0,51.0,ppo,0.7999985513263727,0.8375500867563506,0.02632648945259569,0.0,ppo,0.09180362751511652,3.4871199853828223,nan
1204.0,17.0,52.0,ppo,0.7999985513263727,0.7714823657843684,0.02632648945259569,0.0,raw,0.04255277309582809,1.6163481717701085,nan
1204.0,17.0,52.0,ppo,0.7999985513263727,0.7714823657843684,0.02632648945259569,0.0,ppo,0.05237830884966236,1.9895667800287766,nan
1204.0,17.0,53.0,ppo,0.7999985513263727,0.7850336814456255,0.02632648945259569,0.0,raw,0.07517789612995615,2.8555989686860395,nan
1204.0,17.0,53.0,ppo,0.7999985513263727,0.7850336814456255,0.02632648945259569,0.0,ppo,0.09048194129510537,3.4369163217917835,nan
1204.0,17.0,54.0,ppo,0.7999985513263727,0.8493335235892637,0.02632648945259569,0.0,raw,0.04910428695404587,1.8652045135932231,nan
1204.0,17.0,54.0,ppo,0.7999985513263727,0.8493335235892637,0.02632648945259569,0.0,ppo,0.03612004593877954,1.372003889991426,nan
1204.0,17.0,55.0,ppo,0.7999985513263727,0.7718495245651432,0.02632648945259569,0.0,raw,0.12618376562291334,4.793034249785707,nan
1204.0,17.0,55.0,ppo,0.7999985513263727,0.7718495245651432,0.02632648945259569,0.0,ppo,0.14371110009916285,5.4588022591441066,nan
1204.0,17.0,56.0,ppo,0.7999985513263727,0.8635708752867456,0.02632648945259569,0.0,raw,0.060049584523994774,2.2809567767142656,nan
1204.0,17.0,56.0,ppo,0.7999985513263727,0.8635708752867456,0.02632648945259569,0.0,ppo,0.047402204943813635,1.8005516849926968,nan
1204.0,17.0,57.0,ppo,0.7999985513263727,0.8349564767248248,0.02632648945259569,0.0,raw,0.08766759780263012,3.3300147351771745,nan
1204.0,17.0,57.0,ppo,0.7999985513263727,0.8349564767248248,0.02632648945259569,0.0,ppo,0.052025169701066326,1.9761529464361167,nan
1204.0,17.0,58.0,ppo,0.7999985513263727,0.8115336667404273,0.02632648945259569,0.0,raw,0.18475056588108915,7.017668125245367,nan
1204.0,17.0,58.0,ppo,0.7999985513263727,0.8115336667404273,0.02632648945259569,0.0,ppo,0.21668797340049098,8.230796354016976,nan
1204.0,17.0,59.0,ppo,0.7999985513263727,0.766495614545595,0.02632648945259569,0.0,raw,0.05663111613695684,2.151107774507065,nan
1204.0,17.0,59.0,ppo,0.7999985513263727,0.766495614545595,0.02632648945259569,0.0,ppo,0.08009499389978085,3.042372741872874,nan
1204.0,17.0,60.0,ppo,0.7999985513263727,0.7962208508491228,0.02632648945259569,0.0,raw,0.05242823617801314,1.9914632474039913,nan
1204.0,17.0,60.0,ppo,0.7999985513263727,0.7962208508491228,0.02632648945259569,0.0,ppo,0.039837185412269285,1.5131977806612378,nan
1204.0,17.0,61.0,ppo,0.7999985513263727,0.7646561426457243,0.02632648945259569,0.0,raw,0.0390871259265547,1.4847071044901834,nan
1204.0,17.0,61.0,ppo,0.7999985513263727,0.7646561426457243,0.02632648945259569,0.0,ppo,0.0763136994777153,2.8987419539976327,nan
1204.0,17.0,62.0,ppo,0.7999985513263727,0.8322535729381292,0.02632648945259569,0.0,raw,0.0735963443061923,2.7955244256440723,nan
1204.0,17.0,62.0,ppo,0.7999985513263727,0.8322535729381292,0.02632648945259569,0.0,ppo,0.0628678085293021,2.388005762883952,nan
1204.0,17.0,63.0,ppo,0.7999985513263727,0.8068649710167487,0.02632648945259569,0.0,raw,0.05915191947247736,2.2468593687353633,nan
1204.0,17.0,63.0,ppo,0.7999985513263727,0.8068649710167487,0.02632648945259569,0.0,ppo,0.05807090034684473,2.2057973377502162,nan
1204.0,17.0,64.0,ppo,0.7999985513263727,0.8139340260379357,0.02632648945259569,0.0,raw,0.042336577144489185,1.608136064655402,nan
1204.0,17.0,64.0,ppo,0.7999985513263727,0.8139340260379357,0.02632648945259569,0.0,ppo,0.05549633032101787,2.1080034396893788,nan
1204.0,17.0,65.0,ppo,0.7999985513263727,0.7874840836868794,0.02632648945259569,0.0,raw,0.10192409924238843,3.8715416054964784,nan
1204.0,17.0,65.0,ppo,0.7999985513263727,0.7874840836868794,0.02632648945259569,0.0,ppo,0.045556741510478435,1.730452576767189,nan
1204.0,17.0,66.0,ppo,0.7999985513263727,0.7759948377996927,0.02632648945259569,0.0,raw,0.0651782155804135,2.4757655477679794,nan
1204.0,17.0,66.0,ppo,0.7999985513263727,0.7759948377996927,0.02632648945259569,0.0,ppo,0.05610404353855475,2.131087156135172,nan
1204.0,17.0,67.0,ppo,0.7999985513263727,0.7581985804974357,0.02632648945259569,0.0,raw,0.04294376475949188,1.6311998163225592,nan
1204.0,17.0,67.0,ppo,0.7999985513263727,0.7581985804974357,0.02632648945259569,0.0,ppo,0.04929321332950584,1.8723807979892175,nan
1204.0,17.0,68.0,ppo,0.7999985513263727,0.8503784011759544,0.02632648945259569,0.0,raw,0.0387156712176502,1.4705975624802865,nan
1204.0,17.0,68.0,ppo,0.7999985513263727,0.8503784011759544,0.02632648945259569,0.0,ppo,0.04908309032488781,1.8643993690563403,nan
1204.0,17.0,69.0,ppo,0.7999985513263727,0.7890499644573481,0.02632648945259569,0.0,raw,0.06452555796362028,2.4509746382937623,nan
1204.0,17.0,69.0,ppo,0.7999985513263727,0.7890499644573481,0.02632648945259569,0.0,ppo,0.09881914367550623,3.7536012484096335,nan
1204.0,17.0,70.0,ppo,0.7999985513263727,0.8074052989944341,0.02632648945259569,0.0,raw,0.0437483690264817,1.6617623517657527,nan
1204.0,17.0,70.0,ppo,0.7999985513263727,0.8074052989944341,0.02632648945259569,0.0,ppo,0.049404077846595375,1.8765919373927131,nan
1204.0,17.0,71.0,ppo,0.7999985513263727,0.7449602302169155,0.02632648945259569,0.0,raw,0.052593271944561426,1.9977320576396078,nan
1204.0,17.0,71.0,ppo,0.7999985513263727,0.7449602302169155,0.02632648945259569,0.0,ppo,0.0809845209802651,3.0761610326393263,nan
1204.0,17.0,72.0,ppo,0.7999985513263727,0.8450607459685748,0.02632648945259569,0.0,raw,0.07248829093438841,2.7534355108345574,nan
1204.0,17.0,72.0,ppo,0.7999985513263727,0.8450607459685748,0.02632648945259569,0.0,ppo,0.0547956202692112,2.081387279829995,nan
1204.0,17.0,73.0,ppo,0.7999985513263727,0.8545543030423438,0.02632648945259569,0.0,raw,0.058059871003252723,2.2053783930363053,nan
1204.0,17.0,73.0,ppo,0.7999985513263727,0.8545543030423438,0.02632648945259569,0.0,ppo,0.028104176169146573,1.067524639764517,nan
1204.0,17.0,74.0,ppo,0.7999985513263727,0.7930718267971737,0.02632648945259569,0.0,raw,0.07385190914234183,2.8052319423492413,nan
1204.0,17.0,74.0,ppo,0.7999985513263727,0.7930718267971737,0.02632648945259569,0.0,ppo,0.03141809746962843,1.1934024673590018,nan
1204.0,17.0,75.0,ppo,0.7999985513263727,0.7923726439899823,0.02632648945259569,0.0,raw,0.046658680675385644,1.7723092461454362,nan
1204.0,17.0,75.0,ppo,0.7999985513263727,0.7923726439899823,0.02632648945259569,0.0,ppo,0.07269868578294095,2.761427265638455,nan
1204.0,17.0,76.0,ppo,0.7999985513263727,0.8468997831500668,0.02632648945259569,0.0,raw,0.06199538722460089,2.3548672274072753,nan
1204.0,17.0,76.0,ppo,0.7999985513263727,0.8468997831500668,0.02632648945259569,0.0,ppo,0.05712609692727435,2.169909399813348,nan
1204.0,17.0,77.0,ppo,0.7999985513263727,0.7968927196142478,0.02632648945259569,0.0,raw,0.07515607450842621,2.8547700840917134,nan
1204.0,17.0,77.0,ppo,0.7999985513263727,0.7968927196142478,0.02632648945259569,0.0,ppo,0.04758339773024889,1.807434212447089,nan
1204.0,17.0,78.0,ppo,0.7999985513263727,0.8273575668630267,0.02632648945259569,0.0,raw,0.033248991174325906,1.2629481509183018,nan
1204.0,17.0,78.0,ppo,0.7999985513263727,0.8273575668630267,0.02632648945259569,0.0,ppo,0.021950551617512797,0.833781946394245,nan
1204.0,17.0,79.0,ppo,0.7999985513263727,0.8528754172648566,0.02632648945259569,0.0,raw,0.06682479426936677,2.538310107380386,nan
1204.0,17.0,79.0,ppo,0.7999985513263727,0.8528754172648566,0.02632648945259569,0.0,ppo,0.028011493671899156,1.0640041363030015,nan
2641.0,18.0,0.0,ppo,0.813647324183825,0.779611635982849,0.016317262218639623,0.0,raw,0.058231591141592334,3.5687108757174295,0.002007296183778262
2641.0,18.0,0.0,ppo,0.813647324183825,0.779611635982849,0.016317262218639623,0.0,ppo,0.07980090201290074,4.890581578185472,0.0026208340533957486
2641.0,18.0,1.0,ppo,0.813647324183825,0.7955268195520024,0.016317262218639623,0.0,raw,0.100352574396834,6.150086518938128,0.001095484643788447
2641.0,18.0,1.0,ppo,0.813647324183825,0.7955268195520024,0.016317262218639623,0.0,ppo,0.09552384334846467,5.854158747252671,0.002431243944674033
2641.0,18.0,2.0,ppo,0.813647324183825,0.8045358385538947,0.016317262218639623,0.0,raw,0.04522917838485394,2.7718607312192054,0.0013046739355322412
2641.0,18.0,2.0,ppo,0.813647324183825,0.8045358385538947,0.016317262218639623,0.0,ppo,0.07929319686270227,4.8594669743140875,0.002931361522821918
2641.0,18.0,3.0,ppo,0.813647324183825,0.7745732929496518,0.016317262218639623,0.0,raw,0.0557103627429517,3.414197920979191,0.0033549464118177164
2641.0,18.0,3.0,ppo,0.813647324183825,0.7745732929496518,0.016317262218639623,0.0,ppo,0.08111495704096136,4.9711131655592125,0.004555213725023044
2641.0,18.0,4.0,ppo,0.813647324183825,0.7937864745357595,0.016317262218639623,0.0,raw,0.13486893759691626,8.265414613663072,0.006568302729512365
2641.0,18.0,4.0,ppo,0.813647324183825,0.7937864745357595,0.016317262218639623,0.0,ppo,0.14853724087696935,9.103073719517205,0.006611333933915775
2641.0,18.0,5.0,ppo,0.813647324183825,0.8359292225850175,0.016317262218639623,0.0,raw,0.062062700352714585,3.803499601901279,0.0028149292248617064
2641.0,18.0,5.0,ppo,0.813647324183825,0.8359292225850175,0.016317262218639623,0.0,ppo,0.07657530405728555,4.6929014825668265,0.004345285304470703
2641.0,18.0,6.0,ppo,0.813647324183825,0.8189981425158421,0.016317262218639623,0.0,raw,0.04866368166283032,2.9823435457965832,0.001180510174056626
2641.0,18.0,6.0,ppo,0.813647324183825,0.8189981425158421,0.016317262218639623,0.0,ppo,0.04604938295054649,2.822126796365576,0.0032612489848848902
2641.0,18.0,7.0,ppo,0.813647324183825,0.7371030361425343,0.016317262218639623,0.0,raw,0.06170495490230686,3.7815752468462343,0.004312293792360755
2641.0,18.0,7.0,ppo,0.813647324183825,0.7371030361425343,0.016317262218639623,0.0,ppo,0.11795917177845225,7.229103154553985,0.005249235242254735
2641.0,18.0,8.0,ppo,0.813647324183825,0.8188095693476153,0.016317262218639623,0.0,raw,0.11482857877596409,7.0372454176039705,0.0028765463313470407
2641.0,18.0,8.0,ppo,0.813647324183825,0.8188095693476153,0.016317262218639623,0.0,ppo,0.14390897568169486,8.819431455682803,0.004190598595134265
2641.0,18.0,9.0,ppo,0.813647324183825,0.8078031984596687,0.016317262218639623,0.0,raw,0.04128759206202219,2.530301438366194,0.003812855704074858
2641.0,18.0,9.0,ppo,0.813647324183825,0.8078031984596687,0.016317262218639623,0.0,ppo,0.05267725433208356,3.2283145068238834,0.004236310161777446
2641.0,18.0,10.0,ppo,0.813647324183825,0.8231748487408654,0.016317262218639623,0.0,raw,0.046825983461764475,2.8697205961594445,0.0010581170299011067
2641.0,18.0,10.0,ppo,0.813647324183825,0.8231748487408654,0.016317262218639623,0.0,ppo,0.05757621774681279,3.528546454382649,0.0019370168611054228
2641.0,18.0,11.0,ppo,0.813647324183825,0.8546870799957641,0.016317262218639623,0.0,raw,0.07765126294918825,4.758841398067701,-0.00031026587383459203
2641.0,18.0,11.0,ppo,0.813647324183825,0.8546870799957641,0.016317262218639623,0.0,ppo,0.03919071633293175,2.401794848167801,0.002273949434581035
2641.0,18.0,12.0,ppo,0.813647324183825,0.8330691076992561,0.016317262218639623,0.0,raw,0.0924150845546296,5.66363911521024,0.004406228130009904
2641.0,18.0,12.0,ppo,0.813647324183825,0.8330691076992561,0.016317262218639623,0.0,ppo,0.13143263574596287,8.054821573917224,0.005211009509585585
2641.0,18.0,13.0,ppo,0.813647324183825,0.8219026951584093,0.016317262218639623,0.0,raw,0.07121173437933644,4.364196237404916,0.0030462962622690437
2641.0,18.0,13.0,ppo,0.813647324183825,0.8219026951584093,0.016317262218639623,0.0,ppo,0.0935435553729092,5.732797213128807,0.003584735137700912
2641.0,18.0,14.0,ppo,0.813647324183825,0.7909478196444033,0.016317262218639623,0.0,raw,0.048087688252946965,2.9470439102225847,0.003792997145741994
2641.0,18.0,14.0,ppo,0.813647324183825,0.7909478196444033,0.016317262218639623,0.0,ppo,0.08172576650616273,5.008546495796661,0.004418915781872146
2641.0,18.0,15.0,ppo,0.813647324183825,0.838414836433656,0.016317262218639623,0.0,raw,0.040502950159151264,2.4822148235678725,0.000723855934958384
2641.0,18.0,15.0,ppo,0.813647324183825,0.838414836433656,0.016317262218639623,0.0,ppo,0.04401754246738724,2.697605877602732,0.0019783875141767826
2641.0,18.0,16.0,ppo,0.813647324183825,0.7719251759028362,0.016317262218639623,0.0,raw,0.04906393339989519,3.0068728897331938,0.002021565354990984
2641.0,18.0,16.0,ppo,0.813647324183825,0.7719251759028362,0.016317262218639623,0.0,ppo,0.05957782263886666,3.6512143912726613,0.002852245607083026
2641.0,18.0,17.0,ppo,0.813647324183825,0.8280700468298126,0.016317262218639623,0.0,raw,0.06834036372889118,4.1882248880467365,0.0037020773585063615
2641.0,18.0,17.0,ppo,0.813647324183825,0.8280700468298126,0.016317262218639623,0.0,ppo,0.08700739498289853,5.332229991591835,0.004276570130430313
2641.0,18.0,18.0,ppo,0.813647324183825,0.8136134431560544,0.016317262218639623,0.0,raw,0.15413429322375166,9.446087901172547,0.004268266815149524
2641.0,18.0,18.0,ppo,0.813647324183825,0.8136134431560544,0.016317262218639623,0.0,ppo,0.16602004591244618,10.174503767108508,0.005223055520129749
2641.0,18.0,19.0,ppo,0.813647324183825,0.8042574032872285,0.016317262218639623,0.0,raw,0.0425231451084844,2.6060220482274983,0.0013281684192985033
2641.0,18.0,19.0,ppo,0.813647324183825,0.8042574032872285,0.016317262218639623,0.0,ppo,0.047426840951964463,2.9065440216917993,0.0025504072474241135
2641.0,18.0,20.0,ppo,0.813647324183825,0.7672483343891466,0.016317262218639623,0.0,raw,0.16994443802093828,10.415009316134324,nan
2641.0,18.0,20.0,ppo,0.813647324183825,0.7672483343891466,0.016317262218639623,0.0,ppo,0.16462890930535026,10.089248251296132,nan
2641.0,18.0,21.0,ppo,0.813647324183825,0.8579835676067505,0.016317262218639623,0.0,raw,0.10078504460073115,6.176590364871494,nan
2641.0,18.0,21.0,ppo,0.813647324183825,0.8579835676067505,0.016317262218639623,0.0,ppo,0.07579474469961799,4.6450650656968495,nan
2641.0,18.0,22.0,ppo,0.813647324183825,0.8088063748569879,0.016317262218639623,0.0,raw,0.07297106000973141,4.472016140451228,nan
2641.0,18.0,22.0,ppo,0.813647324183825,0.8088063748569879,0.016317262218639623,0.0,ppo,0.07295343348777608,4.470935902742283,nan
2641.0,18.0,23.0,ppo,0.813647324183825,0.7652801218279566,0.016317262218639623,0.0,raw,0.08391780057335468,5.142884844829744,nan
2641.0,18.0,23.0,ppo,0.813647324183825,0.7652801218279566,0.016317262218639623,0.0,ppo,0.0832397237238259,5.101329047022303,nan
2641.0,18.0,24.0,ppo,0.813647324183825,0.843600006151224,0.016317262218639623,0.0,raw,0.08818589474132638,5.404454102636739,nan
2641.0,18.0,24.0,ppo,0.813647324183825,0.843600006151224,0.016317262218639623,0.0,ppo,0.08188940172261701,5.0185748457895505,nan
2641.0,18.0,25.0,ppo,0.813647324183825,0.8136609590766031,0.016317262218639623,0.0,raw,0.057260336417666105,3.509187733237269,nan
2641.0,18.0,25.0,ppo,0.813647324183825,0.8136609590766031,0.016317262218639623,0.0,ppo,0.02514666514018038,1.5411081101249147,nan
2641.0,18.0,26.0,ppo,0.813647324183825,0.8183283395651878,0.016317262218639623,0.0,raw,0.1345780700926879,8.247588859542624,nan
2641.0,18.0,26.0,ppo,0.813647324183825,0.8183283395651878,0.016317262218639623,0.0,ppo,0.05672804984634991,3.476566662117375,nan
2641.0,18.0,27.0,ppo,0.813647324183825,0.8220833378862732,0.016317262218639623,0.0,raw,0.12116057570550778,7.425300524195964,nan
2641.0,18.0,27.0,ppo,0.813647324183825,0.8220833378862732,0.016317262218639623,0.0,ppo,0.10944243152607429,6.707156510670976,nan
2641.0,18.0,28.0,ppo,0.813647324183825,0.8278459135404105,0.016317262218639623,0.0,raw,0.0814914159324346,4.994184369933388,nan
2641.0,18.0,28.0,ppo,0.813647324183825,0.8278459135404105,0.016317262218639623,0.0,ppo,0.09275687688961648,5.684585786925576,nan
2641.0,18.0,29.0,ppo,0.813647324183825,0.8179484720172939,0.016317262218639623,0.0,raw,0.037793033475167846,2.316138146753314,nan
2641.0,18.0,29.0,ppo,0.813647324183825,0.8179484720172939,0.016317262218639623,0.0,ppo,0.05007080640730393,3.068578891261965,nan
2641.0,18.0,30.0,ppo,0.813647324183825,0.8073981066149601,0.016317262218639623,0.0,raw,0.0451174573951829,2.7650139337495037,nan
2641.0,18.0,30.0,ppo,0.813647324183825,0.8073981066149601,0.016317262218639623,0.0,ppo,0.0999239268781254,6.123816945466487,nan
2641.0,18.0,31.0,ppo,0.813647324183825,0.8744353020851391,0.016317262218639623,0.0,raw,0.08103892512979899,4.966453565796483,nan
2641.0,18.0,31.0,ppo,0.813647324183825,0.8744353020851391,0.016317262218639623,0.0,ppo,0.048129429372206295,2.9496020059803185,nan
2641.0,18.0,32.0,ppo,0.813647324183825,0.7926936221473472,0.016317262218639623,0.0,raw,0.040026886739986695,2.4530393765605463,nan
2641.0,18.0,32.0,ppo,0.813647324183825,0.7926936221473472,0.016317262218639623,0.0,ppo,0.0565474264472089,3.4654971949040165,nan
2641.0,18.0,33.0,ppo,0.813647324183825,0.7884813182350341,0.016317262218639623,0.0,raw,0.07307905765396264,4.478634753474917,nan
2641.0,18.0,33.0,ppo,0.813647324183825,0.7884813182350341,0.016317262218639623,0.0,ppo,0.02100580761546868,1.2873365233705207,nan
2641.0,18.0,34.0,ppo,0.813647324183825,0.8139597964468595,0.016317262218639623,0.0,raw,0.050957815293652516,3.122939045218144,nan
2641.0,18.0,34.0,ppo,0.813647324183825,0.8139597964468595,0.016317262218639623,0.0,ppo,0.056115493648076206,3.439026283709166,nan
2641.0,18.0,35.0,ppo,0.813647324183825,0.7808182715531646,0.016317262218639623,0.0,raw,0.05942946571668253,3.642122368346495,nan
2641.0,18.0,35.0,ppo,0.813647324183825,0.7808182715531646,0.016317262218639623,0.0,ppo,0.053972129911631764,3.3076706857096423,nan
2641.0,18.0,36.0,ppo,0.813647324183825,0.8100799705582025,0.016317262218639623,0.0,raw,0.03793357943404917,2.3247514764282378,nan
2641.0,18.0,36.0,ppo,0.813647324183825,0.8100799705582025,0.016317262218639623,0.0,ppo,0.05122593237709468,3.1393705445621873,nan
2641.0,18.0,37.0,ppo,0.813647324183825,0.7939613241372782,0.016317262218639623,0.0,raw,0.06980306060960187,4.277865960250615,nan
2641.0,18.0,37.0,ppo,0.813647324183825,0.7939613241372782,0.016317262218639623,0.0,ppo,0.10181169807176818,6.239508607973836,nan
2641.0,18.0,38.0,ppo,0.813647324183825,0.761891338860622,0.016317262218639623,0.0,raw,0.07195650881554844,4.409839582852979,nan
2641.0,18.0,38.0,ppo,0.813647324183825,0.761891338860622,0.016317262218639623,0.0,ppo,0.0398028852605839,2.4393114927770205,nan
2641.0,18.0,39.0,ppo,0.813647324183825,0.8357452781421806,0.016317262218639623,0.0,raw,0.05027997224281981,3.08139757571486,nan
2641.0,18.0,39.0,ppo,0.813647324183825,0.8357452781421806,0.016317262218639623,0.0,ppo,0.03554851355395179,2.178583213141223,nan
2641.0,18.0,40.0,ppo,0.813647324183825,0.8342616274251715,0.016317262218639623,0.0,raw,0.0684896798614405,4.197375695979378,nan
2641.0,18.0,40.0,ppo,0.813647324183825,0.8342616274251715,0.016317262218639623,0.0,ppo,0.10796846602635139,6.616824843509365,nan
2641.0,18.0,41.0,ppo,0.813647324183825,0.8139653083780788,0.016317262218639623,0.0,raw,0.11049799673675671,6.771846603686496,nan
2641.0,18.0,41.0,ppo,0.813647324183825,0.8139653083780788,0.016317262218639623,0.0,ppo,0.13605080435738348,8.337845070723274,nan
2641.0,18.0,42.0,ppo,0.813647324183825,0.7993721331077857,0.016317262218639623,0.0,raw,0.10036905344915584,6.151096434210742,nan
2641.0,18.0,42.0,ppo,0.813647324183825,0.7993721331077857,0.016317262218639623,0.0,ppo,0.11359011549988678,6.961346454929792,nan
2641.0,18.0,43.0,ppo,0.813647324183825,0.7672731825235741,0.016317262218639623,0.0,raw,0.0938465311203116,5.751365018398021,nan
2641.0,18.0,43.0,ppo,0.813647324183825,0.7672731825235741,0.016317262218639623,0.0,ppo,0.08963536223675715,5.49328441473254,nan
2641.0,18.0,44.0,ppo,0.813647324183825,0.829271778280402,0.016317262218639623,0.0,raw,0.10985282790593331,6.732307566918036,nan
2641.0,18.0,44.0,ppo,0.813647324183825,0.829271778280402,0.016317262218639623,0.0,ppo,0.10828854203141779,6.636440634490572,nan
2641.0,18.0,45.0,ppo,0.813647324183825,0.7983913151489515,0.016317262218639623,0.0,raw,0.1873537117894003,11.481933015416116,nan
2641.0,18.0,45.0,ppo,0.813647324183825,0.7983913151489515,0.016317262218639623,0.0,ppo,0.20753813620212386,12.718931241115177,nan
2641.0,18.0,46.0,ppo,0.813647324183825,0.7865390421417154,0.016317262218639623,0.0,raw,0.04927479975281334,3.0197957900391823,nan
2641.0,18.0,46.0,ppo,0.813647324183825,0.7865390421417154,0.016317262218639623,0.0,ppo,0.033633126683134874,2.0611991296379917,nan
2641.0,18.0,47.0,ppo,0.813647324183825,0.8131062160437533,0.016317262218639623,0.0,raw,0.05398171350832236,3.3082580144270572,nan
2641.0,18.0,47.0,ppo,0.813647324183825,0.8131062160437533,0.016317262218639623,0.0,ppo,0.04493674162415909,2.75393880554464,nan
2641.0,18.0,48.0,ppo,0.813647324183825,0.8255294916389054,0.016317262218639623,0.0,raw,0.15694301886770584,9.618220064419008,nan
2641.0,18.0,48.0,ppo,0.813647324183825,0.8255294916389054,0.016317262218639623,0.0,ppo,0.0757442935800792,4.641973179394921,nan
2641.0,18.0,49.0,ppo,0.813647324183825,0.8443617137756977,0.016317262218639623,0.0,raw,0.06641460422808607,4.070205120085585,nan
2641.0,18.0,49.0,ppo,0.813647324183825,0.8443617137756977,0.016317262218639623,0.0,ppo,0.07582134578107315,4.646695307406441,nan
2641.0,18.0,50.0,ppo,0.813647324183825,0.8172452423551524,0.016317262218639623,0.0,raw,0.09945239140579151,6.0949189927330165,nan
2641.0,18.0,50.0,ppo,0.813647324183825,0.8172452423551524,0.016317262218639623,0.0,ppo,0.10373377875508064,6.357302920374896,nan
2641.0,18.0,51.0,ppo,0.813647324183825,0.8627279158286735,0.016317262218639623,0.0,raw,0.0703708285445749,4.312661499316259,nan
2641.0,18.0,51.0,ppo,0.813647324183825,0.8627279158286735,0.016317262218639623,0.0,ppo,0.06611382464354376,4.051771906197613,nan
2641.0,18.0,52.0,ppo,0.813647324183825,0.8079177829990791,0.016317262218639623,0.0,raw,0.10713062179906216,6.565477735393878,nan
2641.0,18.0,52.0,ppo,0.813647324183825,0.8079177829990791,0.016317262218639623,0.0,ppo,0.1042440455534918,6.388574514320863,nan
2641.0,18.0,53.0,ppo,0.813647324183825,0.8497792983919252,0.016317262218639623,0.0,raw,0.10148821438981097,6.2196839782275735,nan
2641.0,18.0,53.0,ppo,0.813647324183825,0.8497792983919252,0.016317262218639623,0.0,ppo,0.11684378593238452,7.160746966418846,nan
2641.0,18.0,54.0,ppo,0.813647324183825,0.8176044475219001,0.016317262218639623,0.0,raw,0.03321478560981824,2.035561184515142,nan
2641.0,18.0,54.0,ppo,0.813647324183825,0.8176044475219001,0.016317262218639623,0.0,ppo,0.051978833741604925,3.185511947110109,nan
2641.0,18.0,55.0,ppo,0.813647324183825,0.7929074320418646,0.016317262218639623,0.0,raw,0.0334047212603229,2.047201351104344,nan
2641.0,18.0,55.0,ppo,0.813647324183825,0.7929074320418646,0.016317262218639623,0.0,ppo,0.02855712519845642,1.7501174410150062,nan
2641.0,18.0,56.0,ppo,0.813647324183825,0.8512851217303187,0.016317262218639623,0.0,raw,0.03899284497559685,2.3896683434463863,nan
2641.0,18.0,56.0,ppo,0.813647324183825,0.8512851217303187,0.016317262218639623,0.0,ppo,0.029148701996119308,1.7863721012475982,nan
2641.0,18.0,57.0,ppo,0.813647324183825,0.8352019209455022,0.016317262218639623,0.0,raw,0.04860190559639871,2.978557612494547,nan
2641.0,18.0,57.0,ppo,0.813647324183825,0.8352019209455022,0.016317262218639623,0.0,ppo,0.07965890292633541,4.881879193884561,nan
2641.0,18.0,58.0,ppo,0.813647324183825,0.7811095031315949,0.016317262218639623,0.0,raw,0.05516075884098906,3.3805155608750055,nan
2641.0,18.0,58.0,ppo,0.813647324183825,0.7811095031315949,0.016317262218639623,0.0,ppo,0.06877250425225595,4.214708529577675,nan
2641.0,18.0,59.0,ppo,0.813647324183825,0.8225009780913343,0.016317262218639623,0.0,raw,0.08060141512059474,4.939640856449662,nan
2641.0,18.0,59.0,ppo,0.813647324183825,0.8225009780913343,0.016317262218639623,0.0,ppo,0.0827765467049833,5.07294334036169,nan
2641.0,18.0,60.0,ppo,0.813647324183825,0.8021639365684886,0.016317262218639623,0.0,raw,0.031829014239940036,1.950634476142753,nan
2641.0,18.0,60.0,ppo,0.813647324183825,0.8021639365684886,0.016317262218639623,0.0,ppo,0.05291048505723937,3.242608003001777,nan
2641.0,18.0,61.0,ppo,0.813647324183825,0.8049487621750495,0.016317262218639623,0.0,raw,0.08124347057652648,4.978989090689491,nan
2641.0,18.0,61.0,ppo,0.813647324183825,0.8049487621750495,0.016317262218639623,0.0,ppo,0.08385455642250739,5.13900894028155,nan
2641.0,18.0,62.0,ppo,0.813647324183825,0.8486337751126617,0.016317262218639623,0.0,raw,0.04758196677061961,2.9160508750215173,nan
2641.0,18.0,62.0,ppo,0.813647324183825,0.8486337751126617,0.016317262218639623,0.0,ppo,0.07319594635390114,4.4857982529868,nan
2641.0,18.0,63.0,ppo,0.813647324183825,0.855960209610714,0.016317262218639623,0.0,raw,0.025107799795432154,1.5387262556062178,nan
2641.0,18.0,63.0,ppo,0.813647324183825,0.855960209610714,0.016317262218639623,0.0,ppo,0.036396185443885565,2.230532607505031,nan
2641.0,18.0,64.0,ppo,0.813647324183825,0.8252043389006698,0.016317262218639623,0.0,raw,0.0426310800667348,2.612636819553971,nan
2641.0,18.0,64.0,ppo,0.813647324183825,0.8252043389006698,0.016317262218639623,0.0,ppo,0.041310507779253366,2.5317058233006344,nan
2641.0,18.0,65.0,ppo,0.813647324183825,0.8399222365427734,0.016317262218639623,0.0,raw,0.04103955059636746,2.515100269056591,nan
2641.0,18.0,65.0,ppo,0.813647324183825,0.8399222365427734,0.016317262218639623,0.0,ppo,0.05940166006907416,3.6404183050523105,nan
2641.0,18.0,66.0,ppo,0.813647324183825,0.8277661402655291,0.016317262218639623,0.0,raw,0.07253829467206144,4.445494207306364,nan
2641.0,18.0,66.0,ppo,0.813647324183825,0.8277661402655291,0.016317262218639623,0.0,ppo,0.11536485771351995,7.070111160053293,nan
2641.0,18.0,67.0,ppo,0.813647324183825,0.8190873545521548,0.016317262218639623,0.0,raw,0.06690023264613298,4.09996675604754,nan
2641.0,18.0,67.0,ppo,0.813647324183825,0.8190873545521548,0.016317262218639623,0.0,ppo,0.041216544283590104,2.5259472901347015,nan
2641.0,18.0,68.0,ppo,0.813647324183825,0.8160409793332687,0.016317262218639623,0.0,raw,0.09408108494763799,5.7657396006155235,nan
2641.0,18.0,68.0,ppo,0.813647324183825,0.8160409793332687,0.016317262218639623,0.0,ppo,0.12892771794188493,7.901308210553087,nan
2641.0,18.0,69.0,ppo,0.813647324183825,0.8163083697645421,0.016317262218639623,0.0,raw,0.0995848036344461,6.103033848453318,nan
2641.0,18.0,69.0,ppo,0.813647324183825,0.8163083697645421,0.016317262218639623,0.0,ppo,0.12508682848529676,7.665920104072784,nan
2641.0,18.0,70.0,ppo,0.813647324183825,0.75804912874487,0.016317262218639623,0.0,raw,0.05972670531853165,3.6603386351360045,nan
2641.0,18.0,70.0,ppo,0.813647324183825,0.75804912874487,0.016317262218639623,0.0,ppo,0.10201371880926384,6.251889406589972,nan
2641.0,18.0,71.0,ppo,0.813647324183825,0.7992109429800686,0.016317262218639623,0.0,raw,0.12064018313402164,7.393408374366338,nan
2641.0,18.0,71.0,ppo,0.813647324183825,0.7992109429800686,0.016317262218639623,0.0,ppo,0.12944215942622977,7.932835649252771,nan
2641.0,18.0,72.0,ppo,0.813647324183825,0.8275293636154171,0.016317262218639623,0.0,raw,0.05000117114327521,3.0643113086800553,nan
2641.0,18.0,72.0,ppo,0.813647324183825,0.8275293636154171,0.016317262218639623,0.0,ppo,0.0913962670152576,5.601201095539993,nan
2641.0,18.0,73.0,ppo,0.813647324183825,0.8499806532165197,0.016317262218639623,0.0,raw,0.12177652427106106,7.4630488031229065,nan
2641.0,18.0,73.0,ppo,0.813647324183825,0.8499806532165197,0.016317262218639623,0.0,ppo,0.1293874665210917,7.929483806008162,nan
2641.0,18.0,74.0,ppo,0.813647324183825,0.7918909905536008,0.016317262218639623,0.0,raw,0.09390688765807306,5.755063956182603,nan
2641.0,18.0,74.0,ppo,0.813647324183825,0.7918909905536008,0.016317262218639623,0.0,ppo,0.10594426433146747,6.492772066287238,nan
2641.0,18.0,75.0,ppo,0.813647324183825,0.8011092261545543,0.016317262218639623,0.0,raw,0.1485909674076928,9.106366338708067,nan
2641.0,18.0,75.0,ppo,0.813647324183825,0.8011092261545543,0.016317262218639623,0.0,ppo,0.1740178618776445,10.664648244658316,nan
2641.0,18.0,76.0,ppo,0.813647324183825,0.7931299573322176,0.016317262218639623,0.0,raw,0.0992439472668731,6.0821445373050524,nan
2641.0,18.0,76.0,ppo,0.813647324183825,0.7931299573322176,0.016317262218639623,0.0,ppo,0.09171395767675894,5.62067070124005,nan
2641.0,18.0,77.0,ppo,0.813647324183825,0.7088804312044706,0.016317262218639623,0.0,raw,0.06286565667275448,3.8527086119227434,nan
2641.0,18.0,77.0,ppo,0.813647324183825,0.7088804312044706,0.016317262218639623,0.0,ppo,0.07626485902587406,4.6738759237903755,nan
2641.0,18.0,78.0,ppo,0.813647324183825,0.8452148887262624,0.016317262218639623,0.0,raw,0.09948475496117547,6.096902386451295,nan
2641.0,18.0,78.0,ppo,0.813647324183825,0.8452148887262624,0.016317262218639623,0.0,ppo,0.09995625431833985,6.1257981258741605,nan
2641.0,18.0,79.0,ppo,0.813647324183825,0.7298895380567849,0.016317262218639623,0.0,raw,0.0391613999794591,2.3999982015809023,nan
2641.0,18.0,79.0,ppo,0.813647324183825,0.7298895380567849,0.016317262218639623,0.0,ppo,0.08357100711186946,5.121631680123653,nan
1060.0,19.0,0.0,raw,0.8283495099343403,0.813096326007651,0.011366473149658378,1.0,raw,0.028584514893734862,2.5148095207169847,0.0006493213901176409
1060.0,19.0,0.0,raw,0.8283495099343403,0.813096326007651,0.011366473149658378,1.0,ppo,0.02755693982809931,2.4244054831491457,0.0006086348026370647
1060.0,19.0,1.0,raw,0.8283495099343403,0.7631439695351604,0.011366473149658378,1.0,raw,0.04641815413147926,4.083778100762449,0.00014403068024204657
1060.0,19.0,1.0,raw,0.8283495099343403,0.7631439695351604,0.011366473149658378,1.0,ppo,0.03654676876081886,3.215312989316944,0.0012358875355170662
1060.0,19.0,2.0,raw,0.8283495099343403,0.8045065768637486,0.011366473149658378,1.0,raw,0.05765549828362154,5.072417584988039,0.0008061457153590856
1060.0,19.0,2.0,raw,0.8283495099343403,0.8045065768637486,0.011366473149658378,1.0,ppo,0.04495637641043839,3.9551737657330905,0.0016241733427488914
1060.0,19.0,3.0,raw,0.8283495099343403,0.8015505193513938,0.011366473149658378,1.0,raw,0.03893013179034105,3.424996591093967,0.002199239155106558
1060.0,19.0,3.0,raw,0.8283495099343403,0.8015505193513938,0.011366473149658378,1.0,ppo,0.05445850292953701,4.791152208121283,0.0025757113835561674
1060.0,19.0,4.0,raw,0.8283495099343403,0.7635765766596961,0.011366473149658378,1.0,raw,0.040653712338353104,3.576633825029091,0.0021519056680082693
1060.0,19.0,4.0,raw,0.8283495099343403,0.7635765766596961,0.011366473149658378,1.0,ppo,0.06493029880924342,5.71244025779403,0.00258869930024741
1060.0,19.0,5.0,raw,0.8283495099343403,0.7931481497898816,0.011366473149658378,1.0,raw,0.044567890554203786,3.920995542539357,0.0017460021646255042
1060.0,19.0,5.0,raw,0.8283495099343403,0.7931481497898816,0.011366473149658378,1.0,ppo,0.03982421818149814,3.5036565570644984,0.001863021882842153
1060.0,19.0,6.0,raw,0.8283495099343403,0.9130569810176595,0.011366473149658378,1.0,raw,0.07527179494898013,6.622264792068984,0.002023718577512379
1060.0,19.0,6.0,raw,0.8283495099343403,0.9130569810176595,0.011366473149658378,1.0,ppo,0.06069410429963478,5.339748178744341,0.002693870122603026
1060.0,19.0,7.0,raw,0.8283495099343403,0.8503591030870941,0.011366473149658378,1.0,raw,0.055362679948571705,4.870699927728738,0.0002711439581882802
1060.0,19.0,7.0,raw,0.8283495099343403,0.8503591030870941,0.011366473149658378,1.0,ppo,0.030484220172146227,2.6819418627723093,0.0011067033911209556
1060.0,19.0,8.0,raw,0.8283495099343403,0.8372724556814716,0.011366473149658378,1.0,raw,0.05181588590472665,4.558659948647658,0.0021247766044485417
1060.0,19.0,8.0,raw,0.8283495099343403,0.8372724556814716,0.011366473149658378,1.0,ppo,0.031259599815281494,2.750158242024353,0.0019375347201379123
1060.0,19.0,9.0,raw,0.8283495099343403,0.826913717311775,0.011366473149658378,1.0,raw,0.09165694464509475,8.063798105030452,0.0018745346407106345
1060.0,19.0,9.0,raw,0.8283495099343403,0.826913717311775,0.011366473149658378,1.0,ppo,0.04127464608851213,3.631262357730784,0.0013961985650814412
1060.0,19.0,10.0,raw,0.8283495099343403,0.7978001719182537,0.011366473149658378,1.0,raw,0.1074710938134025,9.455095912194414,0.001471020710078208
1060.0,19.0,10.0,raw,0.8283495099343403,0.7978001719182537,0.011366473149658378,1.0,ppo,0.07466012375045436,6.56845116048141,0.0019272037338231574
1060.0,19.0,11.0,raw,0.8283495099343403,0.8434514667619111,0.011366473149658378,1.0,raw,0.06616622796991482,5.821174879729819,0.0011736600636497174
1060.0,19.0,11.0,raw,0.8283495099343403,0.8434514667619111,0.011366473149658378,1.0,ppo,0.04926670284576094,4.33438782611664,0.0016047117023051394
1060.0,19.0,12.0,raw,0.8283495099343403,0.8716168205551469,0.011366473149658378,1.0,raw,0.045936127236652746,4.041370320575945,0.002684349464577629
1060.0,19.0,12.0,raw,0.8283495099343403,0.8716168205551469,0.011366473149658378,1.0,ppo,0.04922078152045383,4.330347758040776,0.0022317654715072743
1060.0,19.0,13.0,raw,0.8283495099343403,0.7943399667018358,0.011366473149658378,1.0,raw,0.037190367193767865,3.2719355163290587,0.0010321062616464038
1060.0,19.0,13.0,raw,0.8283495099343403,0.7943399667018358,0.011366473149658378,1.0,ppo,0.04174322332676934,3.6724868635284587,0.0015224570869489806
1060.0,19.0,14.0,raw,0.8283495099343403,0.7796097385671271,0.011366473149658378,1.0,raw,0.04505976002300549,3.964269253067278,0.0010117854665976367
1060.0,19.0,14.0,raw,0.8283495099343403,0.7796097385671271,0.011366473149658378,1.0,ppo,0.050046555012880106,4.402997689251064,0.0017482375132074068
1060.0,19.0,15.0,raw,0.8283495099343403,0.8789893740490871,0.011366473149658378,1.0,raw,0.0434697097489128,3.8243797505666297,0.0011681803665577473
1060.0,19.0,15.0,raw,0.8283495099343403,0.8789893740490871,0.011366473149658378,1.0,ppo,0.04437742857901027,3.9042390717602706,0.0014403374857834272
1060.0,19.0,16.0,raw,0.8283495099343403,0.785497169828908,0.011366473149658378,1.0,raw,0.025171749855375306,2.2145611504947644,0.0008911324956949462
1060.0,19.0,16.0,raw,0.8283495099343403,0.785497169828908,0.011366473149658378,1.0,ppo,0.02586973965604241,2.275968923290857,0.0008551867540771418
1060.0,19.0,17.0,raw,0.8283495099343403,0.8015285834103101,0.011366473149658378,1.0,raw,0.023253838435232942,2.045827067821107,0.0016818755220002757
1060.0,19.0,17.0,raw,0.8283495099343403,0.8015285834103101,0.011366473149658378,1.0,ppo,0.029028791075812868,2.5538960672849815,0.0013326240431742464
1060.0,19.0,18.0,raw,0.8283495099343403,0.8207483348899082,0.011366473149658378,1.0,raw,0.06571693547765607,5.781647008037072,0.0006594516448581444
1060.0,19.0,18.0,raw,0.8283495099343403,0.8207483348899082,0.011366473149658378,1.0,ppo,0.05242610555135584,4.61234587554817,0.0009245459288658164
1060.0,19.0,19.0,raw,0.8283495099343403,0.8323331511711554,0.011366473149658378,1.0,raw,0.05890552428734731,5.182392419509453,0.002266386746332283
1060.0,19.0,19.0,raw,0.8283495099343403,0.8323331511711554,0.011366473149658378,1.0,ppo,0.03387996382070221,2.980692724525591,0.002203235185554764
1060.0,19.0,20.0,raw,0.8283495099343403,0.8303261896099946,0.011366473149658378,1.0,raw,0.06286179787777402,5.530457605459029,nan
1060.0,19.0,20.0,raw,0.8283495099343403,0.8303261896099946,0.011366473149658378,1.0,ppo,0.05921629551587913,5.209733462279713,nan
1060.0,19.0,21.0,raw,0.8283495099343403,0.8451911399511038,0.011366473149658378,1.0,raw,0.13052324710448043,11.483179116857663,nan
1060.0,19.0,21.0,raw,0.8283495099343403,0.8451911399511038,0.011366473149658378,1.0,ppo,0.1703481253443574,14.986893744562908,nan
1060.0,19.0,22.0,raw,0.8283495099343403,0.8582958483793094,0.011366473149658378,1.0,raw,0.038523680720583826,3.389237823672831,nan
1060.0,19.0,22.0,raw,0.8283495099343403,0.8582958483793094,0.011366473149658378,1.0,ppo,0.025594160785572757,2.2517240351147967,nan
1060.0,19.0,23.0,raw,0.8283495099343403,0.85294854856563,0.011366473149658378,1.0,raw,0.04143797407501795,3.645631633437975,nan
1060.0,19.0,23.0,raw,0.8283495099343403,0.85294854856563,0.011366473149658378,1.0,ppo,0.0389685907789484,3.4283801374324816,nan
1060.0,19.0,24.0,raw,0.8283495099343403,0.8552551790718366,0.011366473149658378,1.0,raw,0.04333772006720126,3.8127675574110502,nan
1060.0,19.0,24.0,raw,0.8283495099343403,0.8552551790718366,0.011366473149658378,1.0,ppo,0.03663083516323456,3.2227089864137413,nan
1060.0,19.0,25.0,raw,0.8283495099343403,0.8402389035684549,0.011366473149658378,1.0,raw,0.058120298211554434,5.113309770436686,nan
1060.0,19.0,25.0,raw,0.8283495099343403,0.8402389035684549,0.011366473149658378,1.0,ppo,0.027194535011885738,2.392521818670119,nan
1060.0,19.0,26.0,raw,0.8283495099343403,0.8103129511399144,0.011366473149658378,1.0,raw,0.07233322075841662,6.363734801994462,nan
1060.0,19.0,26.0,raw,0.8283495099343403,0.8103129511399144,0.011366473149658378,1.0,ppo,0.03844922558422176,3.3826874069004735,nan
1060.0,19.0,27.0,raw,0.8283495099343403,0.8578472885672506,0.011366473149658378,1.0,raw,0.0576196898950403,5.0692672332377855,nan
1060.0,19.0,27.0,raw,0.8283495099343403,0.8578472885672506,0.011366473149658378,1.0,ppo,0.0487128222373507,4.285658497228296,nan
1060.0,19.0,28.0,raw,0.8283495099343403,0.7583926285026743,0.011366473149658378,1.0,raw,0.032020686798454615,2.8171171811035336,nan
1060.0,19.0,28.0,raw,0.8283495099343403,0.7583926285026743,0.011366473149658378,1.0,ppo,0.03857451405938369,3.393710041055528,nan
1060.0,19.0,29.0,raw,0.8283495099343403,0.8192226332112476,0.011366473149658378,1.0,raw,0.06258710700467215,5.506290841548614,nan
1060.0,19.0,29.0,raw,0.8283495099343403,0.8192226332112476,0.011366473149658378,1.0,ppo,0.0480370657655529,4.226206769071255,nan
1060.0,19.0,30.0,raw,0.8283495099343403,0.7616122425680735,0.011366473149658378,1.0,raw,0.0574644724849367,5.05561151012474,nan
1060.0,19.0,30.0,raw,0.8283495099343403,0.7616122425680735,0.011366473149658378,1.0,ppo,0.03663787355359841,3.2233282101844907,nan
1060.0,19.0,31.0,raw,0.8283495099343403,0.8212895299619148,0.011366473149658378,1.0,raw,0.055357612773556476,4.870254127615676,nan
1060.0,19.0,31.0,raw,0.8283495099343403,0.8212895299619148,0.011366473149658378,1.0,ppo,0.07046444099613511,6.199323226154186,nan
1060.0,19.0,32.0,raw,0.8283495099343403,0.838092616711574,0.011366473149658378,1.0,raw,0.03539418008904732,3.1139105000314986,nan
1060.0,19.0,32.0,raw,0.8283495099343403,0.838092616711574,0.011366473149658378,1.0,ppo,0.05289297165169502,4.653419838790076,nan
1060.0,19.0,33.0,raw,0.8283495099343403,0.8415854852473411,0.011366473149658378,1.0,raw,0.04851358656473682,4.268130133769322,nan
1060.0,19.0,33.0,raw,0.8283495099343403,0.8415854852473411,0.011366473149658378,1.0,ppo,0.0486895032590968,4.283606939287071,nan
1060.0,19.0,34.0,raw,0.8283495099343403,0.8410645925163042,0.011366473149658378,1.0,raw,0.06573582631741973,5.7833089870445376,nan
1060.0,19.0,34.0,raw,0.8283495099343403,0.8410645925163042,0.011366473149658378,1.0,ppo,0.04524115769035184,3.9802282638314748,nan
1060.0,19.0,35.0,raw,0.8283495099343403,0.7888568572491932,0.011366473149658378,1.0,raw,0.06740996996243992,5.930596859278724,nan
1060.0,19.0,35.0,raw,0.8283495099343403,0.7888568572491932,0.011366473149658378,1.0,ppo,0.05952714818945362,5.237081670424984,nan
1060.0,19.0,36.0,raw,0.8283495099343403,0.8756724319149862,0.011366473149658378,1.0,raw,0.022509934884328786,1.980379893388947,nan
1060.0,19.0,36.0,raw,0.8283495099343403,0.8756724319149862,0.011366473149658378,1.0,ppo,0.020440582610332665,1.7983223416092802,nan
1060.0,19.0,37.0,raw,0.8283495099343403,0.7341258677910176,0.011366473149658378,1.0,raw,0.07531360630339023,6.6259432729715115,nan
1060.0,19.0,37.0,raw,0.8283495099343403,0.7341258677910176,0.011366473149658378,1.0,ppo,0.08889647247254162,7.820937180959551,nan
1060.0,19.0,38.0,raw,0.8283495099343403,0.8321119370705832,0.011366473149658378,1.0,raw,0.04337760656619378,3.8162766933116368,nan
1060.0,19.0,38.0,raw,0.8283495099343403,0.8321119370705832,0.011366473149658378,1.0,ppo,0.02565040717315749,2.256672481906001,nan
1060.0,19.0,39.0,raw,0.8283495099343403,0.8511596062064388,0.011366473149658378,1.0,raw,0.022347517968590927,1.9660907718998648,nan
1060.0,19.0,39.0,raw,0.8283495099343403,0.8511596062064388,0.011366473149658378,1.0,ppo,0.02289586668524031,2.014333415807915,nan
1060.0,19.0,40.0,raw,0.8283495099343403,0.8307786519457262,0.011366473149658378,1.0,raw,0.0718433088495609,6.320633313748704,nan
1060.0,19.0,40.0,raw,0.8283495099343403,0.8307786519457262,0.011366473149658378,1.0,ppo,0.019080479938762336,1.6786631778860803,nan
1060.0,19.0,41.0,raw,0.8283495099343403,0.8040330845934346,0.011366473149658378,1.0,raw,0.03773782941326882,3.3201001679578193,nan
1060.0,19.0,41.0,raw,0.8283495099343403,0.8040330845934346,0.011366473149658378,1.0,ppo,0.04124361311658173,3.628532137765294,nan
1060.0,19.0,42.0,raw,0.8283495099343403,0.7725136198707482,0.011366473149658378,1.0,raw,0.047581318566181606,4.186111024914679,nan
1060.0,19.0,42.0,raw,0.8283495099343403,0.7725136198707482,0.011366473149658378,1.0,ppo,0.027515097227480398,2.420724253266491,nan
1060.0,19.0,43.0,raw,0.8283495099343403,0.8330729768666557,0.011366473149658378,1.0,raw,0.04168918024846485,3.6677322595635418,nan
1060.0,19.0,43.0,raw,0.8283495099343403,0.8330729768666557,0.011366473149658378,1.0,ppo,0.0432092938702124,3.801468872647719,nan
1060.0,19.0,44.0,raw,0.8283495099343403,0.8333762677813653,0.011366473149658378,1.0,raw,0.02437342395250787,2.1443260043455448,nan
1060.0,19.0,44.0,raw,0.8283495099343403,0.8333762677813653,0.011366473149658378,1.0,ppo,0.038392629772654646,3.3777082184730753,nan
1060.0,19.0,45.0,raw,0.8283495099343403,0.8533975113675627,0.011366473149658378,1.0,raw,0.10507714470217731,9.244480967725282,nan
1060.0,19.0,45.0,raw,0.8283495099343403,0.8533975113675627,0.011366473149658378,1.0,ppo,0.0540453455262752,4.754803430640185,nan
1060.0,19.0,46.0,raw,0.8283495099343403,0.8410611269973164,0.011366473149658378,1.0,raw,0.05002815110057079,4.401378549165393,nan
1060.0,19.0,46.0,raw,0.8283495099343403,0.8410611269973164,0.011366473149658378,1.0,ppo,0.07926714447727516,6.973767802342238,nan
1060.0,19.0,47.0,raw,0.8283495099343403,0.8525353890885438,0.011366473149658378,1.0,raw,0.03777086095817675,3.323006218451496,nan
1060.0,19.0,47.0,raw,0.8283495099343403,0.8525353890885438,0.011366473149658378,1.0,ppo,0.036792799021411866,3.2369582487878117,nan
1060.0,19.0,48.0,raw,0.8283495099343403,0.7603116290541083,0.011366473149658378,1.0,raw,0.07007257461104752,6.164847590666553,nan
1060.0,19.0,48.0,raw,0.8283495099343403,0.7603116290541083,0.011366473149658378,1.0,ppo,0.03678968129056998,3.236683956947165,nan
1060.0,19.0,49.0,raw,0.8283495099343403,0.8668820078545415,0.011366473149658378,1.0,raw,0.06601391699757805,5.807774859307359,nan
1060.0,19.0,49.0,raw,0.8283495099343403,0.8668820078545415,0.011366473149658378,1.0,ppo,0.0639478154596834,5.626003300910042,nan
1060.0,19.0,50.0,raw,0.8283495099343403,0.850032744759969,0.011366473149658378,1.0,raw,0.042544900626659915,3.743016859010362,nan
1060.0,19.0,50.0,raw,0.8283495099343403,0.850032744759969,0.011366473149658378,1.0,ppo,0.023592553522124558,2.0756265564075727,nan
1060.0,19.0,51.0,raw,0.8283495099343403,0.771586615215167,0.011366473149658378,1.0,raw,0.07091388029421171,6.238864013534668,nan
1060.0,19.0,51.0,raw,0.8283495099343403,0.771586615215167,0.011366473149658378,1.0,ppo,0.04946202290680948,4.351571701754829,nan
1060.0,19.0,52.0,raw,0.8283495099343403,0.8160256001412338,0.011366473149658378,1.0,raw,0.054378269087346026,4.784093392151318,nan
1060.0,19.0,52.0,raw,0.8283495099343403,0.8160256001412338,0.011366473149658378,1.0,ppo,0.07698886025408075,6.773328827719499,nan
1060.0,19.0,53.0,raw,0.8283495099343403,0.8571941067809346,0.011366473149658378,1.0,raw,0.037618345758973395,3.3095882305501267,nan
1060.0,19.0,53.0,raw,0.8283495099343403,0.8571941067809346,0.011366473149658378,1.0,ppo,0.022817088412678203,2.007402657997215,nan
1060.0,19.0,54.0,raw,0.8283495099343403,0.8464071031743939,0.011366473149658378,1.0,raw,0.053445843229737396,4.702060395166967,nan
1060.0,19.0,54.0,raw,0.8283495099343403,0.8464071031743939,0.011366473149658378,1.0,ppo,0.04328224109862332,3.807886626637936,nan
1060.0,19.0,55.0,raw,0.8283495099343403,0.8507317706927513,0.011366473149658378,1.0,raw,0.13053448180011346,11.484167523330374,nan
1060.0,19.0,55.0,raw,0.8283495099343403,0.8507317706927513,0.011366473149658378,1.0,ppo,0.06334526702029518,5.57299227176717,nan
1060.0,19.0,56.0,raw,0.8283495099343403,0.8276972714116763,0.011366473149658378,1.0,raw,0.025028090940273848,2.201922321087441,nan
1060.0,19.0,56.0,raw,0.8283495099343403,0.8276972714116763,0.011366473149658378,1.0,ppo,0.028659721196778357,2.521426023659743,nan
1060.0,19.0,57.0,raw,0.8283495099343403,0.8497083792192978,0.011366473149658378,1.0,raw,0.08401652513229031,7.391608991291679,nan
1060.0,19.0,57.0,raw,0.8283495099343403,0.8497083792192978,0.011366473149658378,1.0,ppo,0.06965456541877378,6.1280719623102495,nan
1060.0,19.0,58.0,raw,0.8283495099343403,0.7942194784072015,0.011366473149658378,1.0,raw,0.07253686964143824,6.381651431043793,nan
1060.0,19.0,58.0,raw,0.8283495099343403,0.7942194784072015,0.011366473149658378,1.0,ppo,0.06620957636582946,5.8249885865273345,nan
1060.0,19.0,59.0,raw,0.8283495099343403,0.8159317987267793,0.011366473149658378,1.0,raw,0.03165464982327793,2.784913966407365,nan
1060.0,19.0,59.0,raw,0.8283495099343403,0.8159317987267793,0.011366473149658378,1.0,ppo,0.03246816983135469,2.8564858601131284,nan
1060.0,19.0,60.0,raw,0.8283495099343403,0.7830145838423319,0.011366473149658378,1.0,raw,0.05278013401049975,4.6434926045715486,nan
1060.0,19.0,60.0,raw,0.8283495099343403,0.7830145838423319,0.011366473149658378,1.0,ppo,0.07564292870470954,6.6549164115153,nan
1060.0,19.0,61.0,raw,0.8283495099343403,0.8808462384558321,0.011366473149658378,1.0,raw,0.03291137921626405,2.8954785519599113,nan
1060.0,19.0,61.0,raw,0.8283495099343403,0.8808462384558321,0.011366473149658378,1.0,ppo,0.018916576161034024,1.6642432451971758,nan
1060.0,19.0,62.0,raw,0.8283495099343403,0.8424481013002619,0.011366473149658378,1.0,raw,0.07942557643802466,6.98770633531227,nan
1060.0,19.0,62.0,raw,0.8283495099343403,0.8424481013002619,0.011366473149658378,1.0,ppo,0.11206064400362487,9.858875530532782,nan
1060.0,19.0,63.0,raw,0.8283495099343403,0.830925237921972,0.011366473149658378,1.0,raw,0.12144335633508355,10.684348147053297,nan
1060.0,19.0,63.0,raw,0.8283495099343403,0.830925237921972,0.011366473149658378,1.0,ppo,0.10461139309985291,9.203505055831416,nan
1060.0,19.0,64.0,raw,0.8283495099343403,0.7459591828095883,0.011366473149658378,1.0,raw,0.03972973023398177,3.495343692882946,nan
1060.0,19.0,64.0,raw,0.8283495099343403,0.7459591828095883,0.011366473149658378,1.0,ppo,0.037260312840878954,3.278089197087385,nan
1060.0,19.0,65.0,raw,0.8283495099343403,0.7813947594845964,0.011366473149658378,1.0,raw,0.03602024563179959,3.168990517773949,nan
1060.0,19.0,65.0,raw,0.8283495099343403,0.7813947594845964,0.011366473149658378,1.0,ppo,0.02595884478635315,2.2838082177789114,nan
1060.0,19.0,66.0,raw,0.8283495099343403,0.817410755376632,0.011366473149658378,1.0,raw,0.04866011563505329,4.281021473799529,nan
1060.0,19.0,66.0,raw,0.8283495099343403,0.817410755376632,0.011366473149658378,1.0,ppo,0.03322123185787451,2.9227387792556376,nan
1060.0,19.0,67.0,raw,0.8283495099343403,0.817857371117706,0.011366473149658378,1.0,raw,0.048223807081612016,4.242635903561818,nan
1060.0,19.0,67.0,raw,0.8283495099343403,0.817857371117706,0.011366473149658378,1.0,ppo,0.04813405053911841,4.2347392991083685,nan
1060.0,19.0,68.0,raw,0.8283495099343403,0.8461107787566241,0.011366473149658378,1.0,raw,0.035930459820171824,3.1610913382795194,nan
1060.0,19.0,68.0,raw,0.8283495099343403,0.8461107787566241,0.011366473149658378,1.0,ppo,0.04488849888462276,3.949202034227468,nan
1060.0,19.0,69.0,raw,0.8283495099343403,0.8431346984207536,0.011366473149658378,1.0,raw,0.03693184347787985,3.2491911071808453,nan
1060.0,19.0,69.0,raw,0.8283495099343403,0.8431346984207536,0.011366473149658378,1.0,ppo,0.028810866890331167,2.534723525141753,nan
1060.0,19.0,70.0,raw,0.8283495099343403,0.838403952816075,0.011366473149658378,1.0,raw,0.10307122941556429,9.068004477594892,nan
1060.0,19.0,70.0,raw,0.8283495099343403,0.838403952816075,0.011366473149658378,1.0,ppo,0.08360223224325733,7.355160316000924,nan
1060.0,19.0,71.0,raw,0.8283495099343403,0.7632681550637315,0.011366473149658378,1.0,raw,0.037767291025833025,3.3226921428102023,nan
1060.0,19.0,71.0,raw,0.8283495099343403,0.7632681550637315,0.011366473149658378,1.0,ppo,0.041074835115580625,3.613683380478943,nan
1060.0,19.0,72.0,raw,0.8283495099343403,0.8206339948247448,0.011366473149658378,1.0,raw,0.06041924090646736,5.315566236857144,nan
1060.0,19.0,72.0,raw,0.8283495099343403,0.8206339948247448,0.011366473149658378,1.0,ppo,0.04635961257861218,4.078627729834168,nan
1060.0,19.0,73.0,raw,0.8283495099343403,0.8628078523309001,0.011366473149658378,1.0,raw,0.05157405980542405,4.537384563036083,nan
1060.0,19.0,73.0,raw,0.8283495099343403,0.8628078523309001,0.011366473149658378,1.0,ppo,0.06714244201671105,5.907060275660707,nan
1060.0,19.0,74.0,raw,0.8283495099343403,0.8300331526358263,0.011366473149658378,1.0,raw,0.04245084284406184,3.734741839894084,nan
1060.0,19.0,74.0,raw,0.8283495099343403,0.8300331526358263,0.011366473149658378,1.0,ppo,0.06388092070471477,5.620118031654764,nan
1060.0,19.0,75.0,raw,0.8283495099343403,0.8677401531464327,0.011366473149658378,1.0,raw,0.0305630670148446,2.688878653249023,nan
1060.0,19.0,75.0,raw,0.8283495099343403,0.8677401531464327,0.011366473149658378,1.0,ppo,0.030905904416567105,2.7190408150039036,nan
1060.0,19.0,76.0,raw,0.8283495099343403,0.8667826316376718,0.011366473149658378,1.0,raw,0.044748492204581325,3.936884521292891,nan
1060.0,19.0,76.0,raw,0.8283495099343403,0.8667826316376718,0.011366473149658378,1.0,ppo,0.04082637844504269,3.5918246502231637,nan
1060.0,19.0,77.0,raw,0.8283495099343403,0.8626828262352039,0.011366473149658378,1.0,raw,0.03495905916007333,3.0756294146636005,nan
1060.0,19.0,77.0,raw,0.8283495099343403,0.8626828262352039,0.011366473149658378,1.0,ppo,0.03879088192476428,3.412745661210676,nan
1060.0,19.0,78.0,raw,0.8283495099343403,0.8765397294906436,0.011366473149658378,1.0,raw,0.09294956372920228,8.177520195171173,nan
1060.0,19.0,78.0,raw,0.8283495099343403,0.8765397294906436,0.011366473149658378,1.0,ppo,0.041400074892792085,3.6422973377662333,nan
1060.0,19.0,79.0,raw,0.8283495099343403,0.7807888110414272,0.011366473149658378,1.0,raw,0.05001758363427482,4.400448844220259,nan
1060.0,19.0,79.0,raw,0.8283495099343403,0.7807888110414272,0.011366473149658378,1.0,ppo,0.06605397762083937,5.811299314319379,nan
3534.0,20.0,0.0,ppo,0.8414998012802286,0.9141880906251926,0.014844003656594206,1.0,raw,0.06694758145390194,4.510075785663227,0.002472547801051106
3534.0,20.0,0.0,ppo,0.8414998012802286,0.9141880906251926,0.014844003656594206,1.0,ppo,0.0659594373016828,4.443507211909194,0.0012218855215693214
3534.0,20.0,1.0,ppo,0.8414998012802286,0.8777447403223593,0.014844003656594206,1.0,raw,0.03927833617422797,2.646074272339539,0.0016943642969068362
3534.0,20.0,1.0,ppo,0.8414998012802286,0.8777447403223593,0.014844003656594206,1.0,ppo,0.027864087828444326,1.8771275238851184,0.00041658590044468813
3534.0,20.0,2.0,ppo,0.8414998012802286,0.8480136382853051,0.014844003656594206,1.0,raw,0.1273370081566953,8.578346590485237,0.005494471933486289
3534.0,20.0,2.0,ppo,0.8414998012802286,0.8480136382853051,0.014844003656594206,1.0,ppo,0.15519173890271312,10.454843753273513,0.002943581175901877
3534.0,20.0,3.0,ppo,0.8414998012802286,0.8887692490228687,0.014844003656594206,1.0,raw,0.07536731741672253,5.077290410343023,0.0014960613110747145
3534.0,20.0,3.0,ppo,0.8414998012802286,0.8887692490228687,0.014844003656594206,1.0,ppo,0.1392057014547194,9.377908054669572,-0.001157807432059288
3534.0,20.0,4.0,ppo,0.8414998012802286,0.7561669640539056,0.014844003656594206,1.0,raw,0.30908494388458624,20.822208821491383,-0.002726789753029202
3534.0,20.0,4.0,ppo,0.8414998012802286,0.7561669640539056,0.014844003656594206,1.0,ppo,0.44746047591701543,30.14419062866765,-0.005697398358269212
3534.0,20.0,5.0,ppo,0.8414998012802286,0.9014596285529624,0.014844003656594206,1.0,raw,0.04018573298064712,2.7072031178593297,0.0011116976515227472
3534.0,20.0,5.0,ppo,0.8414998012802286,0.9014596285529624,0.014844003656594206,1.0,ppo,0.10054196517834614,6.773237699499084,-0.0007718110094089292
3534.0,20.0,6.0,ppo,0.8414998012802286,0.9263587116879888,0.014844003656594206,1.0,raw,0.026462287703193057,1.782692076570435,0.0016968765421057075
3534.0,20.0,6.0,ppo,0.8414998012802286,0.9263587116879888,0.014844003656594206,1.0,ppo,0.01770684403026769,1.1928617399930184,0.0005936908462711443
3534.0,20.0,7.0,ppo,0.8414998012802286,0.9127336332610662,0.014844003656594206,1.0,raw,0.02331207952934213,1.570471152436433,0.0010137193200147054
3534.0,20.0,7.0,ppo,0.8414998012802286,0.9127336332610662,0.014844003656594206,1.0,ppo,0.023067590376218687,1.5540005856823733,-2.2369507799435695e-05
3534.0,20.0,8.0,ppo,0.8414998012802286,0.8935802886314542,0.014844003656594206,1.0,raw,0.04145714966559821,2.792854988767235,0.002549633420704245
3534.0,20.0,8.0,ppo,0.8414998012802286,0.8935802886314542,0.014844003656594206,1.0,ppo,0.07145042350164704,4.8134199609891875,0.0018199140053501983
3534.0,20.0,9.0,ppo,0.8414998012802286,0.863104951849101,0.014844003656594206,1.0,raw,0.1279123694628599,8.617107110859335,0.0019875727974222324
3534.0,20.0,9.0,ppo,0.8414998012802286,0.863104951849101,0.014844003656594206,1.0,ppo,0.10212187131039016,6.879671662235423,0.0020233115542850344
3534.0,20.0,10.0,ppo,0.8414998012802286,0.8797540174263099,0.014844003656594206,1.0,raw,0.06008785600816192,4.04795481045768,-0.0006309651626484891
3534.0,20.0,10.0,ppo,0.8414998012802286,0.8797540174263099,0.014844003656594206,1.0,ppo,0.08700107025209777,5.861024576981222,-0.0012340368494413445
3534.0,20.0,11.0,ppo,0.8414998012802286,0.856745882120291,0.014844003656594206,1.0,raw,0.08777465157998286,5.9131386390483955,-0.00038147677505329103
3534.0,20.0,11.0,ppo,0.8414998012802286,0.856745882120291,0.014844003656594206,1.0,ppo,0.11640021531305915,7.841564715685735,-0.001227043375282011
3534.0,20.0,12.0,ppo,0.8414998012802286,0.8809866908113997,0.014844003656594206,1.0,raw,0.07341828564938241,4.945989461324845,0.003157661650479149
3534.0,20.0,12.0,ppo,0.8414998012802286,0.8809866908113997,0.014844003656594206,1.0,ppo,0.026380815782446748,1.7772035357002558,0.0011850833388850068
3534.0,20.0,13.0,ppo,0.8414998012802286,0.8405408405976333,0.014844003656594206,1.0,raw,0.18966906754674082,12.777487255770343,0.0014204086109664837
3534.0,20.0,13.0,ppo,0.8414998012802286,0.8405408405976333,0.014844003656594206,1.0,ppo,0.18644770850589926,12.560473091979663,2.2733976353883634e-05
3534.0,20.0,14.0,ppo,0.8414998012802286,0.8661336007394416,0.014844003656594206,1.0,raw,0.04562582230681956,3.073687083508029,0.003605616689133062
3534.0,20.0,14.0,ppo,0.8414998012802286,0.8661336007394416,0.014844003656594206,1.0,ppo,0.05752054177391476,3.87500185964736,0.003045597282381185
3534.0,20.0,15.0,ppo,0.8414998012802286,0.8486548152350647,0.014844003656594206,1.0,raw,0.08435923295878253,5.683051211140556,0.002313037092281811
3534.0,20.0,15.0,ppo,0.8414998012802286,0.8486548152350647,0.014844003656594206,1.0,ppo,0.05048612345193276,3.401112302307008,-3.1413827881299206e-05
3534.0,20.0,16.0,ppo,0.8414998012802286,0.8801063526013376,0.014844003656594206,1.0,raw,0.021538044525384964,1.450959257600091,0.0018922966057598467
3534.0,20.0,16.0,ppo,0.8414998012802286,0.8801063526013376,0.014844003656594206,1.0,ppo,0.0453035741652699,3.051978105997335,0.0008093887037184944
3534.0,20.0,17.0,ppo,0.8414998012802286,0.8459026585677684,0.014844003656594206,1.0,raw,0.05427284604377637,3.6562134650018456,0.0010850236615306263
3534.0,20.0,17.0,ppo,0.8414998012802286,0.8459026585677684,0.014844003656594206,1.0,ppo,0.040224577827217486,2.709819989120548,0.0004075190394889905
3534.0,20.0,18.0,ppo,0.8414998012802286,0.8707529940091541,0.014844003656594206,1.0,raw,0.05196378314168609,3.5006582013742653,0.002372951996635231
3534.0,20.0,18.0,ppo,0.8414998012802286,0.8707529940091541,0.014844003656594206,1.0,ppo,0.04340670814838399,2.924191421166975,0.0003546555592004452
3534.0,20.0,19.0,ppo,0.8414998012802286,0.9254974893726692,0.014844003656594206,1.0,raw,0.020813739153042632,1.402164782127123,0.002804127113327781
3534.0,20.0,19.0,ppo,0.8414998012802286,0.9254974893726692,0.014844003656594206,1.0,ppo,0.04146687689115659,2.7935102853963265,0.00033364002231217604
3534.0,20.0,20.0,ppo,0.8414998012802286,0.7732042577605462,0.014844003656594206,1.0,raw,0.3282996770047878,22.11665293271105,nan
3534.0,20.0,20.0,ppo,0.8414998012802286,0.7732042577605462,0.014844003656594206,1.0,ppo,0.43554175118648786,29.341258683468833,nan
3534.0,20.0,21.0,ppo,0.8414998012802286,0.833893865443034,0.014844003656594206,1.0,raw,0.04339420156775925,2.9233488869751176,nan
3534.0,20.0,21.0,ppo,0.8414998012802286,0.833893865443034,0.014844003656594206,1.0,ppo,0.03227826570753864,2.174498636235484,nan
3534.0,20.0,22.0,ppo,0.8414998012802286,0.8251401795112194,0.014844003656594206,1.0,raw,0.10504499007423188,7.076594192805076,nan
3534.0,20.0,22.0,ppo,0.8414998012802286,0.8251401795112194,0.014844003656594206,1.0,ppo,0.03814337062375385,2.5696147418293904,nan
3534.0,20.0,23.0,ppo,0.8414998012802286,0.8309612381088829,0.014844003656594206,1.0,raw,0.08954154955224161,6.032169731544377,nan
3534.0,20.0,23.0,ppo,0.8414998012802286,0.8309612381088829,0.014844003656594206,1.0,ppo,0.0766141841158238,5.16128841572935,nan
3534.0,20.0,24.0,ppo,0.8414998012802286,0.8861622741946246,0.014844003656594206,1.0,raw,0.15198777536648322,10.239001477136199,nan
3534.0,20.0,24.0,ppo,0.8414998012802286,0.8861622741946246,0.014844003656594206,1.0,ppo,0.01965795949243074,1.324303061842619,nan
3534.0,20.0,25.0,ppo,0.8414998012802286,0.8951134533486667,0.014844003656594206,1.0,raw,0.08631586676311312,5.814864288636086,nan
3534.0,20.0,25.0,ppo,0.8414998012802286,0.8951134533486667,0.014844003656594206,1.0,ppo,0.05878034523713555,3.9598713795131237,nan
3534.0,20.0,26.0,ppo,0.8414998012802286,0.8120550208972208,0.014844003656594206,1.0,raw,0.11267882218769243,7.5908646207882535,nan
3534.0,20.0,26.0,ppo,0.8414998012802286,0.8120550208972208,0.014844003656594206,1.0,ppo,0.12214849973073802,8.22881094323064,nan
3534.0,20.0,27.0,ppo,0.8414998012802286,0.79885803278479,0.014844003656594206,1.0,raw,0.22483007870526195,15.146188582713322,nan
3534.0,20.0,27.0,ppo,0.8414998012802286,0.79885803278479,0.014844003656594206,1.0,ppo,0.05191365813318611,3.497281416400374,nan
3534.0,20.0,28.0,ppo,0.8414998012802286,0.8583634152200091,0.014844003656594206,1.0,raw,0.13431077466342853,9.048150200620785,nan
3534.0,20.0,28.0,ppo,0.8414998012802286,0.8583634152200091,0.014844003656594206,1.0,ppo,0.23797439178115465,16.031685068700344,nan
3534.0,20.0,29.0,ppo,0.8414998012802286,0.8573625554041275,0.014844003656594206,1.0,raw,0.0665136471596518,4.480842816964963,nan
3534.0,20.0,29.0,ppo,0.8414998012802286,0.8573625554041275,0.014844003656594206,1.0,ppo,0.05983364023630419,4.030828987954613,nan
3534.0,20.0,30.0,ppo,0.8414998012802286,0.8525521337327366,0.014844003656594206,1.0,raw,0.08380843924216289,5.645945742200916,nan
3534.0,20.0,30.0,ppo,0.8414998012802286,0.8525521337327366,0.014844003656594206,1.0,ppo,0.07392399055835833,4.980057420392699,nan
3534.0,20.0,31.0,ppo,0.8414998012802286,0.8871761777960687,0.014844003656594206,1.0,raw,0.12313452516582178,8.295236784795676,nan
3534.0,20.0,31.0,ppo,0.8414998012802286,0.8871761777960687,0.014844003656594206,1.0,ppo,0.15137117096480854,10.197462522017393,nan
3534.0,20.0,32.0,ppo,0.8414998012802286,0.9415593815294088,0.014844003656594206,1.0,raw,0.03671538872319696,2.473415499792521,nan
3534.0,20.0,32.0,ppo,0.8414998012802286,0.9415593815294088,0.014844003656594206,1.0,ppo,0.0372672167488022,2.510590647304701,nan
3534.0,20.0,33.0,ppo,0.8414998012802286,0.8502587354666624,0.014844003656594206,1.0,raw,0.0822140683878193,5.538537330614107,nan
3534.0,20.0,33.0,ppo,0.8414998012802286,0.8502587354666624,0.014844003656594206,1.0,ppo,0.08470785687688803,5.70653705270801,nan
3534.0,20.0,34.0,ppo,0.8414998012802286,0.8691369515383679,0.014844003656594206,1.0,raw,0.10276549285894987,6.923030688779033,nan
3534.0,20.0,34.0,ppo,0.8414998012802286,0.8691369515383679,0.014844003656594206,1.0,ppo,0.06347421337460288,4.2760844609739435,nan
3534.0,20.0,35.0,ppo,0.8414998012802286,0.8140147172794645,0.014844003656594206,1.0,raw,0.07724882582159684,5.204042494780733,nan
3534.0,20.0,35.0,ppo,0.8414998012802286,0.8140147172794645,0.014844003656594206,1.0,ppo,0.13529345445876817,9.114350655570357,nan
3534.0,20.0,36.0,ppo,0.8414998012802286,0.8735598663194578,0.014844003656594206,1.0,raw,0.08865959014673036,5.972754534275851,nan
3534.0,20.0,36.0,ppo,0.8414998012802286,0.8735598663194578,0.014844003656594206,1.0,ppo,0.09746501432367306,6.565951920954683,nan
3534.0,20.0,37.0,ppo,0.8414998012802286,0.8650157916917617,0.014844003656594206,1.0,raw,0.16533190156265123,11.13795882751654,nan
3534.0,20.0,37.0,ppo,0.8414998012802286,0.8650157916917617,0.014844003656594206,1.0,ppo,0.18065564181847532,12.170277372454164,nan
3534.0,20.0,38.0,ppo,0.8414998012802286,0.8901767535234434,0.014844003656594206,1.0,raw,0.10213997204090518,6.880891059032525,nan
3534.0,20.0,38.0,ppo,0.8414998012802286,0.8901767535234434,0.014844003656594206,1.0,ppo,0.010515067458716672,0.7083713869907008,nan
3534.0,20.0,39.0,ppo,0.8414998012802286,0.7402891762621869,0.014844003656594206,1.0,raw,0.06387822297596388,4.303301484811143,nan
3534.0,20.0,39.0,ppo,0.8414998012802286,0.7402891762621869,0.014844003656594206,1.0,ppo,0.09360772264365541,6.3060967114537,nan
3534.0,20.0,40.0,ppo,0.8414998012802286,0.7691791128301115,0.014844003656594206,1.0,raw,0.10950611276033013,7.37712784863697,nan
3534.0,20.0,40.0,ppo,0.8414998012802286,0.7691791128301115,0.014844003656594206,1.0,ppo,0.11557267844117672,7.785815815926147,nan
3534.0,20.0,41.0,ppo,0.8414998012802286,0.8907720714761331,0.014844003656594206,1.0,raw,0.06027883726079513,4.060820696040266,nan
3534.0,20.0,41.0,ppo,0.8414998012802286,0.8907720714761331,0.014844003656594206,1.0,ppo,0.054782418945467176,3.690542000178704,nan
3534.0,20.0,42.0,ppo,0.8414998012802286,0.9178582748239467,0.014844003656594206,1.0,raw,0.062189993883011316,4.189570099936241,nan
3534.0,20.0,42.0,ppo,0.8414998012802286,0.9178582748239467,0.014844003656594206,1.0,ppo,0.06902967257413883,4.650340580014175,nan
3534.0,20.0,43.0,ppo,0.8414998012802286,0.7488362701985045,0.014844003656594206,1.0,raw,0.22522058222643132,15.172495738801624,nan
3534.0,20.0,43.0,ppo,0.8414998012802286,0.7488362701985045,0.014844003656594206,1.0,ppo,0.07537854618650791,5.078046861907247,nan
3534.0,20.0,44.0,ppo,0.8414998012802286,0.8559586147540246,0.014844003656594206,1.0,raw,0.04491738468283929,3.0259615749208923,nan
3534.0,20.0,44.0,ppo,0.8414998012802286,0.8559586147540246,0.014844003656594206,1.0,ppo,0.07522833739021664,5.06792770539353,nan
3534.0,20.0,45.0,ppo,0.8414998012802286,0.8819403399091376,0.014844003656594206,1.0,raw,0.0282100852124456,1.900436423020802,nan
3534.0,20.0,45.0,ppo,0.8414998012802286,0.8819403399091376,0.014844003656594206,1.0,ppo,0.03179684396877583,2.14206656804821,nan
3534.0,20.0,46.0,ppo,0.8414998012802286,0.9093237867565355,0.014844003656594206,1.0,raw,0.02468039918324225,1.6626511118028717,nan
3534.0,20.0,46.0,ppo,0.8414998012802286,0.9093237867565355,0.014844003656594206,1.0,ppo,0.031964179240982986,2.153339488486546,nan
3534.0,20.0,47.0,ppo,0.8414998012802286,0.8967318161266192,0.014844003656594206,1.0,raw,0.08685174639562572,5.850965036447108,nan
3534.0,20.0,47.0,ppo,0.8414998012802286,0.8967318161266192,0.014844003656594206,1.0,ppo,0.07137759074894781,4.808513417284122,nan
3534.0,20.0,48.0,ppo,0.8414998012802286,0.9287704333970936,0.014844003656594206,1.0,raw,0.04462487795450277,3.0062561952198723,nan
3534.0,20.0,48.0,ppo,0.8414998012802286,0.9287704333970936,0.014844003656594206,1.0,ppo,0.019010272739763676,1.2806701735969104,nan
3534.0,20.0,49.0,ppo,0.8414998012802286,0.8116786379150066,0.014844003656594206,1.0,raw,0.23894327199537269,16.09695588354467,nan
3534.0,20.0,49.0,ppo,0.8414998012802286,0.8116786379150066,0.014844003656594206,1.0,ppo,0.23407596731731514,15.76905885585192,nan
3534.0,20.0,50.0,ppo,0.8414998012802286,0.8702264549394725,0.014844003656594206,1.0,raw,0.08605277772403863,5.7971406983459675,nan
3534.0,20.0,50.0,ppo,0.8414998012802286,0.8702264549394725,0.014844003656594206,1.0,ppo,0.08896353859248278,5.993230711241585,nan
3534.0,20.0,51.0,ppo,0.8414998012802286,0.9404027829443121,0.014844003656594206,1.0,raw,0.043810066738266096,2.9513645881382002,nan
3534.0,20.0,51.0,ppo,0.8414998012802286,0.9404027829443121,0.014844003656594206,1.0,ppo,0.01906736301711785,1.2845161897172859,nan
3534.0,20.0,52.0,ppo,0.8414998012802286,0.8783925273060056,0.014844003656594206,1.0,raw,0.055527836682841,3.740758758043937,nan
3534.0,20.0,52.0,ppo,0.8414998012802286,0.8783925273060056,0.014844003656594206,1.0,ppo,0.05715027352195698,3.850057898400537,nan
3534.0,20.0,53.0,ppo,0.8414998012802286,0.8958635632867455,0.014844003656594206,1.0,raw,0.04808936314586839,3.2396491040006903,nan
3534.0,20.0,53.0,ppo,0.8414998012802286,0.8958635632867455,0.014844003656594206,1.0,ppo,0.04312729133441682,2.905367873259599,nan
3534.0,20.0,54.0,ppo,0.8414998012802286,0.7749054289570034,0.014844003656594206,1.0,raw,0.20047017837767495,13.505128603806249,nan
3534.0,20.0,54.0,ppo,0.8414998012802286,0.7749054289570034,0.014844003656594206,1.0,ppo,0.2185786050540735,14.725043870288562,nan
3534.0,20.0,55.0,ppo,0.8414998012802286,0.894580513057012,0.014844003656594206,1.0,raw,0.05743519409452986,3.869252219499098,nan
3534.0,20.0,55.0,ppo,0.8414998012802286,0.894580513057012,0.014844003656594206,1.0,ppo,0.023698025029725383,1.5964712471084526,nan
3534.0,20.0,56.0,ppo,0.8414998012802286,0.7576296022055015,0.014844003656594206,1.0,raw,0.5893027733845835,39.69971895842234,nan
3534.0,20.0,56.0,ppo,0.8414998012802286,0.7576296022055015,0.014844003656594206,1.0,ppo,0.3379887514215262,22.769379423547917,nan
3534.0,20.0,57.0,ppo,0.8414998012802286,0.8699734725400589,0.014844003656594206,1.0,raw,0.12119520610053433,8.164590153997661,nan
3534.0,20.0,57.0,ppo,0.8414998012802286,0.8699734725400589,0.014844003656594206,1.0,ppo,0.037023547222091745,2.494175296544382,nan
3534.0,20.0,58.0,ppo,0.8414998012802286,0.8120661419546109,0.014844003656594206,1.0,raw,0.222252658066858,14.97255479104695,nan
3534.0,20.0,58.0,ppo,0.8414998012802286,0.8120661419546109,0.014844003656594206,1.0,ppo,0.31043611358529655,20.913233435333357,nan
3534.0,20.0,59.0,ppo,0.8414998012802286,0.8298329385676337,0.014844003656594206,1.0,raw,0.13499540726025652,9.094272029519948,nan
3534.0,20.0,59.0,ppo,0.8414998012802286,0.8298329385676337,0.014844003656594206,1.0,ppo,0.04721955506597991,3.1810525083644396,nan
3534.0,20.0,60.0,ppo,0.8414998012802286,0.7553071539301796,0.014844003656594206,1.0,raw,0.2425126093122404,16.337412393758616,nan
3534.0,20.0,60.0,ppo,0.8414998012802286,0.7553071539301796,0.014844003656594206,1.0,ppo,0.1523715192649613,10.26485325589857,nan
3534.0,20.0,61.0,ppo,0.8414998012802286,0.8876367884736887,0.014844003656594206,1.0,raw,0.0355441141373099,2.3945099286956864,nan
3534.0,20.0,61.0,ppo,0.8414998012802286,0.8876367884736887,0.014844003656594206,1.0,ppo,0.06549912033199964,4.412496914395648,nan
3534.0,20.0,62.0,ppo,0.8414998012802286,0.8669214428235242,0.014844003656594206,1.0,raw,0.04036577825525771,2.7193322764593817,nan
3534.0,20.0,62.0,ppo,0.8414998012802286,0.8669214428235242,0.014844003656594206,1.0,ppo,0.0368702724324127,2.4838495924267496,nan
3534.0,20.0,63.0,ppo,0.8414998012802286,0.7802874239613097,0.014844003656594206,1.0,raw,0.04335130109730537,2.920458799405325,nan
3534.0,20.0,63.0,ppo,0.8414998012802286,0.7802874239613097,0.014844003656594206,1.0,ppo,0.045475003348167106,3.0635268220218728,nan
3534.0,20.0,64.0,ppo,0.8414998012802286,0.9002341770359246,0.014844003656594206,1.0,raw,0.10883615298649918,7.331994487764121,nan
3534.0,20.0,64.0,ppo,0.8414998012802286,0.9002341770359246,0.014844003656594206,1.0,ppo,0.11845950676964118,7.980293558942737,nan
3534.0,20.0,65.0,ppo,0.8414998012802286,0.8656875124772315,0.014844003656594206,1.0,raw,0.08680404970028449,5.847751840301064,nan
3534.0,20.0,65.0,ppo,0.8414998012802286,0.8656875124772315,0.014844003656594206,1.0,ppo,0.07987295535287384,5.380822937037716,nan
3534.0,20.0,66.0,ppo,0.8414998012802286,0.905527429088092,0.014844003656594206,1.0,raw,0.030005650960863772,2.0213987853293376,nan
3534.0,20.0,66.0,ppo,0.8414998012802286,0.905527429088092,0.014844003656594206,1.0,ppo,0.025485189364028757,1.716867629085188,nan
3534.0,20.0,67.0,ppo,0.8414998012802286,0.7763833491432871,0.014844003656594206,1.0,raw,0.12358831349121221,8.325807265367395,nan
3534.0,20.0,67.0,ppo,0.8414998012802286,0.7763833491432871,0.014844003656594206,1.0,ppo,0.04348078835121028,2.929182002181376,nan
3534.0,20.0,68.0,ppo,0.8414998012802286,0.9173106953404931,0.014844003656594206,1.0,raw,0.030053999131497918,2.0246558695872405,nan
3534.0,20.0,68.0,ppo,0.8414998012802286,0.9173106953404931,0.014844003656594206,1.0,ppo,0.01472487228877193,0.9919744449962222,nan
3534.0,20.0,69.0,ppo,0.8414998012802286,0.8976807174580919,0.014844003656594206,1.0,raw,0.11735264057202918,7.905727005119484,nan
3534.0,20.0,69.0,ppo,0.8414998012802286,0.8976807174580919,0.014844003656594206,1.0,ppo,0.015345452890766009,1.0337812658749275,nan
3534.0,20.0,70.0,ppo,0.8414998012802286,0.8959871117344899,0.014844003656594206,1.0,raw,0.018150350002683897,1.2227395265172212,nan
3534.0,20.0,70.0,ppo,0.8414998012802286,0.8959871117344899,0.014844003656594206,1.0,ppo,0.0264036357963858,1.7787408577372867,nan
3534.0,20.0,71.0,ppo,0.8414998012802286,0.8550826124520964,0.014844003656594206,1.0,raw,0.023678239821435583,1.5951383716425394,nan
3534.0,20.0,71.0,ppo,0.8414998012802286,0.8550826124520964,0.014844003656594206,1.0,ppo,0.02505355709246853,1.6877897413706777,nan
3534.0,20.0,72.0,ppo,0.8414998012802286,0.8261166146507641,0.014844003656594206,1.0,raw,0.15334178153446015,10.330217176033946,nan
3534.0,20.0,72.0,ppo,0.8414998012802286,0.8261166146507641,0.014844003656594206,1.0,ppo,0.14523142618026816,9.783844678302236,nan
3534.0,20.0,73.0,ppo,0.8414998012802286,0.9200265771653797,0.014844003656594206,1.0,raw,0.02242107322389171,1.510446490218393,nan
3534.0,20.0,73.0,ppo,0.8414998012802286,0.9200265771653797,0.014844003656594206,1.0,ppo,0.01904946151441712,1.283310214354111,nan
3534.0,20.0,74.0,ppo,0.8414998012802286,0.8554975599588963,0.014844003656594206,1.0,raw,0.12960456171517937,8.731105482960768,nan
3534.0,20.0,74.0,ppo,0.8414998012802286,0.8554975599588963,0.014844003656594206,1.0,ppo,0.1310124684338611,8.82595231480295,nan
3534.0,20.0,75.0,ppo,0.8414998012802286,0.8200426944903115,0.014844003656594206,1.0,raw,0.06308025454280608,4.249544530042184,nan
3534.0,20.0,75.0,ppo,0.8414998012802286,0.8200426944903115,0.014844003656594206,1.0,ppo,0.10157360083518553,6.842736177181088,nan
3534.0,20.0,76.0,ppo,0.8414998012802286,0.860968445650549,0.014844003656594206,1.0,raw,0.04698217608528681,3.1650609345151803,nan
3534.0,20.0,76.0,ppo,0.8414998012802286,0.860968445650549,0.014844003656594206,1.0,ppo,0.028499797531001392,1.9199535509640504,nan
3534.0,20.0,77.0,ppo,0.8414998012802286,0.9048310891401227,0.014844003656594206,1.0,raw,0.03969239997356513,2.6739686200449317,nan
3534.0,20.0,77.0,ppo,0.8414998012802286,0.9048310891401227,0.014844003656594206,1.0,ppo,0.05603536647621083,3.7749496545912016,nan
3534.0,20.0,78.0,ppo,0.8414998012802286,0.7918340691364234,0.014844003656594206,1.0,raw,0.12494918331017153,8.417485349693033,nan
3534.0,20.0,78.0,ppo,0.8414998012802286,0.7918340691364234,0.014844003656594206,1.0,ppo,0.20998532840496298,14.14613828336538,nan
3534.0,20.0,79.0,ppo,0.8414998012802286,0.9061428613797199,0.014844003656594206,1.0,raw,0.05513019357074801,3.713970627207258,nan
3534.0,20.0,79.0,ppo,0.8414998012802286,0.9061428613797199,0.014844003656594206,1.0,ppo,0.03687333445022373,2.484055872206913,nan
263.0,21.0,0.0,ppo,0.8536161663027364,0.7754542640631705,0.011703799569354814,1.0,raw,0.09477809638810805,8.098062157205312,0.0018891998392450704
263.0,21.0,0.0,ppo,0.8536161663027364,0.7754542640631705,0.011703799569354814,1.0,ppo,0.12697722175398027,10.849230713627133,0.0038317929543303375
263.0,21.0,1.0,ppo,0.8536161663027364,0.8633776937144223,0.011703799569354814,1.0,raw,0.11063383336837151,9.452813397288068,0.0008170610819212554
263.0,21.0,1.0,ppo,0.8536161663027364,0.8633776937144223,0.011703799569354814,1.0,ppo,0.10947884704066323,9.35412866496127,0.003003092217611525
263.0,21.0,2.0,ppo,0.8536161663027364,0.9058238817915322,0.011703799569354814,1.0,raw,0.05534404056227278,4.728724226206455,0.0023751781180262332
263.0,21.0,2.0,ppo,0.8536161663027364,0.9058238817915322,0.011703799569354814,1.0,ppo,0.06618184437495989,5.654731523961687,0.0028978255888507665
263.0,21.0,3.0,ppo,0.8536161663027364,0.829588655857403,0.011703799569354814,1.0,raw,0.042701328510801384,3.648501348451864,0.000742025933069379
263.0,21.0,3.0,ppo,0.8536161663027364,0.829588655857403,0.011703799569354814,1.0,ppo,0.015854876157046695,1.3546776893344146,0.0020198812588618775
263.0,21.0,4.0,ppo,0.8536161663027364,0.8715461720670021,0.011703799569354814,1.0,raw,0.0455692365319922,3.8935421152725924,0.0017613083202566715
263.0,21.0,4.0,ppo,0.8536161663027364,0.8715461720670021,0.011703799569354814,1.0,ppo,0.045500937480986055,3.887706484663796,0.0025107764026049972
263.0,21.0,5.0,ppo,0.8536161663027364,0.8306104718787386,0.011703799569354814,1.0,raw,0.04883985055327286,4.172991024312733,0.0022605875367096573
263.0,21.0,5.0,ppo,0.8536161663027364,0.8306104718787386,0.011703799569354814,1.0,ppo,0.05626440761678189,4.807362539264976,0.003433376753710915
263.0,21.0,6.0,ppo,0.8536161663027364,0.8694755438483058,0.011703799569354814,1.0,raw,0.03651146605854198,3.1196250279390867,0.0008809969608539747
263.0,21.0,6.0,ppo,0.8536161663027364,0.8694755438483058,0.011703799569354814,1.0,ppo,0.027295111623795252,2.3321581561653426,0.0022679331689794413
263.0,21.0,7.0,ppo,0.8536161663027364,0.8760979922731547,0.011703799569354814,1.0,raw,0.044164126610489365,3.7734862382750087,0.0010355042849609086
263.0,21.0,7.0,ppo,0.8536161663027364,0.8760979922731547,0.011703799569354814,1.0,ppo,0.027069859581964107,2.3129120950467854,0.002066995103988445
263.0,21.0,8.0,ppo,0.8536161663027364,0.8911711904326743,0.011703799569354814,1.0,raw,0.06816292916783082,5.824000040662725,0.00043233778387918864
263.0,21.0,8.0,ppo,0.8536161663027364,0.8911711904326743,0.011703799569354814,1.0,ppo,0.0401450373936747,3.4300858585096003,0.0025441728425622534
263.0,21.0,9.0,ppo,0.8536161663027364,0.8448682195253168,0.011703799569354814,1.0,raw,0.024790678701896655,2.1181735516736357,0.0022411069335220857
263.0,21.0,9.0,ppo,0.8536161663027364,0.8448682195253168,0.011703799569354814,1.0,ppo,0.03840230298160092,3.2811825556337593,0.003000571311545297
263.0,21.0,10.0,ppo,0.8536161663027364,0.8655563567677212,0.011703799569354814,1.0,raw,0.07912867666376469,6.760939145861223,0.00017082073760799066
263.0,21.0,10.0,ppo,0.8536161663027364,0.8655563567677212,0.011703799569354814,1.0,ppo,0.030052435655209486,2.5677503683418053,0.0012323930986707365
263.0,21.0,11.0,ppo,0.8536161663027364,0.9005934288059064,0.011703799569354814,1.0,raw,0.048663729275016866,4.157942810507264,0.002019354561715536
263.0,21.0,11.0,ppo,0.8536161663027364,0.9005934288059064,0.011703799569354814,1.0,ppo,0.04482604009142491,3.830041673714,0.0023981779480161114
263.0,21.0,12.0,ppo,0.8536161663027364,0.8992832091930506,0.011703799569354814,1.0,raw,0.05723446128218427,4.890246192531079,0.002419815376737966
263.0,21.0,12.0,ppo,0.8536161663027364,0.8992832091930506,0.011703799569354814,1.0,ppo,0.04525350389450471,3.8665651805073895,0.00284962689787871
263.0,21.0,13.0,ppo,0.8536161663027364,0.8783736446201764,0.011703799569354814,1.0,raw,0.05621950108030323,4.803525619791727,0.002898838659675884
263.0,21.0,13.0,ppo,0.8536161663027364,0.8783736446201764,0.011703799569354814,1.0,ppo,0.08322908193806727,7.11128735970445,0.0035143424955714764
263.0,21.0,14.0,ppo,0.8536161663027364,0.8381080545904248,0.011703799569354814,1.0,raw,0.09609971465194811,8.210984311759342,0.0020571722595064124
263.0,21.0,14.0,ppo,0.8536161663027364,0.8381080545904248,0.011703799569354814,1.0,ppo,0.13498128875481635,11.533116912583745,0.0029288929763224836
263.0,21.0,15.0,ppo,0.8536161663027364,0.8430485456903911,0.011703799569354814,1.0,raw,0.039323602298313796,3.3599005233547037,0.0014030765251606958
263.0,21.0,15.0,ppo,0.8536161663027364,0.8430485456903911,0.011703799569354814,1.0,ppo,0.02562341536016078,2.189324518787304,0.002114102697337361
263.0,21.0,16.0,ppo,0.8536161663027364,0.8926287312935245,0.011703799569354814,1.0,raw,0.051676038335867355,4.415321539782321,5.829615468855298e-05
263.0,21.0,16.0,ppo,0.8536161663027364,0.8926287312935245,0.011703799569354814,1.0,ppo,0.011277669522755916,0.9635904524788107,0.0013289261565422317
263.0,21.0,17.0,ppo,0.8536161663027364,0.9062630534732935,0.011703799569354814,1.0,raw,0.057312556411937,4.896918823012314,0.0018909772527054836
263.0,21.0,17.0,ppo,0.8536161663027364,0.9062630534732935,0.011703799569354814,1.0,ppo,0.05290344857692725,4.520194340601102,0.0025726392270603027
263.0,21.0,18.0,ppo,0.8536161663027364,0.8616472751768833,0.011703799569354814,1.0,raw,0.044263808907536194,3.7820033268030655,0.0007974075152507032
263.0,21.0,18.0,ppo,0.8536161663027364,0.8616472751768833,0.011703799569354814,1.0,ppo,0.01870552456131026,1.598243754129961,0.0017442167053406399
263.0,21.0,19.0,ppo,0.8536161663027364,0.89340709300438,0.011703799569354814,1.0,raw,0.04028527228145752,3.44206785520664,0.0006888485371250308
263.0,21.0,19.0,ppo,0.8536161663027364,0.89340709300438,0.011703799569354814,1.0,ppo,0.019939505342084697,1.7036779572246115,0.0012311470980305161
263.0,21.0,20.0,ppo,0.8536161663027364,0.8689617956922544,0.011703799569354814,1.0,raw,0.037101897122838984,3.1700728385665844,nan
263.0,21.0,20.0,ppo,0.8536161663027364,0.8689617956922544,0.011703799569354814,1.0,ppo,0.049342116845959544,4.215905830714733,nan
263.0,21.0,21.0,ppo,0.8536161663027364,0.8497260524064092,0.011703799569354814,1.0,raw,0.08288268751342484,7.081690610154037,nan
263.0,21.0,21.0,ppo,0.8536161663027364,0.8497260524064092,0.011703799569354814,1.0,ppo,0.02081073016685979,1.7781174432746207,nan
263.0,21.0,22.0,ppo,0.8536161663027364,0.8460600108570026,0.011703799569354814,1.0,raw,0.08251844511415296,7.050568887920719,nan
263.0,21.0,22.0,ppo,0.8536161663027364,0.8460600108570026,0.011703799569354814,1.0,ppo,0.056258767929654674,4.806880671210607,nan
263.0,21.0,23.0,ppo,0.8536161663027364,0.8956537390301329,0.011703799569354814,1.0,raw,0.044251046677399555,3.780912892020668,nan
263.0,21.0,23.0,ppo,0.8536161663027364,0.8956537390301329,0.011703799569354814,1.0,ppo,0.06171454813730825,5.27303528837775,nan
263.0,21.0,24.0,ppo,0.8536161663027364,0.840453995934361,0.011703799569354814,1.0,raw,0.07438323265287092,6.355477314190829,nan
263.0,21.0,24.0,ppo,0.8536161663027364,0.840453995934361,0.011703799569354814,1.0,ppo,0.04834762247618338,4.130933906521829,nan
263.0,21.0,25.0,ppo,0.8536161663027364,0.8519109462258792,0.011703799569354814,1.0,raw,0.12231547373934884,10.450920063568008,nan
263.0,21.0,25.0,ppo,0.8536161663027364,0.8519109462258792,0.011703799569354814,1.0,ppo,0.13198607089735562,11.277198495687458,nan
263.0,21.0,26.0,ppo,0.8536161663027364,0.8606937757809242,0.011703799569354814,1.0,raw,0.08353376371855725,7.1373200834096435,nan
263.0,21.0,26.0,ppo,0.8536161663027364,0.8606937757809242,0.011703799569354814,1.0,ppo,0.06659218266211947,5.689791786633479,nan
263.0,21.0,27.0,ppo,0.8536161663027364,0.8339910661108157,0.011703799569354814,1.0,raw,0.07626648773460935,6.516387031635884,nan
263.0,21.0,27.0,ppo,0.8536161663027364,0.8339910661108157,0.011703799569354814,1.0,ppo,0.09793076114031514,8.367433204917203,nan
263.0,21.0,28.0,ppo,0.8536161663027364,0.8919455388021339,0.011703799569354814,1.0,raw,0.0809700740547429,6.918272444339754,nan
263.0,21.0,28.0,ppo,0.8536161663027364,0.8919455388021339,0.011703799569354814,1.0,ppo,0.06222678241484534,5.316801782711635,nan
263.0,21.0,29.0,ppo,0.8536161663027364,0.9053986624523568,0.011703799569354814,1.0,raw,0.032580121225961156,2.7837217335188162,nan
263.0,21.0,29.0,ppo,0.8536161663027364,0.9053986624523568,0.011703799569354814,1.0,ppo,0.02685480907828034,2.2945376771998793,nan
263.0,21.0,30.0,ppo,0.8536161663027364,0.9128633592323087,0.011703799569354814,1.0,raw,0.03563079285436789,3.0443782502618575,nan
263.0,21.0,30.0,ppo,0.8536161663027364,0.9128633592323087,0.011703799569354814,1.0,ppo,0.028060394963489894,2.3975457540270195,nan
263.0,21.0,31.0,ppo,0.8536161663027364,0.8073838362932679,0.011703799569354814,1.0,raw,0.1265065795828845,10.809017946114599,nan
263.0,21.0,31.0,ppo,0.8536161663027364,0.8073838362932679,0.011703799569354814,1.0,ppo,0.08603834979281057,7.351317773596625,nan
263.0,21.0,32.0,ppo,0.8536161663027364,0.8391808226335548,0.011703799569354814,1.0,raw,0.055346363969062375,4.728922743514943,nan
263.0,21.0,32.0,ppo,0.8536161663027364,0.8391808226335548,0.011703799569354814,1.0,ppo,0.04281555478296537,3.658261108219374,nan
263.0,21.0,33.0,ppo,0.8536161663027364,0.8797274105845682,0.011703799569354814,1.0,raw,0.13518030382980045,11.550121225909923,nan
263.0,21.0,33.0,ppo,0.8536161663027364,0.8797274105845682,0.011703799569354814,1.0,ppo,0.16187071851878873,13.830612662116192,nan
263.0,21.0,34.0,ppo,0.8536161663027364,0.9044185641173218,0.011703799569354814,1.0,raw,0.1637980262782238,13.995286343343741,nan
263.0,21.0,34.0,ppo,0.8536161663027364,0.9044185641173218,0.011703799569354814,1.0,ppo,0.03158081237519135,2.698338448813019,nan
263.0,21.0,35.0,ppo,0.8536161663027364,0.8555162844363535,0.011703799569354814,1.0,raw,0.047622744457865705,4.068998633790767,nan
263.0,21.0,35.0,ppo,0.8536161663027364,0.8555162844363535,0.011703799569354814,1.0,ppo,0.02374508612180874,2.028835676918356,nan
263.0,21.0,36.0,ppo,0.8536161663027364,0.8880110401037538,0.011703799569354814,1.0,raw,0.06377515115602497,5.449098028217571,nan
263.0,21.0,36.0,ppo,0.8536161663027364,0.8880110401037538,0.011703799569354814,1.0,ppo,0.023810276389590317,2.034405685819762,nan
263.0,21.0,37.0,ppo,0.8536161663027364,0.7602835487354852,0.011703799569354814,1.0,raw,0.1793589447039541,15.324847596808382,nan
263.0,21.0,37.0,ppo,0.8536161663027364,0.7602835487354852,0.011703799569354814,1.0,ppo,0.18495501415779045,15.802988855181352,nan
263.0,21.0,38.0,ppo,0.8536161663027364,0.8244744750591908,0.011703799569354814,1.0,raw,0.04074827723869194,3.4816280813101996,nan
263.0,21.0,38.0,ppo,0.8536161663027364,0.8244744750591908,0.011703799569354814,1.0,ppo,0.02384259278652641,2.0371668743333378,nan
263.0,21.0,39.0,ppo,0.8536161663027364,0.8383394249443422,0.011703799569354814,1.0,raw,0.12116756713028778,10.352840238955604,nan
263.0,21.0,39.0,ppo,0.8536161663027364,0.8383394249443422,0.011703799569354814,1.0,ppo,0.0442887046161875,3.7841304743591886,nan
263.0,21.0,40.0,ppo,0.8536161663027364,0.8695054145332335,0.011703799569354814,1.0,raw,0.06091443743179789,5.204671958950496,nan
263.0,21.0,40.0,ppo,0.8536161663027364,0.8695054145332335,0.011703799569354814,1.0,ppo,0.04589189267636028,3.921110610653607,nan
263.0,21.0,41.0,ppo,0.8536161663027364,0.8843149242917364,0.011703799569354814,1.0,raw,0.1221983295539022,10.44091099046722,nan
263.0,21.0,41.0,ppo,0.8536161663027364,0.8843149242917364,0.011703799569354814,1.0,ppo,0.12486019552851374,10.668347043078832,nan
263.0,21.0,42.0,ppo,0.8536161663027364,0.877414329397836,0.011703799569354814,1.0,raw,0.03843513632435175,3.283987913206423,nan
263.0,21.0,42.0,ppo,0.8536161663027364,0.877414329397836,0.011703799569354814,1.0,ppo,0.016072391696000398,1.3732627255583127,nan
263.0,21.0,43.0,ppo,0.8536161663027364,0.8771909352232284,0.011703799569354814,1.0,raw,0.06757420560378166,5.77369812284873,nan
263.0,21.0,43.0,ppo,0.8536161663027364,0.8771909352232284,0.011703799569354814,1.0,ppo,0.05802060131756376,4.95741583523736,nan
263.0,21.0,44.0,ppo,0.8536161663027364,0.8879673222638708,0.011703799569354814,1.0,raw,0.06709827189318238,5.733033233828802,nan
263.0,21.0,44.0,ppo,0.8536161663027364,0.8879673222638708,0.011703799569354814,1.0,ppo,0.06129846446257634,5.237484126358419,nan
263.0,21.0,45.0,ppo,0.8536161663027364,0.8575022294406879,0.011703799569354814,1.0,raw,0.0529070616524189,4.520503050218884,nan
263.0,21.0,45.0,ppo,0.8536161663027364,0.8575022294406879,0.011703799569354814,1.0,ppo,0.023732931129167384,2.0277971259273446,nan
263.0,21.0,46.0,ppo,0.8536161663027364,0.8847131297545479,0.011703799569354814,1.0,raw,0.09752752493096661,8.332979760379041,nan
263.0,21.0,46.0,ppo,0.8536161663027364,0.8847131297545479,0.011703799569354814,1.0,ppo,0.09182240822115958,7.845521249491237,nan
263.0,21.0,47.0,ppo,0.8536161663027364,0.9156238406682196,0.011703799569354814,1.0,raw,0.02283477402506843,1.9510564829612187,nan
263.0,21.0,47.0,ppo,0.8536161663027364,0.9156238406682196,0.011703799569354814,1.0,ppo,0.01870711246157733,1.5983794280414683,nan
263.0,21.0,48.0,ppo,0.8536161663027364,0.8249064313910911,0.011703799569354814,1.0,raw,0.054579219111180244,4.663376093186889,nan
263.0,21.0,48.0,ppo,0.8536161663027364,0.8249064313910911,0.011703799569354814,1.0,ppo,0.07293980321178939,6.232147327845113,nan
263.0,21.0,49.0,ppo,0.8536161663027364,0.8999007825804564,0.011703799569354814,1.0,raw,0.02717262328798185,2.321692466361996,nan
263.0,21.0,49.0,ppo,0.8536161663027364,0.8999007825804564,0.011703799569354814,1.0,ppo,0.013782099580584604,1.177574812257688,nan
263.0,21.0,50.0,ppo,0.8536161663027364,0.7841532016570542,0.011703799569354814,1.0,raw,0.07147670607545181,6.107136887631445,nan
263.0,21.0,50.0,ppo,0.8536161663027364,0.7841532016570542,0.011703799569354814,1.0,ppo,0.11799890323319323,10.082102186896735,nan
263.0,21.0,51.0,ppo,0.8536161663027364,0.8810327998682052,0.011703799569354814,1.0,raw,0.08228947198465156,7.031004888371295,nan
263.0,21.0,51.0,ppo,0.8536161663027364,0.8810327998682052,0.011703799569354814,1.0,ppo,0.06074913249503551,5.190547918652061,nan
263.0,21.0,52.0,ppo,0.8536161663027364,0.8480504492847212,0.011703799569354814,1.0,raw,0.05263222296741503,4.497020190368524,nan
263.0,21.0,52.0,ppo,0.8536161663027364,0.8480504492847212,0.011703799569354814,1.0,ppo,0.022686608836917255,1.9383969028587766,nan
263.0,21.0,53.0,ppo,0.8536161663027364,0.8873994645550886,0.011703799569354814,1.0,raw,0.041933451969392084,3.5828921813724905,nan
263.0,21.0,53.0,ppo,0.8536161663027364,0.8873994645550886,0.011703799569354814,1.0,ppo,0.05305179526954988,4.532869428869963,nan
263.0,21.0,54.0,ppo,0.8536161663027364,0.8920096405780696,0.011703799569354814,1.0,raw,0.040087934466447546,3.4252068508942726,nan
263.0,21.0,54.0,ppo,0.8536161663027364,0.8920096405780696,0.011703799569354814,1.0,ppo,0.015300916918053891,1.30734611673612,nan
263.0,21.0,55.0,ppo,0.8536161663027364,0.8572216302261068,0.011703799569354814,1.0,raw,0.06352998810430815,5.4281507238602105,nan
263.0,21.0,55.0,ppo,0.8536161663027364,0.8572216302261068,0.011703799569354814,1.0,ppo,0.062315873973029755,5.324413973748953,nan
263.0,21.0,56.0,ppo,0.8536161663027364,0.8475372373859134,0.011703799569354814,1.0,raw,0.043682848176881645,3.73236468362468,nan
263.0,21.0,56.0,ppo,0.8536161663027364,0.8475372373859134,0.011703799569354814,1.0,ppo,0.03223564661211071,2.754289017091202,nan
263.0,21.0,57.0,ppo,0.8536161663027364,0.9016268886330537,0.011703799569354814,1.0,raw,0.07694154093037327,6.574065155031937,nan
263.0,21.0,57.0,ppo,0.8536161663027364,0.9016268886330537,0.011703799569354814,1.0,ppo,0.05522832274277439,4.718837025147288,nan
263.0,21.0,58.0,ppo,0.8536161663027364,0.8874039865255579,0.011703799569354814,1.0,raw,0.06944477964933854,5.933524342912749,nan
263.0,21.0,58.0,ppo,0.8536161663027364,0.8874039865255579,0.011703799569354814,1.0,ppo,0.059635284896476626,5.095378175530743,nan
263.0,21.0,59.0,ppo,0.8536161663027364,0.8478697840343423,0.011703799569354814,1.0,raw,0.1475009167325626,12.602823199294908,nan
263.0,21.0,59.0,ppo,0.8536161663027364,0.8478697840343423,0.011703799569354814,1.0,ppo,0.06352874074753154,5.428044146780756,nan
263.0,21.0,60.0,ppo,0.8536161663027364,0.8437415978096217,0.011703799569354814,1.0,raw,0.05402240657584566,4.615800728277826,nan
263.0,21.0,60.0,ppo,0.8536161663027364,0.8437415978096217,0.011703799569354814,1.0,ppo,0.04751354758067178,4.059668597288788,nan
263.0,21.0,61.0,ppo,0.8536161663027364,0.8072718755219882,0.011703799569354814,1.0,raw,0.07267554928885801,6.209568854814585,nan
263.0,21.0,61.0,ppo,0.8536161663027364,0.8072718755219882,0.011703799569354814,1.0,ppo,0.03906232712627164,3.3375765617648043,nan
263.0,21.0,62.0,ppo,0.8536161663027364,0.8224722470191429,0.011703799569354814,1.0,raw,0.10298728472155065,8.799474402416475,nan
263.0,21.0,62.0,ppo,0.8536161663027364,0.8224722470191429,0.011703799569354814,1.0,ppo,0.12622909762649745,10.785309238976994,nan
263.0,21.0,63.0,ppo,0.8536161663027364,0.9079905103536012,0.011703799569354814,1.0,raw,0.05555713418374428,4.746931443461735,nan
263.0,21.0,63.0,ppo,0.8536161663027364,0.9079905103536012,0.011703799569354814,1.0,ppo,0.027511182502393833,2.3506197572307213,nan
263.0,21.0,64.0,ppo,0.8536161663027364,0.8822739992371534,0.011703799569354814,1.0,raw,0.056093217138464005,4.792735624534982,nan
263.0,21.0,64.0,ppo,0.8536161663027364,0.8822739992371534,0.011703799569354814,1.0,ppo,0.03686016677342449,3.149418832319977,nan
263.0,21.0,65.0,ppo,0.8536161663027364,0.881935939376513,0.011703799569354814,1.0,raw,0.0743544168585398,6.353015225348624,nan
263.0,21.0,65.0,ppo,0.8536161663027364,0.881935939376513,0.011703799569354814,1.0,ppo,0.02162549006007791,1.8477324335510676,nan
263.0,21.0,66.0,ppo,0.8536161663027364,0.8383585113951477,0.011703799569354814,1.0,raw,0.09145995806887594,7.814552661031069,nan
263.0,21.0,66.0,ppo,0.8536161663027364,0.8383585113951477,0.011703799569354814,1.0,ppo,0.1490821750653706,12.737929608409122,nan
263.0,21.0,67.0,ppo,0.8536161663027364,0.8741445731450048,0.011703799569354814,1.0,raw,0.0934820810492531,7.9873275764245175,nan
263.0,21.0,67.0,ppo,0.8536161663027364,0.8741445731450048,0.011703799569354814,1.0,ppo,0.07862161580128478,6.717614680205848,nan
263.0,21.0,68.0,ppo,0.8536161663027364,0.8848338532612927,0.011703799569354814,1.0,raw,0.05554860613902687,4.746202787381556,nan
263.0,21.0,68.0,ppo,0.8536161663027364,0.8848338532612927,0.011703799569354814,1.0,ppo,0.02711051524149942,2.3163858096549683,nan
263.0,21.0,69.0,ppo,0.8536161663027364,0.9211224729951544,0.011703799569354814,1.0,raw,0.06184379232561969,5.284078214014468,nan
263.0,21.0,69.0,ppo,0.8536161663027364,0.9211224729951544,0.011703799569354814,1.0,ppo,0.036406698254856554,3.1106734218333436,nan
263.0,21.0,70.0,ppo,0.8536161663027364,0.8930941662109341,0.011703799569354814,1.0,raw,0.06683702222273676,5.710711451154937,nan
263.0,21.0,70.0,ppo,0.8536161663027364,0.8930941662109341,0.011703799569354814,1.0,ppo,0.021936335433733557,1.8742917890675075,nan
263.0,21.0,71.0,ppo,0.8536161663027364,0.8400538730533327,0.011703799569354814,1.0,raw,0.10156896641419044,8.678289970048551,nan
263.0,21.0,71.0,ppo,0.8536161663027364,0.8400538730533327,0.011703799569354814,1.0,ppo,0.021376813311805923,1.8264849107446177,nan
263.0,21.0,72.0,ppo,0.8536161663027364,0.8486456657633933,0.011703799569354814,1.0,raw,0.06342431784489835,5.419122009827334,nan
263.0,21.0,72.0,ppo,0.8536161663027364,0.8486456657633933,0.011703799569354814,1.0,ppo,0.09714243266416626,8.300076576714767,nan
263.0,21.0,73.0,ppo,0.8536161663027364,0.8664389272650577,0.011703799569354814,1.0,raw,0.06805109051712069,5.814444284854759,nan
263.0,21.0,73.0,ppo,0.8536161663027364,0.8664389272650577,0.011703799569354814,1.0,ppo,0.057582835058729596,4.920012062536023,nan
263.0,21.0,74.0,ppo,0.8536161663027364,0.9005649335020542,0.011703799569354814,1.0,raw,0.025418406290908413,2.1718080645762146,nan
263.0,21.0,74.0,ppo,0.8536161663027364,0.9005649335020542,0.011703799569354814,1.0,ppo,0.03773302543210613,3.223997916959049,nan
263.0,21.0,75.0,ppo,0.8536161663027364,0.8516302873778226,0.011703799569354814,1.0,raw,0.038073869132345034,3.253120399638209,nan
263.0,21.0,75.0,ppo,0.8536161663027364,0.8516302873778226,0.011703799569354814,1.0,ppo,0.06343744684460842,5.420243782259634,nan
263.0,21.0,76.0,ppo,0.8536161663027364,0.8773778130366886,0.011703799569354814,1.0,raw,0.04174603554620879,3.5668788839751198,nan
263.0,21.0,76.0,ppo,0.8536161663027364,0.8773778130366886,0.011703799569354814,1.0,ppo,0.03408714931831325,2.9124857373298596,nan
263.0,21.0,77.0,ppo,0.8536161663027364,0.8827078705630725,0.011703799569354814,1.0,raw,0.07695034661370426,6.57481753320441,nan
263.0,21.0,77.0,ppo,0.8536161663027364,0.8827078705630725,0.011703799569354814,1.0,ppo,0.05992137016013256,5.119821969356897,nan
263.0,21.0,78.0,ppo,0.8536161663027364,0.8614654129534586,0.011703799569354814,1.0,raw,0.04919123917868207,4.2030144900536595,nan
263.0,21.0,78.0,ppo,0.8536161663027364,0.8614654129534586,0.011703799569354814,1.0,ppo,0.04442593619927115,3.7958558616806677,nan
263.0,21.0,79.0,ppo,0.8536161663027364,0.8888697863327192,0.011703799569354814,1.0,raw,0.12412145832782717,10.605227609401851,nan
263.0,21.0,79.0,ppo,0.8536161663027364,0.8888697863327192,0.011703799569354814,1.0,ppo,0.07492370748882052,6.401656747865068,nan
2182.0,22.0,0.0,ppo,0.8669589648717421,0.8461830129137673,0.021784176084107133,1.0,raw,0.059196973304490516,2.7174299856893955,0.0025688071285663305
2182.0,22.0,0.0,ppo,0.8669589648717421,0.8461830129137673,0.021784176084107133,1.0,ppo,0.04483232571550892,2.058022554647674,0.003631159190424449
2182.0,22.0,1.0,ppo,0.8669589648717421,0.9068141467110175,0.021784176084107133,1.0,raw,0.09657234368992648,4.433141896992919,0.00017680297038769055
2182.0,22.0,1.0,ppo,0.8669589648717421,0.9068141467110175,0.021784176084107133,1.0,ppo,0.0904819512577972,4.15356316017888,0.001449086631697294
2182.0,22.0,2.0,ppo,0.8669589648717421,0.8986133256455944,0.021784176084107133,1.0,raw,0.04587453567519227,2.105865078306106,0.000681363361656806
2182.0,22.0,2.0,ppo,0.8669589648717421,0.8986133256455944,0.021784176084107133,1.0,ppo,0.021401988006269815,0.9824557019571584,0.0011852499662936555
2182.0,22.0,3.0,ppo,0.8669589648717421,0.8604743386291668,0.021784176084107133,1.0,raw,0.061361694585617535,2.8168012574221057,0.004929187545404168
2182.0,22.0,3.0,ppo,0.8669589648717421,0.8604743386291668,0.021784176084107133,1.0,ppo,0.07124715283404719,3.270592037034913,0.00528663127930562
2182.0,22.0,4.0,ppo,0.8669589648717421,0.932771491632611,0.021784176084107133,1.0,raw,0.06275673800119069,2.8808405587106645,0.002875389948492235
2182.0,22.0,4.0,ppo,0.8669589648717421,0.932771491632611,0.021784176084107133,1.0,ppo,0.08723302922239694,4.004421782379857,0.00417775156450817
2182.0,22.0,5.0,ppo,0.8669589648717421,0.8837568816828654,0.021784176084107133,1.0,raw,0.07179890914068436,3.295920344357939,0.0035836909416507856
2182.0,22.0,5.0,ppo,0.8669589648717421,0.8837568816828654,0.021784176084107133,1.0,ppo,0.0486864386158166,2.2349451467818553,0.004721707015341581
2182.0,22.0,6.0,ppo,0.8669589648717421,0.9073466150061039,0.021784176084107133,1.0,raw,0.07446390802676439,3.4182567997644075,0.004217530746014719
2182.0,22.0,6.0,ppo,0.8669589648717421,0.9073466150061039,0.021784176084107133,1.0,ppo,0.08603907283078832,3.9496133568971197,0.005040645871844385
2182.0,22.0,7.0,ppo,0.8669589648717421,0.9057141329563411,0.021784176084107133,1.0,raw,0.056363571715611974,2.587363024334558,0.003708472512034433
2182.0,22.0,7.0,ppo,0.8669589648717421,0.9057141329563411,0.021784176084107133,1.0,ppo,0.045398303679096,2.0840037054335414,0.004129291097998089
2182.0,22.0,8.0,ppo,0.8669589648717421,0.84361546472043,0.021784176084107133,1.0,raw,0.12628968592140769,5.797312940999573,0.004568044303902119
2182.0,22.0,8.0,ppo,0.8669589648717421,0.84361546472043,0.021784176084107133,1.0,ppo,0.1284988418755673,5.89872398108804,0.00529541761925878
2182.0,22.0,9.0,ppo,0.8669589648717421,0.8019767512551834,0.021784176084107133,1.0,raw,0.04052122942552708,1.8601221946185862,0.0025778877346528395
2182.0,22.0,9.0,ppo,0.8669589648717421,0.8019767512551834,0.021784176084107133,1.0,ppo,0.03902366967622024,1.791376893280364,0.003988413723005846
2182.0,22.0,10.0,ppo,0.8669589648717421,0.9190909780639815,0.021784176084107133,1.0,raw,0.1251291984575151,5.744040902644208,0.005997594554810637
2182.0,22.0,10.0,ppo,0.8669589648717421,0.9190909780639815,0.021784176084107133,1.0,ppo,0.09290911168738594,4.264981669661068,0.0066298998187553915
2182.0,22.0,11.0,ppo,0.8669589648717421,0.8036369735860509,0.021784176084107133,1.0,raw,0.06317593436326373,2.9000837176189727,0.003529581642215285
2182.0,22.0,11.0,ppo,0.8669589648717421,0.8036369735860509,0.021784176084107133,1.0,ppo,0.06946692519723058,3.188870900098484,0.004614271264036907
2182.0,22.0,12.0,ppo,0.8669589648717421,0.8693008411467549,0.021784176084107133,1.0,raw,0.04033994792512176,1.8518004890050523,0.001654202927453996
2182.0,22.0,12.0,ppo,0.8669589648717421,0.8693008411467549,0.021784176084107133,1.0,ppo,0.01900970033624502,0.8726380223355676,0.003601063018208839
2182.0,22.0,13.0,ppo,0.8669589648717421,0.8992312979518614,0.021784176084107133,1.0,raw,0.04230824420501047,1.9421548945280918,0.002449768876439884
2182.0,22.0,13.0,ppo,0.8669589648717421,0.8992312979518614,0.021784176084107133,1.0,ppo,0.031074327440175548,1.4264632878562773,0.002916844834022103
2182.0,22.0,14.0,ppo,0.8669589648717421,0.8814384799482122,0.021784176084107133,1.0,raw,0.11019673848990144,5.058568112213186,0.006118237411710803
2182.0,22.0,14.0,ppo,0.8669589648717421,0.8814384799482122,0.021784176084107133,1.0,ppo,0.11917864002202967,5.470881228736379,0.006577103896981407
2182.0,22.0,15.0,ppo,0.8669589648717421,0.9317644090713376,0.021784176084107133,1.0,raw,0.04386970288360518,2.0138334685795516,0.0014184391303609933
2182.0,22.0,15.0,ppo,0.8669589648717421,0.9317644090713376,0.021784176084107133,1.0,ppo,0.026019733125177892,1.1944327398345285,0.0022600172637438076
2182.0,22.0,16.0,ppo,0.8669589648717421,0.874448375231609,0.021784176084107133,1.0,raw,0.10474712685941515,4.808404341527265,0.005714604357954789
2182.0,22.0,16.0,ppo,0.8669589648717421,0.874448375231609,0.021784176084107133,1.0,ppo,0.06678358837062792,3.0656926437236507,0.006861477890178214
2182.0,22.0,17.0,ppo,0.8669589648717421,0.8941790824257941,0.021784176084107133,1.0,raw,0.12359535551203385,5.6736300255213274,0.002431904803602225
2182.0,22.0,17.0,ppo,0.8669589648717421,0.8941790824257941,0.021784176084107133,1.0,ppo,0.05832856340470619,2.677565733012064,0.0031147081324598425
2182.0,22.0,18.0,ppo,0.8669589648717421,0.8730832624738499,0.021784176084107133,1.0,raw,0.09242394771300214,4.242710275392557,0.007392194380542949
2182.0,22.0,18.0,ppo,0.8669589648717421,0.8730832624738499,0.021784176084107133,1.0,ppo,0.0996383637282428,4.5738871804720205,0.00779872031601303
2182.0,22.0,19.0,ppo,0.8669589648717421,0.8758548680883639,0.021784176084107133,1.0,raw,0.024399527690568062,1.1200574029682484,0.0030269279723351694
2182.0,22.0,19.0,ppo,0.8669589648717421,0.8758548680883639,0.021784176084107133,1.0,ppo,0.025807642345651423,1.184696737944551,0.0038850348641739085
2182.0,22.0,20.0,ppo,0.8669589648717421,0.8500775800140511,0.021784176084107133,1.0,raw,0.07277257769400002,3.3406164829475458,nan
2182.0,22.0,20.0,ppo,0.8669589648717421,0.8500775800140511,0.021784176084107133,1.0,ppo,0.0777285313021009,3.5681189411064547,nan
2182.0,22.0,21.0,ppo,0.8669589648717421,0.8886352047498796,0.021784176084107133,1.0,raw,0.09720083845234753,4.461992873958699,nan
2182.0,22.0,21.0,ppo,0.8669589648717421,0.8886352047498796,0.021784176084107133,1.0,ppo,0.09189536746001245,4.218445862042754,nan
2182.0,22.0,22.0,ppo,0.8669589648717421,0.8750583990756597,0.021784176084107133,1.0,raw,0.05721924626216313,2.6266426621435555,nan
2182.0,22.0,22.0,ppo,0.8669589648717421,0.8750583990756597,0.021784176084107133,1.0,ppo,0.056656173909489224,2.6007948930794456,nan
2182.0,22.0,23.0,ppo,0.8669589648717421,0.9025930508176369,0.021784176084107133,1.0,raw,0.06651244042339613,3.053245629607307,nan
2182.0,22.0,23.0,ppo,0.8669589648717421,0.9025930508176369,0.021784176084107133,1.0,ppo,0.06934565139926965,3.1833038408949275,nan
2182.0,22.0,24.0,ppo,0.8669589648717421,0.8737227841300581,0.021784176084107133,1.0,raw,0.08461019132208951,3.8840207219871736,nan
2182.0,22.0,24.0,ppo,0.8669589648717421,0.8737227841300581,0.021784176084107133,1.0,ppo,0.05878887701272604,2.698696374182178,nan
2182.0,22.0,25.0,ppo,0.8669589648717421,0.9051162426474978,0.021784176084107133,1.0,raw,0.10271736614143152,4.715228418318286,nan
2182.0,22.0,25.0,ppo,0.8669589648717421,0.9051162426474978,0.021784176084107133,1.0,ppo,0.1304285315124875,5.9873061532789835,nan
2182.0,22.0,26.0,ppo,0.8669589648717421,0.882841422276666,0.021784176084107133,1.0,raw,0.06541359840363674,3.0028034179984386,nan
2182.0,22.0,26.0,ppo,0.8669589648717421,0.882841422276666,0.021784176084107133,1.0,ppo,0.03060876362897737,1.405091636736645,nan
2182.0,22.0,27.0,ppo,0.8669589648717421,0.8537386676378884,0.021784176084107133,1.0,raw,0.03433397755562134,1.5760971368878185,nan
2182.0,22.0,27.0,ppo,0.8669589648717421,0.8537386676378884,0.021784176084107133,1.0,ppo,0.01726150658223534,0.7923873969614414,nan
2182.0,22.0,28.0,ppo,0.8669589648717421,0.8696508741609807,0.021784176084107133,1.0,raw,0.06297419037672411,2.890822684024647,nan
2182.0,22.0,28.0,ppo,0.8669589648717421,0.8696508741609807,0.021784176084107133,1.0,ppo,0.04480868910050114,2.056937518660243,nan
2182.0,22.0,29.0,ppo,0.8669589648717421,0.9206018784931669,0.021784176084107133,1.0,raw,0.03529085748036005,1.6200225954887895,nan
2182.0,22.0,29.0,ppo,0.8669589648717421,0.9206018784931669,0.021784176084107133,1.0,ppo,0.03529194417626792,1.6200724801345836,nan
2182.0,22.0,30.0,ppo,0.8669589648717421,0.896746581915161,0.021784176084107133,1.0,raw,0.12843307353052338,5.895704893067911,nan
2182.0,22.0,30.0,ppo,0.8669589648717421,0.896746581915161,0.021784176084107133,1.0,ppo,0.12102825558532872,5.555787610146345,nan
2182.0,22.0,31.0,ppo,0.8669589648717421,0.9000045012249965,0.021784176084107133,1.0,raw,0.048367051119881196,2.220283701946748,nan
2182.0,22.0,31.0,ppo,0.8669589648717421,0.9000045012249965,0.021784176084107133,1.0,ppo,0.0419532469506756,1.9258587879889117,nan
2182.0,22.0,32.0,ppo,0.8669589648717421,0.9142864448142597,0.021784176084107133,1.0,raw,0.027311769116539774,1.253743497623734,nan
2182.0,22.0,32.0,ppo,0.8669589648717421,0.9142864448142597,0.021784176084107133,1.0,ppo,0.028081871791540286,1.2890949688947704,nan
2182.0,22.0,33.0,ppo,0.8669589648717421,0.8883573685446048,0.021784176084107133,1.0,raw,0.03383554022674116,1.5532164308672762,nan
2182.0,22.0,33.0,ppo,0.8669589648717421,0.8883573685446048,0.021784176084107133,1.0,ppo,0.041116570472889344,1.887451254256357,nan
2182.0,22.0,34.0,ppo,0.8669589648717421,0.8883070576316019,0.021784176084107133,1.0,raw,0.07534467623871018,3.458688359284731,nan
2182.0,22.0,34.0,ppo,0.8669589648717421,0.8883070576316019,0.021784176084107133,1.0,ppo,0.020595963307168,0.9454552344623213,nan
2182.0,22.0,35.0,ppo,0.8669589648717421,0.9070149895006332,0.021784176084107133,1.0,raw,0.08891439568162458,4.081604708772667,nan
2182.0,22.0,35.0,ppo,0.8669589648717421,0.9070149895006332,0.021784176084107133,1.0,ppo,0.0923308261732307,4.238435542237083,nan
2182.0,22.0,36.0,ppo,0.8669589648717421,0.8982623413164471,0.021784176084107133,1.0,raw,0.031803312131368035,1.459927242994077,nan
2182.0,22.0,36.0,ppo,0.8669589648717421,0.8982623413164471,0.021784176084107133,1.0,ppo,0.02773347255476063,1.2731017435630199,nan
2182.0,22.0,37.0,ppo,0.8669589648717421,0.952898001770951,0.021784176084107133,1.0,raw,0.03992310206678513,1.8326652296898864,nan
2182.0,22.0,37.0,ppo,0.8669589648717421,0.952898001770951,0.021784176084107133,1.0,ppo,0.029194860114689376,1.3401865648703042,nan
2182.0,22.0,38.0,ppo,0.8669589648717421,0.8361606528564387,0.021784176084107133,1.0,raw,0.09288173889123094,4.2637251247245365,nan
2182.0,22.0,38.0,ppo,0.8669589648717421,0.8361606528564387,0.021784176084107133,1.0,ppo,0.09742880980762736,4.472457871780954,nan
2182.0,22.0,39.0,ppo,0.8669589648717421,0.8995564157737492,0.021784176084107133,1.0,raw,0.09128190046473889,4.190284732932109,nan
2182.0,22.0,39.0,ppo,0.8669589648717421,0.8995564157737492,0.021784176084107133,1.0,ppo,0.08101848974604438,3.7191440903359316,nan
2182.0,22.0,40.0,ppo,0.8669589648717421,0.8738288201732601,0.021784176084107133,1.0,raw,0.05627580676651273,2.583334184833794,nan
2182.0,22.0,40.0,ppo,0.8669589648717421,0.8738288201732601,0.021784176084107133,1.0,ppo,0.046977304938685356,2.156487569569277,nan
2182.0,22.0,41.0,ppo,0.8669589648717421,0.9142888275935301,0.021784176084107133,1.0,raw,0.06560469609215525,3.011575734554304,nan
2182.0,22.0,41.0,ppo,0.8669589648717421,0.9142888275935301,0.021784176084107133,1.0,ppo,0.040388625452279295,1.854035025072407,nan
2182.0,22.0,42.0,ppo,0.8669589648717421,0.8330002616711379,0.021784176084107133,1.0,raw,0.062165107807755596,2.853681845378985,nan
2182.0,22.0,42.0,ppo,0.8669589648717421,0.8330002616711379,0.021784176084107133,1.0,ppo,0.06577537782735668,3.019410859212792,nan
2182.0,22.0,43.0,ppo,0.8669589648717421,0.8924859886599996,0.021784176084107133,1.0,raw,0.15494426617024584,7.112698023189732,nan
2182.0,22.0,43.0,ppo,0.8669589648717421,0.8924859886599996,0.021784176084107133,1.0,ppo,0.11376345742902638,5.222297918901953,nan
2182.0,22.0,44.0,ppo,0.8669589648717421,0.7876543104564878,0.021784176084107133,1.0,raw,0.08468308025881849,3.8873666799177173,nan
2182.0,22.0,44.0,ppo,0.8669589648717421,0.7876543104564878,0.021784176084107133,1.0,ppo,0.10934273829113461,5.019365335139148,nan
2182.0,22.0,45.0,ppo,0.8669589648717421,0.9376521723864089,0.021784176084107133,1.0,raw,0.051208939266425973,2.350740237717137,nan
2182.0,22.0,45.0,ppo,0.8669589648717421,0.9376521723864089,0.021784176084107133,1.0,ppo,0.04885738675286215,2.242792500585163,nan
2182.0,22.0,46.0,ppo,0.8669589648717421,0.8538632640733589,0.021784176084107133,1.0,raw,0.05393163229858178,2.475725136004944,nan
2182.0,22.0,46.0,ppo,0.8669589648717421,0.8538632640733589,0.021784176084107133,1.0,ppo,0.07284248578097105,3.3438256053261535,nan
2182.0,22.0,47.0,ppo,0.8669589648717421,0.9007634630878573,0.021784176084107133,1.0,raw,0.04675122200216091,2.146109259384326,nan
2182.0,22.0,47.0,ppo,0.8669589648717421,0.9007634630878573,0.021784176084107133,1.0,ppo,0.029679154779770702,1.3624180535991641,nan
2182.0,22.0,48.0,ppo,0.8669589648717421,0.846299846891235,0.021784176084107133,1.0,raw,0.06282757484492445,2.8840923155574814,nan
2182.0,22.0,48.0,ppo,0.8669589648717421,0.846299846891235,0.021784176084107133,1.0,ppo,0.0817743859561437,3.7538434155333067,nan
2182.0,22.0,49.0,ppo,0.8669589648717421,0.9065558950911494,0.021784176084107133,1.0,raw,0.05725397623281075,2.6282369372960113,nan
2182.0,22.0,49.0,ppo,0.8669589648717421,0.9065558950911494,0.021784176084107133,1.0,ppo,0.04842563123986189,2.2229728153543205,nan
2182.0,22.0,50.0,ppo,0.8669589648717421,0.8584929727134083,0.021784176084107133,1.0,raw,0.041138064642946164,1.888437941564329,nan
2182.0,22.0,50.0,ppo,0.8669589648717421,0.8584929727134083,0.021784176084107133,1.0,ppo,0.06306473808757744,2.894979265871201,nan
2182.0,22.0,51.0,ppo,0.8669589648717421,0.8636197682782677,0.021784176084107133,1.0,raw,0.12694623528686608,5.827451761165344,nan
2182.0,22.0,51.0,ppo,0.8669589648717421,0.8636197682782677,0.021784176084107133,1.0,ppo,0.0517460194047239,2.3753948372863056,nan
2182.0,22.0,52.0,ppo,0.8669589648717421,0.9401346575043515,0.021784176084107133,1.0,raw,0.061104450740677,2.8049925094599457,nan
2182.0,22.0,52.0,ppo,0.8669589648717421,0.9401346575043515,0.021784176084107133,1.0,ppo,0.04975505993150451,2.2840000805816025,nan
2182.0,22.0,53.0,ppo,0.8669589648717421,0.9216009609783127,0.021784176084107133,1.0,raw,0.06157987725746892,2.8268169069012963,nan
2182.0,22.0,53.0,ppo,0.8669589648717421,0.9216009609783127,0.021784176084107133,1.0,ppo,0.0391372065364651,1.7965887892826045,nan
2182.0,22.0,54.0,ppo,0.8669589648717421,0.8389943544168869,0.021784176084107133,1.0,raw,0.046840145836142974,2.1501912973571526,nan
2182.0,22.0,54.0,ppo,0.8669589648717421,0.8389943544168869,0.021784176084107133,1.0,ppo,0.033439138730395106,1.5350196675462502,nan
2182.0,22.0,55.0,ppo,0.8669589648717421,0.7919241463013731,0.021784176084107133,1.0,raw,0.06602317771445464,3.0307860834187124,nan
2182.0,22.0,55.0,ppo,0.8669589648717421,0.7919241463013731,0.021784176084107133,1.0,ppo,0.07480984261671231,3.4341368857778645,nan
2182.0,22.0,56.0,ppo,0.8669589648717421,0.8997758252247352,0.021784176084107133,1.0,raw,0.05291261220510215,2.428947140383477,nan
2182.0,22.0,56.0,ppo,0.8669589648717421,0.8997758252247352,0.021784176084107133,1.0,ppo,0.050544214461115004,2.320226124961873,nan
2182.0,22.0,57.0,ppo,0.8669589648717421,0.9308546204536885,0.021784176084107133,1.0,raw,0.04176368684982186,1.91715705421106,nan
2182.0,22.0,57.0,ppo,0.8669589648717421,0.9308546204536885,0.021784176084107133,1.0,ppo,0.034677982968259344,1.5918886642473946,nan
2182.0,22.0,58.0,ppo,0.8669589648717421,0.8755100027677796,0.021784176084107133,1.0,raw,0.09833421371935164,4.514020330155721,nan
2182.0,22.0,58.0,ppo,0.8669589648717421,0.8755100027677796,0.021784176084107133,1.0,ppo,0.10220562566857784,4.691737033063325,nan
2182.0,22.0,59.0,ppo,0.8669589648717421,0.8645693203080209,0.021784176084107133,1.0,raw,0.06241854539820814,2.865315867683709,nan
2182.0,22.0,59.0,ppo,0.8669589648717421,0.8645693203080209,0.021784176084107133,1.0,ppo,0.04404848129952253,2.022040270398776,nan
2182.0,22.0,60.0,ppo,0.8669589648717421,0.8217881631299709,0.021784176084107133,1.0,raw,0.06236413118734859,2.86281798983653,nan
2182.0,22.0,60.0,ppo,0.8669589648717421,0.8217881631299709,0.021784176084107133,1.0,ppo,0.06629761271316627,3.043383989240445,nan
2182.0,22.0,61.0,ppo,0.8669589648717421,0.8967601814306759,0.021784176084107133,1.0,raw,0.07279609649007486,3.3416961104709393,nan
2182.0,22.0,61.0,ppo,0.8669589648717421,0.8967601814306759,0.021784176084107133,1.0,ppo,0.05389361911358245,2.4739801452900068,nan
2182.0,22.0,62.0,ppo,0.8669589648717421,0.869308890736123,0.021784176084107133,1.0,raw,0.050069545487530315,2.2984365024509263,nan
2182.0,22.0,62.0,ppo,0.8669589648717421,0.869308890736123,0.021784176084107133,1.0,ppo,0.017499273558545317,0.8033020615965407,nan
2182.0,22.0,63.0,ppo,0.8669589648717421,0.7924737190461233,0.021784176084107133,1.0,raw,0.14508460775107537,6.660091581656069,nan
2182.0,22.0,63.0,ppo,0.8669589648717421,0.7924737190461233,0.021784176084107133,1.0,ppo,0.15875277716647757,7.287527265366592,nan
2182.0,22.0,64.0,ppo,0.8669589648717421,0.9238875294906909,0.021784176084107133,1.0,raw,0.052363980125825875,2.403762250344118,nan
2182.0,22.0,64.0,ppo,0.8669589648717421,0.9238875294906909,0.021784176084107133,1.0,ppo,0.03175298288926072,1.4576168851493279,nan
2182.0,22.0,65.0,ppo,0.8669589648717421,0.8749851105390418,0.021784176084107133,1.0,raw,0.06028898218718027,2.767558522957621,nan
2182.0,22.0,65.0,ppo,0.8669589648717421,0.8749851105390418,0.021784176084107133,1.0,ppo,0.04636393625636317,2.1283309535029167,nan
2182.0,22.0,66.0,ppo,0.8669589648717421,0.8944754260630141,0.021784176084107133,1.0,raw,0.04404498776818952,2.0218799002603998,nan
2182.0,22.0,66.0,ppo,0.8669589648717421,0.8944754260630141,0.021784176084107133,1.0,ppo,0.039731746383719804,1.8238810699251786,nan
2182.0,22.0,67.0,ppo,0.8669589648717421,0.9371607560484536,0.021784176084107133,1.0,raw,0.042678597720497875,1.9591559284004538,nan
2182.0,22.0,67.0,ppo,0.8669589648717421,0.9371607560484536,0.021784176084107133,1.0,ppo,0.06108104644864587,2.8039181382309963,nan
2182.0,22.0,68.0,ppo,0.8669589648717421,0.9015215526305776,0.021784176084107133,1.0,raw,0.057979390718842304,2.6615370025925267,nan
2182.0,22.0,68.0,ppo,0.8669589648717421,0.9015215526305776,0.021784176084107133,1.0,ppo,0.057503539775053514,2.6396931218806023,nan
2182.0,22.0,69.0,ppo,0.8669589648717421,0.9152079898846396,0.021784176084107133,1.0,raw,0.03936912098905566,1.8072347945157219,nan
2182.0,22.0,69.0,ppo,0.8669589648717421,0.9152079898846396,0.021784176084107133,1.0,ppo,0.0365671255281275,1.6786095277115125,nan
2182.0,22.0,70.0,ppo,0.8669589648717421,0.9281381130036571,0.021784176084107133,1.0,raw,0.04035654333199033,1.8525622991742552,nan
2182.0,22.0,70.0,ppo,0.8669589648717421,0.9281381130036571,0.021784176084107133,1.0,ppo,0.027529197955438768,1.2637245424913257,nan
2182.0,22.0,71.0,ppo,0.8669589648717421,0.8756939758066505,0.021784176084107133,1.0,raw,0.05562381812522653,2.553404724166155,nan
2182.0,22.0,71.0,ppo,0.8669589648717421,0.8756939758066505,0.021784176084107133,1.0,ppo,0.0530750877880111,2.436405562601588,nan
2182.0,22.0,72.0,ppo,0.8669589648717421,0.8569704590506518,0.021784176084107133,1.0,raw,0.11619206535536515,5.333782875549479,nan
2182.0,22.0,72.0,ppo,0.8669589648717421,0.8569704590506518,0.021784176084107133,1.0,ppo,0.13439635219221607,6.169448487439756,nan
2182.0,22.0,73.0,ppo,0.8669589648717421,0.885243097247604,0.021784176084107133,1.0,raw,0.020082275685386956,0.9218744655685273,nan
2182.0,22.0,73.0,ppo,0.8669589648717421,0.885243097247604,0.021784176084107133,1.0,ppo,0.021409201316381746,0.9827868280958786,nan
2182.0,22.0,74.0,ppo,0.8669589648717421,0.8308675580442347,0.021784176084107133,1.0,raw,0.10688080283020854,4.906350481998928,nan
2182.0,22.0,74.0,ppo,0.8669589648717421,0.8308675580442347,0.021784176084107133,1.0,ppo,0.11990357727009474,5.504159386481071,nan
2182.0,22.0,75.0,ppo,0.8669589648717421,0.913373596423942,0.021784176084107133,1.0,raw,0.07477202329458636,3.432400794314964,nan
2182.0,22.0,75.0,ppo,0.8669589648717421,0.913373596423942,0.021784176084107133,1.0,ppo,0.029989524958713088,1.3766655595752484,nan
2182.0,22.0,76.0,ppo,0.8669589648717421,0.8303832501963936,0.021784176084107133,1.0,raw,0.032465439688211105,1.4903221293687852,nan
2182.0,22.0,76.0,ppo,0.8669589648717421,0.8303832501963936,0.021784176084107133,1.0,ppo,0.02749886218074034,1.2623319823788246,nan
2182.0,22.0,77.0,ppo,0.8669589648717421,0.9130550656752389,0.021784176084107133,1.0,raw,0.031839117720203675,1.4615708942709211,nan
2182.0,22.0,77.0,ppo,0.8669589648717421,0.9130550656752389,0.021784176084107133,1.0,ppo,0.01932158465984663,0.886955034941298,nan
2182.0,22.0,78.0,ppo,0.8669589648717421,0.8498912713231908,0.021784176084107133,1.0,raw,0.1870602558588089,8.586978692082855,nan
2182.0,22.0,78.0,ppo,0.8669589648717421,0.8498912713231908,0.021784176084107133,1.0,ppo,0.18187229357321752,8.348825903308057,nan
2182.0,22.0,79.0,ppo,0.8669589648717421,0.9411002361874207,0.021784176084107133,1.0,raw,0.024116927549139557,1.1070846772458063,nan
2182.0,22.0,79.0,ppo,0.8669589648717421,0.9411002361874207,0.021784176084107133,1.0,ppo,0.019808109857546885,0.909288916003488,nan
365.0,23.0,0.0,ppo,0.8790034196300883,0.8658703707865594,0.016444976034246113,1.0,raw,0.04251275286175563,2.585151402666945,0.005169846347156892
365.0,23.0,0.0,ppo,0.8790034196300883,0.8658703707865594,0.016444976034246113,1.0,ppo,0.06327706565449608,3.8478052824597433,0.004482200660660185
365.0,23.0,1.0,ppo,0.8790034196300883,0.8951918740532115,0.016444976034246113,1.0,raw,0.039365610101445056,2.3937772861126394,0.003645494053932774
365.0,23.0,1.0,ppo,0.8790034196300883,0.8951918740532115,0.016444976034246113,1.0,ppo,0.055992142525899555,3.404817520517986,0.0024497055286601954
365.0,23.0,2.0,ppo,0.8790034196300883,0.87297218988738,0.016444976034246113,1.0,raw,0.07819953000687693,4.755223105465707,0.003229800126968385
365.0,23.0,2.0,ppo,0.8790034196300883,0.87297218988738,0.016444976034246113,1.0,ppo,0.09658964586874944,5.873504811901503,0.0025199346875086626
365.0,23.0,3.0,ppo,0.8790034196300883,0.9295325586238218,0.016444976034246113,1.0,raw,0.04718887624388081,2.8695010649824937,0.0037404000804514004
365.0,23.0,3.0,ppo,0.8790034196300883,0.9295325586238218,0.016444976034246113,1.0,ppo,0.021613908944309534,1.3143168405535703,0.002560778085086257
365.0,23.0,4.0,ppo,0.8790034196300883,0.8393997901544391,0.016444976034246113,1.0,raw,0.05677914253896628,3.4526740823900024,0.0008978144984931324
365.0,23.0,4.0,ppo,0.8790034196300883,0.8393997901544391,0.016444976034246113,1.0,ppo,0.07191451642793906,4.3730386884225,0.00024131800735816
365.0,23.0,5.0,ppo,0.8790034196300883,0.8674082115501754,0.016444976034246113,1.0,raw,0.056211787119129906,3.418173854560246,0.0019685140033043336
365.0,23.0,5.0,ppo,0.8790034196300883,0.8674082115501754,0.016444976034246113,1.0,ppo,0.03714378464063917,2.258670645873152,0.002036370289231204
365.0,23.0,6.0,ppo,0.8790034196300883,0.8714094060753107,0.016444976034246113,1.0,raw,0.07592187337260514,4.6167214360483335,0.00475860215325552
365.0,23.0,6.0,ppo,0.8790034196300883,0.8714094060753107,0.016444976034246113,1.0,ppo,0.09623957667579973,5.852217508580373,0.004876195759106805
365.0,23.0,7.0,ppo,0.8790034196300883,0.9227797290524175,0.016444976034246113,1.0,raw,0.027414105882046614,1.6670201175701111,0.003515356688423066
365.0,23.0,7.0,ppo,0.8790034196300883,0.9227797290524175,0.016444976034246113,1.0,ppo,0.04587089962022825,2.789356428656608,0.004399422759621241
365.0,23.0,8.0,ppo,0.8790034196300883,0.8842375549640634,0.016444976034246113,1.0,raw,0.21891310432255146,13.311853046588347,0.004588184203966561
365.0,23.0,8.0,ppo,0.8790034196300883,0.8842375549640634,0.016444976034246113,1.0,ppo,0.3091308851102923,18.797892101912314,0.00464751328312818
365.0,23.0,9.0,ppo,0.8790034196300883,0.9116678870768953,0.016444976034246113,1.0,raw,0.06971446640473543,4.239256187394703,0.005794631043301579
365.0,23.0,9.0,ppo,0.8790034196300883,0.9116678870768953,0.016444976034246113,1.0,ppo,0.07211268123907917,4.385088861723296,0.004937140436163223
365.0,23.0,10.0,ppo,0.8790034196300883,0.930325644904696,0.016444976034246113,1.0,raw,0.05343957335404417,3.2495987371923225,0.001070873655247051
365.0,23.0,10.0,ppo,0.8790034196300883,0.930325644904696,0.016444976034246113,1.0,ppo,0.037913339217562785,2.3054663709214003,0.002441398781095838
365.0,23.0,11.0,ppo,0.8790034196300883,0.7822962195835719,0.016444976034246113,1.0,raw,0.0817323772469423,4.970051465975831,0.0011347222068087692
365.0,23.0,11.0,ppo,0.8790034196300883,0.7822962195835719,0.016444976034246113,1.0,ppo,0.06964251589375134,4.2348809599188915,0.0010252816597273728
365.0,23.0,12.0,ppo,0.8790034196300883,0.9480693982920761,0.016444976034246113,1.0,raw,0.02415661637014294,1.468935942493172,0.0015761840524245452
365.0,23.0,12.0,ppo,0.8790034196300883,0.9480693982920761,0.016444976034246113,1.0,ppo,0.03437647531046395,2.090393761527903,0.0018029563861522435
365.0,23.0,13.0,ppo,0.8790034196300883,0.9239578264429331,0.016444976034246113,1.0,raw,0.03446893500782291,2.096016128940687,0.003003945191529356
365.0,23.0,13.0,ppo,0.8790034196300883,0.9239578264429331,0.016444976034246113,1.0,ppo,0.025152574842774614,1.5294990269608917,0.0032133948994254036
365.0,23.0,14.0,ppo,0.8790034196300883,0.864750857573927,0.016444976034246113,1.0,raw,0.09767697510239709,5.939624046820625,0.004583501377382393
365.0,23.0,14.0,ppo,0.8790034196300883,0.864750857573927,0.016444976034246113,1.0,ppo,0.12007623335001327,7.30169707149214,0.003025864388974009
365.0,23.0,15.0,ppo,0.8790034196300883,0.8420145265201231,0.016444976034246113,1.0,raw,0.08691655502149159,5.285295329132178,0.001326340031697626
365.0,23.0,15.0,ppo,0.8790034196300883,0.8420145265201231,0.016444976034246113,1.0,ppo,0.09774109131582064,5.9435228797097714,0.0008986845644138874
365.0,23.0,16.0,ppo,0.8790034196300883,0.8826934001089572,0.016444976034246113,1.0,raw,0.053852221942586,3.2746914212851723,0.0041123731365519944
365.0,23.0,16.0,ppo,0.8790034196300883,0.8826934001089572,0.016444976034246113,1.0,ppo,0.05343141553289315,3.2491026695097647,0.0036237414661535183
365.0,23.0,17.0,ppo,0.8790034196300883,0.8571500079708259,0.016444976034246113,1.0,raw,0.06836505530021314,4.15720005659146,0.0030592956040881303
365.0,23.0,17.0,ppo,0.8790034196300883,0.8571500079708259,0.016444976034246113,1.0,ppo,0.03925912979751621,2.387302341807029,0.0024850646241240115
365.0,23.0,18.0,ppo,0.8790034196300883,0.8835187482758753,0.016444976034246113,1.0,raw,0.02909256154362013,1.7690850678672831,0.00294907118069343
365.0,23.0,18.0,ppo,0.8790034196300883,0.8835187482758753,0.016444976034246113,1.0,ppo,0.009188060370841283,0.5587153396701493,0.0022961304972848318
365.0,23.0,19.0,ppo,0.8790034196300883,0.9090080127091056,0.016444976034246113,1.0,raw,0.03329534685142697,2.024651588551453,0.0030984075318225557
365.0,23.0,19.0,ppo,0.8790034196300883,0.9090080127091056,0.016444976034246113,1.0,ppo,0.025196147796493915,1.5321486479532582,0.003263438771867966
365.0,23.0,20.0,ppo,0.8790034196300883,0.9035657269462692,0.016444976034246113,1.0,raw,0.03174657768997225,1.9304727245488873,nan
365.0,23.0,20.0,ppo,0.8790034196300883,0.9035657269462692,0.016444976034246113,1.0,ppo,0.010331873788476388,0.6282693125827977,nan
365.0,23.0,21.0,ppo,0.8790034196300883,0.9169271242791479,0.016444976034246113,1.0,raw,0.03488311421812003,2.12120188837473,nan
365.0,23.0,21.0,ppo,0.8790034196300883,0.9169271242791479,0.016444976034246113,1.0,ppo,0.04118272828098183,2.504274143982951,nan
365.0,23.0,22.0,ppo,0.8790034196300883,0.7654668584218592,0.016444976034246113,1.0,raw,0.08606548831876083,5.233542945853635,nan
365.0,23.0,22.0,ppo,0.8790034196300883,0.7654668584218592,0.016444976034246113,1.0,ppo,0.11139665539089201,6.773901960021845,nan
365.0,23.0,23.0,ppo,0.8790034196300883,0.8067357818103199,0.016444976034246113,1.0,raw,0.05956830975454408,3.6222801195024585,nan
365.0,23.0,23.0,ppo,0.8790034196300883,0.8067357818103199,0.016444976034246113,1.0,ppo,0.0797854336313849,4.8516600732791835,nan
365.0,23.0,24.0,ppo,0.8790034196300883,0.8489531580864673,0.016444976034246113,1.0,raw,0.08729233173674328,5.308145877194343,nan
365.0,23.0,24.0,ppo,0.8790034196300883,0.8489531580864673,0.016444976034246113,1.0,ppo,0.03347287416108232,2.0354468192216384,nan
365.0,23.0,25.0,ppo,0.8790034196300883,0.9088933074852039,0.016444976034246113,1.0,raw,0.051565683031968124,3.1356496309015176,nan
365.0,23.0,25.0,ppo,0.8790034196300883,0.9088933074852039,0.016444976034246113,1.0,ppo,0.050139207502306236,3.0489073014088324,nan
365.0,23.0,26.0,ppo,0.8790034196300883,0.8803192525347077,0.016444976034246113,1.0,raw,0.06756826946403166,4.108748430117685,nan
365.0,23.0,26.0,ppo,0.8790034196300883,0.8803192525347077,0.016444976034246113,1.0,ppo,0.024537466670026195,1.4920950093771947,nan
365.0,23.0,27.0,ppo,0.8790034196300883,0.853749259612152,0.016444976034246113,1.0,raw,0.13172601547936774,8.010106868204169,nan
365.0,23.0,27.0,ppo,0.8790034196300883,0.853749259612152,0.016444976034246113,1.0,ppo,0.17601603585932685,10.703331856050099,nan
365.0,23.0,28.0,ppo,0.8790034196300883,0.9476482530825101,0.016444976034246113,1.0,raw,0.02669708482607222,1.6234188952587363,nan
365.0,23.0,28.0,ppo,0.8790034196300883,0.9476482530825101,0.016444976034246113,1.0,ppo,0.022749760629790353,1.3833866697290855,nan
365.0,23.0,29.0,ppo,0.8790034196300883,0.893792415736395,0.016444976034246113,1.0,raw,0.051849892347142615,3.1529320711180695,nan
365.0,23.0,29.0,ppo,0.8790034196300883,0.893792415736395,0.016444976034246113,1.0,ppo,0.03485026734166456,2.119204507753009,nan
365.0,23.0,30.0,ppo,0.8790034196300883,0.8438484176885962,0.016444976034246113,1.0,raw,0.06618066692399639,4.024369922228975,nan
365.0,23.0,30.0,ppo,0.8790034196300883,0.8438484176885962,0.016444976034246113,1.0,ppo,0.03803218527381359,2.3126932623442467,nan
365.0,23.0,31.0,ppo,0.8790034196300883,0.9127378760011612,0.016444976034246113,1.0,raw,0.05265490806791375,3.201884147368878,nan
365.0,23.0,31.0,ppo,0.8790034196300883,0.9127378760011612,0.016444976034246113,1.0,ppo,0.059076802795836846,3.592392148995011,nan
365.0,23.0,32.0,ppo,0.8790034196300883,0.9208215474861328,0.016444976034246113,1.0,raw,0.04989219486090585,3.0338867479652762,nan
365.0,23.0,32.0,ppo,0.8790034196300883,0.9208215474861328,0.016444976034246113,1.0,ppo,0.031652165271766,1.9247316144366173,nan
365.0,23.0,33.0,ppo,0.8790034196300883,0.8831219966885554,0.016444976034246113,1.0,raw,0.026285317054362003,1.598379772620143,nan
365.0,23.0,33.0,ppo,0.8790034196300883,0.8831219966885554,0.016444976034246113,1.0,ppo,0.03756215869991742,2.2841114892290193,nan
365.0,23.0,34.0,ppo,0.8790034196300883,0.8772749080422959,0.016444976034246113,1.0,raw,0.07409808936626712,4.505819236948739,nan
365.0,23.0,34.0,ppo,0.8790034196300883,0.8772749080422959,0.016444976034246113,1.0,ppo,0.07778515873676478,4.730025667096126,nan
365.0,23.0,35.0,ppo,0.8790034196300883,0.9584671453484997,0.016444976034246113,1.0,raw,0.041743464043699795,2.5383718381085156,nan
365.0,23.0,35.0,ppo,0.8790034196300883,0.9584671453484997,0.016444976034246113,1.0,ppo,0.020678714483740427,1.2574487454817627,nan
365.0,23.0,36.0,ppo,0.8790034196300883,0.8748626112787088,0.016444976034246113,1.0,raw,0.042058436566620144,2.5575249534590294,nan
365.0,23.0,36.0,ppo,0.8790034196300883,0.8748626112787088,0.016444976034246113,1.0,ppo,0.04336840188527701,2.6371824315805488,nan
365.0,23.0,37.0,ppo,0.8790034196300883,0.8786931116774495,0.016444976034246113,1.0,raw,0.0354091983954172,2.153192459610688,nan
365.0,23.0,37.0,ppo,0.8790034196300883,0.8786931116774495,0.016444976034246113,1.0,ppo,0.037173229735921486,2.2604611681105204,nan
365.0,23.0,38.0,ppo,0.8790034196300883,0.8773738357440085,0.016444976034246113,1.0,raw,0.04791951792623175,2.913930541853084,nan
365.0,23.0,38.0,ppo,0.8790034196300883,0.8773738357440085,0.016444976034246113,1.0,ppo,0.06275987820926594,3.8163557112257624,nan
365.0,23.0,39.0,ppo,0.8790034196300883,0.9309883232167895,0.016444976034246113,1.0,raw,0.08178769808751614,4.973415462399944,nan
365.0,23.0,39.0,ppo,0.8790034196300883,0.9309883232167895,0.016444976034246113,1.0,ppo,0.09616860258709709,5.847901656215806,nan
365.0,23.0,40.0,ppo,0.8790034196300883,0.8969112240279216,0.016444976034246113,1.0,raw,0.029287830724228133,1.7809591612196458,nan
365.0,23.0,40.0,ppo,0.8790034196300883,0.8969112240279216,0.016444976034246113,1.0,ppo,0.016687436607055746,1.01474374740983,nan
365.0,23.0,41.0,ppo,0.8790034196300883,0.9188868014441605,0.016444976034246113,1.0,raw,0.05483591626522523,3.334508736955972,nan
365.0,23.0,41.0,ppo,0.8790034196300883,0.9188868014441605,0.016444976034246113,1.0,ppo,0.06684855870902871,4.0649836503147725,nan
365.0,23.0,42.0,ppo,0.8790034196300883,0.8800001003241749,0.016444976034246113,1.0,raw,0.047822717537495216,2.9080442220107834,nan
365.0,23.0,42.0,ppo,0.8790034196300883,0.8800001003241749,0.016444976034246113,1.0,ppo,0.061591970912489344,3.7453366173490386,nan
365.0,23.0,43.0,ppo,0.8790034196300883,0.916080080746589,0.016444976034246113,1.0,raw,0.0433246533359941,2.634522132824758,nan
365.0,23.0,43.0,ppo,0.8790034196300883,0.916080080746589,0.016444976034246113,1.0,ppo,0.03115545299336433,1.894527114450282,nan
365.0,23.0,44.0,ppo,0.8790034196300883,0.9371619827272756,0.016444976034246113,1.0,raw,0.03854328155446397,2.3437724368949446,nan
365.0,23.0,44.0,ppo,0.8790034196300883,0.9371619827272756,0.016444976034246113,1.0,ppo,0.014332693416248035,0.8715545335183633,nan
365.0,23.0,45.0,ppo,0.8790034196300883,0.865471195449781,0.016444976034246113,1.0,raw,0.05154330931963799,3.1342891112945845,nan
365.0,23.0,45.0,ppo,0.8790034196300883,0.865471195449781,0.016444976034246113,1.0,ppo,0.048180819430188815,2.9298199845262083,nan
365.0,23.0,46.0,ppo,0.8790034196300883,0.9013057638218569,0.016444976034246113,1.0,raw,0.06464169682540055,3.9307869279217176,nan
365.0,23.0,46.0,ppo,0.8790034196300883,0.9013057638218569,0.016444976034246113,1.0,ppo,0.07166768375977545,4.358029078943617,nan
365.0,23.0,47.0,ppo,0.8790034196300883,0.8274617197471865,0.016444976034246113,1.0,raw,0.3901650299219236,23.725484859899947,nan
365.0,23.0,47.0,ppo,0.8790034196300883,0.8274617197471865,0.016444976034246113,1.0,ppo,0.44560866932123533,27.096948538767716,nan
365.0,23.0,48.0,ppo,0.8790034196300883,0.8981788192669915,0.016444976034246113,1.0,raw,0.055223648556951555,3.358086289815817,nan
365.0,23.0,48.0,ppo,0.8790034196300883,0.8981788192669915,0.016444976034246113,1.0,ppo,0.062068877416391055,3.7743367510621293,nan
365.0,23.0,49.0,ppo,0.8790034196300883,0.9274493445828664,0.016444976034246113,1.0,raw,0.07175247114549323,4.363184901946412,nan
365.0,23.0,49.0,ppo,0.8790034196300883,0.9274493445828664,0.016444976034246113,1.0,ppo,0.05563372963654408,3.383022846654729,nan
365.0,23.0,50.0,ppo,0.8790034196300883,0.8549915451041206,0.016444976034246113,1.0,raw,0.040689248775426054,2.4742662251797785,nan
365.0,23.0,50.0,ppo,0.8790034196300883,0.8549915451041206,0.016444976034246113,1.0,ppo,0.02335185319413867,1.4199992231979672,nan
365.0,23.0,51.0,ppo,0.8790034196300883,0.8987135126950251,0.016444976034246113,1.0,raw,0.04129730937536226,2.5112416880001525,nan
365.0,23.0,51.0,ppo,0.8790034196300883,0.8987135126950251,0.016444976034246113,1.0,ppo,0.04413658914013783,2.683895011353307,nan
365.0,23.0,52.0,ppo,0.8790034196300883,0.915250534195322,0.016444976034246113,1.0,raw,0.047014058859740915,2.8588706217531548,nan
365.0,23.0,52.0,ppo,0.8790034196300883,0.915250534195322,0.016444976034246113,1.0,ppo,0.04414583236850432,2.684457081395078,nan
365.0,23.0,53.0,ppo,0.8790034196300883,0.763812385220199,0.016444976034246113,1.0,raw,0.03740018356076256,2.274261968085446,nan
365.0,23.0,53.0,ppo,0.8790034196300883,0.763812385220199,0.016444976034246113,1.0,ppo,0.04284623236123753,2.605429905888077,nan
365.0,23.0,54.0,ppo,0.8790034196300883,0.8983459016398735,0.016444976034246113,1.0,raw,0.052241970476276975,3.1767738893315998,nan
365.0,23.0,54.0,ppo,0.8790034196300883,0.8983459016398735,0.016444976034246113,1.0,ppo,0.06379440394808907,3.879264026608452,nan
365.0,23.0,55.0,ppo,0.8790034196300883,0.8502649181110439,0.016444976034246113,1.0,raw,0.1296454378355509,7.883589344585764,nan
365.0,23.0,55.0,ppo,0.8790034196300883,0.8502649181110439,0.016444976034246113,1.0,ppo,0.15668749273660634,9.527985471691164,nan
365.0,23.0,56.0,ppo,0.8790034196300883,0.8696718512450508,0.016444976034246113,1.0,raw,0.03352705171865555,2.038741293926886,nan
365.0,23.0,56.0,ppo,0.8790034196300883,0.8696718512450508,0.016444976034246113,1.0,ppo,0.02319195498599103,1.4102759978302528,nan
365.0,23.0,57.0,ppo,0.8790034196300883,0.9276582875369759,0.016444976034246113,1.0,raw,0.03674452278390101,2.2343919934806697,nan
365.0,23.0,57.0,ppo,0.8790034196300883,0.9276582875369759,0.016444976034246113,1.0,ppo,0.015930612077337404,0.9687221218299399,nan
365.0,23.0,58.0,ppo,0.8790034196300883,0.8674338642836741,0.016444976034246113,1.0,raw,0.12286877796330253,7.471508484258804,nan
365.0,23.0,58.0,ppo,0.8790034196300883,0.8674338642836741,0.016444976034246113,1.0,ppo,0.11718104162708859,7.125643806537814,nan
365.0,23.0,59.0,ppo,0.8790034196300883,0.9405845866687348,0.016444976034246113,1.0,raw,0.017860071578840182,1.0860503257436909,nan
365.0,23.0,59.0,ppo,0.8790034196300883,0.9405845866687348,0.016444976034246113,1.0,ppo,0.019768729235623637,1.2021135935045402,nan
365.0,23.0,60.0,ppo,0.8790034196300883,0.804566700165869,0.016444976034246113,1.0,raw,0.09544444892941058,5.803866708631907,nan
365.0,23.0,60.0,ppo,0.8790034196300883,0.804566700165869,0.016444976034246113,1.0,ppo,0.13338570836502978,8.111030875767682,nan
365.0,23.0,61.0,ppo,0.8790034196300883,0.8957346701231509,0.016444976034246113,1.0,raw,0.03581852351716686,2.1780830475262465,nan
365.0,23.0,61.0,ppo,0.8790034196300883,0.8957346701231509,0.016444976034246113,1.0,ppo,0.016367005716256308,0.9952587150125708,nan
365.0,23.0,62.0,ppo,0.8790034196300883,0.9120960009808231,0.016444976034246113,1.0,raw,0.03812322544955267,2.3182293102867604,nan
365.0,23.0,62.0,ppo,0.8790034196300883,0.9120960009808231,0.016444976034246113,1.0,ppo,0.06185338637603096,3.7612329897728856,nan
365.0,23.0,63.0,ppo,0.8790034196300883,0.9146778986351157,0.016444976034246113,1.0,raw,0.11364399943792293,6.910560356017735,nan
365.0,23.0,63.0,ppo,0.8790034196300883,0.9146778986351157,0.016444976034246113,1.0,ppo,0.1381375698107319,8.399986082257891,nan
365.0,23.0,64.0,ppo,0.8790034196300883,0.9406103590556933,0.016444976034246113,1.0,raw,0.09414198188936163,5.724665192172618,nan
365.0,23.0,64.0,ppo,0.8790034196300883,0.9406103590556933,0.016444976034246113,1.0,ppo,0.03664586612348689,2.228392795901502,nan
365.0,23.0,65.0,ppo,0.8790034196300883,0.922392229656386,0.016444976034246113,1.0,raw,0.04582047994087869,2.7862904661860908,nan
365.0,23.0,65.0,ppo,0.8790034196300883,0.922392229656386,0.016444976034246113,1.0,ppo,0.055186559101463716,3.3558309228629795,nan
365.0,23.0,66.0,ppo,0.8790034196300883,0.9169678833123471,0.016444976034246113,1.0,raw,0.09631009668771132,5.856505749059698,nan
365.0,23.0,66.0,ppo,0.8790034196300883,0.9169678833123471,0.016444976034246113,1.0,ppo,0.11126403337616621,6.765837368474273,nan
365.0,23.0,67.0,ppo,0.8790034196300883,0.8846987428181751,0.016444976034246113,1.0,raw,0.06683587102906706,4.064212127149568,nan
365.0,23.0,67.0,ppo,0.8790034196300883,0.8846987428181751,0.016444976034246113,1.0,ppo,0.06693013994619365,4.069944511126916,nan
365.0,23.0,68.0,ppo,0.8790034196300883,0.8781270547873047,0.016444976034246113,1.0,raw,0.05993678966731401,3.6446869574329357,nan
365.0,23.0,68.0,ppo,0.8790034196300883,0.8781270547873047,0.016444976034246113,1.0,ppo,0.09415577245221485,5.7255037803727165,nan
365.0,23.0,69.0,ppo,0.8790034196300883,0.7377927421620101,0.016444976034246113,1.0,raw,0.03483612654791103,2.1183446224163514,nan
365.0,23.0,69.0,ppo,0.8790034196300883,0.7377927421620101,0.016444976034246113,1.0,ppo,0.030297994219521562,1.8423860367097527,nan
365.0,23.0,70.0,ppo,0.8790034196300883,0.9228181755776936,0.016444976034246113,1.0,raw,0.042537896481378776,2.5866803571373427,nan
365.0,23.0,70.0,ppo,0.8790034196300883,0.9228181755776936,0.016444976034246113,1.0,ppo,0.04254985838378232,2.587407746607454,nan
365.0,23.0,71.0,ppo,0.8790034196300883,0.9373369747538074,0.016444976034246113,1.0,raw,0.06616491764032634,4.023412226478173,nan
365.0,23.0,71.0,ppo,0.8790034196300883,0.9373369747538074,0.016444976034246113,1.0,ppo,0.09408373324666784,5.7211231594829695,nan
365.0,23.0,72.0,ppo,0.8790034196300883,0.8716107475677937,0.016444976034246113,1.0,raw,0.04332964511048076,2.6348256768661886,nan
365.0,23.0,72.0,ppo,0.8790034196300883,0.8716107475677937,0.016444976034246113,1.0,ppo,0.03981019056800394,2.420811710828921,nan
365.0,23.0,73.0,ppo,0.8790034196300883,0.9093389874090759,0.016444976034246113,1.0,raw,0.0363811377538195,2.2122949694822904,nan
365.0,23.0,73.0,ppo,0.8790034196300883,0.9093389874090759,0.016444976034246113,1.0,ppo,0.05632444977707496,3.425024740673454,nan
365.0,23.0,74.0,ppo,0.8790034196300883,0.9125623565770258,0.016444976034246113,1.0,raw,0.03952224389723274,2.4033020063348824,nan
365.0,23.0,74.0,ppo,0.8790034196300883,0.9125623565770258,0.016444976034246113,1.0,ppo,0.055443946054109544,3.3714823261918645,nan
365.0,23.0,75.0,ppo,0.8790034196300883,0.7386635862976352,0.016444976034246113,1.0,raw,0.07349525534209925,4.469161596164557,nan
365.0,23.0,75.0,ppo,0.8790034196300883,0.7386635862976352,0.016444976034246113,1.0,ppo,0.051537956653432464,3.133963621844531,nan
365.0,23.0,76.0,ppo,0.8790034196300883,0.8936730106114632,0.016444976034246113,1.0,raw,0.040102752211886895,2.438602046507958,nan
365.0,23.0,76.0,ppo,0.8790034196300883,0.8936730106114632,0.016444976034246113,1.0,ppo,0.0635571037045113,3.864834072859441,nan
365.0,23.0,77.0,ppo,0.8790034196300883,0.9334565401978254,0.016444976034246113,1.0,raw,0.09803755055837099,5.961550223862356,nan
365.0,23.0,77.0,ppo,0.8790034196300883,0.9334565401978254,0.016444976034246113,1.0,ppo,0.08005131199406441,4.867827829445311,nan
365.0,23.0,78.0,ppo,0.8790034196300883,0.8838200883310028,0.016444976034246113,1.0,raw,0.024381962377608826,1.482638972950414,nan
365.0,23.0,78.0,ppo,0.8790034196300883,0.8838200883310028,0.016444976034246113,1.0,ppo,0.05765572288109499,3.5059779206141055,nan
365.0,23.0,79.0,ppo,0.8790034196300883,0.8347904418597966,0.016444976034246113,1.0,raw,0.03198473952340535,1.9449550705819334,nan
365.0,23.0,79.0,ppo,0.8790034196300883,0.8347904418597966,0.016444976034246113,1.0,ppo,0.04267421675842359,2.594969835745334,nan
2941.0,24.0,0.0,ppo,0.8973061855713201,0.9086487445641175,0.017269321819031826,1.0,raw,0.03563196728444732,2.063310166886737,0.0012022791090314788
2941.0,24.0,0.0,ppo,0.8973061855713201,0.9086487445641175,0.017269321819031826,1.0,ppo,0.018488884894092172,1.0706202066207553,0.0018186479409773026
2941.0,24.0,1.0,ppo,0.8973061855713201,0.9239277245107922,0.017269321819031826,1.0,raw,0.06922217196762656,4.008389715184969,0.002296317811751658
2941.0,24.0,1.0,ppo,0.8973061855713201,0.9239277245107922,0.017269321819031826,1.0,ppo,0.044128545853015316,2.555314349656917,0.003135482353183283
2941.0,24.0,2.0,ppo,0.8973061855713201,0.9271145604530515,0.017269321819031826,1.0,raw,0.09313970752586748,5.3933622004323265,0.0018234786252274704
2941.0,24.0,2.0,ppo,0.8973061855713201,0.9271145604530515,0.017269321819031826,1.0,ppo,0.040033562734816376,2.318189628656812,0.0023881020878616654
2941.0,24.0,3.0,ppo,0.8973061855713201,0.9217527146778974,0.017269321819031826,1.0,raw,0.034856185020826914,2.018387600051168,0.001092022880654464
2941.0,24.0,3.0,ppo,0.8973061855713201,0.9217527146778974,0.017269321819031826,1.0,ppo,0.03816197825093365,2.2098133702550418,0.0013758280204722029
2941.0,24.0,4.0,ppo,0.8973061855713201,0.8965410890053879,0.017269321819031826,1.0,raw,0.11926652144088687,6.906265497319532,0.0027203417483030456
2941.0,24.0,4.0,ppo,0.8973061855713201,0.8965410890053879,0.017269321819031826,1.0,ppo,0.14479345762251114,8.384432182098783,0.00287903702284098
2941.0,24.0,5.0,ppo,0.8973061855713201,0.9209184512085917,0.017269321819031826,1.0,raw,0.10725443825890428,6.210691964794093,0.0018415615527662688
2941.0,24.0,5.0,ppo,0.8973061855713201,0.9209184512085917,0.017269321819031826,1.0,ppo,0.12786752921523178,7.4043167737087465,0.002455523888719835
2941.0,24.0,6.0,ppo,0.8973061855713201,0.887244653913167,0.017269321819031826,1.0,raw,0.028843693585278773,1.670227348099524,0.0023011559678336457
2941.0,24.0,6.0,ppo,0.8973061855713201,0.887244653913167,0.017269321819031826,1.0,ppo,0.05273251297881067,3.053536990705465,0.002486203396000697
2941.0,24.0,7.0,ppo,0.8973061855713201,0.9185217476069725,0.017269321819031826,1.0,raw,0.05107455583447989,2.9575310698184265,0.0013202419417845945
2941.0,24.0,7.0,ppo,0.8973061855713201,0.9185217476069725,0.017269321819031826,1.0,ppo,0.06842890877521113,3.962454895003368,0.001730880335931273
2941.0,24.0,8.0,ppo,0.8973061855713201,0.8822917538059369,0.017269321819031826,1.0,raw,0.07296413152680661,4.225072199789326,0.002086285746349059
2941.0,24.0,8.0,ppo,0.8973061855713201,0.8822917538059369,0.017269321819031826,1.0,ppo,0.07228615430829151,4.185813146908169,0.002971206914678448
2941.0,24.0,9.0,ppo,0.8973061855713201,0.8920538869675251,0.017269321819031826,1.0,raw,0.059174570032202944,3.4265717352599814,0.0020793132770312583
2941.0,24.0,9.0,ppo,0.8973061855713201,0.8920538869675251,0.017269321819031826,1.0,ppo,0.06003631675983247,3.476472173543541,0.0030824308930044175
2941.0,24.0,10.0,ppo,0.8973061855713201,0.9177049884842016,0.017269321819031826,1.0,raw,0.031705936965023024,1.835968852585814,0.0020403442505072533
2941.0,24.0,10.0,ppo,0.8973061855713201,0.9177049884842016,0.017269321819031826,1.0,ppo,0.026502938738275007,1.534683238635763,0.0023468025431456763
2941.0,24.0,11.0,ppo,0.8973061855713201,0.8976331694132608,0.017269321819031826,1.0,raw,0.08870149462690619,5.13636236306349,-7.286217249014015e-05
2941.0,24.0,11.0,ppo,0.8973061855713201,0.8976331694132608,0.017269321819031826,1.0,ppo,0.02678210381199371,1.5508486142448414,0.001854446537900234
2941.0,24.0,12.0,ppo,0.8973061855713201,0.9014461246077364,0.017269321819031826,1.0,raw,0.07955661627889135,4.606817633754164,0.004266263173574147
2941.0,24.0,12.0,ppo,0.8973061855713201,0.9014461246077364,0.017269321819031826,1.0,ppo,0.05106752435848667,2.9571239040902695,0.0038910413034853875
2941.0,24.0,13.0,ppo,0.8973061855713201,0.8789958402957017,0.017269321819031826,1.0,raw,0.0522296101628337,3.0244158230506506,0.0009677392404864316
2941.0,24.0,13.0,ppo,0.8973061855713201,0.8789958402957017,0.017269321819031826,1.0,ppo,0.03490916094569944,2.021455232088353,0.0012176761422316718
2941.0,24.0,14.0,ppo,0.8973061855713201,0.89485825079679,0.017269321819031826,1.0,raw,0.03661776983278201,2.1203942005659444,0.0024281417467065802
2941.0,24.0,14.0,ppo,0.8973061855713201,0.89485825079679,0.017269321819031826,1.0,ppo,0.02449527163471058,1.4184269591707606,0.0032606622991279144
2941.0,24.0,15.0,ppo,0.8973061855713201,0.9305483948073147,0.017269321819031826,1.0,raw,0.05164366177660693,2.9904858058579076,0.0017728916856729615
2941.0,24.0,15.0,ppo,0.8973061855713201,0.9305483948073147,0.017269321819031826,1.0,ppo,0.051340841379375994,2.972950641454566,0.0022009074515633165
2941.0,24.0,16.0,ppo,0.8973061855713201,0.9176713826625571,0.017269321819031826,1.0,raw,0.06286629013874301,3.6403450464082843,0.004765899013502217
2941.0,24.0,16.0,ppo,0.8973061855713201,0.9176713826625571,0.017269321819031826,1.0,ppo,0.05658295033339774,3.276501007181414,0.0053082254192012845
2941.0,24.0,17.0,ppo,0.8973061855713201,0.9339143810318145,0.017269321819031826,1.0,raw,0.037988984703785235,2.1997959793602955,0.002228114574736928
2941.0,24.0,17.0,ppo,0.8973061855713201,0.9339143810318145,0.017269321819031826,1.0,ppo,0.05436242640566902,3.1479190077839867,0.002660220777444988
2941.0,24.0,18.0,ppo,0.8973061855713201,0.9061495625333731,0.017269321819031826,1.0,raw,0.0757508397266205,4.386439752552329,0.0011032211410130222
2941.0,24.0,18.0,ppo,0.8973061855713201,0.9061495625333731,0.017269321819031826,1.0,ppo,0.07738591665817254,4.481120768326214,0.001526808318692674
2941.0,24.0,19.0,ppo,0.8973061855713201,0.9054370846995065,0.017269321819031826,1.0,raw,0.07269750123091062,4.20963266494887,0.0036291330770507058
2941.0,24.0,19.0,ppo,0.8973061855713201,0.9054370846995065,0.017269321819031826,1.0,ppo,0.036720939980252075,2.1263683869614036,0.004122186277372153
2941.0,24.0,20.0,ppo,0.8973061855713201,0.885091930974795,0.017269321819031826,1.0,raw,0.07267721984856582,4.20845824810973,nan
2941.0,24.0,20.0,ppo,0.8973061855713201,0.885091930974795,0.017269321819031826,1.0,ppo,0.10164899379297829,5.88610223714489,nan
2941.0,24.0,21.0,ppo,0.8973061855713201,0.8318419372920475,0.017269321819031826,1.0,raw,0.16273459375469526,9.42333436483603,nan
2941.0,24.0,21.0,ppo,0.8973061855713201,0.8318419372920475,0.017269321819031826,1.0,ppo,0.2006263068538158,11.617497719725948,nan
2941.0,24.0,22.0,ppo,0.8973061855713201,0.9041943922666142,0.017269321819031826,1.0,raw,0.043677603476536854,2.5292020111873486,nan
2941.0,24.0,22.0,ppo,0.8973061855713201,0.9041943922666142,0.017269321819031826,1.0,ppo,0.041225466580331965,2.3872081956860076,nan
2941.0,24.0,23.0,ppo,0.8973061855713201,0.9059549363444681,0.017269321819031826,1.0,raw,0.06629361182691199,3.838808062158669,nan
2941.0,24.0,23.0,ppo,0.8973061855713201,0.9059549363444681,0.017269321819031826,1.0,ppo,0.057543325976268794,3.332112666569952,nan
2941.0,24.0,24.0,ppo,0.8973061855713201,0.913114990177967,0.017269321819031826,1.0,raw,0.04426639733075886,2.5632967984865878,nan
2941.0,24.0,24.0,ppo,0.8973061855713201,0.913114990177967,0.017269321819031826,1.0,ppo,0.036461913773807725,2.1113691756919204,nan
2941.0,24.0,25.0,ppo,0.8973061855713201,0.9191355436831237,0.017269321819031826,1.0,raw,0.05114753401822192,2.9617569557279473,nan
2941.0,24.0,25.0,ppo,0.8973061855713201,0.9191355436831237,0.017269321819031826,1.0,ppo,0.05347458443080216,3.096507494108424,nan
2941.0,24.0,26.0,ppo,0.8973061855713201,0.9144427319752956,0.017269321819031826,1.0,raw,0.03314260618929221,1.9191608412072718,nan
2941.0,24.0,26.0,ppo,0.8973061855713201,0.9144427319752956,0.017269321819031826,1.0,ppo,0.03571398838931937,2.0680596935752518,nan
2941.0,24.0,27.0,ppo,0.8973061855713201,0.9122378514030078,0.017269321819031826,1.0,raw,0.06410918652432676,3.7123163952897444,nan
2941.0,24.0,27.0,ppo,0.8973061855713201,0.9122378514030078,0.017269321819031826,1.0,ppo,0.05844635462282284,3.3844035819873053,nan
2941.0,24.0,28.0,ppo,0.8973061855713201,0.8869329534302066,0.017269321819031826,1.0,raw,0.0973291464777071,5.635956495433686,nan
2941.0,24.0,28.0,ppo,0.8973061855713201,0.8869329534302066,0.017269321819031826,1.0,ppo,0.08446732382843841,4.891177818885184,nan
2941.0,24.0,29.0,ppo,0.8973061855713201,0.9426676601235825,0.017269321819031826,1.0,raw,0.0856469720972955,4.959486712611229,nan
2941.0,24.0,29.0,ppo,0.8973061855713201,0.9426676601235825,0.017269321819031826,1.0,ppo,0.08393837150552977,4.8605482244835265,nan
2941.0,24.0,30.0,ppo,0.8973061855713201,0.8905075555642272,0.017269321819031826,1.0,raw,0.07519690546419276,4.354363550126287,nan
2941.0,24.0,30.0,ppo,0.8973061855713201,0.8905075555642272,0.017269321819031826,1.0,ppo,0.0795506050053467,4.60646954402559,nan
2941.0,24.0,31.0,ppo,0.8973061855713201,0.9358157896231776,0.017269321819031826,1.0,raw,0.07174940488457285,4.154732052390194,nan
2941.0,24.0,31.0,ppo,0.8973061855713201,0.9358157896231776,0.017269321819031826,1.0,ppo,0.04480206443726227,2.594315220177767,nan
2941.0,24.0,32.0,ppo,0.8973061855713201,0.9210746832841524,0.017269321819031826,1.0,raw,0.04652111655940373,2.6938589162276587,nan
2941.0,24.0,32.0,ppo,0.8973061855713201,0.9210746832841524,0.017269321819031826,1.0,ppo,0.0350511272015457,2.029675951890436,nan
2941.0,24.0,33.0,ppo,0.8973061855713201,0.9404474345843404,0.017269321819031826,1.0,raw,0.06434585694413528,3.726021068946801,nan
2941.0,24.0,33.0,ppo,0.8973061855713201,0.9404474345843404,0.017269321819031826,1.0,ppo,0.03248123408394575,1.880863326558052,nan
2941.0,24.0,34.0,ppo,0.8973061855713201,0.9246907081565228,0.017269321819031826,1.0,raw,0.04688766354537198,2.7150842422601085,nan
2941.0,24.0,34.0,ppo,0.8973061855713201,0.9246907081565228,0.017269321819031826,1.0,ppo,0.04727797175272689,2.7376854892253926,nan
2941.0,24.0,35.0,ppo,0.8973061855713201,0.8356471466930312,0.017269321819031826,1.0,raw,0.15974080674625002,9.249975674794948,nan
2941.0,24.0,35.0,ppo,0.8973061855713201,0.8356471466930312,0.017269321819031826,1.0,ppo,0.15816933091651286,9.15897755418518,nan
2941.0,24.0,36.0,ppo,0.8973061855713201,0.8971318247216499,0.017269321819031826,1.0,raw,0.0708644717336164,4.1034889775184755,nan
2941.0,24.0,36.0,ppo,0.8973061855713201,0.8971318247216499,0.017269321819031826,1.0,ppo,0.04080497836412582,2.362859340495716,nan
2941.0,24.0,37.0,ppo,0.8973061855713201,0.9248282621624253,0.017269321819031826,1.0,raw,0.08236098743630997,4.7692079804513945,nan
2941.0,24.0,37.0,ppo,0.8973061855713201,0.9248282621624253,0.017269321819031826,1.0,ppo,0.0569861386664061,3.299848092679816,nan
2941.0,24.0,38.0,ppo,0.8973061855713201,0.9010264822634872,0.017269321819031826,1.0,raw,0.08205408805453387,4.751436617742879,nan
2941.0,24.0,38.0,ppo,0.8973061855713201,0.9010264822634872,0.017269321819031826,1.0,ppo,0.05817724251578272,3.3688203350097927,nan
2941.0,24.0,39.0,ppo,0.8973061855713201,0.903564774008681,0.017269321819031826,1.0,raw,0.0529793059540066,3.0678278226085425,nan
2941.0,24.0,39.0,ppo,0.8973061855713201,0.903564774008681,0.017269321819031826,1.0,ppo,0.034193541184119255,1.9800164443305428,nan
2941.0,24.0,40.0,ppo,0.8973061855713201,0.9179352833190145,0.017269321819031826,1.0,raw,0.04242378656862848,2.456598296863918,nan
2941.0,24.0,40.0,ppo,0.8973061855713201,0.9179352833190145,0.017269321819031826,1.0,ppo,0.056219910481908254,3.2554787658164175,nan
2941.0,24.0,41.0,ppo,0.8973061855713201,0.9238998074542216,0.017269321819031826,1.0,raw,0.05396776986672709,3.1250659656623796,nan
2941.0,24.0,41.0,ppo,0.8973061855713201,0.9238998074542216,0.017269321819031826,1.0,ppo,0.06696731462221157,3.8778195996330087,nan
2941.0,24.0,42.0,ppo,0.8973061855713201,0.9173499698505619,0.017269321819031826,1.0,raw,0.02757960428126438,1.5970287988304213,nan
2941.0,24.0,42.0,ppo,0.8973061855713201,0.9173499698505619,0.017269321819031826,1.0,ppo,0.04359714229363782,2.5245428135800423,nan
2941.0,24.0,43.0,ppo,0.8973061855713201,0.8193602043005782,0.017269321819031826,1.0,raw,0.1307195136166238,7.569464220219873,nan
2941.0,24.0,43.0,ppo,0.8973061855713201,0.8193602043005782,0.017269321819031826,1.0,ppo,0.16532912443538555,9.573573656678455,nan
2941.0,24.0,44.0,ppo,0.8973061855713201,0.8777770203786831,0.017269321819031826,1.0,raw,0.04416294972561279,2.557306545584354,nan
2941.0,24.0,44.0,ppo,0.8973061855713201,0.8777770203786831,0.017269321819031826,1.0,ppo,0.043399614582176824,2.5131047436007505,nan
2941.0,24.0,45.0,ppo,0.8973061855713201,0.8993979994421205,0.017269321819031826,1.0,raw,0.06451959762132536,3.7360817232684207,nan
2941.0,24.0,45.0,ppo,0.8973061855713201,0.8993979994421205,0.017269321819031826,1.0,ppo,0.10312637639451369,5.971651780839608,nan
2941.0,24.0,46.0,ppo,0.8973061855713201,0.9029563583289447,0.017269321819031826,1.0,raw,0.054139510159884136,3.135010785439134,nan
2941.0,24.0,46.0,ppo,0.8973061855713201,0.9029563583289447,0.017269321819031826,1.0,ppo,0.04714057596323092,2.7297294275493313,nan
2941.0,24.0,47.0,ppo,0.8973061855713201,0.8437710081761467,0.017269321819031826,1.0,raw,0.06359653490950673,3.682630712192736,nan
2941.0,24.0,47.0,ppo,0.8973061855713201,0.8437710081761467,0.017269321819031826,1.0,ppo,0.08007810166777513,4.637014846728044,nan
2941.0,24.0,48.0,ppo,0.8973061855713201,0.8739958245657019,0.017269321819031826,1.0,raw,0.043766615175396886,2.53435633628435,nan
2941.0,24.0,48.0,ppo,0.8973061855713201,0.8739958245657019,0.017269321819031826,1.0,ppo,0.04287938818499974,2.482980433993887,nan
2941.0,24.0,49.0,ppo,0.8973061855713201,0.921470600300398,0.017269321819031826,1.0,raw,0.05149908845100705,2.9821141206745,nan
2941.0,24.0,49.0,ppo,0.8973061855713201,0.921470600300398,0.017269321819031826,1.0,ppo,0.03529746850796783,2.0439406293921696,nan
2941.0,24.0,50.0,ppo,0.8973061855713201,0.917768126679332,0.017269321819031826,1.0,raw,0.07154344536431738,4.1428057287966125,nan
2941.0,24.0,50.0,ppo,0.8973061855713201,0.917768126679332,0.017269321819031826,1.0,ppo,0.04829400304525398,2.796519953205754,nan
2941.0,24.0,51.0,ppo,0.8973061855713201,0.8815492769785834,0.017269321819031826,1.0,raw,0.10919833348816468,6.323255460317011,nan
2941.0,24.0,51.0,ppo,0.8973061855713201,0.8815492769785834,0.017269321819031826,1.0,ppo,0.12156463355028728,7.039340329874204,nan
2941.0,24.0,52.0,ppo,0.8973061855713201,0.9363734700580387,0.017269321819031826,1.0,raw,0.046267208244364436,2.6791560623634454,nan
2941.0,24.0,52.0,ppo,0.8973061855713201,0.9363734700580387,0.017269321819031826,1.0,ppo,0.06230131702855811,3.6076296267696124,nan
2941.0,24.0,53.0,ppo,0.8973061855713201,0.9436395945172795,0.017269321819031826,1.0,raw,0.07364450999623408,4.264470299874395,nan
2941.0,24.0,53.0,ppo,0.8973061855713201,0.9436395945172795,0.017269321819031826,1.0,ppo,0.026711611701254363,1.5467666872602124,nan
2941.0,24.0,54.0,ppo,0.8973061855713201,0.861141455418308,0.017269321819031826,1.0,raw,0.05381340090641594,3.1161270529518044,nan
2941.0,24.0,54.0,ppo,0.8973061855713201,0.861141455418308,0.017269321819031826,1.0,ppo,0.05544602562041329,3.2106660702395655,nan
2941.0,24.0,55.0,ppo,0.8973061855713201,0.9218875318432758,0.017269321819031826,1.0,raw,0.07716748217867622,4.468472067827993,nan
2941.0,24.0,55.0,ppo,0.8973061855713201,0.9218875318432758,0.017269321819031826,1.0,ppo,0.024737769085077077,1.432469053753725,nan
2941.0,24.0,56.0,ppo,0.8973061855713201,0.9201356100746525,0.017269321819031826,1.0,raw,0.0757976405422794,4.389149807767545,nan
2941.0,24.0,56.0,ppo,0.8973061855713201,0.9201356100746525,0.017269321819031826,1.0,ppo,0.050509413354492744,2.924805842625988,nan
2941.0,24.0,57.0,ppo,0.8973061855713201,0.8693383561047111,0.017269321819031826,1.0,raw,0.05257484312778816,3.0444069361106894,nan
2941.0,24.0,57.0,ppo,0.8973061855713201,0.8693383561047111,0.017269321819031826,1.0,ppo,0.024536021201708155,1.4207866098521595,nan
2941.0,24.0,58.0,ppo,0.8973061855713201,0.9169632667892095,0.017269321819031826,1.0,raw,0.12069947274867004,6.98924219569827,nan
2941.0,24.0,58.0,ppo,0.8973061855713201,0.9169632667892095,0.017269321819031826,1.0,ppo,0.04409825410473943,2.5535602710316345,nan
2941.0,24.0,59.0,ppo,0.8973061855713201,0.9260770878513158,0.017269321819031826,1.0,raw,0.03731082505701579,2.1605263627606397,nan
2941.0,24.0,59.0,ppo,0.8973061855713201,0.9260770878513158,0.017269321819031826,1.0,ppo,0.06079369087355581,3.5203287952256193,nan
2941.0,24.0,60.0,ppo,0.8973061855713201,0.8919197408719047,0.017269321819031826,1.0,raw,0.16666493439927735,9.65092527348715,nan
2941.0,24.0,60.0,ppo,0.8973061855713201,0.8919197408719047,0.017269321819031826,1.0,ppo,0.09930459849179832,5.750347322982812,nan
2941.0,24.0,61.0,ppo,0.8973061855713201,0.906078076462503,0.017269321819031826,1.0,raw,0.1214516686841658,7.0327989689970805,nan
2941.0,24.0,61.0,ppo,0.8973061855713201,0.906078076462503,0.017269321819031826,1.0,ppo,0.1506712510252607,8.724792589087775,nan
2941.0,24.0,62.0,ppo,0.8973061855713201,0.915764150252202,0.017269321819031826,1.0,raw,0.057517522581389806,3.3306184912254087,nan
2941.0,24.0,62.0,ppo,0.8973061855713201,0.915764150252202,0.017269321819031826,1.0,ppo,0.050418212549950346,2.919524754839328,nan
2941.0,24.0,63.0,ppo,0.8973061855713201,0.8658529963084027,0.017269321819031826,1.0,raw,0.06164413796125197,3.569574914824764,nan
2941.0,24.0,63.0,ppo,0.8973061855713201,0.8658529963084027,0.017269321819031826,1.0,ppo,0.05550997452493968,3.21436910532088,nan
2941.0,24.0,64.0,ppo,0.8973061855713201,0.8877499352898223,0.017269321819031826,1.0,raw,0.05992318401565336,3.4699210914938434,nan
2941.0,24.0,64.0,ppo,0.8973061855713201,0.8877499352898223,0.017269321819031826,1.0,ppo,0.07462788930772564,4.321414013229011,nan
2941.0,24.0,65.0,ppo,0.8973061855713201,0.880897147159446,0.017269321819031826,1.0,raw,0.053154563324781204,3.077976302821672,nan
2941.0,24.0,65.0,ppo,0.8973061855713201,0.880897147159446,0.017269321819031826,1.0,ppo,0.048228930315785165,2.792751841744822,nan
2941.0,24.0,66.0,ppo,0.8973061855713201,0.8797170239597079,0.017269321819031826,1.0,raw,0.061866140888255663,3.582430250392084,nan
2941.0,24.0,66.0,ppo,0.8973061855713201,0.8797170239597079,0.017269321819031826,1.0,ppo,0.07977279828282058,4.619335902056454,nan
2941.0,24.0,67.0,ppo,0.8973061855713201,0.8881947037785828,0.017269321819031826,1.0,raw,0.09264691703719989,5.364826598754877,nan
2941.0,24.0,67.0,ppo,0.8973061855713201,0.8881947037785828,0.017269321819031826,1.0,ppo,0.09600924319596847,5.559525973403342,nan
2941.0,24.0,68.0,ppo,0.8973061855713201,0.8796807946388336,0.017269321819031826,1.0,raw,0.032114106110076,1.8596043577509995,nan
2941.0,24.0,68.0,ppo,0.8973061855713201,0.8796807946388336,0.017269321819031826,1.0,ppo,0.046332881500060714,2.6829589479882823,nan
2941.0,24.0,69.0,ppo,0.8973061855713201,0.8794617542753359,0.017269321819031826,1.0,raw,0.06954375126117218,4.027011135117698,nan
2941.0,24.0,69.0,ppo,0.8973061855713201,0.8794617542753359,0.017269321819031826,1.0,ppo,0.07287866949371982,4.220123422183445,nan
2941.0,24.0,70.0,ppo,0.8973061855713201,0.8573207323827485,0.017269321819031826,1.0,raw,0.14067070315780728,8.145699329245213,nan
2941.0,24.0,70.0,ppo,0.8973061855713201,0.8573207323827485,0.017269321819031826,1.0,ppo,0.1254973625431404,7.267069538586906,nan
2941.0,24.0,71.0,ppo,0.8973061855713201,0.9303980485572256,0.017269321819031826,1.0,raw,0.06276271502023459,3.6343474096977175,nan
2941.0,24.0,71.0,ppo,0.8973061855713201,0.9303980485572256,0.017269321819031826,1.0,ppo,0.03127967546044685,1.811285688472999,nan
2941.0,24.0,72.0,ppo,0.8973061855713201,0.9342211118987968,0.017269321819031826,1.0,raw,0.057261115569727274,3.3157709474509938,nan
2941.0,24.0,72.0,ppo,0.8973061855713201,0.9342211118987968,0.017269321819031826,1.0,ppo,0.04297283596321907,2.4883916353831816,nan
2941.0,24.0,73.0,ppo,0.8973061855713201,0.8936777830559113,0.017269321819031826,1.0,raw,0.06616875886567625,3.831578307421101,nan
2941.0,24.0,73.0,ppo,0.8973061855713201,0.8936777830559113,0.017269321819031826,1.0,ppo,0.08966028849551494,5.191882427988801,nan
2941.0,24.0,74.0,ppo,0.8973061855713201,0.909150271180114,0.017269321819031826,1.0,raw,0.08428622259793614,4.880690943233664,nan
2941.0,24.0,74.0,ppo,0.8973061855713201,0.909150271180114,0.017269321819031826,1.0,ppo,0.10419945435346464,6.033789597842262,nan
2941.0,24.0,75.0,ppo,0.8973061855713201,0.8737612208907648,0.017269321819031826,1.0,raw,0.0411010076660566,2.380001258692211,nan
2941.0,24.0,75.0,ppo,0.8973061855713201,0.8737612208907648,0.017269321819031826,1.0,ppo,0.03147406749739591,1.822542183602694,nan
2941.0,24.0,76.0,ppo,0.8973061855713201,0.875952175055984,0.017269321819031826,1.0,raw,0.0891923496483015,5.164785889275987,nan
2941.0,24.0,76.0,ppo,0.8973061855713201,0.875952175055984,0.017269321819031826,1.0,ppo,0.09469360015565281,5.483342145566759,nan
2941.0,24.0,77.0,ppo,0.8973061855713201,0.92387306607137,0.017269321819031826,1.0,raw,0.03264926833743738,1.8905935438330839,nan
2941.0,24.0,77.0,ppo,0.8973061855713201,0.92387306607137,0.017269321819031826,1.0,ppo,0.04387406442429934,2.540578308984172,nan
2941.0,24.0,78.0,ppo,0.8973061855713201,0.903438739699134,0.017269321819031826,1.0,raw,0.09722037151350729,5.629657755660365,nan
2941.0,24.0,78.0,ppo,0.8973061855713201,0.903438739699134,0.017269321819031826,1.0,ppo,0.09436166112680405,5.464120833211403,nan
2941.0,24.0,79.0,ppo,0.8973061855713201,0.8845050708855767,0.017269321819031826,1.0,raw,0.07119156652219354,4.122429778553097,nan
2941.0,24.0,79.0,ppo,0.8973061855713201,0.8845050708855767,0.017269321819031826,1.0,ppo,0.0858102508339926,4.96894155620081,nan
1305.0,25.0,0.0,ppo,0.9151318385106988,0.927595502834723,0.0136300246368562,1.0,raw,0.07812963238703391,5.732171031867973,0.0014977353304814756
1305.0,25.0,0.0,ppo,0.9151318385106988,0.927595502834723,0.0136300246368562,1.0,ppo,0.060398305135204694,4.431268962778318,0.0006270799307174224
1305.0,25.0,1.0,ppo,0.9151318385106988,0.9106328310814712,0.0136300246368562,1.0,raw,0.09443502818966182,6.928456162456614,0.003555476531886037
1305.0,25.0,1.0,ppo,0.9151318385106988,0.9106328310814712,0.0136300246368562,1.0,ppo,0.04384476191907616,3.216777891986926,0.0004295205543317637
1305.0,25.0,2.0,ppo,0.9151318385106988,0.9224626231177305,0.0136300246368562,1.0,raw,0.11040457060738572,8.100100590342793,4.0858051710279675e-05
1305.0,25.0,2.0,ppo,0.9151318385106988,0.9224626231177305,0.0136300246368562,1.0,ppo,0.15499324397517406,11.371457360103763,-0.0006489619433470706
1305.0,25.0,3.0,ppo,0.9151318385106988,0.9360798678432876,0.0136300246368562,1.0,raw,0.0615247568121363,4.513913837380058,0.0031452388474746407
1305.0,25.0,3.0,ppo,0.9151318385106988,0.9360798678432876,0.0136300246368562,1.0,ppo,0.051239616437434056,3.759319429172551,0.002399523648480395
1305.0,25.0,4.0,ppo,0.9151318385106988,0.9122443679653347,0.0136300246368562,1.0,raw,0.048702082824493745,3.573147086821921,0.0021210652616145964
1305.0,25.0,4.0,ppo,0.9151318385106988,0.9122443679653347,0.0136300246368562,1.0,ppo,0.02924790826821186,2.145844123357209,0.0009026756001750957
1305.0,25.0,5.0,ppo,0.9151318385106988,0.948492305955032,0.0136300246368562,1.0,raw,0.06256622903145953,4.590323986816402,0.0036730287293095243
1305.0,25.0,5.0,ppo,0.9151318385106988,0.948492305955032,0.0136300246368562,1.0,ppo,0.033448751174501294,2.4540492086899364,0.0017926698773452765
1305.0,25.0,6.0,ppo,0.9151318385106988,0.9378667487780199,0.0136300246368562,1.0,raw,0.05033099811808168,3.6926564301273817,0.0026726473166240883
1305.0,25.0,6.0,ppo,0.9151318385106988,0.9378667487780199,0.0136300246368562,1.0,ppo,0.031393409418671143,2.3032540479627563,0.0013179845903587006
1305.0,25.0,7.0,ppo,0.9151318385106988,0.9082201784359721,0.0136300246368562,1.0,raw,0.0743956211868673,5.458216193219356,0.0008579367178888075
1305.0,25.0,7.0,ppo,0.9151318385106988,0.9082201784359721,0.0136300246368562,1.0,ppo,0.07805245851023038,5.726508982175499,0.0005995068944167903
1305.0,25.0,8.0,ppo,0.9151318385106988,0.91446218958614,0.0136300246368562,1.0,raw,0.10400628349011064,7.630674651084119,0.004027148763857902
1305.0,25.0,8.0,ppo,0.9151318385106988,0.91446218958614,0.0136300246368562,1.0,ppo,0.05158723771832442,3.7848235122649894,0.003639192149002768
1305.0,25.0,9.0,ppo,0.9151318385106988,0.926247819764929,0.0136300246368562,1.0,raw,0.02976192953505697,2.183556547255195,0.0016465668962206692
1305.0,25.0,9.0,ppo,0.9151318385106988,0.926247819764929,0.0136300246368562,1.0,ppo,0.027046331352927902,1.984320063501089,0.0005122463528308696
1305.0,25.0,10.0,ppo,0.9151318385106988,0.9073016799677156,0.0136300246368562,1.0,raw,0.11180325505426286,8.202718486065082,0.0029980560112690124
1305.0,25.0,10.0,ppo,0.9151318385106988,0.9073016799677156,0.0136300246368562,1.0,ppo,0.10898035121399437,7.995609260991839,0.0009789383070420987
1305.0,25.0,11.0,ppo,0.9151318385106988,0.9314911732940742,0.0136300246368562,1.0,raw,0.08982015115649446,6.589874453610063,0.0005319573227372532
1305.0,25.0,11.0,ppo,0.9151318385106988,0.9314911732940742,0.0136300246368562,1.0,ppo,0.11144670701237584,8.176559469380482,-0.000800568547478564
1305.0,25.0,12.0,ppo,0.9151318385106988,0.9329623434938478,0.0136300246368562,1.0,raw,0.06347568258730349,4.657048265023849,0.0017676152242271925
1305.0,25.0,12.0,ppo,0.9151318385106988,0.9329623434938478,0.0136300246368562,1.0,ppo,0.0636069882807166,4.666681827464966,0.00031962996397127963
1305.0,25.0,13.0,ppo,0.9151318385106988,0.9247676639515094,0.0136300246368562,1.0,raw,0.0523815461018773,3.8430998840776294,0.0027939655997161195
1305.0,25.0,13.0,ppo,0.9151318385106988,0.9247676639515094,0.0136300246368562,1.0,ppo,0.0515268164353475,3.7803905574768124,0.0009637315618546971
1305.0,25.0,14.0,ppo,0.9151318385106988,0.9410769300174079,0.0136300246368562,1.0,raw,0.08553951744030297,6.275815320905603,0.0007752500015667518
1305.0,25.0,14.0,ppo,0.9151318385106988,0.9410769300174079,0.0136300246368562,1.0,ppo,0.12531395295253284,9.193963788860533,-0.0003932520844591725
1305.0,25.0,15.0,ppo,0.9151318385106988,0.9175538242264988,0.0136300246368562,1.0,raw,0.06545447901702309,4.802227491213128,0.004575831702011701
1305.0,25.0,15.0,ppo,0.9151318385106988,0.9175538242264988,0.0136300246368562,1.0,ppo,0.050406798109194434,3.698217681345357,0.002005936317455048
1305.0,25.0,16.0,ppo,0.9151318385106988,0.9107092808809018,0.0136300246368562,1.0,raw,0.09264239597628288,6.796935328038488,0.003418403150084348
1305.0,25.0,16.0,ppo,0.9151318385106988,0.9107092808809018,0.0136300246368562,1.0,ppo,0.038587941637939355,2.8310984511059374,0.0025874371309239086
1305.0,25.0,17.0,ppo,0.9151318385106988,0.9211687889253357,0.0136300246368562,1.0,raw,0.06341368077795927,4.652499351063961,0.002054360708791836
1305.0,25.0,17.0,ppo,0.9151318385106988,0.9211687889253357,0.0136300246368562,1.0,ppo,0.060441692174776546,4.434452158753953,0.0015022599578250473
1305.0,25.0,18.0,ppo,0.9151318385106988,0.9474161761578318,0.0136300246368562,1.0,raw,0.073624944133794,5.401673591602236,0.004218371637629725
1305.0,25.0,18.0,ppo,0.9151318385106988,0.9474161761578318,0.0136300246368562,1.0,ppo,0.07674973224052933,5.630931292155893,0.0035439379320979514
1305.0,25.0,19.0,ppo,0.9151318385106988,0.8809573626740963,0.0136300246368562,1.0,raw,0.07898916098512004,5.795232443786623,0.003607847205245429
1305.0,25.0,19.0,ppo,0.9151318385106988,0.8809573626740963,0.0136300246368562,1.0,ppo,0.08450309207047711,6.199775445891487,0.0029050283785825304
1305.0,25.0,20.0,ppo,0.9151318385106988,0.9355491302905277,0.0136300246368562,1.0,raw,0.061553321357203206,4.516009544895484,nan
1305.0,25.0,20.0,ppo,0.9151318385106988,0.9355491302905277,0.0136300246368562,1.0,ppo,0.03618403465345583,2.6547299522564742,nan
1305.0,25.0,21.0,ppo,0.9151318385106988,0.8787814473624415,0.0136300246368562,1.0,raw,0.1103027543967175,8.092630595725694,nan
1305.0,25.0,21.0,ppo,0.9151318385106988,0.8787814473624415,0.0136300246368562,1.0,ppo,0.09230609238870506,6.772261595118855,nan
1305.0,25.0,22.0,ppo,0.9151318385106988,0.9504876085924254,0.0136300246368562,1.0,raw,0.036666481225270955,2.6901258216454824,nan
1305.0,25.0,22.0,ppo,0.9151318385106988,0.9504876085924254,0.0136300246368562,1.0,ppo,0.07748519858033971,5.684890573918424,nan
1305.0,25.0,23.0,ppo,0.9151318385106988,0.9466036492967261,0.0136300246368562,1.0,raw,0.09987391616938132,7.327493444092372,nan
1305.0,25.0,23.0,ppo,0.9151318385106988,0.9466036492967261,0.0136300246368562,1.0,ppo,0.03998458409272054,2.933566531097855,nan
1305.0,25.0,24.0,ppo,0.9151318385106988,0.9038640032676334,0.0136300246368562,1.0,raw,0.05401578901483034,3.9630001011714397,nan
1305.0,25.0,24.0,ppo,0.9151318385106988,0.9038640032676334,0.0136300246368562,1.0,ppo,0.06265361533110403,4.596735295817869,nan
1305.0,25.0,25.0,ppo,0.9151318385106988,0.9447297595417932,0.0136300246368562,1.0,raw,0.03197100886712233,2.345631040216265,nan
1305.0,25.0,25.0,ppo,0.9151318385106988,0.9447297595417932,0.0136300246368562,1.0,ppo,0.04328590136182871,3.175775724189205,nan
1305.0,25.0,26.0,ppo,0.9151318385106988,0.9188142467791325,0.0136300246368562,1.0,raw,0.04370364311481209,3.2064243667348533,nan
1305.0,25.0,26.0,ppo,0.9151318385106988,0.9188142467791325,0.0136300246368562,1.0,ppo,0.026419492714062222,1.9383305179524564,nan
1305.0,25.0,27.0,ppo,0.9151318385106988,0.9402607792582666,0.0136300246368562,1.0,raw,0.05558683266278673,4.078263550050925,nan
1305.0,25.0,27.0,ppo,0.9151318385106988,0.9402607792582666,0.0136300246368562,1.0,ppo,0.054981599224230154,4.033859122716288,nan
1305.0,25.0,28.0,ppo,0.9151318385106988,0.936452856551318,0.0136300246368562,1.0,raw,0.04876432935908057,3.5777139556460984,nan
1305.0,25.0,28.0,ppo,0.9151318385106988,0.936452856551318,0.0136300246368562,1.0,ppo,0.03417813466976231,2.507562207726543,nan
1305.0,25.0,29.0,ppo,0.9151318385106988,0.884751264054302,0.0136300246368562,1.0,raw,0.05773663487505525,4.235989032546045,nan
1305.0,25.0,29.0,ppo,0.9151318385106988,0.884751264054302,0.0136300246368562,1.0,ppo,0.04286388986447115,3.1448138214339876,nan
1305.0,25.0,30.0,ppo,0.9151318385106988,0.938997757476252,0.0136300246368562,1.0,raw,0.039925696941303324,2.929246131613177,nan
1305.0,25.0,30.0,ppo,0.9151318385106988,0.938997757476252,0.0136300246368562,1.0,ppo,0.03370371908903817,2.472755551585857,nan
1305.0,25.0,31.0,ppo,0.9151318385106988,0.9095878004413529,0.0136300246368562,1.0,raw,0.049885745564234335,3.659989390579752,nan
1305.0,25.0,31.0,ppo,0.9151318385106988,0.9095878004413529,0.0136300246368562,1.0,ppo,0.04675908405178838,3.430594243047053,nan
1305.0,25.0,32.0,ppo,0.9151318385106988,0.927283299328408,0.0136300246368562,1.0,raw,0.0793537891947681,5.8219842816858804,nan
1305.0,25.0,32.0,ppo,0.9151318385106988,0.927283299328408,0.0136300246368562,1.0,ppo,0.12098408334384153,8.876292344820502,nan
1305.0,25.0,33.0,ppo,0.9151318385106988,0.9145931982573925,0.0136300246368562,1.0,raw,0.08173195288298964,5.996464060819285,nan
1305.0,25.0,33.0,ppo,0.9151318385106988,0.9145931982573925,0.0136300246368562,1.0,ppo,0.08906868598780586,6.534741378747044,nan
1305.0,25.0,34.0,ppo,0.9151318385106988,0.9107635818357723,0.0136300246368562,1.0,raw,0.06402131156887247,4.697079666001187,nan
1305.0,25.0,34.0,ppo,0.9151318385106988,0.9107635818357723,0.0136300246368562,1.0,ppo,0.05964538992400958,4.3760295020102715,nan
1305.0,25.0,35.0,ppo,0.9151318385106988,0.9123356156772464,0.0136300246368562,1.0,raw,0.05670458576271388,4.1602702323356135,nan
1305.0,25.0,35.0,ppo,0.9151318385106988,0.9123356156772464,0.0136300246368562,1.0,ppo,0.05670941800269163,4.1606247614070195,nan
1305.0,25.0,36.0,ppo,0.9151318385106988,0.9279863060901868,0.0136300246368562,1.0,raw,0.06958827816227135,5.105513747502812,nan
1305.0,25.0,36.0,ppo,0.9151318385106988,0.9279863060901868,0.0136300246368562,1.0,ppo,0.04176910866353168,3.0644925285451157,nan
1305.0,25.0,37.0,ppo,0.9151318385106988,0.9158212470252723,0.0136300246368562,1.0,raw,0.05689640952905202,4.174343850795513,nan
1305.0,25.0,37.0,ppo,0.9151318385106988,0.9158212470252723,0.0136300246368562,1.0,ppo,0.04132980274310038,3.0322617782614074,nan
1305.0,25.0,38.0,ppo,0.9151318385106988,0.9535421616206852,0.0136300246368562,1.0,raw,0.0673810369929776,4.9435741158366096,nan
1305.0,25.0,38.0,ppo,0.9151318385106988,0.9535421616206852,0.0136300246368562,1.0,ppo,0.04024886345963191,2.9529560314071017,nan
1305.0,25.0,39.0,ppo,0.9151318385106988,0.9141375198346366,0.0136300246368562,1.0,raw,0.10412140072386677,7.639120507700171,nan
1305.0,25.0,39.0,ppo,0.9151318385106988,0.9141375198346366,0.0136300246368562,1.0,ppo,0.12118753811307463,8.891219300174855,nan
1305.0,25.0,40.0,ppo,0.9151318385106988,0.9214608418403464,0.0136300246368562,1.0,raw,0.05542609855601846,4.0664709002905095,nan
1305.0,25.0,40.0,ppo,0.9151318385106988,0.9214608418403464,0.0136300246368562,1.0,ppo,0.0672819178760385,4.936302000078941,nan
1305.0,25.0,41.0,ppo,0.9151318385106988,0.906046955984474,0.0136300246368562,1.0,raw,0.09885781081952298,7.252944396902043,nan
1305.0,25.0,41.0,ppo,0.9151318385106988,0.906046955984474,0.0136300246368562,1.0,ppo,0.09754622249280204,7.156716520455338,nan
1305.0,25.0,42.0,ppo,0.9151318385106988,0.8992968588121938,0.0136300246368562,1.0,raw,0.07430529404262315,5.451589121981356,nan
1305.0,25.0,42.0,ppo,0.9151318385106988,0.8992968588121938,0.0136300246368562,1.0,ppo,0.05400143913895462,3.9619472875296418,nan
1305.0,25.0,43.0,ppo,0.9151318385106988,0.9206738672049868,0.0136300246368562,1.0,raw,0.053499332114622516,3.925108981091488,nan
1305.0,25.0,43.0,ppo,0.9151318385106988,0.9206738672049868,0.0136300246368562,1.0,ppo,0.053889644781183375,3.9537452218144455,nan
1305.0,25.0,44.0,ppo,0.9151318385106988,0.8700643806624264,0.0136300246368562,1.0,raw,0.07325859408090567,5.374795426474221,nan
1305.0,25.0,44.0,ppo,0.9151318385106988,0.8700643806624264,0.0136300246368562,1.0,ppo,0.08012394089603264,5.878488339586261,nan
1305.0,25.0,45.0,ppo,0.9151318385106988,0.9500076225754527,0.0136300246368562,1.0,raw,0.036431138181890886,2.6728593052854395,nan
1305.0,25.0,45.0,ppo,0.9151318385106988,0.9500076225754527,0.0136300246368562,1.0,ppo,0.026277981327928406,1.9279481899740343,nan
1305.0,25.0,46.0,ppo,0.9151318385106988,0.8998151077457633,0.0136300246368562,1.0,raw,0.04792982911408751,3.516488809894231,nan
1305.0,25.0,46.0,ppo,0.9151318385106988,0.8998151077457633,0.0136300246368562,1.0,ppo,0.038259808149636705,2.8070241374458313,nan
1305.0,25.0,47.0,ppo,0.9151318385106988,0.9236143532357945,0.0136300246368562,1.0,raw,0.08189392894924623,6.008347829966598,nan
1305.0,25.0,47.0,ppo,0.9151318385106988,0.9236143532357945,0.0136300246368562,1.0,ppo,0.08795071135950347,6.452718443492816,nan
1305.0,25.0,48.0,ppo,0.9151318385106988,0.914249169815311,0.0136300246368562,1.0,raw,0.10002480331621597,7.338563647621325,nan
1305.0,25.0,48.0,ppo,0.9151318385106988,0.914249169815311,0.0136300246368562,1.0,ppo,0.1209575874644918,8.874348410010722,nan
1305.0,25.0,49.0,ppo,0.9151318385106988,0.9421269342601225,0.0136300246368562,1.0,raw,0.04620420177408996,3.389883951431145,nan
1305.0,25.0,49.0,ppo,0.9151318385106988,0.9421269342601225,0.0136300246368562,1.0,ppo,0.05878799962128675,4.313124971346079,nan
1305.0,25.0,50.0,ppo,0.9151318385106988,0.9262970917962584,0.0136300246368562,1.0,raw,0.07208121404134703,5.2884140683382315,nan
1305.0,25.0,50.0,ppo,0.9151318385106988,0.9262970917962584,0.0136300246368562,1.0,ppo,0.05421671617528492,3.977741612343126,nan
1305.0,25.0,51.0,ppo,0.9151318385106988,0.9048810761819225,0.0136300246368562,1.0,raw,0.07530120375495064,5.5246564669687235,nan
1305.0,25.0,51.0,ppo,0.9151318385106988,0.9048810761819225,0.0136300246368562,1.0,ppo,0.027814714295487812,2.0406943521052465,nan
1305.0,25.0,52.0,ppo,0.9151318385106988,0.9212660043108033,0.0136300246368562,1.0,raw,0.03959008855117252,2.904623403549773,nan
1305.0,25.0,52.0,ppo,0.9151318385106988,0.9212660043108033,0.0136300246368562,1.0,ppo,0.05567147846634407,4.084473795873111,nan
1305.0,25.0,53.0,ppo,0.9151318385106988,0.9342905504830692,0.0136300246368562,1.0,raw,0.08146408435033367,5.976811232611504,nan
1305.0,25.0,53.0,ppo,0.9151318385106988,0.9342905504830692,0.0136300246368562,1.0,ppo,0.11827971501250686,8.677879766458616,nan
1305.0,25.0,54.0,ppo,0.9151318385106988,0.9321459261035552,0.0136300246368562,1.0,raw,0.05185265965681944,3.80429684012511,nan
1305.0,25.0,54.0,ppo,0.9151318385106988,0.9321459261035552,0.0136300246368562,1.0,ppo,0.07455835273586164,5.470155390200286,nan
1305.0,25.0,55.0,ppo,0.9151318385106988,0.9022166778980643,0.0136300246368562,1.0,raw,0.03865186446016085,2.8357883048607606,nan
1305.0,25.0,55.0,ppo,0.9151318385106988,0.9022166778980643,0.0136300246368562,1.0,ppo,0.05425205515298281,3.9803343426308126,nan
1305.0,25.0,56.0,ppo,0.9151318385106988,0.9434511735934656,0.0136300246368562,1.0,raw,0.036743652542578505,2.695787683554292,nan
1305.0,25.0,56.0,ppo,0.9151318385106988,0.9434511735934656,0.0136300246368562,1.0,ppo,0.02608926202089752,1.9141023377427344,nan
1305.0,25.0,57.0,ppo,0.9151318385106988,0.9249866825837941,0.0136300246368562,1.0,raw,0.11863345446523708,8.703832724149807,nan
1305.0,25.0,57.0,ppo,0.9151318385106988,0.9249866825837941,0.0136300246368562,1.0,ppo,0.14158817280105482,10.387961619540585,nan
1305.0,25.0,58.0,ppo,0.9151318385106988,0.931063800742545,0.0136300246368562,1.0,raw,0.0989044969316295,7.256369637380353,nan
1305.0,25.0,58.0,ppo,0.9151318385106988,0.931063800742545,0.0136300246368562,1.0,ppo,0.058052794751205776,4.259184872947948,nan
1305.0,25.0,59.0,ppo,0.9151318385106988,0.9232896949088725,0.0136300246368562,1.0,raw,0.06635453582489007,4.868262354087344,nan
1305.0,25.0,59.0,ppo,0.9151318385106988,0.9232896949088725,0.0136300246368562,1.0,ppo,0.0464271652683472,3.4062422119770828,nan
1305.0,25.0,60.0,ppo,0.9151318385106988,0.9218712392220942,0.0136300246368562,1.0,raw,0.05352497023394789,3.926989984245073,nan
1305.0,25.0,60.0,ppo,0.9151318385106988,0.9218712392220942,0.0136300246368562,1.0,ppo,0.06160604715681986,4.51987790177828,nan
1305.0,25.0,61.0,ppo,0.9151318385106988,0.9465372288188163,0.0136300246368562,1.0,raw,0.06436856833618307,4.722557005665827,nan
1305.0,25.0,61.0,ppo,0.9151318385106988,0.9465372288188163,0.0136300246368562,1.0,ppo,0.06839978071752828,5.018316733821023,nan
1305.0,25.0,62.0,ppo,0.9151318385106988,0.9179325597106717,0.0136300246368562,1.0,raw,0.01625374198194315,1.1924954220546529,nan
1305.0,25.0,62.0,ppo,0.9151318385106988,0.9179325597106717,0.0136300246368562,1.0,ppo,0.01571233542761999,1.15277380975036,nan
1305.0,25.0,63.0,ppo,0.9151318385106988,0.9447459460906081,0.0136300246368562,1.0,raw,0.13101690656872825,9.612374889950868,nan
1305.0,25.0,63.0,ppo,0.9151318385106988,0.9447459460906081,0.0136300246368562,1.0,ppo,0.12272771972877113,9.004218480787616,nan
1305.0,25.0,64.0,ppo,0.9151318385106988,0.8615069968770701,0.0136300246368562,1.0,raw,0.09226685419443656,6.769382789297595,nan
1305.0,25.0,64.0,ppo,0.9151318385106988,0.8615069968770701,0.0136300246368562,1.0,ppo,0.12305967547552565,9.02857322376122,nan
1305.0,25.0,65.0,ppo,0.9151318385106988,0.9101875952985988,0.0136300246368562,1.0,raw,0.046220495583781704,3.3910793865184514,nan
1305.0,25.0,65.0,ppo,0.9151318385106988,0.9101875952985988,0.0136300246368562,1.0,ppo,0.059762824145597075,4.3846453500895155,nan
1305.0,25.0,66.0,ppo,0.9151318385106988,0.919891330473916,0.0136300246368562,1.0,raw,0.048961934262010995,3.5922117212918105,nan
1305.0,25.0,66.0,ppo,0.9151318385106988,0.919891330473916,0.0136300246368562,1.0,ppo,0.03485710358507442,2.5573764181481553,nan
1305.0,25.0,67.0,ppo,0.9151318385106988,0.9246004663393753,0.0136300246368562,1.0,raw,0.12573177961286242,9.224618660840717,nan
1305.0,25.0,67.0,ppo,0.9151318385106988,0.9246004663393753,0.0136300246368562,1.0,ppo,0.08028696436534016,5.890448954012936,nan
1305.0,25.0,68.0,ppo,0.9151318385106988,0.9516329534327718,0.0136300246368562,1.0,raw,0.040128329080151307,2.944112732682999,nan
1305.0,25.0,68.0,ppo,0.9151318385106988,0.9516329534327718,0.0136300246368562,1.0,ppo,0.013162857572829742,0.9657251489653791,nan
1305.0,25.0,69.0,ppo,0.9151318385106988,0.9382130413849686,0.0136300246368562,1.0,raw,0.06037070003489493,4.429243647267507,nan
1305.0,25.0,69.0,ppo,0.9151318385106988,0.9382130413849686,0.0136300246368562,1.0,ppo,0.05559616121455083,4.078947962002673,nan
1305.0,25.0,70.0,ppo,0.9151318385106988,0.9393358577835978,0.0136300246368562,1.0,raw,0.033185107574076673,2.434706352939572,nan
1305.0,25.0,70.0,ppo,0.9151318385106988,0.9393358577835978,0.0136300246368562,1.0,ppo,0.026271122516427013,1.9274449765401533,nan
1305.0,25.0,71.0,ppo,0.9151318385106988,0.9370695475088382,0.0136300246368562,1.0,raw,0.10261916493041662,7.528905314883274,nan
1305.0,25.0,71.0,ppo,0.9151318385106988,0.9370695475088382,0.0136300246368562,1.0,ppo,0.10609956239760338,7.784253163468639,nan
1305.0,25.0,72.0,ppo,0.9151318385106988,0.9047503395114265,0.0136300246368562,1.0,raw,0.10543038937775395,7.735157652809037,nan
1305.0,25.0,72.0,ppo,0.9151318385106988,0.9047503395114265,0.0136300246368562,1.0,ppo,0.11957539885153541,8.772940771376021,nan
1305.0,25.0,73.0,ppo,0.9151318385106988,0.8641427415364126,0.0136300246368562,1.0,raw,0.07398244826789349,5.427902754323834,nan
1305.0,25.0,73.0,ppo,0.9151318385106988,0.8641427415364126,0.0136300246368562,1.0,ppo,0.07732939123266583,5.673459387854932,nan
1305.0,25.0,74.0,ppo,0.9151318385106988,0.9238554899241613,0.0136300246368562,1.0,raw,0.057058967702895536,4.186270327685653,nan
1305.0,25.0,74.0,ppo,0.9151318385106988,0.9238554899241613,0.0136300246368562,1.0,ppo,0.06615265893274917,4.8534511635341735,nan
1305.0,25.0,75.0,ppo,0.9151318385106988,0.9330812920118883,0.0136300246368562,1.0,raw,0.06351433367206794,4.6598839961244325,nan
1305.0,25.0,75.0,ppo,0.9151318385106988,0.9330812920118883,0.0136300246368562,1.0,ppo,0.0916506210562339,6.724171342171054,nan
1305.0,25.0,76.0,ppo,0.9151318385106988,0.9546989003846197,0.0136300246368562,1.0,raw,0.05862542598117411,4.301197359735383,nan
1305.0,25.0,76.0,ppo,0.9151318385106988,0.9546989003846197,0.0136300246368562,1.0,ppo,0.037062958070341614,2.71921431235874,nan
1305.0,25.0,77.0,ppo,0.9151318385106988,0.8850829259932966,0.0136300246368562,1.0,raw,0.054557242796197405,4.002725178402992,nan
1305.0,25.0,77.0,ppo,0.9151318385106988,0.8850829259932966,0.0136300246368562,1.0,ppo,0.05304159826927365,3.8915262211519983,nan
1305.0,25.0,78.0,ppo,0.9151318385106988,0.9114336243604678,0.0136300246368562,1.0,raw,0.06604428032181064,4.845499702416086,nan
1305.0,25.0,78.0,ppo,0.9151318385106988,0.9114336243604678,0.0136300246368562,1.0,ppo,0.050310743033205665,3.691170366424955,nan
1305.0,25.0,79.0,ppo,0.9151318385106988,0.9390178833355597,0.0136300246368562,1.0,raw,0.06506969723992213,4.773997037684785,nan
1305.0,25.0,79.0,ppo,0.9151318385106988,0.9390178833355597,0.0136300246368562,1.0,ppo,0.09554230067205541,7.009693908674583,nan
3164.0,26.0,0.0,ppo,0.9493255656114099,0.9606778591494559,0.017680738725872808,1.0,raw,0.08344978917623595,4.719813491396778,0.00362670454067604
3164.0,26.0,0.0,ppo,0.9493255656114099,0.9606778591494559,0.017680738725872808,1.0,ppo,0.07954234159706551,4.498813247020532,0.004063412779652498
3164.0,26.0,1.0,ppo,0.9493255656114099,0.9560019879317871,0.017680738725872808,1.0,raw,0.03384510461131195,1.9142358888989912,0.002447661837104098
3164.0,26.0,1.0,ppo,0.9493255656114099,0.9560019879317871,0.017680738725872808,1.0,ppo,0.020791200025853433,1.1759237183584974,0.002254266648832437
3164.0,26.0,2.0,ppo,0.9493255656114099,0.9506406821380504,0.017680738725872808,1.0,raw,0.11913709274607319,6.7382418004817835,0.0016552102744822328
3164.0,26.0,2.0,ppo,0.9493255656114099,0.9506406821380504,0.017680738725872808,1.0,ppo,0.11832212189752284,6.6921480901914,0.0025470956381815624
3164.0,26.0,3.0,ppo,0.9493255656114099,0.9440683316835279,0.017680738725872808,1.0,raw,0.1826152820059592,10.328487108897335,0.006399543999929258
3164.0,26.0,3.0,ppo,0.9493255656114099,0.9440683316835279,0.017680738725872808,1.0,ppo,0.18794309230085798,10.629821254348082,0.006240005269591342
3164.0,26.0,4.0,ppo,0.9493255656114099,0.958999293157143,0.017680738725872808,1.0,raw,0.05147343731955928,2.9112718714765293,0.0035252109600626413
3164.0,26.0,4.0,ppo,0.9493255656114099,0.958999293157143,0.017680738725872808,1.0,ppo,0.05013637102842524,2.835649109788554,0.0040428010686457405
3164.0,26.0,5.0,ppo,0.9493255656114099,0.9574550236889161,0.017680738725872808,1.0,raw,0.07982041148042057,4.514540524464441,0.002340757344192257
3164.0,26.0,5.0,ppo,0.9493255656114099,0.9574550236889161,0.017680738725872808,1.0,ppo,0.060076779705640626,3.39786592840311,0.002297599839649833
3164.0,26.0,6.0,ppo,0.9493255656114099,0.9700057012858226,0.017680738725872808,1.0,raw,0.08389310575537413,4.744886910896465,0.0030225997574272467
3164.0,26.0,6.0,ppo,0.9493255656114099,0.9700057012858226,0.017680738725872808,1.0,ppo,0.04606773812602993,2.6055324294011255,0.0028119824324506215
3164.0,26.0,7.0,ppo,0.9493255656114099,0.9488072524547373,0.017680738725872808,1.0,raw,0.1242716412176677,7.0286453040458605,0.003684860606528284
3164.0,26.0,7.0,ppo,0.9493255656114099,0.9488072524547373,0.017680738725872808,1.0,ppo,0.10483806229172879,5.929506901106785,0.004100030949438338
3164.0,26.0,8.0,ppo,0.9493255656114099,0.9844426164603245,0.017680738725872808,1.0,raw,0.040808409981120376,2.308071546886448,0.0033109201490844065
3164.0,26.0,8.0,ppo,0.9493255656114099,0.9844426164603245,0.017680738725872808,1.0,ppo,0.0408865466274071,2.312490855802109,0.003314960295327962
3164.0,26.0,9.0,ppo,0.9493255656114099,0.9510158368121392,0.017680738725872808,1.0,raw,0.07352074898594312,4.158239659882411,0.0014642042499256602
3164.0,26.0,9.0,ppo,0.9493255656114099,0.9510158368121392,0.017680738725872808,1.0,ppo,0.10114391264101795,5.720570515134118,0.00047521820493234834
3164.0,26.0,10.0,ppo,0.9493255656114099,0.9490559554163777,0.017680738725872808,1.0,raw,0.08645162350315426,4.889593406900287,0.004928214371304751
3164.0,26.0,10.0,ppo,0.9493255656114099,0.9490559554163777,0.017680738725872808,1.0,ppo,0.0896119371227982,5.068336708786161,0.004931698207346291
3164.0,26.0,11.0,ppo,0.9493255656114099,0.9340350946948034,0.017680738725872808,1.0,raw,0.08282477887675253,4.684463707138679,0.0039047406076042623
3164.0,26.0,11.0,ppo,0.9493255656114099,0.9340350946948034,0.017680738725872808,1.0,ppo,0.08210992634187207,4.644032560795546,0.0032537134845073146
3164.0,26.0,12.0,ppo,0.9493255656114099,0.9858618182346323,0.017680738725872808,1.0,raw,0.026900877710881035,1.5214792847719703,0.0001543638439137629
3164.0,26.0,12.0,ppo,0.9493255656114099,0.9858618182346323,0.017680738725872808,1.0,ppo,0.01109750886257033,0.6276609272174233,0.001073703053342645
3164.0,26.0,13.0,ppo,0.9493255656114099,0.9719578932226991,0.017680738725872808,1.0,raw,0.02606673156597601,1.4743010442109923,0.0023255043396755992
3164.0,26.0,13.0,ppo,0.9493255656114099,0.9719578932226991,0.017680738725872808,1.0,ppo,0.022943809110920286,1.2976725388371841,0.0026131634636448187
3164.0,26.0,14.0,ppo,0.9493255656114099,0.9373953131842309,0.017680738725872808,1.0,raw,0.14153211553620343,8.004875685940362,0.0018105789940401351
3164.0,26.0,14.0,ppo,0.9493255656114099,0.9373953131842309,0.017680738725872808,1.0,ppo,0.13656712445089159,7.724062131580985,0.00256639778824852
3164.0,26.0,15.0,ppo,0.9493255656114099,0.9532905334330278,0.017680738725872808,1.0,raw,0.11100310219322855,6.278193683773747,0.003594334644660413
3164.0,26.0,15.0,ppo,0.9493255656114099,0.9532905334330278,0.017680738725872808,1.0,ppo,0.05163189904726169,2.920234264403615,0.0027265899672755944
3164.0,26.0,16.0,ppo,0.9493255656114099,0.9362650474883812,0.017680738725872808,1.0,raw,0.04316421276322767,2.4413127433450534,0.0038768432096432104
3164.0,26.0,16.0,ppo,0.9493255656114099,0.9362650474883812,0.017680738725872808,1.0,ppo,0.04383923162552089,2.479490948043336,0.004239018533250594
3164.0,26.0,17.0,ppo,0.9493255656114099,0.928126868050528,0.017680738725872808,1.0,raw,0.0625113344296667,3.5355612341124534,0.003946850362532062
3164.0,26.0,17.0,ppo,0.9493255656114099,0.928126868050528,0.017680738725872808,1.0,ppo,0.064261917585865,3.634571981533125,0.005021041155933936
3164.0,26.0,18.0,ppo,0.9493255656114099,0.9424727621968628,0.017680738725872808,1.0,raw,0.09656397195495679,5.461534919559189,0.006299824109043839
3164.0,26.0,18.0,ppo,0.9493255656114099,0.9424727621968628,0.017680738725872808,1.0,ppo,0.10636151138539202,6.0156712360524685,0.006534165736393094
3164.0,26.0,19.0,ppo,0.9493255656114099,0.9538263772784721,0.017680738725872808,1.0,raw,0.07585209499902487,4.290097612721803,0.0029425342202678006
3164.0,26.0,19.0,ppo,0.9493255656114099,0.9538263772784721,0.017680738725872808,1.0,ppo,0.04603012407001829,2.603405026434834,0.0038668253937081953
3164.0,26.0,20.0,ppo,0.9493255656114099,0.8979300710792982,0.017680738725872808,1.0,raw,0.07995952688456331,4.522408714040658,nan
3164.0,26.0,20.0,ppo,0.9493255656114099,0.8979300710792982,0.017680738725872808,1.0,ppo,0.09147048749584485,5.173453944093019,nan
3164.0,26.0,21.0,ppo,0.9493255656114099,0.9356747647902899,0.017680738725872808,1.0,raw,0.02438350023377127,1.3790996299317566,nan
3164.0,26.0,21.0,ppo,0.9493255656114099,0.9356747647902899,0.017680738725872808,1.0,ppo,0.02319761771596783,1.3120276293672046,nan
3164.0,26.0,22.0,ppo,0.9493255656114099,0.9484583322380841,0.017680738725872808,1.0,raw,0.224618560142969,12.704138872561769,nan
3164.0,26.0,22.0,ppo,0.9493255656114099,0.9484583322380841,0.017680738725872808,1.0,ppo,0.19084187727055024,10.793772829824414,nan
3164.0,26.0,23.0,ppo,0.9493255656114099,0.9807548853010483,0.017680738725872808,1.0,raw,0.01957499953511071,1.1071369719674646,nan
3164.0,26.0,23.0,ppo,0.9493255656114099,0.9807548853010483,0.017680738725872808,1.0,ppo,0.014247577111402468,0.8058247640158563,nan
3164.0,26.0,24.0,ppo,0.9493255656114099,0.9666706656894112,0.017680738725872808,1.0,raw,0.05728873337059571,3.240177588663941,nan
3164.0,26.0,24.0,ppo,0.9493255656114099,0.9666706656894112,0.017680738725872808,1.0,ppo,0.057257538173474426,3.2384132281581417,nan
3164.0,26.0,25.0,ppo,0.9493255656114099,0.9204721362486148,0.017680738725872808,1.0,raw,0.3134652800402607,17.729195872430186,nan
3164.0,26.0,25.0,ppo,0.9493255656114099,0.9204721362486148,0.017680738725872808,1.0,ppo,0.3194595078320884,18.06822174034011,nan
3164.0,26.0,26.0,ppo,0.9493255656114099,0.9610295430615825,0.017680738725872808,1.0,raw,0.05093259890010654,2.88068274124628,nan
3164.0,26.0,26.0,ppo,0.9493255656114099,0.9610295430615825,0.017680738725872808,1.0,ppo,0.04069709381941806,2.3017756469566883,nan
3164.0,26.0,27.0,ppo,0.9493255656114099,0.9403628242173038,0.017680738725872808,1.0,raw,0.043667278812170654,2.469765516543202,nan
3164.0,26.0,27.0,ppo,0.9493255656114099,0.9403628242173038,0.017680738725872808,1.0,ppo,0.03300854978403393,1.8669214163394334,nan
3164.0,26.0,28.0,ppo,0.9493255656114099,0.9428013675047706,0.017680738725872808,1.0,raw,0.08966752700365437,5.07148080144643,nan
3164.0,26.0,28.0,ppo,0.9493255656114099,0.9428013675047706,0.017680738725872808,1.0,ppo,0.1007460491771003,5.698067865777309,nan
3164.0,26.0,29.0,ppo,0.9493255656114099,0.938964364867079,0.017680738725872808,1.0,raw,0.08373545978972394,4.735970656429139,nan
3164.0,26.0,29.0,ppo,0.9493255656114099,0.938964364867079,0.017680738725872808,1.0,ppo,0.06452410842795403,3.6494011606841843,nan
3164.0,26.0,30.0,ppo,0.9493255656114099,0.9481916936766948,0.017680738725872808,1.0,raw,0.06665751546430099,3.770063937812669,nan
3164.0,26.0,30.0,ppo,0.9493255656114099,0.9481916936766948,0.017680738725872808,1.0,ppo,0.03822241531764275,2.161810991625063,nan
3164.0,26.0,31.0,ppo,0.9493255656114099,0.9672674913612397,0.017680738725872808,1.0,raw,0.0459517090551129,2.5989699733456413,nan
3164.0,26.0,31.0,ppo,0.9493255656114099,0.9672674913612397,0.017680738725872808,1.0,ppo,0.056029251055432036,3.1689428775644193,nan
3164.0,26.0,32.0,ppo,0.9493255656114099,0.9608479601981129,0.017680738725872808,1.0,raw,0.03398299995326192,1.9220350733158833,nan
3164.0,26.0,32.0,ppo,0.9493255656114099,0.9608479601981129,0.017680738725872808,1.0,ppo,0.03233350774922482,1.8287419010332486,nan
3164.0,26.0,33.0,ppo,0.9493255656114099,0.9822789013351092,0.017680738725872808,1.0,raw,0.05863734105432567,3.3164531167761515,nan
3164.0,26.0,33.0,ppo,0.9493255656114099,0.9822789013351092,0.017680738725872808,1.0,ppo,0.057033361474033,3.225734080362502,nan
3164.0,26.0,34.0,ppo,0.9493255656114099,0.9195842972413378,0.017680738725872808,1.0,raw,0.11080358170120926,6.266909059578304,nan
3164.0,26.0,34.0,ppo,0.9493255656114099,0.9195842972413378,0.017680738725872808,1.0,ppo,0.12649833853975723,7.154584460582975,nan
3164.0,26.0,35.0,ppo,0.9493255656114099,0.9550366713257689,0.017680738725872808,1.0,raw,0.02940714518598235,1.6632305720885918,nan
3164.0,26.0,35.0,ppo,0.9493255656114099,0.9550366713257689,0.017680738725872808,1.0,ppo,0.007306042445113375,0.41322042921329993,nan
3164.0,26.0,36.0,ppo,0.9493255656114099,0.9823407058344322,0.017680738725872808,1.0,raw,0.0773011019699607,4.372051596285592,nan
3164.0,26.0,36.0,ppo,0.9493255656114099,0.9823407058344322,0.017680738725872808,1.0,ppo,0.07805128896087798,4.41448121433201,nan
3164.0,26.0,37.0,ppo,0.9493255656114099,0.9484603991531523,0.017680738725872808,1.0,raw,0.040705208520274566,2.302234604072809,nan
3164.0,26.0,37.0,ppo,0.9493255656114099,0.9484603991531523,0.017680738725872808,1.0,ppo,0.03988450314496838,2.2558165562734134,nan
3164.0,26.0,38.0,ppo,0.9493255656114099,0.8892556556270363,0.017680738725872808,1.0,raw,0.15855221633584896,8.967510848618236,nan
3164.0,26.0,38.0,ppo,0.9493255656114099,0.8892556556270363,0.017680738725872808,1.0,ppo,0.18078069539727704,10.224725233495741,nan
3164.0,26.0,39.0,ppo,0.9493255656114099,0.950748343435636,0.017680738725872808,1.0,raw,0.13487351121959704,7.628273530349283,nan
3164.0,26.0,39.0,ppo,0.9493255656114099,0.950748343435636,0.017680738725872808,1.0,ppo,0.13487351121959704,7.628273530349283,nan
3164.0,26.0,40.0,ppo,0.9493255656114099,0.9531237475836462,0.017680738725872808,1.0,raw,0.0782432411541382,4.425337785216082,nan
3164.0,26.0,40.0,ppo,0.9493255656114099,0.9531237475836462,0.017680738725872808,1.0,ppo,0.04998577951211654,2.827131845965842,nan
3164.0,26.0,41.0,ppo,0.9493255656114099,0.9665043887684331,0.017680738725872808,1.0,raw,0.06410339810733048,3.625606322292737,nan
3164.0,26.0,41.0,ppo,0.9493255656114099,0.9665043887684331,0.017680738725872808,1.0,ppo,0.03856233354133679,2.1810363322041098,nan
3164.0,26.0,42.0,ppo,0.9493255656114099,0.966410024788831,0.017680738725872808,1.0,raw,0.07719270816668286,4.365920981215804,nan
3164.0,26.0,42.0,ppo,0.9493255656114099,0.966410024788831,0.017680738725872808,1.0,ppo,0.018750381401377428,1.0604976235489174,nan
3164.0,26.0,43.0,ppo,0.9493255656114099,0.9805250124864979,0.017680738725872808,1.0,raw,0.033586041303262024,1.8995835990786099,nan
3164.0,26.0,43.0,ppo,0.9493255656114099,0.9805250124864979,0.017680738725872808,1.0,ppo,0.02288795895863339,1.294513725557218,nan
3164.0,26.0,44.0,ppo,0.9493255656114099,0.9468184649932124,0.017680738725872808,1.0,raw,0.2110470492640131,11.936551551162339,nan
3164.0,26.0,44.0,ppo,0.9493255656114099,0.9468184649932124,0.017680738725872808,1.0,ppo,0.18169578583472223,10.276481579858471,nan
3164.0,26.0,45.0,ppo,0.9493255656114099,0.9526253625811147,0.017680738725872808,1.0,raw,0.02663510849996616,1.5064477176505147,nan
3164.0,26.0,45.0,ppo,0.9493255656114099,0.9526253625811147,0.017680738725872808,1.0,ppo,0.029923375821197216,1.6924279174720995,nan
3164.0,26.0,46.0,ppo,0.9493255656114099,0.8912209821191995,0.017680738725872808,1.0,raw,0.05978642271371136,3.381443707791684,nan
3164.0,26.0,46.0,ppo,0.9493255656114099,0.8912209821191995,0.017680738725872808,1.0,ppo,0.08396380107676447,4.748885347980256,nan
3164.0,26.0,47.0,ppo,0.9493255656114099,0.9474004800260267,0.017680738725872808,1.0,raw,0.08407039186400052,4.754913986765584,nan
3164.0,26.0,47.0,ppo,0.9493255656114099,0.9474004800260267,0.017680738725872808,1.0,ppo,0.035730092308957545,2.020848385518673,nan
3164.0,26.0,48.0,ppo,0.9493255656114099,0.9199109033550236,0.017680738725872808,1.0,raw,0.1522641615315696,8.611866500168142,nan
3164.0,26.0,48.0,ppo,0.9493255656114099,0.9199109033550236,0.017680738725872808,1.0,ppo,0.13918621256194103,7.872194409969152,nan
3164.0,26.0,49.0,ppo,0.9493255656114099,0.9610560776383194,0.017680738725872808,1.0,raw,0.06305972292774736,3.5665773871467255,nan
3164.0,26.0,49.0,ppo,0.9493255656114099,0.9610560776383194,0.017680738725872808,1.0,ppo,0.0370752080838352,2.0969264157261613,nan
3164.0,26.0,50.0,ppo,0.9493255656114099,0.9594060845491155,0.017680738725872808,1.0,raw,0.019144578523224105,1.082792909280946,nan
3164.0,26.0,50.0,ppo,0.9493255656114099,0.9594060845491155,0.017680738725872808,1.0,ppo,0.017065642480360334,0.96521094197199,nan
3164.0,26.0,51.0,ppo,0.9493255656114099,0.951999869785471,0.017680738725872808,1.0,raw,0.0340606340097184,1.9264259563926676,nan
3164.0,26.0,51.0,ppo,0.9493255656114099,0.951999869785471,0.017680738725872808,1.0,ppo,0.014900490190111615,0.8427526938287503,nan
3164.0,26.0,52.0,ppo,0.9493255656114099,0.9711420993434633,0.017680738725872808,1.0,raw,0.029495446610963014,1.6682247879044418,nan
3164.0,26.0,52.0,ppo,0.9493255656114099,0.9711420993434633,0.017680738725872808,1.0,ppo,0.02114131652641728,1.1957258604517749,nan
3164.0,26.0,53.0,ppo,0.9493255656114099,0.959141232224448,0.017680738725872808,1.0,raw,0.024323003483710335,1.3756780110164561,nan
3164.0,26.0,53.0,ppo,0.9493255656114099,0.959141232224448,0.017680738725872808,1.0,ppo,0.019899388456230294,1.1254839950273607,nan
3164.0,26.0,54.0,ppo,0.9493255656114099,0.9543079031427744,0.017680738725872808,1.0,raw,0.040520599873832816,2.2917933748174044,nan
3164.0,26.0,54.0,ppo,0.9493255656114099,0.9543079031427744,0.017680738725872808,1.0,ppo,0.03007842184393901,1.7011971224892466,nan
3164.0,26.0,55.0,ppo,0.9493255656114099,0.9625893121691991,0.017680738725872808,1.0,raw,0.059388103963142244,3.358915308003374,nan
3164.0,26.0,55.0,ppo,0.9493255656114099,0.9625893121691991,0.017680738725872808,1.0,ppo,0.059048938433018665,3.3397325388113113,nan
3164.0,26.0,56.0,ppo,0.9493255656114099,0.9550526795348849,0.017680738725872808,1.0,raw,0.08698000416597959,4.919477942327086,nan
3164.0,26.0,56.0,ppo,0.9493255656114099,0.9550526795348849,0.017680738725872808,1.0,ppo,0.09319149500843349,5.27079193088597,nan
3164.0,26.0,57.0,ppo,0.9493255656114099,0.8845414788103261,0.017680738725872808,1.0,raw,0.17008468918226965,9.619772783214037,nan
3164.0,26.0,57.0,ppo,0.9493255656114099,0.8845414788103261,0.017680738725872808,1.0,ppo,0.16619767003768532,9.399927945006212,nan
3164.0,26.0,58.0,ppo,0.9493255656114099,0.9692325768304263,0.017680738725872808,1.0,raw,0.028433427215818548,1.6081583273560272,nan
3164.0,26.0,58.0,ppo,0.9493255656114099,0.9692325768304263,0.017680738725872808,1.0,ppo,0.023909472269637726,1.3522892137221738,nan
3164.0,26.0,59.0,ppo,0.9493255656114099,0.9464949150987554,0.017680738725872808,1.0,raw,0.1908488401191061,10.794166639645589,nan
3164.0,26.0,59.0,ppo,0.9493255656114099,0.9464949150987554,0.017680738725872808,1.0,ppo,0.19001153092835643,10.746809501251567,nan
3164.0,26.0,60.0,ppo,0.9493255656114099,0.980794031699019,0.017680738725872808,1.0,raw,0.029224950293897593,1.652925861696704,nan
3164.0,26.0,60.0,ppo,0.9493255656114099,0.980794031699019,0.017680738725872808,1.0,ppo,0.02259270236691346,1.2778143898395384,nan
3164.0,26.0,61.0,ppo,0.9493255656114099,0.9502547994069469,0.017680738725872808,1.0,raw,0.08295601181169782,4.691886074324799,nan
3164.0,26.0,61.0,ppo,0.9493255656114099,0.9502547994069469,0.017680738725872808,1.0,ppo,0.06357975965830197,3.595990000421397,nan
3164.0,26.0,62.0,ppo,0.9493255656114099,0.9625979588579601,0.017680738725872808,1.0,raw,0.04954379414579506,2.8021337181628048,nan
3164.0,26.0,62.0,ppo,0.9493255656114099,0.9625979588579601,0.017680738725872808,1.0,ppo,0.05492324392865707,3.106388527097348,nan
3164.0,26.0,63.0,ppo,0.9493255656114099,0.977013785375367,0.017680738725872808,1.0,raw,0.03473638156782538,1.9646453751954656,nan
3164.0,26.0,63.0,ppo,0.9493255656114099,0.977013785375367,0.017680738725872808,1.0,ppo,0.030105627936764853,1.7027358643510915,nan
3164.0,26.0,64.0,ppo,0.9493255656114099,0.984920603624471,0.017680738725872808,1.0,raw,0.04947117415189725,2.7980264240602373,nan
3164.0,26.0,64.0,ppo,0.9493255656114099,0.984920603624471,0.017680738725872808,1.0,ppo,0.03142938796013629,1.7776060405295528,nan
3164.0,26.0,65.0,ppo,0.9493255656114099,0.9516040899743919,0.017680738725872808,1.0,raw,0.09682253748394762,5.476159055631766,nan
3164.0,26.0,65.0,ppo,0.9493255656114099,0.9516040899743919,0.017680738725872808,1.0,ppo,0.07918136689960557,4.478396979179205,nan
3164.0,26.0,66.0,ppo,0.9493255656114099,0.9283806741371332,0.017680738725872808,1.0,raw,0.0762097450652342,4.310325843665908,nan
3164.0,26.0,66.0,ppo,0.9493255656114099,0.9283806741371332,0.017680738725872808,1.0,ppo,0.050568533020543274,2.8600916400933336,nan
3164.0,26.0,67.0,ppo,0.9493255656114099,0.938534426310803,0.017680738725872808,1.0,raw,0.08852112905893739,5.006641997904844,nan
3164.0,26.0,67.0,ppo,0.9493255656114099,0.938534426310803,0.017680738725872808,1.0,ppo,0.09057280163069643,5.122681978109787,nan
3164.0,26.0,68.0,ppo,0.9493255656114099,0.954988231411833,0.017680738725872808,1.0,raw,0.06601683726823096,3.7338279973351085,nan
3164.0,26.0,68.0,ppo,0.9493255656114099,0.954988231411833,0.017680738725872808,1.0,ppo,0.03236693886195473,1.8306327220700975,nan
3164.0,26.0,69.0,ppo,0.9493255656114099,0.9255553292683457,0.017680738725872808,1.0,raw,0.07527881169602371,4.2576734413175705,nan
3164.0,26.0,69.0,ppo,0.9493255656114099,0.9255553292683457,0.017680738725872808,1.0,ppo,0.07507431627784468,4.246107441652647,nan
3164.0,26.0,70.0,ppo,0.9493255656114099,0.9634112988275632,0.017680738725872808,1.0,raw,0.01138748264982966,0.6440614742621574,nan
3164.0,26.0,70.0,ppo,0.9493255656114099,0.9634112988275632,0.017680738725872808,1.0,ppo,0.012336287834604233,0.6977246836724156,nan
3164.0,26.0,71.0,ppo,0.9493255656114099,0.957885023031496,0.017680738725872808,1.0,raw,0.07706988324152592,4.358974160324365,nan
3164.0,26.0,71.0,ppo,0.9493255656114099,0.957885023031496,0.017680738725872808,1.0,ppo,0.04588114714047975,2.594979081577647,nan
3164.0,26.0,72.0,ppo,0.9493255656114099,0.9282414423836591,0.017680738725872808,1.0,raw,0.16869710993667097,9.541293073338103,nan
3164.0,26.0,72.0,ppo,0.9493255656114099,0.9282414423836591,0.017680738725872808,1.0,ppo,0.16439173741116592,9.297786702238072,nan
3164.0,26.0,73.0,ppo,0.9493255656114099,0.9641593205471385,0.017680738725872808,1.0,raw,0.025890571244439234,1.4643376414217755,nan
3164.0,26.0,73.0,ppo,0.9493255656114099,0.9641593205471385,0.017680738725872808,1.0,ppo,0.022926412850640187,1.2966886285747332,nan
3164.0,26.0,74.0,ppo,0.9493255656114099,0.9406548413341369,0.017680738725872808,1.0,raw,0.05835874859578217,3.300696283147032,nan
3164.0,26.0,74.0,ppo,0.9493255656114099,0.9406548413341369,0.017680738725872808,1.0,ppo,0.06010368270395521,3.399387527626519,nan
3164.0,26.0,75.0,ppo,0.9493255656114099,0.9565043091634822,0.017680738725872808,1.0,raw,0.05257337596788626,2.9734829965534137,nan
3164.0,26.0,75.0,ppo,0.9493255656114099,0.9565043091634822,0.017680738725872808,1.0,ppo,0.028918399011198803,1.635587712683156,nan
3164.0,26.0,76.0,ppo,0.9493255656114099,0.9339379897976604,0.017680738725872808,1.0,raw,0.06561383363832267,3.711034626755034,nan
3164.0,26.0,76.0,ppo,0.9493255656114099,0.9339379897976604,0.017680738725872808,1.0,ppo,0.05880322688586358,3.3258354075338987,nan
3164.0,26.0,77.0,ppo,0.9493255656114099,0.9323510833488986,0.017680738725872808,1.0,raw,0.1086717281352651,6.146334144751666,nan
3164.0,26.0,77.0,ppo,0.9493255656114099,0.9323510833488986,0.017680738725872808,1.0,ppo,0.10794568076420155,6.105269832772376,nan
3164.0,26.0,78.0,ppo,0.9493255656114099,0.9710885399581034,0.017680738725872808,1.0,raw,0.04015191728402065,2.270941158429372,nan
3164.0,26.0,78.0,ppo,0.9493255656114099,0.9710885399581034,0.017680738725872808,1.0,ppo,0.020957574547556652,1.1853336488078263,nan
3164.0,26.0,79.0,ppo,0.9493255656114099,0.9658503427549243,0.017680738725872808,1.0,raw,0.06238286213663902,3.5282950053072226,nan
3164.0,26.0,79.0,ppo,0.9493255656114099,0.9658503427549243,0.017680738725872808,1.0,ppo,0.06238286213663902,3.5282950053072226,nan
584.0,27.0,0.0,raw,1.0,1.0,0.021124429075835893,0.0,raw,0.09245912926711468,4.376881805192933,0.002953602982383452
584.0,27.0,0.0,raw,1.0,1.0,0.021124429075835893,0.0,ppo,0.09245912926711468,4.376881805192933,0.002953602982383452
584.0,27.0,1.0,raw,1.0,1.0,0.021124429075835893,0.0,raw,0.10633568108776613,5.033777751153657,0.007041698304808053
584.0,27.0,1.0,raw,1.0,1.0,0.021124429075835893,0.0,ppo,0.10633568108776613,5.033777751153657,0.007041698304808053
584.0,27.0,2.0,raw,1.0,1.0,0.021124429075835893,0.0,raw,0.06864142096267377,3.2493858516248504,0.0034196242481456807
584.0,27.0,2.0,raw,1.0,1.0,0.021124429075835893,0.0,ppo,0.06864142096267377,3.2493858516248504,0.0034196242481456807
584.0,27.0,3.0,raw,1.0,1.0,0.021124429075835893,0.0,raw,0.05343390121040613,2.529483803731711,0.005715203330663998
584.0,27.0,3.0,raw,1.0,1.0,0.021124429075835893,0.0,ppo,0.05343390121040613,2.529483803731711,0.005715203330663998
584.0,27.0,4.0,raw,1.0,1.0,0.021124429075835893,0.0,raw,0.0783373348169185,3.7083764269174075,0.006401680364682583
584.0,27.0,4.0,raw,1.0,1.0,0.021124429075835893,0.0,ppo,0.0783373348169185,3.7083764269174075,0.006401680364682583
584.0,27.0,5.0,raw,1.0,1.0,0.021124429075835893,0.0,raw,0.029627617190795145,1.4025286593276973,0.0044616907256668226
584.0,27.0,5.0,raw,1.0,1.0,0.021124429075835893,0.0,ppo,0.029627617190795145,1.4025286593276973,0.0044616907256668226
584.0,27.0,6.0,raw,1.0,1.0,0.021124429075835893,0.0,raw,0.04099048130170509,1.9404302551586519,0.002814545427057391
584.0,27.0,6.0,raw,1.0,1.0,0.021124429075835893,0.0,ppo,0.04099048130170509,1.9404302551586519,0.002814545427057391
584.0,27.0,7.0,raw,1.0,1.0,0.021124429075835893,0.0,raw,0.03832848314335906,1.8144151023330035,0.004710196126874067
584.0,27.0,7.0,raw,1.0,1.0,0.021124429075835893,0.0,ppo,0.03832848314335906,1.8144151023330035,0.004710196126874067
584.0,27.0,8.0,raw,1.0,1.0,0.021124429075835893,0.0,raw,0.035019127244571326,1.657754967902517,0.004774995170319318
584.0,27.0,8.0,raw,1.0,1.0,0.021124429075835893,0.0,ppo,0.035019127244571326,1.657754967902517,0.004774995170319318
584.0,27.0,9.0,raw,1.0,1.0,0.021124429075835893,0.0,raw,0.04736126065441376,2.242013759727595,0.0011686825637816645
584.0,27.0,9.0,raw,1.0,1.0,0.021124429075835893,0.0,ppo,0.04736126065441376,2.242013759727595,0.0011686825637816645
584.0,27.0,10.0,raw,1.0,1.0,0.021124429075835893,0.0,raw,0.0649919509016236,3.076625203374964,0.0030832765779985616
584.0,27.0,10.0,raw,1.0,1.0,0.021124429075835893,0.0,ppo,0.0649919509016236,3.076625203374964,0.0030832765779985616
584.0,27.0,11.0,raw,1.0,1.0,0.021124429075835893,0.0,raw,0.057501902716717866,2.722057126859535,0.00017819603903324044
584.0,27.0,11.0,raw,1.0,1.0,0.021124429075835893,0.0,ppo,0.057501902716717866,2.722057126859535,0.00017819603903324044
584.0,27.0,12.0,raw,1.0,1.0,0.021124429075835893,0.0,raw,0.04800636502455845,2.2725520700331088,0.005337608958503881
584.0,27.0,12.0,raw,1.0,1.0,0.021124429075835893,0.0,ppo,0.04800636502455845,2.2725520700331088,0.005337608958503881
584.0,27.0,13.0,raw,1.0,1.0,0.021124429075835893,0.0,raw,0.03613231211909874,1.710451534069163,0.0021559614338657607
584.0,27.0,13.0,raw,1.0,1.0,0.021124429075835893,0.0,ppo,0.03613231211909874,1.710451534069163,0.0021559614338657607
584.0,27.0,14.0,raw,1.0,1.0,0.021124429075835893,0.0,raw,0.045660568087345886,2.1615054268887546,0.0016753163322867914
584.0,27.0,14.0,raw,1.0,1.0,0.021124429075835893,0.0,ppo,0.045660568087345886,2.1615054268887546,0.0016753163322867914
584.0,27.0,15.0,raw,1.0,1.0,0.021124429075835893,0.0,raw,0.026068314125264676,1.2340363865778536,0.0024768357848373723
584.0,27.0,15.0,raw,1.0,1.0,0.021124429075835893,0.0,ppo,0.026068314125264676,1.2340363865778536,0.0024768357848373723
584.0,27.0,16.0,raw,1.0,1.0,0.021124429075835893,0.0,raw,0.039117559900979273,1.8517688577782967,0.006222294673428053
584.0,27.0,16.0,raw,1.0,1.0,0.021124429075835893,0.0,ppo,0.039117559900979273,1.8517688577782967,0.006222294673428053
584.0,27.0,17.0,raw,1.0,1.0,0.021124429075835893,0.0,raw,0.04841580974638587,2.2919345925314696,0.005448584870686668
584.0,27.0,17.0,raw,1.0,1.0,0.021124429075835893,0.0,ppo,0.04841580974638587,2.2919345925314696,0.005448584870686668
584.0,27.0,18.0,raw,1.0,1.0,0.021124429075835893,0.0,raw,0.039502085341119805,1.8699717374282083,0.002586687080070371
584.0,27.0,18.0,raw,1.0,1.0,0.021124429075835893,0.0,ppo,0.039502085341119805,1.8699717374282083,0.002586687080070371
584.0,27.0,19.0,raw,1.0,1.0,0.021124429075835893,0.0,raw,0.0629075901966211,2.977954574335962,0.003526545629752409
584.0,27.0,19.0,raw,1.0,1.0,0.021124429075835893,0.0,ppo,0.0629075901966211,2.977954574335962,0.003526545629752409
584.0,27.0,20.0,raw,1.0,1.0,0.021124429075835893,0.0,raw,0.03434824820956858,1.6259965221431398,nan
584.0,27.0,20.0,raw,1.0,1.0,0.021124429075835893,0.0,ppo,0.03434824820956858,1.6259965221431398,nan
584.0,27.0,21.0,raw,1.0,1.0,0.021124429075835893,0.0,raw,0.04244974758038909,2.009509815768091,nan
584.0,27.0,21.0,raw,1.0,1.0,0.021124429075835893,0.0,ppo,0.04244974758038909,2.009509815768091,nan
584.0,27.0,22.0,raw,1.0,1.0,0.021124429075835893,0.0,raw,0.17542413217702366,8.304325364120267,nan
584.0,27.0,22.0,raw,1.0,1.0,0.021124429075835893,0.0,ppo,0.17542413217702366,8.304325364120267,nan
584.0,27.0,23.0,raw,1.0,1.0,0.021124429075835893,0.0,raw,0.04478210170317404,2.119920095468995,nan
584.0,27.0,23.0,raw,1.0,1.0,0.021124429075835893,0.0,ppo,0.04478210170317404,2.119920095468995,nan
584.0,27.0,24.0,raw,1.0,1.0,0.021124429075835893,0.0,raw,0.05234994646572865,2.4781709497470605,nan
584.0,27.0,24.0,raw,1.0,1.0,0.021124429075835893,0.0,ppo,0.05234994646572865,2.4781709497470605,nan
584.0,27.0,25.0,raw,1.0,1.0,0.021124429075835893,0.0,raw,0.04216795652320238,1.9961702336106233,nan
584.0,27.0,25.0,raw,1.0,1.0,0.021124429075835893,0.0,ppo,0.04216795652320238,1.9961702336106233,nan
584.0,27.0,26.0,raw,1.0,1.0,0.021124429075835893,0.0,raw,0.03671586656526969,1.738076159760869,nan
584.0,27.0,26.0,raw,1.0,1.0,0.021124429075835893,0.0,ppo,0.03671586656526969,1.738076159760869,nan
584.0,27.0,27.0,raw,1.0,1.0,0.021124429075835893,0.0,raw,0.06190983638570487,2.9307223482088403,nan
584.0,27.0,27.0,raw,1.0,1.0,0.021124429075835893,0.0,ppo,0.06190983638570487,2.9307223482088403,nan
584.0,27.0,28.0,raw,1.0,1.0,0.021124429075835893,0.0,raw,0.06541271862670014,3.0965437405134586,nan
584.0,27.0,28.0,raw,1.0,1.0,0.021124429075835893,0.0,ppo,0.06541271862670014,3.0965437405134586,nan
584.0,27.0,29.0,raw,1.0,1.0,0.021124429075835893,0.0,raw,0.06879742060285947,3.2567706495583555,nan
584.0,27.0,29.0,raw,1.0,1.0,0.021124429075835893,0.0,ppo,0.06879742060285947,3.2567706495583555,nan
584.0,27.0,30.0,raw,1.0,1.0,0.021124429075835893,0.0,raw,0.07557644933229274,3.5776800907128035,nan
584.0,27.0,30.0,raw,1.0,1.0,0.021124429075835893,0.0,ppo,0.07557644933229274,3.5776800907128035,nan
584.0,27.0,31.0,raw,1.0,1.0,0.021124429075835893,0.0,raw,0.019284904096052966,0.9129195410120149,nan
584.0,27.0,31.0,raw,1.0,1.0,0.021124429075835893,0.0,ppo,0.019284904096052966,0.9129195410120149,nan
584.0,27.0,32.0,raw,1.0,1.0,0.021124429075835893,0.0,raw,0.0847764699129743,4.013195793771752,nan
584.0,27.0,32.0,raw,1.0,1.0,0.021124429075835893,0.0,ppo,0.0847764699129743,4.013195793771752,nan
584.0,27.0,33.0,raw,1.0,1.0,0.021124429075835893,0.0,raw,0.15087697383375998,7.142298297961919,nan
584.0,27.0,33.0,raw,1.0,1.0,0.021124429075835893,0.0,ppo,0.15087697383375998,7.142298297961919,nan
584.0,27.0,34.0,raw,1.0,1.0,0.021124429075835893,0.0,raw,0.1121940823314326,5.31110601515715,nan
584.0,27.0,34.0,raw,1.0,1.0,0.021124429075835893,0.0,ppo,0.1121940823314326,5.31110601515715,nan
584.0,27.0,35.0,raw,1.0,1.0,0.021124429075835893,0.0,raw,0.04821191121369521,2.282282330121978,nan
584.0,27.0,35.0,raw,1.0,1.0,0.021124429075835893,0.0,ppo,0.04821191121369521,2.282282330121978,nan
584.0,27.0,36.0,raw,1.0,1.0,0.021124429075835893,0.0,raw,0.04552521538195758,2.1550980250649046,nan
584.0,27.0,36.0,raw,1.0,1.0,0.021124429075835893,0.0,ppo,0.04552521538195758,2.1550980250649046,nan
584.0,27.0,37.0,raw,1.0,1.0,0.021124429075835893,0.0,raw,0.023868857711190683,1.1299172926994805,nan
584.0,27.0,37.0,raw,1.0,1.0,0.021124429075835893,0.0,ppo,0.023868857711190683,1.1299172926994805,nan
584.0,27.0,38.0,raw,1.0,1.0,0.021124429075835893,0.0,raw,0.06940049668468438,3.285319401321534,nan
584.0,27.0,38.0,raw,1.0,1.0,0.021124429075835893,0.0,ppo,0.06940049668468438,3.285319401321534,nan
584.0,27.0,39.0,raw,1.0,1.0,0.021124429075835893,0.0,raw,0.11307189116940677,5.3526602192884365,nan
584.0,27.0,39.0,raw,1.0,1.0,0.021124429075835893,0.0,ppo,0.11307189116940677,5.3526602192884365,nan
584.0,27.0,40.0,raw,1.0,1.0,0.021124429075835893,0.0,raw,0.03016335018510017,1.4278894864715583,nan
584.0,27.0,40.0,raw,1.0,1.0,0.021124429075835893,0.0,ppo,0.03016335018510017,1.4278894864715583,nan
584.0,27.0,41.0,raw,1.0,1.0,0.021124429075835893,0.0,raw,0.04667681709017952,2.2096131887215287,nan
584.0,27.0,41.0,raw,1.0,1.0,0.021124429075835893,0.0,ppo,0.04667681709017952,2.2096131887215287,nan
584.0,27.0,42.0,raw,1.0,1.0,0.021124429075835893,0.0,raw,0.025784517625839973,1.2206018696777339,nan
584.0,27.0,42.0,raw,1.0,1.0,0.021124429075835893,0.0,ppo,0.025784517625839973,1.2206018696777339,nan
584.0,27.0,43.0,raw,1.0,1.0,0.021124429075835893,0.0,raw,0.0659931914475281,3.124022486506739,nan
584.0,27.0,43.0,raw,1.0,1.0,0.021124429075835893,0.0,ppo,0.0659931914475281,3.124022486506739,nan
584.0,27.0,44.0,raw,1.0,1.0,0.021124429075835893,0.0,raw,0.03587494920496678,1.698268344965778,nan
584.0,27.0,44.0,raw,1.0,1.0,0.021124429075835893,0.0,ppo,0.03587494920496678,1.698268344965778,nan
584.0,27.0,45.0,raw,1.0,1.0,0.021124429075835893,0.0,raw,0.17083207950690593,8.086944214853112,nan
584.0,27.0,45.0,raw,1.0,1.0,0.021124429075835893,0.0,ppo,0.17083207950690593,8.086944214853112,nan
584.0,27.0,46.0,raw,1.0,1.0,0.021124429075835893,0.0,raw,0.02355409322442361,1.1150167959505706,nan
584.0,27.0,46.0,raw,1.0,1.0,0.021124429075835893,0.0,ppo,0.02355409322442361,1.1150167959505706,nan
584.0,27.0,47.0,raw,1.0,1.0,0.021124429075835893,0.0,raw,0.025045650061875743,1.1856249450322571,nan
584.0,27.0,47.0,raw,1.0,1.0,0.021124429075835893,0.0,ppo,0.025045650061875743,1.1856249450322571,nan
584.0,27.0,48.0,raw,1.0,1.0,0.021124429075835893,0.0,raw,0.057356271771745376,2.715163168000354,nan
584.0,27.0,48.0,raw,1.0,1.0,0.021124429075835893,0.0,ppo,0.057356271771745376,2.715163168000354,nan
584.0,27.0,49.0,raw,1.0,1.0,0.021124429075835893,0.0,raw,0.051759909158391196,2.450239434759401,nan
584.0,27.0,49.0,raw,1.0,1.0,0.021124429075835893,0.0,ppo,0.051759909158391196,2.450239434759401,nan
584.0,27.0,50.0,raw,1.0,1.0,0.021124429075835893,0.0,raw,0.134979152279451,6.3897183585355615,nan
584.0,27.0,50.0,raw,1.0,1.0,0.021124429075835893,0.0,ppo,0.134979152279451,6.3897183585355615,nan
584.0,27.0,51.0,raw,1.0,1.0,0.021124429075835893,0.0,raw,0.09665649041304902,4.575578827056386,nan
584.0,27.0,51.0,raw,1.0,1.0,0.021124429075835893,0.0,ppo,0.09665649041304902,4.575578827056386,nan
584.0,27.0,52.0,raw,1.0,1.0,0.021124429075835893,0.0,raw,0.06793320408401957,3.2158598862076677,nan
584.0,27.0,52.0,raw,1.0,1.0,0.021124429075835893,0.0,ppo,0.06793320408401957,3.2158598862076677,nan
584.0,27.0,53.0,raw,1.0,1.0,0.021124429075835893,0.0,raw,0.054895121949595144,2.5986558856821054,nan
584.0,27.0,53.0,raw,1.0,1.0,0.021124429075835893,0.0,ppo,0.054895121949595144,2.5986558856821054,nan
584.0,27.0,54.0,raw,1.0,1.0,0.021124429075835893,0.0,raw,0.04319824060852322,2.0449423960024284,nan
584.0,27.0,54.0,raw,1.0,1.0,0.021124429075835893,0.0,ppo,0.04319824060852322,2.0449423960024284,nan
584.0,27.0,55.0,raw,1.0,1.0,0.021124429075835893,0.0,raw,0.030204140479013375,1.42982044014452,nan
584.0,27.0,55.0,raw,1.0,1.0,0.021124429075835893,0.0,ppo,0.030204140479013375,1.42982044014452,nan
584.0,27.0,56.0,raw,1.0,1.0,0.021124429075835893,0.0,raw,0.06939612476970608,3.285112441173044,nan
584.0,27.0,56.0,raw,1.0,1.0,0.021124429075835893,0.0,ppo,0.06939612476970608,3.285112441173044,nan
584.0,27.0,57.0,raw,1.0,1.0,0.021124429075835893,0.0,raw,0.05006270758985609,2.3698963607552606,nan
584.0,27.0,57.0,raw,1.0,1.0,0.021124429075835893,0.0,ppo,0.05006270758985609,2.3698963607552606,nan
584.0,27.0,58.0,raw,1.0,1.0,0.021124429075835893,0.0,raw,0.03896123564839932,1.8443686931623084,nan
584.0,27.0,58.0,raw,1.0,1.0,0.021124429075835893,0.0,ppo,0.03896123564839932,1.8443686931623084,nan
584.0,27.0,59.0,raw,1.0,1.0,0.021124429075835893,0.0,raw,0.21160963538274752,10.01729488750096,nan
584.0,27.0,59.0,raw,1.0,1.0,0.021124429075835893,0.0,ppo,0.21160963538274752,10.01729488750096,nan
584.0,27.0,60.0,raw,1.0,1.0,0.021124429075835893,0.0,raw,0.11365095913098562,5.3800724612714035,nan
584.0,27.0,60.0,raw,1.0,1.0,0.021124429075835893,0.0,ppo,0.11365095913098562,5.3800724612714035,nan
584.0,27.0,61.0,raw,1.0,1.0,0.021124429075835893,0.0,raw,0.07754033974175463,3.6706478297419434,nan
584.0,27.0,61.0,raw,1.0,1.0,0.021124429075835893,0.0,ppo,0.07754033974175463,3.6706478297419434,nan
584.0,27.0,62.0,raw,1.0,1.0,0.021124429075835893,0.0,raw,0.060421757340495784,2.8602788327951485,nan
584.0,27.0,62.0,raw,1.0,1.0,0.021124429075835893,0.0,ppo,0.060421757340495784,2.8602788327951485,nan
584.0,27.0,63.0,raw,1.0,1.0,0.021124429075835893,0.0,raw,0.05015669122680062,2.3743454105547666,nan
584.0,27.0,63.0,raw,1.0,1.0,0.021124429075835893,0.0,ppo,0.05015669122680062,2.3743454105547666,nan
584.0,27.0,64.0,raw,1.0,1.0,0.021124429075835893,0.0,raw,0.05749598606646188,2.7217770411713134,nan
584.0,27.0,64.0,raw,1.0,1.0,0.021124429075835893,0.0,ppo,0.05749598606646188,2.7217770411713134,nan
584.0,27.0,65.0,raw,1.0,1.0,0.021124429075835893,0.0,raw,0.12113840809878115,5.734517494598263,nan
584.0,27.0,65.0,raw,1.0,1.0,0.021124429075835893,0.0,ppo,0.12113840809878115,5.734517494598263,nan
584.0,27.0,66.0,raw,1.0,1.0,0.021124429075835893,0.0,raw,0.03193013611195073,1.511526583621397,nan
584.0,27.0,66.0,raw,1.0,1.0,0.021124429075835893,0.0,ppo,0.03193013611195073,1.511526583621397,nan
584.0,27.0,67.0,raw,1.0,1.0,0.021124429075835893,0.0,raw,0.0900045678808322,4.260686409924701,nan
584.0,27.0,67.0,raw,1.0,1.0,0.021124429075835893,0.0,ppo,0.0900045678808322,4.260686409924701,nan
584.0,27.0,68.0,raw,1.0,1.0,0.021124429075835893,0.0,raw,0.0737400069461632,3.4907455572616612,nan
584.0,27.0,68.0,raw,1.0,1.0,0.021124429075835893,0.0,ppo,0.0737400069461632,3.4907455572616612,nan
584.0,27.0,69.0,raw,1.0,1.0,0.021124429075835893,0.0,raw,0.09780816106145147,4.630097254241708,nan
584.0,27.0,69.0,raw,1.0,1.0,0.021124429075835893,0.0,ppo,0.09780816106145147,4.630097254241708,nan
584.0,27.0,70.0,raw,1.0,1.0,0.021124429075835893,0.0,raw,0.08628040646689111,4.0843899807728645,nan
584.0,27.0,70.0,raw,1.0,1.0,0.021124429075835893,0.0,ppo,0.08628040646689111,4.0843899807728645,nan
584.0,27.0,71.0,raw,1.0,1.0,0.021124429075835893,0.0,raw,0.10293900243685122,4.872983883602446,nan
584.0,27.0,71.0,raw,1.0,1.0,0.021124429075835893,0.0,ppo,0.10293900243685122,4.872983883602446,nan
584.0,27.0,72.0,raw,1.0,1.0,0.021124429075835893,0.0,raw,0.06400427550965859,3.0298700750626533,nan
584.0,27.0,72.0,raw,1.0,1.0,0.021124429075835893,0.0,ppo,0.06400427550965859,3.0298700750626533,nan
584.0,27.0,73.0,raw,1.0,1.0,0.021124429075835893,0.0,raw,0.09591021245231494,4.540251104917484,nan
584.0,27.0,73.0,raw,1.0,1.0,0.021124429075835893,0.0,ppo,0.09591021245231494,4.540251104917484,nan
584.0,27.0,74.0,raw,1.0,1.0,0.021124429075835893,0.0,raw,0.03821810674318617,1.8091900427691856,nan
584.0,27.0,74.0,raw,1.0,1.0,0.021124429075835893,0.0,ppo,0.03821810674318617,1.8091900427691856,nan
584.0,27.0,75.0,raw,1.0,1.0,0.021124429075835893,0.0,raw,0.06095015888105085,2.885292599494268,nan
584.0,27.0,75.0,raw,1.0,1.0,0.021124429075835893,0.0,ppo,0.06095015888105085,2.885292599494268,nan
584.0,27.0,76.0,raw,1.0,1.0,0.021124429075835893,0.0,raw,0.11586796857024867,5.4850224900416045,nan
584.0,27.0,76.0,raw,1.0,1.0,0.021124429075835893,0.0,ppo,0.11586796857024867,5.4850224900416045,nan
584.0,27.0,77.0,raw,1.0,1.0,0.021124429075835893,0.0,raw,0.04453310644293519,2.108133019030386,nan
584.0,27.0,77.0,raw,1.0,1.0,0.021124429075835893,0.0,ppo,0.04453310644293519,2.108133019030386,nan
584.0,27.0,78.0,raw,1.0,1.0,0.021124429075835893,0.0,raw,0.08054260857944168,3.812770905679713,nan
584.0,27.0,78.0,raw,1.0,1.0,0.021124429075835893,0.0,ppo,0.08054260857944168,3.812770905679713,nan
584.0,27.0,79.0,raw,1.0,1.0,0.021124429075835893,0.0,raw,0.06886471227133233,3.2599561400741597,nan
584.0,27.0,79.0,raw,1.0,1.0,0.021124429075835893,0.0,ppo,0.06886471227133233,3.2599561400741597,nan
1696.0,28.0,0.0,ppo,1.0,1.0,0.030059310841081287,0.0,raw,0.06667577407496941,2.2181404765888826,0.009286686942706401
1696.0,28.0,0.0,ppo,1.0,1.0,0.030059310841081287,0.0,ppo,0.06667577407496941,2.2181404765888826,0.009286686942706401
1696.0,28.0,1.0,ppo,1.0,1.0,0.030059310841081287,0.0,raw,0.03250446854517891,1.081344436571576,0.004928271563455988
1696.0,28.0,1.0,ppo,1.0,1.0,0.030059310841081287,0.0,ppo,0.03250446854517891,1.081344436571576,0.004928271563455988
1696.0,28.0,2.0,ppo,1.0,1.0,0.030059310841081287,0.0,raw,0.04115905174761947,1.3692613235619644,0.006207662959211491
1696.0,28.0,2.0,ppo,1.0,1.0,0.030059310841081287,0.0,ppo,0.04115905174761947,1.3692613235619644,0.006207662959211491
1696.0,28.0,3.0,ppo,1.0,1.0,0.030059310841081287,0.0,raw,0.07127790879588573,2.3712422807269435,0.0029885551619646122
1696.0,28.0,3.0,ppo,1.0,1.0,0.030059310841081287,0.0,ppo,0.07127790879588573,2.3712422807269435,0.0029885551619646122
1696.0,28.0,4.0,ppo,1.0,1.0,0.030059310841081287,0.0,raw,0.018396482039344433,0.6120061147310947,0.005913211783924677
1696.0,28.0,4.0,ppo,1.0,1.0,0.030059310841081287,0.0,ppo,0.018396482039344433,0.6120061147310947,0.005913211783924677
1696.0,28.0,5.0,ppo,1.0,1.0,0.030059310841081287,0.0,raw,0.13778623911319687,4.583812311654463,0.01013286493511989
1696.0,28.0,5.0,ppo,1.0,1.0,0.030059310841081287,0.0,ppo,0.13778623911319687,4.583812311654463,0.01013286493511989
1696.0,28.0,6.0,ppo,1.0,1.0,0.030059310841081287,0.0,raw,0.09899131134665659,3.2931996302246462,0.0038693122166794103
1696.0,28.0,6.0,ppo,1.0,1.0,0.030059310841081287,0.0,ppo,0.09899131134665659,3.2931996302246462,0.0038693122166794103
1696.0,28.0,7.0,ppo,1.0,1.0,0.030059310841081287,0.0,raw,0.07965806318973394,2.6500295901949724,0.0031690140351732232
1696.0,28.0,7.0,ppo,1.0,1.0,0.030059310841081287,0.0,ppo,0.07965806318973394,2.6500295901949724,0.0031690140351732232
1696.0,28.0,8.0,ppo,1.0,1.0,0.030059310841081287,0.0,raw,0.04157697848181287,1.3831647272827918,0.0060271411041694645
1696.0,28.0,8.0,ppo,1.0,1.0,0.030059310841081287,0.0,ppo,0.04157697848181287,1.3831647272827918,0.0060271411041694645
1696.0,28.0,9.0,ppo,1.0,1.0,0.030059310841081287,0.0,raw,0.08443344050611226,2.8088947531930524,0.005054720478498642
1696.0,28.0,9.0,ppo,1.0,1.0,0.030059310841081287,0.0,ppo,0.08443344050611226,2.8088947531930524,0.005054720478498642
1696.0,28.0,10.0,ppo,1.0,1.0,0.030059310841081287,0.0,raw,0.05567240455619816,1.8520851941858931,0.0032232008195510753
1696.0,28.0,10.0,ppo,1.0,1.0,0.030059310841081287,0.0,ppo,0.05567240455619816,1.8520851941858931,0.0032232008195510753
1696.0,28.0,11.0,ppo,1.0,1.0,0.030059310841081287,0.0,raw,0.07396422410940447,2.460609443125338,0.004477243590577884
1696.0,28.0,11.0,ppo,1.0,1.0,0.030059310841081287,0.0,ppo,0.07396422410940447,2.460609443125338,0.004477243590577884
1696.0,28.0,12.0,ppo,1.0,1.0,0.030059310841081287,0.0,raw,0.07488699743165991,2.4913078622319507,0.004795323956948372
1696.0,28.0,12.0,ppo,1.0,1.0,0.030059310841081287,0.0,ppo,0.07488699743165991,2.4913078622319507,0.004795323956948372
1696.0,28.0,13.0,ppo,1.0,1.0,0.030059310841081287,0.0,raw,0.12474377898151545,4.149921454986631,0.0006994144608876152
1696.0,28.0,13.0,ppo,1.0,1.0,0.030059310841081287,0.0,ppo,0.12474377898151545,4.149921454986631,0.0006994144608876152
1696.0,28.0,14.0,ppo,1.0,1.0,0.030059310841081287,0.0,raw,0.042936762819229514,1.4284014376187542,0.006092302616838796
1696.0,28.0,14.0,ppo,1.0,1.0,0.030059310841081287,0.0,ppo,0.042936762819229514,1.4284014376187542,0.006092302616838796
1696.0,28.0,15.0,ppo,1.0,1.0,0.030059310841081287,0.0,raw,0.09911961795568809,3.297468078350747,0.0027084828416101825
1696.0,28.0,15.0,ppo,1.0,1.0,0.030059310841081287,0.0,ppo,0.09911961795568809,3.297468078350747,0.0027084828416101825
1696.0,28.0,16.0,ppo,1.0,1.0,0.030059310841081287,0.0,raw,0.06918443155256934,2.30159739583972,0.0048735882159657296
1696.0,28.0,16.0,ppo,1.0,1.0,0.030059310841081287,0.0,ppo,0.06918443155256934,2.30159739583972,0.0048735882159657296
1696.0,28.0,17.0,ppo,1.0,1.0,0.030059310841081287,0.0,raw,0.030379791192733045,1.010661600106073,0.003655413430097232
1696.0,28.0,17.0,ppo,1.0,1.0,0.030059310841081287,0.0,ppo,0.030379791192733045,1.010661600106073,0.003655413430097232
1696.0,28.0,18.0,ppo,1.0,1.0,0.030059310841081287,0.0,raw,0.04690265451656024,1.5603369872492083,0.006373561959446272
1696.0,28.0,18.0,ppo,1.0,1.0,0.030059310841081287,0.0,ppo,0.04690265451656024,1.5603369872492083,0.006373561959446272
1696.0,28.0,19.0,ppo,1.0,1.0,0.030059310841081287,0.0,raw,0.09142957555073378,3.0416391125567435,0.0011683025164923588
1696.0,28.0,19.0,ppo,1.0,1.0,0.030059310841081287,0.0,ppo,0.09142957555073378,3.0416391125567435,0.0011683025164923588
1696.0,28.0,20.0,ppo,1.0,1.0,0.030059310841081287,0.0,raw,0.030141359506940753,1.0027295591137548,nan
1696.0,28.0,20.0,ppo,1.0,1.0,0.030059310841081287,0.0,ppo,0.030141359506940753,1.0027295591137548,nan
1696.0,28.0,21.0,ppo,1.0,1.0,0.030059310841081287,0.0,raw,0.03532830270570837,1.175286515798163,nan
1696.0,28.0,21.0,ppo,1.0,1.0,0.030059310841081287,0.0,ppo,0.03532830270570837,1.175286515798163,nan
1696.0,28.0,22.0,ppo,1.0,1.0,0.030059310841081287,0.0,raw,0.03889449462582908,1.293925028137138,nan
1696.0,28.0,22.0,ppo,1.0,1.0,0.030059310841081287,0.0,ppo,0.03889449462582908,1.293925028137138,nan
1696.0,28.0,23.0,ppo,1.0,1.0,0.030059310841081287,0.0,raw,0.08013338759678154,2.665842474580798,nan
1696.0,28.0,23.0,ppo,1.0,1.0,0.030059310841081287,0.0,ppo,0.08013338759678154,2.665842474580798,nan
1696.0,28.0,24.0,ppo,1.0,1.0,0.030059310841081287,0.0,raw,0.04334866770647033,1.4421045091701443,nan
1696.0,28.0,24.0,ppo,1.0,1.0,0.030059310841081287,0.0,ppo,0.04334866770647033,1.4421045091701443,nan
1696.0,28.0,25.0,ppo,1.0,1.0,0.030059310841081287,0.0,raw,0.06611720177205503,2.1995581376301665,nan
1696.0,28.0,25.0,ppo,1.0,1.0,0.030059310841081287,0.0,ppo,0.06611720177205503,2.1995581376301665,nan
1696.0,28.0,26.0,ppo,1.0,1.0,0.030059310841081287,0.0,raw,0.03244379881170115,1.07932610242551,nan
1696.0,28.0,26.0,ppo,1.0,1.0,0.030059310841081287,0.0,ppo,0.03244379881170115,1.07932610242551,nan
1696.0,28.0,27.0,ppo,1.0,1.0,0.030059310841081287,0.0,raw,0.08072752480657983,2.6856079712995813,nan
1696.0,28.0,27.0,ppo,1.0,1.0,0.030059310841081287,0.0,ppo,0.08072752480657983,2.6856079712995813,nan
1696.0,28.0,28.0,ppo,1.0,1.0,0.030059310841081287,0.0,raw,0.04209272232142472,1.4003222676648222,nan
1696.0,28.0,28.0,ppo,1.0,1.0,0.030059310841081287,0.0,ppo,0.04209272232142472,1.4003222676648222,nan
1696.0,28.0,29.0,ppo,1.0,1.0,0.030059310841081287,0.0,raw,0.05189192930154132,1.726317997637589,nan
1696.0,28.0,29.0,ppo,1.0,1.0,0.030059310841081287,0.0,ppo,0.05189192930154132,1.726317997637589,nan
1696.0,28.0,30.0,ppo,1.0,1.0,0.030059310841081287,0.0,raw,0.049151912382520334,1.6351643137255722,nan
1696.0,28.0,30.0,ppo,1.0,1.0,0.030059310841081287,0.0,ppo,0.049151912382520334,1.6351643137255722,nan
1696.0,28.0,31.0,ppo,1.0,1.0,0.030059310841081287,0.0,raw,0.031642530299671914,1.0526698521786095,nan
1696.0,28.0,31.0,ppo,1.0,1.0,0.030059310841081287,0.0,ppo,0.031642530299671914,1.0526698521786095,nan
1696.0,28.0,32.0,ppo,1.0,1.0,0.030059310841081287,0.0,raw,0.11971043052974044,3.982474221136676,nan
1696.0,28.0,32.0,ppo,1.0,1.0,0.030059310841081287,0.0,ppo,0.11971043052974044,3.982474221136676,nan
1696.0,28.0,33.0,ppo,1.0,1.0,0.030059310841081287,0.0,raw,0.03767498354005814,1.2533548669575187,nan
1696.0,28.0,33.0,ppo,1.0,1.0,0.030059310841081287,0.0,ppo,0.03767498354005814,1.2533548669575187,nan
1696.0,28.0,34.0,ppo,1.0,1.0,0.030059310841081287,0.0,raw,0.05482112768394834,1.8237652876933463,nan
1696.0,28.0,34.0,ppo,1.0,1.0,0.030059310841081287,0.0,ppo,0.05482112768394834,1.8237652876933463,nan
1696.0,28.0,35.0,ppo,1.0,1.0,0.030059310841081287,0.0,raw,0.11848786549379482,3.9418024624789636,nan
1696.0,28.0,35.0,ppo,1.0,1.0,0.030059310841081287,0.0,ppo,0.11848786549379482,3.9418024624789636,nan
1696.0,28.0,36.0,ppo,1.0,1.0,0.030059310841081287,0.0,raw,0.05904954447947632,1.9644344074174458,nan
1696.0,28.0,36.0,ppo,1.0,1.0,0.030059310841081287,0.0,ppo,0.05904954447947632,1.9644344074174458,nan
1696.0,28.0,37.0,ppo,1.0,1.0,0.030059310841081287,0.0,raw,0.09818183819733908,3.2662704316945446,nan
1696.0,28.0,37.0,ppo,1.0,1.0,0.030059310841081287,0.0,ppo,0.09818183819733908,3.2662704316945446,nan
1696.0,28.0,38.0,ppo,1.0,1.0,0.030059310841081287,0.0,raw,0.06445176540308867,2.1441531292528535,nan
1696.0,28.0,38.0,ppo,1.0,1.0,0.030059310841081287,0.0,ppo,0.06445176540308867,2.1441531292528535,nan
1696.0,28.0,39.0,ppo,1.0,1.0,0.030059310841081287,0.0,raw,0.11205113520276806,3.7276681356789676,nan
1696.0,28.0,39.0,ppo,1.0,1.0,0.030059310841081287,0.0,ppo,0.11205113520276806,3.7276681356789676,nan
1696.0,28.0,40.0,ppo,1.0,1.0,0.030059310841081287,0.0,raw,0.07357986493074557,2.447822750153868,nan
1696.0,28.0,40.0,ppo,1.0,1.0,0.030059310841081287,0.0,ppo,0.07357986493074557,2.447822750153868,nan
1696.0,28.0,41.0,ppo,1.0,1.0,0.030059310841081287,0.0,raw,0.09255820752405625,3.0791859471894254,nan
1696.0,28.0,41.0,ppo,1.0,1.0,0.030059310841081287,0.0,ppo,0.09255820752405625,3.0791859471894254,nan
1696.0,28.0,42.0,ppo,1.0,1.0,0.030059310841081287,0.0,raw,0.043011374726043064,1.4308835938866744,nan
1696.0,28.0,42.0,ppo,1.0,1.0,0.030059310841081287,0.0,ppo,0.043011374726043064,1.4308835938866744,nan
1696.0,28.0,43.0,ppo,1.0,1.0,0.030059310841081287,0.0,raw,0.045444709113479934,1.5118346975331125,nan
1696.0,28.0,43.0,ppo,1.0,1.0,0.030059310841081287,0.0,ppo,0.045444709113479934,1.5118346975331125,nan
1696.0,28.0,44.0,ppo,1.0,1.0,0.030059310841081287,0.0,raw,0.035742283479728854,1.1890586470425928,nan
1696.0,28.0,44.0,ppo,1.0,1.0,0.030059310841081287,0.0,ppo,0.035742283479728854,1.1890586470425928,nan
1696.0,28.0,45.0,ppo,1.0,1.0,0.030059310841081287,0.0,raw,0.04277255683909489,1.4229387049232922,nan
1696.0,28.0,45.0,ppo,1.0,1.0,0.030059310841081287,0.0,ppo,0.04277255683909489,1.4229387049232922,nan
1696.0,28.0,46.0,ppo,1.0,1.0,0.030059310841081287,0.0,raw,0.03352824438620889,1.115402963277079,nan
1696.0,28.0,46.0,ppo,1.0,1.0,0.030059310841081287,0.0,ppo,0.03352824438620889,1.115402963277079,nan
1696.0,28.0,47.0,ppo,1.0,1.0,0.030059310841081287,0.0,raw,0.044290301299377305,1.4734303635080979,nan
1696.0,28.0,47.0,ppo,1.0,1.0,0.030059310841081287,0.0,ppo,0.044290301299377305,1.4734303635080979,nan
1696.0,28.0,48.0,ppo,1.0,1.0,0.030059310841081287,0.0,raw,0.039184851364227925,1.3035844890587112,nan
1696.0,28.0,48.0,ppo,1.0,1.0,0.030059310841081287,0.0,ppo,0.039184851364227925,1.3035844890587112,nan
1696.0,28.0,49.0,ppo,1.0,1.0,0.030059310841081287,0.0,raw,0.045713216065609616,1.5207672693259002,nan
1696.0,28.0,49.0,ppo,1.0,1.0,0.030059310841081287,0.0,ppo,0.045713216065609616,1.5207672693259002,nan
1696.0,28.0,50.0,ppo,1.0,1.0,0.030059310841081287,0.0,raw,0.1679055047393325,5.585806861209218,nan
1696.0,28.0,50.0,ppo,1.0,1.0,0.030059310841081287,0.0,ppo,0.1679055047393325,5.585806861209218,nan
1696.0,28.0,51.0,ppo,1.0,1.0,0.030059310841081287,0.0,raw,0.06558421309621043,2.181826903582173,nan
1696.0,28.0,51.0,ppo,1.0,1.0,0.030059310841081287,0.0,ppo,0.06558421309621043,2.181826903582173,nan
1696.0,28.0,52.0,ppo,1.0,1.0,0.030059310841081287,0.0,raw,0.05605376928607707,1.8647722691456328,nan
1696.0,28.0,52.0,ppo,1.0,1.0,0.030059310841081287,0.0,ppo,0.05605376928607707,1.8647722691456328,nan
1696.0,28.0,53.0,ppo,1.0,1.0,0.030059310841081287,0.0,raw,0.09527236554999688,3.1694793687615284,nan
1696.0,28.0,53.0,ppo,1.0,1.0,0.030059310841081287,0.0,ppo,0.09527236554999688,3.1694793687615284,nan
1696.0,28.0,54.0,ppo,1.0,1.0,0.030059310841081287,0.0,raw,0.06081461989296809,2.023154163928945,nan
1696.0,28.0,54.0,ppo,1.0,1.0,0.030059310841081287,0.0,ppo,0.06081461989296809,2.023154163928945,nan
1696.0,28.0,55.0,ppo,1.0,1.0,0.030059310841081287,0.0,raw,0.039653785354088145,1.3191847798418033,nan
1696.0,28.0,55.0,ppo,1.0,1.0,0.030059310841081287,0.0,ppo,0.039653785354088145,1.3191847798418033,nan
1696.0,28.0,56.0,ppo,1.0,1.0,0.030059310841081287,0.0,raw,0.03615682740403007,1.202849512924144,nan
1696.0,28.0,56.0,ppo,1.0,1.0,0.030059310841081287,0.0,ppo,0.03615682740403007,1.202849512924144,nan
1696.0,28.0,57.0,ppo,1.0,1.0,0.030059310841081287,0.0,raw,0.07142494608461744,2.3761338529093226,nan
1696.0,28.0,57.0,ppo,1.0,1.0,0.030059310841081287,0.0,ppo,0.07142494608461744,2.3761338529093226,nan
1696.0,28.0,58.0,ppo,1.0,1.0,0.030059310841081287,0.0,raw,0.10847735265125653,3.6087771015363175,nan
1696.0,28.0,58.0,ppo,1.0,1.0,0.030059310841081287,0.0,ppo,0.10847735265125653,3.6087771015363175,nan
1696.0,28.0,59.0,ppo,1.0,1.0,0.030059310841081287,0.0,raw,0.026776115173095784,0.8907760831463094,nan
1696.0,28.0,59.0,ppo,1.0,1.0,0.030059310841081287,0.0,ppo,0.026776115173095784,0.8907760831463094,nan
1696.0,28.0,60.0,ppo,1.0,1.0,0.030059310841081287,0.0,raw,0.0765063722533404,2.5451805152093208,nan
1696.0,28.0,60.0,ppo,1.0,1.0,0.030059310841081287,0.0,ppo,0.0765063722533404,2.5451805152093208,nan
1696.0,28.0,61.0,ppo,1.0,1.0,0.030059310841081287,0.0,raw,0.06535660207925684,2.1742548398659776,nan
1696.0,28.0,61.0,ppo,1.0,1.0,0.030059310841081287,0.0,ppo,0.06535660207925684,2.1742548398659776,nan
1696.0,28.0,62.0,ppo,1.0,1.0,0.030059310841081287,0.0,raw,0.08251637968676787,2.7451188127039443,nan
1696.0,28.0,62.0,ppo,1.0,1.0,0.030059310841081287,0.0,ppo,0.08251637968676787,2.7451188127039443,nan
1696.0,28.0,63.0,ppo,1.0,1.0,0.030059310841081287,0.0,raw,0.08145335307778283,2.7097545086250823,nan
1696.0,28.0,63.0,ppo,1.0,1.0,0.030059310841081287,0.0,ppo,0.08145335307778283,2.7097545086250823,nan
1696.0,28.0,64.0,ppo,1.0,1.0,0.030059310841081287,0.0,raw,0.032930176403361766,1.095506699320496,nan
1696.0,28.0,64.0,ppo,1.0,1.0,0.030059310841081287,0.0,ppo,0.032930176403361766,1.095506699320496,nan
1696.0,28.0,65.0,ppo,1.0,1.0,0.030059310841081287,0.0,raw,0.07349501705617453,2.4450000681895467,nan
1696.0,28.0,65.0,ppo,1.0,1.0,0.030059310841081287,0.0,ppo,0.07349501705617453,2.4450000681895467,nan
1696.0,28.0,66.0,ppo,1.0,1.0,0.030059310841081287,0.0,raw,0.06694054205701029,2.2269486619608183,nan
1696.0,28.0,66.0,ppo,1.0,1.0,0.030059310841081287,0.0,ppo,0.06694054205701029,2.2269486619608183,nan
1696.0,28.0,67.0,ppo,1.0,1.0,0.030059310841081287,0.0,raw,0.079502403532002,2.6448511728135866,nan
1696.0,28.0,67.0,ppo,1.0,1.0,0.030059310841081287,0.0,ppo,0.079502403532002,2.6448511728135866,nan
1696.0,28.0,68.0,ppo,1.0,1.0,0.030059310841081287,0.0,raw,0.07487808571648247,2.491011391190929,nan
1696.0,28.0,68.0,ppo,1.0,1.0,0.030059310841081287,0.0,ppo,0.07487808571648247,2.491011391190929,nan
1696.0,28.0,69.0,ppo,1.0,1.0,0.030059310841081287,0.0,raw,0.07516695938506933,2.500621513994944,nan
1696.0,28.0,69.0,ppo,1.0,1.0,0.030059310841081287,0.0,ppo,0.07516695938506933,2.500621513994944,nan
1696.0,28.0,70.0,ppo,1.0,1.0,0.030059310841081287,0.0,raw,0.07495986333929741,2.493731933363279,nan
1696.0,28.0,70.0,ppo,1.0,1.0,0.030059310841081287,0.0,ppo,0.07495986333929741,2.493731933363279,nan
1696.0,28.0,71.0,ppo,1.0,1.0,0.030059310841081287,0.0,raw,0.05933699443895885,1.973997166889951,nan
1696.0,28.0,71.0,ppo,1.0,1.0,0.030059310841081287,0.0,ppo,0.05933699443895885,1.973997166889951,nan
1696.0,28.0,72.0,ppo,1.0,1.0,0.030059310841081287,0.0,raw,0.07048147424840587,2.344746844697472,nan
1696.0,28.0,72.0,ppo,1.0,1.0,0.030059310841081287,0.0,ppo,0.07048147424840587,2.344746844697472,nan
1696.0,28.0,73.0,ppo,1.0,1.0,0.030059310841081287,0.0,raw,0.08163406244937155,2.7157662689260453,nan
1696.0,28.0,73.0,ppo,1.0,1.0,0.030059310841081287,0.0,ppo,0.08163406244937155,2.7157662689260453,nan
1696.0,28.0,74.0,ppo,1.0,1.0,0.030059310841081287,0.0,raw,0.08672735291490721,2.8852076274609453,nan
1696.0,28.0,74.0,ppo,1.0,1.0,0.030059310841081287,0.0,ppo,0.08672735291490721,2.8852076274609453,nan
1696.0,28.0,75.0,ppo,1.0,1.0,0.030059310841081287,0.0,raw,0.05553105041669519,1.847382686525279,nan
1696.0,28.0,75.0,ppo,1.0,1.0,0.030059310841081287,0.0,ppo,0.05553105041669519,1.847382686525279,nan
1696.0,28.0,76.0,ppo,1.0,1.0,0.030059310841081287,0.0,raw,0.07237914333855835,2.4078776696250683,nan
1696.0,28.0,76.0,ppo,1.0,1.0,0.030059310841081287,0.0,ppo,0.07237914333855835,2.4078776696250683,nan
1696.0,28.0,77.0,ppo,1.0,1.0,0.030059310841081287,0.0,raw,0.06978602139506744,2.32161082348211,nan
1696.0,28.0,77.0,ppo,1.0,1.0,0.030059310841081287,0.0,ppo,0.06978602139506744,2.32161082348211,nan
1696.0,28.0,78.0,ppo,1.0,1.0,0.030059310841081287,0.0,raw,0.026637000368461717,0.8861480726982475,nan
1696.0,28.0,78.0,ppo,1.0,1.0,0.030059310841081287,0.0,ppo,0.026637000368461717,0.8861480726982475,nan
1696.0,28.0,79.0,ppo,1.0,1.0,0.030059310841081287,0.0,raw,0.03602449419461762,1.1984471096184903,nan
1696.0,28.0,79.0,ppo,1.0,1.0,0.030059310841081287,0.0,ppo,0.03602449419461762,1.1984471096184903,nan
2760.0,29.0,0.0,ppo,1.0,1.0,0.022317356451564636,0.0,raw,0.031373649635693585,1.4057959644003457,0.0023781823863685547
2760.0,29.0,0.0,ppo,1.0,1.0,0.022317356451564636,0.0,ppo,0.031373649635693585,1.4057959644003457,0.0023781823863685547
2760.0,29.0,1.0,ppo,1.0,1.0,0.022317356451564636,0.0,raw,0.14253234891329802,6.386614347565582,0.005470743108766718
2760.0,29.0,1.0,ppo,1.0,1.0,0.022317356451564636,0.0,ppo,0.14253234891329802,6.386614347565582,0.005470743108766718
2760.0,29.0,2.0,ppo,1.0,1.0,0.022317356451564636,0.0,raw,0.045610560355837965,2.043725942847513,0.004697294735773516
2760.0,29.0,2.0,ppo,1.0,1.0,0.022317356451564636,0.0,ppo,0.045610560355837965,2.043725942847513,0.004697294735773516
2760.0,29.0,3.0,ppo,1.0,1.0,0.022317356451564636,0.0,raw,0.06822608892369807,3.057086491035314,0.006352836702792741
2760.0,29.0,3.0,ppo,1.0,1.0,0.022317356451564636,0.0,ppo,0.06822608892369807,3.057086491035314,0.006352836702792741
2760.0,29.0,4.0,ppo,1.0,1.0,0.022317356451564636,0.0,raw,0.04142954310280665,1.8563821926096489,0.005425618147551492
2760.0,29.0,4.0,ppo,1.0,1.0,0.022317356451564636,0.0,ppo,0.04142954310280665,1.8563821926096489,0.005425618147551492
2760.0,29.0,5.0,ppo,1.0,1.0,0.022317356451564636,0.0,raw,0.025058925295483342,1.1228446948843933,0.0038349366004162277
2760.0,29.0,5.0,ppo,1.0,1.0,0.022317356451564636,0.0,ppo,0.025058925295483342,1.1228446948843933,0.0038349366004162277
2760.0,29.0,6.0,ppo,1.0,1.0,0.022317356451564636,0.0,raw,0.053018293123665884,2.3756529246074236,0.003924787631145676
2760.0,29.0,6.0,ppo,1.0,1.0,0.022317356451564636,0.0,ppo,0.053018293123665884,2.3756529246074236,0.003924787631145676
2760.0,29.0,7.0,ppo,1.0,1.0,0.022317356451564636,0.0,raw,0.09666692044551879,4.331468229909534,0.001450586397966025
2760.0,29.0,7.0,ppo,1.0,1.0,0.022317356451564636,0.0,ppo,0.09666692044551879,4.331468229909534,0.001450586397966025
2760.0,29.0,8.0,ppo,1.0,1.0,0.022317356451564636,0.0,raw,0.052316004944481145,2.3441846733963576,0.0033729543711642496
2760.0,29.0,8.0,ppo,1.0,1.0,0.022317356451564636,0.0,ppo,0.052316004944481145,2.3441846733963576,0.0033729543711642496
2760.0,29.0,9.0,ppo,1.0,1.0,0.022317356451564636,0.0,raw,0.042409898115450775,1.9003101109888614,0.004897500349322681
2760.0,29.0,9.0,ppo,1.0,1.0,0.022317356451564636,0.0,ppo,0.042409898115450775,1.9003101109888614,0.004897500349322681
2760.0,29.0,10.0,ppo,1.0,1.0,0.022317356451564636,0.0,raw,0.0353641638400804,1.5846036208110603,0.0048974369550484065
2760.0,29.0,10.0,ppo,1.0,1.0,0.022317356451564636,0.0,ppo,0.0353641638400804,1.5846036208110603,0.0048974369550484065
2760.0,29.0,11.0,ppo,1.0,1.0,0.022317356451564636,0.0,raw,0.06553227264872291,2.93638150158813,0.0017471767319883202
2760.0,29.0,11.0,ppo,1.0,1.0,0.022317356451564636,0.0,ppo,0.06553227264872291,2.93638150158813,0.0017471767319883202
2760.0,29.0,12.0,ppo,1.0,1.0,0.022317356451564636,0.0,raw,0.09335380766880214,4.183013694807802,0.0011558187826541388
2760.0,29.0,12.0,ppo,1.0,1.0,0.022317356451564636,0.0,ppo,0.09335380766880214,4.183013694807802,0.0011558187826541388
2760.0,29.0,13.0,ppo,1.0,1.0,0.022317356451564636,0.0,raw,0.03653043640026876,1.6368621650844166,0.006342773962591641
2760.0,29.0,13.0,ppo,1.0,1.0,0.022317356451564636,0.0,ppo,0.03653043640026876,1.6368621650844166,0.006342773962591641
2760.0,29.0,14.0,ppo,1.0,1.0,0.022317356451564636,0.0,raw,0.045867818838960475,2.0552532258248153,0.004898617076954603
2760.0,29.0,14.0,ppo,1.0,1.0,0.022317356451564636,0.0,ppo,0.045867818838960475,2.0552532258248153,0.004898617076954603
2760.0,29.0,15.0,ppo,1.0,1.0,0.022317356451564636,0.0,raw,0.06071096480613739,2.720347498947665,0.005056990206096512
2760.0,29.0,15.0,ppo,1.0,1.0,0.022317356451564636,0.0,ppo,0.06071096480613739,2.720347498947665,0.005056990206096512
2760.0,29.0,16.0,ppo,1.0,1.0,0.022317356451564636,0.0,raw,0.06810252087176695,3.051549632214275,0.0028501357817486417
2760.0,29.0,16.0,ppo,1.0,1.0,0.022317356451564636,0.0,ppo,0.06810252087176695,3.051549632214275,0.0028501357817486417
2760.0,29.0,17.0,ppo,1.0,1.0,0.022317356451564636,0.0,raw,0.07452242721345714,3.3392139151961473,0.003374930350313221
2760.0,29.0,17.0,ppo,1.0,1.0,0.022317356451564636,0.0,ppo,0.07452242721345714,3.3392139151961473,0.003374930350313221
2760.0,29.0,18.0,ppo,1.0,1.0,0.022317356451564636,0.0,raw,0.04104417519781835,1.8391145603152654,0.005090678120635905
2760.0,29.0,18.0,ppo,1.0,1.0,0.022317356451564636,0.0,ppo,0.04104417519781835,1.8391145603152654,0.005090678120635905
2760.0,29.0,19.0,ppo,1.0,1.0,0.022317356451564636,0.0,raw,0.09624859076960007,4.31272364083481,0.0006338664232317104
2760.0,29.0,19.0,ppo,1.0,1.0,0.022317356451564636,0.0,ppo,0.09624859076960007,4.31272364083481,0.0006338664232317104
2760.0,29.0,20.0,ppo,1.0,1.0,0.022317356451564636,0.0,raw,0.0427888655697851,1.9172909507741112,nan
2760.0,29.0,20.0,ppo,1.0,1.0,0.022317356451564636,0.0,ppo,0.0427888655697851,1.9172909507741112,nan
2760.0,29.0,21.0,ppo,1.0,1.0,0.022317356451564636,0.0,raw,0.04308890248350895,1.9307350571303017,nan
2760.0,29.0,21.0,ppo,1.0,1.0,0.022317356451564636,0.0,ppo,0.04308890248350895,1.9307350571303017,nan
2760.0,29.0,22.0,ppo,1.0,1.0,0.022317356451564636,0.0,raw,0.045830300628872916,2.0535721033240844,nan
2760.0,29.0,22.0,ppo,1.0,1.0,0.022317356451564636,0.0,ppo,0.045830300628872916,2.0535721033240844,nan
2760.0,29.0,23.0,ppo,1.0,1.0,0.022317356451564636,0.0,raw,0.07431398148196898,3.3298738425069576,nan
2760.0,29.0,23.0,ppo,1.0,1.0,0.022317356451564636,0.0,ppo,0.07431398148196898,3.3298738425069576,nan
2760.0,29.0,24.0,ppo,1.0,1.0,0.022317356451564636,0.0,raw,0.055856017837634865,2.50280618848649,nan
2760.0,29.0,24.0,ppo,1.0,1.0,0.022317356451564636,0.0,ppo,0.055856017837634865,2.50280618848649,nan
2760.0,29.0,25.0,ppo,1.0,1.0,0.022317356451564636,0.0,raw,0.06367650092543588,2.8532277585668804,nan
2760.0,29.0,25.0,ppo,1.0,1.0,0.022317356451564636,0.0,ppo,0.06367650092543588,2.8532277585668804,nan
2760.0,29.0,26.0,ppo,1.0,1.0,0.022317356451564636,0.0,raw,0.03351982281850165,1.5019620666654554,nan
2760.0,29.0,26.0,ppo,1.0,1.0,0.022317356451564636,0.0,ppo,0.03351982281850165,1.5019620666654554,nan
2760.0,29.0,27.0,ppo,1.0,1.0,0.022317356451564636,0.0,raw,0.07174804881804148,3.2148990842063343,nan
2760.0,29.0,27.0,ppo,1.0,1.0,0.022317356451564636,0.0,ppo,0.07174804881804148,3.2148990842063343,nan
2760.0,29.0,28.0,ppo,1.0,1.0,0.022317356451564636,0.0,raw,0.05510209417273036,2.4690242454261306,nan
2760.0,29.0,28.0,ppo,1.0,1.0,0.022317356451564636,0.0,ppo,0.05510209417273036,2.4690242454261306,nan
2760.0,29.0,29.0,ppo,1.0,1.0,0.022317356451564636,0.0,raw,0.14052500978815555,6.296669145968834,nan
2760.0,29.0,29.0,ppo,1.0,1.0,0.022317356451564636,0.0,ppo,0.14052500978815555,6.296669145968834,nan
2760.0,29.0,30.0,ppo,1.0,1.0,0.022317356451564636,0.0,raw,0.044879315325829824,2.0109601880147148,nan
2760.0,29.0,30.0,ppo,1.0,1.0,0.022317356451564636,0.0,ppo,0.044879315325829824,2.0109601880147148,nan
2760.0,29.0,31.0,ppo,1.0,1.0,0.022317356451564636,0.0,raw,0.08603103215853171,3.8548934926609646,nan
2760.0,29.0,31.0,ppo,1.0,1.0,0.022317356451564636,0.0,ppo,0.08603103215853171,3.8548934926609646,nan
2760.0,29.0,32.0,ppo,1.0,1.0,0.022317356451564636,0.0,raw,0.07126257048395566,3.1931456863458196,nan
2760.0,29.0,32.0,ppo,1.0,1.0,0.022317356451564636,0.0,ppo,0.07126257048395566,3.1931456863458196,nan
2760.0,29.0,33.0,ppo,1.0,1.0,0.022317356451564636,0.0,raw,0.0745521450613522,3.3405455177073833,nan
2760.0,29.0,33.0,ppo,1.0,1.0,0.022317356451564636,0.0,ppo,0.0745521450613522,3.3405455177073833,nan
2760.0,29.0,34.0,ppo,1.0,1.0,0.022317356451564636,0.0,raw,0.05364664215270446,2.403808097483848,nan
2760.0,29.0,34.0,ppo,1.0,1.0,0.022317356451564636,0.0,ppo,0.05364664215270446,2.403808097483848,nan
2760.0,29.0,35.0,ppo,1.0,1.0,0.022317356451564636,0.0,raw,0.04345934321646368,1.9473338300969247,nan
2760.0,29.0,35.0,ppo,1.0,1.0,0.022317356451564636,0.0,ppo,0.04345934321646368,1.9473338300969247,nan
2760.0,29.0,36.0,ppo,1.0,1.0,0.022317356451564636,0.0,raw,0.05530211951560906,2.477987015874002,nan
2760.0,29.0,36.0,ppo,1.0,1.0,0.022317356451564636,0.0,ppo,0.05530211951560906,2.477987015874002,nan
2760.0,29.0,37.0,ppo,1.0,1.0,0.022317356451564636,0.0,raw,0.06830401756656751,3.0605783312556634,nan
2760.0,29.0,37.0,ppo,1.0,1.0,0.022317356451564636,0.0,ppo,0.06830401756656751,3.0605783312556634,nan
2760.0,29.0,38.0,ppo,1.0,1.0,0.022317356451564636,0.0,raw,0.03695671906661766,1.6559631131413273,nan
2760.0,29.0,38.0,ppo,1.0,1.0,0.022317356451564636,0.0,ppo,0.03695671906661766,1.6559631131413273,nan
2760.0,29.0,39.0,ppo,1.0,1.0,0.022317356451564636,0.0,raw,0.10520598836180722,4.71408827430506,nan
2760.0,29.0,39.0,ppo,1.0,1.0,0.022317356451564636,0.0,ppo,0.10520598836180722,4.71408827430506,nan
2760.0,29.0,40.0,ppo,1.0,1.0,0.022317356451564636,0.0,raw,0.05942655514123821,2.6627954466834667,nan
2760.0,29.0,40.0,ppo,1.0,1.0,0.022317356451564636,0.0,ppo,0.05942655514123821,2.6627954466834667,nan
2760.0,29.0,41.0,ppo,1.0,1.0,0.022317356451564636,0.0,raw,0.031219791046054157,1.398901841883042,nan
2760.0,29.0,41.0,ppo,1.0,1.0,0.022317356451564636,0.0,ppo,0.031219791046054157,1.398901841883042,nan
2760.0,29.0,42.0,ppo,1.0,1.0,0.022317356451564636,0.0,raw,0.05284717385127481,2.3679853824071433,nan
2760.0,29.0,42.0,ppo,1.0,1.0,0.022317356451564636,0.0,ppo,0.05284717385127481,2.3679853824071433,nan
2760.0,29.0,43.0,ppo,1.0,1.0,0.022317356451564636,0.0,raw,0.04058617161061631,1.8185922557046794,nan
2760.0,29.0,43.0,ppo,1.0,1.0,0.022317356451564636,0.0,ppo,0.04058617161061631,1.8185922557046794,nan
2760.0,29.0,44.0,ppo,1.0,1.0,0.022317356451564636,0.0,raw,0.08398778702797857,3.763339408511814,nan
2760.0,29.0,44.0,ppo,1.0,1.0,0.022317356451564636,0.0,ppo,0.08398778702797857,3.763339408511814,nan
2760.0,29.0,45.0,ppo,1.0,1.0,0.022317356451564636,0.0,raw,0.04657912631504296,2.0871256152642292,nan
2760.0,29.0,45.0,ppo,1.0,1.0,0.022317356451564636,0.0,ppo,0.04657912631504296,2.0871256152642292,nan
2760.0,29.0,46.0,ppo,1.0,1.0,0.022317356451564636,0.0,raw,0.04486535286085627,2.010334555449144,nan
2760.0,29.0,46.0,ppo,1.0,1.0,0.022317356451564636,0.0,ppo,0.04486535286085627,2.010334555449144,nan
2760.0,29.0,47.0,ppo,1.0,1.0,0.022317356451564636,0.0,raw,0.08329496583586508,3.732295355708467,nan
2760.0,29.0,47.0,ppo,1.0,1.0,0.022317356451564636,0.0,ppo,0.08329496583586508,3.732295355708467,nan
2760.0,29.0,48.0,ppo,1.0,1.0,0.022317356451564636,0.0,raw,0.05317302922555939,2.382586366846845,nan
2760.0,29.0,48.0,ppo,1.0,1.0,0.022317356451564636,0.0,ppo,0.05317302922555939,2.382586366846845,nan
2760.0,29.0,49.0,ppo,1.0,1.0,0.022317356451564636,0.0,raw,0.02994579940280745,1.3418166021499376,nan
2760.0,29.0,49.0,ppo,1.0,1.0,0.022317356451564636,0.0,ppo,0.02994579940280745,1.3418166021499376,nan
2760.0,29.0,50.0,ppo,1.0,1.0,0.022317356451564636,0.0,raw,0.02919388926301108,1.3081248814737796,nan
2760.0,29.0,50.0,ppo,1.0,1.0,0.022317356451564636,0.0,ppo,0.02919388926301108,1.3081248814737796,nan
2760.0,29.0,51.0,ppo,1.0,1.0,0.022317356451564636,0.0,raw,0.05824513377143492,2.609858111906952,nan
2760.0,29.0,51.0,ppo,1.0,1.0,0.022317356451564636,0.0,ppo,0.05824513377143492,2.609858111906952,nan
2760.0,29.0,52.0,ppo,1.0,1.0,0.022317356451564636,0.0,raw,0.09298760432585583,4.166604791551672,nan
2760.0,29.0,52.0,ppo,1.0,1.0,0.022317356451564636,0.0,ppo,0.09298760432585583,4.166604791551672,nan
2760.0,29.0,53.0,ppo,1.0,1.0,0.022317356451564636,0.0,raw,0.03350698287710275,1.5013867323319838,nan
2760.0,29.0,53.0,ppo,1.0,1.0,0.022317356451564636,0.0,ppo,0.03350698287710275,1.5013867323319838,nan
2760.0,29.0,54.0,ppo,1.0,1.0,0.022317356451564636,0.0,raw,0.026366571594788064,1.1814379383154738,nan
2760.0,29.0,54.0,ppo,1.0,1.0,0.022317356451564636,0.0,ppo,0.026366571594788064,1.1814379383154738,nan
2760.0,29.0,55.0,ppo,1.0,1.0,0.022317356451564636,0.0,raw,0.05663018084691589,2.537495019619388,nan
2760.0,29.0,55.0,ppo,1.0,1.0,0.022317356451564636,0.0,ppo,0.05663018084691589,2.537495019619388,nan
2760.0,29.0,56.0,ppo,1.0,1.0,0.022317356451564636,0.0,raw,0.04091195621277807,1.8331900689747596,nan
2760.0,29.0,56.0,ppo,1.0,1.0,0.022317356451564636,0.0,ppo,0.04091195621277807,1.8331900689747596,nan
2760.0,29.0,57.0,ppo,1.0,1.0,0.022317356451564636,0.0,raw,0.0592986928127053,2.6570661691675386,nan
2760.0,29.0,57.0,ppo,1.0,1.0,0.022317356451564636,0.0,ppo,0.0592986928127053,2.6570661691675386,nan
2760.0,29.0,58.0,ppo,1.0,1.0,0.022317356451564636,0.0,raw,0.036155171580385295,1.6200472335893756,nan
2760.0,29.0,58.0,ppo,1.0,1.0,0.022317356451564636,0.0,ppo,0.036155171580385295,1.6200472335893756,nan
2760.0,29.0,59.0,ppo,1.0,1.0,0.022317356451564636,0.0,raw,0.11331624886991791,5.077494241571496,nan
2760.0,29.0,59.0,ppo,1.0,1.0,0.022317356451564636,0.0,ppo,0.11331624886991791,5.077494241571496,nan
2760.0,29.0,60.0,ppo,1.0,1.0,0.022317356451564636,0.0,raw,0.08656800523569036,3.878954275949704,nan
2760.0,29.0,60.0,ppo,1.0,1.0,0.022317356451564636,0.0,ppo,0.08656800523569036,3.878954275949704,nan
2760.0,29.0,61.0,ppo,1.0,1.0,0.022317356451564636,0.0,raw,0.02844270813419198,1.2744658264486297,nan
2760.0,29.0,61.0,ppo,1.0,1.0,0.022317356451564636,0.0,ppo,0.02844270813419198,1.2744658264486297,nan
2760.0,29.0,62.0,ppo,1.0,1.0,0.022317356451564636,0.0,raw,0.039496339412286995,1.7697588644966042,nan
2760.0,29.0,62.0,ppo,1.0,1.0,0.022317356451564636,0.0,ppo,0.039496339412286995,1.7697588644966042,nan
2760.0,29.0,63.0,ppo,1.0,1.0,0.022317356451564636,0.0,raw,0.0403744821774364,1.809106838664389,nan
2760.0,29.0,63.0,ppo,1.0,1.0,0.022317356451564636,0.0,ppo,0.0403744821774364,1.809106838664389,nan
2760.0,29.0,64.0,ppo,1.0,1.0,0.022317356451564636,0.0,raw,0.07656040381239304,3.4305319260617675,nan
2760.0,29.0,64.0,ppo,1.0,1.0,0.022317356451564636,0.0,ppo,0.07656040381239304,3.4305319260617675,nan
2760.0,29.0,65.0,ppo,1.0,1.0,0.022317356451564636,0.0,raw,0.05111821803121471,2.2905140284942167,nan
2760.0,29.0,65.0,ppo,1.0,1.0,0.022317356451564636,0.0,ppo,0.05111821803121471,2.2905140284942167,nan
2760.0,29.0,66.0,ppo,1.0,1.0,0.022317356451564636,0.0,raw,0.07059903085393382,3.1634136868833416,nan
2760.0,29.0,66.0,ppo,1.0,1.0,0.022317356451564636,0.0,ppo,0.07059903085393382,3.1634136868833416,nan
2760.0,29.0,67.0,ppo,1.0,1.0,0.022317356451564636,0.0,raw,0.03379858693144097,1.5144529776541433,nan
2760.0,29.0,67.0,ppo,1.0,1.0,0.022317356451564636,0.0,ppo,0.03379858693144097,1.5144529776541433,nan
2760.0,29.0,68.0,ppo,1.0,1.0,0.022317356451564636,0.0,raw,0.06859650534532893,3.0736841746558983,nan
2760.0,29.0,68.0,ppo,1.0,1.0,0.022317356451564636,0.0,ppo,0.06859650534532893,3.0736841746558983,nan
2760.0,29.0,69.0,ppo,1.0,1.0,0.022317356451564636,0.0,raw,0.043995131398697256,1.9713415204072176,nan
2760.0,29.0,69.0,ppo,1.0,1.0,0.022317356451564636,0.0,ppo,0.043995131398697256,1.9713415204072176,nan
2760.0,29.0,70.0,ppo,1.0,1.0,0.022317356451564636,0.0,raw,0.09609323843201763,4.305762586199168,nan
2760.0,29.0,70.0,ppo,1.0,1.0,0.022317356451564636,0.0,ppo,0.09609323843201763,4.305762586199168,nan
2760.0,29.0,71.0,ppo,1.0,1.0,0.022317356451564636,0.0,raw,0.0642390694453257,2.878435426917331,nan
2760.0,29.0,71.0,ppo,1.0,1.0,0.022317356451564636,0.0,ppo,0.0642390694453257,2.878435426917331,nan
2760.0,29.0,72.0,ppo,1.0,1.0,0.022317356451564636,0.0,raw,0.04400076832806167,1.9715941009212514,nan
2760.0,29.0,72.0,ppo,1.0,1.0,0.022317356451564636,0.0,ppo,0.04400076832806167,1.9715941009212514,nan
2760.0,29.0,73.0,ppo,1.0,1.0,0.022317356451564636,0.0,raw,0.034779497403849294,1.5584057851713415,nan
2760.0,29.0,73.0,ppo,1.0,1.0,0.022317356451564636,0.0,ppo,0.034779497403849294,1.5584057851713415,nan
2760.0,29.0,74.0,ppo,1.0,1.0,0.022317356451564636,0.0,raw,0.10119415625440231,4.534325401578095,nan
2760.0,29.0,74.0,ppo,1.0,1.0,0.022317356451564636,0.0,ppo,0.10119415625440231,4.534325401578095,nan
2760.0,29.0,75.0,ppo,1.0,1.0,0.022317356451564636,0.0,raw,0.05433308248628726,2.4345662356653377,nan
2760.0,29.0,75.0,ppo,1.0,1.0,0.022317356451564636,0.0,ppo,0.05433308248628726,2.4345662356653377,nan
2760.0,29.0,76.0,ppo,1.0,1.0,0.022317356451564636,0.0,raw,0.09947759348199689,4.457409357505811,nan
2760.0,29.0,76.0,ppo,1.0,1.0,0.022317356451564636,0.0,ppo,0.09947759348199689,4.457409357505811,nan
2760.0,29.0,77.0,ppo,1.0,1.0,0.022317356451564636,0.0,raw,0.038694229737307816,1.7338177942932405,nan
2760.0,29.0,77.0,ppo,1.0,1.0,0.022317356451564636,0.0,ppo,0.038694229737307816,1.7338177942932405,nan
2760.0,29.0,78.0,ppo,1.0,1.0,0.022317356451564636,0.0,raw,0.08979839042113051,4.023701938713932,nan
2760.0,29.0,78.0,ppo,1.0,1.0,0.022317356451564636,0.0,ppo,0.08979839042113051,4.023701938713932,nan
2760.0,29.0,79.0,ppo,1.0,1.0,0.022317356451564636,0.0,raw,0.14418513898457908,6.4606728533240085,nan
2760.0,29.0,79.0,ppo,1.0,1.0,0.022317356451564636,0.0,ppo,0.14418513898457908,6.4606728533240085,nan
3832.0,30.0,0.0,ppo,1.0,1.0,0.03625575837581995,0.0,raw,0.06753745688097415,1.8628063487431255,0.007414377956879048
3832.0,30.0,0.0,ppo,1.0,1.0,0.03625575837581995,0.0,ppo,0.06753745688097415,1.8628063487431255,0.007414377956879048
3832.0,30.0,1.0,ppo,1.0,1.0,0.03625575837581995,0.0,raw,0.0706496401392199,1.9486460442195097,0.009460056815299378
3832.0,30.0,1.0,ppo,1.0,1.0,0.03625575837581995,0.0,ppo,0.0706496401392199,1.9486460442195097,0.009460056815299378
3832.0,30.0,2.0,ppo,1.0,1.0,0.03625575837581995,0.0,raw,0.042844062945468844,1.181717466818811,0.0055352861595453495
3832.0,30.0,2.0,ppo,1.0,1.0,0.03625575837581995,0.0,ppo,0.042844062945468844,1.181717466818811,0.0055352861595453495
3832.0,30.0,3.0,ppo,1.0,1.0,0.03625575837581995,0.0,raw,0.08899546216420427,2.4546573055153083,0.009225052576395831
3832.0,30.0,3.0,ppo,1.0,1.0,0.03625575837581995,0.0,ppo,0.08899546216420427,2.4546573055153083,0.009225052576395831
3832.0,30.0,4.0,ppo,1.0,1.0,0.03625575837581995,0.0,raw,0.06299088067592071,1.7374034773447522,0.003928350365195121
3832.0,30.0,4.0,ppo,1.0,1.0,0.03625575837581995,0.0,ppo,0.06299088067592071,1.7374034773447522,0.003928350365195121
3832.0,30.0,5.0,ppo,1.0,1.0,0.03625575837581995,0.0,raw,0.020568505766054054,0.5673169363289834,0.006479972792970634
3832.0,30.0,5.0,ppo,1.0,1.0,0.03625575837581995,0.0,ppo,0.020568505766054054,0.5673169363289834,0.006479972792970634
3832.0,30.0,6.0,ppo,1.0,1.0,0.03625575837581995,0.0,raw,0.07280706503021792,2.0081517610392927,0.008950997810052375
3832.0,30.0,6.0,ppo,1.0,1.0,0.03625575837581995,0.0,ppo,0.07280706503021792,2.0081517610392927,0.008950997810052375
3832.0,30.0,7.0,ppo,1.0,1.0,0.03625575837581995,0.0,raw,0.0337674113991244,0.9313668479665534,0.008419639424364078
3832.0,30.0,7.0,ppo,1.0,1.0,0.03625575837581995,0.0,ppo,0.0337674113991244,0.9313668479665534,0.008419639424364078
3832.0,30.0,8.0,ppo,1.0,1.0,0.03625575837581995,0.0,raw,0.047395896284813985,1.3072653395777187,0.007253182137355485
3832.0,30.0,8.0,ppo,1.0,1.0,0.03625575837581995,0.0,ppo,0.047395896284813985,1.3072653395777187,0.007253182137355485
3832.0,30.0,9.0,ppo,1.0,1.0,0.03625575837581995,0.0,raw,0.07434008166575731,2.050435158331619,0.007582850762886673
3832.0,30.0,9.0,ppo,1.0,1.0,0.03625575837581995,0.0,ppo,0.07434008166575731,2.050435158331619,0.007582850762886673
3832.0,30.0,10.0,ppo,1.0,1.0,0.03625575837581995,0.0,raw,0.04011145557655246,1.106347167276578,0.009118033768923395
3832.0,30.0,10.0,ppo,1.0,1.0,0.03625575837581995,0.0,ppo,0.04011145557655246,1.106347167276578,0.009118033768923395
3832.0,30.0,11.0,ppo,1.0,1.0,0.03625575837581995,0.0,raw,0.05736848327801447,1.5823274935623806,0.009578316170216539
3832.0,30.0,11.0,ppo,1.0,1.0,0.03625575837581995,0.0,ppo,0.05736848327801447,1.5823274935623806,0.009578316170216539
3832.0,30.0,12.0,ppo,1.0,1.0,0.03625575837581995,0.0,raw,0.03520148436455889,0.9709211982181515,0.009014603405949173
3832.0,30.0,12.0,ppo,1.0,1.0,0.03625575837581995,0.0,ppo,0.03520148436455889,0.9709211982181515,0.009014603405949173
3832.0,30.0,13.0,ppo,1.0,1.0,0.03625575837581995,0.0,raw,0.05138799259221783,1.4173746432095051,0.004993384608701024
3832.0,30.0,13.0,ppo,1.0,1.0,0.03625575837581995,0.0,ppo,0.05138799259221783,1.4173746432095051,0.004993384608701024
3832.0,30.0,14.0,ppo,1.0,1.0,0.03625575837581995,0.0,raw,0.02614620651353735,0.7211601049000547,0.007059990329151167
3832.0,30.0,14.0,ppo,1.0,1.0,0.03625575837581995,0.0,ppo,0.02614620651353735,0.7211601049000547,0.007059990329151167
3832.0,30.0,15.0,ppo,1.0,1.0,0.03625575837581995,0.0,raw,0.028224626183407,0.77848671349903,0.00677599103044102
3832.0,30.0,15.0,ppo,1.0,1.0,0.03625575837581995,0.0,ppo,0.028224626183407,0.77848671349903,0.00677599103044102
3832.0,30.0,16.0,ppo,1.0,1.0,0.03625575837581995,0.0,raw,0.044854328518871604,1.2371642610236033,0.009034839676448914
3832.0,30.0,16.0,ppo,1.0,1.0,0.03625575837581995,0.0,ppo,0.044854328518871604,1.2371642610236033,0.009034839676448914
3832.0,30.0,17.0,ppo,1.0,1.0,0.03625575837581995,0.0,raw,0.0497170615552899,1.3712873149675362,0.0040965019490281085
3832.0,30.0,17.0,ppo,1.0,1.0,0.03625575837581995,0.0,ppo,0.0497170615552899,1.3712873149675362,0.0040965019490281085
3832.0,30.0,18.0,ppo,1.0,1.0,0.03625575837581995,0.0,raw,0.036331899803193304,1.0021001195612593,0.0044918599087721
3832.0,30.0,18.0,ppo,1.0,1.0,0.03625575837581995,0.0,ppo,0.036331899803193304,1.0021001195612593,0.0044918599087721
3832.0,30.0,19.0,ppo,1.0,1.0,0.03625575837581995,0.0,raw,0.03566085444364713,0.9835914635681824,0.0046806402615693354
3832.0,30.0,19.0,ppo,1.0,1.0,0.03625575837581995,0.0,ppo,0.03566085444364713,0.9835914635681824,0.0046806402615693354
3832.0,30.0,20.0,ppo,1.0,1.0,0.03625575837581995,0.0,raw,0.03228009463232785,0.8903439364781406,nan
3832.0,30.0,20.0,ppo,1.0,1.0,0.03625575837581995,0.0,ppo,0.03228009463232785,0.8903439364781406,nan
3832.0,30.0,21.0,ppo,1.0,1.0,0.03625575837581995,0.0,raw,0.07280142354099176,2.0079961584680355,nan
3832.0,30.0,21.0,ppo,1.0,1.0,0.03625575837581995,0.0,ppo,0.07280142354099176,2.0079961584680355,nan
3832.0,30.0,22.0,ppo,1.0,1.0,0.03625575837581995,0.0,raw,0.042064271981076255,1.160209408531644,nan
3832.0,30.0,22.0,ppo,1.0,1.0,0.03625575837581995,0.0,ppo,0.042064271981076255,1.160209408531644,nan
3832.0,30.0,23.0,ppo,1.0,1.0,0.03625575837581995,0.0,raw,0.042829221307272965,1.1813081073443235,nan
3832.0,30.0,23.0,ppo,1.0,1.0,0.03625575837581995,0.0,ppo,0.042829221307272965,1.1813081073443235,nan
3832.0,30.0,24.0,ppo,1.0,1.0,0.03625575837581995,0.0,raw,0.11506155605835239,3.173607758128992,nan
3832.0,30.0,24.0,ppo,1.0,1.0,0.03625575837581995,0.0,ppo,0.11506155605835239,3.173607758128992,nan
3832.0,30.0,25.0,ppo,1.0,1.0,0.03625575837581995,0.0,raw,0.06664637977904857,1.8382288156326922,nan
3832.0,30.0,25.0,ppo,1.0,1.0,0.03625575837581995,0.0,ppo,0.06664637977904857,1.8382288156326922,nan
3832.0,30.0,26.0,ppo,1.0,1.0,0.03625575837581995,0.0,raw,0.03654432748002676,1.0079592626698237,nan
3832.0,30.0,26.0,ppo,1.0,1.0,0.03625575837581995,0.0,ppo,0.03654432748002676,1.0079592626698237,nan
3832.0,30.0,27.0,ppo,1.0,1.0,0.03625575837581995,0.0,raw,0.08022625153768076,2.212786468457547,nan
3832.0,30.0,27.0,ppo,1.0,1.0,0.03625575837581995,0.0,ppo,0.08022625153768076,2.212786468457547,nan
3832.0,30.0,28.0,ppo,1.0,1.0,0.03625575837581995,0.0,raw,0.0397900957973759,1.097483477932518,nan
3832.0,30.0,28.0,ppo,1.0,1.0,0.03625575837581995,0.0,ppo,0.0397900957973759,1.097483477932518,nan
3832.0,30.0,29.0,ppo,1.0,1.0,0.03625575837581995,0.0,raw,0.06410397164392945,1.7681045581626091,nan
3832.0,30.0,29.0,ppo,1.0,1.0,0.03625575837581995,0.0,ppo,0.06410397164392945,1.7681045581626091,nan
3832.0,30.0,30.0,ppo,1.0,1.0,0.03625575837581995,0.0,raw,0.11932722065065768,3.291262574450534,nan
3832.0,30.0,30.0,ppo,1.0,1.0,0.03625575837581995,0.0,ppo,0.11932722065065768,3.291262574450534,nan
3832.0,30.0,31.0,ppo,1.0,1.0,0.03625575837581995,0.0,raw,0.057280881668401076,1.5799112812546603,nan
3832.0,30.0,31.0,ppo,1.0,1.0,0.03625575837581995,0.0,ppo,0.057280881668401076,1.5799112812546603,nan
3832.0,30.0,32.0,ppo,1.0,1.0,0.03625575837581995,0.0,raw,0.043704145624822305,1.2054401171751494,nan
3832.0,30.0,32.0,ppo,1.0,1.0,0.03625575837581995,0.0,ppo,0.043704145624822305,1.2054401171751494,nan
3832.0,30.0,33.0,ppo,1.0,1.0,0.03625575837581995,0.0,raw,0.07569014732844315,2.087672433820145,nan
3832.0,30.0,33.0,ppo,1.0,1.0,0.03625575837581995,0.0,ppo,0.07569014732844315,2.087672433820145,nan
3832.0,30.0,34.0,ppo,1.0,1.0,0.03625575837581995,0.0,raw,0.02403675474894583,0.6629775744803248,nan
3832.0,30.0,34.0,ppo,1.0,1.0,0.03625575837581995,0.0,ppo,0.02403675474894583,0.6629775744803248,nan
3832.0,30.0,35.0,ppo,1.0,1.0,0.03625575837581995,0.0,raw,0.08196243026587602,2.260673447132724,nan
3832.0,30.0,35.0,ppo,1.0,1.0,0.03625575837581995,0.0,ppo,0.08196243026587602,2.260673447132724,nan
3832.0,30.0,36.0,ppo,1.0,1.0,0.03625575837581995,0.0,raw,0.07206910881152896,1.9877975814069306,nan
3832.0,30.0,36.0,ppo,1.0,1.0,0.03625575837581995,0.0,ppo,0.07206910881152896,1.9877975814069306,nan
3832.0,30.0,37.0,ppo,1.0,1.0,0.03625575837581995,0.0,raw,0.04148349931314061,1.1441906381637625,nan
3832.0,30.0,37.0,ppo,1.0,1.0,0.03625575837581995,0.0,ppo,0.04148349931314061,1.1441906381637625,nan
3832.0,30.0,38.0,ppo,1.0,1.0,0.03625575837581995,0.0,raw,0.11666779330463581,3.2179107135280627,nan
3832.0,30.0,38.0,ppo,1.0,1.0,0.03625575837581995,0.0,ppo,0.11666779330463581,3.2179107135280627,nan
3832.0,30.0,39.0,ppo,1.0,1.0,0.03625575837581995,0.0,raw,0.023493519094503812,0.6479941434674924,nan
3832.0,30.0,39.0,ppo,1.0,1.0,0.03625575837581995,0.0,ppo,0.023493519094503812,0.6479941434674924,nan
3832.0,30.0,40.0,ppo,1.0,1.0,0.03625575837581995,0.0,raw,0.03278140594727254,0.9041710176757863,nan
3832.0,30.0,40.0,ppo,1.0,1.0,0.03625575837581995,0.0,ppo,0.03278140594727254,0.9041710176757863,nan
3832.0,30.0,41.0,ppo,1.0,1.0,0.03625575837581995,0.0,raw,0.06686848710409676,1.8443549411089786,nan
3832.0,30.0,41.0,ppo,1.0,1.0,0.03625575837581995,0.0,ppo,0.06686848710409676,1.8443549411089786,nan
3832.0,30.0,42.0,ppo,1.0,1.0,0.03625575837581995,0.0,raw,0.03346408599143548,0.9230005795094244,nan
3832.0,30.0,42.0,ppo,1.0,1.0,0.03625575837581995,0.0,ppo,0.03346408599143548,0.9230005795094244,nan
3832.0,30.0,43.0,ppo,1.0,1.0,0.03625575837581995,0.0,raw,0.03314888688219933,0.9143068126884725,nan
3832.0,30.0,43.0,ppo,1.0,1.0,0.03625575837581995,0.0,ppo,0.03314888688219933,0.9143068126884725,nan
3832.0,30.0,44.0,ppo,1.0,1.0,0.03625575837581995,0.0,raw,0.12055996458243046,3.3252639024325443,nan
3832.0,30.0,44.0,ppo,1.0,1.0,0.03625575837581995,0.0,ppo,0.12055996458243046,3.3252639024325443,nan
3832.0,30.0,45.0,ppo,1.0,1.0,0.03625575837581995,0.0,raw,0.0360848966968834,0.995287322991139,nan
3832.0,30.0,45.0,ppo,1.0,1.0,0.03625575837581995,0.0,ppo,0.0360848966968834,0.995287322991139,nan
3832.0,30.0,46.0,ppo,1.0,1.0,0.03625575837581995,0.0,raw,0.03593088735957185,0.9910394643278304,nan
3832.0,30.0,46.0,ppo,1.0,1.0,0.03625575837581995,0.0,ppo,0.03593088735957185,0.9910394643278304,nan
3832.0,30.0,47.0,ppo,1.0,1.0,0.03625575837581995,0.0,raw,0.05025152573135348,1.3860288125945734,nan
3832.0,30.0,47.0,ppo,1.0,1.0,0.03625575837581995,0.0,ppo,0.05025152573135348,1.3860288125945734,nan
3832.0,30.0,48.0,ppo,1.0,1.0,0.03625575837581995,0.0,raw,0.037808150933312,1.0428178205900498,nan
3832.0,30.0,48.0,ppo,1.0,1.0,0.03625575837581995,0.0,ppo,0.037808150933312,1.0428178205900498,nan
3832.0,30.0,49.0,ppo,1.0,1.0,0.03625575837581995,0.0,raw,0.07099920387599643,1.958287650199807,nan
3832.0,30.0,49.0,ppo,1.0,1.0,0.03625575837581995,0.0,ppo,0.07099920387599643,1.958287650199807,nan
3832.0,30.0,50.0,ppo,1.0,1.0,0.03625575837581995,0.0,raw,0.04401173728597887,1.213924056690857,nan
3832.0,30.0,50.0,ppo,1.0,1.0,0.03625575837581995,0.0,ppo,0.04401173728597887,1.213924056690857,nan
3832.0,30.0,51.0,ppo,1.0,1.0,0.03625575837581995,0.0,raw,0.08235206862114111,2.2714203842461664,nan
3832.0,30.0,51.0,ppo,1.0,1.0,0.03625575837581995,0.0,ppo,0.08235206862114111,2.2714203842461664,nan
3832.0,30.0,52.0,ppo,1.0,1.0,0.03625575837581995,0.0,raw,0.022201004375609373,0.6123442280665652,nan
3832.0,30.0,52.0,ppo,1.0,1.0,0.03625575837581995,0.0,ppo,0.022201004375609373,0.6123442280665652,nan
3832.0,30.0,53.0,ppo,1.0,1.0,0.03625575837581995,0.0,raw,0.04441098074071916,1.224935919981698,nan
3832.0,30.0,53.0,ppo,1.0,1.0,0.03625575837581995,0.0,ppo,0.04441098074071916,1.224935919981698,nan
3832.0,30.0,54.0,ppo,1.0,1.0,0.03625575837581995,0.0,raw,0.033932940368394934,0.9359324391080956,nan
3832.0,30.0,54.0,ppo,1.0,1.0,0.03625575837581995,0.0,ppo,0.033932940368394934,0.9359324391080956,nan
3832.0,30.0,55.0,ppo,1.0,1.0,0.03625575837581995,0.0,raw,0.07346590822863774,2.0263238591537602,nan
3832.0,30.0,55.0,ppo,1.0,1.0,0.03625575837581995,0.0,ppo,0.07346590822863774,2.0263238591537602,nan
3832.0,30.0,56.0,ppo,1.0,1.0,0.03625575837581995,0.0,raw,0.0806159025879377,2.223533755722039,nan
3832.0,30.0,56.0,ppo,1.0,1.0,0.03625575837581995,0.0,ppo,0.0806159025879377,2.223533755722039,nan
3832.0,30.0,57.0,ppo,1.0,1.0,0.03625575837581995,0.0,raw,0.03139368540285396,0.8658951518110114,nan
3832.0,30.0,57.0,ppo,1.0,1.0,0.03625575837581995,0.0,ppo,0.03139368540285396,0.8658951518110114,nan
3832.0,30.0,58.0,ppo,1.0,1.0,0.03625575837581995,0.0,raw,0.11840462035157684,3.2658155740177377,nan
3832.0,30.0,58.0,ppo,1.0,1.0,0.03625575837581995,0.0,ppo,0.11840462035157684,3.2658155740177377,nan
3832.0,30.0,59.0,ppo,1.0,1.0,0.03625575837581995,0.0,raw,0.07462822724183663,2.0583827393225462,nan
3832.0,30.0,59.0,ppo,1.0,1.0,0.03625575837581995,0.0,ppo,0.07462822724183663,2.0583827393225462,nan
3832.0,30.0,60.0,ppo,1.0,1.0,0.03625575837581995,0.0,raw,0.026317520112380845,0.7258852466849179,nan
3832.0,30.0,60.0,ppo,1.0,1.0,0.03625575837581995,0.0,ppo,0.026317520112380845,0.7258852466849179,nan
3832.0,30.0,61.0,ppo,1.0,1.0,0.03625575837581995,0.0,raw,0.02198855880512371,0.6064845914184086,nan
3832.0,30.0,61.0,ppo,1.0,1.0,0.03625575837581995,0.0,ppo,0.02198855880512371,0.6064845914184086,nan
3832.0,30.0,62.0,ppo,1.0,1.0,0.03625575837581995,0.0,raw,0.07924964290296976,2.185849819537183,nan
3832.0,30.0,62.0,ppo,1.0,1.0,0.03625575837581995,0.0,ppo,0.07924964290296976,2.185849819537183,nan
3832.0,30.0,63.0,ppo,1.0,1.0,0.03625575837581995,0.0,raw,0.04516550299350719,1.2457470210754,nan
3832.0,30.0,63.0,ppo,1.0,1.0,0.03625575837581995,0.0,ppo,0.04516550299350719,1.2457470210754,nan
3832.0,30.0,64.0,ppo,1.0,1.0,0.03625575837581995,0.0,raw,0.10169420086391245,2.804911700088319,nan
3832.0,30.0,64.0,ppo,1.0,1.0,0.03625575837581995,0.0,ppo,0.10169420086391245,2.804911700088319,nan
3832.0,30.0,65.0,ppo,1.0,1.0,0.03625575837581995,0.0,raw,0.06537921259676983,1.8032780315629307,nan
3832.0,30.0,65.0,ppo,1.0,1.0,0.03625575837581995,0.0,ppo,0.06537921259676983,1.8032780315629307,nan
3832.0,30.0,66.0,ppo,1.0,1.0,0.03625575837581995,0.0,raw,0.05007959107154474,1.381286540814557,nan
3832.0,30.0,66.0,ppo,1.0,1.0,0.03625575837581995,0.0,ppo,0.05007959107154474,1.381286540814557,nan
3832.0,30.0,67.0,ppo,1.0,1.0,0.03625575837581995,0.0,raw,0.047585069678416164,1.3124830871046425,nan
3832.0,30.0,67.0,ppo,1.0,1.0,0.03625575837581995,0.0,ppo,0.047585069678416164,1.3124830871046425,nan
3832.0,30.0,68.0,ppo,1.0,1.0,0.03625575837581995,0.0,raw,0.04455688014007257,1.2289600917516288,nan
3832.0,30.0,68.0,ppo,1.0,1.0,0.03625575837581995,0.0,ppo,0.04455688014007257,1.2289600917516288,nan
3832.0,30.0,69.0,ppo,1.0,1.0,0.03625575837581995,0.0,raw,0.07689987579831299,2.1210389533487133,nan
3832.0,30.0,69.0,ppo,1.0,1.0,0.03625575837581995,0.0,ppo,0.07689987579831299,2.1210389533487133,nan
3832.0,30.0,70.0,ppo,1.0,1.0,0.03625575837581995,0.0,raw,0.054162897479149874,1.493911585511689,nan
3832.0,30.0,70.0,ppo,1.0,1.0,0.03625575837581995,0.0,ppo,0.054162897479149874,1.493911585511689,nan
3832.0,30.0,71.0,ppo,1.0,1.0,0.03625575837581995,0.0,raw,0.060671571884534994,1.6734327070371993,nan
3832.0,30.0,71.0,ppo,1.0,1.0,0.03625575837581995,0.0,ppo,0.060671571884534994,1.6734327070371993,nan
3832.0,30.0,72.0,ppo,1.0,1.0,0.03625575837581995,0.0,raw,0.06726630585681297,1.8553275085172367,nan
3832.0,30.0,72.0,ppo,1.0,1.0,0.03625575837581995,0.0,ppo,0.06726630585681297,1.8553275085172367,nan
3832.0,30.0,73.0,ppo,1.0,1.0,0.03625575837581995,0.0,raw,0.029751409571267158,0.820598186441723,nan
3832.0,30.0,73.0,ppo,1.0,1.0,0.03625575837581995,0.0,ppo,0.029751409571267158,0.820598186441723,nan
3832.0,30.0,74.0,ppo,1.0,1.0,0.03625575837581995,0.0,raw,0.08076584901706964,2.227669551961015,nan
3832.0,30.0,74.0,ppo,1.0,1.0,0.03625575837581995,0.0,ppo,0.08076584901706964,2.227669551961015,nan
3832.0,30.0,75.0,ppo,1.0,1.0,0.03625575837581995,0.0,raw,0.0427218743905173,1.1783472834210467,nan
3832.0,30.0,75.0,ppo,1.0,1.0,0.03625575837581995,0.0,ppo,0.0427218743905173,1.1783472834210467,nan
3832.0,30.0,76.0,ppo,1.0,1.0,0.03625575837581995,0.0,raw,0.019461688681378993,0.536788900666289,nan
3832.0,30.0,76.0,ppo,1.0,1.0,0.03625575837581995,0.0,ppo,0.019461688681378993,0.536788900666289,nan
3832.0,30.0,77.0,ppo,1.0,1.0,0.03625575837581995,0.0,raw,0.011985746090651048,0.33058875686474953,nan
3832.0,30.0,77.0,ppo,1.0,1.0,0.03625575837581995,0.0,ppo,0.011985746090651048,0.33058875686474953,nan
3832.0,30.0,78.0,ppo,1.0,1.0,0.03625575837581995,0.0,raw,0.023772271231595997,0.6556826362636627,nan
3832.0,30.0,78.0,ppo,1.0,1.0,0.03625575837581995,0.0,ppo,0.023772271231595997,0.6556826362636627,nan
3832.0,30.0,79.0,ppo,1.0,1.0,0.03625575837581995,0.0,raw,0.10747682427979477,2.9644070099351247,nan
3832.0,30.0,79.0,ppo,1.0,1.0,0.03625575837581995,0.0,ppo,0.10747682427979477,2.9644070099351247,nan
