replication,rollout_batch,minibatch,normalized_ess,effective_sequences,mean_ratio,max_ratio,raw_gradient_mse,raw_relative_gain_pct,oracle_relative_gain_pct
0.0,1.0,1.0,1.0,128.0,1.0,1.0,0.01410491603184139,5.336178730142498,4.9370225778923835
0.0,1.0,2.0,0.8489997113658637,108.67196305483056,0.985574841029393,2.27303135033632,0.018302289887833938,-2.349855833357957,4.815224279284266
0.0,1.0,3.0,0.8395653998447413,107.46437118012689,1.0185005672403198,2.6864982359978375,0.03849962150829367,10.207500333694787,5.774670791376434
0.0,1.0,4.0,0.6247290531326017,79.96531880097302,1.0411017841911347,4.3881310463001215,0.015692126211011764,6.749912596646026,4.11980821386777
0.0,1.0,5.0,0.38463324910303986,49.2330558851891,0.8767412048916278,10.814331053386116,0.005729219072595877,2.7007898330200706,3.782994237731796
0.0,1.0,6.0,0.3953103190956903,50.59972084424836,1.1326262801722486,10.02779564106236,0.008902415608079561,2.7777526676338335,3.6994813908244413
0.0,1.0,7.0,0.4644363295611517,59.44785018382742,1.0075290703486164,6.449116890145554,0.0036346781673696144,1.9132018030642182,3.3610897878169124
0.0,1.0,8.0,0.3643516562756465,46.63701200328275,1.0017839949146763,8.896745946743433,0.00857469139976955,1.2242979111449124,2.948347689230747
0.0,1.0,9.0,0.38466887242473563,49.23761567036616,0.8538295465694751,5.998966245847168,0.005643583326491281,0.5651035965718711,2.927221508818285
0.0,1.0,10.0,0.2546669127722249,32.59736483484479,0.8172461745422523,13.77232564206401,0.006111332287732171,-0.04294857025458008,3.1925698519522956
0.0,1.0,11.0,0.30014136231818694,38.41809437672793,1.1168135247884745,8.686402575372329,0.021321955161614507,2.488442263477517,3.090157551676363
0.0,1.0,12.0,0.3379246316415835,43.254352850122686,0.9657031213818166,7.286366773660544,0.02485470098911465,3.4744543060867707,2.7981749504473457
0.0,1.0,13.0,0.03761056740491644,4.814152627829304,1.2430679536011933,70.54738887892555,0.006650330182933407,3.216123853958333,3.8797006218643593
0.0,1.0,14.0,0.31092668354419584,39.79861549365707,1.0283343738161674,9.094704067256437,0.011142161258191806,2.4336764044557233,3.534385387390265
0.0,1.0,15.0,0.254485335850567,32.574122988872574,0.5841336802723398,4.741958138441868,0.005549500105936567,1.0144895655018524,2.9197451207716334
0.0,1.0,16.0,0.05790355057944826,7.411654474169377,1.2436479387093673,54.61929924845378,0.15655839289306261,-17.737905171648443,2.792708948103986
0.0,2.0,1.0,1.0,128.0,1.0,1.0,0.010568314588660475,11.989461893110388,12.354802414365972
0.0,2.0,2.0,0.9185080381579926,117.56902888422306,0.9572858171359017,1.8887733476656514,0.006375144000710629,0.7339292131128051,6.054178837857227
0.0,2.0,3.0,0.7922667261729838,101.41014095014192,1.0275036450231048,3.197214174224087,0.013810768408188578,6.097769670968924,5.217597953366883
0.0,2.0,4.0,0.4728660988059955,60.526860647167425,0.9677038028757095,10.88047948505516,0.0100373371056593,0.668292543390104,4.436959449840696
0.0,2.0,5.0,0.6444605487986289,82.4909502462245,1.027621919460786,4.936439845726374,0.035096672641148255,1.2561785081206895,3.7261064394677574
0.0,2.0,6.0,0.2029437547452519,25.976800607392242,1.552944708137535,22.508708248559397,0.0135577914612194,-0.21712930733567865,3.304028771412387
0.0,2.0,7.0,0.33513339860933694,42.89707502199513,0.8426786249569755,8.509202121398209,0.015658172662581227,1.6338599295936629,3.1966909957426006
0.0,2.0,8.0,0.21451829701127348,27.458342017443005,0.9710821989890475,18.912026935885024,0.004683513261074423,2.2908640937599785,3.1909151419527286
0.0,2.0,9.0,0.38153027482372665,48.83587517743701,0.926539190156127,7.762026247731571,0.008285408284872273,-0.5013254801336294,2.850362257516907
0.0,2.0,10.0,0.48889505965284225,62.57856763556381,0.9706551711413596,6.182125596286179,0.0023688978012853493,0.11629642712277476,2.6596357709387584
0.0,2.0,11.0,0.4289620210937087,54.90713869999471,0.9733151699397311,6.433395253707739,0.014853695359248636,0.16581875171849497,2.762430392631709
0.0,2.0,12.0,0.38725265671037334,49.56834005892779,1.0033342010047233,6.867724359284081,0.007990538182448416,1.1337223136966805,2.4129633337768825
0.0,2.0,13.0,0.3413570665446873,43.69370451771997,0.9983876738700955,9.437372423931576,0.12045524458507317,-10.112479957074768,2.7517549435857402
0.0,2.0,14.0,0.19207522759541842,24.58562913221356,1.1095585319471508,16.976653139450203,0.02803024521617773,-0.4206616147075733,4.474044092237178
0.0,2.0,15.0,0.010940271980156496,1.4003548134600314,4.94916847687853,535.0835661226585,0.0061690480610858975,3.99370106838927,5.576110222430296
0.0,2.0,16.0,0.026554605571912363,3.3989895132047825,1.3426266923689967,92.1210323008728,1.3983745893174762,-29.900714059789294,4.993302258020284
0.0,3.0,1.0,1.0,128.0,1.0,1.0,0.031167402074312362,10.307142762752552,4.8774080750461675
0.0,3.0,2.0,0.7178359756230287,91.88300487974767,0.9986345887411654,5.02735364588203,0.01246093862088984,2.2679024126492315,3.2294015580976922
0.0,3.0,3.0,0.7505704855454547,96.0730221498182,0.938527094055314,4.805526415704072,0.025371092795368217,1.9398904108149655,4.0123376536045425
0.0,3.0,4.0,0.650195380662019,83.22500872473843,0.9835206980457539,5.813019064759201,0.018435257173281927,-1.6840246416781564,4.563640603907001
0.0,3.0,5.0,0.41660856627720744,53.32589648348255,1.1916813662991426,12.735552845512853,0.029884309817383287,5.141452601405225,5.452416393902226
0.0,3.0,6.0,0.6300552703157787,80.64707460041967,0.9091497324264233,3.4205315889647485,0.01480353465107712,0.4676955711389535,5.691866509904333
0.0,3.0,7.0,0.42196768481473446,54.01186365628601,0.9835785329801221,7.244972923813435,0.002461052974908541,6.369817688170176,5.664711835774497
0.0,3.0,8.0,0.3054896155588461,39.1026707915323,1.050329116902215,16.12524630918888,0.028667227446959993,2.4540787025910134,3.9207945625344447
0.0,3.0,9.0,0.3521947210362465,45.08092429263955,0.8777657676643178,6.580611408596834,0.046737226993586053,-6.4203168344099915,4.945046717000191
0.0,3.0,10.0,0.3798401462079731,48.61953871462055,0.9856723958799259,9.877723102860639,0.032685708763527235,7.638121592696315,8.363686122868875
0.0,3.0,11.0,0.36725053244584854,47.00806815306861,0.9797401257524145,9.723869097666649,0.017163459691876062,0.22556487777641657,4.365490557080664
0.0,3.0,12.0,0.6421362591934225,82.19344117675809,0.8520042455903069,2.6599153747455913,0.016945080774088177,7.2225908300450685,4.06619433573407
0.0,3.0,13.0,0.3023868883766259,38.70552171220812,1.2310455286831001,15.882771853823959,0.019645507428052683,3.593966936455926,3.1229470944479325
0.0,3.0,14.0,0.09088184564191025,11.632876242164512,1.1205835642159192,34.09070454036446,0.006754728782676147,-1.1728078746568302,2.619502336339051
0.0,3.0,15.0,0.23261041907174015,29.77413364118274,0.8875324370419524,12.136886331122625,0.04747018021320616,0.9328749913167121,3.734481273912564
0.0,3.0,16.0,0.10229551243194122,13.093825591288477,0.8976689827742763,22.85365687360428,0.17374385709189202,-24.71432270842742,4.071775055283008
0.0,4.0,1.0,1.0,128.0,1.0,1.0,0.02376938713275651,17.566545120252798,16.703494748714085
0.0,4.0,2.0,0.7689974266995374,98.43167061754079,0.9334645974852784,2.6490073294265124,0.02994712318657589,8.686491215701983,8.843020035401873
0.0,4.0,3.0,0.44417594009003536,56.854520331524526,1.0653866678780113,9.511523911234931,0.04551299269064723,8.166617482835807,5.547129086799028
0.0,4.0,4.0,0.25430402946654995,32.550915771718394,0.6716215378385677,7.601602611204666,0.010565504826190703,3.808288364691313,3.3526283269405637
0.0,4.0,5.0,0.09227287944089108,11.810928568434058,0.9522655240211937,27.2864209649123,0.0023254462732207482,0.9837207875048181,2.790176294869271
0.0,4.0,6.0,0.16443667853747795,21.047894852797178,1.0110562328718187,24.77368113172516,0.017154534781054553,2.0353147160913014,2.9127411644666434
0.0,4.0,7.0,0.2559593836488171,32.76280110704859,0.873844661744888,10.548984328460662,0.05734985469670716,4.049112648191147,3.134878730535543
0.0,4.0,8.0,0.021470542185675418,2.7482293997664535,1.409438154794922,107.47229529203439,0.0032998702053574198,0.07689054518223169,3.0061859101014314
0.0,4.0,9.0,0.2451946544539905,31.384915770110783,0.8235593807145576,11.303235047489794,0.009990251704962151,0.6253833443648484,2.9414649151476757
0.0,4.0,10.0,0.14907823981613433,19.082014696465194,0.8886753281295574,18.459053831094177,0.05160529091365572,-2.491089455593477,3.19591270059089
0.0,4.0,11.0,0.261331038862503,33.45037297440038,0.9449650986052893,12.816633187597988,0.061932000344591676,0.4052090063762692,4.028816081347304
0.0,4.0,12.0,0.30721547597156085,39.32358092435979,0.7878524086463721,9.142387752898351,0.00961281478533163,3.081502704349879,4.491443792575609
0.0,4.0,13.0,0.23907421464514694,30.60149947457881,0.8238902952380491,11.455982144252488,0.01975456113948191,-1.1731397573981517,2.8762970043959797
0.0,4.0,14.0,0.24762491628771482,31.695989284827498,0.9558606520353293,14.712737326528869,0.01486285775968483,2.463984579732087,3.280710137265011
0.0,4.0,15.0,0.12293718386190537,15.735959534323888,0.9386975311236195,19.778455534882657,0.008929875281900404,2.6669077604848903,2.856950165758611
0.0,4.0,16.0,0.17648160559481962,22.589645516136912,0.8520551161631582,14.286035151090987,0.08449485443005067,-7.470887546180387,2.3505285707355283
0.0,5.0,1.0,1.0,128.0,1.0,1.0,0.017032607537513057,3.4263073690463584,6.7723460201149095
0.0,5.0,2.0,0.8403152064291464,107.56034642293073,1.0730558849983787,3.9940637476821044,0.015359355421453651,-0.4138486120501331,4.684159982348385
0.0,5.0,3.0,0.8263199281455298,105.76895080262781,0.9880452770482994,2.718496623774027,0.02108605149859652,-1.3552107338889685,4.573363701489057
0.0,5.0,4.0,0.6102535204321542,78.11245061531574,0.9028496437653131,4.143653388399614,0.03495756829742401,-2.2511128240111806,4.771794513408412
0.0,5.0,5.0,0.6235499376269757,79.8143920162529,0.862881009603109,3.967196442217766,0.01530453039494797,2.1830613919321453,4.804992175266238
0.0,5.0,6.0,0.7240379192669659,92.67685366617164,0.9820439035415417,2.7632594332496767,0.030393885128941922,2.9872171746834253,4.292414533391748
0.0,5.0,7.0,0.4215084886159367,53.9530865428399,1.1131395580716774,12.980524315095952,0.016682230840239717,-0.4242816962537326,3.9620330629385574
0.0,5.0,8.0,0.48722343388266165,62.36459953698069,1.0032195478905614,9.952289585777647,0.011576187493386098,3.619463527404956,3.942274736509767
0.0,5.0,9.0,0.5388151913169809,68.96834448857355,0.8880420618810692,6.1748792171401625,0.017893153578171058,1.0074486556822813,3.698839266557618
0.0,5.0,10.0,0.5992613015533049,76.70544659882303,1.014880308203498,4.663103947404397,0.03314530641337199,-1.5560592390054147,3.5961830506550134
0.0,5.0,11.0,0.5128172762216353,65.64061135636932,0.9548667452211268,7.0659113901905055,0.005497513573209894,0.7378114255946262,4.049660007339575
0.0,5.0,12.0,0.528831885508246,67.69048134505549,0.9612032597980513,6.391045674953258,0.02774918019657568,5.774905398974482,3.704879009520382
0.0,5.0,13.0,0.7457346184790181,95.45403116531432,0.9073572514873283,2.9182490364678584,0.015787300299723653,1.8888145705713586,3.1528416606247793
0.0,5.0,14.0,0.5839910312391853,74.75085199861572,0.9254726394302863,5.0258746213286924,0.011513001127042944,-0.9192028106930901,2.918687997012909
0.0,5.0,15.0,0.08247427055528134,10.556706631076011,1.2858955879954146,47.5114167583359,0.8807470478260937,-49.9326389324808,3.7269690099637507
0.0,5.0,16.0,0.04702827811651825,6.019619598914336,0.9575316719038479,46.583728070371684,0.06308934945017726,-2.616399685954522,12.081709305072836
0.0,6.0,1.0,1.0,128.0,1.0,1.0,0.0052507356241525355,4.667860007625564,9.660693616633095
0.0,6.0,2.0,0.9617566341124153,123.10484916638916,0.9935353322167741,1.6019135093269383,0.016111174822161733,13.016920278555842,8.290873786676094
0.0,6.0,3.0,0.599395835416243,76.7226669332791,1.0408500787022432,7.468386775548278,0.0016129113608249082,4.873063353040817,6.197326356436898
0.0,6.0,4.0,0.7539272021351379,96.50268187329765,0.9517249417155589,3.0504657895027476,0.0035574117971308465,1.1623544105866008,5.950882960569563
0.0,6.0,5.0,0.6067030827706019,77.65799459463705,0.988961117917444,4.38560458294443,0.026355114344634972,-0.15309867807570812,5.568492993056728
0.0,6.0,6.0,0.5074065642546027,64.94804022458915,1.0147645222583561,5.772798819097576,0.0034988344486357086,0.24429334967501462,4.710267017857477
0.0,6.0,7.0,0.2239938552470189,28.67121347161842,0.9501462963576596,16.82143551098309,0.002446733798287687,0.7476639319061695,4.670056592334501
0.0,6.0,8.0,0.5768036977503639,73.83087331204658,1.092291767034844,6.018210959828154,0.0028329231124260223,2.4547242097605353,4.466677341871106
0.0,6.0,9.0,0.5558690843638499,71.15124279857278,0.8555890826241793,4.806216028495542,0.005547017230991106,0.6782575647017983,4.8140518315192455
0.0,6.0,10.0,0.5090552204875161,65.15906822240206,1.081773487892232,6.610396024668447,0.007380392591975557,1.7792817527013536,5.255596049791883
0.0,6.0,11.0,0.271649730205239,34.771165466270595,1.237500114070704,16.598425500890738,0.005838619707368466,-0.7365749175494384,4.628647935442523
0.0,6.0,12.0,0.34778684649370917,44.51671635119477,0.8655013312989185,7.105994761936426,0.0034451560062762603,5.635200003351878,4.727546836398925
0.0,6.0,13.0,0.4560760810480825,58.37773837415456,0.8445726998729284,5.55590340496143,0.014132568268094281,4.978484566452218,5.053570298924207
0.0,6.0,14.0,0.5849269605613301,74.87065095185025,0.8539996108423309,4.300216591824473,0.024306839569773253,-0.7133733726282117,4.645681406533809
0.0,6.0,15.0,0.27457851313654424,35.14604968147766,1.0287658463817506,13.302204075218858,0.1369811119915357,2.4032866781866806,5.063161109127639
0.0,6.0,16.0,0.23998362776025917,30.717904353313173,0.9723126898139944,15.849833708854845,0.011762917380522013,3.3068941958086833,5.550207908177937
0.0,7.0,1.0,1.0,128.0,1.0,1.0,0.012019831151269339,0.8205912369517442,4.500471206683649
0.0,7.0,2.0,0.9501195615740917,121.61530388148374,1.029992285209134,1.7410415640970405,0.021336681936338302,8.10048093141812,5.320261209031468
0.0,7.0,3.0,0.8300932089272757,106.25193074269129,1.0597398903945936,3.5873095545827174,0.0032385541220180222,0.600662302499041,4.756313733064459
0.0,7.0,4.0,0.792542613665631,101.44545454920076,1.0435335488063873,2.6939760022575068,0.08096270689044197,17.57737517434693,4.6912993785648265
0.0,7.0,5.0,0.06828327579205741,8.740259301383349,1.4274990992921062,55.32884321950053,0.9487510599786311,-18.092935504789434,3.7056585897233285
0.0,7.0,6.0,0.15932623539683893,20.393758130795383,1.1307934437701304,29.31060373060198,0.1773806659709886,-19.431850439275518,4.53099011228239
0.0,7.0,7.0,0.3162454561368278,40.47941838551396,1.186398723289536,15.852987725962494,0.0101354119897984,11.255059089511095,8.647468700771274
0.0,7.0,8.0,0.3502999314103858,44.83839122052938,1.02283980084625,11.515544722383138,0.020814826468852306,2.803269993137654,7.958012340644435
0.0,7.0,9.0,0.5887538073987378,75.36048734703844,0.8752472830862492,5.823021450837577,0.010486050064844009,4.583225250457552,6.2712251008547675
0.0,7.0,10.0,0.5943247213378053,76.07356433123908,0.8183760257397883,4.464851959539834,0.0063322696997039525,0.6953683035253362,5.089168697682971
0.0,7.0,11.0,0.24675597612024136,31.584764943390894,1.3541198801157397,18.182019424423235,0.5798095593748015,-2.4943934747098657,4.50012561962154
0.0,7.0,12.0,0.17036693532751598,21.806967721922046,0.3436957608197974,6.066515885146653,0.00634181409196264,0.35576457007539936,6.765748674569328
0.0,7.0,13.0,0.07610283137319808,9.741162415769354,0.8565829840882924,27.06631587553075,0.02123794531750483,-1.2983291599611175,6.781856740716729
0.0,7.0,14.0,0.0772526535561307,9.88833965518473,0.7963098155385592,25.82037350077872,0.16614314592181983,4.1066354544560575,7.519094517562165
0.0,7.0,15.0,0.10698805469381942,13.694471000808885,0.14859752676214433,2.979377230459495,0.012018304992998038,2.052323850111072,9.795757987692841
0.0,7.0,16.0,0.25182667622552896,32.233814556867706,0.7115406064124833,8.864626227399631,0.008675197353293071,1.1220287011873074,9.50763624800836
0.0,8.0,1.0,1.0,128.0,1.0,1.0,0.027469303797932575,9.447985287941902,9.127844084996608
0.0,8.0,2.0,0.8913327923089504,114.09059741554564,1.007310224333946,2.128742428868824,0.06540787900409337,2.1769512589934417,4.795916792936369
0.0,8.0,3.0,0.4354164599568449,55.73330687447615,1.1210905211614173,8.046338357936394,0.01180194927165242,3.712357342562177,3.4029924220368994
0.0,8.0,4.0,0.4044491795198369,51.76949497853912,1.0713327655448825,8.592429768989867,0.01696549539824846,-0.28295061793795034,2.676812649545285
0.0,8.0,5.0,0.24885126641801664,31.85296210150613,0.9767888382871139,12.173999094747652,0.004052124321330919,0.0,3.757458730740019
0.0,8.0,6.0,0.6485911028173872,83.01966116062556,0.930053685987456,4.259904867324466,0.005258678054512725,2.672938857492577,3.757458730740019
0.0,8.0,7.0,0.6622754205539433,84.77125383090474,0.9229133315421599,3.196174120878014,0.0163075155186772,0.18426591515165805,2.9425459917111265
0.0,8.0,8.0,0.6070009948120844,77.6961273359468,0.8382441081588808,4.26594741519267,0.06537615689365733,-5.5639613429661425,2.8199342444748727
0.0,8.0,9.0,0.18424958168663907,23.5839464558898,0.8626240672301118,16.586801540944332,0.08332037688973501,4.021158346684854,5.93621221092621
0.0,8.0,10.0,0.5481420731065996,70.16218535764474,0.8727461991728326,4.695206596033727,0.01413448170977031,2.842221160115287,4.997365624673413
0.0,8.0,11.0,0.2375949809105597,30.41215755655164,1.043812117526028,14.853529846128513,0.020825352498080228,1.2680400326429642,3.52859901126208
0.0,8.0,12.0,0.43484771224453533,55.66050716730052,0.9937453096214562,7.0334917765653415,0.04375746722537043,1.3358011512716286,2.8574453517747713
0.0,8.0,13.0,0.2705704001628313,34.633011220842405,1.1394121982360574,13.056790514459001,0.10340954752279102,2.8485246483131483,2.53131051827263
0.0,8.0,14.0,0.4128898551835551,52.84990146349505,0.6538665806572848,4.869902708624462,0.026672371488797433,-0.2341849214014861,2.3758047540484517
0.0,8.0,15.0,0.12450356600154976,15.936456448198369,1.0556349333645252,29.59556577837555,0.030563095719735308,-1.8713721189394719,2.526134739615254
0.0,8.0,16.0,0.11358222484226485,14.5385247798099,0.7662096558396693,23.077745411108303,0.005565521221214982,-0.2626876318415397,3.3468274225542913
1.0,1.0,1.0,1.0,128.0,1.0,1.0,0.04125544921335114,0.13302793949220143,4.9370225778923835
1.0,1.0,2.0,0.6760120697085005,86.52954492268806,0.9670118186577449,5.052863131629143,0.016163771180658162,7.9543119715641035,5.14149828060614
1.0,1.0,3.0,0.7711402823165917,98.70595613652374,0.9992574188888104,3.194666817255541,0.008927921477662071,3.9264409570344614,5.579760758190469
1.0,1.0,4.0,0.664157842319361,85.01220381687821,0.92184784267089,3.64172795082667,0.011063484629355521,-4.3299639749612435,4.5685571079265666
1.0,1.0,5.0,0.7294636439209358,93.37134642187978,0.9905669741966745,3.5780464982349134,0.0036187893804083783,5.574243288650832,4.749487991745661
1.0,1.0,6.0,0.5037427640292266,64.479073795741,1.007833882016239,7.454684362425331,0.0033269636952843545,1.5975638382152937,3.9739246553615364
1.0,1.0,7.0,0.35249569755157445,45.11944928660153,1.0538450851664258,13.131393284044629,0.008696824471108405,5.068758921325825,3.634862638509648
1.0,1.0,8.0,0.33462879750918567,42.832486081175766,0.999652226194656,8.906885828742105,0.028503199383759968,-2.885381699384748,3.450426488193077
1.0,1.0,9.0,0.372620600395359,47.69543685060595,0.7666968893540778,7.082731229490401,0.008096465681364053,4.476210790055941,3.7129288199865913
1.0,1.0,10.0,0.37668022934863676,48.215069356625506,0.9267011874880347,5.428890261758513,0.024039321569547356,1.0030863601561002,3.4434826385319273
1.0,1.0,11.0,0.22785415789322913,29.16533221033333,0.8898685904497967,9.08740431839061,0.007811587874299301,2.839459160295229,3.3312469218394156
1.0,1.0,12.0,0.12487067296200999,15.983446139137278,1.1083253121761412,25.311494475821636,0.010644313395882298,0.3865716628136412,2.9257058007881787
1.0,1.0,13.0,0.20290258722850024,25.97153116524803,0.7159080950083225,8.173656328369365,0.01699046611892497,-0.4309940877811441,2.7213359478612067
1.0,1.0,14.0,0.18248341048227434,23.357876541731116,0.9833619739788749,16.662666888374954,0.009937006726046773,-0.7287026088840332,2.743779411172803
1.0,1.0,15.0,0.3369513039138824,43.129766900976946,0.7635417293920441,4.539478900296001,0.02226866690179825,3.783826074356342,2.376650198125253
1.0,1.0,16.0,0.04462607053518297,5.71213702850342,0.6285950255708626,31.83717518552682,0.045610383391075864,-5.878572880954199,2.912758662089266
1.0,2.0,1.0,1.0,128.0,1.0,1.0,0.023390700297575912,10.26207201384656,3.9247686542034224
1.0,2.0,2.0,0.7988912150485332,102.25807552621225,1.0782761579728044,2.8780041325378116,0.016240213898364716,2.2364056013434572,3.5053313978991962
1.0,2.0,3.0,0.5488548453695495,70.25342020730234,1.1085030798185207,5.842823551345226,0.028367521196329244,-2.1118534977014587,3.0489520057293333
1.0,2.0,4.0,0.4193337602397455,53.674721310687424,0.8555124299689085,8.995988518686937,0.0032182156348715065,1.456272436582945,3.407999509955314
1.0,2.0,5.0,0.326654803050165,41.81181479042112,0.8724412583923128,11.780653715391542,0.01793980686244149,1.8870304210738802,3.202948030042825
1.0,2.0,6.0,0.6899717814669235,88.31638802776621,0.9775887227331589,3.513842049310399,0.02992677285829362,-0.7258234634375946,3.8044767670411197
1.0,2.0,7.0,0.7643809950544581,97.84076736697064,1.0750817238135992,4.552478338749008,0.01287748595816468,4.693582152186874,4.277765893265128
1.0,2.0,8.0,0.838566326669371,107.33648981367949,0.9665905429000354,2.4975144725017895,0.006433693122160564,1.9325856747183698,3.2817687600650505
1.0,2.0,9.0,0.5913175240316817,75.68864307605526,1.0212683198731325,6.059737477333498,0.0011980964922668098,1.7088242897444637,3.1404214140943427
1.0,2.0,10.0,0.6914214055224227,88.5019399068701,0.9979593063252037,3.722312730490377,0.0036946856281479612,0.45252534866376065,3.1765173629766874
1.0,2.0,11.0,0.3445804302751309,44.10629507521676,1.0075310177873515,10.549707375405546,0.031104676412170094,2.587222852509994,2.9428588374840037
1.0,2.0,12.0,0.46934368186322345,60.0759912784926,0.921490097933957,5.878379751768315,0.009074918676412613,4.855335705782552,2.903372759570944
1.0,2.0,13.0,0.2246558024265343,28.75594271059639,0.9657116357896273,16.853240123562976,0.0657594256454605,-8.682661114085386,3.1001912763057695
1.0,2.0,14.0,0.44605209671745355,57.094668379834054,0.8060600331468744,8.082941939316314,0.004679983766573128,4.682360709196206,6.274233633950872
1.0,2.0,15.0,0.41192211690373143,52.72603096367762,0.8848892821557156,7.33679888706645,0.011470382006783852,1.9939426997453922,5.628924344767898
1.0,2.0,16.0,0.37075669658659594,47.45685716308428,1.0256120632757098,11.036954183913828,0.007781877439444565,-2.4723983923467276,4.837487985431701
1.0,3.0,1.0,1.0,128.0,1.0,1.0,0.013156927805192908,9.971486506197076,5.679947582067951
1.0,3.0,2.0,0.7750553534781197,99.20708524519932,1.0876776525421838,5.3794948224290735,0.0019347789234625957,0.0,3.348206338243149
1.0,3.0,3.0,0.8682849481262206,111.14047336015624,0.9820237548263642,2.495400326970645,0.006238028315939894,0.9123310504102103,3.348206338243149
1.0,3.0,4.0,0.7752171448815124,99.22779454483359,1.0313413943753935,3.4939265534928867,0.00150064884265406,0.0,2.6406390546322185
1.0,3.0,5.0,0.749655536523519,95.95590867501043,0.9256270442180298,4.138871977005029,0.00150064884265406,0.0,2.6406390546322185
1.0,3.0,6.0,0.7914114626284734,101.3006672164446,0.9979538974922854,2.7500527550243983,0.006171120020273402,3.5153051553789476,2.6406390546322185
1.0,3.0,7.0,0.8209510849573733,105.08173887454379,0.9751615157760332,3.2159432582193066,0.022612578369639626,3.206349540891269,2.706508018623017
1.0,3.0,8.0,0.6551316381915908,83.85684968852362,1.08859806876338,6.2726039686454165,0.02479598442237675,2.8968645190436244,3.0633260441249903
1.0,3.0,9.0,0.47073506701921425,60.254088578459424,1.1653417473007364,10.181375548380462,0.008173390900368768,-0.10840374699634375,2.818392570050467
1.0,3.0,10.0,0.5960438230278712,76.29360934756751,0.9559198323474518,4.110863744880195,0.009511334461648558,0.8860079579786159,2.764073214438066
1.0,3.0,11.0,0.49691176333108633,63.60470570637905,0.933920950356123,8.832362044180828,0.024657392383118586,-3.901136627005075,3.0708096693050284
1.0,3.0,12.0,0.6578499884180432,84.20479851750953,1.104421266504296,5.552148707789595,0.022161474705442167,8.047861870447987,3.5115893961667397
1.0,3.0,13.0,0.5877804766777041,75.23590101474612,0.8853031322834515,4.192905196523199,0.0059309736926834115,3.395133228538871,2.657783863125589
1.0,3.0,14.0,0.30654126164934925,39.237281491116704,1.211550411977419,11.815136223781266,0.06947018751574899,1.4378661049040617,2.1104496742604333
1.0,3.0,15.0,0.12691425876457607,16.245025121865737,0.804818113971299,22.59976314930363,0.002502296732976824,0.24640531208894847,2.181495321452121
1.0,3.0,16.0,0.05050296271055049,6.464379226950463,1.1390324479703007,55.31247848564766,0.012860864978749128,0.19359128102925693,2.296231758200587
1.0,4.0,1.0,1.0,128.0,1.0,1.0,0.011851523728881312,1.4112944944468326,2.383989245413603
1.0,4.0,2.0,0.8916874289942942,114.13599091126966,1.0673326874640634,2.2311144507518215,0.03866272502805507,-2.9635623391203176,2.435669060609617
1.0,4.0,3.0,0.8324099786100889,106.54847726209138,1.0395807329162854,3.387786028354354,0.014187055113977623,-0.1650654065500178,3.6942800281498753
1.0,4.0,4.0,0.9379624528575207,120.05919396576265,0.9865108735617207,1.8307502592257108,0.005922839859819486,5.645517067887151,4.400659517741517
1.0,4.0,5.0,0.9500430052281238,121.60550466919985,1.043039151045792,1.7698796233613114,0.004737938360551416,2.0779514613305836,2.444572298590166
1.0,4.0,6.0,0.9645743955364485,123.46552262866541,1.0077922778568307,1.4866669979688176,0.01420266073724995,0.8661300942084041,1.7672900116888266
1.0,4.0,7.0,0.8167888747935568,104.54897597357527,1.0382595868562698,2.7736031534748893,0.004055285311864833,0.9396716237045017,2.1768871385776682
1.0,4.0,8.0,0.8233704669950779,105.39141977536997,1.0159223100741253,3.0483777008570727,0.02679058046626112,-0.15752039999681464,1.7649842076704658
1.0,4.0,9.0,0.7711302554315315,98.70467269523603,1.007240891301381,3.867830301441129,0.004632132797028785,2.134101726278076,2.5935223710637016
1.0,4.0,10.0,0.7948240850065548,101.73748288083901,0.9720796345682046,2.4206713307745735,0.01337339412620639,0.6205179015235049,1.534444046934122
1.0,4.0,11.0,0.7976919462302969,102.10456911747801,1.0335398812173513,2.6420587757997116,0.01384564648165565,0.3467570914496829,1.2961204940881066
1.0,4.0,12.0,0.705648035327581,90.32294852193037,0.9005122567425264,2.652093667272897,0.02223075896139764,1.1469740576401133,1.75882192525044
1.0,4.0,13.0,0.5487144383452434,70.23544810819115,1.049458026981197,8.11462459505748,0.007215653516539187,0.23478123460367345,1.8949429210820163
1.0,4.0,14.0,0.6622298468198662,84.76542039294287,1.0249091911211898,4.16952206088794,0.008111142839055268,0.772248406918276,1.7901928519486112
1.0,4.0,15.0,0.4613216055577744,59.049165511395124,0.9505497893804669,6.5622089959961345,0.005322416007668829,-0.5718011664721518,1.7253590277782807
1.0,4.0,16.0,0.7625924771295354,97.61183707258053,1.0182506275432908,2.9984390591438532,0.017750338695333087,1.0091295958409192,2.035017868316217
1.0,5.0,1.0,1.0,128.0,1.0,1.0,0.005291390379080523,0.3060595263389254,1.5054658179434972
1.0,5.0,2.0,0.9732584124008925,124.57707678731424,0.9948728035797016,1.5447525727108498,0.006766935204902066,1.0025104051602787,1.6194557846000406
1.0,5.0,3.0,0.9552072502848888,122.26652803646577,1.003451815989641,1.7725797305136781,0.0055374175541282695,0.06511134019938034,1.394811087229761
1.0,5.0,4.0,0.8898518165520737,113.90103251866543,0.9733078979419674,2.426463381441649,0.00128766399559592,0.0,1.5198015998788195
1.0,5.0,5.0,0.9240107247217301,118.27337276438145,0.9909668958158889,2.1259535768696876,0.009020513642884864,1.543623005549695,1.5198015998788195
1.0,5.0,6.0,0.8765814364434583,112.20242386476266,1.0009321822428883,2.5100180825270932,0.006193403798669307,0.9097124327380913,1.1378087163268071
1.0,5.0,7.0,0.7548300832834255,96.61825066027846,1.0082220551060148,5.163569460061469,0.016308728202920952,0.8974642592196574,0.875047732651897
1.0,5.0,8.0,0.669104855759849,85.64542153726067,1.1145123562109642,6.323124331581929,0.01622226271275832,-0.3858844708447534,0.9402913941199998
1.0,5.0,9.0,0.5341453915011549,68.37061011214783,1.1415705879597726,6.7105219159237866,0.03217117354014795,-1.3417214066332608,1.5443933443846023
1.0,5.0,10.0,0.7127086720415226,91.22671002131489,1.0159548135666887,4.698082111613133,0.005722891883114635,2.233086090084598,1.9142879150378356
1.0,5.0,11.0,0.7117928263346515,91.10948177083539,0.8690464024909378,2.574612739325264,0.006075214551788622,-1.225314057417325,1.4739509891156415
1.0,5.0,12.0,0.5326966339898854,68.18516915070533,1.0945287087499653,8.68626712327416,0.0077795092389223155,1.1556115426328704,1.9353818655215858
1.0,5.0,13.0,0.5493158169713622,70.31242457233436,1.0311040843877586,6.842798123095454,0.022347460462507098,3.5462526839342874,1.8735342376704334
1.0,5.0,14.0,0.7387774934899745,94.56351916671673,0.9990005290588847,4.186978599946003,0.007669124480028483,1.3610946918576219,0.9765558000729261
1.0,5.0,15.0,0.4402264967361818,56.34899158223127,0.977383523745568,8.9186736122895,0.028350155987290702,-1.3660722100785894,0.706569740202052
1.0,5.0,16.0,0.37737968279010237,48.3045993971331,1.1225797116814182,15.506221303523184,0.06469340942420575,-0.24718991577619873,1.605052527523467
1.0,6.0,1.0,1.0,128.0,1.0,1.0,0.008235792824556764,1.9266180306950935,2.3088577741297835
1.0,6.0,2.0,0.8513592005431492,108.9739776695231,1.096779336128619,2.8962778896981334,0.010455717521031933,0.40595709988438283,1.7020950531937267
1.0,6.0,3.0,0.8952808093349939,114.59594359487922,1.029283846303155,2.8008401845350757,0.011038833835739583,-0.08499358561107598,1.4243919237323526
1.0,6.0,4.0,0.8696558314006924,111.31594641928862,0.9879938705596003,2.332291924249934,0.017132878695021784,1.2103982129285755,1.2686085488543397
1.0,6.0,5.0,0.7670631300059044,98.18408064075577,1.0349075972818667,3.9535540788191543,0.005326394293044069,0.1942330967666874,1.150140414540697
1.0,6.0,6.0,0.5705726254654454,73.03329605957701,1.0362593460410479,7.87058709602718,0.023291606328230387,-0.24158241099019934,1.237271138745571
1.0,6.0,7.0,0.7220176113719582,92.41825425561065,1.0330932926033218,4.2227875353017295,0.0036821478721305455,-0.0630073560432605,1.7077835849548049
1.0,6.0,8.0,0.8718152373414068,111.59235037970006,0.9458131098199463,2.268062053787222,0.00599473849485084,0.5302544103203015,1.7608351167596854
1.0,6.0,9.0,0.7460255176050035,95.49126625344044,0.9801571703115355,3.697294795002231,0.017226544357098684,1.5928513594980478,1.5978430253618428
1.0,6.0,10.0,0.6730646105451618,86.1522701497807,0.9230784328757136,4.632507416405701,0.00684486715030888,-0.12737275821278501,1.1655427870974608
1.0,6.0,11.0,0.2634293260688919,33.718953736818165,1.1054783708832114,18.913346048209966,0.0032393890402036512,0.5873038978523768,1.2659837683904418
1.0,6.0,12.0,0.26180560530882907,33.51111747953012,0.8814966429322524,12.41695988026277,0.011312888855845245,-0.8320027315254872,1.1503182451393998
1.0,6.0,13.0,0.2001826165919608,25.62337492377098,1.1230570021535242,21.168280664304493,0.3072633208547233,-16.815437653918295,1.3851916590597342
1.0,6.0,14.0,0.35210963554027847,45.07003334915564,0.8198622171611007,5.7621360076657355,0.0065089884983059905,0.4242019892500668,8.645390059140047
1.0,6.0,15.0,0.44038554800728363,56.369350144932305,0.9720480348763284,6.27153632646271,0.01811182483105861,8.414383602027234,8.506907463617374
1.0,6.0,16.0,0.5351886931840132,68.50415272755369,0.9976228887908458,5.853065810778464,0.008350010448549234,1.0187489843937596,5.139920352136584
1.0,7.0,1.0,1.0,128.0,1.0,1.0,0.003024036994899433,3.2513004118934097,4.681852213457302
1.0,7.0,2.0,0.9729671004049045,124.53978885182778,0.9838598064038938,1.5245202927705168,0.006145098018391165,4.030561194829609,3.675198945116713
1.0,7.0,3.0,0.9152483586303242,117.1517899046815,0.9681595036106676,2.472292052887156,0.007715422592006242,3.000505777442016,2.235691448780415
1.0,7.0,4.0,0.8829740804572327,113.02068229852578,0.9998525358016173,1.974586952443057,0.00245569172974043,1.4145403422813883,1.5432775722112142
1.0,7.0,5.0,0.7574453914537171,96.9530101060758,0.9163162347570017,3.0214558878160944,0.001140999610257033,0.3823091848815315,1.125936786657781
1.0,7.0,6.0,0.6375483091163754,81.60618356689605,1.099166038681975,5.922839579591249,0.027705956218700787,-1.6542329463591126,0.9688081136640081
1.0,7.0,7.0,0.5316422017611415,68.05020182542611,1.0465164192701697,8.82828687605439,0.004288152207735001,0.4142932521622919,1.8487282444058597
1.0,7.0,8.0,0.7600572419344926,97.28732696761506,0.9831356963571152,4.288839625055917,0.016240350329826014,-0.4450848659958798,1.6824804325516352
1.0,7.0,9.0,0.5031859276869376,64.40779874392801,1.0601160061671038,9.926028961577074,0.012610048342816354,-0.0660846347108136,1.5392095682012952
1.0,7.0,10.0,0.652380537127527,83.50470875232345,0.8659678191194193,4.28801928668563,0.009427986745335657,1.7671877559617386,1.5245972797590643
1.0,7.0,11.0,0.5859764772789761,75.00498909170894,0.9559296066236218,5.02412251967941,0.009073206230780808,0.0914686355847633,1.326088375828787
1.0,7.0,12.0,0.38034038739434667,48.683569586476374,1.0361624863337604,11.572788770613553,0.010987993489384966,1.923951932873602,1.2302455755894959
1.0,7.0,13.0,0.3045546914171213,38.98300050139153,1.2304486080191541,13.227011834392343,0.003556542131431324,0.14707827901957485,0.8949225640806293
1.0,7.0,14.0,0.38319190390121677,49.048563699355746,0.9973910521578063,7.524676403919554,0.0019847252259423158,0.6647362715284781,0.8316814397052924
1.0,7.0,15.0,0.537419974803495,68.78975677484736,0.9267404262394306,7.295577745180732,0.03546663878566267,0.49752101117529435,0.6796120384759251
1.0,7.0,16.0,0.46808923749855647,59.91542239981523,0.7814952761448635,4.71401413106578,0.000900414354502575,-0.010428020510903135,0.7373656133438118
1.0,8.0,1.0,1.0,128.0,1.0,1.0,0.0007257663337142286,0.3384037298978516,0.752797362598869
1.0,8.0,2.0,0.9985043030853797,127.8085507949286,0.9976565493499001,1.2224261044081561,0.027282619974574904,-1.1009708289702702,0.6326837572584494
1.0,8.0,3.0,0.8794260162526661,112.56653008034127,1.0203252945807475,2.9299506178182493,0.009096860611392246,0.21994325143552132,1.3526116935911983
1.0,8.0,4.0,0.7611103355345846,97.42212294842683,1.0521179927935291,5.037347430068165,0.01168184985264285,-1.2472243586357543,1.2332516773594757
1.0,8.0,5.0,0.579221862289698,74.14039837308134,1.1346952155827723,7.406089302152521,0.009884991902131096,1.2116991205823833,1.6445981682568913
1.0,8.0,6.0,0.8349623469685876,106.87518041197922,1.0133973265549951,3.5510459492153474,0.04597994236249433,-0.49963648347662504,1.2569043736872485
1.0,8.0,7.0,0.6843260856885024,87.5937389681283,1.0425038367520942,4.636664636655191,0.007804739646755061,0.9673362485292614,1.9042130126076133
1.0,8.0,8.0,0.8046867467690291,102.99990358643572,0.982033321866843,3.6874819734679805,0.002854266673766909,0.5911408409334112,1.724262209515904
1.0,8.0,9.0,0.6987167951834786,89.43574978348526,1.0584735323408827,4.248373917358803,0.009286787869476665,1.525716039674734,1.5213038606814935
1.0,8.0,10.0,0.873523705687403,111.81103432798758,0.9619787422936229,2.7730839098923754,0.03417871203975072,0.657772481905067,0.8864149141289767
1.0,8.0,11.0,0.4132388305442075,52.89457030965856,1.0988312293144875,10.019995276333168,0.009046663882760512,-0.35997852778085704,1.000956096981632
1.0,8.0,12.0,0.3564767216138016,45.62902036656661,1.149761581142007,13.960682626104342,0.010799633307666378,0.22453353440174809,1.1842094328974455
1.0,8.0,13.0,0.5953706896000093,76.20744826880119,0.9390928153805748,5.3604626810178795,0.0142224848289086,0.23973594992955918,1.3115564527822887
1.0,8.0,14.0,0.7464137722760901,95.54096285133953,0.9298953235689986,3.818650758908316,0.004735750052168705,0.6324715323543932,1.2853556599701574
1.0,8.0,15.0,0.7109791704322256,91.00533381532487,1.0019381691098097,6.7327064616464325,0.0037644027143530576,0.28472761948106756,0.9901902952045464
1.0,8.0,16.0,0.8406957290328864,107.60905331620945,0.903525611064637,2.034442776783852,0.007559064722255512,-0.08622327962485737,0.8312602915947173
2.0,1.0,1.0,1.0,128.0,1.0,1.0,0.006795987990591479,-2.283963241564103,4.9370225778923835
2.0,1.0,2.0,0.97989598655808,125.42668627943424,1.0092985876592073,1.5265524368373995,0.007217337656685387,7.185998818833051,5.170811509585034
2.0,1.0,3.0,0.913844409591654,116.97208442773172,1.0143907218795378,2.6016550432608305,0.008757601337314829,1.6746776096360114,4.861249721403905
2.0,1.0,4.0,0.7931758847456579,101.52651324744421,0.9725692023229943,3.829238591722756,0.01726607850062137,9.036762566802663,4.626766516839119
2.0,1.0,5.0,0.4501900818548065,57.624330477415235,1.056018432940129,9.454267474992918,0.008372430335700067,0.8788122460819502,3.9137686906020823
2.0,1.0,6.0,0.5289136642626805,67.7009490256231,1.0148809533735477,5.746421059281029,0.04727798549312175,2.3779633664472106,4.1926257996536584
2.0,1.0,7.0,0.3975058669088643,50.88075096433463,0.8134147152396258,4.3617538547052375,0.005161244473339115,3.2880458206649994,3.8828841382033654
2.0,1.0,8.0,0.3434541249254139,43.96212799045298,0.49553338030569016,5.039981667470754,0.01270652654079961,-1.9447807866668254,3.596236532700448
2.0,1.0,9.0,0.17292923371137597,22.134941915056125,0.6168140529144869,10.849708382714764,0.004221174637972848,0.11990137187832714,3.6938776214442304
2.0,1.0,10.0,0.27358097492105077,35.0183647898945,0.8915312045342523,9.781309989349632,0.007016856701616355,3.1724545127179042,3.7026071034083854
2.0,1.0,11.0,0.2776051917340804,35.53346454196229,0.7808797938872882,7.864422539227452,0.007321514533784698,2.1941972914468635,3.4758495412014616
2.0,1.0,12.0,0.14593236819528546,18.67934312899654,0.9330308701841193,12.91467918823601,0.0630330908168476,-7.706462623078411,3.7655590464507456
2.0,1.0,13.0,0.10891102369099114,13.940611032446865,1.0961131926362981,23.58204477039827,0.09880124314528994,8.0786086327855,7.4286921569644555
2.0,1.0,14.0,0.08188554114997618,10.48134926719695,0.6806736376189062,15.403116943674933,0.06634214020570202,-1.6703913300460367,4.012557898492693
2.0,1.0,15.0,0.12939424165853286,16.562462932292206,0.8122185134497193,14.905408281060998,0.06182330176356336,-0.27986724184681894,4.806392714873876
2.0,1.0,16.0,0.02052048528744199,2.6266221167925745,1.2848873837695634,100.36092762263502,0.003241966362662234,1.5595121579428692,5.199207114846461
2.0,2.0,1.0,1.0,128.0,1.0,1.0,0.005473137937680219,3.4640837727332,5.2975854758890915
2.0,2.0,2.0,0.9667737578855398,123.74704100934909,0.991898349068098,1.4954701936709096,0.013144009363659953,6.443003938464036,4.054468495642063
2.0,2.0,3.0,0.8443101938212781,108.0717048091236,0.9891858052812651,2.946570322060137,0.0035184116263549544,2.081249089071534,3.271678382074118
2.0,2.0,4.0,0.828977906794033,106.10917206963623,0.988664002420967,2.7360733137602256,0.022556845926635587,2.8056256421265444,2.8958581197385986
2.0,2.0,5.0,0.5248508690568443,67.18091123927607,1.1393344430979293,7.3088518517791705,0.0070134768560151835,1.5334708919805615,2.016163782840252
2.0,2.0,6.0,0.4776152488697205,61.134751855324225,0.930274344175927,7.35158805403935,0.0037096253178155536,2.5286162610105842,2.3037732106052426
2.0,2.0,7.0,0.534462117845908,68.41115108427623,0.9330839335201515,4.3590620300525655,0.012892123940564746,0.3882164943074444,2.0663094861128304
2.0,2.0,8.0,0.49137933239700043,62.896554546816056,1.0886119305475643,7.258409928498795,0.009127312561865395,1.6179833835207122,2.356706030786701
2.0,2.0,9.0,0.08056254240701366,10.312005428097748,1.6112439266107526,48.8311692835784,0.004630810652088611,2.472042143790395,2.845281110510442
2.0,2.0,10.0,0.5792296885151836,74.1414001299435,0.9841996114926496,4.580956618414382,0.013212866449067731,2.7751653214262766,2.9065331829172676
2.0,2.0,11.0,0.3039940775170417,38.91124192218134,1.2570010856569669,17.164950886812225,0.01703256117403714,2.0568465332186467,2.6864112998629097
2.0,2.0,12.0,0.07606971402219266,9.73692339484066,1.3525644121047593,51.255084064997924,0.022018134551488558,1.6051380110846032,2.5450483121140826
2.0,2.0,13.0,0.12263295338253935,15.697018032965037,1.2395006573351974,29.87378998365104,0.0010916203137993703,0.6813147680559415,2.646720945066229
2.0,2.0,14.0,0.47678815117154244,61.02888334995743,1.072103386866675,6.361413679618091,0.02050201391849607,2.331804269283885,2.628908246003572
2.0,2.0,15.0,0.18893564975824512,24.183763169055375,0.870523777361536,14.73271575023798,0.001560438242540378,0.0,2.8005491320725096
2.0,2.0,16.0,0.24148891098638756,30.910580606257607,1.2526722719383847,12.15163609803094,0.06913925580248571,-5.80851431953986,2.8005491320725096
2.0,3.0,1.0,1.0,128.0,1.0,1.0,0.006969849265199736,6.774550836741065,7.0892297657651415
2.0,3.0,2.0,0.9469554482947725,121.21029738173088,1.0067358213647373,1.8103513658760493,0.006665523222349853,0.8020193096486755,5.479073797439987
2.0,3.0,3.0,0.9127819544320683,116.83609016730475,0.9659951811157126,2.280260907527623,0.025601563452228995,3.720690263210165,4.921541535080513
2.0,3.0,4.0,0.7444544572715196,95.29017053075451,0.9602017862472179,3.526264140705614,0.004821221197823926,-0.11277939846280238,2.7167227065901565
2.0,3.0,5.0,0.6687985276812569,85.60621154320089,0.8599604649806206,4.816119232099476,0.010203963173725038,0.6989715016976872,2.654827561533961
2.0,3.0,6.0,0.49709873072648764,63.62863753299042,1.0699600634695483,9.811937226070352,0.00969900480602539,4.572751521136204,2.7266391911172017
2.0,3.0,7.0,0.3937298461607439,50.39742030857522,0.9221822644863487,9.584303914170485,0.006616570631295741,0.25180978090893213,2.3309806591136932
2.0,3.0,8.0,0.5787735039089267,74.08300850034261,1.0087156699874762,5.706387761855052,0.009863520642779521,-1.8024064896201875,2.3659631253303797
2.0,3.0,9.0,0.3668504394804489,46.956856253497456,0.9114204827879233,8.972055794602419,0.0025725271537762506,-0.4251223432294121,2.4924649945973676
2.0,3.0,10.0,0.3732975746367523,47.78208955350429,0.872449368718636,6.685813044050652,0.014987549341431351,1.3381565771684445,2.4716617739239686
2.0,3.0,11.0,0.22404105695550552,28.677255290304707,1.1112824326989967,20.741937417748385,0.01293866681407139,1.2370489689387971,2.774822970049951
2.0,3.0,12.0,0.597007582447463,76.41697055327526,0.8582751558158321,6.033748330181832,0.0064397713874323765,0.4975339306032578,2.614801129108918
2.0,3.0,13.0,0.3971587644834047,50.8363218538758,1.2008159656562505,11.900218990844813,0.01934619923281506,-2.647750437693942,2.7818134693778376
2.0,3.0,14.0,0.1688948022908581,21.618534693229837,1.1901834601960986,27.17955187739436,0.024964561384044712,2.411106064329083,3.178410365499976
2.0,3.0,15.0,0.4671615663116908,59.796680487896424,0.799418050244932,4.6162567901855365,0.0020476013282690947,0.0,3.329592043690012
2.0,3.0,16.0,0.3511330014540331,44.945024186116235,0.7929134087303702,7.581078056735348,0.012817875874282889,1.1555851631468692,3.329592043690012
2.0,4.0,1.0,1.0,128.0,1.0,1.0,0.005843444308630982,-0.9941645241833462,3.5600457808841446
2.0,4.0,2.0,0.985041912304741,126.08536477500685,1.0218234223058018,1.5284266564608717,0.010842814606199333,2.6337449328011577,3.823310194899004
2.0,4.0,3.0,0.9587007270548586,122.7136930630219,1.0240212101052382,1.7534791761612796,0.005640892329169566,3.6138064362776388,3.7634585544186865
2.0,4.0,4.0,0.9358696129400372,119.79131045632477,0.9843803127648805,1.9456148263772282,0.03396965380105075,4.446107215510065,3.035473450500251
2.0,4.0,5.0,0.7041527231757804,90.13154856649989,0.9573616646149903,3.3283877165597717,0.003988714998143648,0.474828940874174,2.1057058114330838
2.0,4.0,6.0,0.722982900011486,92.54181120147021,0.9252833332381374,3.6750848868764807,0.005698358163339391,1.3099016248255384,2.2311497776191938
2.0,4.0,7.0,0.6971142897826934,89.23062909218476,0.9869245464212659,4.629901410398094,0.013452639863801234,-2.0151333563741995,2.178467314557562
2.0,4.0,8.0,0.7072701960497527,90.53058509436835,0.9572228266515029,3.3739723818035796,0.01593759858383347,4.803143463604575,2.9220265539364587
2.0,4.0,9.0,0.44848437779919537,57.40600035829701,1.1176734536720172,12.212535883640065,0.06903389784675848,1.3413256943761982,1.901194830933596
2.0,4.0,10.0,0.4148926820411628,53.10626330126884,1.1335743559227223,9.19878808054006,0.011144379849331,0.5358403728311549,2.462595064899678
2.0,4.0,11.0,0.5121384905069111,65.55372678488462,0.8419240546470418,4.1814152033681165,0.01496242578041385,1.7422889834078077,1.8717655883746986
2.0,4.0,12.0,0.41876287767688425,53.601648342641184,0.7774080472111697,5.134640093940212,0.0024570703084132515,0.7286045071753245,1.6958639804731643
2.0,4.0,13.0,0.47226293577103734,60.44965577869278,0.9830816046090343,6.024274345516692,0.006167435899342155,0.1012396971064859,1.636446523751337
2.0,4.0,14.0,0.2665434646270539,34.1175634722629,0.9768098848241188,12.467919488394763,0.018809031993509313,-1.1393520288699022,1.950656936113131
2.0,4.0,15.0,0.4649332036945478,59.51145007290212,1.060492285819115,6.4266979259906165,0.015658957515636382,3.791740465643759,2.804082366241587
2.0,4.0,16.0,0.23030088653359965,29.478513476300755,1.0610514807550713,17.814284634754305,0.11492433213401598,-5.389625721391399,1.3421230600390852
2.0,5.0,1.0,1.0,128.0,1.0,1.0,0.008688579267175619,3.124397722228153,4.789240268323893
2.0,5.0,2.0,0.938601602421136,120.14100510990541,0.9911841966552618,2.0599303971317346,0.004164109392010508,0.4951404822884098,3.1956578558609903
2.0,5.0,3.0,0.9085860655127186,116.29901638562798,1.003919232077825,2.1907935429374823,0.020475381499969872,4.807250993631815,3.0397508034168235
2.0,5.0,4.0,0.6930836927299979,88.71471266943973,0.8587388532014681,3.9499532464379548,0.0017052005696818842,-0.029930548127511353,1.651057690503523
2.0,5.0,5.0,0.7564700741169166,96.82816948696532,0.9366658959761237,5.116538942463097,0.06321419564102385,-6.011086620118807,1.7356754840611366
2.0,5.0,6.0,0.8205236014164564,105.02702098130642,0.9990187512620066,4.127530288437243,0.028769094549254554,-0.7897017671359498,4.623363091477864
2.0,5.0,7.0,0.7434563101799501,95.16240770303361,0.9444705394312676,3.400447712415996,0.012969695018050321,0.25926591593046167,5.425256923554131
2.0,5.0,8.0,0.47941400502779596,61.36499264355788,1.0301420843705817,11.31782307764375,0.02103417593922801,-0.08889166995810377,5.155463251418078
2.0,5.0,9.0,0.6789859507838036,86.91020170032687,1.0453711480943544,5.389525641911859,0.05153068853735025,9.892210113273817,4.739292237557231
2.0,5.0,10.0,0.6716668460625018,85.97335629600023,1.0292593625626116,4.879128445158162,0.005981638106199499,-0.4330843208528357,1.6823283424604252
2.0,5.0,11.0,0.7791926563119703,99.7366600079322,0.976031165690804,4.792964587832082,0.007342561919600648,2.0746015661481145,1.9714333190222098
2.0,5.0,12.0,0.5717073215548186,73.17853715901678,0.9838956686322627,4.717472918794057,0.0012449803569876514,0.0,1.4416947108372178
2.0,5.0,13.0,0.4961139794325964,63.50258936737234,1.0685581304564247,10.673853702660827,0.014470387817631401,-0.16857407401309074,1.4416947108372178
2.0,5.0,14.0,0.6525655847126645,83.52839484322105,1.0105410328702096,7.163172515823535,0.024997428030674635,-0.9499574220872239,1.5052029211773255
2.0,5.0,15.0,0.6503680031528405,83.24710440356358,1.0287150197515116,5.274563342139282,0.0020981614151231393,0.7170069967325511,2.1189036282615366
2.0,5.0,16.0,0.6130312316345004,78.46799764921604,1.0916301896724052,6.3736775566520505,0.004311798312882894,1.817054210443641,1.9125637738561063
2.0,6.0,1.0,1.0,128.0,1.0,1.0,0.008258956855297272,-0.8245233404765914,1.422846410833348
2.0,6.0,2.0,0.9341158787637062,119.56683248175439,0.963024938313519,1.7009084561701868,0.002042477183639615,0.5200284425198443,1.9383283141656704
2.0,6.0,3.0,0.9128884458794827,116.84972107257379,1.0126233734365528,2.4206201082759016,0.02587309309365194,-2.663360945020083,1.8125710455627924
2.0,6.0,4.0,0.7747321893812464,99.16572024079954,0.9861195611312085,2.458131316510582,0.008403683654484179,2.785229562829195,3.005787250411733
2.0,6.0,5.0,0.7135772046774819,91.33788219871768,1.0980851566648437,4.68477779585559,0.031444128141226796,-1.077464930471948,2.228211094369947
2.0,6.0,6.0,0.6478508403198188,82.9249075609368,1.004017860497655,5.685390653097692,0.004730481420926886,0.7759677120932545,1.7594207371016204
2.0,6.0,7.0,0.5591444714859611,71.57049235020303,0.9281692535355088,5.796207580622364,0.0013824122017589272,0.0,1.6427967798898964
2.0,6.0,8.0,0.804050837939859,102.91850725630195,1.0346984633496359,2.8301509235194215,0.043242046350295674,-0.6183242371819907,1.6427967798898964
2.0,6.0,9.0,0.6446771980172749,82.51868134621118,1.076289672152774,6.3156904479858476,0.0034164489954357745,0.8656251686763278,2.6728817024009515
2.0,6.0,10.0,0.7632535198067769,97.69645053526745,1.0230857674559357,4.276734288424959,0.004152274531748916,-0.515811965945945,2.504557156100226
2.0,6.0,11.0,0.576077852478927,73.73796511730265,1.0647819254010216,7.837932749241148,0.07176731619781694,3.897705735521885,2.689149281144355
2.0,6.0,12.0,0.8239921918907712,105.47100056201872,1.0570497973186592,2.7990084978080434,0.016099943380358365,1.7382640461716332,1.8543095507956493
2.0,6.0,13.0,0.8732604916608591,111.77734293258996,0.911646424287387,2.8969713066529197,0.0019826761561676474,0.8168129084345381,1.3221848055662386
2.0,6.0,14.0,0.8785521261791313,112.4546721509288,1.0006292501384673,2.7759701283590386,0.005475369732515383,-0.4732258430028318,1.060178249405543
2.0,6.0,15.0,0.7085503126633362,90.69444002090704,0.9913264078504443,4.736045755408207,0.024435405063766465,1.297078404530623,1.279102979889525
2.0,6.0,16.0,0.8743081051446935,111.91143745852077,1.0601250926614183,2.353061404345465,0.006542345886621415,0.22742152478646274,1.1849992406446057
2.0,7.0,1.0,1.0,128.0,1.0,1.0,0.007491354500667932,-0.9251954606597609,1.2491613716966605
2.0,7.0,2.0,0.968326354145363,123.94577333060647,0.9963945953797322,1.4391629977938647,0.007946285876565302,-0.6484859015368911,1.7385526891418863
2.0,7.0,3.0,0.9584174010904752,122.67742733958083,1.0011260264286221,1.6333426678008502,0.002218966453070144,0.0,2.2839144814494556
2.0,7.0,4.0,0.9404175412078806,120.37344527460871,1.0205217894719893,1.879284408394881,0.007376470963616401,2.6007009601906907,2.2839144814494556
2.0,7.0,5.0,0.895494385446413,114.62328133714087,0.9981619560606552,2.6642646341972465,0.005908619915129622,0.2446366813162029,1.1605692836089723
2.0,7.0,6.0,0.9717520351334672,124.3842604970838,1.0109237385871253,1.9930112788234065,0.012733745491055786,0.45260359044484744,1.1208753415222275
2.0,7.0,7.0,0.9031574067859861,115.60414806860622,1.0149251741544043,2.687125135554521,0.035573246170235794,-0.23367299436951247,1.2484694480002068
2.0,7.0,8.0,0.7227334261947703,92.5098785529306,1.0064942487804711,6.293623028727379,0.017831077226028027,0.4719098644656675,1.029410163460874
2.0,7.0,9.0,0.6578933450649022,84.21034816830748,1.1091204259945866,6.343779183153826,0.0012140263451613396,0.06713307246037423,1.1574544851575579
2.0,7.0,10.0,0.8060038191709712,103.16848885388431,1.000344673020095,5.054685756713029,0.008556096402638269,-0.3701267379054832,1.1626778854247086
2.0,7.0,11.0,0.4141524342961064,53.011511589901616,1.0301039782647352,13.28217421586342,0.01273408611367937,-0.9459603989718772,1.5155908416391177
2.0,7.0,12.0,0.5766828515464744,73.81540499794872,1.122994330535303,4.510841765584803,0.0017464978932006771,0.0,1.8399572619539446
2.0,7.0,13.0,0.6929719240406912,88.70040627720847,1.0350505619991561,5.07270040253424,0.033177561188674806,1.0175976172655476,1.8399572619539446
2.0,7.0,14.0,0.7817640891398214,100.06580340989714,1.0335367816499816,2.501991089194301,0.0021077372674439417,2.0462152151421713,1.800964843929673
2.0,7.0,15.0,0.9273665042570318,118.70291254490007,1.0159852830287956,2.3990308478662663,0.005233853203968202,1.089648409574071,1.0979622730974132
2.0,7.0,16.0,0.9641273089385283,123.40829554413162,1.0330506134573731,1.9515426632326984,0.012696919595619579,0.8434721567741609,0.7937189122233583
2.0,8.0,1.0,1.0,128.0,1.0,1.0,0.0026276283293280443,-0.32659287990717084,0.5760439781129537
2.0,8.0,2.0,0.9957670605824035,127.45818375454765,0.9965853106063074,1.0923430725583358,0.007990248136037045,-0.08379363425740222,0.7205726592824063
2.0,8.0,3.0,0.9679551070453986,123.89825370181102,0.9769827904777943,1.4645591325852128,0.012697502896720305,1.2620338337512575,0.8546318603973836
2.0,8.0,4.0,0.9369980285681958,119.93574765672906,1.03309872778356,2.1217259580524046,0.02660044857572891,-0.07486538839760955,0.5091637637126282
2.0,8.0,5.0,0.8639907428456866,110.59081508424788,0.9951393859389048,2.378873935665959,0.017161729106923596,0.15257149031944076,0.7272591239795257
2.0,8.0,6.0,0.5145664224806696,65.86450207752571,1.0353482671265934,9.924509129772431,0.0049127955348738095,0.6909313872652542,0.5288395384823027
2.0,8.0,7.0,0.8969570456733236,114.81050184618542,0.9870579385900238,2.575639691657401,0.0034514253283886498,-0.17653343166559696,0.5053758274825976
2.0,8.0,8.0,0.9109231064120171,116.59815762073819,1.0224843930729088,1.7436910743669018,0.01833528739849203,-0.5396352504932238,0.6103753024919726
2.0,8.0,9.0,0.8574290514985321,109.75091859181211,0.9489759491501102,2.7230899344200665,0.015372229186166542,1.2443592175764886,0.9453469575092551
2.0,8.0,10.0,0.944901134582709,120.94734522658675,1.0274199365081407,2.3614680214980117,0.019233566661985797,0.2637491399595003,0.6880063378815175
2.0,8.0,11.0,0.8847456522426954,113.24744348706501,0.9604430953971586,2.784119177695971,0.0035053508146677902,0.259517651500175,0.6229396057695785
2.0,8.0,12.0,0.730441742719533,93.49654306810022,0.9723475541485498,3.6641432616109433,0.0006101699698437908,0.0,0.6118631616242466
2.0,8.0,13.0,0.8196102288713093,104.91010929552759,1.0357789795997827,2.940962941469715,0.010780298431777142,0.34498396995485614,0.6118631616242466
2.0,8.0,14.0,0.9545779569759091,122.18597849291636,1.0121828905760464,1.4793695717481112,0.019907746428058926,0.41106426108940247,0.6297398816380848
2.0,8.0,15.0,0.7283993757245733,93.23512009274538,0.9426539762875955,5.032050992404185,0.0051036783200451635,0.4013612272911388,0.5880475824582473
2.0,8.0,16.0,0.8618435983115291,110.31598058387573,1.0085874439764537,2.6075457740224333,0.009623408884891448,0.35969957008526626,0.5392002660973537
3.0,1.0,1.0,1.0,128.0,1.0,1.0,0.011005441066862673,4.112687030742235,4.9370225778923835
3.0,1.0,2.0,0.8728486985916712,111.72463341973392,0.9869338540686794,2.6982794738831837,0.003935146846514519,7.348416297163282,5.338734822953754
3.0,1.0,3.0,0.7573879636207392,96.94565934345462,1.0128019193233673,4.627341985327714,0.007816540774293168,-0.7867752625471344,4.670274771368037
3.0,1.0,4.0,0.8624022865205598,110.38749267463166,0.9991655647714555,2.2722342346859756,0.004665377476202199,2.90116911623508,4.641501119102282
3.0,1.0,5.0,0.65957913897682,84.42612978903296,1.0219524397127482,6.027675306184208,0.005064580972705231,3.8467534778096404,4.527965821795952
3.0,1.0,6.0,0.6619965886228195,84.7355633437209,1.0725298043161704,7.190809515600983,0.022547120054788303,0.6277032303766343,4.3929825136281115
3.0,1.0,7.0,0.6180054528125967,79.10469796001237,1.0877387128360776,8.445300946441085,0.01651596385455291,2.893237659408198,4.427390675513029
3.0,1.0,8.0,0.6090489033748536,77.95825963198126,0.9398629394076126,4.307401991750076,0.015005933035303077,-5.790075522327716,4.416100280873139
3.0,1.0,9.0,0.638899523974395,81.77913906872256,1.0094833543196415,5.360108022050392,0.011090298242466243,-0.8420877721288922,4.964810143241327
3.0,1.0,10.0,0.49179022767705516,62.94914914266306,0.9070875233258229,6.4941481262116065,0.029646749698054975,0.7237714483901857,4.776442272168189
3.0,1.0,11.0,0.3406318827939606,43.60088099762696,0.8832168610831924,7.612796849470039,0.028123243883036973,-1.400992276552922,4.1867801775699585
3.0,1.0,12.0,0.44844073772053344,57.40041442822828,0.9050345162254577,5.1389606657987486,0.040517840147278834,-6.587082467514639,5.103165157501559
3.0,1.0,13.0,0.3502661098790048,44.834062064512615,1.05995087591311,11.314357948802675,0.008344888434531773,-1.7477336633831675,5.484783302392044
3.0,1.0,14.0,0.20673815565820147,26.46248392424979,0.8375117005578847,12.261954035644555,0.007020433081911237,3.4141908719140126,5.074753639427017
3.0,1.0,15.0,0.20186423595649364,25.838622202431186,0.6584914309451395,11.545654408854812,0.0038211936802515166,-1.191666292918362,5.010864392791615
3.0,1.0,16.0,0.3310772476958043,42.37788770506295,0.6406227737086778,5.470740995272762,0.008437914173500875,3.6363907386448915,5.314100177306312
3.0,2.0,1.0,1.0,128.0,1.0,1.0,0.013350187544066286,3.521501936331407,5.240651916808245
3.0,2.0,2.0,0.8699874140902578,111.358389003553,1.037807872357911,2.663246459908613,0.010862848123026387,5.423802540614801,5.60245791805456
3.0,2.0,3.0,0.7111432865590342,91.02634067955638,1.0926473345708025,5.3753755398649,0.020084525162614057,10.030780398579035,5.687380578964576
3.0,2.0,4.0,0.5492715756820135,70.30676168729772,1.0558928220609203,5.656660271212504,0.012029947432688131,5.963744676627301,4.585572336304121
3.0,2.0,5.0,0.359437181383252,46.00795921705625,1.0157074709206935,8.233698253319627,0.04352302716099254,7.2674774408561635,4.423706105696539
3.0,2.0,6.0,0.19917267046014914,25.49410181889909,0.8582152482689391,15.763728552291553,0.0294576326795016,0.6399662579457517,4.271801595114897
3.0,2.0,7.0,0.17698902697140909,22.654595452340363,0.46147926255472715,7.011558328511608,0.01756607744458066,0.9112620147991041,5.518222430301545
3.0,2.0,8.0,0.09453576544571765,12.10057797705186,0.5460173766906157,15.819683400118963,0.002524019653437893,2.103606959755198,5.778744153981809
3.0,2.0,9.0,0.30099752913925765,38.52768372982498,0.6917353653213383,5.347812005651018,0.003330181301960626,4.542592869587629,5.691703172796734
3.0,2.0,10.0,0.04840848436001763,6.196285998082256,0.6205577648001284,29.58382993652837,0.006205510066841007,0.16559008598620323,4.60182305075512
3.0,2.0,11.0,0.08422499371805578,10.78079919591114,1.031050788424187,34.49948738299355,0.05159054379522851,-10.332545184665046,4.575477300752807
3.0,2.0,12.0,0.06198721015813225,7.934362900240928,1.426651900827499,53.925069177256354,0.01694550398380935,5.594737496381282,10.932450096021386
3.0,2.0,13.0,0.04288540667647217,5.489332054588438,0.6686804398378753,34.92751302375978,0.008698239288039786,2.7300904755844653,10.665398221493563
3.0,2.0,14.0,0.2865512505138771,36.67856006577627,0.5768346663026803,5.805254842947636,0.010671838153806006,-0.32481597616435715,10.120245759551004
3.0,2.0,15.0,0.1395409638924373,17.861243378231975,0.5348705446431159,10.200020121080259,0.02022214991643715,4.691546017437969,10.080747095830947
3.0,2.0,16.0,0.01722669051384206,2.2050163857717835,1.2316806397151352,104.73075246701764,0.004891791149755098,-0.0007800892310340955,9.060637683882408
3.0,3.0,1.0,1.0,128.0,1.0,1.0,0.009862799472524325,5.307085569022625,9.061722038466392
3.0,3.0,2.0,0.8776889583581756,112.34418666984648,1.0468442050501217,2.3484352531471635,0.021018935684451838,8.457537785394347,6.985739838116197
3.0,3.0,3.0,0.6288969069251741,80.49880408642228,1.0439533483587617,5.681823937158158,0.012782644535956065,1.8764432809137812,4.54852294186211
3.0,3.0,4.0,0.6004234834910611,76.85420588685582,0.9699379233740669,4.0746565449173655,0.02657233129315277,4.737649093806741,4.050702374596203
3.0,3.0,5.0,0.30223396210105047,38.68594714893446,1.1872482292006443,11.451821655675436,0.015475117023906228,0.4821751230296377,3.4341735368475157
3.0,3.0,6.0,0.13076562634046898,16.73800017158003,1.2408075117888735,30.413891187026262,0.32522777636810263,-34.43573680873111,3.6830909095342137
3.0,3.0,7.0,0.1578681877163821,20.20712802769691,0.9579648817385908,15.83533355052872,0.043961809181610155,23.90395268221419,24.490997812862453
3.0,3.0,8.0,0.16839376125532318,21.554401440681367,0.8871997444117015,18.81697080750223,0.012447650572279853,4.669917254122087,16.294985910034548
3.0,3.0,9.0,0.0469020025168104,6.003456322151731,1.1859238763770776,56.83089868615972,0.008562608618214711,2.0560357779703926,13.767623996194466
3.0,3.0,10.0,0.08266650777907081,10.581312995721063,1.0831141174066896,26.865505529219504,0.12613978599058023,-10.547377674030534,13.85861204900713
3.0,3.0,11.0,0.15033471713310284,19.242843793037164,1.2126624515572182,27.088118480022423,0.13665907470151872,13.288214359404373,16.64719662161661
3.0,3.0,12.0,0.14565818105695574,18.644247175290335,0.6282779176531936,13.438889336957178,0.023234007581508523,-4.465300492186747,8.67538825014379
3.0,3.0,13.0,0.15542293249303346,19.894135359108283,0.9439761951342203,17.90754441646646,0.04643919132700261,-2.336733842205647,10.289611718135609
3.0,3.0,14.0,0.23066435782619574,29.525037801753054,0.8120214099419444,8.292672723045753,0.045792065954361263,5.949149544403353,9.826700978763288
3.0,3.0,15.0,0.2062168089302305,26.395751543069505,0.7596889123997151,12.209467647309886,0.03826542056703036,4.382954414265381,9.49438118181485
3.0,3.0,16.0,0.10726056252321994,13.729352002972153,0.9905587097628046,22.49254348020589,0.39374596745535506,-15.813617025371869,8.17522031373748
3.0,4.0,1.0,1.0,128.0,1.0,1.0,0.01149792674510782,12.57259691525256,15.920824530491643
3.0,4.0,2.0,0.823958306670247,105.46666325379162,0.966995562813983,2.2789066344738447,0.007291558864869964,3.77247746671617,9.779686065877625
3.0,4.0,3.0,0.8460627017643755,108.29602582584006,0.9832378071641104,3.773466045314887,0.015360260203669231,12.349268940740505,8.125531367776906
3.0,4.0,4.0,0.41518561407217286,53.143758601238126,1.0587089456264371,12.320494932411266,0.00762519904387225,5.462166714076394,6.3480844450325336
3.0,4.0,5.0,0.4870139913417831,62.337790891748234,0.931172670467572,6.897683652079994,0.005968482155707161,1.3349161370922553,5.875313657292532
3.0,4.0,6.0,0.3542497415902534,45.343966923552436,1.0250425023684624,10.061203435814592,0.01352385198890009,2.3574553937566938,5.439768439421723
3.0,4.0,7.0,0.3051376574664291,39.05762015570293,1.1774618087616067,12.574144033815836,0.03356928592689876,4.327009230098658,4.63613796889715
3.0,4.0,8.0,0.20990610393090625,26.867981303156,0.9554203556607145,14.7497466601864,0.0032448564935894323,1.0349138085338219,4.297416350210131
3.0,4.0,9.0,0.34710245850778404,44.42911468899636,1.0086759435106378,9.135704883184959,0.0047167464901418975,2.7207110347761856,4.1254625117196095
3.0,4.0,10.0,0.4209960063663214,53.88748881488914,0.7982199730012796,7.923461098895137,0.03396112341949412,-2.643926713908857,3.4635885303004175
3.0,4.0,11.0,0.2610116250451793,33.40948800578295,0.7335282769964095,9.435818234188126,0.00819924985472686,0.08331627290976909,3.705899465881367
3.0,4.0,12.0,0.2800009428607983,35.84012068618218,0.9142959189900226,10.170680449864337,0.027745396027440493,8.894065193415171,3.336729739009469
3.0,4.0,13.0,0.3453369562081426,44.20313039464225,0.7544966988450534,6.489430095280035,0.009367153410454987,-1.5167918221477144,3.1927361251714843
3.0,4.0,14.0,0.3873375825173496,49.57921056222075,1.0288971463055616,8.96474320418627,0.008388467109757762,1.7228569184255553,3.4217168214263722
3.0,4.0,15.0,0.17426542690347027,22.305974643644195,1.0528518488200234,19.90023132868632,0.03246759316333815,3.0047784939336015,3.034795322852708
3.0,4.0,16.0,0.12752797828030502,16.323581219879042,0.8695444182856473,24.477754333746276,0.014424143257221684,-1.0708030108911621,3.397203953477874
3.0,5.0,1.0,1.0,128.0,1.0,1.0,0.03181116551587457,8.884025377034376,3.1879271241405176
3.0,5.0,2.0,0.7017843614937599,89.82839827120127,1.0716713294893865,5.403573862693041,0.0313799707120022,0.7768552690047789,2.8222931560533095
3.0,5.0,3.0,0.6198588599661903,79.34193407567236,0.8803711379751946,4.080552962457129,0.008201238388135813,0.4996432985729078,3.4918320907078013
3.0,5.0,4.0,0.5246793518982571,67.15895704297691,1.094863392637159,4.8414399630707,0.01301420009073568,5.108441953044801,3.2970168215075213
3.0,5.0,5.0,0.5424918684104006,69.43895915653128,0.8985717862402098,5.588178765912751,0.015959160239751947,0.4347338578111229,2.0847251374233298
3.0,5.0,6.0,0.4550355738330317,58.24455345062806,0.7796950054104362,5.388674521295817,0.010516442866898422,1.8866072604824446,2.376497911849673
3.0,5.0,7.0,0.1774907289520106,22.718813305857356,0.991854265021249,19.95490957950132,0.0083149657539991,-0.45599944184024227,1.8809902882575973
3.0,5.0,8.0,0.43340627534259085,55.47600324385163,0.9207359385361666,6.080132537870498,0.018482551748442676,2.24303035065898,2.2148697304566087
3.0,5.0,9.0,0.329167152144313,42.13339547447207,1.1084059631206955,11.312099612460075,0.0065298882512408,0.015369876258466442,1.8720619872700655
3.0,5.0,10.0,0.23862764536783612,30.544338607083024,0.8603778629053704,13.014152036911268,0.06000315750470351,-5.2510049144514,2.227734317272974
3.0,5.0,11.0,0.09042909284914656,11.57492388469076,0.7806476866530099,19.69507529299714,0.04670301274880423,-2.91164390913697,5.439220662029993
3.0,5.0,12.0,0.2220439632559944,28.421627296767284,0.8112585322101008,8.459171242056819,0.0691207914739065,-1.221359571267625,5.464235750409451
3.0,5.0,13.0,0.18863370415144876,24.14511413138544,1.2142624305336298,20.658816671159066,0.24434371887158338,-6.740182049641278,6.326946902088123
3.0,5.0,14.0,0.14135453465439987,18.093380435763184,0.8281271434614914,16.519569017064004,0.028603677327034102,1.9598638258914713,4.250880895677852
3.0,5.0,15.0,0.09216050400514618,11.796544512658711,0.25033085158267543,3.684297534722892,0.006701376961555219,0.9093013148386844,3.711150901494375
3.0,5.0,16.0,0.034768326187628214,4.450345752016411,0.774144761742032,44.07859977638138,0.2391877276504074,-29.05196829322806,3.5459717565770688
3.0,6.0,1.0,1.0,128.0,1.0,1.0,0.011319043463813256,11.825078646088384,16.193930419380344
3.0,6.0,2.0,0.8645796560934111,110.66619597995663,1.0506053125852497,3.5516130258428946,0.009234220484519742,3.9640863249988176,10.804909962637202
3.0,6.0,3.0,0.5698523232457772,72.94109737545948,1.1209050636866706,8.474331822986997,0.008595192870689088,1.1483862343959323,9.939647418998064
3.0,6.0,4.0,0.6241517112981773,79.89141904616669,0.9455551432980204,4.951263106973743,0.011089378561059637,1.07651335641063,9.646388050109099
3.0,6.0,5.0,0.5756369373015984,73.68152797460459,1.0438075309784396,8.654820119546585,0.02953804067368097,2.47666155013514,8.794709884851272
3.0,6.0,6.0,0.5999163906619847,76.78929800473404,0.9908902910690442,4.503506138361152,0.008614818382909933,13.043407602876256,10.856691209059697
3.0,6.0,7.0,0.2580510059587977,33.03052876272611,1.1123636339963325,16.29129345612701,0.05140699946511901,6.505097803656442,7.866849583992435
3.0,6.0,8.0,0.5269884337131184,67.45451951527916,0.9519246551373033,4.815647763114158,0.021904192922203886,1.985267002161484,5.338907439559004
3.0,6.0,9.0,0.4869965449633922,62.3355577553142,1.0066901307729306,5.655663636760819,0.024971726160030953,6.063195546716874,3.7919581453194477
3.0,6.0,10.0,0.21993648006544866,28.15186944837743,1.2464446380986325,16.042903832947356,0.005601279735963266,3.6171218452232914,2.6629776946293533
3.0,6.0,11.0,0.10576161413111539,13.53748660878277,1.182387286778134,28.99374304835551,0.010687184241263224,0.13094055455987774,2.3597161295599913
3.0,6.0,12.0,0.45520346341648815,58.26604331731048,0.7579415348703881,5.312306301972141,0.006719843492077345,0.6288613616858192,2.4321533544869935
3.0,6.0,13.0,0.19112565327813605,24.464083619601414,1.1610172747220002,16.27866813207291,0.05087741187711697,-1.4522161782101082,2.685434709684671
3.0,6.0,14.0,0.4202740151049731,53.795073933436555,0.8465914750348115,6.541486173216913,0.008935501907905938,-0.2692741128087378,3.3846959213548837
3.0,6.0,15.0,0.2261897276360539,28.9522851374149,0.7083399695032573,7.668323838736457,0.011319837372695027,0.6660740692434275,3.812081887976152
3.0,6.0,16.0,0.11063334280789117,14.16106787941007,1.3266609472342061,39.50537501372964,0.018820829080416757,-2.2802555583602055,3.104263747920874
3.0,7.0,1.0,1.0,128.0,1.0,1.0,0.012933238807272814,0.9830202454170476,3.253092681025434
3.0,7.0,2.0,0.8794946765917708,112.57531860374667,1.033255409006621,2.459173715175972,0.020509425163143705,1.6857933107609628,3.861699350062917
3.0,7.0,3.0,0.8471210767645251,108.43149782585921,0.9965163819519739,3.2572973843936017,0.014334600718036177,4.105232913167954,3.505674198410423
3.0,7.0,4.0,0.8157922628608605,104.42140964619014,0.9657368560551614,2.7981571309380184,0.039053747466489375,2.08179819656497,3.021885329296253
3.0,7.0,5.0,0.7931716836179693,101.52597550310007,0.9555059933478676,3.478348278067483,0.027280759780676504,-3.239085604677372,3.250443064043669
3.0,7.0,6.0,0.6198212577266953,79.337120989017,1.0449152662647356,5.616645184644942,0.013211636852582778,4.0245922944253785,3.8967034219334153
3.0,7.0,7.0,0.6193265470076819,79.27379801698328,0.8896819235455725,5.923256603324597,0.012321982580530372,2.496265780019733,2.926817250755932
3.0,7.0,8.0,0.659195383302952,84.37700906277786,0.9964127940386153,3.104988092067724,0.020124955078043953,-0.1989866759898783,2.179855280973629
3.0,7.0,9.0,0.33187368292566183,42.479831414484714,0.8769523734517946,8.678828349471312,0.04788258918140382,-2.3175030814443174,3.154740233815439
3.0,7.0,10.0,0.43645082125558227,55.86570512071453,1.0548470916270414,9.375750173734232,0.035853059269599946,1.7787778722189047,4.5035283789790945
3.0,7.0,11.0,0.4423341436662763,56.61877038928337,0.96846580439574,9.401524203973521,0.029098130839732804,-2.6985703231089895,4.066587447773034
3.0,7.0,12.0,0.3675882207475535,47.051292255686846,0.6793164532381859,6.28183041045938,0.05037572502398441,-6.448624649879227,5.2245173406130005
3.0,7.0,13.0,0.3275068222205687,41.920873244232794,1.0051332064406093,10.109526236991629,0.06274197054920518,1.7122302251268653,6.645887431888837
3.0,7.0,14.0,0.558327076910938,71.46586584460006,0.9129875459025276,5.13488235273902,0.009328852218839955,0.7719726029835344,6.483095156872686
3.0,7.0,15.0,0.5333088309143879,68.26353035704165,1.0376447634492636,4.771600314731402,0.02221205320727332,9.231221274945925,6.098897696511665
3.0,7.0,16.0,0.5324969063363578,68.1596040110538,0.9924360501037353,8.36069650354284,0.011145388658076114,1.461955299378278,3.2953075711182485
3.0,8.0,1.0,1.0,128.0,1.0,1.0,0.018597092617683813,2.0109190430145687,2.9201940713107173
3.0,8.0,2.0,0.9232396037816372,118.17466928404956,0.9857826571167783,2.2081927297438737,0.021386890057014822,3.586012635919868,2.482286583606397
3.0,8.0,3.0,0.6563072973174353,84.00733405663172,1.0270313417501988,4.619493916181065,0.013639238508007901,-0.5794742602662066,1.5404323011012795
3.0,8.0,4.0,0.6894037046466414,88.2436741947701,1.1147436715231274,5.018448699478278,0.02121757224495772,-2.3905252486668735,1.5886816579327194
3.0,8.0,5.0,0.7298786355740713,93.42446535348112,0.9793152227396008,3.479018660755608,0.020207985564116425,0.3797721915695231,2.313092997621183
3.0,8.0,6.0,0.7219826198259129,92.41377533771686,0.9660231962117278,4.12712696158004,0.013317536663038332,-1.0304892509676495,2.771939107762179
3.0,8.0,7.0,0.6721052577315543,86.02947298963895,1.0589673584019974,4.575189961121048,0.021219892826971953,3.896326400004341,3.3477157304279928
3.0,8.0,8.0,0.7171576676807057,91.79618146313032,1.0329315535409336,4.546086023492103,0.033896648892152555,-1.0967569379871418,2.0904692197997274
3.0,8.0,9.0,0.6677749524636284,85.47519391534443,1.0559624398836176,5.731381416063067,0.057057234159300904,-0.43103092739522797,3.0430841581994206
3.0,8.0,10.0,0.5222555520128085,66.84871065763949,0.9888310631468138,6.094952648280099,0.011392258332341436,3.520381130818558,3.267346637591467
3.0,8.0,11.0,0.5193221163669614,66.47323089497105,0.9370241512883946,6.125832297061047,0.013604568192950743,0.7753701839291415,2.1873788098798244
3.0,8.0,12.0,0.3598478246643132,46.06052155703209,1.0023605255194634,11.317408243597185,0.014834124454805392,1.184048058694071,1.9466052591346104
3.0,8.0,13.0,0.5215811324510798,66.76238495373822,0.7835759404359502,5.544038419501711,0.0062160078063522636,0.3079833836246704,1.4990445962201353
3.0,8.0,14.0,0.3263958639700577,41.77867058816739,0.7718534678989464,9.6423496531487,0.017827269716283928,-1.588803324990537,1.3431819568554388
3.0,8.0,15.0,0.6007516594912765,76.8962124148834,0.9462205841818119,4.554970201157582,0.014431618934443285,0.4990582267510604,2.17318784105823
3.0,8.0,16.0,0.4638838135744143,59.377128137525034,1.0256084465521316,6.129780624583696,0.017279378053756234,-1.3074197699859038,1.8039925224214621
4.0,1.0,1.0,1.0,128.0,1.0,1.0,0.018592944983775568,13.41295306997529,4.9370225778923835
4.0,1.0,2.0,0.8182416134534896,104.73492652204666,0.8671311190247928,2.702722754389804,0.005652772454500401,2.729591609175776,4.108379085765766
4.0,1.0,3.0,0.8119451806857577,103.92898312777699,0.9447565754787474,3.438342635918281,0.006764167003633573,5.584539327419582,4.383932942276966
4.0,1.0,4.0,0.6443967221514746,82.48278043538875,1.0359082630440608,4.213786509382344,0.008189222076762788,1.4115295222092918,4.040867410373684
4.0,1.0,5.0,0.622543023493964,79.68550700722739,1.0600317709848739,7.067058939793031,0.007444332837934496,1.9543953572058168,3.953757752449205
4.0,1.0,6.0,0.6337043622803159,81.11415837188044,0.9400819976991062,3.6082974997094244,0.012229346509136207,3.5329325417094646,4.469562605001397
4.0,1.0,7.0,0.7483417885963191,95.78774894032884,1.0794502197873974,3.237446772103673,0.017289778798177596,7.047013875988794,3.7649535348517067
4.0,1.0,8.0,0.4079292445874658,52.214943307195625,0.9567649059332385,6.512546256168555,0.0033594778323685075,1.1113200995000079,3.3445684027541405
4.0,1.0,9.0,0.08380198877310675,10.726654562957664,1.471431746490943,54.031141442802046,0.03287580925970447,-2.223679329538861,3.274204886959684
4.0,1.0,10.0,0.12612881574080165,16.14448841482261,1.2055445544078416,35.5553665222801,0.032271829953973104,-0.8271743127620604,3.9262658953237084
4.0,1.0,11.0,0.41172711818845215,52.701071128121875,0.8142024619220652,6.3256158884385485,0.004143659094566131,2.1778193403702764,5.06942846236378
4.0,1.0,12.0,0.28259515520708406,36.17217986650676,1.1279187433383862,18.13047692542382,0.05184790525634912,-4.0601842537388135,4.36159582813877
4.0,1.0,13.0,0.2811899496573392,35.992313556139415,1.1240029468631918,13.98037097252067,0.02112339622543505,10.670240411376632,6.84490930241406
4.0,1.0,14.0,0.2047368914324401,26.20632210335233,1.230288899462167,20.980098017105938,0.015714308588221475,4.372643316340995,4.182610385091859
4.0,1.0,15.0,0.2957821076609926,37.860109780607054,0.9187437598339193,8.450138618843672,0.012230766848769198,-0.5642412005060461,3.9566023794532836
4.0,1.0,16.0,0.31385727423626103,40.17373110224141,0.8993533295329019,10.148747304660919,0.030185979252476965,4.604197763721471,4.525018552327946
4.0,2.0,1.0,1.0,128.0,1.0,1.0,0.00889824171804633,3.301738281348012,4.143665633303304
4.0,2.0,2.0,0.9251074013515626,118.413747373,0.9995001485697674,1.9507724878176353,0.0212224586756323,3.826364150574402,3.8062975976226614
4.0,2.0,3.0,0.7760786550975572,99.33806785248733,0.9983161061485613,3.986533403939008,0.007307001005603801,2.5239785606669756,2.8114502218058934
4.0,2.0,4.0,0.6896731824517242,88.27816735382069,0.9846860849732292,5.685865269752413,0.010201022252577185,0.6915208774642885,2.8248821012728533
4.0,2.0,5.0,0.8582980914727565,109.86215570851283,0.971219970727007,2.271654263225421,0.01618444377488238,2.4108785854619827,3.2661763304071583
4.0,2.0,6.0,0.5854648971268085,74.93950683223149,0.96334368830557,4.436410119398819,0.035112390834435445,-0.25795855530486883,2.714351393465249
4.0,2.0,7.0,0.5020908159638783,64.26762444337642,0.9576667993117374,7.009695232918111,0.005630438238647509,0.36546811119098566,2.530996512839199
4.0,2.0,8.0,0.39712210699072564,50.83162969481288,1.0176514924258862,11.060534320736608,0.03285588053325815,-0.7104717569992737,2.539217367682355
4.0,2.0,9.0,0.5110473270005786,65.41405785607407,0.8883025341918065,5.0377903259152035,0.007395998904874747,1.6803140863433215,4.200931447912852
4.0,2.0,10.0,0.544139920759254,69.64990985718451,0.9346328378716036,7.07971438032326,0.011683647734063343,2.3046970146359103,3.886172682540438
4.0,2.0,11.0,0.7414800323021824,94.90944413467935,1.0008710779409036,3.920973654926468,0.007456952725006303,1.8064669471657837,3.5799688469242303
4.0,2.0,12.0,0.5489602834197426,70.26691627772705,1.106760700765013,7.234091944454607,0.006419296736861889,-0.33530313551518115,3.187089565932816
4.0,2.0,13.0,0.6237011696659605,79.83374971724294,1.0462388589359155,4.319483985933338,0.017382396122601278,-2.073897288962843,3.455005199459257
4.0,2.0,14.0,0.6510256907047822,83.33128841021212,0.8510964295002637,2.982622442591903,0.026706161889644794,-3.1383685271133133,5.244650244634485
4.0,2.0,15.0,0.4907958332196848,62.82186665211965,0.8854822500498487,5.33901382521448,0.011239948168650881,5.875597100092133,6.110672761704681
4.0,2.0,16.0,0.6854462774328025,87.73712351139872,0.9125976245934169,3.0807360328328577,0.025732140350862284,5.6527882022163505,5.186083491089707
4.0,3.0,1.0,1.0,128.0,1.0,1.0,0.009932763459964003,0.7597307296420198,3.4980094343807937
4.0,3.0,2.0,0.9513333174679723,121.77066463590046,1.011013178268748,2.1832792862875543,0.019781135811978184,2.3249377148732653,3.5961599651265064
4.0,3.0,3.0,0.9148073172126714,117.09533660322194,0.9942776097913135,2.2864236910902758,0.009193554132975502,-0.3098646719647948,2.9296380997176055
4.0,3.0,4.0,0.9307952712320969,119.14179471770841,1.0016827229360539,2.1831282657183824,0.004796511356562635,2.7754883008304096,3.1554977071958175
4.0,3.0,5.0,0.938992516478252,120.19104210921626,1.0071282926254306,2.025445002404391,0.030077431108542385,-2.5679498291578944,2.6018478827740386
4.0,3.0,6.0,0.809420405167019,103.60581186137843,1.007267589469448,2.7312381771298586,0.049589878849772784,6.90723349246615,3.8905722183183458
4.0,3.0,7.0,0.5577705595114175,71.39463161746144,1.144687900777165,6.044826983847255,0.010474181687385942,-0.28471886266273166,3.0979147898578736
4.0,3.0,8.0,0.48901828671190745,62.59434069912415,1.0348797354516628,8.457734776810126,0.01305353512969492,2.158812426709305,3.520847014361256
4.0,3.0,9.0,0.3991150104357456,51.08672133577544,1.1687429068638344,10.874208734876618,0.03074541937576509,0.252889734700672,3.1395687933126895
4.0,3.0,10.0,0.6486420649449451,83.02618431295298,1.0089157224384109,4.766226679067432,0.015267261113146278,0.9937192670835658,3.2572825325601857
4.0,3.0,11.0,0.6122459898842579,78.36748670518502,0.9311155035746648,4.16986435340032,0.010907661038156647,0.8467885096790606,3.2230307145789676
4.0,3.0,12.0,0.73810281337674,94.47716011222272,1.0049610349766165,3.1009764576607592,0.022733256765420422,4.433818535357268,3.3449768415387955
4.0,3.0,13.0,0.6248643285390745,79.98263405300153,1.030259874393948,5.315619554016936,0.0203043396394987,-1.3582032753167919,2.271870380472913
4.0,3.0,14.0,0.5752076826005447,73.62658337286972,0.770235069524489,3.886543307481099,0.026044032792191182,0.29039480567315223,3.56518333041768
4.0,3.0,15.0,0.5155142830002261,65.98582822402894,1.0268492157214788,6.963870084270447,0.029965098590815496,2.700067894033042,3.7979107842197255
4.0,3.0,16.0,0.751347755544186,96.1725127096558,0.9482114955239608,3.784961020344403,0.05300503331924499,-1.7711464149133687,2.500443802649733
4.0,4.0,1.0,1.0,128.0,1.0,1.0,0.01792716086808017,2.911740062295375,3.619766088239128
4.0,4.0,2.0,0.7664386006369092,98.10414088152437,0.969141791587546,3.329739706941165,0.08259144723577197,1.2204782426700338,3.109610305328928
4.0,4.0,3.0,0.15037425347040204,19.24790444421146,0.8984013267885805,22.535051346709,0.016716521225106525,-3.1813776678572476,3.0122752865100653
4.0,4.0,4.0,0.3273675562049611,41.90304719423502,0.8921058376786177,8.3741251116008,0.009236307789214603,-1.0975426675612447,4.892286585990998
4.0,4.0,5.0,0.09495602289680281,12.15437093079076,1.3528122748975577,44.22468819398969,0.33137369598649935,-37.214999819319274,5.159209231680762
4.0,4.0,6.0,0.26290843990556495,33.652280307912314,0.7900779449186267,9.043576537652514,0.02745248092249325,13.844925034549359,29.0371769824816
4.0,4.0,7.0,0.19799984885240005,25.343980653107206,1.175391786419794,24.235587306002852,0.04643875991908031,37.765733309847434,25.372110147822063
4.0,4.0,8.0,0.40199458693268786,51.455307127384046,1.006819066661165,10.809581537270928,0.020712145416563597,5.339485037503345,8.805272230662215
4.0,4.0,9.0,0.22175774397729028,28.384991229093156,1.2148452883029435,20.967683907397788,0.015740061188813794,5.649734232570535,6.23409034106235
4.0,4.0,10.0,0.2834863101190228,36.28624769523492,0.9920872983545675,16.80336257635896,0.03139801357272422,-0.09747571411580702,3.4418133710574086
4.0,4.0,11.0,0.6557408860871071,83.93483341914971,1.0338531174208325,6.125034591439169,0.017516578079186933,4.20693196618053,5.140288542778187
4.0,4.0,12.0,0.611200366600469,78.23364692486003,1.1202977281048976,5.434307386571308,0.05072182723398035,4.861174800011654,3.949657055410447
4.0,4.0,13.0,0.7818990384296003,100.08307691898884,1.0125236543479321,3.9374866135801265,0.06076532981251771,-2.528059021665626,2.296056115679623
4.0,4.0,14.0,0.3394889258087381,43.45458250351847,0.9917590204547562,14.385918867938985,0.023490225642413376,1.1100611400799474,3.8168096594689658
4.0,4.0,15.0,0.6394223408229399,81.84605962533631,0.9813406901864457,4.141621865158225,0.01774532786835034,1.0376504347427236,3.3170785639879115
4.0,4.0,16.0,0.6657059872086127,85.21036636270243,0.8590866620115846,3.9584737494412914,0.014476848999931482,-0.6088193614948381,3.498431097308513
4.0,5.0,1.0,1.0,128.0,1.0,1.0,0.014839774142831276,2.5648843904161867,3.694392434888594
4.0,5.0,2.0,0.9084713094703065,116.28432761219923,0.9610122828025045,2.237204563755556,0.03364649335286702,0.08868639647148843,2.7263662167007303
4.0,5.0,3.0,0.6112142013704842,78.23541777542198,0.9734561541908854,5.179570451692623,0.023825376613131714,0.5269692795172287,2.3203865830433
4.0,5.0,4.0,0.5785933876394951,74.05995361785537,0.9727894949051015,4.922216937174694,0.020578608046689623,2.3955367224630724,2.2534891378424318
4.0,5.0,5.0,0.6006927580721376,76.88867303323362,0.9563006511429363,6.053897609797805,0.031381753246874824,-1.7457076231862432,2.2703770847917655
4.0,5.0,6.0,0.32384436846512676,41.452079163536226,0.9484178265883789,15.103655582841636,0.010513139851400169,2.6094284729421107,2.731402137932132
4.0,5.0,7.0,0.4283621780697805,54.830358792931904,1.1048845906539921,8.01446494363154,0.023193754042536,-2.2954860946813307,2.4667677507076626
4.0,5.0,8.0,0.37734319733037497,48.299929258287996,0.9072279694434252,8.156876803707476,0.0643276076598497,-0.7338378097017374,3.944868110190555
4.0,5.0,9.0,0.4403405045072823,56.36358457693213,1.058701895939558,10.325964234480448,0.2321053636339606,-3.251722341812265,5.812649556023283
4.0,5.0,10.0,0.3991347275401885,51.08924512514413,1.0180941634138918,8.393921101895977,0.008453446826079928,4.474975723839269,7.379803854489597
4.0,5.0,11.0,0.658564055710828,84.29619913098598,1.026655242724847,5.06390603767966,0.008091797889760012,3.5802591840239915,4.8613377005550005
4.0,5.0,12.0,0.5469215438253108,70.00595760963978,1.0706177593172108,7.867439409129872,0.012973366555422389,4.269968913060668,3.8776216649468087
4.0,5.0,13.0,0.8253889619619396,105.64978713112826,1.042332858407111,2.8695628351796914,0.01618320732529715,-0.560818110363461,2.405078844714959
4.0,5.0,14.0,0.6881620832940575,88.08474666163936,0.9461492393378981,4.899133145354646,0.021149043654737812,2.801860787815901,3.4062959610442882
4.0,5.0,15.0,0.5234929660178612,67.00709965028624,1.0547637356323802,8.880562693643906,0.009048383600599565,2.9187203734394895,2.6606914914570936
4.0,5.0,16.0,0.6451570125992431,82.58009761270311,0.9738956063334574,4.3397585722803,0.021911229669012513,-1.2188761602933795,1.1868148325428645
4.0,6.0,1.0,1.0,128.0,1.0,1.0,0.00945319166482642,-0.32924931599852997,1.8209379126627496
4.0,6.0,2.0,0.9588118963595216,122.72792273401876,1.007513634716763,1.7304264691564046,0.021145387305760772,0.5088274821787447,2.0732937881292095
4.0,6.0,3.0,0.8665688371049701,110.92081114943618,0.9968049131261087,2.541641394247377,0.021492516113199106,2.5201810253703325,1.9552764941412377
4.0,6.0,4.0,0.7570527070778047,96.902746505959,1.0394237126932793,3.078007318368774,0.0051058042942682715,0.4978987934835461,1.3287686151860543
4.0,6.0,5.0,0.8564274823615209,109.62271774227467,1.008872166826256,3.603301066099038,0.013487958684385277,1.1761873038382413,1.1775373716704098
4.0,6.0,6.0,0.7913179444531402,101.28869689000194,1.0058541923910302,4.013849330713054,0.010212693940027495,-0.3165911160536247,0.955973654674293
4.0,6.0,7.0,0.5205311103850883,66.6279821292913,1.0062680602375522,9.210695330325134,0.04171799121870691,-4.13550296734199,1.2948399639707728
4.0,6.0,8.0,0.8192424429671263,104.86303269979217,0.9600069234057929,2.990117584859378,0.04180666582772834,1.3321229694776175,2.998236577998902
4.0,6.0,9.0,0.7903082665424455,101.15945811743302,1.0387828963074766,3.101224122620462,0.026584813433469214,-0.6606446421392207,2.994020264587237
4.0,6.0,10.0,0.7338691908299033,93.93525642622762,0.8398243057778231,3.2501038054816282,0.011278588219285747,1.0593576164043548,3.0799420243877527
4.0,6.0,11.0,0.5354210314319511,68.53389202328974,1.0491516706094466,8.943933231575635,0.01680077655275103,0.4533477330935732,3.219428382081627
4.0,6.0,12.0,0.7220729771268299,92.42534107223423,0.9700859492050788,6.283543944214389,0.026236877752927712,1.7190943498943414,3.1076255310256986
4.0,6.0,13.0,0.7472391176304496,95.64660705669755,0.9910726252297611,4.732362165635524,0.035553256291697116,0.6211523767868834,2.8890033606298364
4.0,6.0,14.0,0.6772787987081956,86.69168623464904,0.9542895753276612,4.907458086340419,0.016886286933823172,1.6559987262971387,2.8803423759693594
4.0,6.0,15.0,0.6778094264219189,86.75960658200562,1.0122213683794712,6.742415540242891,0.017854851319208453,1.05282898585655,2.123757717415538
4.0,6.0,16.0,0.596708520923349,76.37869067818868,1.024418928688586,4.924428237396447,0.013657647120072463,-0.7241852108249061,1.7463030021134538
4.0,7.0,1.0,1.0,128.0,1.0,1.0,0.018872515824291062,0.8010839418218844,2.2022946512081183
4.0,7.0,2.0,0.769887435928964,98.5455917989074,1.0578525720671004,5.2899013566036315,0.023130611846995493,-0.03617094705758534,1.9076538519176192
4.0,7.0,3.0,0.9610125745421112,123.00960954139023,0.9686561437257056,1.8201790658439279,0.010663066798767927,0.9822367402786901,2.045566091711528
4.0,7.0,4.0,0.9474613976134134,121.27505889451692,0.9989214369368083,2.0144943951705385,0.019342113026111867,1.8155939930873988,1.5785596443100283
4.0,7.0,5.0,0.6949895796427082,88.95866619426666,1.0262753528658206,3.500032404664584,0.009259705014440072,0.9092495270921667,0.9135264617188804
4.0,7.0,6.0,0.7021496941771983,89.87516085468138,1.053409529732116,4.487208768062012,0.022465289543771458,-1.1931620695476632,0.7194503261707451
4.0,7.0,7.0,0.7751791756765332,99.22293448659624,0.9361904327816688,3.345188125071439,0.008092972707669014,0.6461758715887327,1.2428717559319804
4.0,7.0,8.0,0.7225581862325661,92.48744783776846,1.0345777607968738,4.5454513942057355,0.03697839474808648,-1.5780893971887067,0.9370858636975963
4.0,7.0,9.0,0.7790717550884686,99.72118465132398,0.961813561716145,4.15894884073167,0.019812676475586197,1.2848188970416639,2.0594509444060742
4.0,7.0,10.0,0.49958857815376845,63.94733800368236,1.046703217926822,9.228529350365124,0.007694481336557698,0.5900217183679468,1.5194451266882387
4.0,7.0,11.0,0.4589970110412737,58.751617413283036,0.9854404771444641,10.443298323322644,0.008495029108260832,-0.07397045178138247,1.536506871950451
4.0,7.0,12.0,0.2711438065916775,34.70640724373472,1.1036271952425978,19.089987698877895,0.005290790444333098,0.3830341451882982,1.7060582109281253
4.0,7.0,13.0,0.3903402651018228,49.96355393303332,1.0528306455897016,14.15180138563736,0.017059710819245413,0.18808802849323383,1.6592017859707953
4.0,7.0,14.0,0.5701880283171896,72.98406762460027,0.9539577188479048,5.874415413894831,0.02292026881081378,0.565293239819257,1.4909405418340702
4.0,7.0,15.0,0.5322784288062603,68.13163888720132,0.9736206912422527,7.72279655539102,0.003891182647572101,1.1269390260564909,1.3052272344627405
4.0,7.0,16.0,0.31262529275733136,40.016037472938415,1.1075292177892768,18.16995823287269,0.004792129955571642,0.7624934016608966,0.9920468060653999
4.0,8.0,1.0,1.0,128.0,1.0,1.0,0.01827509688115915,0.39221588129686064,0.7440155008535417
4.0,8.0,2.0,0.8981359745232109,114.961404738971,0.9845436738984059,2.1341169129546667,0.00912453511497785,-0.06828626258542489,0.8711946087392659
4.0,8.0,3.0,0.8595859062111854,110.02699599503173,0.9397273508810269,3.1255116550464592,0.029436877897674456,-1.1078337543285497,0.9341009909320906
4.0,8.0,4.0,0.8432642539368438,107.937824503916,0.9945217614485447,2.954697933044176,0.01847651694495752,0.3406092604565066,1.5983694227919052
4.0,8.0,5.0,0.7364469928520176,94.26521508505826,0.9533182483780379,4.4459933828125395,0.03184397794736572,-0.17853231445049536,1.4794878895045613
4.0,8.0,6.0,0.7345819426787199,94.02648866287615,1.0196898591513701,3.9981020202125177,0.01583284085957164,1.1318527283329964,1.4310659321993713
4.0,8.0,7.0,0.4030154024686202,51.58597151598339,1.0375556599872404,9.631921155102024,0.04537385255770929,1.5098158631379588,1.284337167245039
4.0,8.0,8.0,0.8336166638826464,106.70293297697874,1.0260054638370493,3.506883366763131,0.02422512554870511,0.9009758263300339,1.0848776939330615
4.0,8.0,9.0,0.8387689435697229,107.36242477692453,0.9895556406137732,3.6466831829713917,0.019090813677960207,-0.2123655772785009,0.764985344020352
4.0,8.0,10.0,0.7796824704703835,99.79935622020909,0.898889144514324,3.8694363719267,0.012879191565082057,-0.12474743054236927,1.0639470003845692
4.0,8.0,11.0,0.7620201624983823,97.53858079979294,1.0391531704057237,4.117404349533842,0.019549405779536014,0.38210433335339833,1.2936009041801126
4.0,8.0,12.0,0.6091081851781245,77.96584770279993,1.045424855631448,6.232642541048778,0.06658206746792834,-0.08385813157727647,1.2051061666543672
4.0,8.0,13.0,0.6732055322479813,86.1703081277416,0.9257658149841235,3.7942631037512946,0.003506812038771319,-0.05053347660249359,1.5851030941300512
4.0,8.0,14.0,0.3426834972434163,43.863487647157285,1.0950645241295405,12.74617622106455,0.02879325404955603,1.0464882153096091,1.6251877100566505
4.0,8.0,15.0,0.6395679369496323,81.86469592955294,0.979398510250131,4.689033881168291,0.00940266261949222,0.31614707271851106,1.2184912177459222
4.0,8.0,16.0,0.8414303834048211,107.7030890758171,1.0422002863817161,3.2697631107261484,0.01076644163955173,0.8466455263951046,1.1152121839363083
5.0,1.0,1.0,1.0,128.0,1.0,1.0,0.024707640577718584,6.326563061415437,4.9370225778923835
5.0,1.0,2.0,0.7714926782781465,98.75106281960275,0.9644318229604011,2.796154862460913,0.0067343457135539825,2.830666975033704,4.912001262581659
5.0,1.0,3.0,0.7305714346252844,93.5131436320364,1.057350939118232,3.068192710571478,0.011307746941814389,2.0561154174163288,5.077622235101367
5.0,1.0,4.0,0.5106649909896467,65.36511884667478,0.9097666564527003,5.393545957810538,0.005067226575851661,2.9017668729903527,4.595652144462685
5.0,1.0,5.0,0.590092054629522,75.53178299257881,0.924525792935406,3.9887674220665947,0.014577191325450099,3.1475519670753456,4.392989841773673
5.0,1.0,6.0,0.4375275300828636,56.00352385060654,0.923528977575919,7.888815173248313,0.010402537737180117,2.98113517648205,3.787736624920396
5.0,1.0,7.0,0.43687233148972865,55.91965843068527,0.9541898865544198,8.542640064809165,0.008164675806686233,4.160637756925701,4.2360140475117785
5.0,1.0,8.0,0.19558574329546596,25.034975141819643,0.9484995341566109,18.41776079722162,0.011212391640948486,3.737521808240937,3.7648736751440435
5.0,1.0,9.0,0.2976490158167557,38.09907402454473,0.9450257958163908,10.518850006148137,0.047349166176304296,-1.6680936673390037,3.405338174891509
5.0,1.0,10.0,0.1595313968183667,20.420018792750938,0.8262573061456309,16.881684209308116,0.006039084136149855,5.115032906722379,5.848919594460412
5.0,1.0,11.0,0.2827000349067608,36.185604468065385,1.0157517795541557,11.573356889179804,0.007622992279075249,-0.39449734935429825,4.689431363767244
5.0,1.0,12.0,0.13475050057257024,17.24806407328899,1.0811089811090162,27.261947834959052,0.03600736958441754,1.1159632561277129,4.523804789669436
5.0,1.0,13.0,0.36769860618548,47.06542159174144,0.7362685006379158,4.717517833902579,0.002934045447270356,1.1569809639864883,6.633552464161896
5.0,1.0,14.0,0.39316882221496446,50.32560924351545,1.0479594991679928,8.350726558371878,0.034964722403086526,2.6930168051128427,6.31267164833935
5.0,1.0,15.0,0.1846421331879792,23.634193048061338,0.8345457951906181,14.475254613606493,0.028695681060856036,10.227090982149754,5.280113901775774
5.0,1.0,16.0,0.24373529314279033,31.198117522277162,0.8636729707614743,13.870766636258107,0.0358132032600201,-0.28520655458479593,2.8534924829529285
5.0,2.0,1.0,1.0,128.0,1.0,1.0,0.006292178309263112,1.939029804415378,4.030187927854244
5.0,2.0,2.0,0.911918051249576,116.72551055994573,1.0609867201323808,2.9444896663566555,0.007247001953471608,2.879247852619681,3.4829603103093563
5.0,2.0,3.0,0.788570743178782,100.93705512688409,1.05749515522243,2.8101609204836238,0.023856151890055133,1.8927860877235352,2.8136831369918536
5.0,2.0,4.0,0.4966071798551556,63.56571902145992,1.0147434589199256,5.826444697381931,0.02251063818661006,0.38570892111662103,2.671671788451265
5.0,2.0,5.0,0.0969242675829942,12.406306250623258,1.3270071222288973,42.40663689620293,0.197514986285662,-5.655357250718238,3.0372522936938062
5.0,2.0,6.0,0.6864938476900643,87.87121250432823,0.9976546816873346,3.8823726154709393,0.039998957192057455,-1.7645661686494516,3.9142331159231976
5.0,2.0,7.0,0.5356378494051768,68.56164472386263,1.0236418556029627,6.204604898185068,0.02330963352893755,11.610788479638043,8.08781399534905
5.0,2.0,8.0,0.5154599351960775,65.97887170509792,1.0530483586434198,8.654856970452139,0.019920654925257533,2.6841756471429608,3.7562943716063164
5.0,2.0,9.0,0.5764913369229181,73.79089112613352,1.0521293810748102,5.261544198547264,0.015080221424382066,2.4073224702621387,3.0931067197727717
5.0,2.0,10.0,0.403937981416645,51.70406162133056,1.0995945688308448,13.8000149288115,0.010607230203721925,0.46191364593927675,2.847236868363957
5.0,2.0,11.0,0.4879472829714959,62.45725222035148,1.09977177576702,6.229364602597163,0.025605037408324177,-2.0640119156776264,3.6019014884337026
5.0,2.0,12.0,0.6164004333325376,78.89925546656481,0.9859710842736931,5.248654321979096,0.04051046331924128,3.779959364140647,5.439734805313136
5.0,2.0,13.0,0.47331300070215954,60.58406408987642,1.1015624524035867,6.291335231765769,0.062246553566981,1.0881594486903396,4.199977115389455
5.0,2.0,14.0,0.6168569838644556,78.95769393465032,1.0152076364733214,3.959431885974616,0.011311939482845257,3.523790417407084,5.557027409593229
5.0,2.0,15.0,0.49751832417299363,63.682345494143185,1.076290229835335,9.247657545053789,0.03448341270014504,-1.7835292992023493,3.650499318148119
5.0,2.0,16.0,0.6852142100473962,87.70741888606672,0.9817098791379433,4.300283952225924,0.022953884445610438,-0.8053307873518087,4.023847346413103
5.0,3.0,1.0,1.0,128.0,1.0,1.0,0.012628379892120355,5.170398076089732,5.436211653262705
5.0,3.0,2.0,0.8657364409339252,110.81426443954243,1.0077811273621604,2.7136278939105942,0.01955226021845523,0.36053761866276834,4.7308542399479006
5.0,3.0,3.0,0.8045683440518813,102.9847480386408,1.0899768392682287,3.1447604356130503,0.010595781474263665,4.289077533349881,5.267537584700769
5.0,3.0,4.0,0.7022495538894692,89.88794289785206,1.0440484261424077,3.2471973897236177,0.0544335780729538,3.083910136735667,3.991883753990683
5.0,3.0,5.0,0.19484021082642736,24.9395469857827,1.0548652619633643,17.189249427997137,0.05124803188061462,-4.71258451882818,2.7454171977042483
5.0,3.0,6.0,0.2244145364030273,28.725060659587495,0.9155749228143866,14.507547886704053,0.06831071674845494,-6.74719172134436,4.736254300593054
5.0,3.0,7.0,0.28872611632348244,36.95694288940575,0.6405407847466466,5.0429188105745215,0.04220561090484362,-1.4585926478422604,6.493279822123387
5.0,3.0,8.0,0.034558871601960105,4.423535565050893,1.0383811002796675,59.862854793943264,0.04672595199944117,2.842824815095497,9.628042273990198
5.0,3.0,9.0,0.23499627517803368,30.07952322278831,0.83246804402118,11.730791759809023,0.051335695711149765,0.01676076320369673,8.785149011334838
5.0,3.0,10.0,0.07046801138497791,9.019905457277172,1.0123815594544898,40.065501314211346,0.020140639675385624,3.3768865245947493,8.629224673763243
5.0,3.0,11.0,0.07397519599687537,9.468825087600047,1.4124243952651436,54.21526812595205,0.047763039449395195,2.30195583919827,6.681169402466948
5.0,3.0,12.0,0.19613119927367284,25.104793507030124,1.0214885942853098,16.298006303377434,0.06415537830939906,-7.966837266050737,5.831529335900346
5.0,3.0,13.0,0.2903148294133738,37.16029816491184,0.854017128982084,6.724205331506398,0.024599758430076966,1.2768781143112735,9.88529521368407
5.0,3.0,14.0,0.30206906708106573,38.664840586376414,0.7702994789378852,8.951195887194421,0.014724412752478246,4.999915937507349,8.858588730023897
5.0,3.0,15.0,0.2108721995639286,26.991641544182862,1.1319821772386787,17.75755667594031,0.17273504271040124,-7.8678847239935665,7.3305162425876675
5.0,3.0,16.0,0.04456195371949648,5.703930076095549,1.1156349369238225,57.496999016214424,0.2871525464518413,-23.683230323052776,14.36064629900816
5.0,4.0,1.0,1.0,128.0,1.0,1.0,0.013313954071416985,34.96693751276421,27.258154789418786
5.0,4.0,2.0,0.6694444497992159,85.68888957429964,1.049067683180385,4.91820304133275,0.008389412828704776,14.807905041484853,14.745937156899833
5.0,4.0,3.0,0.47857104991942545,61.25709438968646,1.0744528247065643,8.871330268647663,0.025356026170061954,4.972931349913569,7.77338756913081
5.0,4.0,4.0,0.316330698986499,40.490329470271874,1.1113045437365299,10.863397436414903,0.04280697349366257,-3.1057559555846592,5.47407718232665
5.0,4.0,5.0,0.508270596706958,65.05863637849062,0.9457814954503745,4.8908098277520775,0.03745221336694099,6.9060859285867275,6.2622401181543434
5.0,4.0,6.0,0.17871988624287888,22.876145439088496,1.0149455433293917,22.24480282111421,0.40858500491941985,-40.15141564275467,3.359102418763116
5.0,4.0,7.0,0.19835548562326574,25.389502159778015,1.0368572009492976,17.032856074083295,0.00735203235200671,12.37989234065399,11.077177660248513
5.0,4.0,8.0,0.4678979205094363,59.890933825207846,0.8800461162066009,6.3383328712835105,0.058805023215322404,32.11893707882217,14.895425444460203
5.0,4.0,9.0,0.2907517968781179,37.216230000399094,1.040630154745056,14.473154888130436,0.02811597248239008,15.95923389406209,9.910255962752075
5.0,4.0,10.0,0.22877208002888075,29.282826243696736,0.7321526261445133,11.131537838590127,0.004845442421655882,0.6775683266581206,3.210657464005145
5.0,4.0,11.0,0.29207110615310183,37.385101587597035,1.0213071515307792,8.76667281150479,0.03986437369905704,0.14130821373433824,3.2140636232391766
5.0,4.0,12.0,0.24094650907574308,30.841153161695114,1.0026354163941775,11.221412641080287,0.097924450679246,2.4569624794022835,3.5200473257859426
5.0,4.0,13.0,0.27238285280419455,34.8650051589369,0.8107335035009632,10.17294556984009,0.057917957483076925,-3.7095473906135132,2.7878795375447716
5.0,4.0,14.0,0.07952695899782676,10.179450751721825,1.2523094036369717,33.94991612898305,0.5253918193285618,-12.713560738443116,4.396002957120085
5.0,4.0,15.0,0.08601802462139505,11.010307151538566,0.8588719782688924,29.26329332876882,0.09939031950387371,16.447992929244005,11.979078599889192
5.0,4.0,16.0,0.09432996338318422,12.07423531304758,1.0629842865034937,36.12121845521105,0.020713507733747187,0.3803464673356752,6.214159776950027
5.0,5.0,1.0,1.0,128.0,1.0,1.0,0.011543755261672612,5.295644692388307,7.013918677199112
5.0,5.0,2.0,0.9123221872462385,116.77723996751853,1.0092220787329498,2.5134951146860094,0.008749708541521673,3.7662929347988707,4.739532065768658
5.0,5.0,3.0,0.8826434491780993,112.97836149479672,0.9702439953380784,3.05971463905625,0.026590183840807826,0.14896539000320308,2.907293143889501
5.0,5.0,4.0,0.6030896398539781,77.1954739013092,1.0111146723302893,5.3618606036444705,0.018488851167998224,0.289290204844165,2.587224364847683
5.0,5.0,5.0,0.5206676772293078,66.6454626853514,1.0673821638636796,6.835371562151271,0.07626787461743852,-1.1421738270741262,3.3973792881193186
5.0,5.0,6.0,0.4697531835216686,60.12840749077358,0.9246548391875762,5.083162526098198,0.004930149999599103,2.4466473459783415,4.377110168279942
5.0,5.0,7.0,0.3053423935757832,39.08382637770025,1.0166697026037848,13.17042978380404,0.01279362860943497,4.127781977514022,3.6793019538293477
5.0,5.0,8.0,0.6435931483458521,82.37992298826907,0.9898711475780011,5.373360376134259,0.045897345898703514,-0.6314837043311704,2.056269457002732
5.0,5.0,9.0,0.5885150894058024,75.32993144394271,0.9052917518921834,5.72091289835627,0.01425997765421918,0.4534430080594796,3.0306066276556183
5.0,5.0,10.0,0.5564051367889558,71.21985750898634,1.0601058674433337,4.942583316818341,0.024853131589596154,1.4870829155733563,3.092355275360325
5.0,5.0,11.0,0.2313217609336148,29.609185399502696,1.4161966486236617,24.930956971437755,0.0158864663718287,0.4527815910512829,2.6975000701510568
5.0,5.0,12.0,0.6055786043427479,77.51406135587173,1.0907550658120804,5.570728263555633,0.04600027211402613,-2.2863266243244182,2.7052715186170415
5.0,5.0,13.0,0.764895779712186,97.90665980315981,1.0034817429823946,4.239522018913093,0.009737881119312446,4.6276462630496775,3.606999656002638
5.0,5.0,14.0,0.3706270318241214,47.440260073487536,1.2164111735320455,11.385858904374626,0.017868476511352482,2.348736367932051,1.981498488907308
5.0,5.0,15.0,0.5641812501794308,72.21520002296714,1.0397796913993589,7.807888130115288,0.012245109140369349,-0.09563510790127998,1.6358898201072114
5.0,5.0,16.0,0.23905119159359114,30.598552523979667,1.0404160874762631,20.037458491052945,0.01152160611241427,0.4632826910287481,2.1608119410030575
5.0,6.0,1.0,1.0,128.0,1.0,1.0,0.04653926205588324,-0.22708275418100043,2.1318184498950075
5.0,6.0,2.0,0.6607681403840011,84.57832196915214,1.1073710454700998,5.640964454682361,0.008815756844525456,0.5976697308995688,2.750056639611968
5.0,6.0,3.0,0.8251872328239653,105.62396580146756,1.0033786966933156,2.803784716638499,0.026628290756493818,1.4311307159253244,2.607818116850059
5.0,6.0,4.0,0.884315440821196,113.19237642511308,1.0706711926438894,2.772934688579428,0.07066206052233631,-1.0504004314079223,1.9654098756410385
5.0,6.0,5.0,0.44522401577961557,56.98867401979079,1.0345571841230132,10.213054473216731,0.031098679759470817,-1.5787130362696544,2.4777879063098935
5.0,6.0,6.0,0.020936612194922922,2.679886360950134,2.84022557698355,221.42519908506978,0.6774021007351348,-29.525948110592836,3.104697327007538
5.0,6.0,7.0,0.03742359458830769,4.7902201073033845,1.3024733540545481,74.35774528168974,0.0715954123965438,26.165227766145932,21.603117817179783
5.0,6.0,8.0,0.7360701837842689,94.21698352438642,1.0160727207592781,4.118183834311872,0.032433800458853565,10.25752208910682,10.522498333386467
5.0,6.0,9.0,0.6413292759878366,82.09014732644309,0.9608423923760838,4.349133960871117,0.016635832231813412,1.1080387562059013,5.962277330442991
5.0,6.0,10.0,0.5543182208948958,70.95273227454666,1.074830017641876,5.620478988632351,0.09265533493235653,4.6740130510235005,5.321932453894762
5.0,6.0,11.0,0.6747890159270059,86.37299403865676,0.8564282757704633,4.620820546405898,0.00793299726864568,1.668403719842277,3.6809520900991344
5.0,6.0,12.0,0.6082509815068041,77.85612563287093,1.0578281305418296,7.173300982875532,0.006672400081487583,1.6507925187385597,2.8257094801585643
5.0,6.0,13.0,0.7716867695161234,98.77590649806379,1.0233149175381078,3.7382742221408747,0.01409799982248931,0.7276600619521034,2.0148714739304583
5.0,6.0,14.0,0.8012504398380443,102.56005629926968,1.0113858454842843,3.129180951239309,0.016345242180758696,0.10162199978930397,1.7341888954711235
5.0,6.0,15.0,0.6906846826822705,88.40763938333062,1.0154837893279698,4.721460065731803,0.00497851729622059,0.24421207270333603,2.1552690152468275
5.0,6.0,16.0,0.8402946425547173,107.55771424700382,0.9356532257775346,2.396825423084498,0.011318512641469072,0.9685253134476277,1.9847600897615356
5.0,7.0,1.0,1.0,128.0,1.0,1.0,0.037383564055927694,-0.6135785403892728,1.7194536841780814
5.0,7.0,2.0,0.6462911996566768,82.72527355605463,1.1196356441710607,5.934620634103669,0.01540372510148637,2.312418502099511,1.7945266521835306
5.0,7.0,3.0,0.7311261366769458,93.58414549464906,1.0085737021068137,4.172799666900935,0.019715519262706406,-0.09495325883763067,1.2876779497611028
5.0,7.0,4.0,0.735703345180271,94.17002818307469,0.977439333315292,4.385358517668692,0.0093480827275094,-0.904666128347743,1.3490842105868601
5.0,7.0,5.0,0.9254141903811223,118.45301636878365,1.003607655064824,2.862165331507396,0.01739910345513597,1.1581767184122935,1.7609783983117993
5.0,7.0,6.0,0.8049001987495695,103.0272254399449,1.0772108724037546,4.002924948296743,0.017111906669962065,1.0202503188760774,1.5409350179262
5.0,7.0,7.0,0.8553015149216658,109.47859390997323,1.0078357978106838,2.915847985418037,0.02330473629005673,-1.6061994265884996,1.4082977215724144
5.0,7.0,8.0,0.6777971008390552,86.75802890739907,0.8672216309174625,3.719497723538871,0.0065112236206870495,1.0658998476479706,1.9638244606679027
5.0,7.0,9.0,0.7496827748506719,95.959395180886,0.9619136001313057,3.7777937049832193,0.035611926190007755,0.33873955983537246,1.8804062331019216
5.0,7.0,10.0,0.8094429384800169,103.60869612544217,1.0802384638979974,3.346809907938231,0.051910354171719846,-0.46164335337945966,2.351291594178215
5.0,7.0,11.0,0.7360077337960809,94.20898992589835,0.9783111763401733,3.6613346556231585,0.023135222342389364,1.7877279338694467,2.928679290103989
5.0,7.0,12.0,0.8571353212318141,109.71332111767221,0.9854013689314429,2.5097542177279055,0.012573022904461939,0.3603740660903299,2.321525159354573
5.0,7.0,13.0,0.7670779618260831,98.18597911373864,1.001091611374295,4.358191095282307,0.005608174416090054,1.8604621713728506,2.370047108289465
5.0,7.0,14.0,0.8777884122378271,112.35691676644187,1.009839691245822,2.460211615598295,0.010777466870321656,0.4580687446919818,1.6127346852717948
5.0,7.0,15.0,0.8017669817275611,102.62617366112782,1.042282665430865,4.403381990769888,0.029089859830136733,-1.161197733622729,1.4754333994261917
5.0,7.0,16.0,0.7517754591394179,96.22725876984549,0.9752928057330648,3.4305402649371146,0.007528747716833864,-0.5320414203169173,1.9153912174188201
5.0,8.0,1.0,1.0,128.0,1.0,1.0,0.02015349128335328,2.5051998049752506,2.1423270602529
5.0,8.0,2.0,0.886623902054995,113.48785946303936,1.0180913389554598,2.8517099903804133,0.01781157830708418,-1.0716493366332074,1.5013823665485915
5.0,8.0,3.0,0.9488876690105926,121.45762163335586,0.9358996384542936,1.5882676418305273,0.04042542425420162,-2.404799603234105,1.7728160193234404
5.0,8.0,4.0,0.6708109200055808,85.86379776071435,0.9956249550478142,3.8596603704341,0.006845214653558718,0.4282621272104587,2.905346618852663
5.0,8.0,5.0,0.8444473255921948,108.08925767580094,0.9039766204733877,2.379933974786971,0.018563863550879783,3.298890209458023,2.947715866129149
5.0,8.0,6.0,0.611296518071206,78.24595431311437,1.0687277997913522,5.873893578660072,0.028294808791237965,0.7197798281753359,1.746828328625234
5.0,8.0,7.0,0.7103481646770804,90.92456507866629,1.047429290258108,5.630774870654991,0.01371443618864838,0.9047611447584792,1.8495628695716615
5.0,8.0,8.0,0.7709179015813153,98.67749140240836,1.0141168163374146,4.3404296552991815,0.022961767174187443,1.057968698449068,1.492584586322795
5.0,8.0,9.0,0.8952679163340462,114.59429329075792,0.9633653567490339,3.5094205536758922,0.008921527531722519,-0.10516485251666523,1.1092681516637475
5.0,8.0,10.0,0.5558658042826182,71.15082294817513,0.9433124575276579,5.68285333323001,0.008521675719119902,1.3627849269087668,1.4331753183518232
5.0,8.0,11.0,0.49052596785751706,62.787323885762184,1.1170210944265588,7.5497396834833115,0.018962420421218706,-0.5719963897017606,0.9613933268882713
5.0,8.0,12.0,0.27294874866678465,34.937439829348435,1.1843388016920835,18.425964738741026,0.007637340281005022,0.5862290649137881,1.0708262562093054
5.0,8.0,13.0,0.7019196280164799,89.84571238610943,1.1029215889489605,5.353830054804748,0.014301481231540583,-0.3564635395698228,0.965689402028346
5.0,8.0,14.0,0.6849283249151712,87.67082558914191,0.9227716531133285,3.643580209473656,0.011453704169262283,-1.0699817598291346,1.341947462666793
5.0,8.0,15.0,0.30541055207944373,39.0925506661688,1.1503790874824178,14.24333381849229,0.024753100751342235,-0.606012900810517,1.7812511488015477
5.0,8.0,16.0,0.5497884627105906,70.37292322695559,0.8917052285378214,4.708314192511959,0.014079052326206005,-0.436925540020909,1.8289169785292785
6.0,1.0,1.0,1.0,128.0,1.0,1.0,0.011417594323029561,4.265236436299218,4.9370225778923835
6.0,1.0,2.0,0.9054127023810689,115.89282590477681,1.0114243363441087,1.9634859360393087,0.015821162950876475,4.869177164859381,5.024447858928133
6.0,1.0,3.0,0.8037031882332455,102.87400809385542,0.9721527314780573,3.1335540894354628,0.016841601315801077,6.21256271260954,4.749756323496921
6.0,1.0,4.0,0.7261739872170523,92.95027036378269,0.8536764295705732,3.1463040214208413,0.00546454523208755,6.212944037424962,4.956769113961439
6.0,1.0,5.0,0.5065400887557947,64.83713136074172,0.925666729928476,6.210585790685754,0.0020093155276240528,-0.19722219523177578,4.078099153093196
6.0,1.0,6.0,0.54538895491652,69.80978622931455,0.9264089954878488,6.688943474397659,0.01033426297546085,3.626043478248956,4.171432344418701
6.0,1.0,7.0,0.5537233259177358,70.87658571747018,0.9415445340617977,6.59804224645326,0.003633575102261726,1.7571911034155,3.755069887566572
6.0,1.0,8.0,0.4211060996977194,53.90158076130808,0.9529431393139397,6.268532650498812,0.018941932183669803,0.19409613105403892,3.6950375970461242
6.0,1.0,9.0,0.6433642392372599,82.35062262236927,0.9408755962018669,4.307271443368424,0.0065808467459795355,2.557850932854713,4.058237163758489
6.0,1.0,10.0,0.5764845515644537,73.79002260025007,0.9967079083978931,5.6251706245409,0.012373585472588565,4.280468762767543,4.194919472863878
6.0,1.0,11.0,0.3185870406092167,40.77914119797974,1.2581494455789282,13.123040757573998,0.13232751346937754,-11.806594602813211,3.999719117603244
6.0,1.0,12.0,0.12156848793484902,15.560766455660675,1.0327664408135504,29.785876712320192,0.013774712570962298,8.341391125252775,10.681961098016563
6.0,1.0,13.0,0.3855703389627624,49.353003387233585,0.970702813754396,5.986621240101766,0.014851533504995934,8.207844437780661,8.40036902518826
6.0,1.0,14.0,0.4585811589774732,58.69838834911657,0.9033803882197057,6.21427061796222,0.009077767563634917,4.244323944209166,5.042175768786085
6.0,1.0,15.0,0.38885349662365004,49.773247567827205,0.9053319732932863,8.257045175903135,0.011762248341237028,2.541779584070883,4.124919714466582
6.0,1.0,16.0,0.19729009858657648,25.25313261908179,1.3374795250914677,27.336170834246072,0.01424640338235402,3.6819966184104174,3.241148077481344
6.0,2.0,1.0,1.0,128.0,1.0,1.0,0.04313091405570549,4.161407947754255,3.60575346089303
6.0,2.0,2.0,0.6563616289129611,84.01428850085902,0.9464346424417827,5.729811276002331,0.019983899294472494,-0.31186012014159203,3.499199079463111
6.0,2.0,3.0,0.5147735556611692,65.89101512462966,0.9487219760270753,8.235728913614611,0.018878120799511813,3.7556948114126625,4.843645853958525
6.0,2.0,4.0,0.42289435913308127,54.1304779690344,0.9897002350969272,7.8817510319065995,0.023300163113139535,1.0069993131802002,3.5798030329498096
6.0,2.0,5.0,0.47648048091155343,60.98950155667884,0.8536228501184776,3.492837120787388,0.022839308889520248,-1.5703561717957395,3.946209790640905
6.0,2.0,6.0,0.29686757588575985,37.99904971337726,1.05799448432768,10.449116161481504,0.014397060042267602,0.0776709508590148,4.435980268426341
6.0,2.0,7.0,0.2808694419575116,35.95128857056149,0.8984286538112471,12.834150544949965,0.010253691851429665,2.230570963468965,6.085309190861902
6.0,2.0,8.0,0.335350172519927,42.924822082550655,0.825705509652598,10.98871192845448,0.014060247141433594,2.049940103268833,6.260652391076147
6.0,2.0,9.0,0.3689968426749851,47.231595862398095,1.0001316915374074,7.040661783498026,0.03102624874696836,2.3895127665939153,6.534003132785957
6.0,2.0,10.0,0.5718687570651666,73.19920090434132,0.9918296056839282,4.421794758107852,0.010914079456418585,2.291522935199539,6.24533664778449
6.0,2.0,11.0,0.4405986575207399,56.39662816265471,0.990175577944358,6.130095990980562,0.01122741692432384,4.358823057266192,5.781876705672692
6.0,2.0,12.0,0.4896685506547078,62.6775744838026,1.0190844441750393,6.357625777079571,0.09201435004122058,-3.801766646450674,4.137197805111143
6.0,2.0,13.0,0.19750120992366255,25.280154870228806,0.7564244998254025,11.169355921948256,0.03232506304438276,-0.9693614502116962,3.761174802761464
6.0,2.0,14.0,0.20968517212581084,26.839702032103787,0.9466680743369609,17.453508359699352,0.011324253132991907,2.0892059550169555,4.923428212056226
6.0,2.0,15.0,0.2595139678003974,33.21778787845087,0.6758863918198459,10.687639055106734,0.01458652231135857,-0.20083573308692235,4.089067425050215
6.0,2.0,16.0,0.16206624127789407,20.74447888357044,0.9675171852340649,16.23296865964109,0.05129522999450857,-1.322945880098934,4.15540851689762
6.0,3.0,1.0,1.0,128.0,1.0,1.0,0.018407639728778107,9.29559811973952,5.131465817318524
6.0,3.0,2.0,0.7783582723389566,99.62985885938645,1.027708715630613,3.399043545578695,0.01682962074295523,3.5837456604289755,3.696184806204263
6.0,3.0,3.0,0.46872533094938096,59.99684236152076,1.070414526870311,9.390817932859209,0.03529333407533583,1.7279102494627923,3.3077305669730794
6.0,3.0,4.0,0.4090298763482876,52.35582417258081,1.12497105056926,9.532267987643502,0.03461298930756661,0.8373106444154548,3.112724542856933
6.0,3.0,5.0,0.022707035659260584,2.9065005643853548,2.063207165105191,153.8346228792649,2.2775566588347047,-94.64490463741978,2.7903273697018185
6.0,3.0,6.0,0.026078475637886192,3.3380448816494326,0.05406352006567771,3.1696479687734707,0.003172918196534859,-6.07821337985151,15.343642843810668
6.0,3.0,7.0,0.0608210573758651,7.785095344110733,0.6192640199269619,18.128746379715917,0.06570569536610611,-54.728430540382206,14.762436868020787
6.0,3.0,8.0,0.01001727833926866,1.2822116274263884,4.131360576276294,466.40078160690234,3.726153544580383,-76.64752367667698,11.147446501127677
6.0,3.0,9.0,0.02117964793689592,2.710994935922678,0.005574981486643716,0.38799584811959065,2.9149983160396053e-05,-0.3572798468776871,5.203760830292561
6.0,3.0,10.0,0.007991718985334175,1.0229400301227745,1.0872676677108124,137.59599539836725,2.200805485804056e-05,-0.02590109149524479,5.203775275839986
6.0,3.0,11.0,0.01141345914623526,1.4609227707181134,0.1795856145845784,18.61554555914707,2.286988827284591e-05,-0.07261273997838513,5.203775255578822
6.0,3.0,12.0,0.026784186586910588,3.428375883124555,0.07712982997979438,3.064820515566621,0.003229346154045271,-18.99553137924524,5.204223838080999
6.0,3.0,13.0,0.01574887378742483,2.0158558447903783,0.481414852608722,34.15981027941661,7.932203173477436e-05,-0.20293704842973861,4.697355006456289
6.0,3.0,14.0,0.010867988521404904,1.3911025307398277,0.06695552377513794,7.203972143499983,1.681068018018248e-05,0.004284180399159778,4.697631447911773
6.0,3.0,15.0,0.017511405157744443,2.2414598601912887,0.014566629421842546,1.1846321447400026,9.063710232997225e-06,1.5740901078242113,4.697851758115334
6.0,3.0,16.0,0.008670794469315565,1.1098616920723923,4.0923010390353225,497.04849141501137,0.006648813075175428,-23.753444192765127,4.766516583336362
6.0,4.0,1.0,1.0,128.0,1.0,1.0,1.0993755501185224e-05,0.0,3.9350135373153967
6.0,4.0,2.0,1.0,128.0,1.0,1.0,1.0993755501185224e-05,0.0,3.9350135373153967
6.0,4.0,3.0,1.0,128.0,1.0,1.0,0.0013808729846644225,52.989832125435946,3.9350135373153967
6.0,4.0,4.0,0.9961597035608186,127.50844205578478,0.985615021531506,1.2555811150729501,2.4405111994573447e-05,0.0,5.753971834343431
6.0,4.0,5.0,0.9956472081724165,127.44284264606931,0.9926239092062858,1.2635435988189319,2.4405111994573447e-05,0.0,5.753971834343431
6.0,4.0,6.0,0.9904770521311886,126.78106267279215,1.0085964689472136,1.3738851725569288,2.4405111994573447e-05,0.0,5.753971834343431
6.0,4.0,7.0,0.9968703028027128,127.59939875874724,0.992877078491519,1.1893996272827787,2.4405111994573447e-05,0.0,5.753971834343431
6.0,4.0,8.0,0.9974681893490123,127.67592823667357,0.9967656176970507,1.3850613183016993,2.4405111994573447e-05,0.0,5.753971834343431
6.0,4.0,9.0,0.996297750678576,127.52611208685772,0.99816578132196,1.299251979104,2.4405111994573447e-05,0.0,5.753971834343431
6.0,4.0,10.0,0.9910679035597194,126.85669165564408,1.0150386299835676,1.5172010722969944,2.4405111994573447e-05,0.0,5.753971834343431
6.0,4.0,11.0,0.9977720956976243,127.7148282492959,1.0030791269045403,1.2281539488949564,2.4405111994573447e-05,0.0,5.753971834343431
6.0,4.0,12.0,0.9954787819379414,127.4212840880565,0.9918017190429598,1.30925116507984,2.4405111994573447e-05,0.0,5.753971834343431
6.0,4.0,13.0,0.9935118616695418,127.16951829370134,1.0020081288320952,1.3040347044862857,2.4405111994573447e-05,0.0,5.753971834343431
6.0,4.0,14.0,0.9971132118108135,127.63049111178412,1.002879979724891,1.3181490620822525,2.4405111994573447e-05,0.0,5.753971834343431
6.0,4.0,15.0,0.9940062663408072,127.23280209162333,1.0039723233767688,1.2790720177946422,2.4405111994573447e-05,0.0,5.753971834343431
6.0,4.0,16.0,0.9944528991891709,127.28997109621388,1.0089105326445367,1.3416945062449095,2.4405111994573447e-05,0.0,5.753971834343431
6.0,5.0,1.0,1.0,128.0,1.0,1.0,2.4405111994573447e-05,0.0,5.753971834343431
6.0,5.0,2.0,1.0,128.0,1.0,1.0,2.4405111994573447e-05,0.0,5.753971834343431
6.0,5.0,3.0,1.0,128.0,1.0,1.0,2.4405111994573447e-05,0.0,5.753971834343431
6.0,5.0,4.0,1.0,128.0,1.0,1.0,2.4405111994573447e-05,0.0,5.753971834343431
6.0,5.0,5.0,1.0,128.0,1.0,1.0,2.4405111994573447e-05,0.0,5.753971834343431
6.0,5.0,6.0,1.0,128.0,1.0,1.0,2.4405111994573447e-05,0.0,5.753971834343431
6.0,5.0,7.0,1.0,128.0,1.0,1.0,2.4405111994573447e-05,0.0,5.753971834343431
6.0,5.0,8.0,1.0,128.0,1.0,1.0,2.4405111994573447e-05,0.0,5.753971834343431
6.0,5.0,9.0,1.0,128.0,1.0,1.0,2.4405111994573447e-05,0.0,5.753971834343431
6.0,5.0,10.0,1.0,128.0,1.0,1.0,2.4405111994573447e-05,0.0,5.753971834343431
6.0,5.0,11.0,1.0,128.0,1.0,1.0,0.0008572443716987655,40.4310796774109,5.753971834343431
6.0,5.0,12.0,0.9979006150093352,127.73127872119491,1.0004190323528783,1.292278018577262,4.5807957776741764e-05,0.0,7.751856779832201
6.0,5.0,13.0,0.997310536594022,127.65574868403482,1.0078827960827712,1.2906248801463425,4.5807957776741764e-05,0.0,7.751856779832201
6.0,5.0,14.0,0.9990728529115174,127.88132517267422,1.0018081414970001,1.1385919592473006,4.5807957776741764e-05,0.0,7.751856779832201
6.0,5.0,15.0,0.9981862215061135,127.76783635278252,0.9990581867613104,1.290905961773909,4.5807957776741764e-05,0.0,7.751856779832201
6.0,5.0,16.0,0.9958598925597612,127.47006624764943,1.0054501086589522,1.4716775987436432,0.001782465983550241,66.14828038437966,7.751856779832201
6.0,6.0,1.0,1.0,128.0,1.0,1.0,0.00011238626197331825,0.0,11.606670218993978
6.0,6.0,2.0,1.0,128.0,1.0,1.0,0.00011238626197331825,0.0,11.606670218993978
6.0,6.0,3.0,1.0,128.0,1.0,1.0,0.0023337678154097615,76.24727960352322,11.606670218993978
6.0,6.0,4.0,0.9582193566901532,122.65207765633961,1.025864882698794,2.1235418496701075,0.046448893405280356,412.7308276505987,17.17189993107524
6.0,6.0,5.0,0.21795263253974395,27.897936965087226,1.0553414454042915,22.779045948455217,0.0021152673119675803,0.0,23.684298107622816
6.0,6.0,6.0,0.6649014618634302,85.10738711851907,0.7829230518866185,3.123359782687253,0.0021152673119675803,0.0,23.684298107622816
6.0,6.0,7.0,0.5326152392090341,68.17475061875636,0.9913987783449671,7.985760293334174,0.0021152673119675803,0.0,23.684298107622816
6.0,6.0,8.0,0.1968755302828727,25.200067876207704,1.0652064680814861,24.365954957944577,0.0021152673119675803,0.0,23.684298107622816
6.0,6.0,9.0,0.5217436520045384,66.78318745658092,1.0122290972722654,9.470151008684375,0.008756170766476274,46.506330513248464,23.684298107622816
6.0,6.0,10.0,0.3816053459221626,48.845484278036814,0.745136499957474,9.053197418042744,0.0015995509897986499,23.009599906193827,19.60826190401659
6.0,6.0,11.0,0.365862635754767,46.83041737661018,0.7998336864256234,8.140265447675954,0.0024654319305401086,0.0,14.612740612084815
6.0,6.0,12.0,0.30872553599600344,39.51686860748844,0.9058819420201797,13.711362307129221,0.0024654319305401086,0.0,14.612740612084815
6.0,6.0,13.0,0.25504764295994425,32.646098298872865,1.0145555268495485,9.38971800409518,0.0007912987144120768,15.495315706153301,14.612740612084815
6.0,6.0,14.0,0.14289026212974268,18.289953552607063,1.116586614801417,28.220601387093325,0.0021954365119626527,0.0,11.208695788623752
6.0,6.0,15.0,0.24780506826916043,31.719048738452535,0.7475472330173755,12.875759978163249,0.0004909460213954595,8.08084442794223,11.208695788623752
6.0,6.0,16.0,0.3405673095965016,43.592615628352206,0.8418541418977143,7.724086067056641,0.001985312778579876,0.0,9.376830845497505
6.0,7.0,1.0,1.0,128.0,1.0,1.0,0.0010619114814584372,4.245587780635765,9.376830845497505
6.0,7.0,2.0,0.9949279864406272,127.35078226440028,0.9988954085012101,1.2454928280232676,0.002174719660351215,5.198085494416682,8.799027507889349
6.0,7.0,3.0,0.9742987374849801,124.71023839807745,1.0042879474376456,1.5841084817261666,0.012598375999142184,16.791269138917468,8.027789699845407
6.0,7.0,4.0,0.8441045285985576,108.04537966061537,1.0039416198836646,3.470517956234261,0.0011394286957957674,1.276415725390071,4.589001693342611
6.0,7.0,5.0,0.7544682664212133,96.57193810191531,0.9956474347674102,2.99290871745605,0.0006386436372112089,2.3787254401123823,4.2553228694172205
6.0,7.0,6.0,0.629020661424727,80.51464466236506,0.9933808566906843,5.306913171767695,0.0010596290396693835,0.0,3.762394831481911
6.0,7.0,7.0,0.7793665921280768,99.75892379239383,1.0072158780115017,2.7244192181744684,0.006455990436320483,1.9550406857255653,3.762394831481911
6.0,7.0,8.0,0.39741631727295335,50.86928861093803,0.8914238783869761,9.515797863202877,0.0008538783864779345,0.0,2.9756686054920443
6.0,7.0,9.0,0.5331191055953084,68.23924551619947,0.9600874876327414,8.960251190327567,0.029206426450574467,5.763879697289672,2.9756686054920443
6.0,7.0,10.0,0.5423219865673695,69.4172142806233,0.9964090892503443,6.691387174237376,0.0054772135189357545,7.788758492746039,3.938463908999161
6.0,7.0,11.0,0.7223242575706167,92.45750496903894,0.9593084357294911,3.9439056491394187,0.011962755586538282,-0.10202275065031342,2.843474616211468
6.0,7.0,12.0,0.20279723814923978,25.95804648310269,1.2147757091056968,22.19404792205293,0.022661342610470744,9.324556336612465,2.3175935961267387
6.0,7.0,13.0,0.24174279261006382,30.94307745408817,0.9482887570193934,18.39123657251363,0.0035526589772301113,-0.29804961983642014,2.3636525902487806
6.0,7.0,14.0,0.33765100642074153,43.219328821854916,0.8976673186281392,13.551288184083218,0.0006701518072726291,0.265609214405536,2.2540325347690766
6.0,7.0,15.0,0.3045440307312245,38.981635933596735,0.8923559539573874,10.438624623850265,0.0007772938744795774,0.0,2.1972953128780395
6.0,7.0,16.0,0.21501126326790537,27.521441698291888,0.9562041277581761,11.286803932009146,0.00369390983529805,3.802950950742136,2.1972953128780395
6.0,8.0,1.0,1.0,128.0,1.0,1.0,0.0020812209200675286,1.1210651391309079,1.8420136292698575
6.0,8.0,2.0,0.9832181496846905,125.85192315964038,0.993185562441879,1.3470350056063127,0.010235753439894368,-1.9411720547571796,1.7298530307661455
6.0,8.0,3.0,0.9397308106804464,120.28554376709714,1.0125722142496016,2.4068174632975667,0.0006621083338786512,0.0,1.8307949880097036
6.0,8.0,4.0,0.8845739734393538,113.22546860023729,1.0020672910060084,2.510345842439572,0.0006621083338786512,0.0,1.8307949880097036
6.0,8.0,5.0,0.8904932328377275,113.98313380322912,0.9861168540792395,2.6045044366600183,0.0019820319675549172,2.8439338117388484,1.8307949880097036
6.0,8.0,6.0,0.9128884028398737,116.84971556350384,0.9859941989259982,2.247961879182499,0.01686621154669778,5.75963753489742,1.86561356852809
6.0,8.0,7.0,0.9165257940969673,117.31530164441182,0.9872434375161051,2.1361092453991715,0.0038074919938636187,1.9257512591645947,1.6917514597421515
6.0,8.0,8.0,0.7253074977636167,92.83935971374294,0.946282076004067,3.31773911477028,0.0005944443632842787,0.0,1.4597187325761287
6.0,8.0,9.0,0.7387888485922723,94.56497261981086,1.0755665785920658,3.6664560870542817,0.0027605128129404343,2.559577436403572,1.4597187325761287
6.0,8.0,10.0,0.7838862148780711,100.3374355043931,0.8867783585421092,2.091156128761377,0.0038366588117177856,2.1855164632034794,1.2194029990454027
6.0,8.0,11.0,0.4996541912354411,63.95573647813646,0.9923774379604107,5.237569537256662,0.00044905279298323157,0.0,1.0512301271956168
6.0,8.0,12.0,0.3470683184494563,44.424744761530405,1.0916012414309881,14.810456101883544,0.07401349307726855,3.6853734254399235,1.0512301271956168
6.0,8.0,13.0,0.26774699305868094,34.27161511151116,0.7174525702438604,6.239630889887836,0.0009311563468128502,0.05325431313534937,0.8120210636214585
6.0,8.0,14.0,0.21092721924060912,26.998684062797967,0.9139931259497656,16.003435882900824,0.03595053152385692,-4.31507813040851,0.8222246052550564
6.0,8.0,15.0,0.17803110531672642,22.78798148054098,0.9463188871235021,17.35752683657998,0.0010919143804047726,0.8328427510363169,2.6297664396328324
6.0,8.0,16.0,0.20622397997352973,26.396669436611806,0.8275707792053106,16.65701760523536,0.0008987476957570902,0.3619814167762746,2.3148663826104765
7.0,1.0,1.0,1.0,128.0,1.0,1.0,0.023523210864866178,3.260009321893741,4.9370225778923835
7.0,1.0,2.0,0.7721737442437553,98.83823926320068,1.0413707914343056,4.775623086632514,0.0057088417213666046,5.031905599337045,5.476561772842619
7.0,1.0,3.0,0.8308154849771333,106.34438207707306,0.9191291050470392,2.680129591716299,0.003157110965643406,2.3472738377871027,4.980839116891385
7.0,1.0,4.0,0.7170040675738425,91.77652064945184,0.942883817289704,3.6198838928883563,0.005392137083032486,0.15630736325435737,4.679538055609568
7.0,1.0,5.0,0.5994788889029612,76.73329777957903,1.0796644854233135,7.284931947652898,0.0070295125098848886,0.9735935347486478,4.54075670677265
7.0,1.0,6.0,0.7456829242769052,95.44741430744386,0.8628190835878258,2.461854185633596,0.013788340610117708,8.471973196532211,4.765814591603337
7.0,1.0,7.0,0.4575782893923411,58.57002104221966,1.049768542909885,9.547692771506812,0.016804423077480223,-2.422005660217253,4.01533161268101
7.0,1.0,8.0,0.7352005433729838,94.10566955174193,0.8676143233678647,3.3463137066472957,0.014770299853265742,3.5799439415283727,4.657020827169149
7.0,1.0,9.0,0.49646417435950324,63.547414318016415,0.8180337175572336,4.99813023157844,0.004089497558852531,0.5575758514366796,3.943395195863321
7.0,1.0,10.0,0.43969664181430024,56.28117015223043,0.9284415099759113,6.9902511284722895,0.01880141944811456,-0.0651535445300509,4.0900772356144115
7.0,1.0,11.0,0.3873975585515214,49.58688749459474,0.7426877587449221,6.313994285208552,0.014979809199704413,-1.0022860132020903,4.460515539729718
7.0,1.0,12.0,0.501721996489988,64.22041555071847,0.8363046907076922,4.516051898043664,0.012900706135056787,-0.2712526890826522,4.366575529058864
7.0,1.0,13.0,0.16385574584248513,20.973535467838097,1.1484695025557383,26.18191516443836,0.008282369262888178,1.368112074742014,5.237121650266814
7.0,1.0,14.0,0.12375794835679352,15.84101738966957,1.1248094538707618,31.92493538133604,0.025781645426478532,-4.0099883613589995,5.096212687289415
7.0,1.0,15.0,0.5318836158564619,68.08110282962713,0.9651697820935289,4.911962538217937,0.033251365470944705,8.997518522937519,6.115485148848624
7.0,1.0,16.0,0.7301231104837598,93.45575814192125,0.9258541731567661,2.5751657511205104,0.027277414989318523,6.471721427900995,5.735235378221481
7.0,2.0,1.0,1.0,128.0,1.0,1.0,0.008448969230464422,1.1292127754037053,5.5206861193385866
7.0,2.0,2.0,0.9691349730891001,124.04927655540482,0.9923869709465207,1.5716981687866138,0.01497354666186348,7.5338963433878785,5.6153493668263685
7.0,2.0,3.0,0.7881090997158281,100.877964763626,0.9826753480018142,3.509593284921761,0.007887063329536767,3.8009633056164747,4.032648279023239
7.0,2.0,4.0,0.720415194252866,92.21314486436685,0.9649612151739275,2.6604312127371696,0.039075202643301124,8.946786245705644,3.6226070072945333
7.0,2.0,5.0,0.4292790251595807,54.94771522042633,0.9510701744867047,6.072118327822127,0.012574835562516517,0.7873116336357694,2.5614982364245806
7.0,2.0,6.0,0.17871309748711398,22.87527647835059,1.2693515253743737,23.380926094545675,0.12542246285869274,-15.139417615085856,3.0206703302786013
7.0,2.0,7.0,0.22929242829278795,29.349430821476858,0.7531994449183619,11.202679450309509,0.007407605345079965,2.2612595345451196,6.482792212826812
7.0,2.0,8.0,0.3116571048391522,39.89210941941148,0.9135704876356119,8.018561488763702,0.08340060640471816,4.095012377090375,5.4918178777623545
7.0,2.0,9.0,0.16398556133566153,20.990151850964676,0.8630293424500972,19.272978723482648,0.017138813807304327,2.082224800896688,5.087666935636009
7.0,2.0,10.0,0.22324725881952887,28.575649128899695,0.92166427492517,12.340405362570174,0.01595353903837221,-1.4988932663086243,3.5168519379455003
7.0,2.0,11.0,0.13108157724181554,16.77844188695239,1.0741974025466843,21.86821650157626,0.01555644635413616,0.8065376010874841,4.053775219351237
7.0,2.0,12.0,0.11526252692418078,14.75360344629514,1.1236525143742284,24.52230480399533,0.015038935583392357,0.279501049131262,4.596637042943714
7.0,2.0,13.0,0.04810384611337638,6.157292302512177,1.3891139791190348,67.73365862359209,0.022237915271951694,0.39674270694217034,4.795525067751212
7.0,2.0,14.0,0.016418247054858417,2.1015356230218774,1.6273563991384996,142.45713796270576,0.2832248223760607,2.3706289920488595,5.29316693706073
7.0,2.0,15.0,0.2524565415626068,32.31443732001367,0.8352282171355252,10.824394068550943,0.021757171187536214,12.19526443112269,12.76489487523381
7.0,2.0,16.0,0.2800645557459841,35.848263135485965,0.9163869828528455,9.481115541076582,0.007948908864543915,1.3626466888442506,5.509601643809052
7.0,3.0,1.0,1.0,128.0,1.0,1.0,0.011526040324672329,1.5952108107605696,4.642328532537319
7.0,3.0,2.0,0.9556269097926368,122.3202444534575,1.011530875326727,1.896843502926169,0.012763534456911876,-0.7531291376806056,4.438509510788455
7.0,3.0,3.0,0.9132255115114164,116.8928654734613,0.9707439272567813,2.1063183960234713,0.008678177967617221,2.7069322763282058,4.456135657694226
7.0,3.0,4.0,0.9302809632533613,119.07596329643025,0.9729735289330222,2.2184828138721486,0.008874614265832984,0.4772643405224144,3.7361329122282574
7.0,3.0,5.0,0.869854367893324,111.34135909034548,1.0128274004368092,2.5813892077156537,0.032416306229133086,1.275462684539137,3.7472246787828043
7.0,3.0,6.0,0.6560259475572097,83.97132128732284,0.9573777421477478,3.709142926647597,0.00627442430245221,1.5766614578587408,4.863905854031228
7.0,3.0,7.0,0.763623287207625,97.743780762576,0.9686685940064315,4.6483091375876056,0.044155414987944126,-1.4122222548070151,4.37522050135295
7.0,3.0,8.0,0.5654577825254672,72.3785961632598,0.999336631405842,5.335102853158,0.0397502103503424,0.6884159439678127,4.037988836593836
7.0,3.0,9.0,0.7986663587757228,102.22929392329252,0.9607564466714671,2.964966082968635,0.007541006830560079,6.201451238727631,4.715539977122624
7.0,3.0,10.0,0.7870066147929907,100.73684669350281,1.0289073259061112,3.206474315285851,0.024861117036027315,2.221430043851455,3.212791791241955
7.0,3.0,11.0,0.6047720859513647,77.41082700177468,0.989768056959306,5.87520982646235,0.01129148877658268,1.3878860290418442,3.3251142572013155
7.0,3.0,12.0,0.5763555643226079,73.77351223329381,1.0180650479217714,5.824688195640283,0.006489589290141824,2.1300889489854713,3.911780375502766
7.0,3.0,13.0,0.5071198327282997,64.91133858922237,1.1394376119335403,9.783158551165736,0.08170593696285089,-4.404190774618915,3.357791749473751
7.0,3.0,14.0,0.4730278945808226,60.547570506345295,1.054288689635553,10.252498672350336,0.029629138295497175,7.416771987557878,5.839395878711262
7.0,3.0,15.0,0.6727661105378108,86.11406214883978,0.9892920260785661,3.9848812764182635,0.008774267958567006,-0.3118515667318103,4.533751354451448
7.0,3.0,16.0,0.7231328398249183,92.56100349758954,0.9688316052089969,3.55037506762832,0.010924600186049458,6.486996836812405,4.494238210703751
7.0,4.0,1.0,1.0,128.0,1.0,1.0,0.013523007483672052,1.4908595516611318,2.434134298506102
7.0,4.0,2.0,0.9169837173685128,117.37391582316964,0.9861579039194651,1.942205611935334,0.014600626927043723,-0.355251299796123,2.4183972490871155
7.0,4.0,3.0,0.7792875924402898,99.74881183235709,1.03929740981203,3.674000165913207,0.010583894172783069,1.6711710150830605,3.074532887235816
7.0,4.0,4.0,0.8434290481605817,107.95891816455446,1.0170908266959946,2.6632684391343493,0.02003624667807888,-1.4292783347617302,2.851465036947328
7.0,4.0,5.0,0.7823871428198748,100.14555428094397,0.9423725863715686,4.227294799225051,0.02368030783043439,1.1154353561475803,3.348569432064505
7.0,4.0,6.0,0.8783892875285463,112.43382880365392,1.0142913222629568,3.041102653966761,0.011092372355451095,0.3025147746997898,3.185016054463492
7.0,4.0,7.0,0.9041493667953036,115.73111894979886,0.988024103812912,2.338080538698563,0.020428922199810857,0.6110508992162698,3.3555467994699426
7.0,4.0,8.0,0.7768334018859941,99.43467544140725,1.1058278879646464,3.4631425681556385,0.01814520733266842,2.294729801568123,3.260901893786302
7.0,4.0,9.0,0.8329974386378562,106.6236721456456,1.022039510732708,2.3861282379454143,0.008739088409274865,0.6969136340040879,2.711199937522148
7.0,4.0,10.0,0.8323445843371151,106.54010679515073,1.0216706814364658,2.043788940142603,0.04507116822202905,-1.8908249004366693,2.6125031836119077
7.0,4.0,11.0,0.7790064454768919,99.71282502104216,0.9147276955499595,2.998465070200399,0.021393739466001604,3.169019405897962,3.4911874795920985
7.0,4.0,12.0,0.7569975191880176,96.89568245606625,0.9642397201094216,3.1588015118068546,0.02427528676629992,2.8461746910865995,3.136959603086759
7.0,4.0,13.0,0.6988424392788758,89.4518322276961,1.0396994107595083,5.964104165125594,0.012943237225572564,-0.2500706921511116,3.216431355052843
7.0,4.0,14.0,0.7997475248232558,102.36768317737675,0.9771377664294708,2.87614672593199,0.00827510761970121,3.0748134190658813,2.921190668538223
7.0,4.0,15.0,0.6643978054422893,85.04291909661303,1.0309500946577086,7.909841288036203,0.010647295507429166,1.993898127385735,2.1240849622425855
7.0,4.0,16.0,0.33084954882915635,42.34874225013201,1.1096543700780064,16.977735532015075,0.02405015309342992,0.8704362605872573,1.7677544045430473
7.0,5.0,1.0,1.0,128.0,1.0,1.0,0.013989403511861828,1.8614274629563048,1.9120082589012466
7.0,5.0,2.0,0.8502267955685616,108.82902983277589,1.0260013834264547,3.2316280562462674,0.014702261413771432,0.9436910333720544,1.5730541475422242
7.0,5.0,3.0,0.804107346394236,102.9257403384622,0.9830778953747777,2.4567721231392414,0.015939861483667862,-0.3391672623596952,1.632678356548581
7.0,5.0,4.0,0.731654775972262,93.65181132444954,0.9175619503181311,3.3707174172271355,0.03161920722940698,-1.9767911674174947,2.202362804412981
7.0,5.0,5.0,0.603306284126388,77.22320436817766,0.9877807086997907,6.067046018486243,0.035267424415139415,-2.3411141379085545,3.888744714885045
7.0,5.0,6.0,0.6400693643393975,81.92887863544289,0.882038344564534,6.050374987473101,0.010869078415159961,0.3502592442848524,4.457853978165159
7.0,5.0,7.0,0.5614566256458058,71.86644808266314,1.1093136263143792,8.438591370124708,0.0194988171690904,0.7906280706902832,4.15878263911661
7.0,5.0,8.0,0.6015524123754368,76.9987087840559,1.034315386581609,6.309688688296591,0.020539703773738413,1.6453934646230768,3.5609284746915666
7.0,5.0,9.0,0.7926061790074669,101.45359091295576,1.0438808141427054,4.00291960876479,0.011788248405407127,2.370700966985722,3.2639712563758345
7.0,5.0,10.0,0.7377386419049043,94.43054616382776,0.9887944393760324,3.1592735631401654,0.01489936128127117,1.9587299229114605,2.1703882835573993
7.0,5.0,11.0,0.7045153885724805,90.17796973727751,0.9797690796109735,5.019438656308489,0.016989676235574156,-0.694843714479634,1.7690763651794188
7.0,5.0,12.0,0.552925554224304,70.77447094071091,1.039460445512808,8.917098489458946,0.0803801933528566,1.8172046398929742,2.639463423563123
7.0,5.0,13.0,0.42685071630624954,54.63689168719994,1.0994058401448994,10.941931399549983,0.010153681329581913,1.7730957023428038,3.5453056425883496
7.0,5.0,14.0,0.7733242210327161,98.98550029218767,1.0838288842350947,3.553665277663766,0.03369946718432443,1.1793249787135431,2.7234339971631956
7.0,5.0,15.0,0.690472030586779,88.38041991510771,0.9612645934775939,4.508802095899325,0.004558209545609357,0.16150237980274032,2.0687078356229747
7.0,5.0,16.0,0.9002224848202112,115.22847805698703,0.9949996015547758,2.5821689160711174,0.023465178205238947,0.8599424916214358,2.1826070955971555
7.0,6.0,1.0,1.0,128.0,1.0,1.0,0.009410637568578913,0.19560908049558878,1.9749686172666028
7.0,6.0,2.0,0.9406676535443073,120.40545965367133,0.9807829809373316,2.2463806676936495,0.015015774448823217,0.8143473071564976,1.7132058929310854
7.0,6.0,3.0,0.888821593170192,113.76916392578458,1.023508341587728,2.138535447810663,0.015204343416484141,0.5063492577270001,1.8980158551605681
7.0,6.0,4.0,0.8464939709732483,108.35122828457578,1.0088609828867865,3.1756072941503684,0.0152245741073374,-0.6418209109395613,1.824013359912626
7.0,6.0,5.0,0.7970563415781474,102.02321172200287,0.9440452989227797,2.6263497472924984,0.013359232008294607,0.4783501203444459,2.2042034875537038
7.0,6.0,6.0,0.7344591256578826,94.01076808420898,0.8657531999019713,3.775852589113756,0.009677029829121733,-1.2419072431439782,2.2711636274588662
7.0,6.0,7.0,0.6205299370669439,79.42783194456882,1.1230021200808,6.912906476586024,0.043221401485752764,0.053725462235437255,2.799032295121666
7.0,6.0,8.0,0.7669116400095894,98.16468992122745,1.061072672869181,3.4757859795301154,0.02149387244925156,2.9067518294152297,2.9589724210985078
7.0,6.0,9.0,0.5506211449022586,70.4795065474891,1.058610111752221,10.332381880044526,0.01243358423130028,0.7249363209409493,2.2279321452077148
7.0,6.0,10.0,0.7576888206328029,96.98416904099876,1.0176372911742873,3.7133652515892632,0.023105669747444994,-0.3864341841650502,1.746667212387775
7.0,6.0,11.0,0.7806660174501637,99.92525023362096,0.9890738220549187,3.730650094972396,0.023288592195650173,-2.9782598613462823,2.024247024134285
7.0,6.0,12.0,0.6903554363622636,88.36549585436974,0.9499803159911885,3.7758142002104647,0.03133520454509951,1.317099993590351,3.039514733984883
7.0,6.0,13.0,0.8642259720267711,110.6209244194267,0.9251973792290331,2.6045514585523093,0.014684395992240473,1.5725495120000463,3.264859922149111
7.0,6.0,14.0,0.6588627524882186,84.33443231849198,0.9836907369183361,6.829739600863345,0.03159610679684266,1.4055536685862553,2.891737208141562
7.0,6.0,15.0,0.5878895577115621,75.24986338707996,1.148376854326901,6.821067480551933,0.02372937806440245,-2.648668354256508,2.525691714173417
7.0,6.0,16.0,0.4096458564327408,52.434669623390825,0.9118030910884534,9.780311079676975,0.008200472964923522,0.9152665098362118,3.3894260051402565
7.0,7.0,1.0,1.0,128.0,1.0,1.0,0.02338013884962218,-2.336168804106408,3.109896550539359
7.0,7.0,2.0,0.888133721870014,113.6811163993618,0.9906161273676988,2.3808005082394175,0.01729211124458041,3.0832292154259346,3.724218864459782
7.0,7.0,3.0,0.875180412269691,112.02309277052045,0.9399195703469048,2.4514972388153478,0.024223630740023403,2.229682204526342,3.034467184324155
7.0,7.0,4.0,0.7467161041869567,95.57966133593045,0.9472229647188011,3.200824943814306,0.013436942001016665,1.957530258933572,3.0252733578865203
7.0,7.0,5.0,0.5695918950050932,72.90776256065193,1.0391520670235936,9.330001861129096,0.013269377329327368,0.653024474125575,2.2413728763725866
7.0,7.0,6.0,0.6535402763352914,83.6531553709173,0.9609607107502183,4.011866482246184,0.04048148038417297,-3.2022902140914575,2.2755101729524227
7.0,7.0,7.0,0.6186211711285092,79.18350990444918,0.9994098107619982,4.8679987210126,0.014863506514773077,-1.20762689544993,3.6509357443328843
7.0,7.0,8.0,0.6011350269367484,76.94528344790379,1.067109810782793,5.024039386377589,0.011354147623599573,1.6313396298774427,4.079701775124866
7.0,7.0,9.0,0.7906740203076196,101.2062745993753,1.0419436128362665,3.7968004581209596,0.03174539591725288,-3.229002319114784,3.361402886338397
7.0,7.0,10.0,0.8441222394651375,108.0476466515376,0.9297552029221923,2.7137984502627055,0.01271594756875697,1.7231172252067133,4.231385114641335
7.0,7.0,11.0,0.7505994231409316,96.07672616203925,0.9955749166753648,3.366612026066799,0.01709956003524724,-0.13395107109475424,3.386229776165786
7.0,7.0,12.0,0.6694105577175525,85.68455138784672,1.056133992579543,4.8181109489175284,0.01315721636857045,4.342795131171523,3.4530500246763496
7.0,7.0,13.0,0.8195931344383248,104.90792120810558,1.0115632032028241,3.7098061357436056,0.011556110039335864,3.4186188227823804,2.559616901502842
7.0,7.0,14.0,0.6476049432631414,82.8934327376821,0.9345083366260198,4.706316493710747,0.018544365156454096,0.6430513319928535,1.5824245383802065
7.0,7.0,15.0,0.2455262290129968,31.42735731366359,1.0311048196959107,12.415099768511832,0.028836121943712906,-1.5049851720317269,1.517682889907516
7.0,7.0,16.0,0.5852003859741298,74.90564940468862,1.0193168763930247,8.511125195163988,0.015096709723448423,-0.3024709216064772,2.0211154057785183
7.0,8.0,1.0,1.0,128.0,1.0,1.0,0.01086104222543196,2.582716381605795,2.423400617724365
7.0,8.0,2.0,0.9188598059122002,117.61405515676162,1.0157992566963048,2.406848775942171,0.05216162642492185,-5.216056725509989,1.578416483273661
7.0,8.0,3.0,0.8262094051269825,105.75480385625376,0.9393376645913283,3.1926589374043544,0.012163360025333187,1.6708218112804234,3.3253988313067877
7.0,8.0,4.0,0.874612880796387,111.95044874193754,1.014735399083054,3.536123245862956,0.01343955580560161,-0.5185436938928408,3.084698368322552
7.0,8.0,5.0,0.6666462877721253,85.33072483483204,0.945438922617966,5.819661643717094,0.0111471020857748,3.85044536675767,3.179146530635583
7.0,8.0,6.0,0.7600287872952599,97.28368477379327,0.9294877340771472,2.8989584105343034,0.01378535463098524,0.6025663798588528,2.1092847746020618
7.0,8.0,7.0,0.7632529078223054,97.69637220125509,1.042322161730707,3.951201462110893,0.009590550704841841,1.7052905525260884,1.8562064506569198
7.0,8.0,8.0,0.741931799410752,94.96727032457626,0.9766079682585644,5.864553900823324,0.017508469486468482,-0.7739373017976746,1.525084660421304
7.0,8.0,9.0,0.43159470205445205,55.24412186296986,1.0105966596231897,10.288057605406543,0.017130690630165313,-0.5589578513768872,1.8636878857270582
7.0,8.0,10.0,0.46426337791921873,59.42571237366,1.0516677738705493,9.342121748685258,0.009413161848985142,1.4764710061308943,2.5139449294725833
7.0,8.0,11.0,0.5510901010000698,70.53953292800894,1.1007190247653718,7.197484956772739,0.04834533846859082,-0.3276233414925399,1.7464325272911274
7.0,8.0,12.0,0.8495036066281402,108.73646164840194,1.0059207995411343,2.953176572574055,0.01737358052560064,0.7723621622303048,2.191040520145191
7.0,8.0,13.0,0.22225814101863028,28.449042050384676,1.1382150863291542,23.301454463941855,0.014938778083510382,1.6074239477214032,2.361486353824417
7.0,8.0,14.0,0.6296260691500474,80.59213685120606,0.8621523601938427,3.55566883790095,0.018487955861202617,1.2557033665182065,1.8558280948535117
7.0,8.0,15.0,0.39568357966514284,50.64749819713828,1.0780136082689227,8.46809758957643,0.004117088411121676,1.0810016472644328,1.4211596751836215
7.0,8.0,16.0,0.45443233670177563,58.16733909782728,0.9499866586139831,8.754082243034167,0.011966927532997985,0.07680409115767468,1.0347072364216614
8.0,1.0,1.0,1.0,128.0,1.0,1.0,0.020518638517644926,1.0776474422333433,4.9370225778923835
8.0,1.0,2.0,0.8647436522881911,110.68718749288846,0.977535208708062,2.1695272529022747,0.0017077089110165583,2.5719051041571785,4.989181234848767
8.0,1.0,3.0,0.8076066540409922,103.373651717247,1.0124239982674372,2.88052838390365,0.008436244311182459,0.7554932113288567,4.764713021631002
8.0,1.0,4.0,0.7825733678066019,100.16939107924505,1.0199900576251086,3.7555648998632885,0.010445127074558695,3.0911206633735033,4.508229106800985
8.0,1.0,5.0,0.7551062951721638,96.65360578203696,0.960721311501283,2.8811339067870088,0.016570020470209165,-0.11398741387515526,4.827063687645556
8.0,1.0,6.0,0.8267270676604864,105.82106466054226,0.94439121866509,2.2075161594972723,0.006657656671252589,-0.7841163966943198,5.554623296761383
8.0,1.0,7.0,0.7527194243958985,96.348086322675,1.0435092315527503,4.2475084531089395,0.008148566195666455,0.39506552873135786,5.279843335260871
8.0,1.0,8.0,0.8001684091116428,102.42155636629028,0.9622173870490538,3.1985058176413372,0.007965205779551433,-2.408759985942409,4.626295269322518
8.0,1.0,9.0,0.6923836831020752,88.62511143706563,1.0398763157025672,5.036644116643458,0.001961963665256832,0.951900852656974,5.2939738251766375
8.0,1.0,10.0,0.7439707955726146,95.22826183329467,1.0122436358617701,3.515172643468104,0.020236912533212685,9.084781493434225,5.52509453947511
8.0,1.0,11.0,0.3401494286588828,43.539126868337,1.1442865421936075,11.809553186588877,0.011313514223938845,1.0776435584013448,3.847264935165347
8.0,1.0,12.0,0.640645949106164,82.002681485589,0.9924413895692489,4.194342205807769,0.010129418714992514,2.5074972743557797,4.1675694610976315
8.0,1.0,13.0,0.5561617191586046,71.18870005230139,0.9264750546476832,5.730206545515745,0.010030540750809504,-2.628108659141882,4.596561253670208
8.0,1.0,14.0,0.3663692939623709,46.895269627183474,0.9433855013795894,10.17302657306298,0.01759477480150248,5.239405031253693,5.01491319611841
8.0,1.0,15.0,0.5605437804868882,71.7496039023217,0.9349302840298443,4.436846940117108,0.005401698377858706,2.3942778859683536,5.364303499213179
8.0,1.0,16.0,0.44358199302716234,56.77849510747678,0.768808318600795,4.975545919089443,0.005996427066549789,1.889271494059435,4.712259003713593
8.0,2.0,1.0,1.0,128.0,1.0,1.0,0.03467679237860394,7.43266837080693,4.668781931981034
8.0,2.0,2.0,0.7575438066372063,96.96560724956241,0.9587594821490302,3.028553768140834,0.012600904343473721,5.406339091215377,3.7568452683755944
8.0,2.0,3.0,0.548696488541698,70.23315053333734,1.0910505655221892,6.160183396078322,0.03735055432024577,-0.26303766880241114,3.6530868890971075
8.0,2.0,4.0,0.3310438567378669,42.373613662446964,0.9866483226874376,11.837885696582909,0.0024663587471368273,2.1391546256653924,3.3358090404893685
8.0,2.0,5.0,0.43187232229167577,55.2796572533345,1.019463824572286,7.114568792573097,0.03001027533569238,-5.356331602121979,3.190465073968493
8.0,2.0,6.0,0.2342120700302238,29.979144963868645,1.0667730800674633,18.237322399211557,0.09457473577181635,-3.191119593239586,7.962939496566467
8.0,2.0,7.0,0.5631092304300582,72.07798149504745,0.9997459958449373,4.529734214558606,0.017439745380498972,12.048592991277303,11.240787006652527
8.0,2.0,8.0,0.5142492131741966,65.82389928629716,0.8979469164905987,5.908013132214561,0.0068467449790813525,2.3786125767758257,7.132154409388735
8.0,2.0,9.0,0.4026393196681266,51.537832917520205,0.9437727677202856,9.090970551726963,0.008691813969545721,4.23968464780545,6.358808809397587
8.0,2.0,10.0,0.5267368929530644,67.42232229799224,0.902780326868281,5.983504051168786,0.05054775755830665,1.976029060065848,4.884772659448769
8.0,2.0,11.0,0.31514135817126904,40.33809384592244,1.040566703382181,9.41676300400695,0.015211670839078265,3.723478019886365,4.83734597316731
8.0,2.0,12.0,0.3715602690125782,47.55971443361001,1.059841500269039,8.490114394328803,0.022727057261104994,1.1346542625371363,4.645845464463384
8.0,2.0,13.0,0.26751129451657063,34.24144569812104,1.0516875719264769,11.066578750477026,0.4946809545880681,-25.67710020359475,4.85443478698779
8.0,2.0,14.0,0.36645232222928653,46.905897245348676,0.9328144544733841,7.947184305620373,0.0034856463031625907,5.15331649309793,6.577692428177209
8.0,2.0,15.0,0.26877393221336815,34.40306332331112,1.2916733688748447,13.27191746454338,0.02672589002041841,4.95296640698853,5.557520386522552
8.0,2.0,16.0,0.19975560633599695,25.56871761100761,1.070071569415824,13.895660584850367,0.012112263321512584,-0.09298888080530655,3.673911442943096
8.0,3.0,1.0,1.0,128.0,1.0,1.0,0.004102626440720028,3.407369020701811,3.585390338342579
8.0,3.0,2.0,0.9645400946614121,123.46113211666075,0.9985963353723806,1.689977694387001,0.00942383906920314,4.109285209514205,3.1789605198924953
8.0,3.0,3.0,0.8785344316847096,112.45240725564283,1.0129545071396697,2.5871197186882635,0.004757795758778995,3.750932140783103,3.273969705473148
8.0,3.0,4.0,0.7571772766881383,96.9186914160817,1.0275118521520725,3.9774561069848495,0.014247363346219937,3.2328300424628336,3.6895646864079192
8.0,3.0,5.0,0.48793438330860023,62.45560106350083,1.0513633706588217,7.5307860089775875,0.0037181750964309515,3.7312238616531554,3.2017288616432533
8.0,3.0,6.0,0.34433932762385855,44.075433935853894,1.0276062286928338,15.016056768668214,0.06016565825468316,-5.3635781952465855,3.2536258281175354
8.0,3.0,7.0,0.6492231608341501,83.10056458677121,1.0478371816767917,4.601361679253467,0.09349779307890732,1.9122590375079083,6.427579215369559
8.0,3.0,8.0,0.30024378753350695,38.43120480428889,1.0929426214647733,14.962802829807774,0.046154278218257835,12.242844856241943,5.509224461052725
8.0,3.0,9.0,0.3890252970668201,49.79523802455297,1.0113196464869296,8.994270111938675,0.01152769167714619,-2.390397089737752,4.3963846999064105
8.0,3.0,10.0,0.3966028232250526,50.76516137280673,1.046417255384824,10.258403388362606,0.05122939430782239,-4.582034879861524,4.852005572725512
8.0,3.0,11.0,0.6279739076312746,80.38066017680315,0.9025303955307847,3.909730738504157,0.005627513064591905,1.184889750081077,4.460309079141911
8.0,3.0,12.0,0.39031405289185905,49.96019877015796,1.0230825919498,8.924452263422827,0.01130255871187958,6.4035306073097535,4.20297250177498
8.0,3.0,13.0,0.4580528075564787,58.630759367229274,0.7825663793771376,5.263199094492526,0.0024597498491469873,0.0,4.120705074513224
8.0,3.0,14.0,0.11209620940627114,14.348314804002706,0.850394542011841,24.98845593935678,0.0038951735054915306,0.44546372971823134,4.120705074513224
8.0,3.0,15.0,0.30143091742599115,38.58315743052687,0.8476518594548447,7.955359733596475,0.020255594162034752,0.27118047537715556,4.278681513687172
8.0,3.0,16.0,0.3734642495383142,47.80342394090422,0.908899660837309,5.574035544424132,0.0515756215791916,8.75695589734145,4.95538514305734
8.0,4.0,1.0,1.0,128.0,1.0,1.0,0.01653516456537087,-1.6208658966730662,4.4798798278556475
8.0,4.0,2.0,0.9268761225746187,118.6401436895512,1.0294679144215517,1.9087018914451188,0.007363019583320569,4.352186145485979,4.117022677892097
8.0,4.0,3.0,0.8009969336830198,102.52760751142654,1.0277226399695178,3.2665616227308063,0.010051601097898887,0.27383725290533023,3.2704617521351955
8.0,4.0,4.0,0.8712103511341073,111.51492494516573,0.9577638840541579,2.4603657997349133,0.016974463076839398,4.020629494066972,3.4354413524028096
8.0,4.0,5.0,0.7190285885902987,92.03565933955824,1.103760727769414,3.887373877045152,0.06760087031022902,-4.1811101763305,3.8587738682450423
8.0,4.0,6.0,0.7680507635057661,98.31049772873806,1.0509579757440863,3.6239246423997553,0.0036029059842860364,1.4718279060490076,3.7780233939029255
8.0,4.0,7.0,0.8061007384308566,103.18089451914965,0.9184306743371162,2.4227862916282215,0.040059086624320506,-4.282725065635905,3.747608953370926
8.0,4.0,8.0,0.5770099328791931,73.85727140853672,0.8728931401827658,4.27359221023641,0.006129367936067139,1.7913619849400193,3.903802172766758
8.0,4.0,9.0,0.7464024186387835,95.53950958576429,0.9700713158351468,3.397854095750004,0.00785872941082068,5.614514216906153,4.256559423057889
8.0,4.0,10.0,0.6968891960676804,89.20181709666309,1.1038233729549063,4.563480720134628,0.02031274899713343,2.052887525406946,4.004680751597698
8.0,4.0,11.0,0.6928385320890786,88.68333210740207,1.0487320486643932,4.190424861800986,0.03900805920910576,-0.13047094784418412,4.217009036633414
8.0,4.0,12.0,0.37888783767961515,48.49764322299074,0.9673599586933034,12.501296565525813,0.01466364957748911,7.174255917076804,4.5013669429057215
8.0,4.0,13.0,0.5746387462272662,73.55375951709007,0.9439881737960977,4.671635717479334,0.017965706344997452,0.09711750338947515,3.8046266475059665
8.0,4.0,14.0,0.5065468225347564,64.83799328444881,1.0182294996287935,4.489054809140438,0.09630568369927217,1.1438387645643562,3.761532138237938
8.0,4.0,15.0,0.6267363079510828,80.2222474177386,0.8988390584545833,3.881401436150552,0.014968868176191816,-0.7409582216825465,2.6945810050235584
8.0,4.0,16.0,0.11843011684642066,15.159054956341844,1.148990498622154,33.61228645018204,0.11051161503785147,5.77805783965349,3.709033093679331
8.0,5.0,1.0,1.0,128.0,1.0,1.0,0.025255361327661215,-0.22844103276844974,4.133900003423197
8.0,5.0,2.0,0.786997235784539,100.73564618042099,0.9485199200596013,3.5059828668488415,0.005429146829425195,1.0158314096632752,4.057936067820759
8.0,5.0,3.0,0.7077780805640321,90.59559431219611,0.9924495271238278,4.937668706922891,0.014167587565546185,3.540316491031826,3.5027982671209346
8.0,5.0,4.0,0.9254343740785036,118.45559988204846,0.9623155697297505,1.7301195715344473,0.016102184373453798,-1.22628079899585,2.964937906806705
8.0,5.0,5.0,0.822919264750804,105.33366588810291,0.9501736088890398,3.894867796933119,0.03279973031741858,2.796195880878397,3.356269621783402
8.0,5.0,6.0,0.5303482710561626,67.88457869518881,0.9536102814887215,6.323977874957413,0.07835121166220269,-4.189865028533868,3.0577694479446196
8.0,5.0,7.0,0.7064237768919652,90.42224344217155,0.99773112475188,4.229221484931272,0.019657284434297796,3.6062902384851756,6.430166455478944
8.0,5.0,8.0,0.5125911815717179,65.61167124117989,0.9093115427611911,6.973076829360625,0.009214727955953387,0.9687018930930861,5.402325609483537
8.0,5.0,9.0,0.7717404772085317,98.78278108269205,0.963716539740771,3.9138271711541632,0.049547213180646685,1.5124633795560896,4.904375633380031
8.0,5.0,10.0,0.7697673677435274,98.5302230711715,1.085437625869032,4.487551423420815,0.04937959283401793,2.451545561899875,4.602238825175113
8.0,5.0,11.0,0.35907987362374516,45.96222382383938,1.0612584294267662,14.308978049156114,0.04842897270888069,2.6192563458937674,3.7767364533234957
8.0,5.0,12.0,0.21473667801994628,27.486294786553124,1.142537706795078,21.175094613447076,0.028082732506719933,-1.27875883432015,3.1360254393041904
8.0,5.0,13.0,0.3656569271078784,46.804086669808434,1.068813463776381,11.565452381861597,0.017945186807581445,-1.2549119757569176,4.098150686448035
8.0,5.0,14.0,0.35846390175503984,45.8833794246451,1.146516153457799,10.28267033071466,0.022110276407739042,5.42011220400065,4.656736921525704
8.0,5.0,15.0,0.36268205513051527,46.423303056705954,0.9749850743397632,7.7195635763683494,0.01469957910116421,0.49871105379045566,3.0085371380722834
8.0,5.0,16.0,0.43936415150304853,56.23861139239021,0.9879278093813164,9.577427957899515,0.051058204099029475,-3.1679914182983104,2.7753919849625612
8.0,6.0,1.0,1.0,128.0,1.0,1.0,0.0047203759528757164,0.0,4.627697673537583
8.0,6.0,2.0,1.0,128.0,1.0,1.0,0.017675093505361315,2.99660649225758,4.627697673537583
8.0,6.0,3.0,0.8920254062559866,114.17925200076628,0.9573482104466303,2.561505550580247,0.0399972619442646,1.2603530622928114,3.2590717558794475
8.0,6.0,4.0,0.7554238981560901,96.69425896397954,1.0093777344470616,3.95204000747636,0.07510614658502136,1.7192720707333642,3.2045652384529846
8.0,6.0,5.0,0.47988257303151594,61.42496934803404,0.9655645078919005,6.577758104179215,0.04900991442788322,1.0970264767639977,2.5504551268409643
8.0,6.0,6.0,0.47846515754391244,61.24354016562079,0.8672626407946855,7.021723656591424,0.008188242208873856,2.2613122202207743,3.447349088198192
8.0,6.0,7.0,0.4631534740740929,59.28364468148389,0.8642068093693405,8.67430984767055,0.017839717009506192,0.10841307698348082,2.7453519457626685
8.0,6.0,8.0,0.3226058799985954,41.29355263982021,0.9111979566945965,12.634609160792047,0.01556088476303083,0.1414333886097969,3.1105298773262646
8.0,6.0,9.0,0.5018205705394055,64.23303302904391,0.8225540354213381,4.9944014936653085,0.009834709046550738,0.19455604655557884,3.35255989236594
8.0,6.0,10.0,0.47257639723130973,60.489778845607646,0.9724563665245316,6.358569153078411,0.03337925802519248,3.5795548923643743,3.248858480197805
8.0,6.0,11.0,0.3133661349230201,40.110865270146576,1.0819815839800473,13.476969680130994,0.00577211837166088,0.05356770502820692,1.4450022516851853
8.0,6.0,12.0,0.46295205057343125,59.2578624733992,0.5373729783832252,2.990718189907428,0.0024247614290330583,-0.15682284323179124,1.630603314875071
8.0,6.0,13.0,0.4529047151740921,57.97180354228379,0.8955297380350989,8.090782328758499,0.025572199253460944,-0.7525004235049783,1.7293488644934798
8.0,6.0,14.0,0.42550764075286057,54.46497801636615,0.9772944085180083,9.58843189680247,0.014101797048472127,0.09666922473917146,2.3787396349585874
8.0,6.0,15.0,0.23502993196700023,30.08383129177603,1.059742857588671,10.952235845323534,0.1272897690707174,-6.280116104925835,2.55989857474928
8.0,6.0,16.0,0.3776712024092789,48.3419139083877,1.0215389248485935,9.43954152198491,0.016702425400182463,2.7564920238838795,6.377397251537851
8.0,7.0,1.0,1.0,128.0,1.0,1.0,0.028003155385605518,2.9413537198605186,5.502808888597344
8.0,7.0,2.0,0.6532584630617978,83.61708327191012,1.0663827725603474,7.589551863601878,0.021184400417891602,1.7831216323451824,3.4609202735830076
8.0,7.0,3.0,0.9342862236183818,119.58863662315287,1.011266936773416,1.9637542801838328,0.01129732739345039,0.00938863855191158,2.9018841992584976
8.0,7.0,4.0,0.797532160141827,102.08411649815386,0.9919150819586555,4.455254346328161,0.010879449997373251,2.3679823395701964,2.991773787994121
8.0,7.0,5.0,0.6264812591870819,80.18960117594648,0.9015453201998023,3.9776685991520697,0.012519514906330596,1.563837253269579,1.5726574897985095
8.0,7.0,6.0,0.5989121657206398,76.66075721224189,0.9795241298188049,4.051014790395891,0.009313147085864802,0.05271376557317971,1.238780085269314
8.0,7.0,7.0,0.8597609315185689,110.04939923437682,0.944319354875778,2.626758444867721,0.030593977898670792,-2.9851133148390976,1.2515993477894258
8.0,7.0,8.0,0.6976798209685969,89.30301708398041,0.867750238252404,3.601058981276299,0.036720189194321504,0.19766609148057768,2.4160228717971117
8.0,7.0,9.0,0.67765024543318,86.73923141544704,0.9161588100726921,4.797678376794145,0.022595056291851007,3.2235684389003425,2.937504922304203
8.0,7.0,10.0,0.3428163416201496,43.88049172737915,1.0962202357144564,12.286209535048494,0.007676114673803463,1.957391956715511,2.221631048350369
8.0,7.0,11.0,0.7027047518364353,89.94620823506372,0.9490318981887778,5.087472471215517,0.01828815296882242,-0.872948243428598,1.5586277879607233
8.0,7.0,12.0,0.47144033082004944,60.34436234496633,1.0001355188918488,9.701754571726358,0.012076396336388677,0.4092970671227168,2.0537134495574962
8.0,7.0,13.0,0.31334156305850674,40.10772007148886,1.029168070255176,11.670186757262213,0.008203675443174789,0.6063823594748811,1.9480694840282837
8.0,7.0,14.0,0.3589003525092829,45.939245121188215,1.0014335199274464,13.242561444284897,0.015626078044034684,0.6183483463277172,1.9111913015803612
8.0,7.0,15.0,0.7401309317865806,94.73675926868232,0.9279537919616322,3.621514141125056,0.015361478970147878,0.23079693418068933,1.8176565533588842
8.0,7.0,16.0,0.2973499307189975,38.06079113203168,1.1110047569032653,12.418440556827164,0.012669485086362366,0.8746281042530298,1.8631382603963278
8.0,8.0,1.0,1.0,128.0,1.0,1.0,0.03252449795812769,1.1089160013093673,1.732998186926301
8.0,8.0,2.0,0.7729762475252017,98.94095968322581,1.0061463724898514,3.3384217856199268,0.043544923351084286,-0.44118864574014155,1.639082974875864
8.0,8.0,3.0,0.768091403655266,98.31569966787404,0.9947270294234095,3.253553452197189,0.024017695962223314,0.1516303664527432,1.9175036325367671
8.0,8.0,4.0,0.8260957449056752,105.74025534792642,0.8999419208533246,2.5120349083556057,0.03588493984484802,-1.5923076582364266,2.2745183280987904
8.0,8.0,5.0,0.6139724235046025,78.58847020858911,1.0365804075823095,6.012326722478298,0.084044097828963,-1.5202760863980012,3.2716763628085106
8.0,8.0,6.0,0.6913659714833932,88.49484434987433,0.9156361657469807,4.137168916009756,0.00859669518525477,-0.3767808965768795,3.6793987016278735
8.0,8.0,7.0,0.442600056851662,56.652807277012734,1.040069959283661,10.606726133549962,0.016588892215149656,1.5860429436907784,3.723339512585818
8.0,8.0,8.0,0.6816741081002096,87.25428583682682,0.9355240117433489,4.288012709467218,0.015429366639721743,1.0285791867954424,3.7302573002390473
8.0,8.0,9.0,0.4824138422234468,61.74897180460119,0.9551545520405724,6.373270713840927,0.00756300568588774,1.6369719126973592,3.5048342210383407
8.0,8.0,10.0,0.6514474226756659,83.38527010248524,0.9328898981865344,4.731736047847705,0.09309298335884111,-1.3026227696959216,2.922309941404918
8.0,8.0,11.0,0.4947052315251877,63.322269635224025,1.0130640220930491,6.441145850760895,0.02490941321220115,-0.47207738117342474,2.842317152511048
8.0,8.0,12.0,0.539817196420901,69.09660114187533,1.1111960827951477,8.221267168815375,0.02719973514685859,-2.432710322047889,3.650817662695968
8.0,8.0,13.0,0.4788063335448416,61.28721069373972,1.0329814737136893,9.660202999182994,0.021773624552466724,2.34081155222236,4.4518498752327575
8.0,8.0,14.0,0.28374802808325916,36.31974759465717,1.2764356080245143,16.83856142424186,0.007963358664311884,0.6726970550444945,3.1610389282059588
8.0,8.0,15.0,0.5160933890140983,66.05995379380458,0.9846340289181903,7.251364890623754,0.02718114888586914,2.7545735596001957,3.0861790506939495
8.0,8.0,16.0,0.5572949077415618,71.3337481909199,1.056059535349021,6.111529745493486,0.015825427040016653,0.05879448313112968,2.5529605483662783
9.0,1.0,1.0,1.0,128.0,1.0,1.0,0.011692196154419755,1.8403410190064464,4.9370225778923835
9.0,1.0,2.0,0.9349549871001968,119.67423834882518,0.9788749784511497,1.917920362564152,0.01758495058897021,7.516100344667971,4.519526871710012
9.0,1.0,3.0,0.9284803612405745,118.84548623879354,0.9780682862628145,1.9815330019038189,0.03196850064028722,-1.0794083580964746,4.766537632423438
9.0,1.0,4.0,0.6165257786186796,78.91529966319099,1.1068234027006865,6.305343198850674,0.008545219543314846,10.21886872968465,7.165251636636528
9.0,1.0,5.0,0.5912433091957391,75.6791435770546,1.013652954879465,6.819415254079358,0.01755083178250401,2.284787260686075,5.079742970947066
9.0,1.0,6.0,0.607917260946197,77.81340940111322,0.9636704796184117,5.325875946870766,0.03157987405617646,5.227163619980306,4.986383986547623
9.0,1.0,7.0,0.6124531824950743,78.39400735936951,0.892883684888935,4.70859478066077,0.007050636403274383,1.9961431735165198,4.8124419056792975
9.0,1.0,8.0,0.5416228677579915,69.32772707302291,1.0334112563443871,8.512919535073172,0.027765818039002868,7.204342582093334,4.7110614302785
9.0,1.0,9.0,0.4498829433800884,57.58501675265131,0.9179514649646163,6.527702838311621,0.04462594167288887,0.1972384577079794,4.847027354103884
9.0,1.0,10.0,0.373731224440826,47.83759672842573,0.9112227221989248,7.789826449296005,0.017717826191180095,-2.3961846132071374,4.869067114243003
9.0,1.0,11.0,0.41640362733017466,53.29966429826236,1.0715479052445027,7.910134544145348,0.06895237047235597,0.6412966000881657,5.409441267352151
9.0,1.0,12.0,0.3896904252807092,49.880374435930776,1.0777871797109775,8.031011709878534,0.012286584316377065,3.145092039079245,7.339532038422282
9.0,1.0,13.0,0.1616496798053906,20.691159015089998,0.8899950313664524,21.525364785181274,0.008931441258153264,6.259378326001774,6.741316937212673
9.0,1.0,14.0,0.41684288802722563,53.35588966748488,0.9672745125619089,7.267513397824504,0.014616238947992202,6.051833682392371,5.30465283056314
9.0,1.0,15.0,0.34461655397248303,44.11091890847783,1.1088749028868206,14.293799083941092,0.01631592724270933,2.7293703087061756,4.187697382311328
9.0,1.0,16.0,0.5686633116706683,72.78890389384554,0.9776318364870744,3.9185087671557364,0.013135360932310554,6.060607561645915,4.530771379785848
9.0,2.0,1.0,1.0,128.0,1.0,1.0,0.013282352228830648,0.6284970659724033,2.924564683520886
9.0,2.0,2.0,0.8680948470501604,111.11614042242053,1.0412308663503784,2.8154124007155166,0.015355380740685511,1.7675445838969288,3.6047755226615013
9.0,2.0,3.0,0.6662370782148622,85.27834601150236,1.0778219027112925,6.124115938386364,0.02029736141895634,-0.7694063674798576,2.8193377538195343
9.0,2.0,4.0,0.5081767159621083,65.04661964314987,0.9985278586079206,5.672136598826256,0.011132193514492588,2.1301739204293177,4.248752764608193
9.0,2.0,5.0,0.6472437210112907,82.84719628944521,0.9432805483917822,5.459572477822721,0.03763822777655275,1.93385092523036,4.608889225229028
9.0,2.0,6.0,0.490847886484205,62.82852946997824,0.9834782946860686,7.518038244862458,0.014438588238851356,5.02791248535752,4.681017138792556
9.0,2.0,7.0,0.7718996261100789,98.8031521420901,1.0090031688148775,3.659425331676614,0.019677202260330165,2.8784860701566077,2.9156182176988064
9.0,2.0,8.0,0.5802423914231382,74.27102610216168,1.0147921666760613,4.622430535435029,0.007637257421908168,1.2946844566524085,2.3987180741789036
9.0,2.0,9.0,0.3435056343281475,43.96872119400288,1.093957117443277,9.62875712403755,0.07304143170913177,-0.6350637154199875,2.364019214807626
9.0,2.0,10.0,0.30229780139008783,38.69411857793124,0.847455322418384,10.73753865215594,0.026021286699527607,1.051569629888203,2.4664273234751306
9.0,2.0,11.0,0.19566386348501014,25.044974526081297,1.2443399258453711,17.668283898863425,0.03869127715463207,1.0462569938217263,3.014586422948194
9.0,2.0,12.0,0.3903645048069347,49.96665661528764,0.8759347545761484,7.433400500895024,0.020610228006454314,-1.7691482084958619,3.101981546951674
9.0,2.0,13.0,0.35756600644153413,45.76844882451637,0.8019924104249387,7.129325391619694,0.014080113036518151,3.0263383379388786,4.852573889620773
9.0,2.0,14.0,0.265587017253916,33.995138208501245,1.0719282092543352,10.282898240172432,0.028509419069600313,4.659289226187794,4.066679794485422
9.0,2.0,15.0,0.3980645535618813,50.95226285592081,1.0950340395457843,10.425868010933755,0.008199461739439182,1.4920005912046994,3.353709235742356
9.0,2.0,16.0,0.5254751304181661,67.26081669352526,0.8954605094854828,4.93703758757894,0.015515650774820653,-0.44303312704661724,3.2226906001282973
9.0,3.0,1.0,1.0,128.0,1.0,1.0,0.013822746264309656,2.5497003268770393,4.141110044295064
9.0,3.0,2.0,0.8096713028387049,103.63792676335423,1.0661832673981917,3.213164288404422,0.03115254917275525,0.3120831782744492,3.0708891989738243
9.0,3.0,3.0,0.32356719571085196,41.41660105098905,1.2063877390564848,13.768822662216035,0.033820141237496576,-2.363816763142253,2.294723696544361
9.0,3.0,4.0,0.4162212159256778,53.27631563848676,1.0734166544567936,8.652620511389767,0.013341910042544251,-2.8287995473496816,3.068552751139917
9.0,3.0,5.0,0.2719349668603017,34.80767575811862,1.0962004553138418,16.32330843817123,0.02308405690872512,0.5336844996597299,3.7860138326826536
9.0,3.0,6.0,0.3612303391300923,46.23748340865181,1.0901027382762019,9.01564229336807,0.05197807344825204,-2.639761816945069,3.9032069208889895
9.0,3.0,7.0,0.5366156945944366,68.68680890808788,0.8859582974288798,4.25643735314137,0.01875520105940104,2.654684362101565,4.927428962142683
9.0,3.0,8.0,0.08204738878406968,10.50206576436092,1.709086870348348,59.38077423211553,0.0438602630757534,0.4606421812825531,4.281486002584463
9.0,3.0,9.0,0.5758580734786228,73.70983340526372,0.9770852552990161,5.820392539259694,0.020914316698151525,0.575233249966815,4.743499162428553
9.0,3.0,10.0,0.38262645117690625,48.976185750644,1.3898502648834987,10.170747189469125,0.04525236987389747,0.33751548909748885,5.4952182936451575
9.0,3.0,11.0,0.18331801625104616,23.464706080133908,0.8039429326486941,16.398108789876602,0.1464262177264705,-9.788447852137242,4.1159411647351245
9.0,3.0,12.0,0.33856675280574994,43.33654435913599,0.912217396964931,10.024205253062677,0.010817614032140484,5.271688470107099,9.960591506524297
9.0,3.0,13.0,0.5598902921504303,71.66595739525508,0.828166678310348,4.372675173136253,0.022380486172498083,1.275844766114328,7.085314856356737
9.0,3.0,14.0,0.17993604116038053,23.03181326852871,0.955432701935663,20.365540296615972,0.3199840466489459,-32.57679113031105,5.1372754144872665
9.0,3.0,15.0,0.13800097900123953,17.66412531215866,0.6259556987173724,11.518185155312416,0.010405992455730245,6.236875431424232,24.670611632369827
9.0,3.0,16.0,0.19171425622167682,24.539424796374632,0.8889492040079564,12.678566309255682,0.02016540411740716,12.63285112632415,24.944603815804207
9.0,4.0,1.0,1.0,128.0,1.0,1.0,0.006304650009836097,16.607412516926512,20.431645225132346
9.0,4.0,2.0,0.8897408077660778,113.88682339405796,0.9768144440951823,2.7833268259760615,0.007462940377744814,3.9295294820309965,13.905331272260424
9.0,4.0,3.0,0.9026577172588405,115.54018780913158,0.9845731917669694,1.963655504734083,0.01346131485952104,9.366977664118869,11.81700890957862
9.0,4.0,4.0,0.5346990041463431,68.44147253073191,1.0805350730839653,8.090215853249182,0.025865457616939026,5.9188462682480605,6.4953092410353035
9.0,4.0,5.0,0.4304735975181656,55.1006204823252,0.9873030263800651,7.630634108217955,0.05368639345895092,0.6314979051173442,3.8396823688005886
9.0,4.0,6.0,0.4423113972842297,56.6158588523814,0.9424248207605104,6.342736679075802,0.03584567086798762,1.4551364609261659,5.979248973736828
9.0,4.0,7.0,0.6907775543399082,88.41952695550825,0.98159657295525,4.655060372069755,0.01822810486127535,2.624114037215533,4.5288403759322975
9.0,4.0,8.0,0.5308648166672304,67.95069653340549,0.9254798792630016,6.693222595761166,0.01968999000571159,2.8816340490469226,3.0774861366960917
9.0,4.0,9.0,0.25368001172629334,32.47104150096555,1.1626206314265803,20.367823664987917,0.025097631342034382,1.272501505407312,2.4952256764443015
9.0,4.0,10.0,0.20374030513554342,26.078759057349558,0.7894553442588708,11.249495422326168,0.010154102944430133,-1.0940405169028447,2.3049651343036768
9.0,4.0,11.0,0.06019310810236341,7.704717837102517,1.3994320077117175,60.98867356185735,0.03219023800468634,3.201297924044869,2.6541184851720985
9.0,4.0,12.0,0.196849252891782,25.196704370148097,1.1991536845894255,24.610490335108846,0.06091137891227723,5.257003839606312,2.679833146969331
9.0,4.0,13.0,0.1830969031306192,23.436403600719256,1.0175890582444862,17.871625792369024,0.009811931674554379,0.008854773296410422,1.8245959811190178
9.0,4.0,14.0,0.3945634062427106,50.504115999066954,0.6421317720339068,3.1607195328010813,0.004186198490258943,0.3949934922532228,1.8519982097247916
9.0,4.0,15.0,0.07914783846680176,10.130923323750626,1.0733789949831138,38.69424219249008,0.0030956282876014652,0.10752926456254638,1.8201585996568532
9.0,4.0,16.0,0.24032869834189172,30.76207338776214,0.6903947543560337,10.023229953086963,0.0022939105023896183,0.7351889584056035,1.919294378434768
9.0,5.0,1.0,1.0,128.0,1.0,1.0,0.017948136790007917,1.2163357055451502,1.7323578110987614
9.0,5.0,2.0,0.8635711346469943,110.53710523481527,0.9761130458138557,2.1182598670488195,0.005669887803668752,-0.11880487150309792,1.678766745964566
9.0,5.0,3.0,0.9267578004667901,118.62499845974914,0.9988800527298907,2.3978379214945384,0.02309882017542764,-0.8524102924088971,1.7124204079695655
9.0,5.0,4.0,0.8178534696690343,104.68524411763639,0.961240504442311,2.6799385120618253,0.01883905269393921,1.9696855105128641,3.02539668151433
9.0,5.0,5.0,0.8215014249200387,105.15218238976496,1.0156616356886856,3.737435893319592,0.034066342595505186,2.0908458814979003,2.539977984577229
9.0,5.0,6.0,0.6043506684819365,77.35688556568788,0.9915299805077632,4.918389332528366,0.008166546464268887,0.998731193116953,1.728691619972176
9.0,5.0,7.0,0.6838000220435574,87.52640282157535,0.962340083595442,4.89352090281305,0.009615610100087386,1.158873923600828,1.392384408211687
9.0,5.0,8.0,0.782513351197801,100.16170895331852,1.017733120411723,2.8846740520246694,0.013381001796553037,-0.16803366680916976,1.406947867111522
9.0,5.0,9.0,0.7394226111155163,94.64609422278609,1.012222817582018,4.077659635868545,0.013578638996785504,0.36929680155885025,1.7049042604934597
9.0,5.0,10.0,0.25951779399745584,33.21827763167435,1.0941939364162943,20.591865870064176,0.018147049721816935,0.4268626465834597,1.9264296841128488
9.0,5.0,11.0,0.6133117366312244,78.50390228879672,1.0445428233445373,5.698828465170574,0.016005885528005723,1.750243533147936,2.5961626996769946
9.0,5.0,12.0,0.586413907985642,75.06098022216217,0.9587616664784103,4.992279023666187,0.009703332368445422,0.8241863764731732,1.8408931078816517
9.0,5.0,13.0,0.5215804560089214,66.76229836914194,1.0429317078867888,8.068138130911485,0.01899215775935191,-1.8792831726000552,1.4898707767511083
9.0,5.0,14.0,0.45374918828796923,58.07989610086006,0.9632866805901446,5.706370711049406,0.013481729925241707,0.9818295387377846,2.6395816244431076
9.0,5.0,15.0,0.5869899565854136,75.13471444293295,0.9853440884204463,6.626999666177156,0.015176923256533997,-0.6081969185106287,2.135388935721764
9.0,5.0,16.0,0.7335979105205129,93.90053254662566,0.905343744359506,3.393947287306656,0.04044090617326216,0.4140020003583987,2.9220672253493136
9.0,6.0,1.0,1.0,128.0,1.0,1.0,0.028167671440178052,3.081660131128802,3.3037224274235975
9.0,6.0,2.0,0.717802257026183,91.87868889935143,0.9359612198545969,4.4967033281214155,0.03859110095643104,-0.8882458578795688,1.894832810268234
9.0,6.0,3.0,0.8293829425707496,106.16101664905595,0.9839780716704957,2.5761199681119358,0.022351419580123294,-1.1146803734789599,2.644647908315444
9.0,6.0,4.0,0.638171080204049,81.68589826611827,0.9470096116417661,5.5258963731192035,0.01663053465759124,-1.6358018822029057,3.5146404785150653
9.0,6.0,5.0,0.36487236764567677,46.703663058646626,0.9275784088677677,12.969301681419587,0.010735745234613585,1.8941314832928349,3.6724358505146197
9.0,6.0,6.0,0.6423568658868392,82.22167883351541,1.1008699224593408,4.709975520521224,0.0405397608200725,-1.2398766322941221,2.8148306337803173
9.0,6.0,7.0,0.8626070099018089,110.41369726743154,0.9915394221928526,2.6677491718285733,0.08846064332866543,5.82085816654926,4.389846407898545
9.0,6.0,8.0,0.4542771711913536,58.14747791249326,1.0240679873892322,9.039138702543255,0.005047759986557911,-0.14107096470737365,2.8540834509142874
9.0,6.0,9.0,0.5876044117214155,75.21336470034119,0.9917718402707087,4.96225245517761,0.010850626888300637,-0.12885972683479233,2.9764172718945288
9.0,6.0,10.0,0.6783443708426269,86.82807946785624,1.0113239797319755,5.104098340416065,0.0214653105162331,-0.14489862005523207,3.135012378558607
9.0,6.0,11.0,0.6497650044844685,83.16992057401197,0.7714547635512556,3.086432175119068,0.02733808319119477,0.9827801484524222,3.701703400809683
9.0,6.0,12.0,0.5905174338344149,75.58623153080511,0.7987515262917231,4.069967797974669,0.053530324020514844,-0.9976396121274932,3.1327641981427834
9.0,6.0,13.0,0.5759058004411812,73.7159424564712,0.8713063924142298,5.290011775433917,0.017331787258391185,2.510672562483236,3.94093312233402
9.0,6.0,14.0,0.8858538761559609,113.389296147963,0.968277164387498,2.4295306107605357,0.027244570856627032,1.1372061392305084,2.9216581656148417
9.0,6.0,15.0,0.7111789617482392,91.03090710377462,1.0266942257035154,5.152961741916776,0.027305905347477004,-0.41376607416836086,2.9628166315037254
9.0,6.0,16.0,0.5715327485270307,73.15619181145993,0.8810759490925427,5.591634590418794,0.07852480889015323,1.3851111117895798,3.1537459713441325
9.0,7.0,1.0,1.0,128.0,1.0,1.0,0.04537964306926019,-0.4913237027961742,3.321158184524366
9.0,7.0,2.0,0.6870460799939234,87.9418982392222,1.0213268799991786,4.89524194986889,0.03469062721420203,1.494688077319222,2.8281264907367856
9.0,7.0,3.0,0.9009322472753161,115.31932765124046,1.0020635219288057,2.4268971919048923,0.0137854805153846,-0.04298580686697481,2.658064089797059
9.0,7.0,4.0,0.8449500722082689,108.15360924265842,0.930789448523081,3.509250780772829,0.028346170941608136,0.6834538085111811,2.726461697731119
9.0,7.0,5.0,0.6711305316517432,85.90470805142313,1.017329095801935,4.907272306305855,0.007411149502243151,-0.39677076343676954,2.5455192293144764
9.0,7.0,6.0,0.45802906086929596,58.62771979126988,0.9123424602384859,7.890954001779728,0.005871702412912919,1.0541532947839032,2.8548153125091837
9.0,7.0,7.0,0.7431199625596345,95.11935520763322,0.9113379576186951,3.2377012461129713,0.015585153008358587,1.013410950388466,2.3428775982144288
9.0,7.0,8.0,0.5456804527141939,69.84709794741681,1.0091650546946769,6.043744118729539,0.009738409169386661,-0.32162730236659737,1.9076052337785816
9.0,7.0,9.0,0.7578942224095166,97.01046046841813,0.9685042722825923,4.387337083464269,0.024074024170842395,2.3265710495301097,2.116971761616327
9.0,7.0,10.0,0.7638636363236062,97.7745454494216,1.0022803653795818,2.979308114866949,0.024363961254326896,-0.09760199161612473,1.4046521443030098
9.0,7.0,11.0,0.3062211292143185,39.19630453943277,1.0336030044977245,11.370981082725855,0.028028372145423176,0.9516635530018888,1.75841417462416
9.0,7.0,12.0,0.334655517607914,42.83590625381299,1.0902880022247772,15.928129449849166,0.01760481418648205,0.48748472047200136,1.3454473185908395
9.0,7.0,13.0,0.7351099904492283,94.09407877750122,1.1050745981488959,3.9337710255386042,0.03126617514821461,-1.3092879619411304,1.0710509785259001
9.0,7.0,14.0,0.5747983936156195,73.57419438279929,1.0117312364935822,5.4497596345116905,0.027356962267566988,-0.6547967822780404,1.7269803445186354
9.0,7.0,15.0,0.4875460393063249,62.40589303120959,0.9441015145266538,5.523090591445244,0.04068298409654572,-3.1275462222098454,1.8109599591724614
9.0,7.0,16.0,0.027412324905266815,3.5087775878741523,1.962526773384034,133.39056130108023,3.4854311657835773,-84.62389304155505,2.502267837277715
9.0,8.0,1.0,1.0,128.0,1.0,1.0,0.00828177822101564,49.75478972577393,33.47323615896859
9.0,8.0,2.0,0.8996393150431102,115.15383232551811,0.9987860008032644,2.345361590859431,0.004775729689433312,36.39552975451853,33.077702837268795
9.0,8.0,3.0,0.5062223730221493,64.79646374683512,1.1022813822538233,8.93094654548403,0.10728148854475034,65.78256880010169,24.43289906828583
9.0,8.0,4.0,0.6714841423792878,85.94997022454884,0.8976719841426011,3.671742663911353,0.0168277620884395,7.226780545637532,2.8410244329782217
9.0,8.0,5.0,0.0112936628885933,1.4455888497399425,6.054291631533533,643.5696687400837,0.008786880601601566,2.08057161270866,3.269544175958364
9.0,8.0,6.0,0.03482104124570762,4.457093279450575,1.041693625104463,62.5648800918044,0.0021009947172617375,0.028647650203670803,3.269544175958364
9.0,8.0,7.0,0.5702591011460838,72.99316494669873,0.7970404493788906,3.509687834363764,0.02588393969323951,10.958154714434505,3.269544175958364
9.0,8.0,8.0,0.4724478210495996,60.47332109434875,0.8224896725869368,5.7983529791057835,0.04183136481988874,-0.7393307899827418,4.091231649623539
9.0,8.0,9.0,0.355372838903467,45.487723379643775,0.6377448257970527,5.865890992722582,0.0035739997604870297,0.0,5.0876847359385735
9.0,8.0,10.0,0.04349537815631088,5.567408404007793,1.4691207215546083,76.77005930361595,0.003962514258511096,0.5955656525316902,5.0876847359385735
9.0,8.0,11.0,0.09525865243591973,12.193107511797725,0.7093227205760103,20.857223965168266,0.0027520448386082544,5.81215522462313,4.980000607279759
9.0,8.0,12.0,0.20598060238328353,26.36551710506029,1.3698673554484375,20.099276623305528,0.0029948272205052905,1.753124357372728,5.009312862928302
9.0,8.0,13.0,0.08169297512482647,10.456700815977788,0.7305393191256863,22.66820111678243,0.008601629920736924,-0.08991885082109252,4.550933687511645
9.0,8.0,14.0,0.18637302981754272,23.85574781664547,1.0892406791639155,23.69644707032076,0.0230726814539287,5.046700205088183,4.458358046347474
9.0,8.0,15.0,0.017758505544255572,2.273088709664713,1.606218001973039,135.7427276378555,0.004626360478039659,0.3867764230454627,4.1293666607790716
9.0,8.0,16.0,0.03720427856437059,4.762147656239436,1.6778815803685112,95.30842381230916,0.10078445394668423,2.4777780079851106,4.037776559909906
10.0,1.0,1.0,1.0,128.0,1.0,1.0,0.012994220472589937,3.1892437904712363,4.9370225778923835
10.0,1.0,2.0,0.8752165107497839,112.02771337597234,0.9449519094928884,2.62394284205485,0.0023699094047804105,3.371053065473413,5.765524519446819
10.0,1.0,3.0,0.8535314052633318,109.25201987370647,1.029374055744549,2.4716863471705697,0.009120374222543946,9.924771966622876,5.490036632600464
10.0,1.0,4.0,0.672324515614178,86.05753799861479,1.0453356853249742,5.018035095017468,0.02786060302196019,0.7063003757794813,4.016141191092321
10.0,1.0,5.0,0.6395912282319094,81.8676772136844,0.883248511927209,3.5921107047274248,0.01008616811629383,4.543892117365733,4.67193885483174
10.0,1.0,6.0,0.3728499667687963,47.724795746405924,0.947750003154441,7.967453303344682,0.0031504585561929616,3.4794686084519313,4.373020279227178
10.0,1.0,7.0,0.5425950780559798,69.45216999116542,0.8423036804080148,4.143745420387516,0.005481453689280763,1.7117380220663545,4.138242828338295
10.0,1.0,8.0,0.6074224031782465,77.75006760681555,0.9252465532847527,4.571374413470394,0.0018788832181678258,0.5252941043548864,3.896612017841762
10.0,1.0,9.0,0.3928875176900415,50.28960226432531,0.9231848440445211,7.364116557644588,0.006472836135669981,3.275311560008099,3.7983495834748258
10.0,1.0,10.0,0.5106462771848636,65.36272347966253,0.9407249695172089,5.482805227898053,0.016122193617589906,-0.9780252919405843,3.5929703481885333
10.0,1.0,11.0,0.3076766445211624,39.382610498708786,1.0887182682084537,11.836575238386834,0.03453353863144875,-3.984418188617338,3.8938568351194762
10.0,1.0,12.0,0.4154655516673493,53.17959061342071,1.0701050520752415,8.597885203037734,0.016937423466461862,6.022616417683648,6.492197969633043
10.0,1.0,13.0,0.6504758365705541,83.26090708103092,1.0382224860992033,3.611455299566697,0.016401149963627376,3.326867828354977,4.989201288135881
10.0,1.0,14.0,0.44469858094571735,56.92141836105182,0.9713418593619392,7.244394726641577,0.025060698390901418,0.2925847120723396,4.645479182914354
10.0,1.0,15.0,0.1667757326501106,21.347293779214155,1.2097072356782843,29.346290265213167,0.024302856603834293,-1.01661722119836,4.63614449976974
10.0,1.0,16.0,0.21864130960491543,27.986087629429175,1.0947113143763403,18.86953589998081,0.024060737120526855,3.436168407139729,4.92886377958479
10.0,2.0,1.0,1.0,128.0,1.0,1.0,0.015537681658985288,8.688813012651316,5.122175071448234
10.0,2.0,2.0,0.8777620927159918,112.35354786764695,0.94470838706856,2.7928705008385486,0.0026365533657354634,2.904974413447637,3.4106453880163827
10.0,2.0,3.0,0.812301421425881,103.97458194251277,1.0000128576084837,3.090687867182826,0.003988692162805324,3.309711036096525,3.1279538724276215
10.0,2.0,4.0,0.7622671629730597,97.57019686055165,1.0202565043731666,3.2856798826091858,0.012837154774822022,4.782013844754414,2.8114971154340056
10.0,2.0,5.0,0.5297735068501133,67.8110088768145,1.0393028977483292,5.978225504220868,0.07374418817476405,-1.1613818257620503,2.2881141260444373
10.0,2.0,6.0,0.19323668449147482,24.734295614908778,0.869201630109,13.290522080340157,0.008412466331406713,3.876975503916968,3.887942048305384
10.0,2.0,7.0,0.08020812675707724,10.266640224905887,1.4272019441821553,50.82337438474613,0.012380643547184161,-0.14617049966932677,3.405477501114907
10.0,2.0,8.0,0.4392345651597694,56.22202434045048,0.9212760114482462,7.6253272245634225,0.03336589878020603,-4.090291184908422,3.668868819598389
10.0,2.0,9.0,0.26018240406512966,33.303347720336596,0.9434923592807081,12.766909232651575,0.011905914098571349,1.5282721431971944,5.16745924699223
10.0,2.0,10.0,0.3201700176004022,40.98176225285148,0.8655144141130602,7.99148637739458,0.04232312544109329,-0.5386461873009512,5.350208544412643
10.0,2.0,11.0,0.30509612654730606,39.052304198055175,1.15118957197032,14.572508187995679,0.04184190151915436,5.705638220749767,7.291622784061733
10.0,2.0,12.0,0.28318158551898615,36.24724294643023,0.925000513849634,14.063571331195842,0.01635577789412432,3.4050843797957175,6.240021321842329
10.0,2.0,13.0,0.23823946729831563,30.4946518141844,0.9612652767026361,13.261382338246097,0.033954205388607606,6.74021518464799,5.660549367106844
10.0,2.0,14.0,0.07664150192928759,9.810112246948812,1.207385820270598,47.03685170739216,0.012785312110467923,1.1974058795898295,3.311461789523529
10.0,2.0,15.0,0.4908749417815666,62.831992548040525,1.0318752292330422,5.541318236364234,0.021776836642769214,2.7362396361789068,3.379348482245085
10.0,2.0,16.0,0.22892227959053527,29.302051787588514,1.075341176600273,18.553378736670304,0.003980073324538719,-0.04558075973586123,3.459972811910833
10.0,3.0,1.0,1.0,128.0,1.0,1.0,0.03651403839944631,1.702368499644979,3.547883533539737
10.0,3.0,2.0,0.6923108086358015,88.6157835053826,0.9877798007360319,4.2528305772713875,0.01434388017883555,-0.4995919924621079,3.730175716153273
10.0,3.0,3.0,0.5389953600166667,68.99140608213334,0.9564086103565584,4.904672527805643,0.07179103956787083,-6.94610681425045,4.1216606233598405
10.0,3.0,4.0,0.43747087060877865,55.99627143792367,0.766164916777273,4.9024195404855195,0.00791112322724608,0.3293346872489737,4.427358651365296
10.0,3.0,5.0,0.11276077068781726,14.433378648040609,1.2633552341218186,36.38144022349475,0.6844798556616003,-51.42458423896809,4.444351493593875
10.0,3.0,6.0,0.18581435392014517,23.78423730177858,0.7431743642377703,7.468135681473525,0.06463606965331681,47.16839042045122,27.73656112983034
10.0,3.0,7.0,0.045724006069138824,5.8526727768497695,1.3658225506917567,61.26057426851953,0.6226490450075731,-51.24935970450795,13.266339356988064
10.0,3.0,8.0,0.06688628483939839,8.561444459442994,0.7090110485852466,20.94474074922755,0.015938920302266006,27.366572723812848,34.27163641052711
10.0,3.0,9.0,0.052090024315801495,6.667523112422591,1.3822571780412645,62.703707485007634,1.963080615236749,-28.214566036023967,31.138962809413513
10.0,3.0,10.0,0.11174990983752217,14.303988459202838,0.5499780445998449,12.378163143435534,0.009744493102148439,4.0361700245231455,30.860955469291497
10.0,3.0,11.0,0.018101530601663772,2.316995917012963,0.7992804058481411,66.66140150359118,0.03694393182434406,33.96577660265576,30.429031316539174
10.0,3.0,12.0,0.19421293057528016,24.85925511363586,0.616992417242196,7.387349383660625,0.0038946580338297793,17.378881053403973,19.989622192426072
10.0,3.0,13.0,0.033580572682715505,4.298313303387585,1.084415584535099,51.63403351822687,0.023482688440475664,2.070802044712876,12.649236019925562
10.0,3.0,14.0,0.05557038767262595,7.113009622096121,1.1781255055758546,43.31500393359631,0.5491151391920516,17.087333573553742,12.35144104141773
10.0,3.0,15.0,0.0658644412086508,8.430648474707302,0.4175445377149663,16.359343196639024,0.0031323470945375676,0.6015985072212816,8.661559510873955
10.0,3.0,16.0,0.19555077921845412,25.030499739962128,0.48717063844092323,5.958083859065593,0.015343684868916067,13.79593525523819,8.407349912861351
10.0,4.0,1.0,1.0,128.0,1.0,1.0,0.0019238576137670883,0.0,4.933216531139552
10.0,4.0,2.0,1.0,128.0,1.0,1.0,0.0019238576137670883,0.0,4.933216531139552
10.0,4.0,3.0,1.0,128.0,1.0,1.0,0.007464360587225716,5.853502001239471,4.933216531139552
10.0,4.0,4.0,0.928409584552105,118.83642682266944,0.978921062520798,1.8768778665279116,0.018661479611424864,8.42277642020751,3.539842884938214
10.0,4.0,5.0,0.42504314947176725,54.40552313238621,0.9944664675587018,10.6825537882791,0.007364120059153569,-0.7629876898819802,2.2249638354564643
10.0,4.0,6.0,0.5720527697992436,73.22275453430318,1.0379037457765774,7.375730171347234,0.0024656961263078967,-0.41838969785185165,2.271461468930302
10.0,4.0,7.0,0.6944706591964894,88.89224437715065,0.8538247756678244,4.638418594162023,0.0013816115792621509,3.5508807413119077,2.23787973406802
10.0,4.0,8.0,0.6024592073064392,77.11477853522422,0.9347074667864822,3.735244602298971,0.007710131688033045,5.242058703631332,1.9102620871315796
10.0,4.0,9.0,0.3972062978561096,50.84240612558203,0.9697780592461773,8.837978845704374,0.0014410822303580117,1.8092665477692254,1.414393712748887
10.0,4.0,10.0,0.36465840613822276,46.67627598569251,1.1204681800084262,7.267513603445032,0.011311462872661234,4.377941663390204,1.283884877619068
10.0,4.0,11.0,0.23893318024856236,30.583447071815982,1.148195150391484,16.339571183602907,0.0025912972779575235,1.4694448318003404,0.8552320764152334
10.0,4.0,12.0,0.3634305071223893,46.51910491166583,0.8677324458615292,5.8929581236803426,0.0003793756752617851,0.33147242642399677,0.6841028687699217
10.0,4.0,13.0,0.36498953404675877,46.71866035798512,0.7300793658314393,8.140030323143625,0.002305462747686948,-0.1865009687047088,0.6417076799376787
10.0,4.0,14.0,0.07784445451356756,9.964090177736647,1.7194792176894036,55.34063754350916,0.0003481005463787807,0.0,0.688136096694723
10.0,4.0,15.0,0.26971849762440253,34.523967695923524,1.0938683488238787,11.442522539278668,0.0003481005463787807,0.0,0.688136096694723
10.0,4.0,16.0,0.3975659959909821,50.888447486845706,0.7985956912076101,5.7847296974960996,0.00786894052177975,1.415028512096136,0.688136096694723
10.0,5.0,1.0,1.0,128.0,1.0,1.0,0.0018828615839830525,0.10720786900395606,0.5732795433164122
10.0,5.0,2.0,0.9874177190684192,126.38946804075766,0.9965867220046359,1.3717777968187743,0.0073069704865363645,1.1411501664182113,0.5792808997515877
10.0,5.0,3.0,0.9583461486946092,122.66830703290998,1.0368267762830623,1.9522977833991002,0.0009011952979197541,0.17656247396053218,0.5648142833503171
10.0,5.0,4.0,0.9529041586557355,121.97173230793415,1.0191797675572702,1.489563758054257,0.003120797115634073,-0.19042189530568848,0.5308332275761368
10.0,5.0,5.0,0.8991846111026247,115.09563022113596,0.9703744018480414,2.370695856404662,0.0021627360765352445,0.5911620536650873,0.6495476386136733
10.0,5.0,6.0,0.922603049248643,118.0931903038263,1.006731914227277,1.7774379573643766,0.003224356157465612,0.6493901863692797,0.6008104769940668
10.0,5.0,7.0,0.9269168108650147,118.64535179072188,0.9824612668035515,1.817923263005003,0.003370688430147771,0.3715628132551445,0.5411182358309659
10.0,5.0,8.0,0.8620444180382825,110.34168550890016,1.0226174952087517,2.7136689643567187,0.004695912834354863,0.7373567630564567,0.6110506282753853
10.0,5.0,9.0,0.7881314634602726,100.8808273229149,1.0502637891091275,3.642006650982574,0.0009527908343873097,0.14487541088822178,0.5687331754757327
10.0,5.0,10.0,0.7980699485919385,102.15295341976812,0.9952081339373049,3.038721886479737,0.0034186913390322296,-0.44254670229002424,0.5640448152910275
10.0,5.0,11.0,0.6827855346718782,87.39654843800041,1.090611417697965,3.779640682231666,0.023347318610678777,-2.1968221450116765,0.812821901814468
10.0,5.0,12.0,0.5224547330148875,66.8742058259056,0.9691644172093631,5.82603858419332,0.0008114134088850486,0.0,1.5061268158566345
10.0,5.0,13.0,0.5777718995061898,73.9548031367923,0.8192475315310088,3.950007769888972,0.0026959768244069864,2.858386195211993,1.5061268158566345
10.0,5.0,14.0,0.6516178373931469,83.40708318632281,1.0065459300581883,4.584411325290992,0.002736446456198891,-0.1088349989758587,0.9509648988820167
10.0,5.0,15.0,0.5817058396636011,74.45834747694094,0.9582900244852606,5.414395391901987,0.0008748296344434242,0.22334237750907718,1.0199552420339835
10.0,5.0,16.0,0.6232835607270735,79.7802957730654,0.9036319175389167,4.442988606178091,0.011326557486204696,1.9507172157317871,0.998606637756607
10.0,6.0,1.0,1.0,128.0,1.0,1.0,0.013148834189125084,-1.1021066057804345,0.7950273961940343
10.0,6.0,2.0,0.8843191529870743,113.19285158234551,0.9587326648609404,1.8702077295633848,0.0014799372908224227,-0.11511445268282823,1.1841220315831973
10.0,6.0,3.0,0.8459175042854841,108.27744054854196,0.9998046463384609,3.0575738093093197,0.014214773133825489,-2.0423749259625996,1.1985493176673423
10.0,6.0,4.0,0.671799227188808,85.99030108016743,1.0325142725482706,4.765323824067803,0.001187238558258348,0.0,2.1167140435306933
10.0,6.0,5.0,0.7827192970456585,100.18807002184428,1.0129932825421784,3.5414343279503675,0.006493424125227801,3.800972561686082,2.1167140435306933
10.0,6.0,6.0,0.8762667306935243,112.16214152877112,0.9772133182061391,2.288603534977788,0.001494388901705136,0.8244914124544288,1.1011636713697326
10.0,6.0,7.0,0.8683323127696438,111.14653603451441,1.0023636410980792,3.101321175242134,0.024532455843264064,2.872610920822288,0.9206834051731438
10.0,6.0,8.0,0.8918132026937383,114.1520899447985,0.9643967119820431,2.2300006332680895,0.0001472359276598321,0.0,0.2585998728299807
10.0,6.0,9.0,0.8732863806830883,111.7806567274353,0.9967374182752688,3.3233481321201066,0.014681355520599798,-0.6331341260763845,0.2585998728299807
10.0,6.0,10.0,0.9004540341617115,115.25811637269908,0.9608652117349912,2.208373301311686,0.0014772808749001047,0.8305435836205157,0.5486043534730507
10.0,6.0,11.0,0.8373585490821573,107.18189428251614,1.0550359922157864,3.0888678861507217,0.00022304808020766407,0.0,0.38243366313533983
10.0,6.0,12.0,0.8423713934376498,107.82353836001917,1.0602135130678918,2.7102443890363754,0.019328005215029944,-1.0555680014517757,0.38243366313533983
10.0,6.0,13.0,0.807385712191001,103.34537116044812,0.9876817769324364,2.494496132364216,0.04897181329189407,-5.94392817851285,0.7196241899011184
10.0,6.0,14.0,0.6988603346402154,89.45412283394757,0.9942226770254676,4.346520992241843,0.0017229670662829294,-0.05740589536148718,2.1142638197166224
10.0,6.0,15.0,0.3500547491098562,44.80700788606159,0.880719473324312,12.024979898111248,0.0011589850948517093,0.0,2.132450636385734
10.0,6.0,16.0,0.11381068918074032,14.56776821513476,1.096122626991318,34.11884259008778,0.005427056751201095,1.3608811821814497,2.132450636385734
10.0,7.0,1.0,1.0,128.0,1.0,1.0,0.0027729039123118044,3.722683162614753,2.0301804628164604
10.0,7.0,2.0,0.942646429121427,120.65874292754266,0.9691134048938244,2.041109146782532,0.00502631741352786,-1.4827986258287926,1.2388913378075441
10.0,7.0,3.0,0.9562230076943875,122.3965449848816,0.9902001935745139,1.6981591074939875,0.000982175335451681,0.0,1.7080468115802692
10.0,7.0,4.0,0.967242024574907,123.8069791455881,0.9976690034367399,1.5911002539092614,0.0013089121010526664,2.0818532020676335,1.7080468115802692
10.0,7.0,5.0,0.8605756136163603,110.15367854289411,1.0260812248835007,2.8045794859115687,0.0007385294462957067,0.0,1.2567905707481997
10.0,7.0,6.0,0.883519671547531,113.09051795808396,0.9789558628436578,3.142345966749614,0.0007385294462957067,0.0,1.2567905707481997
10.0,7.0,7.0,0.9208381925481626,117.86728864616481,0.9999794352299112,2.356785128884136,0.0028752419432234327,1.665574299325649,1.2567905707481997
10.0,7.0,8.0,0.88823242138145,113.6937499368256,1.059165127824928,2.341896095704283,0.003275323614096896,1.8546534099873555,0.9117151704377808
10.0,7.0,9.0,0.6154636930047952,78.77935270461379,1.052021134909138,5.68976653861566,8.182284231892547e-05,0.4645929496153281,0.47221152274473077
10.0,7.0,10.0,0.6758061863551205,86.50319185345542,0.9827246528951663,7.1548079570464,0.00021556368395002286,0.0,0.3603698045543804
10.0,7.0,11.0,0.7542754155220331,96.54725318682024,0.9681833823897767,3.5627962443419285,0.0005889043028142418,0.6446752031752011,0.3603698045543804
10.0,7.0,12.0,0.3877617639823695,49.633505789743296,1.1239686164244822,11.027523295588448,0.00013165529181111965,0.0,0.2228330176297088
10.0,7.0,13.0,0.6645953666595029,85.06820693241637,0.9306155163599865,3.7132632719570307,0.00013165529181111965,0.0,0.2228330176297088
10.0,7.0,14.0,0.6868035724407767,87.91085727241942,0.9511512546942271,5.366292536546107,0.011314407689244417,-0.12367903539804743,0.2228330176297088
10.0,7.0,15.0,0.5970223250888265,76.41885761136979,0.9551244648664674,4.411812977638638,0.005082641606274916,0.9152953408341857,0.33038968340036
10.0,7.0,16.0,0.446616888965419,57.166961787573634,1.0131936612357955,11.919239101708257,0.0007657316002166737,0.11621599141920806,0.1728383418080543
10.0,8.0,1.0,1.0,128.0,1.0,1.0,0.0021255788751560895,-0.08564564615447612,0.16418936607700857
10.0,8.0,2.0,0.9913155656431692,126.88839240232566,1.005212782605557,1.2748061593457911,0.006033623476081461,0.5249408048708593,0.19609350824006722
10.0,8.0,3.0,0.9648583145370536,123.50186426074286,1.0023574486354965,1.6738022446010548,7.505446942658174e-05,0.0,0.1274935657220229
10.0,8.0,4.0,0.9628029738257377,123.23878064969442,0.9975157856684275,1.7273876428447623,7.505446942658174e-05,0.0,0.1274935657220229
10.0,8.0,5.0,0.9537545469812765,122.08058201360339,0.9908234333062304,1.8925756604019668,0.0016556534054916966,0.03622478563010516,0.1274935657220229
10.0,8.0,6.0,0.9507409591549552,121.69484277183426,0.9694551049249108,1.7082825179923,8.636111329527536e-05,0.0,0.14569991388270911
10.0,8.0,7.0,0.9818805682145286,125.68071273145966,1.0127204184093523,1.9799128889517947,0.0023651297940035076,0.3344098049760666,0.14569991388270911
10.0,8.0,8.0,0.9384916081290736,120.12692584052142,1.031753917431943,2.254851288748873,6.876621035963009e-05,0.0,0.1162831886479531
10.0,8.0,9.0,0.9387222269102818,120.15644504451608,1.023664248366343,1.8531894185703846,6.876621035963009e-05,0.0,0.1162831886479531
10.0,8.0,10.0,0.9576552687681711,122.5798744023259,1.0132018714926092,2.1171713219248707,6.876621035963009e-05,0.0,0.1162831886479531
10.0,8.0,11.0,0.9484800440570103,121.40544563929731,0.9904857819904849,1.7568251417830358,6.876621035963009e-05,0.0,0.1162831886479531
10.0,8.0,12.0,0.963677512669963,123.35072162175527,0.994583539593646,1.7317181348600663,0.0024990110908307208,-0.090669686005458,0.1162831886479531
10.0,8.0,13.0,0.8919619807591002,114.17113353716482,1.032524924293373,2.0510783211614707,0.0021894484006017376,0.2559365247437665,0.14400453758739645
10.0,8.0,14.0,0.9824815330614524,125.7576362318659,1.0097839365994206,1.6113739751982028,0.000794781694455128,0.05225493585406079,0.11284916176313507
10.0,8.0,15.0,0.9914449648913713,126.90495550609553,1.0023952385979396,1.3309403878697,0.002480351543300859,0.03862276087313288,0.11160184775329864
10.0,8.0,16.0,0.9577265664571502,122.58900050651522,0.9916257957854677,1.5087153118436927,0.007177269230686652,-0.13591426594717487,0.13712480353061285
11.0,1.0,1.0,1.0,128.0,1.0,1.0,0.014893210609219594,6.958312106920414,4.9370225778923835
11.0,1.0,2.0,0.9005668688514873,115.27255921299037,1.02375883752871,2.0298696209234133,0.005880821211089588,5.539521180505142,4.997140301899476
11.0,1.0,3.0,0.8632246778489117,110.49275876466069,1.0231501149883073,2.5590635664326538,0.009650110561631616,1.0531099695243011,4.635700418962522
11.0,1.0,4.0,0.8615932822754675,110.28394013125984,1.0638511327049143,2.2032540753221075,0.020054589685763256,6.472265070439866,5.261288147166265
11.0,1.0,5.0,0.6940905860621083,88.84359501594986,0.951808518658565,3.091254132205367,0.009265998087380616,1.3771908623889992,4.211394321086872
11.0,1.0,6.0,0.7958395875636558,101.86746720814794,1.0087738099268115,3.835668492842696,0.017663063180889498,4.775100416036264,4.233308856276641
11.0,1.0,7.0,0.6723887889834317,86.06576498987926,0.8300117536763144,3.6021881648539753,0.013058362420472487,5.469329727526841,3.596201413393546
11.0,1.0,8.0,0.4994403894808357,63.92836985354697,0.9870119520760359,5.542630419916982,0.015946933075534617,2.4441023289519967,3.3672279603077544
11.0,1.0,9.0,0.653170671277078,83.60584592346598,0.9649709645329216,3.8746838214397092,0.012912380311705779,3.549635490801159,3.451347870080822
11.0,1.0,10.0,0.4792249414754621,61.340792508859145,0.9229207958029321,8.32807144581885,0.006542710612986973,0.9651527658203368,3.6020204141196603
11.0,1.0,11.0,0.4837696130820176,61.92251047449825,0.9735403474266004,4.4655421355960305,0.03166064829577818,2.476607329010562,3.5919292135775245
11.0,1.0,12.0,0.2540067490260579,32.51286387533541,1.1891090562626914,19.276371018070066,0.00771503141394334,4.360634858615179,4.356488977183981
11.0,1.0,13.0,0.45109496793416715,57.740155895573395,0.8737221700981698,4.711563480467108,0.04418671715470071,4.649833778366386,3.38484671438475
11.0,1.0,14.0,0.3674425241179592,47.032643087098776,1.0826691397166415,9.237191279766677,0.005898808732001732,2.422825146748119,3.1178991693231115
11.0,1.0,15.0,0.32138635824017564,41.13745385474248,0.8693573538625625,8.004899644297165,0.010137511977180626,1.9218132414015368,2.5166382834889216
11.0,1.0,16.0,0.10141337543330661,12.980912055463246,1.1445290181700927,24.351625286264934,0.07961643450949442,-4.209853715945373,2.544738200318751
11.0,2.0,1.0,1.0,128.0,1.0,1.0,0.005703357728759854,0.70529326545765,5.523859110206239
11.0,2.0,2.0,0.9817447345194761,125.66332601849294,1.0038914120433575,1.3583587389209935,0.07612112264567177,4.657885712260569,5.6221680840394415
11.0,2.0,3.0,0.4103991464149215,52.53109074110995,1.019373009361455,10.78358281315783,0.022061115698064876,-4.104867225657955,3.7191630025562725
11.0,2.0,4.0,0.3001362559427275,38.41744076066912,1.0800260474381052,10.209942669736446,0.058479936711612224,-1.400398292089575,5.371079054656834
11.0,2.0,5.0,0.3248512737648526,41.580963041901136,1.0836493552810027,11.040456059529719,0.04914108051443672,4.100475555199917,7.9301605472622665
11.0,2.0,6.0,0.27136204205230097,34.734341382694524,0.7543989910608728,8.737331474828059,0.007842500582008843,-0.5019717760949571,6.604013269034826
11.0,2.0,7.0,0.4805052107650809,61.504666977930356,0.9095807039601163,5.381202099424426,0.029352443991797227,2.6242850371211093,7.486731772069336
11.0,2.0,8.0,0.408837601749722,52.331213023964416,0.8558003000251595,8.03030268829182,0.008288842611518958,3.10583657992099,5.496160422346187
11.0,2.0,9.0,0.4842390748472627,61.982601580449625,0.7373866639633082,4.902783570084728,0.024540376077520035,0.6178519671312704,4.75219555221003
11.0,2.0,10.0,0.14572635129415096,18.652972965651323,1.1359001968729676,29.100196461861845,0.006914867387436827,0.09267539785160242,6.1808900892007355
11.0,2.0,11.0,0.32896863593328146,42.10798539946003,0.8333864887831383,7.296251617060314,0.02791317403515005,5.595045511509772,6.33678711696555
11.0,2.0,12.0,0.46961672110316816,60.110940301205524,0.9624727652321157,6.58973789683915,0.038177326762468836,6.250986624436363,5.563153777958225
11.0,2.0,13.0,0.6239822284027297,79.8697252355494,0.8794758692912362,5.4331343956615115,0.016028015297238754,1.620577672424466,3.544758699945039
11.0,2.0,14.0,0.47129934941761265,60.32631672545442,1.0555521228020346,10.04617883563967,0.011738200198275744,3.0285420985426974,3.5317290912377444
11.0,2.0,15.0,0.625242748058282,80.03107175146009,0.8691682824420808,3.4506694759906296,0.03501656673633341,0.18002419494909827,2.36334606125158
11.0,2.0,16.0,0.7309266433929551,93.55861035429825,0.8817468488510896,2.695994123561771,0.02605583710882675,2.3003761176478297,3.0224243183600223
11.0,3.0,1.0,1.0,128.0,1.0,1.0,0.005838024855792203,0.7739134465561848,2.3451710910181913
11.0,3.0,2.0,0.9381922141436677,120.08860341038947,1.003947733234351,2.572743717175608,0.014305185508679666,2.882110247554632,2.2335351088301283
11.0,3.0,3.0,0.8440021655405018,108.03227718918423,1.0091829337863212,2.4721787848298686,0.03139029747828101,-1.943048032952304,1.6855823174333582
11.0,3.0,4.0,0.9027482840333207,115.55178035626506,0.9507450218900229,1.906784854144171,0.057986213682129625,-2.6466996808023624,3.2110898837209065
11.0,3.0,5.0,0.41562866004042953,53.20046848517498,1.0464866816533018,11.741401526056162,0.011005747679929345,1.0306255960741153,3.7189083426889837
11.0,3.0,6.0,0.5413483150586071,69.29258432750171,1.1319496594406537,6.710224913527654,0.04861713753178876,-2.043504856969679,3.27502279150104
11.0,3.0,7.0,0.5585405606087471,71.49319175791963,1.111240226704885,5.558542307666022,0.008770936531415825,0.21381302553590123,4.054139263732704
11.0,3.0,8.0,0.6181284567792125,79.1204424677392,0.9796938743299017,4.005462068883892,0.011824305428436915,3.1642088796077665,4.263789540834002
11.0,3.0,9.0,0.21395360592319676,27.386061558169185,1.2135447348958637,20.61540229670677,0.005167630497275807,3.0155533530122995,4.164227514260218
11.0,3.0,10.0,0.6823651643591472,87.34274103797084,0.9516841102102644,4.015482818552067,0.0070111112102610035,1.3001899232932166,3.308980761165875
11.0,3.0,11.0,0.6168892479034822,78.96182373164572,0.9580596021493785,5.258445882951984,0.005698113732235503,0.6426595161508685,2.9914359892547524
11.0,3.0,12.0,0.6920931966805937,88.58792917511599,0.9688383470665527,5.373568490083361,0.016130461435090473,3.6234941201418085,3.186444746783973
11.0,3.0,13.0,0.6198735736552541,79.34381742787252,0.8878431116843417,4.908479290334072,0.018722847042340278,-0.5895574549617125,1.6925641256494957
11.0,3.0,14.0,0.3289356504975132,42.10376326368169,0.9256846749155796,13.999072011260383,0.0019861498344498074,0.35333135318577347,2.0912312548611673
11.0,3.0,15.0,0.5139349161647417,65.78366926908694,1.0154109783796794,6.176814670778648,0.017221024404429956,-0.8771771989118076,2.0723792504752296
11.0,3.0,16.0,0.6793600529915611,86.95808678291982,0.8049025330070034,2.847479000604793,0.004171060263275711,1.9907131505243358,2.8647276385645504
11.0,4.0,1.0,1.0,128.0,1.0,1.0,0.01090206304125738,1.2173537704337059,2.450431599981256
11.0,4.0,2.0,0.93230014991282,119.33441918884095,0.9980844649682594,2.2482781796363054,0.02009307218394498,-2.345726430176256,1.875571777930319
11.0,4.0,3.0,0.7671391087393025,98.19380591863072,0.9208681148566777,2.705798906749233,0.006436958575764665,-0.5004933577235403,2.824005187672829
11.0,4.0,4.0,0.3769642312710112,48.25142160268943,1.091562858033407,15.626180045041105,0.029371699103687164,3.263483120946207,3.1019717649759273
11.0,4.0,5.0,0.7163770196158935,91.69625851083437,0.9403240517591643,3.414754251953952,0.015033177619740493,-0.8431360921001017,2.6708152580544824
11.0,4.0,6.0,0.6871078946912176,87.94981052047585,0.8984047896848313,4.007285380816577,0.02081837902838805,5.466866361926371,3.2478765239371366
11.0,4.0,7.0,0.7016490551866487,89.81107906389103,0.8904127274898705,4.898513539144695,0.014234868004958183,-0.6592111095939726,1.9127024492808096
11.0,4.0,8.0,0.6103024901754507,78.11871874245769,1.0330426855508432,6.2894324390018195,0.023614717999789786,0.7263797678536386,2.401537491380282
11.0,4.0,9.0,0.6677137471732776,85.46735963817953,0.9704496549081099,4.15059630652693,0.04302636663885429,-1.0474976095586181,2.474710382775657
11.0,4.0,10.0,0.592088064234413,75.78727222200486,0.9341334750273681,6.044147804181226,0.00811038449037747,2.6363318839493193,3.2049587086514424
11.0,4.0,11.0,0.5845036455358947,74.81646662859453,1.050399529379396,5.051598710203154,0.010534389537380319,1.568617561346741,2.3707733302396643
11.0,4.0,12.0,0.5421061230018478,69.38958374423652,1.0340799768857272,5.82815152991447,0.007502662150956503,1.4231928883033138,1.6648361088979233
11.0,4.0,13.0,0.7302730863457574,93.47495505225695,1.0784848925656878,5.7476650606938815,0.0317613055250547,-1.586285342562608,1.371468315631366
11.0,4.0,14.0,0.7278187480668579,93.1607997525578,0.9581115602673881,5.0016612496741155,0.0069495172916490665,1.372086424669205,3.056170496326383
11.0,4.0,15.0,0.8757724201985561,112.09886978541518,0.945493068720667,2.314101917207435,0.009908350528510112,1.6076665577031846,2.452935240015206
11.0,4.0,16.0,0.5645787138198901,72.26607536894593,0.9962586905746977,7.796910588467044,0.025998137757432156,-0.7907747718458334,1.8449677498279125
11.0,5.0,1.0,1.0,128.0,1.0,1.0,0.004092209964937709,0.722929957036379,2.1788059409894793
11.0,5.0,2.0,0.982517562415242,125.76224798915098,1.0044021157710201,1.6926207405336893,0.012228091408390693,1.331549033770941,2.0687561491525712
11.0,5.0,3.0,0.9625463097599751,123.20592764927682,0.9815586866477096,1.4480247679681866,0.027505058038741564,-1.5233288606859752,1.5107252899746215
11.0,5.0,4.0,0.6873424444558894,87.97983289035385,1.044216659825159,5.7117879124439,0.03255950340390592,2.8312412605431074,1.475943457014342
11.0,5.0,5.0,0.7779543712689369,99.57815952242392,1.0080652332596503,3.939434828761698,0.010152344985548609,1.2997171240479937,1.8665326436221052
11.0,5.0,6.0,0.8669095624914599,110.96442399890687,0.9878382683507564,2.467132014350455,0.005838022882970819,0.3206694956949339,1.5807210264189522
11.0,5.0,7.0,0.7464550862852726,95.54625104451489,0.9162080387934202,2.687969486880483,0.009711687360927732,0.5665488211602393,1.8142179148795612
11.0,5.0,8.0,0.5914374539954809,75.70399411142155,0.9846121871053559,5.263928113224254,0.020649033333969082,-1.2653082182154691,2.0402710045175234
11.0,5.0,9.0,0.49455487775299345,63.30302435238316,1.0121505544077531,11.014052356019095,0.02894437228274356,0.522428236534428,2.580837275816671
11.0,5.0,10.0,0.4525609705974651,57.92780423647553,1.0673735348160913,8.390075109227883,0.027120238133577015,3.5229584352652856,2.6032584103019096
11.0,5.0,11.0,0.7968632782295079,101.998499613377,0.8490388192055481,2.9838904474122394,0.009936933128936815,1.4040530766296833,2.3258104413048164
11.0,5.0,12.0,0.4838917667961998,61.93814614991357,0.9905824257937446,6.546221111051031,0.05149702751299935,1.1920422568331175,2.0215147401826803
11.0,5.0,13.0,0.3112560366156436,39.84077268680238,0.8092764279311688,9.80344065647794,0.009785629347480663,-0.10868232129147691,2.6308771131454387
11.0,5.0,14.0,0.5536018605373718,70.86103814878359,0.8223684388130079,4.307167724278994,0.006114539489291959,0.025925310928951086,2.9546571457238864
11.0,5.0,15.0,0.446053532136296,57.09485211344589,0.7529729220518395,5.566460206973617,0.011220551092277369,-0.5893192337418597,3.0288393955352384
11.0,5.0,16.0,0.23166002213392287,29.652482833142127,1.14415841334682,13.34747312047845,0.14702276553811774,-3.4061254666136462,3.4100810243415367
11.0,6.0,1.0,1.0,128.0,1.0,1.0,0.012879773294637235,2.139960165618149,6.039296526398508
11.0,6.0,2.0,0.9376663638654722,120.02129457478044,0.9942504696415951,1.9670539502112758,0.0113107951891488,3.3687653900510672,4.7683904127638606
11.0,6.0,3.0,0.8196402628397992,104.9139536434943,0.9528601193527406,2.3661113502920488,0.021675151800113993,1.1111729618449462,3.393520265797849
11.0,6.0,4.0,0.6765526665969341,86.59874132440757,1.0886479489832013,5.572853355208156,0.059979630333035897,-1.0169497654675947,3.1408912637003468
11.0,6.0,5.0,0.8039715359924002,102.90835660702723,1.0042699041175545,3.6098895154040753,0.02549833445230828,4.09481028378664,2.82647112904479
11.0,6.0,6.0,0.5376556870040663,68.81992793652049,0.9831138586056027,6.5247807324668665,0.011861162980258456,0.6875593857934321,1.9832287970434843
11.0,6.0,7.0,0.4922164918451102,63.0037109561741,0.9301555464903528,6.761803947445269,0.009247289796500375,0.1956675706081739,2.190536314878241
11.0,6.0,8.0,0.20921210948605454,26.77915001421498,1.2170409447376231,19.266740827502787,0.012511071639919342,-0.7493570721535493,2.3059782227820476
11.0,6.0,9.0,0.2548360456929217,32.619013848693974,0.9854245855767804,18.762904478457898,0.043052166303398254,4.109661879357283,2.7457391891445715
11.0,6.0,10.0,0.6139288268695225,78.58288983929889,1.0857270414051616,5.292291006692684,0.018983796603464873,0.6517887935140878,1.5029119751278055
11.0,6.0,11.0,0.5682067514494341,72.73046418552757,0.9958185060862743,7.36018422877302,0.010843115417109962,1.732264276583639,1.7702613148349395
11.0,6.0,12.0,0.1741022153360031,22.285083563008396,0.9931870474906405,22.639790868727992,0.003784569986284812,0.829200219447698,1.3509833109218574
11.0,6.0,13.0,0.5354467095976075,68.53717882849377,0.8934402753303485,6.776991673262,0.01960829060693854,0.05194503665497589,1.1144572415254599
11.0,6.0,14.0,0.5324834226699277,68.15787810175074,0.9465788753838207,5.809633500249986,0.012380018336204956,-0.22763215766139866,1.2363997473694235
11.0,6.0,15.0,0.8284222697437529,106.03805052720037,0.9746939307187887,3.480502875731888,0.048994684582594296,-0.9030115223210584,1.3388394938656916
11.0,6.0,16.0,0.46753825234383845,59.84489630001132,0.8277597015217457,7.681852988108504,0.019816978961098183,-0.6501385027999923,2.5034722576292463
11.0,7.0,1.0,1.0,128.0,1.0,1.0,0.006077432959288484,0.7913048406064661,2.6819423582237696
11.0,7.0,2.0,0.9809410048581494,125.56044862184312,0.9937405241037323,1.4679999075556738,0.011704489473288393,2.068832145418984,2.525774639430552
11.0,7.0,3.0,0.8793182596616761,112.55273723669454,0.9160178757784588,2.1213232943882856,0.008265993271713193,-0.12168964921959081,2.019948257797647
11.0,7.0,4.0,0.9476633200105783,121.30090496135402,1.0131011425341427,1.9189872421097882,0.042499260348176596,-0.6671354342302402,1.9884082957038096
11.0,7.0,5.0,0.8993969962542072,115.12281552053852,1.0070647537101758,2.199374603638603,0.031017793474717212,-1.4841605178342545,2.085654897590051
11.0,7.0,6.0,0.6851925422887799,87.70464541296383,0.8342614263242232,4.504506191741121,0.01003674330494643,2.5983576170378133,2.8183013603676033
11.0,7.0,7.0,0.6411501718839459,82.06722200114507,0.8609804959290197,5.072055720791671,0.016969757965424926,1.2347351986127346,2.241536905658694
11.0,7.0,8.0,0.6966137368546418,89.16655831739415,0.9045098768340387,3.862841540053448,0.007252420671558692,0.9835415841165844,1.964243258849598
11.0,7.0,9.0,0.6439691754004505,82.42805445125767,0.9312642908331659,6.099293728466108,0.006821988961279144,0.24590412006631013,1.7435327199444255
11.0,7.0,10.0,0.8191416075473082,104.85012576605546,0.950505297596555,3.2915758890390174,0.03774863481605769,-3.101199253299449,1.6658643800503257
11.0,7.0,11.0,0.7015834539178324,89.80268210148255,0.9984689506818694,4.270527611724345,0.010709515093480112,0.9483017623996236,2.437758079595864
11.0,7.0,12.0,0.6119263473477394,78.32657246051065,0.9040654696425445,4.452721228786837,0.03370617271972269,-0.09477880017571597,2.3230433150654424
11.0,7.0,13.0,0.4534503396821723,58.041643479318054,1.0887367210369732,10.032170927621092,0.011720747839663025,0.07033717155602563,2.8060717750651585
11.0,7.0,14.0,0.3887627155048695,49.7616275846233,1.1909717855236486,9.963651652564167,0.044862777379156074,1.6768665179083408,2.6523578207318526
11.0,7.0,15.0,0.618684926650774,79.19167061129907,0.984135016153963,4.938372480034999,0.0038502190081982418,0.3718880441037882,2.1931390741156784
11.0,7.0,16.0,0.7139174646000984,91.3814354688126,0.915442018098755,3.09831754366655,0.004640852737053971,2.220082405175037,2.2514642093035344
11.0,8.0,1.0,1.0,128.0,1.0,1.0,0.012556512736288782,1.0500337868488965,1.7770360820555344
11.0,8.0,2.0,0.894390843482184,114.48202796571955,1.006142044092008,2.7166825272186577,0.02618243581195083,-1.2973573693547074,1.5940496290639752
11.0,8.0,3.0,0.8832763714899926,113.05937555071905,0.9861561800186394,2.345967268424221,0.023594268790785404,2.5063458629442947,2.40473539620528
11.0,8.0,4.0,0.8210109915604993,105.08940691974391,1.0021249473074165,3.5813348172392234,0.0848753144980797,2.069203230919621,1.623932678828849
11.0,8.0,5.0,0.6363796586611649,81.4565963086291,0.9541474696249377,4.503162125823451,0.020267488474723268,0.8292806982677423,1.3034319998273212
11.0,8.0,6.0,0.3174259526600196,40.63052194048251,1.0775646398662075,16.849226622797453,0.022509678181369983,-1.2670532004441128,1.2053941307255263
11.0,8.0,7.0,0.3606867210121166,46.16790028955092,1.0066889444477463,9.421166524700748,0.05755503612842572,-0.7905374977027015,1.786279768206526
11.0,8.0,8.0,0.5660016469287261,72.44821080687694,0.939699255921955,5.207038638439011,0.020464661619832247,0.6374987443189015,2.5314406454329235
11.0,8.0,9.0,0.6991987561426042,89.49744078625334,0.9239889170733593,3.7895703766769544,0.013681429904413744,0.3432456457406509,2.085739189369128
11.0,8.0,10.0,0.7468362733967917,95.59504299478934,0.9494722984032542,3.62458124681073,0.04348125430553065,-0.34369458037076106,1.9275708411116586
11.0,8.0,11.0,0.6287490529694734,80.47987878009259,1.0034761643196228,5.101170986480119,0.043245936508483296,-1.6728973830146758,2.0277807483526775
11.0,8.0,12.0,0.6451642905966024,82.58102919636511,0.9056704993143678,4.3583964607920676,0.019466415918819507,2.1023674001399546,1.9522401807558607
11.0,8.0,13.0,0.8150347603170031,104.32444932057639,0.9838954307843824,2.593838856328318,0.012843452859214191,2.397233629981165,1.9316772660891601
11.0,8.0,14.0,0.8718184012037985,111.59275535408621,0.9215547864282216,2.216589876486335,0.012720841947436915,0.03379780960115927,1.3533428029534145
11.0,8.0,15.0,0.6504878648286939,83.26244669807282,1.0451822733515779,5.3901236016556116,0.030984984095421615,-0.1322463738641323,1.6163381080589863
11.0,8.0,16.0,0.6868002697735133,87.9104345310097,0.9669486405976989,4.20773356995631,0.015016633431839423,-0.3176434158259978,1.6320310225909738
12.0,1.0,1.0,1.0,128.0,1.0,1.0,0.011651784108792102,-0.9547436561597282,4.9370225778923835
12.0,1.0,2.0,0.9005616240979541,115.27188788453813,0.9681833631456851,1.8712672797384369,0.01163209334838994,-3.948982350747043,5.158569443632303
12.0,1.0,3.0,0.8826166060853735,112.97492557892781,0.9747038038048051,2.4007070441039033,0.011261283131842737,2.3199906328350886,5.583333011305978
12.0,1.0,4.0,0.8805697453748849,112.71292740798526,0.9918619277437554,1.9375067979826204,0.00451220697939171,-0.758052445065172,5.98973998533815
12.0,1.0,5.0,0.8151501326729752,104.33921698214083,1.0845043812372175,3.6248678227615905,0.02126044935819197,4.086386890858892,6.310364959097009
12.0,1.0,6.0,0.8094607687305981,103.61097839751656,1.0743059987888683,3.0360423063014967,0.00660221214523804,3.4912651726998676,5.872954086363921
12.0,1.0,7.0,0.8204631850405284,105.01928768518763,0.9938447395254806,3.879194986032382,0.038604393777896234,13.256935175022091,6.107639593457793
12.0,1.0,8.0,0.7311220200359705,93.58361856460422,0.9418475336452767,2.7733140413732547,0.006893157130356281,-0.20205735959045368,5.1235668241463515
12.0,1.0,9.0,0.734525855377632,94.0193094883369,1.015687363582314,3.1454887558120865,0.004201251982743822,4.349619192616645,4.962214574038779
12.0,1.0,10.0,0.7172246854421803,91.80475973659908,0.9004919267740908,3.069671817760555,0.02082260051203723,7.748590823404173,4.205036420576444
12.0,1.0,11.0,0.6436452239291934,82.38658866293676,0.9384920256858973,3.404698637117071,0.02193935274968266,1.86673841039799,3.822614282381157
12.0,1.0,12.0,0.6272969515654719,80.29400980038041,1.2266346675163897,5.311489974735881,0.0196250531440761,5.172911790822612,4.551826669621
12.0,1.0,13.0,0.3185217922002723,40.77078940163486,1.2559454573187534,18.025349076832462,0.08973674635093488,-8.580181253945192,3.5432314724275358
12.0,1.0,14.0,0.4828670360343848,61.806980612401254,0.9589178312938197,8.097644517479218,0.014403487826836772,6.736520237772793,8.04526818862301
12.0,1.0,15.0,0.2843180557992127,36.39271114229923,0.8685046424463374,10.164052219810387,0.011889277502539533,6.512151655171833,5.932315874196237
12.0,1.0,16.0,0.17342536893829297,22.1984472241015,1.477754826117598,27.858497160110417,0.028321434176736472,2.491950737760368,4.768259044237078
12.0,2.0,1.0,1.0,128.0,1.0,1.0,0.01628367335856124,3.48250095813851,4.173011504718332
12.0,2.0,2.0,0.8595148284301941,110.01789803906485,0.9476290628684434,3.0033466755980824,0.015183570122164154,5.287418686710398,3.063554163249949
12.0,2.0,3.0,0.8375303431864538,107.20388392786609,1.0003443319469403,2.6672369202374626,0.019205909497218503,3.6951738564220684,3.469567627635492
12.0,2.0,4.0,0.82219458877188,105.24090736280064,0.9385312905323889,2.936841089729923,0.03542489908694667,0.9955423885815438,3.4737055400155126
12.0,2.0,5.0,0.6950905980668145,88.97159655255226,1.0399453874925273,3.704067763080868,0.043502762738302114,8.032517792858414,5.734738559186028
12.0,2.0,6.0,0.1926456675252746,24.658645443235148,0.9060847618074602,19.865488333472044,0.012130286395756026,0.045425791459074494,3.6520629964684033
12.0,2.0,7.0,0.10340699552605956,13.236095427335623,1.0054200035452503,31.573135093367465,0.002300368129291318,0.17575721314380094,3.8081269760650884
12.0,2.0,8.0,0.5599909696032026,71.67884410920993,0.8582802499459045,3.9653582958494185,0.02366639195263033,-3.420176830341709,3.7489564603400147
12.0,2.0,9.0,0.35427744073653367,45.34751241427631,0.9300167150184071,7.571734022249654,0.01103607277576324,2.6967529890379742,6.2901234082706585
12.0,2.0,10.0,0.4633553479031327,59.30948453160099,0.8200325592934771,5.090114748040616,0.08513991390432984,-12.38922183344915,5.961048093941996
12.0,2.0,11.0,0.2808402190693114,35.94754804087186,0.9727762241695626,10.257679385044247,0.04255791253125555,14.341280235006442,12.495104245419478
12.0,2.0,12.0,0.04361491546696185,5.582709179771117,1.7028583893740155,70.30305287018031,0.0067834372792044744,0.8376720396198292,7.429125756727637
12.0,2.0,13.0,0.11005980140371663,14.087654579675728,1.320337543717558,41.094559675977536,0.01696724908160223,2.928724649516055,7.0203878864242055
12.0,2.0,14.0,0.4192456117962697,53.66343830992252,0.7629365891455945,5.831556113725306,0.012959854562548242,-1.333286144674838,6.457219534690624
12.0,2.0,15.0,0.23008372391967144,29.450716661717944,0.9005805826844265,10.43238785573799,0.01417383426589209,2.631476111718992,6.94047575593845
12.0,2.0,16.0,0.07963277282588013,10.192994921712657,1.2928405513790004,48.57472501473892,0.03466780778521992,-4.940048716590792,6.2612995567117435
12.0,3.0,1.0,1.0,128.0,1.0,1.0,0.040988957349035654,2.3291297682217684,8.871375061824226
12.0,3.0,2.0,0.7731108987990237,98.95819504627504,0.9073693372726307,2.6547631350707594,0.020418657775401,7.549522547852711,8.779551498686523
12.0,3.0,3.0,0.6889620878618352,88.18714724631491,0.9214133170565194,4.985747993499103,0.023557174485414018,6.418660708164865,5.663485850260061
12.0,3.0,4.0,0.6085593340131463,77.89559475368273,1.2008854338016721,6.458368410248944,0.04647998862514713,-0.6196474849729993,4.182573945656417
12.0,3.0,5.0,0.5324408743043428,68.15243191095588,0.9023452515255508,4.117490929372455,0.004242360107310662,2.506228112586223,3.2873916875462914
12.0,3.0,6.0,0.36616476651659313,46.86909011412392,1.0979249714120827,10.509931291036992,0.01504361577466927,0.2083517495843288,2.638049497964609
12.0,3.0,7.0,0.3315428444429906,42.437484088702796,1.0232831537854388,10.66002368714249,0.02000808209510474,1.7404860820757013,3.205038848139396
12.0,3.0,8.0,0.19858553862266853,25.418948943701572,1.202569002794061,25.986295990650422,0.06054523863031874,-1.3307173442843223,2.9814745180007987
12.0,3.0,9.0,0.23656519183510683,30.280344554893674,0.7255846582097386,11.331262791343715,0.029995394631518506,-0.7195747511633358,2.071201132992445
12.0,3.0,10.0,0.33954450700806244,43.46169689703199,0.9710246794209804,9.521246617261847,0.023562603300544258,-1.1492587402445533,2.678361600405309
12.0,3.0,11.0,0.2805555254938982,35.911107263218966,0.9464769597790961,10.930339134511915,0.05056930590402073,-2.4296949460955384,4.033091022935673
12.0,3.0,12.0,0.23968495473881635,30.679674206568492,0.7205850087853571,7.756962516074241,0.029640859765569502,3.4004592331289714,5.789567644983163
12.0,3.0,13.0,0.08127192214082878,10.402806034026083,0.961779861904123,34.81541739376777,0.08462210352778561,-10.743623711153328,4.214420685960165
12.0,3.0,14.0,0.21115433266868913,27.02775458159221,0.961614483232741,13.144541453298958,0.05759250716546986,-0.05835657554598701,11.83766104466344
12.0,3.0,15.0,0.21860793487313104,27.981815663760774,0.8081396081771368,13.437181876907722,0.05481297015433657,6.303759637302447,10.884385842132875
12.0,3.0,16.0,0.25578410736189594,32.74036574232268,0.8430225214210849,9.687109009867742,0.013403236711549898,9.34526674430158,10.642251920116511
12.0,4.0,1.0,1.0,128.0,1.0,1.0,0.00427009407394637,5.981066994098384,7.8405061095412565
12.0,4.0,2.0,0.9309739359358914,119.1646637997941,0.9861273520275962,2.1661973746339043,0.023072890588869143,4.2038248114523595,5.413627054266301
12.0,4.0,3.0,0.8149415564042138,104.31251921973937,0.9526223847001062,2.5689473744388454,0.005099296834022098,2.3595460245389654,3.840963449713988
12.0,4.0,4.0,0.7062465619955995,90.39955993543674,0.9673318905300995,6.43183169285385,0.05573758030167977,-2.427211029310335,2.780838288675074
12.0,4.0,5.0,0.40875501414567045,52.32064181064582,1.040502033193781,7.357130032637178,0.017971881975699745,2.547286563724064,4.112091126462395
12.0,4.0,6.0,0.518025729642446,66.30729339423308,0.9690402624556133,6.951759009795801,0.051681639772163515,-2.9574187167103245,3.1026846241765926
12.0,4.0,7.0,0.27043692608912684,34.615926539408235,1.0078969100653457,14.915479547649854,0.010305639794824777,6.8367061367341515,5.803885483224955
12.0,4.0,8.0,0.6479696115214638,82.94011027474737,0.9469484130864882,2.592232911343609,0.016521949364145264,0.27232850541591747,3.0424276979753913
12.0,4.0,9.0,0.3156524177286967,40.403509469273175,1.0385515017290556,13.132423494239093,0.021377919857553728,0.9960513285694451,3.652907913027088
12.0,4.0,10.0,0.17235339924867696,22.06123510383065,0.945114574783454,19.59356043579152,0.011157659797270783,-1.719601862625471,3.143075099968266
12.0,4.0,11.0,0.14215532861535485,18.19588206276542,0.9925369739406369,25.66421180359886,0.008529670649483786,1.4981703149943846,3.8365124248863487
12.0,4.0,12.0,0.32595825087451236,41.72265611193758,0.9333997562178487,9.344214543338376,0.054615154677490174,-2.068222913477843,3.9695452862328313
12.0,4.0,13.0,0.4381274007952571,56.08030730179291,0.7955370452396036,4.501095469194545,0.016981464092626693,2.652798429682086,6.661096093915
12.0,4.0,14.0,0.12707356451510587,16.265416257933552,0.9246418249216848,23.721113975001263,0.3546252870110387,-6.816957315593235,5.639284273679958
12.0,4.0,15.0,0.4247125065971348,54.36320084443325,0.7609180516093286,6.727724855134444,0.014258779842842177,0.6713959800725184,4.113788749367647
12.0,4.0,16.0,0.2572792513548825,32.93174417342496,1.0078239527181534,16.4776419133128,0.004929284727455475,3.2626373241984807,4.127554837677115
12.0,5.0,1.0,1.0,128.0,1.0,1.0,0.007107559037583977,1.3753355304984802,3.1432238915422266
12.0,5.0,2.0,0.9711249311771287,124.30399119067248,1.0018947780387562,1.5548061704898388,0.02540202991001317,2.862528826155328,3.1647996004237022
12.0,5.0,3.0,0.8707903670130595,111.46116697767161,1.0049818079216277,2.9607080513413107,0.035983472670910566,-3.7998472444965206,2.7547324351876843
12.0,5.0,4.0,0.47250741902776283,60.48094963555364,1.117729039729519,9.972503765303305,0.0034933456943288723,0.25791952536524065,4.185478632873643
12.0,5.0,5.0,0.7247351596059749,92.76610042956479,0.9936964859066397,3.6030726441440772,0.008751713159086752,1.5557718554576179,4.170639802293309
12.0,5.0,6.0,0.7065552533971514,90.43907243483538,1.015967846581832,4.6044793492597,0.017520274581942573,0.21954973146082152,4.019092795622305
12.0,5.0,7.0,0.7082992638049296,90.66230576703099,0.9511592790274223,3.6595694802037237,0.014179353041213913,3.60465572859914,4.191612113746773
12.0,5.0,8.0,0.29004741164131087,37.12606869008779,0.9724020999597285,12.171560647642979,0.007914269652254044,1.7521224565213271,3.916268767873805
12.0,5.0,9.0,0.5376672881556984,68.8214128839294,1.040036213591159,5.882963843744627,0.007820505792863124,-0.07819074426403824,3.5305838043132614
12.0,5.0,10.0,0.7057694689396159,90.33849202427083,0.8425956168830242,3.131869292155979,0.005699813153816122,2.959368219314626,4.024125604805006
12.0,5.0,11.0,0.37380752670566686,47.84736341832536,0.9873258558056471,10.388699358053147,0.01745098995727172,-0.8002428929737112,3.2778328907668732
12.0,5.0,12.0,0.5679960146194374,72.70348987128799,0.9505934674915207,5.171235254650847,0.03672134503671849,-3.161447722677269,3.771693059851817
12.0,5.0,13.0,0.3957043330611581,50.65015463182824,0.969511530356751,10.66326746212101,0.019328161913307888,1.8143166407887645,4.936137891965416
12.0,5.0,14.0,0.4033128776030984,51.6240483331966,0.8449115640697495,6.896590842452415,0.007505514744242611,1.1748000023673144,5.284747766837498
12.0,5.0,15.0,0.06730709185357059,8.615307757257035,1.5568669091564384,63.72681564970409,0.04480546027931023,6.852078151123687,5.077307592485775
12.0,5.0,16.0,0.5468580388072113,69.99782896732304,0.839543362739561,5.09408688914377,0.031025753076154277,2.6515089196097015,4.18856543337692
12.0,6.0,1.0,1.0,128.0,1.0,1.0,0.02595398022550906,1.1826042606632918,3.0601720865764075
12.0,6.0,2.0,0.8424510811977024,107.83373839330591,0.9837145704115018,3.735692766816011,0.03866456385255299,2.2361856485223215,2.768228217023422
12.0,6.0,3.0,0.8905763884162927,113.99377771728547,0.957585529073822,2.0642445890422634,0.021207504552241088,-0.750214569109895,2.6325370190936246
12.0,6.0,4.0,0.3746417494633301,47.954143931306255,1.009870583368872,13.899907446704828,0.035384556952203924,1.1039350496784197,3.261578564498277
12.0,6.0,5.0,0.835071029780271,106.88909181187469,1.0199576800917063,3.502529641483194,0.038787736770686976,6.2292416836522415,3.0579441607043525
12.0,6.0,6.0,0.5238893780266098,67.05784038740606,0.9032801418643662,6.540970313667929,0.01679422778426346,0.24050520094343816,1.5727671588169139
12.0,6.0,7.0,0.6573954385546005,84.14661613498886,0.8543472388764155,3.9519577785450264,0.016713327613784634,1.753655202056286,1.3001580518920348
12.0,6.0,8.0,0.4415486006451746,56.51822088258235,1.1030845192778416,9.983639756459704,0.03609136804823185,-1.9499648733513322,1.0695042129605963
12.0,6.0,9.0,0.5384439338330443,68.92082353062968,0.9287911986642438,6.567437173425363,0.012982021046292376,0.30871016717935074,2.647452906808314
12.0,6.0,10.0,0.5582087986640102,71.4507262289933,0.9893265505295253,7.069178743690102,0.030040648727377023,1.5682400673232615,2.623620273705709
12.0,6.0,11.0,0.45103934855322086,57.73303661481227,0.8849072476864299,7.851624669972392,0.01782507388695029,0.10824567170372336,1.8164978961116214
12.0,6.0,12.0,0.2868927328054725,36.72226979910048,1.076606546646101,15.627171954622296,0.019152209977133725,-0.47441489298816936,1.9297192963456204
12.0,6.0,13.0,0.34599646774904025,44.28754787187715,1.129959591250554,11.219111152716838,0.049583313768952,0.4099432012356382,2.0646942030913897
12.0,6.0,14.0,0.31599232094665464,40.44701708117179,0.9433726896217761,9.58673951696959,0.008745069308692762,0.5505807874146025,2.5565984893732465
12.0,6.0,15.0,0.08694485034103162,11.128940843652048,1.7367025987764955,58.389264640058585,0.028099321486919127,0.36055455897292676,2.2832574351952393
12.0,6.0,16.0,0.27384303634203083,35.05190865177995,0.9044866320054378,13.112675092051155,0.0059765629760297175,0.8562658568127071,2.3414642240494943
12.0,7.0,1.0,1.0,128.0,1.0,1.0,0.029553981891551017,0.8985649883812862,2.003324798438712
12.0,7.0,2.0,0.7580836915667578,97.034712520545,1.0182890696601568,2.5876943368901157,0.008552299860110829,1.0617631750102465,1.6560895142719865
12.0,7.0,3.0,0.8354247191567065,106.93436405205843,0.939400295397005,2.620277617204331,0.013246193961055298,-0.5069605001542292,1.2825193152713912
12.0,7.0,4.0,0.6856562495154749,87.76399993798078,1.1113065070866672,7.097048372326982,0.08722909065630674,-4.476997615623296,1.6125692535266176
12.0,7.0,5.0,0.6291209950593126,80.52748736759202,0.9722260303594086,4.895252439798362,0.027017505991704886,-1.5942322095683195,4.779517794207568
12.0,7.0,6.0,0.6639635544453015,84.9873349689986,0.9133238359521811,5.962388293898371,0.007656261863737013,3.3003188528204053,5.752804158715999
12.0,7.0,7.0,0.7248853854240123,92.78532933427357,1.063426506229266,4.039294276212686,0.014231573519891311,0.7685563301716747,4.287611187749216
12.0,7.0,8.0,0.650424139734573,83.25428988602535,1.0221491039326343,4.498838504514304,0.01598545745080765,4.303593803454436,3.721584738209304
12.0,7.0,9.0,0.7727462087457613,98.91151471945744,0.9690672588220821,3.4948872892229272,0.034212815565918764,-0.3123991536594019,1.9581836071086507
12.0,7.0,10.0,0.8473567535280123,108.46166445158558,0.9816224584022245,3.110523078949042,0.02282741690254699,2.5012819039126444,2.3197774522781303
12.0,7.0,11.0,0.6706207145045331,85.83945145658024,0.9961058556466598,5.4484076031590805,0.0192015121885201,0.2618040355215881,1.3870132169375036
12.0,7.0,12.0,0.5619085775745637,71.92429792954415,0.9536918625815652,6.517827560818475,0.017736165669004378,1.3779718314503344,1.4511560207567304
12.0,7.0,13.0,0.8216086247489232,105.16590396786216,0.9980471736406588,2.6501524795771507,0.017091199241570324,0.15835045303459003,1.064515163479917
12.0,7.0,14.0,0.4967439889279228,63.58323058277412,0.9969634374913039,5.9700752212960975,0.003955318181264888,0.28437988160950267,1.1073258021356414
12.0,7.0,15.0,0.5667545013273187,72.5445761698968,0.9844188215111243,7.614620612771812,0.022371183514232486,-0.4858537675166988,1.0250370874696109
12.0,7.0,16.0,0.5688621144407442,72.81435064841526,1.053826855130775,6.8234234684813835,0.038291577645313574,-1.5091736166999983,1.167392768418448
12.0,8.0,1.0,1.0,128.0,1.0,1.0,0.019849917980573013,-0.6813447965154902,2.212743284973525
12.0,8.0,2.0,0.8750180109530159,112.00230540198604,1.0303575959311528,2.9415675418318905,0.0157370675811995,2.73061170745496,2.7594220064503028
12.0,8.0,3.0,0.7702835509747478,98.59629452476771,1.0653927156574572,3.597394253065201,0.03930076516544715,-0.5784088734660009,1.3119516395276136
12.0,8.0,4.0,0.6484251268289395,82.99841623410425,1.0169900766815991,5.184420131095363,0.025596142782583667,0.22627667155101183,1.700525677404128
12.0,8.0,5.0,0.8023082780190763,102.69545958644177,0.9350658370751576,2.858101595227506,0.012772982461529189,-0.15479101167599255,1.9974800419473107
12.0,8.0,6.0,0.28124858206507736,35.9998185043299,1.1146677997735766,15.188253689594108,0.36067055588637703,-18.34472606270889,2.3168952891187584
12.0,8.0,7.0,0.2965847499180163,37.96284798950609,0.7578077969958461,8.247722026227933,0.008205900822933954,4.142662111109575,10.568896694465415
12.0,8.0,8.0,0.19162361414492754,24.527822610550725,0.9616061564165643,18.019805978703527,0.020752228990556384,3.0900820905957485,8.834970740461316
12.0,8.0,9.0,0.3907805371867774,50.01990875990751,0.7492194081260677,6.097143882938439,0.015335559745934847,3.5597844999151422,8.012480343372088
12.0,8.0,10.0,0.534214470912281,68.37945227677197,0.976034053432814,6.078155869014349,0.03998342960161598,3.366516786625676,6.714044996503684
12.0,8.0,11.0,0.8901391248021131,113.93780797467048,0.8918109868283579,1.964357143984111,0.023352178387930175,3.085971509513829,5.206924446525065
12.0,8.0,12.0,0.5672676883576832,72.61026410978344,0.9196602505832981,4.2255908179896355,0.007742493717514779,3.4049643539257883,4.6171831580698885
12.0,8.0,13.0,0.6245036114495068,79.93646226553687,1.0436561489355762,5.641729397611596,0.06583372087009473,1.0029532131948258,3.018923142032693
12.0,8.0,14.0,0.44242750003558856,56.630720004555336,1.0281366982463265,8.02467505148669,0.08980570938464476,-2.9366731693456924,3.215650571120896
12.0,8.0,15.0,0.6571960961676679,84.1211003094615,0.9397017972345107,4.869175709219508,0.009617995898700236,4.074861004463279,5.476315048755435
12.0,8.0,16.0,0.5866180671788286,75.08711259889006,0.9188563956207677,5.55017313136922,0.007249245441112304,2.3729707702289695,3.1607261332481373
13.0,1.0,1.0,1.0,128.0,1.0,1.0,0.012314445213579668,7.251317456084396,4.9370225778923835
13.0,1.0,2.0,0.8844265350841032,113.20659649076521,1.007560138677273,3.130964930829542,0.004981670301536956,4.345948426527287,5.122515387699164
13.0,1.0,3.0,0.882378139000906,112.94440179211597,0.9935760220088051,2.354502526578938,0.009894764809380334,3.5880141279772286,4.624481972484327
13.0,1.0,4.0,0.7079149976188949,90.61311969521854,1.1267042611685512,3.6442970565063906,0.017373806137595732,8.162447997046685,4.258997625776911
13.0,1.0,5.0,0.6850948432700761,87.69213993856974,0.8983137001675148,3.1720206620672973,0.01417795595756654,2.75780683826749,3.880511784816026
13.0,1.0,6.0,0.40614906086431435,51.98707979063224,0.948440039018384,7.898139786559172,0.006265857609235353,0.9079664745629447,3.354772397963533
13.0,1.0,7.0,0.48081082443942663,61.54378552824661,0.9334946905448619,7.6889770335011685,0.0041965508323813,-0.23417751736394038,3.4339846375287997
13.0,1.0,8.0,0.3391510139434229,43.41132978475813,0.9625000232053732,9.750133679407123,0.022290968548297582,1.6335818584167128,3.3843337062052505
13.0,1.0,9.0,0.3469072932601123,44.40413353729438,0.9754239179027184,8.653228900331301,0.0035127852865484786,-0.40444187155564154,3.3184793152731467
13.0,1.0,10.0,0.2839128622003437,36.34084636164399,1.076529354805775,11.588495177314018,0.01724793612875371,1.8367005144146693,3.3147402713068512
13.0,1.0,11.0,0.2233462430207556,28.588319106656716,1.1082980735699497,19.564278774926155,0.01579375040410136,3.8101614122122465,4.165989190742014
13.0,1.0,12.0,0.28163354917746114,36.049094294715026,1.0161428216416952,10.576841627929756,0.007035663308836612,2.5861369519726596,4.278759049709631
13.0,1.0,13.0,0.4177011649144529,53.46574910904997,0.8462482966876712,4.691574047634554,0.0501017495200287,-2.406094676891752,3.6604792870441716
13.0,1.0,14.0,0.2507618544985855,32.097517375818946,0.887943164599094,11.784196502344718,0.026652715037303713,0.4662253347553332,3.784551302120964
13.0,1.0,15.0,0.03845503662354178,4.922244687813348,1.3894611700809016,76.95450881536046,0.3223046258234518,-38.742751814767686,5.508560238975187
13.0,1.0,16.0,0.24985030487207024,31.98083902362499,0.8649883950715767,11.981842690351906,0.02179017430219865,46.6308764471089,22.55566770946314
13.0,2.0,1.0,1.0,128.0,1.0,1.0,0.012814713814783451,11.603334067609198,9.620325964780774
13.0,2.0,2.0,0.9054729815963075,115.90054164432736,1.0510962011828167,2.4785668556586384,0.0077218683976383335,5.531436056016568,7.565083985570878
13.0,2.0,3.0,0.7040239524322177,90.11506591132387,1.0023480877230377,4.51765798667257,0.01166855682971333,6.664677660991365,6.31432946326606
13.0,2.0,4.0,0.5876188224625278,75.21520927520356,0.926558033816604,5.201604507779564,0.005939783902444335,3.3923612517921207,5.023756036629681
13.0,2.0,5.0,0.38145419113996676,48.826136465915745,1.1889525288992966,9.081907660745955,0.007120923629795118,2.1516635024048454,4.473858745055294
13.0,2.0,6.0,0.558006169275645,71.42478966728255,0.9562194758221679,6.345665935054233,0.005443983188728018,1.6326543386187506,4.104117227982599
13.0,2.0,7.0,0.6785266685932733,86.85141357993898,0.9396833082154683,3.8351880746610085,0.009520874531095722,2.7117067773613153,4.02769445645858
13.0,2.0,8.0,0.6251270746951578,80.0162655609802,1.023817358903559,5.507720613557091,0.07358997940975823,-2.687364829084969,3.7568489646118906
13.0,2.0,9.0,0.40887354777662654,52.3358141154082,0.827767446453802,6.049718133753913,0.006183870253149778,5.139352484839638,4.896620593822061
13.0,2.0,10.0,0.44962597420527484,57.55212469827518,1.0546982707085573,6.896331158009767,0.00731845889943622,2.600832623432998,3.9855804517848568
13.0,2.0,11.0,0.3627528219852313,46.432361214109605,0.9525158340178472,6.554081789753546,0.005806348283954164,0.9905630666688382,3.2557899611407484
13.0,2.0,12.0,0.5492467347334525,70.30358204588192,0.9580791541753512,6.109140855178052,0.06914662805045957,-5.3188172341109485,3.0492721214318115
13.0,2.0,13.0,0.3505251519455338,44.867219449028326,1.007423255024185,9.474129626093543,0.004183693061440566,1.905236995310384,3.262476866653419
13.0,2.0,14.0,0.4733815146198443,60.59283387134007,0.9208224291169465,5.268578833023481,0.009581266341599722,-0.7851619786573397,2.9912843556498503
13.0,2.0,15.0,0.4185628510902012,53.57604493954575,0.8642346897439339,5.664160142291022,0.0055713913812651256,2.0621842912293356,3.2622310620349397
13.0,2.0,16.0,0.3168121265567874,40.55195219926879,0.98868957211048,13.346984073275825,0.021383872064563533,4.950766906078337,3.0355020934229144
13.0,3.0,1.0,1.0,128.0,1.0,1.0,0.007973855071155365,2.178486404209273,3.1424930480920654
13.0,3.0,2.0,0.9260174050915903,118.53022785172355,0.9566861882922776,1.8045565086244104,0.0037013439138326347,3.410847444579464,2.913261578185771
13.0,3.0,3.0,0.8558911561295515,109.55406798458259,1.0211071749265457,3.089928517094411,0.02069883831751993,-1.9686047312010886,2.707057040921209
13.0,3.0,4.0,0.9122079844962554,116.76262201552069,1.01105151552741,2.2548321849761916,0.008345344535782808,2.658228816046487,3.4963333605745297
13.0,3.0,5.0,0.8587832318480002,109.92425367654403,0.9710857214944898,2.669374833747699,0.023700574437046235,4.071003476278456,3.063346997580847
13.0,3.0,6.0,0.4766951188745275,61.01697521593952,0.8970091494444664,9.988742520094597,0.007835108046492078,1.3112497387453461,3.1303460486390673
13.0,3.0,7.0,0.33191768472541633,42.48546364485329,1.109633034879042,13.681389782967724,0.0031801746931679614,0.6905151428105092,3.299190476131618
13.0,3.0,8.0,0.5878111493033723,75.23982711083165,1.020614402236883,5.103153222733469,0.036472670741057006,-3.94319358408303,3.345503192101501
13.0,3.0,9.0,0.37561889407041515,48.07921844101314,1.1196406347049905,11.477152890326341,0.016863082163457187,1.8932589857846827,4.3652578453812
13.0,3.0,10.0,0.6090545039478129,77.95897650532005,1.1258477006424104,5.207599859039735,0.03608294187372504,3.9736842139116213,4.438551006358006
13.0,3.0,11.0,0.41911641642408937,53.64690130228344,0.8722082841685866,8.926083340451651,0.008278598318585925,3.351736255159684,2.957785221964851
13.0,3.0,12.0,0.3633231173660317,46.505359022852055,1.0987320756691208,11.144415693805868,0.019866356108009582,-0.37458866592724066,2.8456754918850073
13.0,3.0,13.0,0.6547999868171163,83.81439831259088,0.8441591034329579,3.6539231335766815,0.00961086409087135,4.048801266899492,2.8667368149534194
13.0,3.0,14.0,0.5885668667599357,75.33655894527178,0.9711608702178454,3.7861507347114864,0.014302637017203182,-0.26897440797334426,2.0686301562503764
13.0,3.0,15.0,0.6253232604012356,80.04137733135816,0.9875253697032066,5.720860382430765,0.007986105001929058,-1.0022873274224011,2.890363659738822
13.0,3.0,16.0,0.5429109263445544,69.49259857210296,0.966280595210532,7.243061635077975,0.007408800991868875,0.24476771892323002,3.0308326128662024
13.0,4.0,1.0,1.0,128.0,1.0,1.0,0.009246968908609748,2.0777031044697214,3.0267665088822695
13.0,4.0,2.0,0.9407057743846854,120.41033912123973,0.9741076182851389,1.8015224147635147,0.006208655083897773,0.6395710161217586,2.573086736207601
13.0,4.0,3.0,0.950526472543465,121.66738848556352,0.9945735905111991,1.6513093310752194,0.023303779327617707,-4.230163214374827,2.6525673461109904
13.0,4.0,4.0,0.8503100423095742,108.8396854156255,0.9918945292601589,3.6267413131042954,0.004356673391637067,4.857200399856564,3.7042532166418836
13.0,4.0,5.0,0.8730232758282667,111.74697930601813,1.0102924216155318,3.2702011726403475,0.019107330984979784,5.744364613548107,3.013197629733556
13.0,4.0,6.0,0.6197644606215393,79.32985095955704,0.9546614974558406,6.059404949755025,0.0022814989351316807,1.2921097840530944,2.233182564482015
13.0,4.0,7.0,0.49945911650588065,63.93076691275272,1.0351743815247785,8.580022230410334,0.02710004906395347,-3.148295409220467,2.0524453838792613
13.0,4.0,8.0,0.7650211480265874,97.92270694740319,0.9515006543597685,3.2589152302863718,0.023006571080059764,4.613112165240323,3.4923517601103344
13.0,4.0,9.0,0.5664002503412385,72.49923204367853,1.0577524287803226,8.51700577980013,0.013070781241638279,0.49382394362508397,2.4968574849867973
13.0,4.0,10.0,0.6090562635055721,77.95920172871323,1.0546263693759816,5.560255543099057,0.018410404013643078,1.1162488350347728,2.720572783870422
13.0,4.0,11.0,0.3426387127760184,43.85775523533035,0.9569235189469071,13.949053842781556,0.027592864253357337,0.46952376962112546,2.9788034404813186
13.0,4.0,12.0,0.2923273233911402,37.417897394065946,0.8592829712461896,13.123456650142197,0.010508987941740473,0.6906089269747128,3.039216513285761
13.0,4.0,13.0,0.4815694934827373,61.640895165790376,0.9577610718467154,7.365877314280786,0.014606835347586819,-0.6123750072080568,2.9699850320962926
13.0,4.0,14.0,0.4749092824053667,60.788388147886934,0.6727229231503808,3.4871316097656244,0.02256359569247829,-2.3149348302820525,3.594658693354532
13.0,4.0,15.0,0.04966475214394922,6.3570882744255,1.0360072081199174,51.04394044259394,0.01326799859290677,-0.004714062087736924,5.355875582702918
13.0,4.0,16.0,0.35094638817104323,44.921137685893534,0.7545878623654791,5.2811782350114544,0.015132020282256083,0.6696207506470256,4.930277483946961
13.0,5.0,1.0,1.0,128.0,1.0,1.0,0.015006233025367476,4.895330665940005,4.315100103343897
13.0,5.0,2.0,0.716165230962765,91.66914956323392,1.0705180280122977,5.804647169615779,0.026900716649958117,1.7303755750398937,3.1363734204083737
13.0,5.0,3.0,0.6382137514461964,81.69136018511314,0.9607002189997911,6.245005956222016,0.04302779728555893,-2.7376837056504604,2.963827912370115
13.0,5.0,4.0,0.5933568596745771,75.94967803834587,0.8609507997015174,3.7973903201202504,0.010374114767716356,3.530823243388187,5.199420908281505
13.0,5.0,5.0,0.43182539423076793,55.273650461538296,1.0692905349713522,9.239625023107404,0.013149036211216977,2.1441510492304334,3.7213873070865
13.0,5.0,6.0,0.6148528373985651,78.70116318701633,0.9512803004422685,4.937366049423473,0.02512230161334649,0.5005000038888129,2.726573670596019
13.0,5.0,7.0,0.44609181970819245,57.099752922648634,0.9244989956330355,6.780938635667207,0.022083694995674332,-1.1289377842808894,3.303299444051515
13.0,5.0,8.0,0.5598719782868019,71.66361322071064,1.0478455486679807,7.657243769797452,0.05073235566459609,1.98555852711339,4.179520116965625
13.0,5.0,9.0,0.3333138196286217,42.66416891246358,1.0224175464292773,13.154718731957884,0.008766962243892718,1.9051028936139107,3.1934706284624914
13.0,5.0,10.0,0.6511848398904181,83.35165950597352,1.040404210419153,4.133531588332384,0.041167706636233994,2.077001101514329,2.413516679052065
13.0,5.0,11.0,0.5500226137494812,70.4028945599336,0.9987021740931097,5.568144623331412,0.013066256449234986,0.9468663897731231,2.0825666415363506
13.0,5.0,12.0,0.46173896087348043,59.102586991805495,0.6834990469165241,3.7317632126530813,0.00414983836152409,0.24392052048232896,1.8683867978707116
13.0,5.0,13.0,0.48773979843282456,62.43069419940154,1.1416034967190625,8.554840214244209,0.03336523079102311,-0.14697566728299108,1.767340187729131
13.0,5.0,14.0,0.3723568428225805,47.66167588129031,1.0462310468198996,13.440014294364667,0.021814069799054307,0.6093802121079646,2.53420075487316
13.0,5.0,15.0,0.14695212917059805,18.80987253383655,1.1562819788541634,29.227800619750205,0.013949894560669106,0.41258686532411587,2.61687653681299
13.0,5.0,16.0,0.48576319519892613,62.177688985462545,0.8558621503668302,4.7154106779873155,0.018957709404415282,0.6956375575860234,2.5163197955334224
13.0,6.0,1.0,1.0,128.0,1.0,1.0,0.017639346556959402,2.1966726681265576,2.4233143134649366
13.0,6.0,2.0,0.8576611978196682,109.78063332091753,0.9609931001969401,2.408425254100435,0.06103425760407498,-1.7747245339346007,1.4917168438503545
13.0,6.0,3.0,0.5644324485316062,72.2473534120456,1.2186167727008002,6.44838576311665,0.021388899700442394,0.4737066398426953,2.8499528526319815
13.0,6.0,4.0,0.7128614383893062,91.24626411383119,1.065521605005843,4.957899912706418,0.02428697590295645,1.1698811861709464,3.052246316989711
13.0,6.0,5.0,0.4638765719541843,59.37620121013559,1.0831158148754356,9.955990953991876,0.015277657802956039,1.153216896567359,2.815464948307203
13.0,6.0,6.0,0.6809713271253556,87.16432987204551,1.057807944802509,4.456053312330466,0.018690248799096244,2.770913708652277,2.3318367546984042
13.0,6.0,7.0,0.816474233727177,104.50870191707865,1.0099863667575208,4.051284988470776,0.02932637976938627,0.02755586783913118,1.3975867464943066
13.0,6.0,8.0,0.743592748309779,95.1798717836517,1.018464627620175,5.2867970310308845,0.02680889984148132,1.2234463516368004,1.6506996879066909
13.0,6.0,9.0,0.8265226191666615,105.79489525333267,1.0174174356745618,2.8182571116318638,0.020071660534528184,0.09109557595081523,1.7792729890689418
13.0,6.0,10.0,0.6250496824275387,80.00635935072495,1.0280405420263028,4.3683147907124065,0.03520263849161206,0.4749477527020849,1.914710327527639
13.0,6.0,11.0,0.7891374657655966,101.00959561799637,0.9409269354353764,3.519085927898901,0.01869082471430193,1.2722167388995995,1.8913133427674655
13.0,6.0,12.0,0.6868225183686175,87.91328235118304,0.9396424000263958,5.153705656178896,0.04145197991411578,1.4105817280872628,1.8108381645627292
13.0,6.0,13.0,0.41975437292842954,53.72855973483898,1.0356478069579604,9.565893156664577,0.020808200900247258,-0.7634393358123729,1.4369412477616346
13.0,6.0,14.0,0.6010383725213857,76.93291168273737,1.058664786255816,8.733241657407318,0.01586656412191191,-0.6949202335508842,1.6810933299449047
13.0,6.0,15.0,0.6274972870626031,80.3196527440132,0.8805747713806076,5.485499800920612,0.014415290604721562,-0.702192995827374,2.281326865025219
13.0,6.0,16.0,0.5929390677066823,75.89620066645533,0.910198877608482,4.014778858727799,0.035277824786797154,0.4732682964794276,2.755502606265885
13.0,7.0,1.0,1.0,128.0,1.0,1.0,0.015270781305012053,-0.04370757184309263,3.186582695287578
13.0,7.0,2.0,0.879306948000139,112.55128934401779,1.055716785764382,3.201431093035365,0.00869324504462565,2.044119440602935,3.300036560212515
13.0,7.0,3.0,0.9242635720261945,118.30573721935289,1.0477599656775722,2.277988572103742,0.013164542893886303,1.7983213190666907,2.483608509859305
13.0,7.0,4.0,0.7658979356838944,98.03493576753849,0.9192882456180976,4.5521169337627345,0.021935626157023033,-0.8747047980471128,1.7841125476295445
13.0,7.0,5.0,0.6233067531208958,79.78326439947466,1.0378353511403295,5.074012553354139,0.046432519902904056,1.6628103285771145,2.399124517010038
13.0,7.0,6.0,0.8202900743908567,104.99712952202965,0.9968562578726683,2.958148819370819,0.019149466461715205,0.46528281628318746,1.8491836042620542
13.0,7.0,7.0,0.634578179062278,81.22600691997158,0.9973414449923391,3.9686119037653222,0.009817182191253937,-0.331067492469207,1.7915105359887287
13.0,7.0,8.0,0.06746310715895308,8.635277716345994,1.6590605256225839,70.02814057111925,0.020503909040366138,0.3171550484046521,1.8892835021100083
13.0,7.0,9.0,0.6868336492369956,87.91470710233544,0.951651835597494,3.810509556106619,0.016268445919049933,0.5537811666117712,1.951910204271493
13.0,7.0,10.0,0.7211096931089506,92.30204071794567,1.0351725221275614,4.042921580831558,0.0200105703590136,0.8255733128282237,1.8572677008271845
13.0,7.0,11.0,0.5301095360577044,67.85402061538616,1.0142524955556307,6.298831438349875,0.008634875648633349,0.22563035049714905,1.5962199015912912
13.0,7.0,12.0,0.6442562961779144,82.46480591077304,0.9555148478901697,4.004847424772332,0.019742016399870433,-1.4541711839662534,1.5623702331601876
13.0,7.0,13.0,0.4228584496840897,54.12588155956348,0.9756059259179719,11.18588579838788,0.12226619422950931,-4.617100039334468,2.4095039333422226
13.0,7.0,14.0,0.5722589383894048,73.24914411384381,0.9204868241914175,4.445775038917425,0.02518342105651203,0.8159118002251134,5.143695560583693
13.0,7.0,15.0,0.5822891487507147,74.53301104009148,1.093065838629309,6.749358368457222,0.03032102634851451,3.9720307879002226,5.33191991392916
13.0,7.0,16.0,0.6457297545298222,82.65340857981724,0.9236622370068337,5.076861342901219,0.016889826428326423,1.3102498199651142,3.278187826880543
13.0,8.0,1.0,1.0,128.0,1.0,1.0,0.01918271564832333,3.22831656543254,2.770215135217727
13.0,8.0,2.0,0.9141701386085972,117.01377774190044,0.9897693635028804,2.559475487266222,0.02000036153871717,1.0068279777395845,1.2737790740671597
13.0,8.0,3.0,0.8077901512349999,103.39713935807998,0.9587691852573117,3.1066521401201506,0.009002174782702474,0.37482756068503487,0.9495816774482649
13.0,8.0,4.0,0.8417115652801767,107.73908035586261,0.8680294797102297,2.0216134571397077,0.015856864353664412,-0.1338602439114586,0.9134876158390093
13.0,8.0,5.0,0.7206638984933688,92.2449790071512,0.8013760397576988,2.611902504009373,0.018368803761867364,-0.725562241836284,1.1247473384376665
13.0,8.0,6.0,0.5900949225610937,75.53215008782,1.0192503619607147,5.563299675758532,0.031502006769009966,0.08429920922742258,1.3344230821650067
13.0,8.0,7.0,0.5043835757645724,64.56109769786526,1.0389563732286737,8.683801849457458,0.019327630242466913,-1.644296871220572,1.281138406643231
13.0,8.0,8.0,0.5896225891934941,75.47169141676724,0.9074540266672129,7.0819155037297525,0.007408501375510706,-0.8231272643487881,1.7997640320873691
13.0,8.0,9.0,0.2311686177422385,29.58958307100653,0.9829456657545408,17.061144108130243,0.07411110094698084,-4.54739466288401,1.9778475590169915
13.0,8.0,10.0,0.14483203504901568,18.538500486274007,1.2174382434740303,30.734604924954088,0.01242278478111189,2.3074148100437895,4.893999735172685
13.0,8.0,11.0,0.284872745472916,36.46371142053325,1.0509244523135552,18.000072916385246,0.08190770421903282,1.4405280606026207,4.278291376377662
13.0,8.0,12.0,0.2176651925287126,27.861144643675214,1.0536225530463017,14.055948511083695,0.010601788110843656,0.9288206817737616,4.378492530953983
13.0,8.0,13.0,0.4225067891812363,54.080869015198246,0.8297772196552278,5.938918715615161,0.005208806450139527,1.7303267910059443,3.9371067854220896
13.0,8.0,14.0,0.4964760504823765,63.54893446174419,0.9641544146887205,6.131331323340164,0.026696858738972866,0.34583557116535163,2.9546803083002517
13.0,8.0,15.0,0.429208421253507,54.938677920448896,0.9493748622814695,6.818411128413126,0.02646700914924044,1.2748474750902703,3.020877003832476
13.0,8.0,16.0,0.6743689931972029,86.31923112924197,0.8715455111060313,4.616161635559191,0.02067547606842053,0.04561547478996369,2.2523224155316366
14.0,1.0,1.0,1.0,128.0,1.0,1.0,0.0013831235913924081,1.6936903291263181,4.9370225778923835
14.0,1.0,2.0,0.9921316092455916,126.99284598343573,1.0092090356119683,1.2583441039330423,0.017719454830535882,3.16954725674168,4.833830486392472
14.0,1.0,3.0,0.8772583537471177,112.28906927963106,1.0146387486212043,2.3282110119342705,0.007040170638836045,2.8297321504117874,5.468490055697462
14.0,1.0,4.0,0.7273119809986831,93.09593356783144,1.0528981517957918,4.257022206572047,0.0039033008596208144,1.8928254197028982,4.926382239301528
14.0,1.0,5.0,0.8282435823689169,106.01517854322137,1.049000630522667,4.493824747014493,0.008913742092106733,5.210299814643512,4.977343994603826
14.0,1.0,6.0,0.7378252065495068,94.44162643833687,1.0003791752576787,3.851868515436716,0.008497596754149028,5.660543138921662,4.155964168954912
14.0,1.0,7.0,0.5455897653505556,69.83548996487112,0.9456938447124645,8.195925065564836,0.016894549959900987,3.727102374050009,3.6445201471526727
14.0,1.0,8.0,0.3959448966380055,50.6809467696647,1.1888194113698294,11.153126969721084,0.01923652690113594,-2.50716454511799,3.5885169473797416
14.0,1.0,9.0,0.5124954259982849,65.59941452778047,0.9040055335868199,4.205529006675621,0.022829653993907188,3.5902817720159472,4.638802830482534
14.0,1.0,10.0,0.5596641635313631,71.63701293201447,0.8884335701993555,4.207277349337755,0.005612763955051295,3.8169704351281073,5.015023594604718
14.0,1.0,11.0,0.21415064409117673,27.411282443670622,1.0544276092478333,22.01236247747907,0.02528486819046446,0.4914434362083404,4.625009469841777
14.0,1.0,12.0,0.21727299050748328,27.81094278495786,1.057785172916045,19.22191987514172,0.014353058100577553,4.150074314625995,5.144249133545137
14.0,1.0,13.0,0.3156862665752256,40.407842121628875,0.927989011404801,11.531408444499593,0.009003278792751312,1.8515110802075667,4.189285459869302
14.0,1.0,14.0,0.4281663744337279,54.80529592751717,1.068065471091539,6.716796882975755,0.004637228896069797,-0.1847734699040788,3.798108268545351
14.0,1.0,15.0,0.4485763629121464,57.41777445275474,0.9038742736711851,5.71275885072126,0.022374153246973068,1.555156333755979,3.7433459459608054
14.0,1.0,16.0,0.4070256460381242,52.099282692879896,0.9456432278560365,7.549794727912141,0.03522947056523788,2.469480208053961,4.361934239200983
14.0,2.0,1.0,1.0,128.0,1.0,1.0,0.03471152424738615,2.435727699225403,3.9318487756513503
14.0,2.0,2.0,0.7147868409393761,91.49271564024014,0.9130868589540473,3.2751421064091546,0.008597690206224277,3.6924247170464146,3.7452239583730713
14.0,2.0,3.0,0.6345004410809942,81.21605645836726,0.9682788957980821,5.917841377531731,0.0064906194592323635,-0.018904540707927506,3.257261877402827
14.0,2.0,4.0,0.7550061191762832,96.64078325456425,0.9994543430777281,2.7976769291628605,0.015535487501599964,-1.3433370387582673,3.7928907924345543
14.0,2.0,5.0,0.5941736462353845,76.05422671812921,0.9600994158079303,6.978365576356596,0.0031629924413306833,2.9973548484348784,4.3170002943141395
14.0,2.0,6.0,0.5890214906719681,75.39475080601191,1.0604624654856925,4.881822491970711,0.015484675133219022,-2.5512863677598823,3.829437263118023
14.0,2.0,7.0,0.6636114812739141,84.942269603061,0.9738271480323281,3.4218209682173955,0.01723073243353111,5.122449295423844,4.007058863279033
14.0,2.0,8.0,0.5069964568932097,64.89554648233084,0.8766145868806954,6.9420794891957165,0.045541376680610895,-6.153589141515884,3.703263439210844
14.0,2.0,9.0,0.4780463012068028,61.18992655447076,0.995668861416082,6.833998425490988,0.017412026319997415,-3.518306163606952,5.1151088146958354
14.0,2.0,10.0,0.24841149444991628,31.796671289589284,1.073894890140798,14.914129855850756,0.015393100688476248,5.182211365027266,4.498730460248504
14.0,2.0,11.0,0.3555678399870047,45.5126835183366,0.9874866112915879,8.5115153149849,0.010123306429969454,0.38107768696706323,4.003020253300407
14.0,2.0,12.0,0.28186455501301877,36.0786630416664,0.9125006831658449,11.101055148298313,0.011905075626755735,4.400791691337599,4.486693851917133
14.0,2.0,13.0,0.24554965152390817,31.430355395060246,0.8464878186263829,12.731302953016822,0.005387864501020949,1.630493067230715,3.7718720304215254
14.0,2.0,14.0,0.06476739288205809,8.290226288903435,1.4532980591451827,54.64964074960024,0.040557722042620425,0.45990884127674736,3.3712713022401117
14.0,2.0,15.0,0.31678451229163596,40.5484175733294,0.8319131970746856,10.825568344764587,0.018623984011939168,-0.6672740985983058,3.573744842320271
14.0,2.0,16.0,0.17345950335566188,22.20281642952472,1.3529440117488132,27.38183966508698,0.03492344963793762,2.9859645896926676,4.093515609075816
14.0,3.0,1.0,1.0,128.0,1.0,1.0,0.02189254035177693,-0.7150134097813251,4.9877810403041645
14.0,3.0,2.0,0.8030671315259597,102.79259283532284,0.9499179897299175,2.781133118831893,0.010318929363269069,6.122091645226461,4.317046774005615
14.0,3.0,3.0,0.8962239245100108,114.71666233728138,0.944915998213496,2.1930732831041104,0.0023758236548413816,0.023869443278551065,3.3476723780269237
14.0,3.0,4.0,0.9029692602838609,115.5800653163342,0.9910211640582007,2.7803760355758627,0.007404938787899391,1.8885518104418821,3.210692425797037
14.0,3.0,5.0,0.9041461028063881,115.73070115921767,1.014015229383158,2.032814289648982,0.001664059924864853,0.0,2.7671296786301833
14.0,3.0,6.0,0.924597699779477,118.34850557177306,0.99952564810137,2.2107093448396045,0.03436883815081812,-1.6434297798594386,2.7671296786301833
14.0,3.0,7.0,0.7471027627644538,95.62915363385008,1.0202558468218421,3.8311622986274836,0.005982324682121827,3.47539281241529,3.442524969658041
14.0,3.0,8.0,0.8720152951934655,111.61795778476359,1.0489391149340952,2.743734011589671,0.031115959572809968,-2.1416350529982506,2.8305181308575906
14.0,3.0,9.0,0.7215142005349141,92.353817668469,1.1089064678783913,3.944807742112049,0.0197263013322784,6.4388797303239835,5.059226829259796
14.0,3.0,10.0,0.11807869185026001,15.114072556833282,1.3519933168762819,41.90916610118318,0.044077905646427405,-1.9831806537203485,3.1420267108958067
14.0,3.0,11.0,0.6131649273306804,78.48511069832709,0.9128470213370603,3.6700244266423945,0.010234268466199898,-1.3194728738134223,5.034675645028081
14.0,3.0,12.0,0.5801686665766972,74.26158932181724,1.0013583727493995,5.738522574223432,0.01932555418747508,3.2365382798778564,5.3264910989347305
14.0,3.0,13.0,0.85068358549576,108.88749894345727,1.0413205806353016,2.823052242609102,0.019091558696228087,3.648158347301418,4.952533137006846
14.0,3.0,14.0,0.6841553920407664,87.5718901812181,1.010341377114565,3.685684693447245,0.0064111389676608215,-0.3263140409524304,4.263583254093557
14.0,3.0,15.0,0.6701656725832662,85.78120609065807,1.1096209334039364,4.330726148849723,0.03001080685516872,-2.0803124337635386,4.564401000216389
14.0,3.0,16.0,0.3419438949377833,43.768818552036265,1.1103845241683006,17.301318707463363,0.023970927335794652,5.901388889181157,3.9784338851075036
14.0,4.0,1.0,1.0,128.0,1.0,1.0,0.011535805868199973,4.374500900210489,3.211045381562578
14.0,4.0,2.0,0.8302461704975803,106.27150982369028,0.9360295161584312,2.657149445715169,0.019880442566883472,-0.8250703115377196,2.665954180538693
14.0,4.0,3.0,0.7254779892742975,92.86118262711008,1.0305918374088119,5.468836580192041,0.020401630293642094,3.1986766853127158,3.332682013225156
14.0,4.0,4.0,0.5979551602078291,76.53826050660213,1.0399083790711199,4.843905381258961,0.10092513143629968,-10.941417746821,2.329514363673355
14.0,4.0,5.0,0.514578731154175,65.8660775877344,0.9214226432009982,5.3203364341007635,0.019682272725265626,5.8397202496127765,8.795517799057828
14.0,4.0,6.0,0.23447538651575606,30.012849474016775,1.0523851581367518,14.794552706785101,0.018504689262389806,-3.013544928367225,6.8380460764087365
14.0,4.0,7.0,0.28185011601578175,36.076814850020064,1.0270294164988467,15.731605479727293,0.15943941522161711,-4.668735974683472,9.007599636828267
14.0,4.0,8.0,0.5155488881153076,65.99025767875938,0.9070462293260955,5.56527578020637,0.022707471558062596,13.217817195660414,12.834204170417342
14.0,4.0,9.0,0.5593177733125965,71.59267498401235,0.8305817965332689,4.774429058333613,0.06555009120128644,1.604615208946654,7.738369434478432
14.0,4.0,10.0,0.527962839836245,67.57924349903936,1.0545185695215016,7.617323814343324,0.052843937518748565,5.610345597222949,6.571760049126504
14.0,4.0,11.0,0.3358111312274625,42.9838247971152,1.0721685811244286,14.820041911982857,0.022966410341058265,3.4795498072410784,5.257400448124049
14.0,4.0,12.0,0.3329240296501877,42.614275795224025,1.1144195451217982,13.016962023304426,0.010263126413581448,-0.7963002150405415,3.0214043614117028
14.0,4.0,13.0,0.5170154654466681,66.17797957717352,1.0026657667597791,8.31777416580676,0.025068334183320388,0.27709755430878147,3.3255013066729333
14.0,4.0,14.0,0.5760748305771014,73.73757831386898,0.9419081545297379,5.417581493491241,0.038962985252080216,2.1922009658124266,3.6543706293196148
14.0,4.0,15.0,0.4256223862448769,54.479665439344245,0.9337378230171742,9.821230807603328,0.027034617369856254,2.9155251637980966,3.7027391399954164
14.0,4.0,16.0,0.573207575889142,73.37056971381017,1.0128664223000228,7.036081037834636,0.03375174278058863,-2.9985808388942097,2.7513844226226385
14.0,5.0,1.0,1.0,128.0,1.0,1.0,0.020535764835409705,-0.5006320530436474,4.322094981194243
14.0,5.0,2.0,0.8410516065356982,107.65460563656937,1.016714619162443,2.6977523870184728,0.029819617586726868,-3.831240666740898,4.347034302414259
14.0,5.0,3.0,0.7640166046506187,97.7941253952792,0.9342187793104461,3.569896776780709,0.017225704198770904,1.6531889650438258,4.611443797490363
14.0,5.0,4.0,0.6431155717107719,82.31879317897881,1.1178671438047456,5.997265611556452,0.024961456889335973,0.5238039705972988,4.557573956827204
14.0,5.0,5.0,0.7285524060037695,93.25470796848249,0.9548833359246351,2.785814866992972,0.014711197773898121,1.4877058081061467,5.136797659865706
14.0,5.0,6.0,0.5645480510249422,72.2621505311926,1.0454328966389421,8.883905780736947,0.015862378539051675,6.393199347034956,5.111920818321143
14.0,5.0,7.0,0.6275718366851585,80.32919509570029,0.8694769730088181,3.8707213941222474,0.006503409376815879,0.16078313052929877,3.5067315443722946
14.0,5.0,8.0,0.6241721441183048,79.89403444714301,0.9476733257824055,6.064243957992682,0.07447739296166091,0.5365274955810005,4.05877446368011
14.0,5.0,9.0,0.6536561408304529,83.66798602629797,0.9122534557238917,4.517024732877055,0.017279483717039586,5.50901246744701,5.888024385310899
14.0,5.0,10.0,0.5795806115662152,74.18631828047555,1.0480550521952843,4.619551742135795,0.01548625810168022,0.9156627548794648,3.2868776662616455
14.0,5.0,11.0,0.6452165942535454,82.58772406445381,0.9966290873172016,5.1980428451039105,0.026613309828769555,1.4860783763124623,3.361206030811613
14.0,5.0,12.0,0.4703034434104217,60.198840756533976,1.155073094070012,7.045467512801295,0.02882374851086942,-0.4673312493876403,3.651206862505224
14.0,5.0,13.0,0.4197188996404644,53.72401915397944,0.9068953200699317,8.46190195060443,0.030238454340481453,-0.021336927144235896,4.129650899466579
14.0,5.0,14.0,0.2642256267965402,33.82088022995715,1.0257045568880718,12.540240301915182,0.017427754580883803,-1.551546354053599,4.469923472029968
14.0,5.0,15.0,0.28335863993209537,36.26990591130821,1.0710128806149277,15.817975515627113,0.06682375423837092,-4.442198140117602,5.338445695990835
14.0,5.0,16.0,0.25746275539042823,32.955232689974814,1.155597838951365,15.236054741454904,0.0461248282375018,7.668403444733151,8.370882351217599
14.0,6.0,1.0,1.0,128.0,1.0,1.0,0.021806655245498126,0.7684841342656114,4.379221444421071
14.0,6.0,2.0,0.8232383175504554,105.37450464645829,1.0610207238227334,2.845817448105003,0.02209573162048604,4.178987297408428,3.7450206610266594
14.0,6.0,3.0,0.7469158707132413,95.60523145129488,1.0658515913433229,5.9915649781486495,0.04392143406760065,-0.6392684845921014,2.689383984008348
14.0,6.0,4.0,0.6640791018131026,85.00212503207713,0.9426408776900834,5.08449416598132,0.02227932254900346,1.2268021272135485,3.082614057137638
14.0,6.0,5.0,0.7363399769943455,94.25151705527622,0.8858873904434528,3.910836303536981,0.015497479122855293,2.056960062791364,3.4784788567976888
14.0,6.0,6.0,0.36551329413896605,46.785701649787654,1.1590434897855018,16.440642509540734,0.047474784610112425,0.6778317176639969,2.898970129579392
14.0,6.0,7.0,0.44367445297273556,56.79032998051015,1.1092201271428315,11.008673841008015,0.013168138637694279,0.3210283331082935,2.6055381511401388
14.0,6.0,8.0,0.547986145429287,70.14222661494874,0.9703856881375695,7.493485105700433,0.02824765132427956,-1.1442083928343667,2.6630092301682966
14.0,6.0,9.0,0.652240257481207,83.48675295759449,1.0699555021647937,5.544902755570822,0.02138915474753826,-1.4096456851771875,2.674182716480243
14.0,6.0,10.0,0.3166329631634201,40.52901928491777,1.1847559313375755,13.968157525357377,0.02381202709837709,2.9934937939244537,3.243465801321494
14.0,6.0,11.0,0.6719947078463908,86.01532260433802,1.077616678122568,6.213359048032832,0.018052368937527593,2.1160597357937916,2.955578732755676
14.0,6.0,12.0,0.689963814903792,88.31536830768538,1.0135776445217282,4.244357470367221,0.04746382667925611,-2.4592991494150978,2.012677589566165
14.0,6.0,13.0,0.6126772833827583,78.42269227299306,0.9448539510227676,4.404861559149549,0.0327289613319274,3.072466719991758,3.4491126713882583
14.0,6.0,14.0,0.6163720058877481,78.89561675363176,0.9842781873125901,7.385848278548847,0.05277983189203969,-2.5957797879571918,2.886261009391242
14.0,6.0,15.0,0.3411280166647665,43.66438613309011,0.9829444660633753,12.184100428143058,0.01124265653006979,2.0822854912550413,5.523854040705854
14.0,6.0,16.0,0.39364971995561643,50.3871641543189,1.0335143784611063,10.411206386477975,0.05076099165292896,1.1073400572168832,4.32924530143521
14.0,7.0,1.0,1.0,128.0,1.0,1.0,0.05410680919983116,-1.0586308148526873,3.616504684392372
14.0,7.0,2.0,0.6034280009719745,77.23878412441273,1.0362698744091219,6.050748883210893,0.03950466148597247,1.4177610164010397,3.984269246919285
14.0,7.0,3.0,0.769566363498808,98.50449452784743,1.005798389017605,3.6881770164456253,0.012659907749691276,-1.7907001943189735,3.219850773857006
14.0,7.0,4.0,0.5849560958690244,74.87438027123513,1.0752352161912295,6.588688308865833,0.06938632063753386,0.9249806530492808,3.6035110108705215
14.0,7.0,5.0,0.5912321680378264,75.67771750884178,0.9601672085616428,4.682328028062426,0.04466780426388546,3.5769151169899853,5.0028878881416885
14.0,7.0,6.0,0.8511073817154411,108.94174485957646,0.964492750852713,2.947341786275139,0.026337817269187165,1.489664599653751,2.7211962458916874
14.0,7.0,7.0,0.82607943536307,105.73816772647297,1.0201698745187877,2.975067842791509,0.011972873460302074,1.9637395387386896,2.6379826360313947
14.0,7.0,8.0,0.641876436386188,82.16018385743206,0.9290031351471333,4.715861039326126,0.027562390099815808,-1.205129378129718,1.9878801900903216
14.0,7.0,9.0,0.5721924216042719,73.2406299653468,1.0774128768147575,7.249092804649646,0.01578879845524117,-1.364219922434579,2.625381610527526
14.0,7.0,10.0,0.6624745542766485,84.796742947411,1.1099923988696119,6.747405914610058,0.045201336805538894,3.6789566412529804,3.2055990807935757
14.0,7.0,11.0,0.2588237392597011,33.12943862524174,1.1551566487994966,20.521583043715243,0.006728143284449876,-0.45099759260809463,2.273625033623509
14.0,7.0,12.0,0.5679411426186567,72.69646625518806,1.077953483132383,4.432573813704333,0.027289017905712226,-0.297405548017333,2.4473467954886563
14.0,7.0,13.0,0.5499070804563589,70.38810629841394,1.020154918785694,8.198911513324928,0.08236293931562119,-1.9790078427703053,2.549018182889395
14.0,7.0,14.0,0.7050125617982126,90.24160791017121,1.0004897218356983,4.309067922867126,0.032960620317878074,1.029680622168995,3.377120590094222
14.0,7.0,15.0,0.7531018772490743,96.39704028788151,0.9810202248951493,4.716640298876598,0.02980849093550346,3.5817025466140953,3.509269849343044
14.0,7.0,16.0,0.6190815081205968,79.24243303943639,0.9851745624470611,4.826255523452089,0.01278247689455075,1.3654365026784305,2.3448614568454205
14.0,8.0,1.0,1.0,128.0,1.0,1.0,0.02251032415156785,-1.6707977373151106,1.6541931992514802
14.0,8.0,2.0,0.8817011097943958,112.85774205368266,1.04647298924489,3.599647557044698,0.013080694121230354,2.110028557950788,2.6791441265921505
14.0,8.0,3.0,0.8774173662286623,112.30942287726877,0.9707524181881938,3.461993994381819,0.013771745347984005,0.4085374105980193,1.9104442454826378
14.0,8.0,4.0,0.6946174921477672,88.91103899491421,1.0500426462875392,6.582271186902344,0.007027666751377321,1.7279346055683877,1.7687442197355063
14.0,8.0,5.0,0.912247106960028,116.76762969088358,0.920121558539085,1.624988972472799,0.01875606371141629,0.0949195942151682,1.0029236474150935
14.0,8.0,6.0,0.6911449048661275,88.46654782286431,0.9569972539448511,3.7107238392017408,0.02554144816888853,-0.6070021383991661,1.0415288467513037
14.0,8.0,7.0,0.7553541442116661,96.68533045909327,1.0072029669059068,4.780393044899577,0.07231466860250069,-5.436334116271412,1.4055901856808948
14.0,8.0,8.0,0.41112919427117217,52.62453686671004,1.0383567908745586,7.376566430606299,0.06620425320681597,6.125236435307363,4.131308424471631
14.0,8.0,9.0,0.7763235499739758,99.3694143966689,0.973060110610038,2.439759645399327,0.03257884151881886,0.7960989439992725,2.363790522013864
14.0,8.0,10.0,0.7235317739039528,92.61206705970596,0.808612390953684,3.1860275316444464,0.0102448969718621,-0.5237491660631992,1.5554769355635527
14.0,8.0,11.0,0.5331960916003287,68.24909972484207,1.0362860726310013,9.734395759682146,0.03880336529852583,-2.495799177492929,1.8329544068828783
14.0,8.0,12.0,0.39407115662435066,50.441108047916885,0.7271851557308691,5.418306876182545,0.049168374927466646,-3.8419188210405935,2.4661043491140595
14.0,8.0,13.0,0.6183620465790245,79.15034196211514,0.8648655864655571,3.6669883027476713,0.03159440568244791,3.651251156277643,4.568807864907155
14.0,8.0,14.0,0.05506562452925938,7.048399939745201,1.7449563997826891,81.16752935536294,0.06541311993861032,0.7242016433852926,3.764705473830891
14.0,8.0,15.0,0.5870140609437551,75.13779980080065,1.0638470114922502,8.034848750844022,0.05927379375615546,0.6958349391367844,3.1836752033016196
14.0,8.0,16.0,0.4929002758891206,63.09123531380744,0.9723176188477869,8.887098206785591,0.038299990928276774,-0.3275604682988423,3.152547631198019
15.0,1.0,1.0,1.0,128.0,1.0,1.0,0.025800840614254857,2.369066575978469,4.9370225778923835
15.0,1.0,2.0,0.5737620917229386,73.44154774053614,1.1121046813697286,8.52935035141654,0.013396157039410007,6.814300357055419,5.649652403846292
15.0,1.0,3.0,0.6707533600343948,85.85643008440253,1.0319636618565655,4.869815779042654,0.007214326837587655,4.921326544000191,4.706850090030777
15.0,1.0,4.0,0.6488097689662141,83.0476504276754,0.9598384064509716,4.082218642759402,0.033366253396808127,2.9397950696015798,4.299274870430315
15.0,1.0,5.0,0.2146262628897621,27.47216164988955,1.02032078220569,19.26818332069949,0.004339988484898598,2.99202855890121,4.662192928265341
15.0,1.0,6.0,0.09485667241938252,12.141654069680962,1.2747152804120656,34.08322267938107,0.05426851486196209,-14.546364950663216,4.227467283083298
15.0,1.0,7.0,0.29326250248336344,37.53760031787052,0.9110751609454215,10.518389500557191,0.031476601934308755,11.245699380908155,10.077372111623188
15.0,1.0,8.0,0.41050012415391574,52.544015891701214,0.9061539967076954,6.313244426123783,0.029347625371646858,7.964679679706681,8.047733647032516
15.0,1.0,9.0,0.1553724444233182,19.88767288618473,1.2788013305591956,21.750712572666178,0.06204274575140377,-15.184442318784527,6.031023911736505
15.0,1.0,10.0,0.07102312613837965,9.090960145712595,1.2895801404381015,46.610625213998276,0.00632188522877522,-1.5319225755189465,12.283203221499425
15.0,1.0,11.0,0.08323090112624285,10.653555344159084,1.8835553141987138,43.32828188702569,0.0749403047647383,14.948831995386964,12.589481678401402
15.0,1.0,12.0,0.4016792870004775,51.41494873606112,0.9626089734704444,7.030374236955127,0.03766346819630907,18.18291288196177,10.554690234444793
15.0,1.0,13.0,0.2301447730732638,29.458530953377768,0.8534497790813993,15.457118005225901,0.04209964002190962,-7.318348619955247,4.5835882319390135
15.0,1.0,14.0,0.10460471613113519,13.389403664785304,1.3361276422648665,40.579384643711954,0.009698175424606787,2.7739015187089553,7.689444572596306
15.0,1.0,15.0,0.21026101520662513,26.913409946448017,0.7403554074847605,11.79426046128843,0.013405939381811751,3.881374046772948,7.5801576451764205
15.0,1.0,16.0,0.17037273759456945,21.80771041210489,1.143636889899022,18.450256007414705,0.007779246886591162,6.2772796329774545,7.8999167799328465
15.0,2.0,1.0,1.0,128.0,1.0,1.0,0.0228994164474214,6.0147377319992605,6.123823148291898
15.0,2.0,2.0,0.7583456036318963,97.06823726488273,1.0278346591786436,4.286111522554053,0.007227627320133569,1.3619302427659152,3.82750712383611
15.0,2.0,3.0,0.7014132533158123,89.78089642442397,0.9271275925158472,5.394374343218157,0.02218076010523863,4.38755532865801,3.4696798770021084
15.0,2.0,4.0,0.6807584753894743,87.13708484985271,1.1365427071839744,4.429766720073473,0.026617629468390913,0.17678592917635594,3.1002228637707496
15.0,2.0,5.0,0.7532774467619795,96.41951318553338,1.058372421030486,3.500993895455347,0.00515045665055673,3.7745192366296423,3.8883153571889393
15.0,2.0,6.0,0.8309119150189032,106.3567251224196,1.036064072725181,2.7150202633324163,0.009272216738863987,1.459446230562801,3.3814600601220497
15.0,2.0,7.0,0.7360249439787924,94.21119282928542,0.9997790622593222,3.1341677673312436,0.01192400150761179,3.437924176168862,3.1869646778462664
15.0,2.0,8.0,0.7965484968535191,101.95820759725045,1.0080436101173058,2.9606161446910675,0.04012941249296691,0.4411243335406837,3.1434180015164843
15.0,2.0,9.0,0.6932032981949641,88.7300221689554,0.9960032774530202,2.8350407149269143,0.06443890559356291,-2.1901834249918393,3.513127015186932
15.0,2.0,10.0,0.3174677491982025,40.63587189736992,0.9885812207111317,8.525982018657595,0.04279626294533656,5.5997872328823295,5.389957259363831
15.0,2.0,11.0,0.5266387420389563,67.40975898098641,0.9660529349595768,3.9422089808382603,0.009754256645868157,2.515422554909819,4.896766540842822
15.0,2.0,12.0,0.3714337488305773,47.54351985031389,1.3029607124610938,11.337438847282295,0.017537806070162615,-2.737251384841201,3.8640028485918823
15.0,2.0,13.0,0.6348611348396024,81.2622252594691,0.9385491802253529,4.27291554980274,0.02062566372873029,2.9196631138812803,5.148968181712968
15.0,2.0,14.0,0.5755005833533402,73.66407466922755,0.9900215473188041,4.568300907304165,0.021257957874486897,7.278204306188321,4.084870932755065
15.0,2.0,15.0,0.6150767129226058,78.72981925409354,0.9717664306170704,4.239784788116784,0.01171623341790474,0.6793431855058588,2.3124722319382767
15.0,2.0,16.0,0.575452588429635,73.65793131899328,0.9117212946003945,4.277695557623855,0.005140137808363494,1.9720068004938243,2.2791001073347292
15.0,3.0,1.0,1.0,128.0,1.0,1.0,0.006959875835009233,1.2197359213681245,2.104230868919921
15.0,3.0,2.0,0.9097184591814734,116.4439627752286,0.9964243253161791,2.2199953386172795,0.024265195084330945,-1.71031645670401,2.104808609350389
15.0,3.0,3.0,0.7455613914945299,95.43185811129983,0.986078079769636,5.671068225892631,0.023732414211296418,1.2765637164387056,3.1842084483036954
15.0,3.0,4.0,0.7564785272441635,96.82925148725293,1.0242292890963145,3.6259327550159637,0.016949326622198554,2.009676739452744,3.5046900326503776
15.0,3.0,5.0,0.7312023228456356,93.59389732424135,1.0200820547020213,4.070635045118231,0.014358527342343622,-0.9994889121572034,3.579831799627608
15.0,3.0,6.0,0.8062578404449774,103.2010035769571,1.045360654158583,2.8454615525657685,0.007818647385985209,3.5593399203436107,3.9150948277640034
15.0,3.0,7.0,0.857570163863076,109.76898097447373,1.0439266473870497,2.556930675547146,0.01636752830277878,0.3026314448089383,2.9778818752642153
15.0,3.0,8.0,0.808100422770659,103.43685411464435,1.0019069137413101,3.102053444777448,0.011846482876214355,2.271091634333646,3.456274127615201
15.0,3.0,9.0,0.894652122782576,114.51547171616973,0.9991606307757646,1.904496533779744,0.021890886936150943,4.734013599733285,2.970341784186728
15.0,3.0,10.0,0.6292553643353905,80.54468663492999,1.0827427118151935,7.086085660202537,0.029429702902111398,-2.2774795129430085,1.738948008090099
15.0,3.0,11.0,0.7885548288632773,100.9350180944995,0.9631235018080486,2.9171124264850405,0.011274035095149976,3.0397550189700207,3.095781669186546
15.0,3.0,12.0,0.7821662619796371,100.11728153339355,0.940980001688444,2.8488933619792083,0.021703445609748687,1.275018637479139,2.2228829041970206
15.0,3.0,13.0,0.6593078174819702,84.39140063769219,1.112034659709153,5.0692696430269,0.007580914822819215,0.7730379719034042,2.089436788562646
15.0,3.0,14.0,0.736338831659733,94.25137045244583,1.0614390401445175,4.110156380205431,0.05783763787139941,-0.5041025588226583,1.8435945364818678
15.0,3.0,15.0,0.6720185427166379,86.01837346772965,0.9899585183711528,5.089538906131658,0.010007461846642795,0.6553259623523903,2.0204100991234424
15.0,3.0,16.0,0.6995009693259059,89.53612407371595,0.9195631572817852,4.31752157842281,0.012782787351808989,1.362998736433708,2.0098575625690853
15.0,4.0,1.0,1.0,128.0,1.0,1.0,0.03822123247542825,2.5072661812250376,2.562135937202187
15.0,4.0,2.0,0.822567109607014,105.28859002969779,1.0456270391274418,3.175664917092147,0.019870029891385813,-0.6976785196678841,2.5706534205704044
15.0,4.0,3.0,0.5521773485340578,70.67870061235939,1.0341139102400327,6.347207195306916,0.015929694545182376,1.641202723032261,3.3099620217185644
15.0,4.0,4.0,0.5971088720000662,76.42993561600848,1.0397561389028684,3.953999930117646,0.012822348691953894,-0.2838165302962499,2.6226795645796215
15.0,4.0,5.0,0.629047730458446,80.51810949868108,1.074390729402574,5.707058965338664,0.03204557483948283,1.0361891895935995,3.1577486622145305
15.0,4.0,6.0,0.4990194062355957,63.87448399815625,0.9329632727798707,7.1952617288952565,0.023264314047979306,2.987738911359327,2.9136774213578467
15.0,4.0,7.0,0.3732117892014667,47.77110901778774,1.0246565616318364,13.632706097681334,0.01289234003287731,-1.0179174284636003,2.3702756588314826
15.0,4.0,8.0,0.6323175251548542,80.93664321982133,0.9561020198750759,4.7403568637098,0.023311603049179515,-1.571508297679475,3.328163454957536
15.0,4.0,9.0,0.44206244264502936,56.58399265856376,1.0065754808382774,8.553785963569048,0.05967594569684551,4.68312053303536,4.636248184895876
15.0,4.0,10.0,0.7616959615923681,97.49708308382311,1.0099575934177847,2.8634460937060147,0.01647801856801151,1.5466083698996962,2.7751174236749967
15.0,4.0,11.0,0.7064135285707442,90.42093165705526,1.0052349761423311,3.5545241563973606,0.021163611754664333,-0.349432045567282,2.4053350526210324
15.0,4.0,12.0,0.48018723814909775,61.46396648308451,0.9618746819448287,6.0057235926814565,0.008366934900408518,2.356105457461193,3.408572910656672
15.0,4.0,13.0,0.5281998959209141,67.609586677877,1.0950748941143502,6.269410287911492,0.05566033583053915,-2.761357754257415,2.836160980280706
15.0,4.0,14.0,0.23718345465230684,30.359482195495275,1.266974862768333,22.469751895096138,0.01951984247141014,-1.2587156560494561,3.8138579278843525
15.0,4.0,15.0,0.11548232173253825,14.781737181764896,1.1120952687094605,30.80530561804928,0.013682086802402642,-1.623732734246676,4.7507627306552
15.0,4.0,16.0,0.3175658663648132,40.64843089469609,0.7722340567368425,11.073438568154911,0.02237473087077859,0.31708404203655305,5.273835430661305
15.0,5.0,1.0,1.0,128.0,1.0,1.0,0.03595150060890282,5.268741968467128,5.7759717570716935
15.0,5.0,2.0,0.7352260863484215,94.10893905259795,0.9497208066490562,3.075206135606671,0.009346470892924043,2.7864058081205942,3.1416455203910187
15.0,5.0,3.0,0.5503624645281849,70.44639545960767,1.0234749979031654,7.4654928768202815,0.008214969076432667,2.435039049010608,2.7496000778922727
15.0,5.0,4.0,0.5689046162142833,72.81979087542827,0.9472475231605058,6.0445721747460555,0.014206190883462644,0.35970170148641284,2.2044760200722404
15.0,5.0,5.0,0.653608029593482,83.66182778796569,0.9157257630293317,4.63555477933875,0.012969699967723737,-0.9568759162307606,2.054419327877625
15.0,5.0,6.0,0.5097584554810092,65.24908230156917,1.073332802490618,7.08456701141064,0.020585093951126596,1.8216263828697399,2.827481169926885
15.0,5.0,7.0,0.45459325308396537,58.18793639474757,0.7827059198687365,5.590266679617467,0.003630362850829537,0.16417871515481722,2.201538298026737
15.0,5.0,8.0,0.3574235119660184,45.750209531650356,1.1321617236068395,12.318953050891299,0.012547320111729647,1.3430678754731655,2.2886299614324206
15.0,5.0,9.0,0.6196411852634945,79.3140717137273,0.8965713598259838,3.496861151467441,0.04161113321098488,1.5928912452518091,2.155815887647199
15.0,5.0,10.0,0.22228287057352974,28.452207433411807,0.7994868938920063,13.914969221257326,0.0624302642688457,-1.962311099150098,1.9795346837516175
15.0,5.0,11.0,0.37020199617629895,47.385855510566266,0.9534683474285026,8.871420297498865,0.028644445989345887,-0.7251618923493245,4.574006438717503
15.0,5.0,12.0,0.2106410776150546,26.96205793472699,1.1053760864482565,17.23340655885055,0.07631019679633952,4.135244298819571,5.265356974048566
15.0,5.0,13.0,0.43836231733699155,56.11037661913492,0.977009454320725,7.312621281378901,0.04569711745171919,2.3395762436528753,2.9306850865394054
15.0,5.0,14.0,0.18633656523540768,23.851080350132182,0.7536947934663372,9.91323753992936,0.03345321694191817,-3.6808024954590484,2.0946169980895557
15.0,5.0,15.0,0.3375152598529667,43.20195326117974,0.6881213134023998,5.939408036807938,0.013768699755885997,-2.206035177768845,3.3335802625377875
15.0,5.0,16.0,0.056989898109689324,7.2947069580402335,0.8460251131775284,37.55444216868914,0.01091094276174272,-0.4918014596685955,4.228326173871798
15.0,6.0,1.0,1.0,128.0,1.0,1.0,0.007076937374312347,2.215012533091768,4.354750503109636
15.0,6.0,2.0,0.9555988030947105,122.31664679612294,1.0017788739739037,1.8335554843737245,0.006844707151197827,3.387390066098039,3.491470757309711
15.0,6.0,3.0,0.8028352473661183,102.76291166286315,1.0027927399870236,3.2122798511783026,0.015449176364785842,1.0113546756008003,2.847680951519398
15.0,6.0,4.0,0.7719571533108359,98.810515623787,1.0390454860650884,5.053525389392563,0.058029204659881914,0.07265807802830594,3.170537342098947
15.0,6.0,5.0,0.5312170723074503,67.99578525535364,1.122367242982679,6.5603359227995295,0.02306762264314813,-2.6137148724397226,2.7104489480348204
15.0,6.0,6.0,0.46147251764871494,59.06848225903551,0.9782959710300464,9.195016900733144,0.016608787658752885,1.7540214297144945,3.020370497885744
15.0,6.0,7.0,0.4391597515620483,56.21244819994218,0.8888027703493826,8.539647762800607,0.014991847206298457,1.4164640617952133,3.111027289629705
15.0,6.0,8.0,0.34265960159648756,43.86042900435041,1.1993133591496026,14.755810654281193,0.01884274397488883,1.7381538272030734,3.0573655341494894
15.0,6.0,9.0,0.32481419717609555,41.57621723854023,1.0575323322989219,13.615876492334671,0.007625606998506224,-0.6686259327467492,2.9487916820336513
15.0,6.0,10.0,0.6133431448889535,78.50792254578604,0.8310356401067767,3.795994391025556,0.031514754327605816,-0.4665166490271338,3.11015960530355
15.0,6.0,11.0,0.22702581496416482,29.059304315413097,1.0622561723760469,18.654824945075223,0.03699949666504881,-1.1373374345921208,3.0197360572953893
15.0,6.0,12.0,0.49895196189695773,63.86585112281059,0.7252457434372361,4.615210812836592,0.057489701984234566,-2.1965143461674725,3.0657329976924377
15.0,6.0,13.0,0.1993495609681795,25.516743803926975,1.061840012435882,22.559040222708838,0.018245839682106753,5.688640269749407,5.421051094183733
15.0,6.0,14.0,0.467301358524055,59.81457389107904,0.8942030241164836,7.266704783145776,0.03334434181310592,1.4098947714520889,3.1554619228735015
15.0,6.0,15.0,0.2540964065548613,32.52434003902225,1.4498677578295411,23.390301418675794,0.25215684476941946,-14.827082444883189,3.4215637627552042
15.0,6.0,16.0,0.15818383547299256,20.247530940543047,1.2611750336654972,21.14714359838938,0.012030538664487347,3.4929917478982033,6.48286198362985
15.0,7.0,1.0,1.0,128.0,1.0,1.0,0.03187021513746435,5.490938272284835,4.976269183538411
15.0,7.0,2.0,0.8165588431101798,104.51953191810301,1.0080591317990877,3.1750166034273275,0.04033407827849579,7.078070442167974,4.4773197065255825
15.0,7.0,3.0,0.5125825158344492,65.6105620268095,1.0123184157984482,7.552113794143948,0.0125491735817463,3.052208226225778,3.3145060162454976
15.0,7.0,4.0,0.7597139018765692,97.24337944020085,0.9053932936500484,3.3451970203360077,0.013702744430334365,0.7334110706662874,2.320787979765829
15.0,7.0,5.0,0.4479069920270096,57.33209497945723,0.8408257980762293,7.558249576064103,0.0034717030128200645,1.0201719597696668,2.321168871631595
15.0,7.0,6.0,0.33418018956775936,42.7750642646732,1.2664383841897373,16.50626345229177,0.013601401322308413,0.4304183368713145,2.268709434882223
15.0,7.0,7.0,0.57149187940104,73.15096056333311,0.8056113790659213,3.805169157853809,0.007367991202841408,-0.22166449284164483,1.7491291487567235
15.0,7.0,8.0,0.3656910686537548,46.80845678768061,1.148521705394148,13.916010193370456,0.02888873304469429,2.124935695497466,1.8552024118007044
15.0,7.0,9.0,0.3503180594536679,44.84071161006949,0.8590541653415984,7.0448172677832614,0.012972711662599064,-1.5846015020683872,1.9401447056589427
15.0,7.0,10.0,0.42148242557013826,53.9497504729777,0.9781486633543355,5.372486101092613,0.03009794208061129,-0.2977404363306463,2.557057463388683
15.0,7.0,11.0,0.6501327117097729,83.21698709885094,0.8284157465559155,3.8900807767676113,0.042145059784798426,0.22549806074657752,3.0250609409835283
15.0,7.0,12.0,0.1267367768080237,16.222307431427033,1.1671077373137233,32.66610404978691,0.00541034584753939,1.9370921579879623,3.026208719962585
15.0,7.0,13.0,0.42988958261974053,55.02586657532679,1.2084018014615887,9.602043620216383,0.016057064893326613,1.8451269523769096,2.23691123190045
15.0,7.0,14.0,0.3257814358370238,41.700023787139045,0.9335772680207077,8.868446133086895,0.03636557186990334,0.9205268893191891,1.5228055594588858
15.0,7.0,15.0,0.10801025980635667,13.825313255213654,0.9350160169363302,26.5874605586092,0.025049214267287595,0.9644083272441779,1.595239546768604
15.0,7.0,16.0,0.20020681889118908,25.6264728180722,0.7395143953349625,11.75707767900746,0.009852838396590156,0.06829339309911475,1.3310590523229129
15.0,8.0,1.0,1.0,128.0,1.0,1.0,0.021214531997816824,0.1052715484868222,1.348567236782734
15.0,8.0,2.0,0.8853967660015634,113.33078604820011,0.9832164448840701,3.2928745959128407,0.039049814546308896,0.1745097552587804,1.6556108689313547
15.0,8.0,3.0,0.8059256017830378,103.15847702822884,1.0031190592256842,3.2875361600071438,0.010584378339452322,0.8597953016674529,2.0705137600002352
15.0,8.0,4.0,0.9229407119681693,118.13641113192567,0.958802855267746,1.8599622143196861,0.013617584711035243,1.4950641266083287,1.5202626738318272
15.0,8.0,5.0,0.7024395912534415,89.91226768044051,1.045469099391629,4.370455036125187,0.006917117378011758,0.5362138147640498,1.187431482645553
15.0,8.0,6.0,0.780918441639715,99.95756052988352,0.9460985381680262,4.0020269482559305,0.007890101294141255,0.7637586217857693,0.9589579673320626
15.0,8.0,7.0,0.6508861087731427,83.31342192296226,1.118836816789655,6.024635975829107,0.019269120784751244,-0.2382657203223938,0.8795153715452626
15.0,8.0,8.0,0.7814035594022324,100.01965560348575,0.9968125459404027,4.462040254991079,0.0076574828492471,1.0571755999276036,1.1573244498338293
15.0,8.0,9.0,0.8995833499809994,115.14666879756793,0.9721601257418555,2.788226936548012,0.010451547985271443,-0.23920235316716199,0.9185794949862685
15.0,8.0,10.0,0.8016403764180189,102.60996818150642,1.0173874204797082,3.789411097280117,0.014244749288252423,1.2383413824702658,1.146387959073412
15.0,8.0,11.0,0.7931947515415809,101.52892819732236,1.0758942593853418,4.399433638781807,0.08085922990254674,-4.590522067338897,0.7326269689566016
15.0,8.0,12.0,0.7712807751640806,98.72393922100231,1.0056595988730344,4.309700545487062,0.01084736908426896,1.4789519849663293,2.3363847140490064
15.0,8.0,13.0,0.8234457873129386,105.40106077605614,1.0007147710420674,2.900157977739799,0.007746847485964268,-0.01557297237175612,1.86028444691512
15.0,8.0,14.0,0.8308979239744249,106.35493426872638,1.0534506428708648,3.0765271904853515,0.017453480600303238,-1.400807233575393,1.8032809033230288
15.0,8.0,15.0,0.7482902010756547,95.7811457376838,0.9787292894337061,3.057090735494723,0.015047638679768199,2.8577426369339194,1.9450752888052154
15.0,8.0,16.0,0.4730547236746966,60.55100463036116,1.14482155462089,10.338946819637972,0.01317156961374149,1.2993040049317923,1.4199450108905334
16.0,1.0,1.0,1.0,128.0,1.0,1.0,0.018273603360489,10.791188495975696,4.9370225778923835
16.0,1.0,2.0,0.8222086010751496,105.24270093761915,1.0149040505051627,2.9277231294199653,0.011181029409092883,2.8231142958717674,4.118643591535952
16.0,1.0,3.0,0.854644396686304,109.39448277584691,0.9681063118388782,2.1827619096959667,0.009452223408218241,5.272967481894767,4.505902730387784
16.0,1.0,4.0,0.48513810527465484,62.09767747515582,1.035424601912096,9.509618117528376,0.008924191359239326,1.8710954948549223,4.388169852369751
16.0,1.0,5.0,0.29346730990793307,37.56381566821543,1.1074429479827863,17.755254834597032,0.01937099992762869,0.4167264666150786,4.741239131275903
16.0,1.0,6.0,0.6214794607576072,79.54937097697372,1.0866643991344613,5.062497315957121,0.05832547370589595,2.4961958185260507,4.029916161501428
16.0,1.0,7.0,0.48946130336496874,62.651046830716,0.9476445859808894,8.189868761559586,0.032171265253047594,3.510038847997241,5.740032160840706
16.0,1.0,8.0,0.4869706008149799,62.332236904317426,0.904964899989471,6.740529543779578,0.004467055821430905,1.186379601090255,5.2907195907544065
16.0,1.0,9.0,0.4798621860789341,61.422359818103565,0.997645301426602,9.417182834746315,0.013402929750834562,6.116539362197744,5.025447980016777
16.0,1.0,10.0,0.5899687933189456,75.51600554482503,1.1505282237332128,7.7441172264843,0.01694918129174141,3.7091303754182925,3.6764578428050063
16.0,1.0,11.0,0.4229207283286303,54.13385322606468,0.9667393049270917,7.321719198446654,0.05381988887839964,5.688116212160488,3.3847180710907003
16.0,1.0,12.0,0.4080941677394119,52.23605347064472,0.8497361409038927,6.616488284172894,0.025750104514642862,0.9308445352651359,3.005107500009471
16.0,1.0,13.0,0.1845315371406144,23.620036753998644,1.0426467413724887,18.94622126011394,0.024436905623016973,2.522472199517594,4.189895646129969
16.0,1.0,14.0,0.35296430150193225,45.17943059224733,0.8818613917242601,5.943743144040673,0.009866351939692292,3.7716075578857406,3.292657841830642
16.0,1.0,15.0,0.18372091457769604,23.516277065945093,0.8931168463648813,11.169156037538484,0.014061074431357932,2.8725679363068783,3.0487538193970134
16.0,1.0,16.0,0.17584678162523987,22.508388048030703,1.2168947293815515,26.148036113175788,0.013075529772206943,4.6028443600458795,3.067623225985839
16.0,2.0,1.0,1.0,128.0,1.0,1.0,0.009381081879844402,-1.6794768231393398,2.7225685290413537
16.0,2.0,2.0,0.974781454176558,124.77202613459943,0.9969688939341422,1.4602948299633898,0.011077493778224791,2.5940279776228485,4.397609571971985
16.0,2.0,3.0,0.9091059183115899,116.36555754388351,0.9926000148157381,2.046582816690456,0.013907463734346598,1.65236052090563,4.469524680282121
16.0,2.0,4.0,0.8626196567864378,110.41531606866404,1.0248462914055898,3.14046811159256,0.01081614527877291,2.2475888693126187,3.352057282977844
16.0,2.0,5.0,0.9484115209989628,121.39667468786723,0.9884996523663268,1.962848093951494,0.010379186203103427,1.942724751188703,2.827211585295561
16.0,2.0,6.0,0.7951759946150488,101.78252731072625,1.030848210321679,3.8835267738939967,0.024168010684394156,1.4222741568923225,2.94364157013386
16.0,2.0,7.0,0.8540039606498454,109.31250696318021,0.9906287916215769,2.9767381284006045,0.012639134327051313,2.266544011317349,3.2759032255586775
16.0,2.0,8.0,0.8159825186713582,104.44576238993385,1.0116950285868722,2.789065723606329,0.05454849959606084,-1.973112570897179,3.3664124207824533
16.0,2.0,9.0,0.7700463310981278,98.56593038056036,1.0379695195331664,3.859305494918524,0.029916868732280253,0.6490524496323755,4.497125622688577
16.0,2.0,10.0,0.6553584119887719,83.8858767345628,1.0193050731831867,4.929059151805936,0.019859568397185657,2.7946094035633435,5.473590419757229
16.0,2.0,11.0,0.6265963823664451,80.20433694290497,1.1118769053668418,5.58640448724468,0.07855071199959429,-5.400505540907453,4.169391070580677
16.0,2.0,12.0,0.4229757775843631,54.14089953079848,1.1153115053642422,8.443882146172186,0.029169444219404945,6.056956783436392,9.054807912149576
16.0,2.0,13.0,0.7204484598047125,92.2174028550032,0.932264552820669,3.408383994744618,0.061986309330763406,5.887091232361065,7.751953880003067
16.0,2.0,14.0,0.4756928760745969,60.88868813754841,1.0058922247588382,6.351740051835695,0.011152093471808542,4.957428341737301,4.566442992131254
16.0,2.0,15.0,0.5550464791649957,71.04594933311945,0.9734549323704638,4.6628914565094846,0.016178254668345417,-1.9407661946811874,2.713445958046558
16.0,2.0,16.0,0.5338733806420585,68.33579272218348,1.0235152076068852,5.841507806771264,0.05347085334993054,-4.685334656366549,3.1152255328548875
16.0,3.0,1.0,1.0,128.0,1.0,1.0,0.01624172985947218,7.374772472792559,4.668513622769803
16.0,3.0,2.0,0.8649977900079373,110.71971712101598,0.9934006698684903,2.7340096465966486,0.04738805041716103,-8.127996006878464,3.720234769073241
16.0,3.0,3.0,0.8062656702287481,103.20200578927975,0.9695343558230358,2.595631067228279,0.025890529031277844,10.1858149620288,6.7040818924483645
16.0,3.0,4.0,0.77276918154813,98.91445523816064,1.0809243723797004,4.67665963386944,0.02012007060874184,-0.5078866910488603,5.057971470831272
16.0,3.0,5.0,0.7771619355691431,99.47672775285032,0.9722713512399453,2.953936082185837,0.04328280136775018,6.09512245670197,4.8772860223542045
16.0,3.0,6.0,0.532436171825857,68.1518299937097,0.9110244737784091,4.268324040961673,0.007320603016682857,3.989898049369245,4.37938803038326
16.0,3.0,7.0,0.5136365937509103,65.74548400011652,0.8397282450761616,4.678738399485611,0.01484456777697446,-0.03540630474236171,3.1984280788795134
16.0,3.0,8.0,0.5230743736978528,66.95351983332516,0.9547650707379242,6.420773528711782,0.01590636816984941,-2.199575332000889,3.4827652355127996
16.0,3.0,9.0,0.22416448307404824,28.693053833478174,1.0923143314191437,21.28200852275697,0.05544653994210103,-2.6704449784146274,4.259302218820278
16.0,3.0,10.0,0.21282856086404991,27.24205579059839,1.3496686699895801,16.717930959292303,0.1463987374627775,-10.168978494038637,6.246852016601408
16.0,3.0,11.0,0.47037860141195387,60.208460980730095,1.0272469703877685,8.679646693001915,0.012372944411445585,10.698786972351432,11.424738102360092
16.0,3.0,12.0,0.5020826454760808,64.26657862093835,0.9949047532849107,6.301665458760405,0.03477247031608669,4.19655413995862,7.453837999707319
16.0,3.0,13.0,0.27822544507805863,35.612856969991505,1.2143234009091581,20.081919276906174,0.004410641301867666,1.6911279080261956,6.127543443095227
16.0,3.0,14.0,0.6008089778900012,76.90354916992015,0.8966048532939647,3.912860574340006,0.017005115871729728,4.0796794115132835,5.456716465265948
16.0,3.0,15.0,0.5595359372076386,71.62059996257774,0.912910311673037,4.7401256819658455,0.020796855610982528,1.1233180346252638,3.8992786860482416
16.0,3.0,16.0,0.5251070265681677,67.21369940072546,0.9748537764321321,5.556963103014104,0.027997147577461624,5.766887238233035,3.7319752418509204
16.0,4.0,1.0,1.0,128.0,1.0,1.0,0.032263558350950426,-0.3145430069308479,1.8069215583473734
16.0,4.0,2.0,0.7931835715369205,101.52749715672583,1.016117657507157,3.6803699891971307,0.0420672277873757,1.380887571291037,3.0589703629152893
16.0,4.0,3.0,0.6340992530857099,81.16470439497087,0.9975133318976799,4.215533104024843,0.09978549743990904,-7.793634140193125,2.5118216076466133
16.0,4.0,4.0,0.05319933110329432,6.809514381221673,1.384853131990511,62.14906977084311,0.04772451142494689,-2.45392152444158,3.9911458426774185
16.0,4.0,5.0,0.13538922115469476,17.32982030780093,1.0522776172265225,22.325626951363848,0.4168582724833235,-11.29784708155201,4.671798014647174
16.0,4.0,6.0,0.15151306902472644,19.393672835164985,0.6073229905973918,7.423922872355446,0.06677589836022693,-4.019056786713816,2.577836932266425
16.0,4.0,7.0,0.13452674062741524,17.21942280030915,0.7419649499843135,17.543776745436336,0.015488945643263738,0.7878405435172341,4.943867950361896
16.0,4.0,8.0,0.31065386459710964,39.763694668430034,0.39034239884823335,2.752296327452421,0.010733362541994007,-1.3553025219695065,3.3660453676670103
16.0,4.0,9.0,0.11149341460068356,14.271157068887495,0.43847064559259774,11.58553646820073,0.033121333575143366,0.23200555390611513,3.661449396635246
16.0,4.0,10.0,0.16735006865922433,21.420808788380715,0.45719221019825185,5.746307395470676,0.01517742492672318,-1.1440921231319134,4.293578412837053
16.0,4.0,11.0,0.025097245011665666,3.212447361493205,0.7234973238443033,46.466280648595635,0.006872505526119729,-0.6746828746518146,4.370020478878743
16.0,4.0,12.0,0.12677513794766343,16.22721765730092,0.4562359377597799,10.619041484651447,0.07088802263629514,-2.1294505747479855,4.028430377091264
16.0,4.0,13.0,0.010851270580747984,1.388962634335742,1.7175517292857188,186.32270940735123,0.044336382614305545,-1.212713427888592,4.2235095197455665
16.0,4.0,14.0,0.019433931769914044,2.4875432665489976,0.7912823270896686,63.44651639421067,0.40639090474976963,-26.600660237569137,5.659871826000026
16.0,4.0,15.0,0.05791040582556263,7.412531945672017,0.3398602682985614,13.936408807181575,0.007883494679528836,7.842144611441426,16.368437271133832
16.0,4.0,16.0,0.09450942071723939,12.097205851806642,0.250364985970853,5.630985672372365,0.0033370999433734094,12.735911592413077,16.300584207598906
16.0,5.0,1.0,1.0,128.0,1.0,1.0,0.019063906976422157,18.9994965203638,16.502141093573627
16.0,5.0,2.0,0.7170890504538371,91.78739845809115,1.052697529238602,6.917487223089222,0.02917474548898574,11.503652407282628,9.041251706471499
16.0,5.0,3.0,0.6125467963585286,78.40598993389166,1.020834223762912,5.6136440285412785,0.01851123371023622,1.3124812397777637,6.639072441923451
16.0,5.0,4.0,0.11959915537011405,15.308691887374598,1.388142285807413,42.99832758774349,0.004634783226537312,3.7287030865344373,5.234700848466651
16.0,5.0,5.0,0.6727416344733785,86.11092921259245,0.8544079873756927,4.085568849105539,0.008057117034689667,5.2849900109716925,4.107379277622598
16.0,5.0,6.0,0.48429892892812176,61.990262902799586,0.956710726985967,5.5126536254347105,0.020946067308374727,6.215687536584662,3.1895676479361144
16.0,5.0,7.0,0.22581826073458436,28.904737374026798,1.0165611552413152,17.958901393203462,0.11133192500693398,-0.7967625633986615,1.7996710384884382
16.0,5.0,8.0,0.1514404666105256,19.384379726147277,0.886545253319678,12.905909228689527,0.00357413243908875,0.6857263986651927,2.0171736522696557
16.0,5.0,9.0,0.2737669446981819,35.042168921367285,0.7995943269688448,9.268872251292269,0.0015892617435375022,0.6378007689668868,2.1253587721958804
16.0,5.0,10.0,0.181142230430646,23.18620549512269,0.7557035555907878,10.465078384853872,0.023187366956175244,0.8701345076648823,1.951548321763473
16.0,5.0,11.0,0.09372069878220204,11.996249444121862,1.5038731135554417,35.8569018613095,0.8254470859748615,-30.378508647392877,2.155932108901717
16.0,5.0,12.0,0.25481333272774254,32.616106589151045,1.1179316410439246,16.626590744837358,0.030050604987110485,6.112347357860043,6.347731632805122
16.0,5.0,13.0,0.45730670813784724,58.53525864164445,0.8345619570972387,4.457751292797746,0.005717269190873944,1.7642420634841682,3.4489008804350183
16.0,5.0,14.0,0.18681324113210834,23.912094864909868,0.9175243014071381,16.4193335076486,0.003327363081708622,0.1919551902808642,2.649223069402912
16.0,5.0,15.0,0.07065432599448644,9.043753727294265,1.0848689719226943,38.116700138422274,0.03239006318843256,1.9282992542301234,2.5617996298105727
16.0,5.0,16.0,0.14697574035012778,18.812894764816356,0.900915706140849,21.227948010120876,0.002221330538095856,0.09667196258337092,1.780143444090331
16.0,6.0,1.0,1.0,128.0,1.0,1.0,0.008475300060619872,0.5247067387304903,1.7815309020049497
16.0,6.0,2.0,0.9646279701959125,123.4723801850768,1.0048888669224298,1.6620653884511452,0.05769949455668767,2.462676454561334,1.749593838902222
16.0,6.0,3.0,0.6661333021476069,85.26506267489368,0.8732983557683207,5.331945153170076,0.0048470079374663645,-0.6938967474622936,1.1763350311664718
16.0,6.0,4.0,0.3439310533351928,44.02317482690468,1.0988143355920714,15.996151857174066,0.0360101854036331,-0.3871089672519663,1.4269957981613972
16.0,6.0,5.0,0.3005997243813542,38.476764720813335,1.0975938293045653,18.386590552024305,0.007780157221931873,-1.3747219326895699,1.5599555094483841
16.0,6.0,6.0,0.6007146079921046,76.8914698229894,0.8267018421761865,5.491783395607901,0.0060312417962718815,0.8052292783993275,1.9269877061640484
16.0,6.0,7.0,0.5066962072404501,64.85711452677761,1.005439291779387,7.618963316958836,0.03298697347583168,0.49189745416650993,1.5764871537949625
16.0,6.0,8.0,0.4549139755526655,58.22898887074118,1.106776842960878,11.420284543349835,0.008813309037427795,-0.7106214911592751,1.992272217980568
16.0,6.0,9.0,0.7478215194673774,95.72115449182431,0.9317096929023931,2.6849394003089393,0.04036485222164132,1.084700104139209,2.520991563508393
16.0,6.0,10.0,0.6761277174149986,86.54434782911981,0.7846762866987823,2.884126829430999,0.014108312388671489,0.6944133631733918,2.7253803674620696
16.0,6.0,11.0,0.3986120017241667,51.02233622069334,1.0874316229913807,7.46809522052642,0.027705517636131848,0.29593261828853074,2.7585572421666287
16.0,6.0,12.0,0.35843117449674444,45.87919033558329,1.0689204429071775,11.782398778253343,0.024376062309459393,-0.03435700652030823,2.7918095288543077
16.0,6.0,13.0,0.4601898477741519,58.90430051509144,1.146657892484266,7.109392348635474,0.01061940681841705,-1.6037007794256082,2.702942855843355
16.0,6.0,14.0,0.7346477264592229,94.03490898678054,0.8980631759449729,3.469035942418172,0.013147723648409371,-1.1170232959804522,3.113165539702389
16.0,6.0,15.0,0.23809052317861093,30.4755869668622,0.6680108667637555,11.678774877644713,0.003685098481516046,0.0,3.9543965183797622
16.0,6.0,16.0,0.38298269442850724,49.02178488684893,0.9558306294606163,9.842282034022425,0.00412258305474383,1.0879510096151659,3.9543965183797622
16.0,7.0,1.0,1.0,128.0,1.0,1.0,0.026741658971991735,0.8491176272331716,3.659208191075043
16.0,7.0,2.0,0.7655133889207062,97.9857137818504,1.0211405738505865,4.523536442284605,0.007559863427920538,-0.024184425353743884,3.5491332104605533
16.0,7.0,3.0,0.854086472547775,109.3230684861152,0.9972401883117168,3.4176923146425318,0.019962543617749733,6.917521816095157,3.3759984486523487
16.0,7.0,4.0,0.7778468673006803,99.56439901448708,0.9007253597349265,2.5889358880649773,0.0022531821427960643,1.191622202104356,1.041647435860831
16.0,7.0,5.0,0.4526721242736271,57.942031907024266,1.154870876520474,9.383197764397684,0.03694484138257065,-1.54342536859277,0.6558466273837137
16.0,7.0,6.0,0.5303293315613943,67.88215443985847,0.9526830370104717,5.534445345520929,0.034551578173985784,-0.39059217634786914,1.62087563436792
16.0,7.0,7.0,0.2721498297851376,34.83517821249761,1.0392614120744883,14.48632879163147,0.0059781622329974395,0.08342367969988251,1.2873075910117027
16.0,7.0,8.0,0.35718068479587356,45.719127653871816,0.810167114895285,8.143962883496295,0.018134519324245764,-0.02407014858696447,1.3267274803398788
16.0,7.0,9.0,0.5121505286600141,65.5552676684818,0.8257421083417273,7.77362847570267,0.011345487691605372,-0.3975133590393507,1.9203471017670386
16.0,7.0,10.0,0.5457281714433931,69.85320594475432,1.0074826885922865,6.297389874849629,0.03703323774621034,-2.9507623241860985,2.070231099202192
16.0,7.0,11.0,0.12424489859212683,15.903347019792234,0.742500044574032,21.635642796636787,0.1609300321094392,-13.83775100868984,3.011705716864113
16.0,7.0,12.0,0.44321029853798616,56.73091821286223,0.7741009204624226,5.118827373113651,0.012735833627311979,1.0216548873041056,9.050390225173496
16.0,7.0,13.0,0.3531711457337415,45.20590665391891,0.9380792428927799,11.04748120795711,0.02436866658835157,11.79937203658848,8.390577805582518
16.0,7.0,14.0,0.3413299361534811,43.69023182764558,0.9813637927509518,8.390724083164761,0.004328894305108507,0.0,4.599440249243487
16.0,7.0,15.0,0.5043329291933314,64.55461493674642,0.9084616377036827,4.907465663452999,0.07223728940642807,5.36139722797922,4.599440249243487
16.0,7.0,16.0,0.15871067443783213,20.314966328042512,1.2923171778684308,31.297241106336404,0.01080867751667542,-1.3183545643042303,2.2812536067013367
16.0,8.0,1.0,1.0,128.0,1.0,1.0,0.010283235583199442,2.60164508239393,2.610335099891979
16.0,8.0,2.0,0.8994547285927773,115.1302052598755,0.9676413382160556,2.5765965822819807,0.0020245803757423728,0.0,2.0440887909888743
16.0,8.0,3.0,0.9087661410725115,116.32206605728148,1.015538184888179,2.575544140417931,0.003800672870730363,2.5051792530876544,2.0440887909888743
16.0,8.0,4.0,0.9354555174333024,119.7383062314627,0.8945224496662978,1.523059541099193,0.0014060400024130655,0.0,1.3791580743302585
16.0,8.0,5.0,0.9006081803385794,115.27784708333816,0.9952185827274511,2.2206447954274875,0.011264613703622311,-0.869882471292554,1.3791580743302585
16.0,8.0,6.0,0.9012657791580984,115.36201973223659,0.950078018985105,1.9122159142150668,0.004779290267262657,2.21470647762304,1.5060029497646366
16.0,8.0,7.0,0.7120320048867986,91.14009662551022,1.1412358503151478,4.579197143473172,0.004197556486259009,-0.5153314084043453,1.0171257657774184
16.0,8.0,8.0,0.7608835356765851,97.39309256660289,1.033812853850487,4.4210346198980774,0.008301807197546342,0.04685250405262916,1.199781072196833
16.0,8.0,9.0,0.7390255361055356,94.59526862150855,1.0136606155775667,4.990872356362485,0.004878128928175655,0.32960335530412127,1.183897359334323
16.0,8.0,10.0,0.8294538898929495,106.17009790629754,0.9848324406852196,2.6589696641059186,0.0035180100126213196,0.23701788790416886,1.1082149612330525
16.0,8.0,11.0,0.8094665367265838,103.61171670100272,0.9980008777047383,2.9864587946606203,0.03936111360015017,3.1696843086723363,1.098774409896152
16.0,8.0,12.0,0.6651484684747544,85.13900396476856,0.9200707552557347,4.38092736868038,0.0021309103284700612,-0.16125127534835595,0.38701899526954575
16.0,8.0,13.0,0.23407263591945807,29.961297397690632,1.1276486459949364,20.54137254054708,0.01367984995897563,-1.1679549480791758,0.4633165168089862
16.0,8.0,14.0,0.49405745840075665,63.23935467529685,0.9152793419169376,5.360993466702587,0.0682797828173691,-0.2211601291803532,0.8604228705352845
16.0,8.0,15.0,0.36491909889269847,46.709644658265404,1.0022445659970405,11.264412013421262,0.0041338711592871155,-0.7988142322777675,0.8695152283193871
16.0,8.0,16.0,0.4791209955445635,61.32748742970413,0.7854814370900425,4.628950722694807,0.0013143262671139046,-0.03235846233774988,1.0755818454146477
17.0,1.0,1.0,1.0,128.0,1.0,1.0,0.013081101070080804,3.5743347487535164,4.9370225778923835
17.0,1.0,2.0,0.8421711487647642,107.79790704188981,1.0492095722278945,3.8629438078449585,0.010956664790882857,7.29823752531466,4.542524360631646
17.0,1.0,3.0,0.8602605395115884,110.11334905748332,0.9867916138266463,3.1881166913188803,0.00831354500162524,3.4456948796594498,4.549843141051954
17.0,1.0,4.0,0.8566880063525285,109.65606481312365,1.004060424304393,3.2134399147791393,0.014966834592323612,6.367916230326495,4.750449680911892
17.0,1.0,5.0,0.7011812534766184,89.75120044500716,0.9760391192582422,3.4090289082698138,0.018966245655095155,9.042371056497895,4.599268527329248
17.0,1.0,6.0,0.41161185166346137,52.686317012923055,0.9695052271610859,7.328370537013259,0.005029953072906109,-0.8723356275015852,3.617920260978234
17.0,1.0,7.0,0.21841504057173386,27.957125193181934,0.8973159248405915,17.73644160271379,0.007353504848508629,0.5521159541010023,3.718134971234639
17.0,1.0,8.0,0.2619830869039286,33.53383512370286,1.3208363443965978,15.082193628005136,0.005269059997979027,1.315330887657475,4.269429308470391
17.0,1.0,9.0,0.7082568863336693,90.65688145070968,0.8620439326272054,2.720722735856965,0.014920499516062991,1.7534388139921324,4.296684214211583
17.0,1.0,10.0,0.5908984573523771,75.63500254110427,0.9597323160126285,4.988750740873581,0.02649283834404903,3.733341942243223,3.973025384991542
17.0,1.0,11.0,0.3382544370873704,43.29656794718341,0.6710591693390657,6.189375181070254,0.013438827650681332,-0.1776330089442206,4.237326217091364
17.0,1.0,12.0,0.5019813355086328,64.253610945105,0.9691677492244823,4.896090732621162,0.007726358508848115,4.909563079671687,4.079482756877864
17.0,1.0,13.0,0.338258565691387,43.29709640849754,0.9633923125904432,9.779256820870394,0.004179504998389729,2.195421752420254,3.5172213364878586
17.0,1.0,14.0,0.48070451549129156,61.53017798288532,0.9639248482064763,6.465994290660318,0.011130340090260465,2.1508126417643494,3.196960259317947
17.0,1.0,15.0,0.44407882059244547,56.84208903583302,1.0506141814133494,9.718326599537686,0.027725815861193312,2.6445688641726948,3.785489386707563
17.0,1.0,16.0,0.351808985761475,45.0315501774688,0.9544149349438857,8.627647513136042,0.0423931697430191,3.919125572851452,3.388550434897027
17.0,2.0,1.0,1.0,128.0,1.0,1.0,0.015294675574847984,0.8915885439797411,3.372969965185984
17.0,2.0,2.0,0.9145216980160298,117.05877734605181,1.0506283558418494,2.4340755038317607,0.020463312999593614,2.59817596287382,4.075635308684387
17.0,2.0,3.0,0.7536553484005005,96.46788459526407,0.9274888913850068,2.9785503728820664,0.005269683026955693,2.250924799668797,3.5419654835609333
17.0,2.0,4.0,0.6586849716151431,84.31167636673831,1.0574330944871813,5.410285514470662,0.02042283530420857,0.6530725540981164,3.5001638128512127
17.0,2.0,5.0,0.718377840918572,91.95236363757722,0.917164672767999,3.6933496532819876,0.014280572761469778,3.8345029496290652,5.026622076067507
17.0,2.0,6.0,0.693524502884117,88.77113636916698,0.9992360486119144,3.702931855614232,0.007231888154358376,4.917795015899243,4.043708695059198
17.0,2.0,7.0,0.7282549560274472,93.21663437151324,0.936406368024921,3.5687076059824285,0.013035593660870193,2.331930133308574,3.079531613434191
17.0,2.0,8.0,0.7731834159754875,98.9674772448624,0.9260626054337393,2.3793407924157477,0.006881161989502762,2.1988237642557684,3.057802436423286
17.0,2.0,9.0,0.6981537665941031,89.3636821240452,0.9568566607692701,4.9662784864007605,0.005472409861557971,2.817786160110814,2.555627971084004
17.0,2.0,10.0,0.678731344462617,86.87761209121497,1.0078565941995152,4.597563182722185,0.015185590096054104,0.20210301742234035,2.070594097323349
17.0,2.0,11.0,0.5697771648217237,72.93147709718063,1.0552898420155445,6.883830333329,0.01952442437079733,1.9698242232986531,2.3865634405325187
17.0,2.0,12.0,0.586787738625479,75.1088305440613,0.973673024880499,4.351833989957171,0.01807673939824591,-0.5710861064770206,2.4871470144845316
17.0,2.0,13.0,0.45337439860454093,58.03192302138124,1.0148519753289205,7.933557994890292,0.07057683505225579,1.1462084048141705,3.9750901938276115
17.0,2.0,14.0,0.4947722138641491,63.330843374611085,1.1765029636646642,10.149775841292078,0.03735628114251205,1.2753737704586268,3.7098603275046744
17.0,2.0,15.0,0.26797323176433663,34.30057366583509,1.0950959833363227,13.169678384687815,0.030221738754754278,1.789765144032349,3.635617616093696
17.0,2.0,16.0,0.4077784326410826,52.19563937805857,0.9248679782084819,9.776972121712786,0.009977194983050343,1.4479354056642844,4.471082455908417
17.0,3.0,1.0,1.0,128.0,1.0,1.0,0.018333579373808844,1.308790173860292,4.1084106409218535
17.0,3.0,2.0,0.8286655976911452,106.06919650446659,0.9409799292600707,2.999929307180448,0.05373312989044146,-1.0296678442595952,3.591693565062716
17.0,3.0,3.0,0.3632905855591805,46.5011949515751,1.0699701915506348,13.848027104894845,0.10561555087412892,-5.015701841350836,3.497949491360223
17.0,3.0,4.0,0.5156613867234854,66.00465750060613,0.9101175273122457,4.957475767770955,0.03929058374559245,6.302838355316326,8.918538411315414
17.0,3.0,5.0,0.5375476457079923,68.80609865062301,1.0574118556817957,7.2325213553882115,0.02367881371032172,5.998995943262157,6.583928908755849
17.0,3.0,6.0,0.7523097739677209,96.29565106786828,1.0031352424969537,3.0073273809622627,0.009402285243805406,1.1292145424243325,3.490797327197565
17.0,3.0,7.0,0.8256049771648052,105.67743707709506,1.0322016968301373,2.9004603636912414,0.00894179296429861,3.1702576418243935,3.8157267125657297
17.0,3.0,8.0,0.8024004364118779,102.70725586072037,0.9801587417072316,2.6198715150357748,0.01701034756829086,1.7213865008120437,2.754471281581238
17.0,3.0,9.0,0.7298482413253494,93.42057488964473,0.9787624066408931,3.6310303770126917,0.03622101368819817,-0.8406702555806764,2.5127501699036867
17.0,3.0,10.0,0.6745164318827159,86.33810328098764,0.9901379017905447,3.5418107192943897,0.06150915785775803,-0.42942932416456975,3.30421407509985
17.0,3.0,11.0,0.5274443102277631,67.51287170915367,0.8770970061381903,6.545666339868002,0.011358035196367246,0.945743581932185,4.504444229451792
17.0,3.0,12.0,0.40509939805004014,51.85272295040514,0.9010344794359615,6.190052048872872,0.005434157574691942,0.4159440891409886,4.265377001651081
17.0,3.0,13.0,0.5965888433867885,76.36337195350893,0.9764227228428446,5.877551383876768,0.026815325390073246,5.398946515254429,3.9734379513151445
17.0,3.0,14.0,0.7489000740714084,95.85920948114027,0.9075951015814865,2.962555445758852,0.008282714799927152,0.9129367358178949,2.8142130553351246
17.0,3.0,15.0,0.70959485734548,90.82814174022144,0.9977997356939372,4.486844908697324,0.020401711132979276,0.46734781042690055,2.818174692544269
17.0,3.0,16.0,0.6282685140448112,80.41836979773583,1.0147919443539775,4.1675345860590385,0.0038984040913711726,0.7753466294946161,2.6872510786188637
17.0,4.0,1.0,1.0,128.0,1.0,1.0,0.02510285055452312,0.8824601688924149,2.564139491347564
17.0,4.0,2.0,0.8052014912806025,103.06579088391712,0.9824491515463808,2.6061226034176257,0.007313506787428477,2.712166075947352,2.80455705589133
17.0,4.0,3.0,0.920369981332072,117.80735761050522,1.0070170543467576,2.3460579405952533,0.014909957067362907,0.8899371219966808,1.7680233444698747
17.0,4.0,4.0,0.7022922823489725,89.89341214066847,1.0331526614099604,4.461539127546464,0.016579685000100874,-0.3823568290792965,1.5899684770498104
17.0,4.0,5.0,0.38122460123975915,48.79674895868917,1.086691623824919,11.095950213153495,0.014917985101606156,0.6579129727979236,2.0492378533876296
17.0,4.0,6.0,0.8118802756944149,103.9206752888851,1.0698308455510674,3.5613507041301276,0.06641484520424555,-2.3311455861876804,1.964637209039619
17.0,4.0,7.0,0.6468393842798319,82.79544118781848,1.0105310136643508,3.3502418664848017,0.021161671244274448,-0.3555076011283699,4.248471166713636
17.0,4.0,8.0,0.32036887856228063,41.00721645597192,0.9702565930721627,14.34857791951578,0.01816187182898244,3.3348921317858156,3.9952823967356625
17.0,4.0,9.0,0.4838697372048791,61.93532636222452,0.9315509499861749,8.033838509872256,0.03391339828407339,-1.1046162195395983,2.849106766269764
17.0,4.0,10.0,0.4573335916719702,58.538699734012184,0.8597616198523623,8.303593934579213,0.06907961376964736,0.32291113948816486,4.196375535954049
17.0,4.0,11.0,0.6545037432316198,83.77647913364733,0.8739626350844283,4.2175553865902575,0.020987638143323217,3.3218250552831528,5.4626918339174475
17.0,4.0,12.0,0.4964621536129859,63.547155662462195,1.0904608034791496,5.654645017365522,0.12532666770563813,-5.060188604649172,3.6359918446955586
17.0,4.0,13.0,0.7084439144195791,90.68082104570613,0.9737553837688159,3.293087810614952,0.006064373728985946,4.730455790754576,6.5628402777674175
17.0,4.0,14.0,0.5699184523059916,72.94956189516692,1.0378632603173528,6.8980291015675625,0.016270389121640236,3.426236627158935,4.147597962901766
17.0,4.0,15.0,0.7487249251650582,95.83679042112745,0.8943825033721575,3.616684985286388,0.03915647348348168,-0.7788932949263083,2.427083974736383
17.0,4.0,16.0,0.7560396302986732,96.77307267823016,0.9808703476720213,3.4374702823011276,0.009438396102854907,0.03936060702665403,3.075148245256245
17.0,5.0,1.0,1.0,128.0,1.0,1.0,0.009111506937833582,3.584444106337638,3.2729775264235412
17.0,5.0,2.0,0.7983115547281522,102.18387900520348,0.953109470537324,3.264415682932739,0.01401621325349444,-0.5167664159348563,1.8462801174947887
17.0,5.0,3.0,0.8670977940121399,110.98851763355391,1.0142788826595102,3.4124072280593936,0.0065649310467997615,0.8064571016360654,2.131553399888204
17.0,5.0,4.0,0.8087713899912502,103.52273791888003,0.9702092194329553,3.186086342736387,0.04036380512415312,-1.986515075586844,1.8480858723829308
17.0,5.0,5.0,0.6391119873552036,81.80633438146606,1.0877075420137843,6.892785558310419,0.009872992143002218,-1.3071191497357433,2.75888808095301
17.0,5.0,6.0,0.4790693862675088,61.320881442241124,0.97465118766315,9.716334685462025,0.006853095806835121,0.5514446820539932,3.4202777455782005
17.0,5.0,7.0,0.5623320464453208,71.97850194500106,1.0208561434894345,6.5833510004695635,0.03839533620051708,3.539019891155305,3.2326557605124018
17.0,5.0,8.0,0.7549073698684581,96.62814334316263,0.9928111972725606,3.9347465608093035,0.011793346737861423,1.0635311430776369,2.572571994618287
17.0,5.0,9.0,0.6997183079253093,89.56394341443959,1.1059116177065547,5.276672576813944,0.015071610043711613,1.9528623400031822,2.416863512600615
17.0,5.0,10.0,0.647319716564934,82.85692372031156,0.9436176436157244,4.79827121270884,0.014642688988240983,-0.7668694983630738,1.5129777310069177
17.0,5.0,11.0,0.5273626080910676,67.50241383565665,1.0738394165748408,5.571473764249931,0.013739558084828804,0.4717285811051192,1.919833809826172
17.0,5.0,12.0,0.405225931071228,51.868919177117185,0.8785434413847958,8.032416433405315,0.012036813159213663,0.32589703619847915,1.8788953197830418
17.0,5.0,13.0,0.460148465532546,58.89900358816589,0.7452333263947322,5.266104098297273,0.007751330040603482,-0.11299358144573289,1.7399687535781374
17.0,5.0,14.0,0.389260116194246,49.82529487286349,0.9214152440612495,10.140608607542879,0.013309897772161607,-0.5470576991698205,1.7643641456822723
17.0,5.0,15.0,0.23262804765274794,29.776390099551737,1.1525536521496573,12.66150564070708,0.01341367982092434,0.07749362920042176,2.3530851007528457
17.0,5.0,16.0,0.3726841933300314,47.70357674624402,0.9676794604333547,8.098276712371383,0.02045053015431139,0.3200761996149413,2.3768050097816045
17.0,6.0,1.0,1.0,128.0,1.0,1.0,0.016851728355415315,3.7062489186542336,2.277145413790788
17.0,6.0,2.0,0.8228460041881901,105.32428853608833,1.0014291449346575,3.5135769455281145,0.022271625849539664,-1.2118817818269076,1.3336912696360466
17.0,6.0,3.0,0.7738524426346205,99.05311265723142,1.0564944297021692,3.812092996664913,0.026758194941295103,-1.978444649367937,1.654166641282493
17.0,6.0,4.0,0.5648056676386067,72.29512545774166,0.8239096065591899,6.759982250129109,0.005890854328444832,0.9076272880716172,2.776694150952884
17.0,6.0,5.0,0.16246953363422106,20.796100305180296,1.0841780766093563,27.047862597434598,0.15226203413913805,-6.9165291178151795,2.7011690068696366
17.0,6.0,6.0,0.45444153885347277,58.168516973244515,1.0300652413348568,7.18786725714728,0.0068840952038252395,6.287933978501673,7.254902143545741
17.0,6.0,7.0,0.7741095953355986,99.08602820295663,1.0273816634981348,4.824751952141648,0.010678265017469915,0.4960134027264785,4.0829563218632305
17.0,6.0,8.0,0.8441819424570525,108.05528863450272,0.9805332148010664,2.5272104350389397,0.029150684928335335,4.096563511468022,3.9219377176946755
17.0,6.0,9.0,0.7902430889274588,101.15111538271472,0.9916474414855334,3.1546666650373254,0.01577061581882691,-0.459967418559082,2.1131601457363223
17.0,6.0,10.0,0.5715407618100201,73.15721751168257,0.9282661719525417,4.52662422458319,0.00878362306823515,0.7189808372664899,2.3596425394340694
17.0,6.0,11.0,0.5589207706771081,71.54185864666984,0.8405214611967555,5.345106936090082,0.01108477983513053,-0.35870416456935705,2.161399628876174
17.0,6.0,12.0,0.6666147714266493,85.3266907426111,0.8706412770374335,2.803717648521344,0.012877354593081841,1.608301980736026,2.2714594329246642
17.0,6.0,13.0,0.26811274211509767,34.3184309907325,0.9530344496363018,10.878217989668823,0.020476582039894442,-1.7808214567349507,2.006962092698112
17.0,6.0,14.0,0.17224378334777807,22.047204268515593,1.0868117472113201,20.090503651198098,0.01352600370513335,-0.7653683108381326,2.4810186003315025
17.0,6.0,15.0,0.18060577663212268,23.117539408911703,1.02728859595286,21.932987375524753,0.02423918409452539,-1.4145649469249195,2.6301505753091
17.0,6.0,16.0,0.3001971319540716,38.425232890121165,0.883487247389899,10.598848772343347,0.013572015024690307,-0.8628465754362621,2.771058174897382
17.0,7.0,1.0,1.0,128.0,1.0,1.0,0.045904039502026886,1.6402888924499566,2.754521257629601
17.0,7.0,2.0,0.8498095965880085,108.77562836326508,0.9724971956353443,2.624774870566323,0.0247484205568331,3.366440228177257,3.0412732627588595
17.0,7.0,3.0,0.584073094159482,74.7613560524137,0.9665475077966427,4.638038188109234,0.007184578563696968,0.785949047144125,2.5138777829303995
17.0,7.0,4.0,0.378951723979515,48.50582066937792,0.9380754654971444,10.809459564141026,0.0075667110789279235,-0.03669516291504308,2.1111776772915833
17.0,7.0,5.0,0.3932685002325646,50.33836802976827,0.956176268967001,10.034254000540471,0.12999586113822653,-6.460797629538936,2.071061247820264
17.0,7.0,6.0,0.4612894559849553,59.04505036607428,0.9998050906521591,10.32722126527692,0.05780050636019515,2.423441905466069,5.697651201733744
17.0,7.0,7.0,0.5721380595552213,73.23367162306833,1.1181760791104294,5.157008667196198,0.06801019636821015,1.6067894199217831,3.9704151343904375
17.0,7.0,8.0,0.8321161538454538,106.51086769221808,1.0265767782675317,2.5592781264413698,0.010832781535078655,2.5213416187730284,3.4363762225040864
17.0,7.0,9.0,0.8748692261622811,111.98326094877198,0.9289922601191162,2.6982234452030633,0.006656975350160382,1.183530975391829,2.4936846166378355
17.0,7.0,10.0,0.7428041223471437,95.07892766043439,0.9702252827032193,3.5869097632907394,0.006750062087304485,1.4855887029100603,2.4040790091940267
17.0,7.0,11.0,0.39306886915986206,50.31281525246234,1.0738229429290425,12.842427356908294,0.053153341951984054,1.507567507600755,2.250352824395162
17.0,7.0,12.0,0.6884052752829023,88.1158752362115,0.989755377877122,5.393412576358426,0.01666726357260796,0.4716737857492104,1.8638484987318706
17.0,7.0,13.0,0.6278578401304886,80.36580353670254,0.9947898693469768,5.639152297433147,0.07963169225156055,-4.432940788594461,1.733940381638446
17.0,7.0,14.0,0.5899496068830827,75.51354968103459,1.020037905403942,7.112424978444534,0.02995211064942065,4.754105230398684,3.8502285984677482
17.0,7.0,15.0,0.729386360299388,93.36145411832166,0.9817905925007868,3.040324531865392,0.0247610194477712,-0.01561146694804233,2.4563477293451363
17.0,7.0,16.0,0.24908723781341427,31.883166440117026,1.124249173551088,14.709116425976685,0.004583184203998799,-0.21397704616270755,2.502725431945449
17.0,8.0,1.0,1.0,128.0,1.0,1.0,0.008978736080158995,1.6687902678671533,2.535761188494786
17.0,8.0,2.0,0.9122720625085483,116.77082400109418,1.03271673111521,3.0123765139134564,0.007092611203065383,0.7435873756650113,1.8858638438224875
17.0,8.0,3.0,0.9043315545737658,115.75443898544202,0.9693657694346807,2.404360152886725,0.006070994419519635,1.4924158047759062,1.7987505603619192
17.0,8.0,4.0,0.8701592779719989,111.38038758041586,0.9892868560325534,2.855605071090651,0.00781279405445764,0.6132136446062885,1.3716813419270035
17.0,8.0,5.0,0.84207473369976,107.78556591356929,1.069021118475208,3.4616195446379705,0.011991405884461293,0.3385865260981309,1.2397794611586483
17.0,8.0,6.0,0.7798845742205012,99.82522550022415,1.0121344790196907,3.465588365067711,0.011680454997616704,-0.24239899342799745,1.2145244492780798
17.0,8.0,7.0,0.6156766720437026,78.80661402159393,1.0536784665155632,6.508614339531549,0.007678351057357984,0.6764677893049953,1.2104901948444797
17.0,8.0,8.0,0.8364018580852569,107.05943783491288,0.9761292266310558,4.022034389052152,0.022097219693883362,-0.01908089920838144,1.0244028647964856
17.0,8.0,9.0,0.6431902346145238,82.32835003065905,0.9848394642561684,6.039185431564557,0.009666534584070663,0.7322035956349892,1.3741357246628683
17.0,8.0,10.0,0.558584310616069,71.49879175885683,1.0936491494360459,7.305905660210868,0.04466265551888865,-2.089986137343975,1.0426356806194605
17.0,8.0,11.0,0.878400848862719,112.43530865442803,0.9969913875002571,3.013544418552662,0.024601974236469967,-2.0134435324973485,1.758417166632819
17.0,8.0,12.0,0.7961439717719577,101.90642838681059,0.9183595436265323,2.9082442147278864,0.01000954248943515,-0.8614580655402969,2.2800107402163188
17.0,8.0,13.0,0.6710829152283779,85.89861314923238,1.0315984749773028,5.351944409212224,0.01726804367688362,1.5217752423273085,2.3823061611147063
17.0,8.0,14.0,0.6089928575280906,77.9510857635956,1.0181179416268669,6.55939039644319,0.10043396103537565,1.0678227806778853,1.9179415522596446
17.0,8.0,15.0,0.47781166975872974,61.15989372911741,0.9994261179233763,7.655571634251187,0.0068994325977874485,1.6751594378299586,2.7886242971423085
17.0,8.0,16.0,0.5887892425141815,75.36502304181523,1.0162944417442035,4.9028937187590556,0.004896504150808303,-0.06288521537098844,1.9355792632734419
18.0,1.0,1.0,1.0,128.0,1.0,1.0,0.0039413625566374205,0.8341563675301438,4.9370225778923835
18.0,1.0,2.0,0.9682267981255126,123.93303016006561,1.0159940991714655,1.7729822152741574,0.014754352668363564,9.803577994025053,5.088435236069078
18.0,1.0,3.0,0.7237025950766537,92.63393216981167,0.9942168960199713,4.877271561961243,0.00474877717341678,2.7090353619266394,4.715397239825774
18.0,1.0,4.0,0.5088024288349361,65.12671089087182,1.1712039302817825,12.184553690417639,0.01051529110331172,4.029882119689936,4.443261683786051
18.0,1.0,5.0,0.5412725248857553,69.28288318537668,1.1185598439041804,7.65125122895882,0.0254426669534874,2.4844983731285994,4.273929836537454
18.0,1.0,6.0,0.4078777689468694,52.20835442519928,0.8170236752966429,4.980924022927869,0.00783254410661947,2.33580496717836,4.135869972809246
18.0,1.0,7.0,0.2617477897800309,33.50371709184395,0.930651628316058,8.904912501322823,0.0031382027693592778,0.45234444988085504,3.732427756484757
18.0,1.0,8.0,0.04872940935102891,6.2373643969317,1.6070303836933784,79.42320888386918,0.01301804978495651,-0.10892616194142704,3.623560107237883
18.0,1.0,9.0,0.22347653605215545,28.604996614675898,1.0050263614709323,14.80179999581686,0.004274725545402937,3.1031606944288335,4.912872305841189
18.0,1.0,10.0,0.24558123483097263,31.434398058364497,0.8862598294931125,12.584865173540496,0.0031254213852076407,-0.3942578569066836,4.166114462431067
18.0,1.0,11.0,0.17739355883398908,22.706375530750602,0.7880210582478258,9.9264343735964,0.010382339188187388,-2.2236588305792995,4.31679254967963
18.0,1.0,12.0,0.12888768562817346,16.497623760406203,1.535962404419936,29.842518784342296,0.019458827738050688,3.5824216051239968,5.075188537673723
18.0,1.0,13.0,0.0371824563814282,4.759354416822809,1.7616898257591684,100.42480175299241,0.12466072124885155,-21.40849220389169,4.405748688035608
18.0,1.0,14.0,0.2963597962122369,37.934053915166324,0.9774062445700187,8.788003380213604,0.0262788841495641,21.416153031569596,16.279177335119176
18.0,1.0,15.0,0.2811350138386372,35.98528177134556,0.8053163207068534,11.647160247040388,0.009112236204849468,2.6791220486763696,9.59389741331146
18.0,1.0,16.0,0.3113090209984827,39.84755468780578,1.2162095222193714,11.546703522763648,0.04228622111831064,5.527751791545431,8.430652057282899
18.0,2.0,1.0,1.0,128.0,1.0,1.0,0.027825066814734414,6.089833478987402,6.11225812981938
18.0,2.0,2.0,0.687913353800252,88.05290928643225,0.9758141741038893,4.032494868776876,0.011698480558514555,1.4623179573127782,4.686941981874786
18.0,2.0,3.0,0.7082131097404679,90.6512780467799,0.899761970716293,3.767009136377611,0.018626129613668017,1.457752999198013,4.295253486846516
18.0,2.0,4.0,0.567674837326334,72.66237917777075,0.931808440141171,3.3832512851367005,0.008046299238249559,2.7456608973101027,3.9895616594602954
18.0,2.0,5.0,0.39146895948028226,50.10802681347613,1.0836380019423666,11.343651472071322,0.03734382851269279,-1.5345708645538843,3.792714182748676
18.0,2.0,6.0,0.28175636255777614,36.064814407395346,1.055332801175598,12.063296614712167,0.008327878044387976,1.0028673707996707,3.5014414338245246
18.0,2.0,7.0,0.4585802760147049,58.69827532988223,0.823130356674995,5.008606212671263,0.02397950165535273,3.774589899585862,3.355639356110224
18.0,2.0,8.0,0.14345606492371044,18.362376310234936,0.9950881761857322,23.27746536756746,0.033494378049270704,-2.620731692142577,3.2048552174833147
18.0,2.0,9.0,0.12727466964705098,16.291157714822525,0.43914632315629193,8.955241070975868,0.0020891554249689026,-0.013384469574497586,4.316594355302636
18.0,2.0,10.0,0.24084834070802694,30.828587610627448,0.6241034818790082,6.504656383560413,0.009133880393507638,3.561715538169815,4.304779094426983
18.0,2.0,11.0,0.23475624783587554,30.04879972299207,0.5273193344169786,6.9524538575912675,0.003370008815378414,2.675062305405426,4.218801189478753
18.0,2.0,12.0,0.024903508886954986,3.1876491375302383,1.9336387962072115,137.27874511835276,0.00600388536520142,1.7326108428554505,3.7656389270248125
18.0,2.0,13.0,0.354607505000624,45.38976064007987,0.627705738050727,4.560735098741312,0.007192998484425577,0.8223715115014332,3.965450873359206
18.0,2.0,14.0,0.2597374657518679,33.24639561623909,0.8340607428933842,11.501337719027793,0.01745399880101342,-1.0873062734228072,3.7294604463553664
18.0,2.0,15.0,0.09405604522288559,12.039173788529355,0.7995392396116434,26.149785531276926,0.006586795441530433,2.948859061683534,3.777391814179117
18.0,2.0,16.0,0.28860685202888975,36.94167705969789,0.6380358012469927,6.023550863901789,0.006736164778943406,1.8376487638993035,3.6329905937913844
18.0,3.0,1.0,1.0,128.0,1.0,1.0,0.007032973418389033,1.9903838731308798,3.4349675357228002
18.0,3.0,2.0,0.96905551248231,124.03910559773568,1.0061503283747215,1.4904736367058067,0.016061512178151334,3.4028434387630826,3.221250901805198
18.0,3.0,3.0,0.8604113636977432,110.13265455331113,0.9704769022046281,2.6495249686275897,0.009832411875670383,1.6723084387108038,2.541354330114383
18.0,3.0,4.0,0.8290457344916049,106.11785401492543,1.0167911172963109,2.576220470496584,0.010312506322100675,4.930204671978335,2.543900593521711
18.0,3.0,5.0,0.7775239782253629,99.52306921284645,0.917608489140053,2.439764373368549,0.004336130845781331,1.1567652183610628,2.0726062933676985
18.0,3.0,6.0,0.8392158822714666,107.41963293074772,0.9452430522281194,2.5275056229471304,0.023894378606250013,-0.29325812484591934,2.0074730815928667
18.0,3.0,7.0,0.5137725735126921,65.76288940962459,1.030994903560267,5.929814792392196,0.001672821259876241,0.0,2.762045237188319
18.0,3.0,8.0,0.4918720499663397,62.95962239569148,1.0716517802393348,6.9896432370830786,0.002249922582948868,0.11978552617115103,2.762045237188319
18.0,3.0,9.0,0.5557273870844923,71.13310554681502,1.0233465667231485,6.410832164086829,0.008715708125661699,2.2123978221278606,2.803623611979689
18.0,3.0,10.0,0.5423499136435411,69.42078894637326,1.1316615703601425,8.036181259578736,0.00916047930545262,-0.5059369160786508,2.490113462286867
18.0,3.0,11.0,0.49035570416146423,62.76553013266742,0.9407411913796971,7.067454016912447,0.003227520964013365,0.482047572398852,2.7394637554668395
18.0,3.0,12.0,0.5885801383938905,75.33825771441798,1.0107407223638685,4.285600225360333,0.006768251245929188,-1.0660995440051462,2.6969593070983002
18.0,3.0,13.0,0.2922173140421193,37.40381619739127,1.1520043232467594,17.21787521276802,0.05008598238621278,-2.121237324864856,2.971921850591972
18.0,3.0,14.0,0.6396212919493468,81.87152536951639,0.8882041809561494,4.513464748922626,0.010473226921683792,3.640538964939966,3.9104038336733136
18.0,3.0,15.0,0.689140018068275,88.2099223127392,0.9496391966052481,4.529673615316707,0.011774199048102032,-1.5859439865047154,3.388528561590959
18.0,3.0,16.0,0.22583908811410996,28.907403278606076,1.119368845736878,16.857135979049655,0.0017649720114627557,1.8253774400340668,3.358992748674254
18.0,4.0,1.0,1.0,128.0,1.0,1.0,0.007832097923891772,4.041183614050543,3.3830693315022886
18.0,4.0,2.0,0.9457841134297639,121.06036651900978,1.011781790171459,1.8695538093570923,0.01604756409009334,-0.22983839024666683,2.7215864859342433
18.0,4.0,3.0,0.9552497973123295,122.27197405597818,0.9849077567024471,1.6423164597531885,0.010460775868506418,4.0684940683967294,2.7388208402582497
18.0,4.0,4.0,0.9070932981428791,116.10794216228852,0.9756076012930435,2.2188754951810417,0.020986285022221222,-1.7293906280863875,2.2814377729953423
18.0,4.0,5.0,0.6593789311100625,84.400503182088,0.9855468515537142,4.7588769646107245,0.00838939184530298,0.7864904013709414,2.8007834502868887
18.0,4.0,6.0,0.8809725739204384,112.76448946181611,0.9929613030132669,2.2522230522536364,0.0072840057738363445,0.5462965545934544,2.680367213240814
18.0,4.0,7.0,0.8592904120729492,109.9891727453375,1.0235762737819922,2.527884926282652,0.021803907807854097,5.267690823235238,2.6606350308367834
18.0,4.0,8.0,0.8078453672467946,103.4042070075897,0.9459776986834058,2.340808140063034,0.004153807689704008,0.47294386635836394,1.8836807172617722
18.0,4.0,9.0,0.6476755410169482,82.90246925016937,1.100299297134312,5.012292412314461,0.022904204238584254,-2.878532948968602,1.9536106091711067
18.0,4.0,10.0,0.6469587704732832,82.81072262058025,1.0628048601257896,4.065292911819597,0.01043006358433109,2.0506911910591805,2.490348784936343
18.0,4.0,11.0,0.7330082368776839,93.82505432034354,0.9762310378291357,3.2934765457972652,0.02599162083284733,0.4448140158979559,2.373990098797683
18.0,4.0,12.0,0.7823674412294599,100.14303247737087,1.0108222169229117,3.290341973631554,0.001404099796251022,2.0714654429161263,2.4798822325667675
18.0,4.0,13.0,0.8508912290885475,108.91407732333408,0.924094100912549,2.0007622914439853,0.007583573427201605,2.813188727431045,2.1582063009132737
18.0,4.0,14.0,0.6408453795557023,82.0282085831299,0.8921282825885379,4.490248482072036,0.0015254139855857152,2.1617260351190764,1.923299497559499
18.0,4.0,15.0,0.6674348250461494,85.43165760590712,0.9751617012148596,3.454144516968409,0.009822204923808192,1.7688411715620689,1.4727639196094078
18.0,4.0,16.0,0.41315325806305747,52.883617032071356,1.0858205174320963,9.748763939582497,0.0247622382552712,-2.0142984028888806,1.1884311783339936
18.0,5.0,1.0,1.0,128.0,1.0,1.0,0.011919932291164621,0.09932095444603178,2.23593076433885
18.0,5.0,2.0,0.9248031854344109,118.37480773560459,0.9919133951678016,2.6644226756496967,0.018453466421535013,2.092322212681406,2.091645500599123
18.0,5.0,3.0,0.7846442619236496,100.43446552622714,0.9879062255201032,3.4074068411929836,0.0026936044720273313,1.1159310291625426,1.8315941067892378
18.0,5.0,4.0,0.6867413982451303,87.90289897537667,1.086594300445943,5.760962010649292,0.038351387327873604,1.6467216472319628,1.782643906871027
18.0,5.0,5.0,0.42267558031634256,54.10247428049185,1.1019461580449565,13.17628696742114,0.030632991191931483,0.7991891688931813,1.4385362630610272
18.0,5.0,6.0,0.46781242653703214,59.879990596740114,0.8741641578149868,5.948954913194503,0.024946032513530537,1.3971140503300605,1.7856465846474872
18.0,5.0,7.0,0.47836758805552265,61.2310512711069,1.1051201549986376,9.77071741194581,0.040246809241581444,3.5079840830470226,2.1879701538052583
18.0,5.0,8.0,0.7059623738894135,90.36318385784493,0.9679635657168768,4.577740368900376,0.0658713790755848,-1.0542445200699442,2.30179418970909
18.0,5.0,9.0,0.3910195738423911,50.05050545182606,0.9084254277568528,7.588706333087746,0.042169853061615664,0.18562961893727062,2.7947377152590045
18.0,5.0,10.0,0.37514622320862684,48.018716570704235,1.0253379935417015,7.501860882194315,0.04988703110844215,-4.812564759719404,2.822719362760275
18.0,5.0,11.0,0.14254715093847853,18.24603532012525,1.2145791174642417,27.766357439873662,0.2106154877923079,0.1992383584090822,5.590457404331029
18.0,5.0,12.0,0.4472312344785073,57.24559801324894,1.0454370719221473,10.26478688813853,0.034650956563399865,4.669177603987732,3.1312412995580816
18.0,5.0,13.0,0.7169089508836096,91.76434571310203,1.0162296038521133,3.9134571772174698,0.010218711503629834,1.8706596321640718,1.9704596104927203
18.0,5.0,14.0,0.40824712076281694,52.25563145764057,1.1192352023652798,9.919461176688259,0.0367090333849104,1.025738849072655,1.5417627160480576
18.0,5.0,15.0,0.5397815012889728,69.09203216498852,0.925723922826076,5.6857335627811665,0.013574964003266892,1.2434679620565396,2.134577372652281
18.0,5.0,16.0,0.6644132559592923,85.04489676278942,1.1222940064544824,4.881529486815312,0.010045268963697446,1.1193861727359302,2.2916033362619985
18.0,6.0,1.0,1.0,128.0,1.0,1.0,0.011754788236508908,0.10591620375320075,1.5195711304176975
18.0,6.0,2.0,0.925979009165487,118.52531317318234,0.9928174213310956,2.061195014026165,0.005845932790063419,0.8907098789719834,1.390531400009322
18.0,6.0,3.0,0.9098622131838958,116.46236328753866,0.9919966369479465,2.506405677519653,0.00614368983422529,0.2329385736392537,1.1404710960254845
18.0,6.0,4.0,0.8522211217415522,109.08430358291868,1.0235999309046004,2.8828689231911206,0.007034015488502366,0.4887489896401791,1.3207033616256307
18.0,6.0,5.0,0.8414847472391096,107.71004764660603,0.9825735754605608,3.055632707145926,0.011223738963235618,0.527944228553738,1.1063683352927642
18.0,6.0,6.0,0.731863983031112,93.67858982798234,1.1100833677705078,4.50341278190035,0.01368494919915031,0.46921014896536756,1.1992511478909937
18.0,6.0,7.0,0.5101693350071778,65.30167488091875,1.1922767164638142,7.862596044903854,0.011606132552641368,-0.02166802273547408,1.2683014491939724
18.0,6.0,8.0,0.6543286898704322,83.75407230341533,0.9713704412114884,5.222997332609255,0.005890984563868731,0.23940034108038452,1.6901754638492281
18.0,6.0,9.0,0.47172850897382124,60.38124914864912,1.0131505735023838,8.54768993363342,0.0024385094083749716,-0.26738192221152823,1.5807138111639927
18.0,6.0,10.0,0.5906259891927975,75.60012661667808,1.0897476764395932,4.517536511104695,0.018464727445921255,1.2739455819430991,1.7515993155206513
18.0,6.0,11.0,0.6152673896968412,78.75422588119568,0.8942019789404253,6.240660470774369,0.022547456191063936,-0.3774886422828157,1.4656859965534668
18.0,6.0,12.0,0.6149478829098944,78.71332901246649,1.013981250818955,4.3459351339794345,0.015317310211245163,1.0693443286943187,2.020639508778102
18.0,6.0,13.0,0.677289907371033,86.69310814349222,1.0852287004624817,5.537953546775436,0.01928665695799293,1.0544531655102092,1.7377867213645002
18.0,6.0,14.0,0.5446512318449782,69.71535767615721,0.964347100751532,8.549570172140355,0.004633601059685615,0.5710282207086379,1.1659280217345156
18.0,6.0,15.0,0.5447255815729343,69.72487444133559,0.9292166142228071,7.150808775444772,0.028956547909176178,-2.09375868874728,1.1835971495107722
18.0,6.0,16.0,0.46719048526188134,59.80038211352081,1.1588960534550221,11.200463444534195,0.03883647755540404,1.4686619224183264,2.2089728768555985
18.0,7.0,1.0,1.0,128.0,1.0,1.0,0.04328870935108807,-1.231071101277612,2.2732655043795886
18.0,7.0,2.0,0.61740166715738,79.02741339614464,1.0901548965081562,7.321268823412234,0.03654153737235398,2.7773335605373948,2.722278638340922
18.0,7.0,3.0,0.8969835659861755,114.81389644623046,0.941651550774942,2.2945452785734686,0.01583373252107559,-0.01871951260462504,1.9048969273298892
18.0,7.0,4.0,0.9160795235381457,117.25817901288265,1.0112422221606596,2.0605742344437616,0.058969381304863885,2.345343552728044,2.4626262340636367
18.0,7.0,5.0,0.4810698282652298,61.576938017949416,0.9433848712034886,6.6484689399059045,0.0384120197046553,0.7919627429553144,1.2533056998174792
18.0,7.0,6.0,0.7565970606571236,96.84442376411182,1.013484726302454,4.703006265244897,0.03486671310010399,-0.4388015515709007,1.376849292155629
18.0,7.0,7.0,0.44356689785432996,56.776562925354234,1.1285638357109153,11.874093555326619,0.0069057158518126705,1.73670921897687,1.7682244235025806
18.0,7.0,8.0,0.8083648551088696,103.4707014539353,0.9445785704735945,3.100377267625616,0.00620396481568021,0.14973922587332336,1.0494518342233075
18.0,7.0,9.0,0.7381633043355504,94.48490295495046,1.031391835952547,3.1746552924176483,0.026898516242890688,0.6272903346827741,1.2047398946194139
18.0,7.0,10.0,0.7821088664278417,100.10993490276374,0.9826056573362754,3.6016641993125784,0.013990981642743584,-0.307436987526617,1.6132326322090014
18.0,7.0,11.0,0.7736815521248306,99.03123867197831,0.958902782598498,4.191601510882281,0.014151983067348464,-0.5803273558457822,1.6595179296711524
18.0,7.0,12.0,0.6307832870167578,80.740260738145,0.992736674077778,6.570934163785676,0.010608987448877344,0.4149386371962695,1.9692401594137012
18.0,7.0,13.0,0.6525878369845528,83.53124313402276,0.9865076167006837,6.414007637848549,0.03753065961950585,1.4412377516664625,1.7451551029988208
18.0,7.0,14.0,0.5192043707555255,66.45815945670726,0.9854452997373462,8.541609263540346,0.037659901537212104,2.7134002178260475,1.5883116466439535
18.0,7.0,15.0,0.5686646730105599,72.78907814535167,1.0616954967094854,5.321376671957449,0.008402439455960222,-0.5643817808763426,1.102498001297639
18.0,7.0,16.0,0.5346917324985344,68.4405417598124,1.0055708383135005,5.811614453581874,0.021338193778426218,0.441938589124276,1.3068282616255333
18.0,8.0,1.0,1.0,128.0,1.0,1.0,0.015179153835973038,2.8327543535998037,1.3646954691930206
18.0,8.0,2.0,0.7779788847172998,99.58129724381438,0.9952882661130182,3.6840736319840643,0.005239810811474673,-0.05336713877377742,0.6914916322742523
18.0,8.0,3.0,0.8463046687803321,108.3269976038825,1.055925916553528,2.733647094385881,0.01950838602945757,0.21742435717135275,0.7597049373162597
18.0,8.0,4.0,0.7593151995833151,97.19234554666433,1.065939861847105,3.6772942038349856,0.011777706196504473,-0.7426558986182371,0.9457148032139061
18.0,8.0,5.0,0.8687512974228422,111.2001660701238,0.9651184687541096,2.303759878182736,0.04179355589385318,-0.19866697974983982,1.2246040015837545
18.0,8.0,6.0,0.5722404823746693,73.24678174395767,1.0871262870493772,7.4031522564235015,0.02191800580114054,1.4252161540832222,1.4318505054118957
18.0,8.0,7.0,0.6175803657988617,79.0502868222543,0.9851285832114072,4.300883341233612,0.060133681483334714,1.1609657068721049,1.3881257631442099
18.0,8.0,8.0,0.5488685534975001,70.25517484768001,0.9861364464660495,7.6522482745153395,0.023645050559732643,0.9974109884593917,0.8596105348879901
18.0,8.0,9.0,0.6172924622119351,79.0134351631277,1.0159464656349684,5.71601208294438,0.03596959940860556,-0.4630022763735968,0.7846118551895609
18.0,8.0,10.0,0.7127191630689711,91.2280528728283,1.1049682620124606,3.4798224862755265,0.023607069849211983,-1.5324828742177148,1.0601426513657868
18.0,8.0,11.0,0.4813370397461139,61.61114108750258,1.0049287561214435,6.784321734294007,0.08056565994359424,1.9669733618359755,1.7850420732482124
18.0,8.0,12.0,0.49427888360586153,63.267697101550276,1.0050654585544847,6.819622705753704,0.02691708152727819,1.1213666590615505,1.77400040963286
18.0,8.0,13.0,0.6903416586816967,88.36373231125718,1.0144571340853261,4.9357475675634275,0.015384455303498627,0.08699928094043642,1.5889291163011319
18.0,8.0,14.0,0.7814963678233577,100.03153508138979,0.9339107922731761,5.082308980803975,0.026108480043772284,2.1634283989955145,1.529347462374253
18.0,8.0,15.0,0.6635328952891479,84.93221059701094,1.0731852483210689,5.731687524600492,0.002590039634403256,0.14607239149286014,0.8412312320453935
18.0,8.0,16.0,0.7885046239703293,100.92859186820215,1.0836903944568945,4.755467822788522,0.03516409289230634,0.5386142169280331,0.8315977559222917
19.0,1.0,1.0,1.0,128.0,1.0,1.0,0.009483340456907975,4.507792629845369,4.9370225778923835
19.0,1.0,2.0,0.9196545600449552,117.71578368575426,1.01989838285908,1.8298562816346093,0.0037152467904605084,2.5912128785997393,5.327627938322119
19.0,1.0,3.0,0.8525119659536008,109.1215316420609,1.0046640982447963,3.368082117396976,0.011646304487108895,5.326198189837457,5.162268824879607
19.0,1.0,4.0,0.6976744644755823,89.30233145287454,1.024757185949639,3.991268251049863,0.01110768074880697,2.1125952388789764,4.802697042391406
19.0,1.0,5.0,0.4808577639666208,61.54979378772746,1.1734985682481383,6.702325672844409,0.02722423214144263,-2.244879319882239,4.602549670387542
19.0,1.0,6.0,0.4349328169715554,55.67140057235909,1.067551052489061,8.911821624684933,0.006831492133653375,1.9045094430029348,6.476749287732123
19.0,1.0,7.0,0.6484761558786843,83.0049479524716,1.05572350313596,5.078799854932141,0.024130957590777855,12.137093033257962,6.121047508155785
19.0,1.0,8.0,0.5566457824375783,71.25066015201003,1.074215741453016,5.8758698113382275,0.006626288518821407,3.090497925063394,4.639133735027153
19.0,1.0,9.0,0.7202902536763848,92.19715247057725,0.9707933702322833,2.9474011776489597,0.01831159395948785,2.65874395796701,4.257769789709679
19.0,1.0,10.0,0.5739446415528286,73.46491411876207,0.9403273805944324,5.284961714572624,0.016123934026046196,2.5546269692660992,4.241086421969588
19.0,1.0,11.0,0.2379989263093776,30.463862567600334,1.2817474341182904,17.37611573321243,0.012621045972342574,1.2276396781962324,4.117748447014653
19.0,1.0,12.0,0.2411979784782678,30.873341245218278,1.1684583749352413,21.78677639486353,0.002229818232771119,1.7686525999051,3.749725579027391
19.0,1.0,13.0,0.5371478197553586,68.7549209286859,0.7487328937513703,2.777754236094928,0.02090767938624191,1.970553575200116,3.55685551047656
19.0,1.0,14.0,0.2867271287321703,36.7010724777178,1.283966973944218,18.942364558179907,0.03132407492869659,1.0286313960063422,3.4498100840039942
19.0,1.0,15.0,0.5852905208601259,74.91718667009611,0.8101448552126986,2.738784876749322,0.012496251822119608,1.9172532994737124,3.499253492598206
19.0,1.0,16.0,0.532997873877981,68.22372785638157,0.9949889873047765,5.420358121558203,0.004462132851269016,3.412204256103368,4.348127550913147
19.0,2.0,1.0,1.0,128.0,1.0,1.0,0.002006788991514267,0.0,3.7679020123993103
19.0,2.0,2.0,1.0,128.0,1.0,1.0,0.005900132322777101,3.138061514191796,3.7679020123993103
19.0,2.0,3.0,0.9726686968540292,124.50159319731574,1.011209969262138,1.7370323124292435,0.00907741480532451,3.7028765125733343,3.2300410785242155
19.0,2.0,4.0,0.8535016649362519,109.24821311184024,0.9953848051091059,2.641429748659321,0.00998919668772858,-0.9087474154753261,3.098268532277984
19.0,2.0,5.0,0.9268958366485555,118.6426670910151,0.996475389034776,1.818567584623993,0.01651149222710281,2.8126101721017758,3.776307931649297
19.0,2.0,6.0,0.87694169809518,112.24853735618304,1.0032499169668834,2.2023039675589606,0.012869078329041356,1.9872229422469967,3.4653532489560077
19.0,2.0,7.0,0.7772510927612505,99.48813987344006,0.9877573254919472,3.6000796471229592,0.018664926510951283,0.20515733196135194,3.5010254415682107
19.0,2.0,8.0,0.6025233705180331,77.12299142630823,0.9559607748580874,7.515454889062695,0.013454868745128367,2.4163441991107115,3.9160538607005817
19.0,2.0,9.0,0.6698333919563135,85.73867417040813,0.8610213941953377,3.2287241587553326,0.0037353690595807454,1.8205947585460178,3.212375319108348
19.0,2.0,10.0,0.7468065898062914,95.5912434952053,0.8396861594095231,3.0337874355452517,0.011003862964773879,1.455580096519895,3.288876022310705
19.0,2.0,11.0,0.577150054182411,73.87520693534861,0.953424360775011,4.637017921227879,0.004971832023650516,1.8739238118855184,3.6711135036197535
19.0,2.0,12.0,0.64303622518253,82.30863682336384,1.0581598848548996,5.74381431794346,0.026087583589266397,5.041239809375459,3.3807368242953713
19.0,2.0,13.0,0.6645355213088431,85.06054672753191,0.9112817224601799,3.6613344216595776,0.00773803022220939,1.4243711817169262,3.2436673745838305
19.0,2.0,14.0,0.5576713082544482,71.38192745656937,1.0114649518974241,6.73850109761174,0.01754881455614376,3.349920943553747,2.7407589339854397
19.0,2.0,15.0,0.6666268612183599,85.32823823595007,0.8493633987436051,3.5225190217375393,0.019719115034089046,0.3972294505447283,2.569453689107382
19.0,2.0,16.0,0.2891822694828429,37.015330493803894,1.1196782682419584,15.001082110786053,0.031536473318093616,-1.4501891353716054,2.970476974977453
19.0,3.0,1.0,1.0,128.0,1.0,1.0,0.010555226994897976,1.800391053716216,4.712572562745974
19.0,3.0,2.0,0.9076701272430341,116.18177628710836,1.0269804807538399,2.0494882729161907,0.010940341714005822,-1.698062245924205,3.8179287573017406
19.0,3.0,3.0,0.8211399295972389,105.10591098844658,1.0838760302690464,3.1177325340044515,0.026384188634304924,0.2905776642122343,4.364980073751746
19.0,3.0,4.0,0.6511307623385842,83.34473757933878,0.941046023521464,4.543135780257978,0.008620896776647378,0.4127350548296328,3.6669668743822434
19.0,3.0,5.0,0.4833972760866897,61.87485133909628,1.2571947795421554,8.344648645989478,0.027764880714216438,-0.36379285554872226,4.096355939028172
19.0,3.0,6.0,0.38717195036724134,49.55800964700689,0.97071342162354,10.851241549114112,0.011590544448911486,0.8333477381906157,4.176100945485753
19.0,3.0,7.0,0.47677421063804226,61.02709896166941,1.0614203256292156,8.057559255283726,0.05834741254626742,1.0079398173240846,3.498496827608637
19.0,3.0,8.0,0.19600804152848175,25.089029315645664,1.2319689480541502,19.70087845512659,0.012856134693727414,4.498071140729171,4.712158255613895
19.0,3.0,9.0,0.5474308125421945,70.0711440054009,1.0000650302338565,6.353851053941515,0.013606477443197141,1.5118236727774368,3.6424964252652265
19.0,3.0,10.0,0.4946960749738952,63.32109759665858,0.9964554821368825,8.45943853357561,0.017153909626015425,1.8152544406972986,3.696723624120582
19.0,3.0,11.0,0.5202686445743213,66.59438650551313,0.8781110496657348,6.298750020264102,0.022309730408047353,3.5086776684885383,3.7633944012160128
19.0,3.0,12.0,0.5883383415538084,75.30730771888747,1.0358263150124385,4.908656501169134,0.032246366041377886,-4.324323473262018,2.869864611067996
19.0,3.0,13.0,0.4314045356234726,55.21978055980449,1.1120048829510485,8.786635028638567,0.1634308776253599,-17.84256701214805,4.120304976770884
19.0,3.0,14.0,0.15738073498726238,20.144734078369584,0.9545563900654748,22.259733696638285,0.008291496400806836,4.807779834749557,19.30691908730583
19.0,3.0,15.0,0.27057148915487167,34.633150611823574,1.0823954604929795,16.206542207537346,0.021515863510972025,7.284596965903734,17.214124243285568
19.0,3.0,16.0,0.14802563735327817,18.947281581219606,1.0780477979581802,28.025450961183452,0.06925397552034944,13.699128158050803,12.61858034789336
19.0,4.0,1.0,1.0,128.0,1.0,1.0,0.013197670167161609,1.960706004693677,5.857444355418886
19.0,4.0,2.0,0.9436919826037227,120.7925737732765,1.0091305424215369,2.0671624201405323,0.024593467179451142,3.573670710171129,5.186046902002431
19.0,4.0,3.0,0.7435364311164412,95.17266318290447,0.9711601225883434,4.002409316603569,0.013580253392237698,0.7868041385952941,3.811581764150173
19.0,4.0,4.0,0.7582571465430981,97.05691475751655,0.9477531615613355,3.862772987149022,0.012027450953653035,3.1913605804323577,3.884017948788677
19.0,4.0,5.0,0.8508343295014518,108.90679417618583,0.9356777364329953,2.5771929929935435,0.03156612685728183,0.7930034375129015,3.230351486277891
19.0,4.0,6.0,0.5923617597905279,75.82230525318757,1.0826986741794875,6.573556325705383,0.022374955381293485,1.6640640485423843,3.4530313797096825
19.0,4.0,7.0,0.4493309006405923,57.51435528199581,1.023705846888336,8.092304017760295,0.031633669077878804,-3.4317936205172144,2.480984895831512
19.0,4.0,8.0,0.3872352623914803,49.56611358610948,1.065575701249706,13.724872699727205,0.024414810570549346,1.5424750249529746,5.090537213291204
19.0,4.0,9.0,0.11109458329431413,14.220106661672208,1.2282082192895643,33.21159728495592,0.0312678488523556,1.998445441367735,3.506845278412245
19.0,4.0,10.0,0.5485170426871631,70.21018146395687,0.8930193394213269,5.528039015853147,0.02605050298688388,0.8139503125803234,4.441512731938594
19.0,4.0,11.0,0.3305691378321227,42.31284964251171,1.0625790788671472,9.64954881270866,0.0037570507152157925,1.3165547883742452,4.398324742323685
19.0,4.0,12.0,0.2715538031592474,34.758886804383664,0.9524992795312537,15.303635772075754,0.015842873329079753,1.662657650486715,4.136790652276049
19.0,4.0,13.0,0.32330556885876904,41.38311281392244,0.9753839031962881,8.130965948471932,0.005837782313201271,2.4658330848162704,3.5988939204965966
19.0,4.0,14.0,0.44795087825809643,57.33771241703634,1.073936354627421,8.863513245915136,0.024675808797059842,-0.9490222514018982,2.7711722189675556
19.0,4.0,15.0,0.5967143379315529,76.37943525523877,0.9400315774260894,4.063480233824715,0.02668761614467441,2.139658512714673,4.407596575651557
19.0,4.0,16.0,0.5055853220363127,64.71492122064802,0.9280371778916772,4.481778012271612,0.013184396265475113,2.663416613867377,4.058669315009097
19.0,5.0,1.0,1.0,128.0,1.0,1.0,0.011542371806237834,-0.35691519954593737,2.722576612412703
19.0,5.0,2.0,0.959808423022924,122.85547814693427,1.016496865586138,1.8261715543358297,0.012010077423114045,2.7720329466854285,3.062524036968444
19.0,5.0,3.0,0.8954459662239571,114.61708367666651,0.9226465124190766,1.9649238136040375,0.02327165843844612,-2.0526420436617654,1.9617369648363032
19.0,5.0,4.0,0.7127989950176269,91.23827136225624,1.0174548067668439,5.524709789426794,0.019617073019935975,-0.4624244687240854,3.0335771246547765
19.0,5.0,5.0,0.42731025345337953,54.69571244203258,1.0413574698625316,7.45580911254684,0.020325951238560222,-3.023019938779294,3.501974730955305
19.0,5.0,6.0,0.6219447442485683,79.60892726381674,0.9261944811833722,3.3561759039341497,0.07509172394142392,2.7723910430297285,4.721253780184096
19.0,5.0,7.0,0.567737247056265,72.67036762320193,1.0218109809946525,8.174937605484793,0.04126887630939555,3.229798293466648,4.283162501935541
19.0,5.0,8.0,0.6327203626262846,80.98820641616443,1.049069232017331,5.999099452664787,0.017921596431875006,1.2745188397912564,3.413555375059261
19.0,5.0,9.0,0.7992379254421308,102.30245445659274,1.0266889240773682,3.5923500607776284,0.01731870570146104,2.0221668682620457,2.8943307239205947
19.0,5.0,10.0,0.6091225219829444,77.96768281381688,0.994525610003101,5.258308480778069,0.006311035301925501,1.4062643649787354,2.6036813861411483
19.0,5.0,11.0,0.7000039148101319,89.60050109569688,1.008987292113898,3.6968905104381586,0.01372780485110629,-0.45721569949074975,2.0341284738674346
19.0,5.0,12.0,0.4845460729233584,62.02189733418987,0.9749684365101898,7.761701958113536,0.002180528302065306,0.0,2.037605974459934
19.0,5.0,13.0,0.6067409073835547,77.662836145095,1.0520877871078211,6.2809548326654046,0.021801978339967068,2.650503421816302,2.037605974459934
19.0,5.0,14.0,0.8839648365142473,113.14749907382365,1.0713145230058072,3.423612266837373,0.0266660257097008,0.2816620994291383,1.913579218399939
19.0,5.0,15.0,0.677258152461807,86.6890435151113,0.8664413014081287,3.408080718703784,0.004428809972962583,-0.033803029710335455,2.141922100166022
19.0,5.0,16.0,0.7145471030089093,91.4620291851404,0.9763539682721201,3.2224654852861874,0.04202751088321997,-0.951242041655104,2.3058056510491958
19.0,6.0,1.0,1.0,128.0,1.0,1.0,0.02705358453898395,2.648335752540182,2.578666282595642
19.0,6.0,2.0,0.41753119994262955,53.44399359265658,1.0742964220157902,12.849963538494375,0.00774832481088927,0.8702452715855797,2.0193133298187473
19.0,6.0,3.0,0.7306415551043809,93.52211905336075,1.026120193758079,5.056726606710109,0.00963451777942596,1.277189353822986,1.8726161892015816
19.0,6.0,4.0,0.538397749258069,68.91491190503284,1.1212878972282732,9.299521915581979,0.04756257051892768,-4.507602184198775,1.3690611854448511
19.0,6.0,5.0,0.40486009925846106,51.822092705083016,1.1158080118063574,7.8795771885037675,0.034446149912790464,-0.5643209853583201,4.298227810854593
19.0,6.0,6.0,0.20077860250309956,25.699661120396744,1.223721767233664,25.806470651290635,0.005029330370813941,2.7697958214555416,4.128823655268302
19.0,6.0,7.0,0.6393734862454529,81.83980623941797,0.977510705202541,5.437518064620643,0.00952654232421353,2.348152471183927,3.3366798278933056
19.0,6.0,8.0,0.7569557576626473,96.89033698081886,1.0027599221169536,2.5277963779112538,0.029835718690538006,2.1005789054025894,2.328928740077418
19.0,6.0,9.0,0.7981936693400319,102.16878967552408,0.9710667122548169,2.592546001136903,0.007869298748556573,1.1850189121215162,1.822882487914351
19.0,6.0,10.0,0.5653300991136785,72.36225268655085,0.9305006015293091,6.280131401884302,0.002571859339501063,0.21353025407252985,1.5031327969954356
19.0,6.0,11.0,0.5722664690334094,73.2501080362764,0.9587443714740509,6.343307318747441,0.0049208695523490645,1.064128525409175,1.3808095391742836
19.0,6.0,12.0,0.6891070377755444,88.20570083526968,0.9429585260600291,6.128243808747318,0.00898939091454811,-0.3355492421413826,0.9403260413181739
19.0,6.0,13.0,0.6475142262457729,82.88182095945893,0.9992202106300025,4.66061380071461,0.019838702079449613,0.8031457040296892,1.4116450591740928
19.0,6.0,14.0,0.3673856763745572,47.02536657594332,0.9978750555442857,14.444673184767353,0.008991179381548718,-0.5824312765940477,1.2846604262231889
19.0,6.0,15.0,0.7079904374356658,90.62277599176522,0.9732528920929244,3.7305984833884183,0.012089284974043225,0.01892891659864803,1.8703627222982502
19.0,6.0,16.0,0.6730269430483126,86.14744871018401,1.0536628849374667,3.567885574808422,0.011691778270440187,0.19272888382471193,1.9992442741938337
19.0,7.0,1.0,1.0,128.0,1.0,1.0,0.016337566840429158,0.6342353738366266,1.9598790788039202
19.0,7.0,2.0,0.9094756100791416,116.41287809013012,1.0096079504022226,2.4833665121459423,0.03408777777623868,-0.7989663767465305,1.663556060499775
19.0,7.0,3.0,0.7199169246997456,92.14936636156743,0.8867191078326211,2.9787511214526465,0.013009125937734258,-0.8709380666981806,2.2004719403649196
19.0,7.0,4.0,0.6064034730614958,77.61964455187146,0.9001844809606325,5.198043091169816,0.012205031180846097,2.275736806373205,2.666320473702288
19.0,7.0,5.0,0.5274438049616142,67.51280703508662,1.0133431547363894,8.749017108192866,0.011978864630687945,-0.8961090750280705,1.8155449940688153
19.0,7.0,6.0,0.5146700809658732,65.87777036363177,1.0682200097660046,8.351983395364995,0.015917483097561313,2.351857565184719,2.3722134014234024
19.0,7.0,7.0,0.7910014803556804,101.24818948552709,1.0488284663872847,3.4041521052045156,0.035615667082587205,-0.1433816745233899,1.642067057702438
19.0,7.0,8.0,0.8963680021352933,114.73510427331755,1.00835923147835,2.1440344781954135,0.033880751379459464,-0.5463780629470232,1.9720767367703758
19.0,7.0,9.0,0.6953938282255446,89.01041001286971,0.9612227741158318,4.493868970019654,0.020027933222906975,1.7732027247728999,2.035222989669903
19.0,7.0,10.0,0.5811657897901225,74.38922109313567,0.8386828926541068,4.264258503816401,0.0038285748092231125,0.4832948225665351,1.5666489752666044
19.0,7.0,11.0,0.738261407540899,94.49746016523507,0.9441402999979529,3.65938164507631,0.014511592043938882,0.05921999025036306,1.3858855951072633
19.0,7.0,12.0,0.4767014606747359,61.017786966366195,0.8490649633611869,7.609628510071767,0.0038985970451593387,-0.24798005937647521,1.377090609603236
19.0,7.0,13.0,0.5473539205410016,70.06130182924821,0.9334186993437995,4.937003282325454,0.00924838485514865,-0.7082863715814315,1.4242850309117765
19.0,7.0,14.0,0.4223382430703581,54.05929511300584,1.0340775609522477,11.255091328318839,0.03495184312850688,0.8236818145098296,1.7026922364443875
19.0,7.0,15.0,0.3429204944687828,43.8938232920042,0.9012612815623178,12.901491515474545,0.006466182014854451,-0.15613738700294333,1.855964167056153
19.0,7.0,16.0,0.34280021493518553,43.87842751170375,0.8226191836380069,6.972025178268094,0.00581747684577831,0.1392856807661353,2.057118154198561
19.0,8.0,1.0,1.0,128.0,1.0,1.0,0.02490692640764596,0.5536906839890877,2.104986445664249
19.0,8.0,2.0,0.7765276213209265,99.39553552907859,1.03739718348777,4.6201517877071705,0.02826681408419679,0.8120159183186931,1.6700891820104666
19.0,8.0,3.0,0.8060885686934725,103.17933679276447,1.061528242528765,3.062310499454174,0.03515776111327825,-0.8569749231844752,1.547533468028812
19.0,8.0,4.0,0.911480564596657,116.6695122683721,0.9690884101762431,1.9308389713350949,0.025190792931913713,-0.316466978364081,2.509402530983322
19.0,8.0,5.0,0.8741216813251512,111.88757520961936,1.0312742177220002,3.0649056916945265,0.05073769184667828,0.7920879502036582,2.3311265617247763
19.0,8.0,6.0,0.8055463109563576,103.10992780241378,1.0289264604922996,3.978892268927409,0.03247507194472857,0.9049824427710667,2.243242578574644
19.0,8.0,7.0,0.8436834486248912,107.99148142398607,0.9668265818169763,2.85336569996543,0.009095290303985728,1.6196168263868542,1.8049092404897509
19.0,8.0,8.0,0.8284806214266993,106.04551954261751,0.9651937954929921,2.9380498944916216,0.011755906591666383,1.7168042681706008,1.3126806946439873
19.0,8.0,9.0,0.8187090681493712,104.79476072311951,1.085504998156858,2.7567259127253165,0.010313347695143818,-0.2546604894350547,0.9100712687136101
19.0,8.0,10.0,0.7748680161695346,99.18310606970043,0.9444425289840945,4.255184124368728,0.052015917207070855,-1.9545823280036416,1.0748941756797972
19.0,8.0,11.0,0.6730559775771547,86.1511651298758,0.8615533175676877,3.8862884372414515,0.0388778922270466,-1.684436794309471,1.8306852450623734
19.0,8.0,12.0,0.3553566363836822,45.48564945711132,0.9549591624710578,13.34778789719251,0.02150866088573266,1.9107103394743916,2.355655092457503
19.0,8.0,13.0,0.6025244168959593,77.12312536268279,1.1083608902525877,5.480151461155961,0.04256501816479054,0.40875313522338497,1.9660861855833704
19.0,8.0,14.0,0.5454858764256515,69.82219218248339,1.0453688469614684,6.899988103207689,0.005266349004178227,0.4382747615199457,2.2405700540264317
19.0,8.0,15.0,0.44121727120743687,56.47581071455192,0.9964009929287043,9.83361771905488,0.005926158121519091,0.7432135750358344,2.1903089155481132
19.0,8.0,16.0,0.3400756649906839,43.52968511880754,1.0782724065511946,11.021776180528963,0.033292383823310207,1.9161790445144398,1.9388679840100738
