checkpoint_id,replication,rollout_batch,minibatch,selection_bin,draw,minibatches_per_estimator,population_sequence_ess,training_sample_ess,diagnostic_sample_ess,effective_sequences,sequences_per_diagnostic,raw_gradient_squared_error,ppo_gradient_squared_error,raw_minus_ppo_squared_error,raw_relative_gain_pct,ppo_relative_gain_pct,ppo_minus_raw_gain_pct
1.0,0.0,8.0,14.0,1.0,1.0,1.0,0.011227026110229089,0.4128898551835551,0.35284654185639813,45.16435735761896,128.0,0.022054765700493906,0.021267706040918023,0.0007870596595758832,1.0401512421144459,0.6636377145243954,-0.3765135275900505
1.0,0.0,8.0,14.0,1.0,1.0,4.0,0.011227026110229089,0.4128898551835551,0.2201617398300218,112.72281079297116,512.0,0.004823468508250765,0.0021159490380687923,0.002707519470181973,1.1959270722195126,1.2164971380795282,0.02057006586001564
1.0,0.0,8.0,14.0,1.0,2.0,1.0,0.011227026110229089,0.4128898551835551,0.2801255627417751,35.85607203094721,128.0,0.014792095619011063,0.002585269730054462,0.0122068258889566,0.23909538834020155,0.6105921419464557,0.37149675360625417
1.0,0.0,8.0,14.0,1.0,2.0,4.0,0.011227026110229089,0.4128898551835551,0.03189685249148668,16.33118847564118,512.0,0.6127024654068827,0.0019364821273682364,0.6107659832795145,-20.0950306118512,0.8098420058004926,20.904872617651694
1.0,0.0,8.0,14.0,1.0,3.0,1.0,0.011227026110229089,0.4128898551835551,0.019927818557205566,2.5507607753223125,128.0,0.006163717986616385,0.005691340140275738,0.00047237784634064726,1.2472792296883224,1.3911852458747402,0.14390601618641785
1.0,0.0,8.0,14.0,1.0,3.0,4.0,0.011227026110229089,0.4128898551835551,0.03188796540020725,16.32663828490611,512.0,0.01402567973005174,0.012591896361375286,0.001433783368676455,1.8931987350709305,1.6134708191788107,-0.27972791589211976
1.0,0.0,8.0,14.0,1.0,4.0,1.0,0.011227026110229089,0.4128898551835551,0.28449077246080795,36.41481887498342,128.0,0.013394279754415707,0.006143861163819814,0.007250418590595893,-0.5727940036658685,-0.39289832219933246,0.17989568146653606
1.0,0.0,8.0,14.0,1.0,4.0,4.0,0.011227026110229089,0.4128898551835551,0.08264798404772594,42.31576783243568,512.0,0.010934275462251706,0.013559372385209465,-0.002625096922957759,2.9348210650642335,2.4547355490083422,-0.4800855160558912
1.0,0.0,8.0,14.0,1.0,5.0,1.0,0.011227026110229089,0.4128898551835551,0.02114614377430018,2.706706403110423,128.0,0.005960493742126429,0.00681464152703084,-0.000854147784904411,0.3022891485653318,0.6032639552482466,0.3009748066829148
1.0,0.0,8.0,14.0,1.0,5.0,4.0,0.011227026110229089,0.4128898551835551,0.018647875123427436,9.547712063194847,512.0,0.005924955014700858,0.005314482108219485,0.0006104729064813725,1.217420496449966,0.6368524668319392,-0.5805680296180268
1.0,0.0,8.0,14.0,1.0,6.0,1.0,0.011227026110229089,0.4128898551835551,0.08181079576019525,10.471781857304991,128.0,0.045099765613947934,0.03583361305351233,0.009266152560435607,-0.3880118300855532,-0.33089542861732263,0.05711640146823055
1.0,0.0,8.0,14.0,1.0,6.0,4.0,0.011227026110229089,0.4128898551835551,0.12148780754997453,62.20175746558696,512.0,0.00417833891416756,0.002959266190001419,0.0012190727241661414,1.8062427188966752,1.2953331692134544,-0.5109095496832208
1.0,0.0,8.0,14.0,1.0,7.0,1.0,0.011227026110229089,0.4128898551835551,0.45327765772574613,58.019540188895505,128.0,0.025717342503440845,0.02342259836891302,0.0022947441345278242,0.42567235293738065,0.09770740458676874,-0.3279649483506119
1.0,0.0,8.0,14.0,1.0,7.0,4.0,0.011227026110229089,0.4128898551835551,0.03568295200560579,18.269671426870165,512.0,0.04898367262764761,0.05211208170075067,-0.003128409073103057,0.8687331550876561,0.2115302627288371,-0.657202892358819
1.0,0.0,8.0,14.0,1.0,8.0,1.0,0.011227026110229089,0.4128898551835551,0.010683417798706699,1.3674774782344574,128.0,0.023520645742018488,0.024030148729444964,-0.0005095029874264759,1.3319169431843318,1.4201163536451118,0.08819941046077995
1.0,0.0,8.0,14.0,1.0,8.0,4.0,0.011227026110229089,0.4128898551835551,0.005403571058802486,2.7666283821068727,512.0,0.0037087697761142334,0.004256227293157357,-0.0005474575170431239,1.1310394642625372,1.02866591550148,-0.10237354876105731
1.0,0.0,8.0,14.0,1.0,9.0,1.0,0.011227026110229089,0.4128898551835551,0.409431774335389,52.407267114929795,128.0,0.004264565803770992,0.0030070330600181017,0.0012575327437528904,1.0647416374047873,1.5405662905631083,0.475824653158321
1.0,0.0,8.0,14.0,1.0,9.0,4.0,0.011227026110229089,0.4128898551835551,0.12212782486349612,62.52944633011001,512.0,0.011884350111135516,0.01638979318927311,-0.004505443078137595,1.6550393132067942,1.2501196387809042,-0.40491967442589005
1.0,0.0,8.0,14.0,1.0,10.0,1.0,0.011227026110229089,0.4128898551835551,0.18013597002531206,23.057404163239944,128.0,0.006971331711034484,0.0020793272118469664,0.004892004499187518,0.9991998761952908,1.029003268987354,0.029803392792063232
1.0,0.0,8.0,14.0,1.0,10.0,4.0,0.011227026110229089,0.4128898551835551,0.06261088406054123,32.05677263899711,512.0,0.024775075797940117,0.025247733704595918,-0.0004726579066558004,-0.9546969824319684,-1.0954364174419295,-0.1407394350099611
1.0,0.0,8.0,14.0,1.0,11.0,1.0,0.011227026110229089,0.4128898551835551,0.1854683861372605,23.739953425569343,128.0,0.018375913691750012,0.011866955894149316,0.0065089577976006965,-0.010753988250544619,-0.31475887792112717,-0.30400488967058253
1.0,0.0,8.0,14.0,1.0,11.0,4.0,0.011227026110229089,0.4128898551835551,0.20492806001911062,104.92316672978464,512.0,0.00960799901507873,0.010098963776829596,-0.0004909647617508655,0.3706502032259016,0.09019687936473669,-0.2804533238611649
1.0,0.0,8.0,14.0,1.0,12.0,1.0,0.011227026110229089,0.4128898551835551,0.18527141537713562,23.71474116827336,128.0,0.008534750650445502,0.008517813164274591,1.6937486170910676e-05,-0.8251346410685175,-0.9202513355273627,-0.09511669445884519
1.0,0.0,8.0,14.0,1.0,12.0,4.0,0.011227026110229089,0.4128898551835551,0.25970248323808387,132.96767141789894,512.0,0.003935917911821293,0.002850618960374334,0.0010852989514469587,0.8655681606467319,0.5339473378528319,-0.33162082279390004
1.0,0.0,8.0,14.0,1.0,13.0,1.0,0.011227026110229089,0.4128898551835551,0.26376309540501336,33.76167621184171,128.0,0.08311195270323282,0.06957218119928796,0.013539771503944864,-4.804939498674727,-3.7800310423029653,1.024908456371762
1.0,0.0,8.0,14.0,1.0,13.0,4.0,0.011227026110229089,0.4128898551835551,0.09405944474345107,48.15843570864695,512.0,0.019949616433115977,0.02047677899795098,-0.0005271625648350028,-0.38627642765561643,-0.6307348091966707,-0.24445838154105426
1.0,0.0,8.0,14.0,1.0,14.0,1.0,0.011227026110229089,0.4128898551835551,0.1550129655748409,19.841659593579635,128.0,0.00874026718113124,0.007423201890852352,0.0013170652902788878,1.736734516368149,1.5043866943883148,-0.23234782197983406
1.0,0.0,8.0,14.0,1.0,14.0,4.0,0.011227026110229089,0.4128898551835551,0.1343551062097931,68.78981437941407,512.0,0.023912076430729658,0.014479790500497431,0.009432285930232227,-0.14949276392677982,0.6624089624055675,0.8119017263323473
1.0,0.0,8.0,14.0,1.0,15.0,1.0,0.011227026110229089,0.4128898551835551,0.26072570037028386,33.372889647396335,128.0,0.03286299568234739,0.03179896723976984,0.0010640284425775526,-0.7285628794769374,-1.3235260467104717,-0.5949631672335343
1.0,0.0,8.0,14.0,1.0,15.0,4.0,0.011227026110229089,0.4128898551835551,0.1405540808340754,71.9636893870466,512.0,0.05363009859249368,0.0662967621055446,-0.012666663513050916,-0.19352532665966585,-0.9525174725593165,-0.7589921458996507
1.0,0.0,8.0,14.0,1.0,16.0,1.0,0.011227026110229089,0.4128898551835551,0.13812853321426805,17.68045225142631,128.0,0.026023047626468045,0.029005576721265438,-0.0029825290947973933,0.33955314922690505,-0.1711805189043313,-0.5107336681312363
1.0,0.0,8.0,14.0,1.0,16.0,4.0,0.011227026110229089,0.4128898551835551,0.15025333432307503,76.92970717341441,512.0,0.005368281279252077,0.006708753880801581,-0.0013404726015495035,2.043598051556883,1.633033244284908,-0.410564807271975
1.0,0.0,8.0,14.0,1.0,17.0,1.0,0.011227026110229089,0.4128898551835551,0.06477885338526938,8.291693233314481,128.0,0.08286168367926917,0.07778813763129558,0.0050735460479735955,-3.4703833231055494,-3.751650045443725,-0.2812667223381755
1.0,0.0,8.0,14.0,1.0,17.0,4.0,0.011227026110229089,0.4128898551835551,0.0947310637583844,48.50230464429281,512.0,0.03367285491943743,0.017082295773546214,0.016590559145891217,0.3147769835202476,1.5716360527683293,1.2568590692480817
1.0,0.0,8.0,14.0,1.0,18.0,1.0,0.011227026110229089,0.4128898551835551,0.3061798428937318,39.19101989039767,128.0,0.010956962122285073,0.009989206287618574,0.0009677558346664998,-0.5448105136868587,-1.2332782598098664,-0.6884677461230077
1.0,0.0,8.0,14.0,1.0,18.0,4.0,0.011227026110229089,0.4128898551835551,0.06505476624646289,33.308040318189,512.0,0.003378481697627392,0.003970273122312002,-0.0005917914246846103,0.6222890526623315,0.3902486205408864,-0.2320404321214451
1.0,0.0,8.0,14.0,1.0,19.0,1.0,0.011227026110229089,0.4128898551835551,0.3523055095082958,45.095105217061864,128.0,0.019030601469731036,0.017340824257613702,0.001689777212117334,0.4982491365473331,-0.16146500444405137,-0.6597141409913845
1.0,0.0,8.0,14.0,1.0,19.0,4.0,0.011227026110229089,0.4128898551835551,0.026594444382929707,13.61635552406001,512.0,0.005163046155524199,0.0022733982830832208,0.002889647872440978,1.8062393533383725,1.0395545843695857,-0.7666847689687868
1.0,0.0,8.0,14.0,1.0,20.0,1.0,0.011227026110229089,0.4128898551835551,0.10952255483741807,14.018887019189513,128.0,0.009486514436252178,0.002139311413663545,0.007347203022588633,-0.0016167312010256865,0.6555536707596498,0.6571704019606754
1.0,0.0,8.0,14.0,1.0,20.0,4.0,0.011227026110229089,0.4128898551835551,0.17368321010605853,88.92580357430197,512.0,0.005633015949105387,0.004791627969768404,0.0008413879793369829,1.8437438061857443,1.7221508782445702,-0.12159292794117404
1.0,0.0,8.0,14.0,1.0,21.0,1.0,0.011227026110229089,0.4128898551835551,0.16595936831527078,21.24279914435466,128.0,0.00730564063891323,0.007165894669979263,0.00013974596893396706,-0.373166061099057,-0.208495242187919,0.16467081891113797
1.0,0.0,8.0,14.0,1.0,21.0,4.0,0.011227026110229089,0.4128898551835551,0.16650534267284606,85.25073544849718,512.0,0.004516482156104247,0.0034201835741829,0.0010962985819213474,1.132513991566097,0.5396253707542755,-0.5928886208118214
1.0,0.0,8.0,14.0,1.0,22.0,1.0,0.011227026110229089,0.4128898551835551,0.07494085185595808,9.592429037562635,128.0,1.534252098534087,1.6152955063630565,-0.08104340782896946,-69.66122936727814,-71.88583057790893,-2.2246012106307944
1.0,0.0,8.0,14.0,1.0,22.0,4.0,0.011227026110229089,0.4128898551835551,0.09602478379757777,49.16468930435982,512.0,0.10624801405903891,0.11565038992722923,-0.009402375868190316,-10.688178869731724,-11.792687741357177,-1.1045088716254536
1.0,0.0,8.0,14.0,1.0,23.0,1.0,0.011227026110229089,0.4128898551835551,0.2850404609704759,36.48517900422092,128.0,0.009961649501672642,0.0032974067730435824,0.00666424272862906,0.24704574289045375,0.048282865032871256,-0.1987628778575825
1.0,0.0,8.0,14.0,1.0,23.0,4.0,0.011227026110229089,0.4128898551835551,0.11964476411653087,61.258119227663805,512.0,0.0027241289213609707,0.0026092282924277464,0.00011490062893322432,1.48374232107108,0.8465139563239532,-0.6372283647471269
1.0,0.0,8.0,14.0,1.0,24.0,1.0,0.011227026110229089,0.4128898551835551,0.30581828394418553,39.14474034485575,128.0,0.007800441174207981,0.005768904747303946,0.002031536426904035,-0.08373750003787557,-0.11699184972730241,-0.03325434968942684
1.0,0.0,8.0,14.0,1.0,24.0,4.0,0.011227026110229089,0.4128898551835551,0.24673892811714968,126.33033119598063,512.0,0.005311468955686413,0.005429547444833583,-0.00011807848914716958,0.610170057740437,0.5413976373556261,-0.0687724203848109
1.0,0.0,8.0,14.0,1.0,25.0,1.0,0.011227026110229089,0.4128898551835551,0.43358486899876597,55.498863231842044,128.0,0.03926915496428013,0.02917536893377028,0.010093786030509849,-2.216368281249848,-2.030744482330454,0.18562379891939385
1.0,0.0,8.0,14.0,1.0,25.0,4.0,0.011227026110229089,0.4128898551835551,0.18765388677983133,96.07879003127364,512.0,0.011486917870928037,0.008978445651492244,0.0025084722194357936,-0.09652793583367207,-0.15774018757702843,-0.06121225174335636
1.0,0.0,8.0,14.0,1.0,26.0,1.0,0.011227026110229089,0.4128898551835551,0.2953702464440017,37.80739154483222,128.0,0.0082775016940059,0.005696074023439823,0.0025814276705660765,0.4147020314509186,0.37100938152822954,-0.043692649922689064
1.0,0.0,8.0,14.0,1.0,26.0,4.0,0.011227026110229089,0.4128898551835551,0.16266769421385704,83.2858594374948,512.0,0.014167626922503408,0.013218802847498809,0.0009488240750045989,2.0875186292926085,1.7778233229993128,-0.30969530629329567
1.0,0.0,8.0,14.0,1.0,27.0,1.0,0.011227026110229089,0.4128898551835551,0.11940027772954775,15.283235549382113,128.0,0.46293619376013456,0.46700169859166135,-0.004065504831526789,-27.706926853496054,-27.462918548071375,0.24400830542467844
1.0,0.0,8.0,14.0,1.0,27.0,4.0,0.011227026110229089,0.4128898551835551,0.1265375194022777,64.78720993396618,512.0,0.02137586582862798,0.026958571380655508,-0.005582705552027528,0.8023326932389282,0.19619610038138952,-0.6061365928575386
1.0,0.0,8.0,14.0,1.0,28.0,1.0,0.011227026110229089,0.4128898551835551,0.2795969074749078,35.7884041567882,128.0,0.01771890546897175,0.012315693295391202,0.0054032121735805485,-0.11690535848284714,-0.5486330610547137,-0.43172770257186655
1.0,0.0,8.0,14.0,1.0,28.0,4.0,0.011227026110229089,0.4128898551835551,0.22626672580848542,115.84856361394453,512.0,0.008649514849955232,0.007726746868361619,0.0009227679815936125,0.8493325856896226,0.3388148368887046,-0.5105177488009179
1.0,0.0,8.0,14.0,1.0,29.0,1.0,0.011227026110229089,0.4128898551835551,0.23165503700048398,29.65184473606195,128.0,0.008678718905336733,0.0066371778561301375,0.0020415410492065954,1.0131826058329068,0.9357076811512551,-0.07747492468165162
1.0,0.0,8.0,14.0,1.0,29.0,4.0,0.011227026110229089,0.4128898551835551,0.25247508142805575,129.26724169116454,512.0,0.010426623839168618,0.009191243602845397,0.0012353802363232209,2.328828141914204,1.7026457956719026,-0.6261823462423015
1.0,0.0,8.0,14.0,1.0,30.0,1.0,0.011227026110229089,0.4128898551835551,0.05291201286004613,6.772737646085905,128.0,0.08616533707998422,0.004327710742973654,0.08183762633701057,-4.462221026618284,-0.11447812476698907,4.347742901851295
1.0,0.0,8.0,14.0,1.0,30.0,4.0,0.011227026110229089,0.4128898551835551,0.10634695408015458,54.44964048903915,512.0,0.008616156701875835,0.003595578540832161,0.005020578161043674,0.4099010737077274,0.7459362936785392,0.3360352199708118
1.0,0.0,8.0,14.0,1.0,31.0,1.0,0.011227026110229089,0.4128898551835551,0.04481453074216078,5.73625993499658,128.0,0.0359646414628847,0.035297163508616065,0.000667477954268636,-2.787567263769993,-2.378789332155823,0.40877793161417
1.0,0.0,8.0,14.0,1.0,31.0,4.0,0.011227026110229089,0.4128898551835551,0.05603472120976266,28.689777259398483,512.0,0.14420964403322303,0.15932041740292474,-0.015110773369701708,-6.472583895986931,-7.00895968196348,-0.5363757859765492
1.0,0.0,8.0,14.0,1.0,32.0,1.0,0.011227026110229089,0.4128898551835551,0.17491849526995568,22.389567394554327,128.0,0.026716323063018257,0.02832155136314596,-0.0016052283001277041,1.0162388516568055,0.8230287351020321,-0.19321011655477338
1.0,0.0,8.0,14.0,1.0,32.0,4.0,0.011227026110229089,0.4128898551835551,0.11837840207139966,60.609741860556625,512.0,0.27785969999789045,0.2759870559255901,0.0018726440723003668,-9.192615890866417,-9.30401661880331,-0.11140072793689271
2.0,2.0,1.0,14.0,1.0,1.0,1.0,4.0801509632285453e-05,0.08188554114997618,0.2736289799505625,35.024509433672,128.0,0.02600690716404031,0.009300867150913158,0.01670604001312715,6.400167532904866,0.33830184326538404,-6.061865689639482
2.0,2.0,1.0,14.0,1.0,1.0,4.0,4.0801509632285453e-05,0.08188554114997618,0.049732346124690935,25.46296121584176,512.0,0.013092998640009885,0.004670577059115999,0.008422421580893886,2.969138879007995,0.9125910270470913,-2.0565478519609037
2.0,2.0,1.0,14.0,1.0,2.0,1.0,4.0801509632285453e-05,0.08188554114997618,0.14788975045834293,18.929888058667895,128.0,0.0017513855740862914,0.0029058667706539625,-0.0011544811965676712,3.0273819687781844,2.7005882562779346,-0.3267937125002498
2.0,2.0,1.0,14.0,1.0,2.0,4.0,4.0801509632285453e-05,0.08188554114997618,0.031437361939833104,16.09592931319455,512.0,0.007367836143545212,0.0024486799521980743,0.004919156191347138,3.183098205864673,1.6597377873541275,-1.5233604185105456
2.0,2.0,1.0,14.0,1.0,3.0,1.0,4.0801509632285453e-05,0.08188554114997618,0.02000927449606911,2.561187135496846,128.0,3.810812845501293,3.8523624395949696,-0.041549594093676756,-98.64083781679362,-98.80296895870232,-0.16213114190870215
2.0,2.0,1.0,14.0,1.0,3.0,4.0,4.0801509632285453e-05,0.08188554114997618,0.0076094205499479565,3.8960233215733537,512.0,0.23840225439160798,0.24665650797298855,-0.008254253581380572,-26.16949988870638,-29.695298040524214,-3.5257981518178347
2.0,2.0,1.0,14.0,1.0,4.0,1.0,4.0801509632285453e-05,0.08188554114997618,0.047381672784872784,6.064854116463716,128.0,0.012947452370387254,0.015684662156694024,-0.0027372097863067706,0.057791511385876126,-2.379045675266233,-2.436837186652109
2.0,2.0,1.0,14.0,1.0,4.0,4.0,4.0801509632285453e-05,0.08188554114997618,0.05368013611350415,27.484229690114123,512.0,0.003384292690741357,0.0031782898239162746,0.00020600286682508247,2.218248051019228,-0.45872859008348854,-2.6769766411027165
2.0,2.0,1.0,14.0,1.0,5.0,1.0,4.0801509632285453e-05,0.08188554114997618,0.04109977176795107,5.260770786297737,128.0,0.04862632264969789,0.04118756247952304,0.007438760170174849,-4.366177127264825,-4.4496938520130955,-0.08351672474827065
2.0,2.0,1.0,14.0,1.0,5.0,4.0,4.0801509632285453e-05,0.08188554114997618,0.0312779185511451,16.01429429818629,512.0,0.029071829890476464,0.019686374652546638,0.009385455237929826,-0.7799528600759961,-1.2228184747018815,-0.4428656146258855
2.0,2.0,1.0,14.0,1.0,6.0,1.0,4.0801509632285453e-05,0.08188554114997618,0.13132550782625704,16.8096650017609,128.0,0.07468250365420218,0.08131472417655428,-0.0066322205223521,2.3836579436777954,0.7191758617536977,-1.6644820819240977
2.0,2.0,1.0,14.0,1.0,6.0,4.0,4.0801509632285453e-05,0.08188554114997618,0.06925513799178692,35.458630651794905,512.0,0.011942475923747949,0.008482513208533118,0.0034599627152148305,4.922137390198787,2.1110182669224966,-2.8111191232762907
2.0,2.0,1.0,14.0,1.0,7.0,1.0,4.0801509632285453e-05,0.08188554114997618,0.18255798394720102,23.36742194524173,128.0,0.009064399079864565,0.00336974908669799,0.0056946499931665754,6.339596618833013,2.2073904676841,-4.132206151148912
2.0,2.0,1.0,14.0,1.0,7.0,4.0,4.0801509632285453e-05,0.08188554114997618,0.019879796790058656,10.178455956510032,512.0,0.03578087269231574,0.036979968074737406,-0.001199095382421668,-0.49861941171148094,-3.116368544554637,-2.617749132843156
2.0,2.0,1.0,14.0,1.0,8.0,1.0,4.0801509632285453e-05,0.08188554114997618,0.23375866499449507,29.92110911929537,128.0,0.011608399644071336,0.007219829151307963,0.004388570492763373,5.657818045830877,-0.3507980619914303,-6.008616107822307
2.0,2.0,1.0,14.0,1.0,8.0,4.0,4.0801509632285453e-05,0.08188554114997618,0.06184788809952455,31.66611870695657,512.0,0.007216823809805449,0.002483152900905628,0.004733670908899821,7.031718852248285,1.3543249558845534,-5.677393896363732
2.0,2.0,1.0,14.0,1.0,9.0,1.0,4.0801509632285453e-05,0.08188554114997618,0.11136298619797169,14.254462233340377,128.0,0.02144333788849829,0.01058957798112808,0.01085375990737021,6.975507316920997,-2.9096257724129893,-9.885133089333987
2.0,2.0,1.0,14.0,1.0,9.0,4.0,4.0801509632285453e-05,0.08188554114997618,0.01562789286151056,8.001481145093408,512.0,0.008850464576708954,0.006729338588570258,0.0021211259881386956,5.035559172692761,-0.03997525974238797,-5.075534432435148
2.0,2.0,1.0,14.0,1.0,10.0,1.0,4.0801509632285453e-05,0.08188554114997618,0.05327334374912018,6.8189879998873835,128.0,0.0028184288253916044,0.0021711923059075655,0.0006472365194840389,3.3167634306637748,-0.32286478666665885,-3.6396282173304337
2.0,2.0,1.0,14.0,1.0,10.0,4.0,4.0801509632285453e-05,0.08188554114997618,0.04882067549813888,24.996185855047106,512.0,0.014819946502409852,0.015561481254735294,-0.0007415347523254418,2.98658522247405,0.7841840911344161,-2.202401131339634
2.0,2.0,1.0,14.0,1.0,11.0,1.0,4.0801509632285453e-05,0.08188554114997618,0.11149779567506678,14.271717846408547,128.0,0.02352363478576555,0.02407762326091809,-0.0005539884751525372,1.3983642138806922,-1.7310716486757374,-3.12943586255643
2.0,2.0,1.0,14.0,1.0,11.0,4.0,4.0801509632285453e-05,0.08188554114997618,0.048151608211416674,24.653623404245337,512.0,0.004288612605951623,0.0043291881629890306,-4.057555703740768e-05,1.6472882863552447,-0.2942339111901471,-1.9415221975453918
2.0,2.0,1.0,14.0,1.0,12.0,1.0,4.0801509632285453e-05,0.08188554114997618,0.2608185491585131,33.38477429228968,128.0,0.0023292481672506906,0.0022947245218580647,3.4523645392625906e-05,0.9319424877262203,0.6608141017707442,-0.27112838595547617
2.0,2.0,1.0,14.0,1.0,12.0,4.0,4.0801509632285453e-05,0.08188554114997618,0.1197599717299543,61.3171055257366,512.0,0.002219660466751566,0.001526257365267561,0.0006934031014840048,1.3775826878755568,0.48363645798763416,-0.8939462298879226
2.0,2.0,1.0,14.0,1.0,13.0,1.0,4.0801509632285453e-05,0.08188554114997618,0.06989707047494771,8.946825020793307,128.0,0.004031703450716828,0.0026054897385875122,0.0014262137121293155,3.036904919905171,1.4646475549011795,-1.5722573650039915
2.0,2.0,1.0,14.0,1.0,13.0,4.0,4.0801509632285453e-05,0.08188554114997618,0.0807931548880888,41.36609530270147,512.0,0.004954887899840566,0.004869323321403492,8.556457843707319e-05,2.421879969553337,2.3532242455715866,-0.06865572398175024
2.0,2.0,1.0,14.0,1.0,14.0,1.0,4.0801509632285453e-05,0.08188554114997618,0.14303131134405825,18.308007852039456,128.0,0.01876367063390315,0.0072972688424137976,0.01146640179148935,-0.13688568433965953,0.3394769050549253,0.4763625893945848
2.0,2.0,1.0,14.0,1.0,14.0,4.0,4.0801509632285453e-05,0.08188554114997618,0.1332651565209028,68.23176013870223,512.0,0.003399491024985967,0.003132471800464,0.00026701922452196684,4.750394399293586,3.0995359964237807,-1.650858402869805
2.0,2.0,1.0,14.0,1.0,15.0,1.0,4.0801509632285453e-05,0.08188554114997618,0.10423656663498522,13.342280529278108,128.0,0.004448941758509335,0.0044928685006229456,-4.39267421136107e-05,-0.09187868623111393,-0.615659955242579,-0.523781269011465
2.0,2.0,1.0,14.0,1.0,15.0,4.0,4.0801509632285453e-05,0.08188554114997618,0.044654150069618044,22.86292483564444,512.0,0.002438722371540983,0.0025684731639827804,-0.0001297507924417976,2.862174009040974,1.1104445286349984,-1.7517294804059758
2.0,2.0,1.0,14.0,1.0,16.0,1.0,4.0801509632285453e-05,0.08188554114997618,0.06049230154828752,7.743014598180802,128.0,0.009925374279585873,0.011515221054130578,-0.001589846774544705,2.1415707695264756,2.665422855891955,0.5238520863654794
2.0,2.0,1.0,14.0,1.0,16.0,4.0,4.0801509632285453e-05,0.08188554114997618,0.043559616888743,22.302523847036415,512.0,0.0032012458442904905,0.003067369169941832,0.00013387667434865873,5.525441222128496,2.6257855469363687,-2.899655675192127
2.0,2.0,1.0,14.0,1.0,17.0,1.0,4.0801509632285453e-05,0.08188554114997618,0.12511164404012848,16.014290437136445,128.0,0.044683594341680746,0.051714020083104856,-0.0070304257414241095,0.8708028151520166,-1.5381796498943745,-2.408982465046391
2.0,2.0,1.0,14.0,1.0,17.0,4.0,4.0801509632285453e-05,0.08188554114997618,0.1145106755645502,58.629465889049705,512.0,0.014893723532706253,0.009380187330073293,0.00551353620263296,7.764736029791361,1.6851289759136248,-6.079607053877735
2.0,2.0,1.0,14.0,1.0,18.0,1.0,4.0801509632285453e-05,0.08188554114997618,0.047836712173868895,6.1230991582552186,128.0,0.01338239314124884,0.00858146327357208,0.004800929867676761,1.0829563369165385,0.7137688300587665,-0.369187506857772
2.0,2.0,1.0,14.0,1.0,18.0,4.0,4.0801509632285453e-05,0.08188554114997618,0.025540934776036986,13.076958605330937,512.0,0.015818240107103112,0.013901401807121686,0.0019168382999814257,-0.5443507828274801,-1.0523869479418524,-0.5080361651143723
2.0,2.0,1.0,14.0,1.0,19.0,1.0,4.0801509632285453e-05,0.08188554114997618,0.12295132483624317,15.737769579039126,128.0,0.0673360308386864,0.06822755305410763,-0.0008915222154212282,0.008521757081907718,0.1710150033493677,0.16249324626745998
2.0,2.0,1.0,14.0,1.0,19.0,4.0,4.0801509632285453e-05,0.08188554114997618,0.052743887884983104,27.00487059711135,512.0,0.004888574484637966,0.0037034065582083153,0.0011851679264296504,4.554401318578009,2.7435813189017297,-1.810819999676279
2.0,2.0,1.0,14.0,1.0,20.0,1.0,4.0801509632285453e-05,0.08188554114997618,0.06642792964290874,8.502774994292318,128.0,0.044513944557327906,0.04247662202432746,0.0020373225330004435,4.153484578288461,3.4004283402533226,-0.7530562380351387
2.0,2.0,1.0,14.0,1.0,20.0,4.0,4.0801509632285453e-05,0.08188554114997618,0.025270692492202686,12.938594556007775,512.0,0.10644011364308983,0.10458273642381823,0.0018573772192716081,-9.981311877888302,-11.570378607802736,-1.5890667299144337
2.0,2.0,1.0,14.0,1.0,21.0,1.0,4.0801509632285453e-05,0.08188554114997618,0.14236171980288945,18.22230013476985,128.0,0.0019426096399407647,0.001903819986913731,3.878965302703372e-05,3.3045626287165026,-0.13604923397201893,-3.4406118626885216
2.0,2.0,1.0,14.0,1.0,21.0,4.0,4.0801509632285453e-05,0.08188554114997618,0.057384520693827726,29.380874595239796,512.0,0.0019415586596956838,0.002000024745337778,-5.8466085642094184e-05,3.041802126781652,-0.0873779460336087,-3.129180072815261
2.0,2.0,1.0,14.0,1.0,22.0,1.0,4.0801509632285453e-05,0.08188554114997618,0.052173994184870204,6.678271255663386,128.0,0.0016848683222269478,0.001567784749747286,0.0001170835724796618,0.6680063494867567,0.8352849233622995,0.1672785738755428
2.0,2.0,1.0,14.0,1.0,22.0,4.0,4.0801509632285453e-05,0.08188554114997618,0.09063397853535854,46.40459701010357,512.0,0.0017435374583938028,0.0019268955424535331,-0.00018335808405973032,2.1985633451505286,1.0541408780418995,-1.1444224671086292
2.0,2.0,1.0,14.0,1.0,23.0,1.0,4.0801509632285453e-05,0.08188554114997618,0.09672646906100485,12.38098803980862,128.0,0.027801883647458232,0.01954460562134914,0.008257278026109094,-0.8945752321834263,-0.9144800921638471,-0.019904859980420797
2.0,2.0,1.0,14.0,1.0,23.0,4.0,4.0801509632285453e-05,0.08188554114997618,0.07651607360725612,39.176229686915136,512.0,0.005353033033258049,0.0038379909250275193,0.0015150421082305299,3.252695511382214,0.8790717791271794,-2.3736237322550346
2.0,2.0,1.0,14.0,1.0,24.0,1.0,4.0801509632285453e-05,0.08188554114997618,0.04964556383454607,6.354632170821897,128.0,0.01723169446740826,0.014696987280776234,0.0025347071866320264,1.07748250435506,1.0236688645920746,-0.053813639762985366
2.0,2.0,1.0,14.0,1.0,24.0,4.0,4.0801509632285453e-05,0.08188554114997618,0.089201414539222,45.67112424408166,512.0,0.00386665662425816,0.0020423829897823816,0.0018242736344757783,2.529142921338239,1.8097420283572867,-0.7194008929809521
2.0,2.0,1.0,14.0,1.0,25.0,1.0,4.0801509632285453e-05,0.08188554114997618,0.10905179779249762,13.958630117439695,128.0,0.0036280230628868825,0.0017400856546867008,0.0018879374082001817,0.40338676857590694,0.07488506098741712,-0.32850170758848984
2.0,2.0,1.0,14.0,1.0,25.0,4.0,4.0801509632285453e-05,0.08188554114997618,0.045926214779824115,23.514221967269947,512.0,0.00334772766357125,0.0025092151412627038,0.0008385125223085463,3.329528895415127,1.3760487640592578,-1.9534801313558694
2.0,2.0,1.0,14.0,1.0,26.0,1.0,4.0801509632285453e-05,0.08188554114997618,0.18121890646136274,23.19602002705443,128.0,0.006731105652158132,0.005199343326448112,0.0015317623257100205,-0.2990040604711912,0.18100868917477414,0.48001274964596535
2.0,2.0,1.0,14.0,1.0,26.0,4.0,4.0801509632285453e-05,0.08188554114997618,0.15201244740724232,77.83037307250807,512.0,0.0033551672930983694,0.0029692362838842673,0.0003859310092141021,2.133151196910598,1.6549680273715839,-0.47818316953901396
2.0,2.0,1.0,14.0,1.0,27.0,1.0,4.0801509632285453e-05,0.08188554114997618,0.09367396347186607,11.990267324398857,128.0,0.002361289139968967,0.0024623943816757424,-0.00010110524170677546,1.1013033093585194,1.3337034619660966,0.23240015260757718
2.0,2.0,1.0,14.0,1.0,27.0,4.0,4.0801509632285453e-05,0.08188554114997618,0.03507894376297361,17.960419206642488,512.0,0.006167681342867548,0.00406057392406125,0.0021071074188062982,2.9849319474019906,1.1315183249954257,-1.853413622406565
2.0,2.0,1.0,14.0,1.0,28.0,1.0,4.0801509632285453e-05,0.08188554114997618,0.10227847238306427,13.091644465032227,128.0,0.004986623199872314,0.004717568127486574,0.0002690550723857396,3.228035436165215,3.3986562546346684,0.17062081846945354
2.0,2.0,1.0,14.0,1.0,28.0,4.0,4.0801509632285453e-05,0.08188554114997618,0.017088863686986082,8.749498207736874,512.0,0.0901209929712645,0.08672670401011079,0.0033942889611537075,-5.961296764491725,-9.306712678188962,-3.345415913697237
2.0,2.0,1.0,14.0,1.0,29.0,1.0,4.0801509632285453e-05,0.08188554114997618,0.03253541189354676,4.164532722373985,128.0,0.11523010026125943,0.11399375848637494,0.0012363417748844918,-6.175255402615329,-6.9323810504917365,-0.7571256478764079
2.0,2.0,1.0,14.0,1.0,29.0,4.0,4.0801509632285453e-05,0.08188554114997618,0.026929134750777493,13.787716992398076,512.0,0.05535048109509172,0.05356240724573279,0.0017880738493589315,-0.5412169899288429,-2.694986100166794,-2.1537691102379513
2.0,2.0,1.0,14.0,1.0,30.0,1.0,4.0801509632285453e-05,0.08188554114997618,0.13304448555525833,17.029694151073066,128.0,0.04465739404990833,0.008220945476042608,0.03643644857386572,0.7117072046885389,-0.8562569430410454,-1.5679641477295843
2.0,2.0,1.0,14.0,1.0,30.0,4.0,4.0801509632285453e-05,0.08188554114997618,0.10327765305234982,52.878158362803106,512.0,0.004241670890353715,0.002209479526909002,0.0020321913634447127,1.7971865788233787,0.0033039711422314186,-1.7938826076811474
2.0,2.0,1.0,14.0,1.0,31.0,1.0,4.0801509632285453e-05,0.08188554114997618,0.25951759041523514,33.2182515731501,128.0,0.010859891422014087,0.0026478506404602835,0.008212040781553803,7.496182193379614,2.666637411353223,-4.829544782026391
2.0,2.0,1.0,14.0,1.0,31.0,4.0,4.0801509632285453e-05,0.08188554114997618,0.036254371809940324,18.562238366689446,512.0,0.011459124584289302,0.010275563881746982,0.0011835607025423196,6.038908362451379,1.730261190051602,-4.308647172399777
2.0,2.0,1.0,14.0,1.0,32.0,1.0,4.0801509632285453e-05,0.08188554114997618,0.12170184980281085,15.577836774759788,128.0,0.02044279237210926,0.005408592416017993,0.015034199956091268,5.744242742735986,0.4600410393847487,-5.284201703351238
2.0,2.0,1.0,14.0,1.0,32.0,4.0,4.0801509632285453e-05,0.08188554114997618,0.08803646608854952,45.074670637337356,512.0,0.004628369298963695,0.002050256618655896,0.0025781126803077993,6.921568861851745,0.8857606617971415,-6.035808200054603
3.0,2.0,1.0,15.0,1.0,1.0,1.0,3.534296787816869e-05,0.12939424165853286,0.03879926318820862,4.966305688090704,128.0,0.19000029427898565,0.1821569337860374,0.00784336049294826,-4.275505389745786,-5.116152773544652,-0.8406473837988662
3.0,2.0,1.0,15.0,1.0,1.0,4.0,3.534296787816869e-05,0.12939424165853286,0.00857576553705497,4.390791954972145,512.0,0.4322285976292564,0.43088296117439084,0.001345636454865573,-38.67172453100266,-40.2084459038127,-1.5367213728100424
3.0,2.0,1.0,15.0,1.0,2.0,1.0,3.534296787816869e-05,0.12939424165853286,0.14071466168673463,18.011476695902033,128.0,0.006047726379772198,0.006889536119811351,-0.000841809740039153,3.006809093051819,-0.03231477383488195,-3.039123866886701
3.0,2.0,1.0,15.0,1.0,2.0,4.0,3.534296787816869e-05,0.12939424165853286,0.122385684478777,62.66147045313382,512.0,0.002988598944360282,0.0029023257179546973,8.627322640558481e-05,3.5402957597411837,-0.10394081606682976,-3.6442365758080135
3.0,2.0,1.0,15.0,1.0,3.0,1.0,3.534296787816869e-05,0.12939424165853286,0.16246521556383686,20.79554759217112,128.0,0.007779789975597882,0.005421235624262102,0.0023585543513357796,1.418427857967812,-0.028239655195902092,-1.4466675131637141
3.0,2.0,1.0,15.0,1.0,3.0,4.0,3.534296787816869e-05,0.12939424165853286,0.031123114101797484,15.935034420120312,512.0,0.005664183153773553,0.006525484033807424,-0.000861300880033871,2.3532562692171526,1.5633304987497596,-0.789925770467393
3.0,2.0,1.0,15.0,1.0,4.0,1.0,3.534296787816869e-05,0.12939424165853286,0.013924021175107507,1.7822747104137608,128.0,0.004638981954698376,0.0034534429548734886,0.0011855389998248877,2.353876192610543,0.028679586082579655,-2.3251966065279634
3.0,2.0,1.0,15.0,1.0,4.0,4.0,3.534296787816869e-05,0.12939424165853286,0.01574519221190655,8.061538412496153,512.0,0.004594050886996248,0.00404301499629258,0.000551035890703668,5.025088833167567,1.4668004244358668,-3.5582884087317
3.0,2.0,1.0,15.0,1.0,5.0,1.0,3.534296787816869e-05,0.12939424165853286,0.21057216528497225,26.953237156476447,128.0,0.0024854478008142517,0.0018676286237147973,0.0006178191770994544,3.434666321844931,0.47425492951791026,-2.9604113923270208
3.0,2.0,1.0,15.0,1.0,5.0,4.0,3.534296787816869e-05,0.12939424165853286,0.08520555518624444,43.62524425535715,512.0,0.004729689128903973,0.005419743169795904,-0.0006900540408919312,-0.12224281449125142,-1.7058589173127616,-1.58361610282151
3.0,2.0,1.0,15.0,1.0,6.0,1.0,3.534296787816869e-05,0.12939424165853286,0.07395819988543911,9.466649585336206,128.0,0.005046975272368416,0.004132919321397559,0.0009140559509708563,-0.006519871450802722,-0.03625577471421452,-0.029735903263411797
3.0,2.0,1.0,15.0,1.0,6.0,4.0,3.534296787816869e-05,0.12939424165853286,0.024857811519175266,12.727199497817736,512.0,0.006110439004457225,0.008595061869542188,-0.0024846228650849626,0.4045831168744934,-0.5862488567819851,-0.9908319736564786
3.0,2.0,1.0,15.0,1.0,7.0,1.0,3.534296787816869e-05,0.12939424165853286,0.023817113042790716,3.0485904694772117,128.0,0.0025936907573991617,0.002728923949871129,-0.0001352331924719674,2.468310050021545,1.6575161911817888,-0.8107938588397561
3.0,2.0,1.0,15.0,1.0,7.0,4.0,3.534296787816869e-05,0.12939424165853286,0.031956106394043615,16.36152647375033,512.0,0.0019045190755625986,0.002282472878589656,-0.0003779538030270575,2.8682633977430547,1.0513066756522744,-1.8169567220907803
3.0,2.0,1.0,15.0,1.0,8.0,1.0,3.534296787816869e-05,0.12939424165853286,0.13226055561903605,16.929351119236614,128.0,0.01503754472724806,0.006141549521812594,0.008895995205435468,2.6631001310582914,2.6771691354848155,0.014069004426524145
3.0,2.0,1.0,15.0,1.0,8.0,4.0,3.534296787816869e-05,0.12939424165853286,0.0767366635570978,39.28917174123407,512.0,0.013140459890902434,0.0019145633631795019,0.011225896527722932,7.907485712624685,1.1390603208010057,-6.768425391823679
3.0,2.0,1.0,15.0,1.0,9.0,1.0,3.534296787816869e-05,0.12939424165853286,0.0991625810945665,12.692810380104511,128.0,0.0035990944548916293,0.0025403539430203237,0.0010587405118713056,0.7045888057226944,1.0056865350998376,0.3010977293771432
3.0,2.0,1.0,15.0,1.0,9.0,4.0,3.534296787816869e-05,0.12939424165853286,0.056352779251766696,28.85262297690455,512.0,0.004182149456173049,0.004238655387130391,-5.650593095734256e-05,1.9164193642884153,-0.11146077638351211,-2.0278801406719276
3.0,2.0,1.0,15.0,1.0,10.0,1.0,3.534296787816869e-05,0.12939424165853286,0.11089089152948141,14.19403411577362,128.0,0.02122889823327848,0.005386995123664636,0.015841903109613843,14.075779509863544,4.387006949542929,-9.688772560320615
3.0,2.0,1.0,15.0,1.0,10.0,4.0,3.534296787816869e-05,0.12939424165853286,0.039757677034633634,20.35593064173242,512.0,0.011079829490648518,0.010097869257739724,0.0009819602329087934,5.396350108663275,2.531041559306977,-2.865308549356298
3.0,2.0,1.0,15.0,1.0,11.0,1.0,3.534296787816869e-05,0.12939424165853286,0.010310479582383365,1.3197413865450707,128.0,0.1607286470715611,0.16015324839994616,0.0005753986716149351,-13.405578875475397,-15.141079107257974,-1.7355002317825772
3.0,2.0,1.0,15.0,1.0,11.0,4.0,3.534296787816869e-05,0.12939424165853286,0.01113507138648987,5.701156549882813,512.0,1.4627060274549792,1.4642614004025383,-0.0015553729475590305,-76.70176490257543,-77.68731737952106,-0.9855524769456281
3.0,2.0,1.0,15.0,1.0,12.0,1.0,3.534296787816869e-05,0.12939424165853286,0.1105555684981969,14.151112767769202,128.0,0.002642066006833078,0.0021613112931360766,0.0004807547136970016,1.4698314976122293,0.16354664671018887,-1.3062848509020404
3.0,2.0,1.0,15.0,1.0,12.0,4.0,3.534296787816869e-05,0.12939424165853286,0.04557171101566442,23.332716040020184,512.0,0.002600934679184245,0.0030741586646620936,-0.0004732239854778487,1.5768788784436574,0.7569591994430173,-0.8199196790006401
3.0,2.0,1.0,15.0,1.0,13.0,1.0,3.534296787816869e-05,0.12939424165853286,0.11146119527904663,14.267032995717969,128.0,0.05217553844357717,0.023673744328220805,0.028501794115356364,12.155944153359107,6.24913108653289,-5.906813066826216
3.0,2.0,1.0,15.0,1.0,13.0,4.0,3.534296787816869e-05,0.12939424165853286,0.08350917971497675,42.756700014068095,512.0,0.0031165860016639313,0.00230571660390833,0.0008108693977556011,7.119107509685777,3.6071059563102867,-3.51200155337549
3.0,2.0,1.0,15.0,1.0,14.0,1.0,3.534296787816869e-05,0.12939424165853286,0.23020955910138552,29.466823564977346,128.0,0.010663856305282535,0.01355789062527676,-0.0028940343199942258,4.88378681814855,6.047416484642006,1.1636296664934553
3.0,2.0,1.0,15.0,1.0,14.0,4.0,3.534296787816869e-05,0.12939424165853286,0.09421028494807286,48.235665893413305,512.0,0.006470418950590684,0.006157680906633046,0.0003127380439576378,2.6034622760695916,1.4268359042183898,-1.1766263718512018
3.0,2.0,1.0,15.0,1.0,15.0,1.0,3.534296787816869e-05,0.12939424165853286,0.12407861436355713,15.882062638535313,128.0,0.003893695620662015,0.002054054866622223,0.001839640754039792,1.487416668867809,0.9373140638887789,-0.5501026049790301
3.0,2.0,1.0,15.0,1.0,15.0,4.0,3.534296787816869e-05,0.12939424165853286,0.03497187234215044,17.905598639181026,512.0,0.003538096907832357,0.0017691456947212583,0.0017689512131110988,4.962672986349916,1.0591435299451581,-3.903529456404758
3.0,2.0,1.0,15.0,1.0,16.0,1.0,3.534296787816869e-05,0.12939424165853286,0.11721582439478337,15.003625522532271,128.0,0.009895386950391327,0.010231803354859521,-0.00033641640446819415,3.725175572663709,2.015307097203053,-1.709868475460656
3.0,2.0,1.0,15.0,1.0,16.0,4.0,3.534296787816869e-05,0.12939424165853286,0.09819508613416322,50.27588410069157,512.0,0.001767915907395274,0.001756648341742979,1.1267565652295104e-05,4.909746401428077,1.872553264225302,-3.0371931372027747
3.0,2.0,1.0,15.0,1.0,17.0,1.0,3.534296787816869e-05,0.12939424165853286,0.10132920347742644,12.970138045110584,128.0,0.020737317891175985,0.0200078971247492,0.0007294207664267846,1.349989791439927,-1.1077814630528973,-2.4577712544928243
3.0,2.0,1.0,15.0,1.0,17.0,4.0,3.534296787816869e-05,0.12939424165853286,0.009403674523449129,4.814681356005954,512.0,0.04026124084777695,0.03797772422447717,0.002283516623299779,-2.661952308371392,-4.969853758408522,-2.3079014500371304
3.0,2.0,1.0,15.0,1.0,18.0,1.0,3.534296787816869e-05,0.12939424165853286,0.03846972643616107,4.924124983828617,128.0,0.0018842906774543993,0.0020205757117743904,-0.00013628503431999117,0.13702103900046345,-0.003212177287282525,-0.14023321628774596
3.0,2.0,1.0,15.0,1.0,18.0,4.0,3.534296787816869e-05,0.12939424165853286,0.04339039023086368,22.215879798202206,512.0,0.002644302716876457,0.0031118752640568893,-0.00046757254718043234,1.3617190606069158,0.26990978561336965,-1.0918092749935462
3.0,2.0,1.0,15.0,1.0,19.0,1.0,3.534296787816869e-05,0.12939424165853286,0.024548201356120253,3.1421697735833924,128.0,0.005696339019850096,0.0024015167416334615,0.003294822278216635,2.9689993758385946,0.5976164630108208,-2.371382912827774
3.0,2.0,1.0,15.0,1.0,19.0,4.0,3.534296787816869e-05,0.12939424165853286,0.008646505107560744,4.427010615071101,512.0,0.9881309171026585,0.9907288523893337,-0.0025979352866751793,-60.72504445222515,-81.35873091740604,-20.633686465180887
3.0,2.0,1.0,15.0,1.0,20.0,1.0,3.534296787816869e-05,0.12939424165853286,0.056259924829669676,7.2012703781977185,128.0,0.10166819321329422,0.09985752201672177,0.0018106711965724526,-2.2575497486533123,-6.854569916720134,-4.5970201680668215
3.0,2.0,1.0,15.0,1.0,20.0,4.0,3.534296787816869e-05,0.12939424165853286,0.006044820987043941,3.0949483453664977,512.0,0.010720340543168123,0.01057434936245085,0.00014599118071727257,1.314116766447343,0.2770975252638083,-1.0370192411835346
3.0,2.0,1.0,15.0,1.0,21.0,1.0,3.534296787816869e-05,0.12939424165853286,0.035130724611946336,4.496732750329131,128.0,0.2070195599164211,0.18355679208494058,0.02346276783148052,-4.577447923392406,-10.531711582246276,-5.954263658853869
3.0,2.0,1.0,15.0,1.0,21.0,4.0,3.534296787816869e-05,0.12939424165853286,0.01972782035269388,10.100644020579267,512.0,0.015596295348181985,0.01332415415038051,0.002272141197801475,2.587052762184876,0.6182813521196127,-1.9687714100652633
3.0,2.0,1.0,15.0,1.0,22.0,1.0,3.534296787816869e-05,0.12939424165853286,0.1384732666544316,17.724578131767245,128.0,0.01704461601737725,0.016211485715762204,0.0008331303016150468,0.5323644555580094,-1.4533204904147206,-1.98568494597273
3.0,2.0,1.0,15.0,1.0,22.0,4.0,3.534296787816869e-05,0.12939424165853286,0.05454247167467537,27.92574549743379,512.0,0.04205596570939006,0.03711315741593594,0.004942808293454122,8.004112598540654,3.9843812403168553,-4.019731358223799
3.0,2.0,1.0,15.0,1.0,23.0,1.0,3.534296787816869e-05,0.12939424165853286,0.12398855423612169,15.870534942223577,128.0,0.0017073243512602675,0.001826160440843109,-0.00011883608958284156,0.6676767440800914,0.25470482614807327,-0.4129719179320181
3.0,2.0,1.0,15.0,1.0,23.0,4.0,3.534296787816869e-05,0.12939424165853286,0.004178685336056274,2.139486892060812,512.0,0.4566922217984105,0.4488232391138059,0.00786898268460462,-19.20967813264711,-20.809495616832113,-1.599817484185003
3.0,2.0,1.0,15.0,1.0,24.0,1.0,3.534296787816869e-05,0.12939424165853286,0.03362947629535364,4.304572965805266,128.0,0.011002046867353375,0.006996536767302593,0.004005510100050781,2.116139241655206,0.708472949601205,-1.407666292054001
3.0,2.0,1.0,15.0,1.0,24.0,4.0,3.534296787816869e-05,0.12939424165853286,0.03263074681924093,16.706942371451355,512.0,0.005303871848767631,0.004865808500779679,0.00043806334798795164,1.824575048971697,-0.08389316788754181,-1.9084682168592388
3.0,2.0,1.0,15.0,1.0,25.0,1.0,3.534296787816869e-05,0.12939424165853286,0.04744408205844082,6.072842503480425,128.0,0.030122209655496907,0.02422844273208933,0.005893766923407578,4.879868711343949,0.914016190888972,-3.9658525204549773
3.0,2.0,1.0,15.0,1.0,25.0,4.0,3.534296787816869e-05,0.12939424165853286,0.05455315387597401,27.931214784498692,512.0,0.006210754065338407,0.005633515959994185,0.0005772381053442219,4.751988427648682,1.9477867352372695,-2.804201692411412
3.0,2.0,1.0,15.0,1.0,26.0,1.0,3.534296787816869e-05,0.12939424165853286,0.03199471123030107,4.095323037478537,128.0,0.012704955910537332,0.012064392370619112,0.0006405635399182198,-0.816907892858284,-0.32399178499611575,0.4929161078621683
3.0,2.0,1.0,15.0,1.0,26.0,4.0,3.534296787816869e-05,0.12939424165853286,0.01937902549297425,9.922061052402816,512.0,0.004260309235812402,0.004845843285661643,-0.0005855340498492406,0.48797825749035645,-0.49729243654433886,-0.9852706940346954
3.0,2.0,1.0,15.0,1.0,27.0,1.0,3.534296787816869e-05,0.12939424165853286,0.101472475066172,12.988476808470017,128.0,0.01544681582631607,0.0053776655537547905,0.01006915027256128,7.132229814415826,0.16390838452896314,-6.9683214298868625
3.0,2.0,1.0,15.0,1.0,27.0,4.0,3.534296787816869e-05,0.12939424165853286,0.08074080421077302,41.33929175591579,512.0,0.009090730789239613,0.006115716326051417,0.002975014463188196,7.997941082457434,1.2611202385757838,-6.73682084388165
3.0,2.0,1.0,15.0,1.0,28.0,1.0,3.534296787816869e-05,0.12939424165853286,0.06191408311609061,7.925002638859598,128.0,0.011122477516688432,0.00783841669572185,0.0032840608209665813,3.660420940795362,-1.4071288971632556,-5.067549837958618
3.0,2.0,1.0,15.0,1.0,28.0,4.0,3.534296787816869e-05,0.12939424165853286,0.041093599757319334,21.0399230757475,512.0,0.0028703394871600063,0.0019489901495690265,0.0009213493375909798,2.6575656987893064,0.31013854965763543,-2.347427149131671
3.0,2.0,1.0,15.0,1.0,29.0,1.0,3.534296787816869e-05,0.12939424165853286,0.20142987358043907,25.7830238182962,128.0,0.005031094809322449,0.0044139802633244105,0.0006171145459980387,2.704220844255058,2.6994569857682524,-0.0047638584868057166
3.0,2.0,1.0,15.0,1.0,29.0,4.0,3.534296787816869e-05,0.12939424165853286,0.008267482152686086,4.232950862175276,512.0,1.4288223540860407,1.436040855054293,-0.007218500968252162,-49.232219666894466,-50.838734757736255,-1.6065150908417891
3.0,2.0,1.0,15.0,1.0,30.0,1.0,3.534296787816869e-05,0.12939424165853286,0.0915849801492705,11.722877459106623,128.0,0.0019465710546418822,0.0019465710546418822,0.0,0.0,0.0,0.0
3.0,2.0,1.0,15.0,1.0,30.0,4.0,3.534296787816869e-05,0.12939424165853286,0.06724561154754284,34.429753112341935,512.0,0.0050921246049059265,0.004658386071259679,0.00043373853364624734,1.5435121741465363,1.2344004133371893,-0.309111760809347
3.0,2.0,1.0,15.0,1.0,31.0,1.0,3.534296787816869e-05,0.12939424165853286,0.029284008234774627,3.7483530540511523,128.0,0.0016724159323170072,0.0019412302557445817,-0.00026881432342757447,0.46443080269338893,0.01805979027169841,-0.4463710124216905
3.0,2.0,1.0,15.0,1.0,31.0,4.0,3.534296787816869e-05,0.12939424165853286,0.02197766607937908,11.252565032642089,512.0,0.00224707644010326,0.001386158749821877,0.0008609176902813829,5.096469419644136,2.1565365107390453,-2.939932908905091
3.0,2.0,1.0,15.0,1.0,32.0,1.0,3.534296787816869e-05,0.12939424165853286,0.06385150750952301,8.172992961218945,128.0,0.0013814185134480908,0.0017036882538867199,-0.00032226974043862906,1.0637263341626226,0.3937986751625439,-0.6699276590000787
3.0,2.0,1.0,15.0,1.0,32.0,4.0,3.534296787816869e-05,0.12939424165853286,0.032597912974540406,16.690131442964688,512.0,0.0015256101333267044,0.0019356801281000752,-0.00041006999477337077,2.304438714142151,0.5389797079240536,-1.7654590062180975
4.0,5.0,4.0,13.0,1.0,1.0,1.0,0.0020349211003165353,0.27238285280419455,0.09736474014806693,12.462686738952566,128.0,0.04517007824330639,0.011282245018308316,0.033887833224998075,-4.047529428983292,-2.044215051183287,2.0033143778000055
4.0,5.0,4.0,13.0,1.0,1.0,4.0,0.0020349211003165353,0.27238285280419455,0.03923388290164091,20.087748045640147,512.0,0.011443151813005915,0.0036527259810717853,0.007790425831934129,-0.501101533737187,0.04252241570713904,0.543623949444326
4.0,5.0,4.0,13.0,1.0,2.0,1.0,0.0020349211003165353,0.27238285280419455,0.22764152211684024,29.13811483095555,128.0,0.01727330186226529,0.017565354192520397,-0.00029205233025510896,2.232119325715801,2.1229602341288114,-0.10915909158698955
4.0,5.0,4.0,13.0,1.0,2.0,4.0,0.0020349211003165353,0.27238285280419455,0.08468498320490064,43.35871140090913,512.0,0.006063214904270102,0.004485993663105908,0.0015772212411641947,1.7157823242599322,1.8239923749198206,0.10821005065988842
4.0,5.0,4.0,13.0,1.0,3.0,1.0,0.0020349211003165353,0.27238285280419455,0.2870097397702694,36.73724669059448,128.0,0.03779533010001244,0.024838291256379853,0.012957038843632585,-4.576918968022146,-3.170273621227322,1.4066453467948241
4.0,5.0,4.0,13.0,1.0,3.0,4.0,0.0020349211003165353,0.27238285280419455,0.13512702170852825,69.18503511476646,512.0,0.007099052190668928,0.005880351725199472,0.001218700465469456,0.4651307258997757,0.7375323433137813,0.27240161741400554
4.0,5.0,4.0,13.0,1.0,4.0,1.0,0.0020349211003165353,0.27238285280419455,0.05024696970309898,6.431612121996669,128.0,0.00164465327050522,0.0016040064318124858,4.064683869273427e-05,0.6374416100447363,0.6401152033175918,0.0026735932728554346
4.0,5.0,4.0,13.0,1.0,4.0,4.0,0.0020349211003165353,0.27238285280419455,0.06866389187096841,35.15591263793583,512.0,0.0018091573538916866,0.0019293268328304564,-0.00012016947893876977,1.5440602892447601,0.6951871491251678,-0.8488731401195924
4.0,5.0,4.0,13.0,1.0,5.0,1.0,0.0020349211003165353,0.27238285280419455,0.2771658343620014,35.477226798336176,128.0,0.022146422585362677,0.011991322556251741,0.010155100029110936,0.7352405727131353,-0.09790249984869068,-0.833143072561826
4.0,5.0,4.0,13.0,1.0,5.0,4.0,0.0020349211003165353,0.27238285280419455,0.10965114797524186,56.141387763323834,512.0,0.00519377816831555,0.0025645379007752265,0.002629240267540324,0.7570625102176731,0.7944209877961338,0.03735847757846067
4.0,5.0,4.0,13.0,1.0,6.0,1.0,0.0020349211003165353,0.27238285280419455,0.1400011848040746,17.92015165492155,128.0,0.012494366507250396,0.009654489993772254,0.002839876513478142,-0.1276915999328776,-0.8468825376492138,-0.7191909377163362
4.0,5.0,4.0,13.0,1.0,6.0,4.0,0.0020349211003165353,0.27238285280419455,0.07768063039708303,39.77248276330651,512.0,0.018459499260352626,0.01645907319519096,0.0020004260651616673,3.0177227941778373,1.3759673817692486,-1.6417554124085887
4.0,5.0,4.0,13.0,1.0,7.0,1.0,0.0020349211003165353,0.27238285280419455,0.19076025121802073,24.417312155906654,128.0,0.029877020325321302,0.026077458871432667,0.003799561453888635,-1.170843974686155,-1.9164059416150852,-0.7455619669289302
4.0,5.0,4.0,13.0,1.0,7.0,4.0,0.0020349211003165353,0.27238285280419455,0.1836697700166736,94.03892224853688,512.0,0.010482749283719322,0.008586262884334131,0.001896486399385191,0.5271107433516632,0.3884145636307752,-0.138696179720888
4.0,5.0,4.0,13.0,1.0,8.0,1.0,0.0020349211003165353,0.27238285280419455,0.1653784360769359,21.168439817847794,128.0,0.052216952604272844,0.053791405342186197,-0.0015744527379133524,-5.425394692719964,-5.564569401918604,-0.13917470919863995
4.0,5.0,4.0,13.0,1.0,8.0,4.0,0.0020349211003165353,0.27238285280419455,0.1295799331886789,66.34492579260359,512.0,0.007566828439363172,0.004376661923419751,0.003190166515943421,2.942810714906461,0.877958486835603,-2.064852228070858
4.0,5.0,4.0,13.0,1.0,9.0,1.0,0.0020349211003165353,0.27238285280419455,0.08136141010572405,10.414260493532678,128.0,0.01626654305421362,0.00393892641556909,0.012327616638644531,4.048158442089063,1.558804561621681,-2.489353880467382
4.0,5.0,4.0,13.0,1.0,9.0,4.0,0.0020349211003165353,0.27238285280419455,0.11185207325004586,57.26826150402348,512.0,0.003533687601880926,0.0026654643322267494,0.0008682232696541766,2.253309029043948,1.22767176195688,-1.025637267087068
4.0,5.0,4.0,13.0,1.0,10.0,1.0,0.0020349211003165353,0.27238285280419455,0.02109800405444907,2.700544518969481,128.0,0.2522850531261297,0.26206551748477014,-0.00978046435864044,-26.877550143916846,-30.17137023055704,-3.2938200866401957
4.0,5.0,4.0,13.0,1.0,10.0,4.0,0.0020349211003165353,0.27238285280419455,0.021558082618652046,11.037738300749847,512.0,0.025101727123949553,0.025191442633158916,-8.97155092093628e-05,-1.1893139439847762,-1.5235937651857911,-0.33427982120101496
4.0,5.0,4.0,13.0,1.0,11.0,1.0,0.0020349211003165353,0.27238285280419455,0.11406977377897773,14.60093104370915,128.0,0.21664148570838113,0.21642443059344463,0.00021705511493649854,-27.696788343552026,-27.64034914498154,0.05643919857048729
4.0,5.0,4.0,13.0,1.0,11.0,4.0,0.0020349211003165353,0.27238285280419455,0.21197707256206472,108.53226115177713,512.0,0.016121550314930934,0.0158777498849068,0.00024380043002413324,4.0507313071204685,2.511562003637893,-1.5391693034825753
4.0,5.0,4.0,13.0,1.0,12.0,1.0,0.0020349211003165353,0.27238285280419455,0.26590655980402006,34.03603965491457,128.0,0.02747542303482757,0.013489776674970873,0.013985646359856697,3.3514544056444286,0.7382017696129133,-2.6132526360315156
4.0,5.0,4.0,13.0,1.0,12.0,4.0,0.0020349211003165353,0.27238285280419455,0.12840981344127375,65.74582448193216,512.0,0.005013729768484046,0.0018964435543356256,0.0031172862141484207,2.46058700587066,1.5829359221426842,-0.8776510837279756
4.0,5.0,4.0,13.0,1.0,13.0,1.0,0.0020349211003165353,0.27238285280419455,0.13845860570077773,17.72270152969955,128.0,0.029978065414785475,0.004211512280072567,0.02576655313471291,-2.8469058544453687,1.08596240533383,3.9328682597791986
4.0,5.0,4.0,13.0,1.0,13.0,4.0,0.0020349211003165353,0.27238285280419455,0.15843764045356282,81.12007191222416,512.0,0.004881405357358971,0.0035768013517332433,0.0013046040056257273,1.3443867523047557,1.8504066829424506,0.5060199306376949
4.0,5.0,4.0,13.0,1.0,14.0,1.0,0.0020349211003165353,0.27238285280419455,0.11274874630810701,14.431839527437697,128.0,0.3379653336631241,0.023226146928885777,0.3147391867342383,-14.30822374372585,0.5161148740643824,14.824338617790232
4.0,5.0,4.0,13.0,1.0,14.0,4.0,0.0020349211003165353,0.27238285280419455,0.10676088327570864,54.66157223716282,512.0,0.023276497152973745,0.0020795405031879505,0.021196956649785794,2.9861599143458775,1.1977690424964482,-1.7883908718494292
4.0,5.0,4.0,13.0,1.0,15.0,1.0,0.0020349211003165353,0.27238285280419455,0.28126174161013795,36.00150292609766,128.0,0.0406034666573232,0.004283056425179465,0.03632041023214373,-0.8265249217626993,1.0229166518036348,1.849441573566334
4.0,5.0,4.0,13.0,1.0,15.0,4.0,0.0020349211003165353,0.27238285280419455,0.23139044010134546,118.47190533188888,512.0,0.008653744108436962,0.0028789967406599587,0.0057747473677770035,1.1328387353916256,2.503690491389127,1.3708517559975013
4.0,5.0,4.0,13.0,1.0,16.0,1.0,0.0020349211003165353,0.27238285280419455,0.07342902549896313,9.39891526386728,128.0,0.007584812255958685,0.0023894426160159044,0.00519536963994278,2.562312582832136,0.5292678201146406,-2.0330447627174952
4.0,5.0,4.0,13.0,1.0,16.0,4.0,0.0020349211003165353,0.27238285280419455,0.034750877597872785,17.792449330110866,512.0,0.002130574195837287,0.0018118220485764806,0.00031875214726080647,2.3726085168029516,1.9633278646096752,-0.40928065219327636
4.0,5.0,4.0,13.0,1.0,17.0,1.0,0.0020349211003165353,0.27238285280419455,0.18627938362503285,23.843761104004205,128.0,0.003937137286438528,0.0025745812351225276,0.001362556051316,-0.03818281689683932,0.003221849666368273,0.04140466656320759
4.0,5.0,4.0,13.0,1.0,17.0,4.0,0.0020349211003165353,0.27238285280419455,0.04289461712405726,21.962043967517317,512.0,0.012248903213032167,0.009171492323324763,0.003077410889707404,1.1464241041710643,1.5541787891376733,0.40775468496660894
4.0,5.0,4.0,13.0,1.0,18.0,1.0,0.0020349211003165353,0.27238285280419455,0.02359301772715189,3.019906269075442,128.0,0.025680996733414195,0.011517436138919722,0.014163560594494473,5.097227354463129,2.0465733958140473,-3.050653958649082
4.0,5.0,4.0,13.0,1.0,18.0,4.0,0.0020349211003165353,0.27238285280419455,0.026625146875561622,13.63207520028755,512.0,0.005721468882595019,0.003942333182034718,0.001779135700560301,2.708549974791888,2.033631660881777,-0.6749183139101111
4.0,5.0,4.0,13.0,1.0,19.0,1.0,0.0020349211003165353,0.27238285280419455,0.03668578071179082,4.695779931109225,128.0,0.015671718942222534,0.007193866307465417,0.008477852634757116,-1.7398592413995395,-0.40591325525733346,1.333945986142206
4.0,5.0,4.0,13.0,1.0,19.0,4.0,0.0020349211003165353,0.27238285280419455,0.023733107794700073,12.151351190886437,512.0,0.017208711808562725,0.0021849404967984954,0.01502377131176423,-0.6811291810409003,1.1553142841830597,1.8364434652239598
4.0,5.0,4.0,13.0,1.0,20.0,1.0,0.0020349211003165353,0.27238285280419455,0.17086831934597874,21.87114487628528,128.0,0.02667339646066312,0.022995060991700428,0.003678335468962693,-1.6802844248712887,-0.7391372932696356,0.9411471316016531
4.0,5.0,4.0,13.0,1.0,20.0,4.0,0.0020349211003165353,0.27238285280419455,0.008582225737715672,4.394099577710424,512.0,0.010378559343922109,0.007688541441284074,0.002690017902638035,-0.1010871800176327,0.31480068222370805,0.4158878622413408
4.0,5.0,4.0,13.0,1.0,21.0,1.0,0.0020349211003165353,0.27238285280419455,0.05794266672765027,7.416661341139235,128.0,0.00345964007480468,0.0026887664646383057,0.0007708736101663745,0.329246080263002,0.011681637707930043,-0.317564442555072
4.0,5.0,4.0,13.0,1.0,21.0,4.0,0.0020349211003165353,0.27238285280419455,0.07442971894633509,38.108016100523564,512.0,0.0076038865616038145,0.007501510689478593,0.0001023758721252219,1.542329856548399,0.3646993799474657,-1.1776304766009331
4.0,5.0,4.0,13.0,1.0,22.0,1.0,0.0020349211003165353,0.27238285280419455,0.15513650561991518,19.857472719349143,128.0,0.04606750788639904,0.018759059315862643,0.027308448570536395,1.3771456774239415,-1.663966603387843,-3.0411122808117845
4.0,5.0,4.0,13.0,1.0,22.0,4.0,0.0020349211003165353,0.27238285280419455,0.13643051325925365,69.85242278873787,512.0,0.00532048854158588,0.003145075381983411,0.0021754131596024694,2.2976207034618765,0.5771109052155254,-1.720509798246351
4.0,5.0,4.0,13.0,1.0,23.0,1.0,0.0020349211003165353,0.27238285280419455,0.07446386726241683,9.531375009589354,128.0,0.06857741711075724,0.03398832379186721,0.03458909331889003,-5.419445965268302,-4.337804885661952,1.0816410796063503
4.0,5.0,4.0,13.0,1.0,23.0,4.0,0.0020349211003165353,0.27238285280419455,0.09958629586541788,50.988183483093955,512.0,0.007882391598644123,0.0045377207152708324,0.0033446708833732904,1.010655524275902,0.5732485453480702,-0.43740697892783187
4.0,5.0,4.0,13.0,1.0,24.0,1.0,0.0020349211003165353,0.27238285280419455,0.10525827986369192,13.473059822552566,128.0,0.04267285650191613,0.006333641238844576,0.03633921526307155,-4.111024706861434,0.7459514198059529,4.856976126667387
4.0,5.0,4.0,13.0,1.0,24.0,4.0,0.0020349211003165353,0.27238285280419455,0.009640478648811502,4.935925068191489,512.0,0.009941671829040488,0.0059616360648187565,0.003980035764221732,-0.2273101045551861,-0.07328666211574426,0.15402344243944183
4.0,5.0,4.0,13.0,1.0,25.0,1.0,0.0020349211003165353,0.27238285280419455,0.22237774372738262,28.464351197104975,128.0,0.0611754489759221,0.00594214749278895,0.05523330148313315,-5.321615658668838,0.5047498558157046,5.826365514484543
4.0,5.0,4.0,13.0,1.0,25.0,4.0,0.0020349211003165353,0.27238285280419455,0.010931104747065965,5.596725630497774,512.0,0.005139877155428758,0.002962069134432776,0.0021778080209959817,2.525131573068387,1.5944092967521326,-0.9307222763162544
4.0,5.0,4.0,13.0,1.0,26.0,1.0,0.0020349211003165353,0.27238285280419455,0.10372845995197455,13.277242873852742,128.0,0.009473810959756471,0.003642955762271524,0.005830855197484948,-0.19399018028356188,-0.4101880544903397,-0.2161978742067778
4.0,5.0,4.0,13.0,1.0,26.0,4.0,0.0020349211003165353,0.27238285280419455,0.06028622103838262,30.8665451716519,512.0,0.0030936909010825303,0.0021002742651492576,0.0009934166359332726,0.5675282690980465,0.6275036939861957,0.05997542488814911
4.0,5.0,4.0,13.0,1.0,27.0,1.0,0.0020349211003165353,0.27238285280419455,0.4030732415318142,51.593374916072214,128.0,0.027796028921655398,0.013670410601884866,0.014125618319770532,-0.20220844021610432,1.3606419473973965,1.562850387613501
4.0,5.0,4.0,13.0,1.0,27.0,4.0,0.0020349211003165353,0.27238285280419455,0.052973587152332496,27.122476621994238,512.0,0.00393034582765801,0.003912808658020345,1.7537169637664787e-05,2.3430984673723803,1.8749317603924323,-0.468166706979948
4.0,5.0,4.0,13.0,1.0,28.0,1.0,0.0020349211003165353,0.27238285280419455,0.10627294278338921,13.602936676273819,128.0,0.02080809512153993,0.016085151974914266,0.004722943146625663,-2.2302172095106547,-2.2683695041947183,-0.03815229468406356
4.0,5.0,4.0,13.0,1.0,28.0,4.0,0.0020349211003165353,0.27238285280419455,0.10004002921308075,51.220494957097344,512.0,0.013267801200879527,0.002793676276722523,0.010474124924157004,0.048817614367067136,1.3722045162402834,1.3233869018732163
4.0,5.0,4.0,13.0,1.0,29.0,1.0,0.0020349211003165353,0.27238285280419455,0.18999686028623627,24.319598116638243,128.0,0.07241988370390637,0.01040615129749748,0.06201373240640889,-3.839525145657581,0.07828957843377589,3.917814724091357
4.0,5.0,4.0,13.0,1.0,29.0,4.0,0.0020349211003165353,0.27238285280419455,0.07696237036317781,39.40473362594704,512.0,0.002969478297570877,0.0025577939144096435,0.0004116843831612335,2.6112756188547994,0.41546898918146097,-2.1958066296733385
4.0,5.0,4.0,13.0,1.0,30.0,1.0,0.0020349211003165353,0.27238285280419455,0.08629791320877878,11.046132890723683,128.0,0.03772225487734388,0.019765306145632454,0.017956948731711428,2.014143434533848,0.44216628962869053,-1.5719771449051572
4.0,5.0,4.0,13.0,1.0,30.0,4.0,0.0020349211003165353,0.27238285280419455,0.085087244219442,43.5646690403543,512.0,0.005020472729369921,0.0023279572459322,0.002692515483437721,2.465505277379095,1.8486956214413046,-0.6168096559377905
4.0,5.0,4.0,13.0,1.0,31.0,1.0,0.0020349211003165353,0.27238285280419455,0.15117716243233179,19.35067679133847,128.0,0.010905857236879701,0.005232421847954711,0.00567343538892499,0.54945397558774,2.2478409706910654,1.6983869951033252
4.0,5.0,4.0,13.0,1.0,31.0,4.0,0.0020349211003165353,0.27238285280419455,0.17092611986609388,87.51417337144007,512.0,0.002712262469820311,0.0021518831655621294,0.0005603793042581818,1.3144691350213047,1.1225929638933314,-0.19187617112797328
4.0,5.0,4.0,13.0,1.0,32.0,1.0,0.0020349211003165353,0.27238285280419455,0.06651514416420864,8.513938453018707,128.0,0.0077970295546425945,0.007566046421531327,0.00023098313311126738,-0.7665849276276738,-0.665974589465661,0.10061033816201281
4.0,5.0,4.0,13.0,1.0,32.0,4.0,0.0020349211003165353,0.27238285280419455,0.008065975493385629,4.129779452613442,512.0,0.016945439069079127,0.018122131758580576,-0.001176692689501449,0.506701859413877,0.20194814006878134,-0.30475371934509565
5.0,5.0,4.0,16.0,1.0,1.0,1.0,0.00539010156907017,0.09432996338318422,0.1851209037742556,23.695475683104718,128.0,0.005349765645952921,0.005881219512463402,-0.0005314538665104809,4.023213267578784,1.028161489197069,-2.995051778381715
5.0,5.0,4.0,16.0,1.0,1.0,4.0,0.00539010156907017,0.09432996338318422,0.06964107950081462,35.656232704417086,512.0,0.001448282668789512,0.004017038920819616,-0.0025687562520301044,5.108846325141037,1.6413198275314402,-3.4675264976095974
5.0,5.0,4.0,16.0,1.0,2.0,1.0,0.00539010156907017,0.09432996338318422,0.10495029350647465,13.433637568828756,128.0,0.02296223001738451,0.006750353207903683,0.01621187680948083,2.646074885202757,-0.19862488939073836,-2.8446997745934954
5.0,5.0,4.0,16.0,1.0,2.0,4.0,0.00539010156907017,0.09432996338318422,0.007024838143273672,3.59671712935612,512.0,0.00512043229303547,0.005300836003100058,-0.00018040371006458784,5.463750286640743,0.9594255304665366,-4.504324756174206
5.0,5.0,4.0,16.0,1.0,3.0,1.0,0.00539010156907017,0.09432996338318422,0.21139476202269925,27.058529538905503,128.0,0.04212039271556426,0.006964316037623424,0.03515607667794084,-1.2070179778864236,-0.1628939197040341,1.0441240581823896
5.0,5.0,4.0,16.0,1.0,3.0,4.0,0.00539010156907017,0.09432996338318422,0.11355587173112013,58.140606326333504,512.0,0.007851685766010974,0.009482237272222414,-0.00163055150621144,7.216656687097313,3.167154986993815,-4.049501700103498
5.0,5.0,4.0,16.0,1.0,4.0,1.0,0.00539010156907017,0.09432996338318422,0.032195991651721455,4.121086931420346,128.0,0.03199465149320914,0.029000405239284724,0.0029942462539244152,9.733974126673308,4.561239272359464,-5.172734854313844
5.0,5.0,4.0,16.0,1.0,4.0,4.0,0.00539010156907017,0.09432996338318422,0.0328612565983539,16.824963378357197,512.0,0.00804499834914588,0.005506961916156001,0.002538036432989879,6.991580412904971,2.389515298387699,-4.602065114517272
5.0,5.0,4.0,16.0,1.0,5.0,1.0,0.00539010156907017,0.09432996338318422,0.33173623347234493,42.46223788446015,128.0,0.015336547523846188,0.004721535775325298,0.01061501174852089,4.324542072133587,1.3707785049574726,-2.9537635671761144
5.0,5.0,4.0,16.0,1.0,5.0,4.0,0.00539010156907017,0.09432996338318422,0.1443806134429236,73.92287408277689,512.0,0.005280562817960937,0.0059362513244336276,-0.0006556885064726908,5.095748863221791,1.9794561951476584,-3.116292668074133
5.0,5.0,4.0,16.0,1.0,6.0,1.0,0.00539010156907017,0.09432996338318422,0.183068977256036,23.432829088772607,128.0,0.012102761716411612,0.015322884923910254,-0.0032201232074986416,1.320274951098586,1.4466044045700392,0.1263294534714532
5.0,5.0,4.0,16.0,1.0,6.0,4.0,0.00539010156907017,0.09432996338318422,0.14177820465975,72.590440785792,512.0,0.0025389687849946044,0.004489649194472156,-0.001950680409477552,4.891515931039529,3.546022428497048,-1.3454935025424812
5.0,5.0,4.0,16.0,1.0,7.0,1.0,0.00539010156907017,0.09432996338318422,0.16380327093213926,20.966818679313825,128.0,0.025541874219471537,0.01132455164569111,0.014217322573780427,6.164586745935157,1.7286621231002064,-4.435924622834951
5.0,5.0,4.0,16.0,1.0,7.0,4.0,0.00539010156907017,0.09432996338318422,0.012854942242200476,6.581730428006644,512.0,0.11854450758613307,0.06819385551775169,0.05035065206838138,-7.1657164130840885,-7.570673588442026,-0.4049571753579375
5.0,5.0,4.0,16.0,1.0,8.0,1.0,0.00539010156907017,0.09432996338318422,0.07109397645722251,9.100028986524482,128.0,0.005623896394924145,0.004808589424599618,0.0008153069703245273,2.8637477534524236,2.761207425713309,-0.10254032773911481
5.0,5.0,4.0,16.0,1.0,8.0,4.0,0.00539010156907017,0.09432996338318422,0.10503061031915481,53.77567248340726,512.0,0.0038087810552161704,0.0042963087506618135,-0.0004875276954456431,3.254046953767068,1.8152093424525435,-1.4388376113145247
5.0,5.0,4.0,16.0,1.0,9.0,1.0,0.00539010156907017,0.09432996338318422,0.09937413654794584,12.719889478137068,128.0,0.01810340490768244,0.01215943931649117,0.00594396559119127,-0.7811654980827727,-0.674646109125537,0.10651938895723567
5.0,5.0,4.0,16.0,1.0,9.0,4.0,0.00539010156907017,0.09432996338318422,0.059583720180851056,30.50686473259574,512.0,0.004748362198258295,0.007334775536323073,-0.0025864133380647776,4.892234867420727,0.35442459809453253,-4.537810269326195
5.0,5.0,4.0,16.0,1.0,10.0,1.0,0.00539010156907017,0.09432996338318422,0.2567632209099024,32.865692276467506,128.0,0.07200747798007172,0.02085756322374411,0.05114991475632761,8.905375215428593,5.768649808089147,-3.136725407339447
5.0,5.0,4.0,16.0,1.0,10.0,4.0,0.00539010156907017,0.09432996338318422,0.04980189523364849,25.498570359628026,512.0,0.00836728279628818,0.007138353953769105,0.0012289288425190743,7.158876485021848,3.5598290909897123,-3.5990473940321355
5.0,5.0,4.0,16.0,1.0,11.0,1.0,0.00539010156907017,0.09432996338318422,0.08073339338948458,10.333874353854027,128.0,0.011790081048152587,0.007923207248620947,0.0038668737995316404,4.891414908359505,1.9197312232921782,-2.971683685067327
5.0,5.0,4.0,16.0,1.0,11.0,4.0,0.00539010156907017,0.09432996338318422,0.10502477565464932,53.77268513518045,512.0,0.00639225094487092,0.005692776599487388,0.000699474345383532,3.509921716839533,0.9682528585594686,-2.5416688582800644
5.0,5.0,4.0,16.0,1.0,12.0,1.0,0.00539010156907017,0.09432996338318422,0.014523719688978984,1.85903612018931,128.0,0.005020394373056508,0.005833493850509295,-0.0008130994774527877,0.9560201153222992,-0.03500489414897005,-0.9910250094712693
5.0,5.0,4.0,16.0,1.0,12.0,4.0,0.00539010156907017,0.09432996338318422,0.02159876241441242,11.05856635617916,512.0,0.006746712734245493,0.00871708458820581,-0.0019703718539603177,3.953866641846219,1.4658080383118655,-2.4880586035343537
5.0,5.0,4.0,16.0,1.0,13.0,1.0,0.00539010156907017,0.09432996338318422,0.20547251107087186,26.300481417071598,128.0,0.07383586597887801,0.052982125818445525,0.020853740160432482,0.8466080990768063,1.7555739834167459,0.9089658843399395
5.0,5.0,4.0,16.0,1.0,13.0,4.0,0.00539010156907017,0.09432996338318422,0.12815187942848733,65.61376226738551,512.0,0.005352859269559886,0.004617752935420071,0.0007351063341398149,4.913597657652065,3.2495906956564524,-1.6640069619956122
5.0,5.0,4.0,16.0,1.0,14.0,1.0,0.00539010156907017,0.09432996338318422,0.5046195454751673,64.59130182082141,128.0,0.0068629346939596495,0.004494928585257669,0.0023680061087019803,3.7654843882500595,3.100142375930507,-0.6653420123195524
5.0,5.0,4.0,16.0,1.0,14.0,4.0,0.00539010156907017,0.09432996338318422,0.21309266898178394,109.10344651867338,512.0,0.0037562678698227596,0.003716272474901859,3.9995394920900804e-05,6.4148639384644355,3.3362313519144777,-3.0786325865499578
5.0,5.0,4.0,16.0,1.0,15.0,1.0,0.00539010156907017,0.09432996338318422,0.2474352372658696,31.67171037003131,128.0,0.0971642366779734,0.09187442933742532,0.005289807340548083,1.2157072058201366,-0.1354576422379197,-1.3511648480580563
5.0,5.0,4.0,16.0,1.0,15.0,4.0,0.00539010156907017,0.09432996338318422,0.0900083526012624,46.08427653184635,512.0,0.008350618147864558,0.01091075674048124,-0.0025601385926166814,5.963196368108024,3.342126219102048,-2.621070149005976
5.0,5.0,4.0,16.0,1.0,16.0,1.0,0.00539010156907017,0.09432996338318422,0.2799975194738371,35.83968249265115,128.0,0.05040875914036009,0.042115757205381216,0.008293001934978873,4.781949542820535,-2.3558483346705494,-7.137797877491085
5.0,5.0,4.0,16.0,1.0,16.0,4.0,0.00539010156907017,0.09432996338318422,0.05519058182174135,28.25757789273157,512.0,0.33438904623562987,0.010857426031160274,0.32353162020446957,-16.529211237373506,0.023150567190302448,16.55236180456381
5.0,5.0,4.0,16.0,1.0,17.0,1.0,0.00539010156907017,0.09432996338318422,0.21803088476956112,27.907953250503823,128.0,0.0247721617672819,0.006450881960022603,0.018321279807259297,-2.3082378226820848,0.4717276803602109,2.7799655030422956
5.0,5.0,4.0,16.0,1.0,17.0,4.0,0.00539010156907017,0.09432996338318422,0.18100682818070696,92.67549602852196,512.0,0.005121706094216803,0.006044633378788838,-0.0009229272845720348,3.4554706915455604,1.179612475987987,-2.2758582155575735
5.0,5.0,4.0,16.0,1.0,18.0,1.0,0.00539010156907017,0.09432996338318422,0.2732640983700095,34.97780459136121,128.0,0.005958498831888688,0.007457560720535644,-0.0014990618886469567,4.683098308224015,2.7796954331224293,-1.9034028751015861
5.0,5.0,4.0,16.0,1.0,18.0,4.0,0.00539010156907017,0.09432996338318422,0.17814688477320972,91.21120500388338,512.0,0.0027371146721439405,0.003082097660784479,-0.00034498298864053855,4.700578157593021,2.5048792803955156,-2.195698877197505
5.0,5.0,4.0,16.0,1.0,19.0,1.0,0.00539010156907017,0.09432996338318422,0.021075456471510996,2.6976584283534075,128.0,0.027490122997814337,0.011644013860288783,0.015846109137525554,3.974807760591009,2.060674844310572,-1.9141329162804372
5.0,5.0,4.0,16.0,1.0,19.0,4.0,0.00539010156907017,0.09432996338318422,0.030666109008537824,15.701047812371366,512.0,0.0040117006847370925,0.0069108015431018814,-0.002899100858364789,6.230607517547145,2.8673636259630126,-3.363243891584132
5.0,5.0,4.0,16.0,1.0,20.0,1.0,0.00539010156907017,0.09432996338318422,0.10116064617870797,12.94856271087462,128.0,0.0058777088818990405,0.006169701288349723,-0.0002919924064506826,2.9683920629239218,-0.16462325367671407,-3.133015316600636
5.0,5.0,4.0,16.0,1.0,20.0,4.0,0.00539010156907017,0.09432996338318422,0.042981582504918445,22.006570242518244,512.0,0.0030304073183709296,0.006165137081890638,-0.003134729763519708,2.9604201361464493,0.5642481824996888,-2.3961719536467605
5.0,5.0,4.0,16.0,1.0,21.0,1.0,0.00539010156907017,0.09432996338318422,0.18603155643082453,23.81203922314554,128.0,0.02408574060333708,0.008991891399050668,0.015093849204286412,4.351038575844429,-0.6716883630299881,-5.022726938874417
5.0,5.0,4.0,16.0,1.0,21.0,4.0,0.00539010156907017,0.09432996338318422,0.19091970637575872,97.75088966438847,512.0,0.006067516454920872,0.003237452131722565,0.002830064323198307,6.855824640003304,2.7831407242742805,-4.072683915729023
5.0,5.0,4.0,16.0,1.0,22.0,1.0,0.00539010156907017,0.09432996338318422,0.04716948372171771,6.037693916379867,128.0,0.005391393811628007,0.003911284454471226,0.001480109357156781,5.2948732811130625,2.490974981837097,-2.8038982992759656
5.0,5.0,4.0,16.0,1.0,22.0,4.0,0.00539010156907017,0.09432996338318422,0.06561586441834195,33.59532258219108,512.0,0.0017340627950381598,0.004352934897551907,-0.002618872102513747,5.119124703263995,1.0946019733050776,-4.0245227299589175
5.0,5.0,4.0,16.0,1.0,23.0,1.0,0.00539010156907017,0.09432996338318422,0.0918126455615868,11.75201863188311,128.0,0.004809642815396083,0.004989775865496311,-0.00018013305010022764,1.4294720450921816,0.6021420334662733,-0.8273300116259084
5.0,5.0,4.0,16.0,1.0,23.0,4.0,0.00539010156907017,0.09432996338318422,0.03384919418332942,17.330787421864663,512.0,0.008300907426649953,0.007050900053484209,0.001250007373165744,3.705334342230353,1.3751727613130846,-2.3301615809172684
5.0,5.0,4.0,16.0,1.0,24.0,1.0,0.00539010156907017,0.09432996338318422,0.20742599881641496,26.550527848501115,128.0,0.0366161954063119,0.03155665866175753,0.005059536744554366,2.6620620884176227,1.7794505577491873,-0.8826115306684355
5.0,5.0,4.0,16.0,1.0,24.0,4.0,0.00539010156907017,0.09432996338318422,0.20301644880397118,103.94442178763325,512.0,0.022863664700051856,0.014069138124325082,0.008794526575726774,7.088172639287555,2.758824119673298,-4.329348519614257
5.0,5.0,4.0,16.0,1.0,25.0,1.0,0.00539010156907017,0.09432996338318422,0.07798577306391215,9.982178952180755,128.0,0.021182238927506414,0.014936255928403506,0.006245982999102909,2.3761250594895595,-1.9848696069874776,-4.360994666477037
5.0,5.0,4.0,16.0,1.0,25.0,4.0,0.00539010156907017,0.09432996338318422,0.12230176816753868,62.618505301779805,512.0,0.020694259213591526,0.016436771795861504,0.0042574874177300215,4.053081972959043,1.7003135197981347,-2.352768453160908
5.0,5.0,4.0,16.0,1.0,26.0,1.0,0.00539010156907017,0.09432996338318422,0.10234654361951279,13.100357583297637,128.0,0.01614067823940147,0.0053651373350567565,0.010775540904344714,1.927463630607931,0.3771112646962212,-1.5503523659117098
5.0,5.0,4.0,16.0,1.0,26.0,4.0,0.00539010156907017,0.09432996338318422,0.15326153311049703,78.46990495257448,512.0,0.008090932451824634,0.004458946258328603,0.00363198619349603,4.542013439105964,1.1492412789932305,-3.3927721601127336
5.0,5.0,4.0,16.0,1.0,27.0,1.0,0.00539010156907017,0.09432996338318422,0.4277833988749482,54.75627505599337,128.0,0.040637513937720096,0.023965643080106604,0.016671870857613492,0.33922290312785186,-2.623603076718295,-2.962825979846147
5.0,5.0,4.0,16.0,1.0,27.0,4.0,0.00539010156907017,0.09432996338318422,0.1792886509422182,91.79578928241571,512.0,0.007893999959765825,0.009723156594397335,-0.0018291566346315107,3.666060230122065,0.08911885248900892,-3.576941377633056
5.0,5.0,4.0,16.0,1.0,28.0,1.0,0.00539010156907017,0.09432996338318422,0.22877916258310563,29.28373281063752,128.0,0.014811136854836409,0.0076348419141820285,0.0071762949406543805,6.881752662081938,4.252053294180565,-2.629699367901373
5.0,5.0,4.0,16.0,1.0,28.0,4.0,0.00539010156907017,0.09432996338318422,0.0743640127550519,38.074374530586574,512.0,0.011259500639162635,0.006668140389546478,0.004591360249616157,2.377018572803629,1.8423820088785325,-0.5346365639250965
5.0,5.0,4.0,16.0,1.0,29.0,1.0,0.00539010156907017,0.09432996338318422,0.1693602507225592,21.678112092487577,128.0,0.010364859674695123,0.005819503849773771,0.004545355824921353,0.8091316778379729,0.07636696907990195,-0.732764708758071
5.0,5.0,4.0,16.0,1.0,29.0,4.0,0.00539010156907017,0.09432996338318422,0.07486483819188364,38.33079715424442,512.0,0.0021649257772824934,0.0037698899476465183,-0.001604964170364025,3.7352632340185674,1.9332054343764764,-1.802057799642091
5.0,5.0,4.0,16.0,1.0,30.0,1.0,0.00539010156907017,0.09432996338318422,0.16690197195762616,21.363452410576148,128.0,0.007753375892692338,0.0063371614379635,0.0014162144547288386,6.77345703012542,2.2731082212130844,-4.500348808912335
5.0,5.0,4.0,16.0,1.0,30.0,4.0,0.00539010156907017,0.09432996338318422,0.1334316707970172,68.31701544807281,512.0,0.0026130600789222307,0.0038301439334010746,-0.001217083854478844,6.753265747161519,2.9777377531084794,-3.7755279940530397
5.0,5.0,4.0,16.0,1.0,31.0,1.0,0.00539010156907017,0.09432996338318422,0.04667085083780615,5.973868907239187,128.0,0.008971314093133535,0.006659778854883751,0.0023115352382497836,0.004538423541287566,-0.4461451377616695,-0.45068356130295706
5.0,5.0,4.0,16.0,1.0,31.0,4.0,0.00539010156907017,0.09432996338318422,0.09784678394096905,50.09755337777615,512.0,0.006227184966692828,0.009556193036958883,-0.0033290080702660547,5.817975775831851,3.4104334155813074,-2.4075423602505435
5.0,5.0,4.0,16.0,1.0,32.0,1.0,0.00539010156907017,0.09432996338318422,0.1200743488607442,15.369516654175257,128.0,0.030079070289552277,0.006880480513520151,0.023198589776032126,1.7396723462971504,0.34774858301076195,-1.3919237632863886
5.0,5.0,4.0,16.0,1.0,32.0,4.0,0.00539010156907017,0.09432996338318422,0.23054973776630877,118.04146573635009,512.0,0.005589634131952837,0.004802055094097198,0.0007875790378556388,4.364662366191951,1.0355304579909361,-3.3291319082010142
6.0,9.0,8.0,10.0,1.0,1.0,1.0,0.017426085246850555,0.04349537815631088,0.13147874620626043,16.829279514401335,128.0,0.004093025755784755,0.0035739997604870297,0.0005190259952977255,0.066846084304854,0.0,-0.066846084304854
6.0,9.0,8.0,10.0,1.0,1.0,4.0,0.017426085246850555,0.04349537815631088,0.08108544069365145,41.51574563514954,512.0,0.0036549478167291283,0.0033903950680828163,0.000264552748646312,2.353907955322691,1.148278863827183,-1.2056290914955081
6.0,9.0,8.0,10.0,1.0,2.0,1.0,0.017426085246850555,0.04349537815631088,0.16408848402181067,21.003325954791766,128.0,0.007434248943444407,0.007074704998050783,0.000359543945393624,2.886651497827549,2.10133234968399,-0.7853191481435591
6.0,9.0,8.0,10.0,1.0,2.0,4.0,0.017426085246850555,0.04349537815631088,0.08876666576520505,45.448532871784984,512.0,0.003951761084032536,0.0038268834793347417,0.00012487760469779424,4.661811946532117,1.8001746314660456,-2.861637315066071
6.0,9.0,8.0,10.0,1.0,3.0,1.0,0.017426085246850555,0.04349537815631088,0.2617782137475251,33.50761135968321,128.0,0.0066291180518596796,0.004038879893364048,0.0025902381584956315,-1.1018097113318528,-0.2149746465595833,0.8868350647722695
6.0,9.0,8.0,10.0,1.0,3.0,4.0,0.017426085246850555,0.04349537815631088,0.09405199670602517,48.154622313484886,512.0,0.005950346054192089,0.003970231190128401,0.0019801148640636876,-0.30068407308436085,-0.2287506488431531,0.07193342424120774
6.0,9.0,8.0,10.0,1.0,4.0,1.0,0.017426085246850555,0.04349537815631088,0.3975404200371892,50.88517376476022,128.0,0.0038353238118189067,0.003998850314446098,-0.00016352650262719095,0.21768864675111502,-0.20410341178816832,-0.42179205853928337
6.0,9.0,8.0,10.0,1.0,4.0,4.0,0.017426085246850555,0.04349537815631088,0.02913682493094508,14.918054364643881,512.0,0.001898491712256997,0.0035340814047961533,-0.0016355896925391562,1.6880830728851353,0.043524766639681634,-1.6445583062454536
6.0,9.0,8.0,10.0,1.0,5.0,1.0,0.017426085246850555,0.04349537815631088,0.24243669634024476,31.03189713155133,128.0,0.003146901667482287,0.0035739997604870297,-0.0004270980930047427,0.3501511601415417,0.0,-0.3501511601415417
6.0,9.0,8.0,10.0,1.0,5.0,4.0,0.017426085246850555,0.04349537815631088,0.10924609814448738,55.93400224997754,512.0,0.003002805627472018,0.0035130779865575087,-0.0005102723590854909,1.4202903664020312,0.1195570559545253,-1.3007333104475058
6.0,9.0,8.0,10.0,1.0,6.0,1.0,0.017426085246850555,0.04349537815631088,0.23867746313815963,30.550715281684433,128.0,0.009065022458134155,0.003273424804953873,0.0057915976531802815,3.3587934478917947,0.29650453563754664,-3.062288912254248
6.0,9.0,8.0,10.0,1.0,6.0,4.0,0.017426085246850555,0.04349537815631088,0.03656448422720878,18.721015924330896,512.0,0.003938135743560271,0.0033946974363176716,0.0005434383072425997,2.1747890543929396,0.5689715976145406,-1.605817456778399
6.0,9.0,8.0,10.0,1.0,7.0,1.0,0.017426085246850555,0.04349537815631088,0.19567988318591145,25.047025047796666,128.0,0.0030334612771849715,0.0035739997604870297,-0.0005405384833020582,1.7757398473064123,0.0,-1.7757398473064123
6.0,9.0,8.0,10.0,1.0,7.0,4.0,0.017426085246850555,0.04349537815631088,0.08256240059040397,42.27194910228683,512.0,0.001300347239959847,0.0034354106329972456,-0.0021350633930373986,3.390236997713517,0.1148083154556521,-3.2754286822578647
6.0,9.0,8.0,10.0,1.0,8.0,1.0,0.017426085246850555,0.04349537815631088,0.06283895824897714,8.043386655869075,128.0,0.0035739997604870297,0.0035739997604870297,0.0,0.0,0.0,0.0
6.0,9.0,8.0,10.0,1.0,8.0,4.0,0.017426085246850555,0.04349537815631088,0.06478909381944882,33.172016035557796,512.0,0.007764628681346322,0.002932968143995242,0.00483166053735108,6.216256120597807,0.9679067966068741,-5.248349323990933
6.0,9.0,8.0,10.0,1.0,9.0,1.0,0.017426085246850555,0.04349537815631088,0.04426033215825655,5.665322516256839,128.0,0.003444878733673996,0.0035739997604870297,-0.00012912102681303383,1.6472821085225349,0.0,-1.6472821085225349
6.0,9.0,8.0,10.0,1.0,9.0,4.0,0.017426085246850555,0.04349537815631088,0.011399465426699798,5.836526298470297,512.0,0.00302692652858497,0.003503025898174558,-0.0004760993695895879,1.0858857210154131,0.22470326513322075,-0.8611824558821923
6.0,9.0,8.0,10.0,1.0,10.0,1.0,0.017426085246850555,0.04349537815631088,0.17926524428880908,22.945951268967562,128.0,0.003617685347754933,0.0035739997604870297,4.368558726790348e-05,0.6408359558828889,0.0,-0.6408359558828889
6.0,9.0,8.0,10.0,1.0,10.0,4.0,0.017426085246850555,0.04349537815631088,0.08635398832175564,44.21324202073889,512.0,0.007865751969483577,0.003310096779333369,0.0045556551901502085,-0.09603200425600447,0.23308916493782866,0.32912116919383316
6.0,9.0,8.0,10.0,1.0,11.0,1.0,0.017426085246850555,0.04349537815631088,0.0437936772367297,5.605590686301402,128.0,0.9972069179303875,0.0033354125615184735,0.993871505368869,46.487834125775386,0.19911975477080568,-46.28871437100458
6.0,9.0,8.0,10.0,1.0,11.0,4.0,0.017426085246850555,0.04349537815631088,0.06169420851657313,31.587434760485444,512.0,0.06283210631892805,0.0032875191209029014,0.05954458719802515,21.329924640519767,0.38313628316920906,-20.94678835735056
6.0,9.0,8.0,10.0,1.0,12.0,1.0,0.017426085246850555,0.04349537815631088,0.06747477381664971,8.636771048531163,128.0,0.009085292578443873,0.003452532915856339,0.005632759662587534,3.982395130041054,0.11540989020695235,-3.8669852398341016
6.0,9.0,8.0,10.0,1.0,12.0,4.0,0.017426085246850555,0.04349537815631088,0.125304457645486,64.15588231448884,512.0,0.002475089089821644,0.0033940591557483565,-0.0009189700659267127,1.8108376114961142,0.1592399211887848,-1.6515976903073295
6.0,9.0,8.0,10.0,1.0,13.0,1.0,0.017426085246850555,0.04349537815631088,0.07807423449562416,9.993502015439892,128.0,0.007413545426148811,0.003449927149995133,0.003963618276153678,5.999120355074696,0.12415999881144704,-5.874960356263249
6.0,9.0,8.0,10.0,1.0,13.0,4.0,0.017426085246850555,0.04349537815631088,0.12000351297628371,61.44179864385726,512.0,0.0016674988500419508,0.003244083706346619,-0.001576584856304668,2.1380009473267045,0.3100034529658757,-1.8279974943608288
6.0,9.0,8.0,10.0,1.0,14.0,1.0,0.017426085246850555,0.04349537815631088,0.6183402509499115,79.14755212158867,128.0,0.0035739997604870297,0.0035739997604870297,0.0,0.0,0.0,0.0
6.0,9.0,8.0,10.0,1.0,14.0,4.0,0.017426085246850555,0.04349537815631088,0.06321100218339339,32.364033117897414,512.0,0.03149791108408692,0.003279864229912903,0.02821804685417402,6.622118785574891,0.4347596990491771,-6.1873590865257135
6.0,9.0,8.0,10.0,1.0,15.0,1.0,0.017426085246850555,0.04349537815631088,0.20984198048580072,26.85977350218249,128.0,0.003456598083469236,0.003500401461034546,-4.380337756530999e-05,1.1201625034260079,0.08734163423798534,-1.0328208691880225
6.0,9.0,8.0,10.0,1.0,15.0,4.0,0.017426085246850555,0.04349537815631088,0.08280513894777183,42.39623114125918,512.0,0.002637997715253639,0.0035914629104811355,-0.0009534651952274966,2.412688782090601,0.18217667787407846,-2.2305121042165226
6.0,9.0,8.0,10.0,1.0,16.0,1.0,0.017426085246850555,0.04349537815631088,0.04143204701884646,5.303302018412347,128.0,0.0035739997604870297,0.0035739997604870297,0.0,0.0,0.0,0.0
6.0,9.0,8.0,10.0,1.0,16.0,4.0,0.017426085246850555,0.04349537815631088,0.0942519941049517,48.25702098173527,512.0,0.0022738923542853767,0.0034183270136941193,-0.0011444346594087426,1.1203652432632145,0.1337293342740697,-0.9866359089891448
6.0,9.0,8.0,10.0,1.0,17.0,1.0,0.017426085246850555,0.04349537815631088,0.21847900472822945,27.96531260521337,128.0,0.0035739997604870297,0.0035739997604870297,0.0,0.0,0.0,0.0
6.0,9.0,8.0,10.0,1.0,17.0,4.0,0.017426085246850555,0.04349537815631088,0.033190544544754765,16.99355880691444,512.0,0.003264375162352166,0.0037761638739286186,-0.0005117887115764527,1.0232991054644474,-0.05493384993140983,-1.0782329553958572
6.0,9.0,8.0,10.0,1.0,18.0,1.0,0.017426085246850555,0.04349537815631088,0.45643276105459746,58.423393414988475,128.0,0.008588250003499217,0.004135332837816547,0.00445291716568267,4.598264014726192,0.4725515030019944,-4.125712511724198
6.0,9.0,8.0,10.0,1.0,18.0,4.0,0.017426085246850555,0.04349537815631088,0.2461528263017571,126.03024706649964,512.0,0.00138276234253363,0.0035193831443212707,-0.0021366208017876407,3.174246529003766,0.10259906077446804,-3.0716474682292976
6.0,9.0,8.0,10.0,1.0,19.0,1.0,0.017426085246850555,0.04349537815631088,0.13067374629398706,16.726239525630344,128.0,0.002570916661920551,0.0034269506795465096,-0.0008560340176259587,6.700119268230701,0.11317502137424738,-6.586944246856453
6.0,9.0,8.0,10.0,1.0,19.0,4.0,0.017426085246850555,0.04349537815631088,0.05793559486832312,29.66302457258144,512.0,0.006609764302632529,0.003535108823444655,0.003074655479187874,1.7358416694842627,0.028466020602643975,-1.7073756488816187
6.0,9.0,8.0,10.0,1.0,20.0,1.0,0.017426085246850555,0.04349537815631088,0.13124847179023075,16.799804389149536,128.0,0.0030350132956386945,0.0035739997604870297,-0.0005389864648483352,0.6730290399645699,0.0,-0.6730290399645699
6.0,9.0,8.0,10.0,1.0,20.0,4.0,0.017426085246850555,0.04349537815631088,0.1096196733827372,56.12527277196145,512.0,0.0012124608812472079,0.0031847320379036932,-0.0019722711566564854,4.719754699916759,0.42619861034734846,-4.293556089569411
6.0,9.0,8.0,10.0,1.0,21.0,1.0,0.017426085246850555,0.04349537815631088,0.02800298830829024,3.5843825034611507,128.0,0.009606283508344023,0.004673475741804005,0.004932807766540018,3.5702144183211337,1.110688737984447,-2.4595256803366867
6.0,9.0,8.0,10.0,1.0,21.0,4.0,0.017426085246850555,0.04349537815631088,0.038320838769602315,19.620269450036385,512.0,0.08314427775846144,0.002859513286119784,0.08028476447234165,23.675538280500213,0.8062302342662695,-22.869308046233943
6.0,9.0,8.0,10.0,1.0,22.0,1.0,0.017426085246850555,0.04349537815631088,0.060343217974953046,7.72393190079399,128.0,0.5084603718161499,0.0035666847826896324,0.5048936870334603,41.193525163150106,0.12670430789164003,-41.06682085525846
6.0,9.0,8.0,10.0,1.0,22.0,4.0,0.017426085246850555,0.04349537815631088,0.059017554589107374,30.216987949622975,512.0,0.027059941006101013,0.004687898054595096,0.022372042951505917,11.776397382526728,-0.21540575539583728,-11.991803137922565
6.0,9.0,8.0,10.0,1.0,23.0,1.0,0.017426085246850555,0.04349537815631088,0.16155814069408808,20.679442008843274,128.0,0.0035739997604870297,0.0035739997604870297,0.0,0.0,0.0,0.0
6.0,9.0,8.0,10.0,1.0,23.0,4.0,0.017426085246850555,0.04349537815631088,0.1843558622313404,94.39020146244629,512.0,0.004307966114975208,0.003751405141843555,0.0005565609731316532,6.817472226550075,0.7705838833208297,-6.046888343229245
6.0,9.0,8.0,10.0,1.0,24.0,1.0,0.017426085246850555,0.04349537815631088,0.1305324683339061,16.708155946739982,128.0,0.002676106404694935,0.0035739997604870297,-0.0008978933557920949,1.20381250681685,0.0,-1.20381250681685
6.0,9.0,8.0,10.0,1.0,24.0,4.0,0.017426085246850555,0.04349537815631088,0.10042846328969551,51.4193732043241,512.0,0.0024150649274113493,0.0037401027167608524,-0.0013250377893495031,1.6254788282587715,0.22213878966519632,-1.4033400385935753
6.0,9.0,8.0,10.0,1.0,25.0,1.0,0.017426085246850555,0.04349537815631088,0.032040841781955154,4.10122774809026,128.0,0.004653638723717527,0.00467157211515791,-1.793339144038307e-05,5.015135004554627,1.0993824960197232,-3.9157525085349034
6.0,9.0,8.0,10.0,1.0,25.0,4.0,0.017426085246850555,0.04349537815631088,0.05284094050892407,27.054561540569125,512.0,0.004360266343778165,0.0035285487355541925,0.0008317176082239721,7.547342560335811,0.7706591901211461,-6.7766833702146645
6.0,9.0,8.0,10.0,1.0,26.0,1.0,0.017426085246850555,0.04349537815631088,0.11097086163299687,14.204270289023599,128.0,0.250181798316523,0.00434750674858567,0.24583429156793732,-18.651505154048593,0.002766765608506571,18.6542719196571
6.0,9.0,8.0,10.0,1.0,26.0,4.0,0.017426085246850555,0.04349537815631088,0.09241161510454725,47.31474693352819,512.0,0.02398268273743366,0.003552898952183151,0.02042978378525051,0.8521418533717808,0.05699492969197899,-0.7951469236798019
6.0,9.0,8.0,10.0,1.0,27.0,1.0,0.017426085246850555,0.04349537815631088,0.16768826572893455,21.464098013303623,128.0,0.0035739997604870297,0.0035739997604870297,0.0,0.0,0.0,0.0
6.0,9.0,8.0,10.0,1.0,27.0,4.0,0.017426085246850555,0.04349537815631088,0.11599923315280689,59.391607374237125,512.0,0.0019624631717037057,0.0032976403827287655,-0.0013351772110250597,1.975098771411562,0.27815674684925246,-1.6969420245623095
6.0,9.0,8.0,10.0,1.0,28.0,1.0,0.017426085246850555,0.04349537815631088,0.11607751159543436,14.857921484215598,128.0,0.022101461821667022,0.005194597437415844,0.01690686438425118,7.0928939651351355,-0.6325966577475698,-7.725490622882705
6.0,9.0,8.0,10.0,1.0,28.0,4.0,0.017426085246850555,0.04349537815631088,0.1219097403443554,62.41778705630996,512.0,0.0022291262569345827,0.004048762104244602,-0.001819635847310019,4.690598708066429,-0.2489189598385542,-4.939517667904983
6.0,9.0,8.0,10.0,1.0,29.0,1.0,0.017426085246850555,0.04349537815631088,0.010310798937043893,1.3197822639416183,128.0,0.0035739997604870297,0.0035739997604870297,0.0,0.0,0.0,0.0
6.0,9.0,8.0,10.0,1.0,29.0,4.0,0.017426085246850555,0.04349537815631088,0.007583884255438505,3.8829487387845147,512.0,0.0035230266839094164,0.0034638256978245293,5.920098608488706e-05,2.5267649734659177,0.09171864655709952,-2.435046326908818
6.0,9.0,8.0,10.0,1.0,30.0,1.0,0.017426085246850555,0.04349537815631088,0.06023318362201964,7.709847503618514,128.0,0.03361345013098431,0.011281226682825041,0.02233222344815927,4.457146231028311,-0.17786422346277406,-4.635010454491085
6.0,9.0,8.0,10.0,1.0,30.0,4.0,0.017426085246850555,0.04349537815631088,0.09261664067720578,47.41972002672936,512.0,0.015116492683356936,0.0040970944239950725,0.011019398259361863,2.0388179817090832,0.14727365599624725,-1.891544325712836
6.0,9.0,8.0,10.0,1.0,31.0,1.0,0.017426085246850555,0.04349537815631088,0.213137506244421,27.281600799285886,128.0,0.0037007771615929644,0.003551365682126666,0.0001494114794662986,1.713553834755197,0.12124332538258664,-1.5923105093726104
6.0,9.0,8.0,10.0,1.0,31.0,4.0,0.017426085246850555,0.04349537815631088,0.041181455217057295,21.084905071133335,512.0,0.001362007166761159,0.0035476544653289524,-0.0021856472985677935,4.032082330800002,0.03181018287944373,-4.000272147920557
6.0,9.0,8.0,10.0,1.0,32.0,1.0,0.017426085246850555,0.04349537815631088,0.0547554318689116,7.008695279220685,128.0,0.01455422934580667,0.002655038419228383,0.011899190926578287,10.657653226907057,1.0503868225480908,-9.607266404358965
6.0,9.0,8.0,10.0,1.0,32.0,4.0,0.017426085246850555,0.04349537815631088,0.07395977598103601,37.867405302290436,512.0,0.0014320441464635097,0.0031184560052255174,-0.0016864118587620078,3.4543734339638115,0.5971222213903451,-2.857251212573466
7.0,10.0,3.0,12.0,1.0,1.0,1.0,0.00015219022393304384,0.19421293057528016,0.12035835208917356,15.405869067414216,128.0,0.004408070280667032,0.002536638417558661,0.001871431863108371,14.145284391744587,15.869044631422547,1.7237602396779597
7.0,10.0,3.0,12.0,1.0,1.0,4.0,0.00015219022393304384,0.19421293057528016,0.06366257069532681,32.59523619600733,512.0,0.004881768420402293,0.0047496259058887845,0.0001321425145135082,14.44121908136705,11.866346607468419,-2.5748724738986315
7.0,10.0,3.0,12.0,1.0,2.0,1.0,0.00015219022393304384,0.19421293057528016,0.0940490853916637,12.038282930132954,128.0,0.11423037692280545,0.11115257127908498,0.0030778056437204687,-2.1568345752355818,-4.4558757501709705,-2.2990411749353887
7.0,10.0,3.0,12.0,1.0,2.0,4.0,0.00015219022393304384,0.19421293057528016,0.07001056817257752,35.84541090435969,512.0,0.013800384260902285,0.013714283502575465,8.610075832682015e-05,9.789077341062523,6.133101322503677,-3.655976018558846
7.0,10.0,3.0,12.0,1.0,3.0,1.0,0.00015219022393304384,0.19421293057528016,0.115655195427352,14.803865014701056,128.0,0.00696934332941776,0.005613434067734456,0.0013559092616833041,1.7371716686003462,2.7127953713691455,0.9756237027687993
7.0,10.0,3.0,12.0,1.0,3.0,4.0,0.00015219022393304384,0.19421293057528016,0.0650883707611338,33.325245829700506,512.0,0.03366106993647387,0.03411717782345317,-0.00045610788697929977,4.770390706535826,4.905872968262171,0.13548226172634514
7.0,10.0,3.0,12.0,1.0,4.0,1.0,0.00015219022393304384,0.19421293057528016,0.04562928014529981,5.840547858598375,128.0,0.004144309341912384,0.004455479042918882,-0.00031116970100649767,18.778757747068397,6.193631035592928,-12.58512671147547
7.0,10.0,3.0,12.0,1.0,4.0,4.0,0.00015219022393304384,0.19421293057528016,0.034536315856180395,17.682593718364362,512.0,0.008019245464970116,0.008188934961692988,-0.0001696894967228718,16.175563799560393,13.096799529154378,-3.0787642704060154
7.0,10.0,3.0,12.0,1.0,5.0,1.0,0.00015219022393304384,0.19421293057528016,0.09937606421981493,12.720136220136311,128.0,0.017681321535766147,0.013750300705728713,0.003931020830037433,1.707437829614218,1.2740698516232847,-0.4333679779909334
7.0,10.0,3.0,12.0,1.0,5.0,4.0,0.00015219022393304384,0.19421293057528016,0.05263244499523872,26.947811837562224,512.0,0.009880082977309692,0.01036015563377529,-0.0004800726564655987,20.169529145195543,9.817531070000298,-10.351998075195246
7.0,10.0,3.0,12.0,1.0,6.0,1.0,0.00015219022393304384,0.19421293057528016,0.08574732418999952,10.975657496319938,128.0,0.005801036832406994,0.005374318856408842,0.00042671797599815216,5.002808253421707,1.4801662239711575,-3.522642029450549
7.0,10.0,3.0,12.0,1.0,6.0,4.0,0.00015219022393304384,0.19421293057528016,0.02555210070727928,13.082675562126992,512.0,0.351531369162591,0.3502182683875014,0.0013131007750895596,-20.148304856373656,-25.859914534810716,-5.7116096784370605
7.0,10.0,3.0,12.0,1.0,7.0,1.0,0.00015219022393304384,0.19421293057528016,0.09764278534724383,12.49827652444721,128.0,0.019137047971139513,0.017222664016504775,0.001914383954634738,-4.533776190368059,-3.061762095841177,1.4720140945268816
7.0,10.0,3.0,12.0,1.0,7.0,4.0,0.00015219022393304384,0.19421293057528016,0.03141981278778186,16.08694414734431,512.0,0.036775402620890886,0.03398861247133323,0.0027867901495576552,-7.255113987717158,-6.499607537531467,0.7555064501856918
7.0,10.0,3.0,12.0,1.0,8.0,1.0,0.00015219022393304384,0.19421293057528016,0.06786196576153568,8.686331617476567,128.0,2.2823797228653175,2.1033803245528295,0.178999398312488,39.45371019615717,31.81627987297591,-7.637430323181256
7.0,10.0,3.0,12.0,1.0,8.0,4.0,0.00015219022393304384,0.19421293057528016,0.05820371567059378,29.800302423344014,512.0,0.19631952299623184,0.16260936470361947,0.03371015829261237,50.00484791277791,41.76903693950402,-8.235810973273892
7.0,10.0,3.0,12.0,1.0,9.0,1.0,0.00015219022393304384,0.19421293057528016,0.022512702525878392,2.881625923312434,128.0,0.1520878852310457,0.1455165484332152,0.006571336797830479,35.85088096541561,30.029744825031624,-5.821136140383988
7.0,10.0,3.0,12.0,1.0,9.0,4.0,0.00015219022393304384,0.19421293057528016,0.039190209112894434,20.06538706580195,512.0,0.010481551700609264,0.01048235770459502,-8.06003985756934e-07,19.899489109587016,15.393830632981809,-4.505658476605207
7.0,10.0,3.0,12.0,1.0,10.0,1.0,0.00015219022393304384,0.19421293057528016,0.014023199527043863,1.7949695394616145,128.0,0.00928292301921844,0.009158347132293548,0.0001245758869248912,-2.8515830810066145,-2.6795676100171257,0.17201547098948877
7.0,10.0,3.0,12.0,1.0,10.0,4.0,0.00015219022393304384,0.19421293057528016,0.04199131119801117,21.49955133338172,512.0,0.03570744620143658,0.03497213232009931,0.0007353138813372684,3.1466449750412364,2.9462049191316106,-0.20044005590962577
7.0,10.0,3.0,12.0,1.0,11.0,1.0,0.00015219022393304384,0.19421293057528016,0.04823475718823027,6.174048920093474,128.0,0.18228934915574402,0.18206279434004177,0.00022655481570224567,-6.846691359652282,-5.9845495805480455,0.8621417791042365
7.0,10.0,3.0,12.0,1.0,11.0,4.0,0.00015219022393304384,0.19421293057528016,0.05948323875054762,30.45541824028038,512.0,0.01352523101715915,0.01400557140303372,-0.0004803403858745711,23.593849258373847,14.443653945744261,-9.150195312629586
7.0,10.0,3.0,12.0,1.0,12.0,1.0,0.00015219022393304384,0.19421293057528016,0.09139675262385748,11.698784335853757,128.0,0.027433725696336394,0.027880525170734194,-0.0004467994743978,20.223075137946882,20.825482172266494,0.6024070343196115
7.0,10.0,3.0,12.0,1.0,12.0,4.0,0.00015219022393304384,0.19421293057528016,0.04319170082751357,22.11415082368695,512.0,0.01586940456269661,0.01505946480035747,0.0008099397623391423,25.855349034472425,19.77274011527199,-6.082608919200435
7.0,10.0,3.0,12.0,1.0,13.0,1.0,0.00015219022393304384,0.19421293057528016,0.06709296451318314,8.587899457687442,128.0,0.04266037087834218,0.04273624274247677,-7.587186413458846e-05,-10.004988294088221,-10.054919353494636,-0.049931059406414846
7.0,10.0,3.0,12.0,1.0,13.0,4.0,0.00015219022393304384,0.19421293057528016,0.04861932427051479,24.893094026503572,512.0,0.020775948859030193,0.023658593008870243,-0.0028826441498400503,3.29152376056742,-4.447616001719255,-7.739139762286674
7.0,10.0,3.0,12.0,1.0,14.0,1.0,0.00015219022393304384,0.19421293057528016,0.02918618127143092,3.735831202743158,128.0,0.06973014923523049,0.0699703086811462,-0.0002401594459157108,3.6422301937031665,3.9123232741076346,0.2700930804044681
7.0,10.0,3.0,12.0,1.0,14.0,4.0,0.00015219022393304384,0.19421293057528016,0.04492183696109077,22.999980524078474,512.0,0.007771376052051641,0.008743605674899617,-0.0009722296228479761,18.7705960866348,14.703042495500958,-4.0675535911338425
7.0,10.0,3.0,12.0,1.0,15.0,1.0,0.00015219022393304384,0.19421293057528016,0.07324813906481882,9.375761800296809,128.0,0.02210324374571783,0.014720410553759253,0.007382833191958576,39.77627682951751,34.28077938852102,-5.495497440996495
7.0,10.0,3.0,12.0,1.0,15.0,4.0,0.00015219022393304384,0.19421293057528016,0.05970044914090833,30.566629960145065,512.0,0.002823479685380204,0.003817939789544574,-0.0009944601041643702,16.996612530169834,10.409790864528809,-6.5868216656410254
7.0,10.0,3.0,12.0,1.0,16.0,1.0,0.00015219022393304384,0.19421293057528016,0.022563297326231937,2.888102057757688,128.0,0.008568772253954865,0.00854508933805361,2.368291590125471e-05,-2.3553115238466025,-2.3504665596260397,0.004844964220562797
7.0,10.0,3.0,12.0,1.0,16.0,4.0,0.00015219022393304384,0.19421293057528016,0.016783472220731305,8.593137777014428,512.0,0.004642458795663744,0.006368447594461529,-0.0017259887987977852,5.035228061105297,-0.14221876139011788,-5.177446822495415
7.0,10.0,3.0,12.0,1.0,17.0,1.0,0.00015219022393304384,0.19421293057528016,0.019483982395123438,2.4939497465758,128.0,4.643551356071132,4.6376507732583105,0.005900582812821575,-99.94816724319172,-99.94717637901833,0.0009908641733886725
7.0,10.0,3.0,12.0,1.0,17.0,4.0,0.00015219022393304384,0.19421293057528016,0.00935442646709764,4.789466351153992,512.0,0.311022223799433,0.31215722021130593,-0.0011349964118729239,-40.22433363549995,-44.57054944569001,-4.34621581019006
7.0,10.0,3.0,12.0,1.0,18.0,1.0,0.00015219022393304384,0.19421293057528016,0.13309333916946212,17.03594741369115,128.0,0.02260724787820024,0.008564618039475135,0.014042629838725104,43.862167034247,29.808873990668015,-14.053293043578986
7.0,10.0,3.0,12.0,1.0,18.0,4.0,0.00015219022393304384,0.19421293057528016,0.03260794855108842,16.695269658157272,512.0,0.004282780312328607,0.0032812972371201246,0.0010014830752084827,26.938469445669305,21.785044896337457,-5.153424549331849
7.0,10.0,3.0,12.0,1.0,19.0,1.0,0.00015219022393304384,0.19421293057528016,0.10609089908733481,13.579635083178855,128.0,0.16921155609462651,0.18727607744049957,-0.018064521345873052,-1.114271883556712,-4.5146183307364325,-3.4003464471797207
7.0,10.0,3.0,12.0,1.0,19.0,4.0,0.00015219022393304384,0.19421293057528016,0.006583726278333263,3.370867854506631,512.0,1.9089539367331847,1.9277992439012515,-0.01884530716806676,-99.8368963018376,-99.84896145739243,-0.012065155554836338
7.0,10.0,3.0,12.0,1.0,20.0,1.0,0.00015219022393304384,0.19421293057528016,0.20954679316088684,26.821989524593516,128.0,0.015239322492859687,0.009911200930508304,0.005328121562351382,19.362516807749948,13.620372056011664,-5.742144751738284
7.0,10.0,3.0,12.0,1.0,20.0,4.0,0.00015219022393304384,0.19421293057528016,0.05602163625730424,28.68307776373977,512.0,0.005391740972917733,0.005886550997026861,-0.0004948100241091279,23.693275767919314,16.110302098989305,-7.582973668930009
7.0,10.0,3.0,12.0,1.0,21.0,1.0,0.00015219022393304384,0.19421293057528016,0.09523190413331369,12.189683729064152,128.0,0.01448973268184357,0.012869544167152048,0.0016201885146915219,11.644581832684958,14.268424287024045,2.623842454339087
7.0,10.0,3.0,12.0,1.0,21.0,4.0,0.00015219022393304384,0.19421293057528016,0.0477076392910526,24.426311317018932,512.0,0.006016731028320583,0.006092397309004747,-7.566628068416455e-05,23.824781910558823,22.906820913295608,-0.917960997263215
7.0,10.0,3.0,12.0,1.0,22.0,1.0,0.00015219022393304384,0.19421293057528016,0.08175316789772123,10.464405490908318,128.0,0.006082424756104083,0.0058292151408457235,0.0002532096152583598,-0.0028349337644937396,0.4514527212979006,0.4542876550623943
7.0,10.0,3.0,12.0,1.0,22.0,4.0,0.00015219022393304384,0.19421293057528016,0.038259655637010025,19.588943686149133,512.0,0.010608938019570566,0.010196943305310518,0.00041199471426004754,6.869889404925196,7.328093720601079,0.45820431567588304
7.0,10.0,3.0,12.0,1.0,23.0,1.0,0.00015219022393304384,0.19421293057528016,0.07594414464965425,9.720850515155744,128.0,0.06206199619104334,0.043106433982033884,0.018955562209009458,24.341588638880538,5.036610393368381,-19.304978245512157
7.0,10.0,3.0,12.0,1.0,23.0,4.0,0.00015219022393304384,0.19421293057528016,0.09492875892040602,48.60352456724788,512.0,0.005025990688244405,0.004971250620763723,5.47400674806818e-05,19.822332870265924,8.792838019950802,-11.029494850315123
7.0,10.0,3.0,12.0,1.0,24.0,1.0,0.00015219022393304384,0.19421293057528016,0.03996112101917824,5.115023490454814,128.0,0.08751992010326905,0.09004673822272087,-0.0025268181194518236,11.04290255423935,-2.3006367892866755,-13.343539343526025
7.0,10.0,3.0,12.0,1.0,24.0,4.0,0.00015219022393304384,0.19421293057528016,0.05001304954573616,25.606681367416915,512.0,0.015377262790388365,0.008643519751232885,0.00673374303915548,32.48363595170402,20.03639332541023,-12.447242626293786
7.0,10.0,3.0,12.0,1.0,25.0,1.0,0.00015219022393304384,0.19421293057528016,0.05264055428826572,6.7379909488980125,128.0,0.0071882185514779255,0.00996552217022756,-0.002777303618749635,8.57507929379843,0.8371250568251264,-7.737954236973303
7.0,10.0,3.0,12.0,1.0,25.0,4.0,0.00015219022393304384,0.19421293057528016,0.09822646966680347,50.29195246940338,512.0,0.007453383301066875,0.00676699654498886,0.0006863867560780142,26.637673833886847,22.641783782385577,-3.99589005150127
7.0,10.0,3.0,12.0,1.0,26.0,1.0,0.00015219022393304384,0.19421293057528016,0.24171999537682223,30.940159408233246,128.0,0.008673247697731198,0.008896938699560375,-0.00022369100182917726,24.3496853332083,21.814075800182735,-2.535609533025564
7.0,10.0,3.0,12.0,1.0,26.0,4.0,0.00015219022393304384,0.19421293057528016,0.022468833227907298,11.504042612688536,512.0,0.07450513785278019,0.06912743670380574,0.005377701148974456,37.484750595387375,33.08433015137631,-4.400420444011068
7.0,10.0,3.0,12.0,1.0,27.0,1.0,0.00015219022393304384,0.19421293057528016,0.138237684910761,17.694423668577407,128.0,0.007607467110386824,0.00672651198730088,0.0008809551230859443,15.229171280269355,18.143334149926428,2.9141628696570727
7.0,10.0,3.0,12.0,1.0,27.0,4.0,0.00015219022393304384,0.19421293057528016,0.06938062777192619,35.52288141922621,512.0,0.0041696452787615065,0.004537306535102999,-0.00036766125634149233,22.115383456904144,10.367245940299409,-11.748137516604736
7.0,10.0,3.0,12.0,1.0,28.0,1.0,0.00015219022393304384,0.19421293057528016,0.2435190001878715,31.170432024047553,128.0,0.007389107902425783,0.007751666032790441,-0.0003625581303646581,26.205724583187326,23.30877757754907,-2.896947005638257
7.0,10.0,3.0,12.0,1.0,28.0,4.0,0.00015219022393304384,0.19421293057528016,0.0496715880490091,25.431853081092658,512.0,0.03983427258638619,0.036006860784604904,0.003827411801781283,28.392016802253636,25.44275420481376,-2.9492625974398763
7.0,10.0,3.0,12.0,1.0,29.0,1.0,0.00015219022393304384,0.19421293057528016,0.038901338209849014,4.979371290860674,128.0,0.0035992049024759568,0.0055889299681440106,-0.001989725065668054,8.403727612873569,1.957415745440555,-6.446311867433014
7.0,10.0,3.0,12.0,1.0,29.0,4.0,0.00015219022393304384,0.19421293057528016,0.01467108305276311,7.511594523014712,512.0,0.4371783184143483,0.4299763880312198,0.007201930383128496,44.749636816571176,43.49003265347921,-1.2596041630919643
7.0,10.0,3.0,12.0,1.0,30.0,1.0,0.00015219022393304384,0.19421293057528016,0.15858725441323074,20.299168564893534,128.0,0.07352474664220221,0.02072182188692371,0.0528029247552785,30.133941265459093,24.842660893541286,-5.291280371917807
7.0,10.0,3.0,12.0,1.0,30.0,4.0,0.00015219022393304384,0.19421293057528016,0.03903211572671415,19.984443252077646,512.0,0.05335197714888271,0.052725497210727695,0.0006264799381550112,22.271817058108688,5.770412421974563,-16.501404636134126
7.0,10.0,3.0,12.0,1.0,31.0,1.0,0.00015219022393304384,0.19421293057528016,0.05534795638822625,7.08453841769296,128.0,0.059521695334932755,0.055805862878916965,0.00371583245601579,-5.015534747428111,-6.380082233967835,-1.364547486539724
7.0,10.0,3.0,12.0,1.0,31.0,4.0,0.00015219022393304384,0.19421293057528016,0.02185015556177089,11.187279647626696,512.0,0.015764788051704184,0.014640738101225554,0.00112404995047863,8.818264321712602,6.234352434468619,-2.5839118872439837
7.0,10.0,3.0,12.0,1.0,32.0,1.0,0.00015219022393304384,0.19421293057528016,0.027654930188342124,3.539831064107792,128.0,0.02392466601705181,0.019682770163699428,0.004241895853352381,5.914060929660162,0.12951095776847313,-5.784549971891689
7.0,10.0,3.0,12.0,1.0,32.0,4.0,0.00015219022393304384,0.19421293057528016,0.06949145666789087,35.57962581396013,512.0,0.005685757770617087,0.00408903126902127,0.0015967265015958175,25.817027962209732,19.053178027437852,-6.76384993477188
8.0,16.0,8.0,15.0,1.0,1.0,1.0,0.028403767221111122,0.36491909889269847,0.035720151341079205,4.572179371658138,128.0,0.003917684864567873,0.0009852273804859864,0.002932457484081887,-0.6755881148839669,0.02274308001888329,0.6983311949028501
8.0,16.0,8.0,15.0,1.0,1.0,4.0,0.028403767221111122,0.36491909889269847,0.07710465593348927,39.477583837946504,512.0,0.007301475863518565,0.006340289009723806,0.000961186853794759,-0.46449929670993845,0.1770961636475306,0.6415954603574691
8.0,16.0,8.0,15.0,1.0,2.0,1.0,0.028403767221111122,0.36491909889269847,0.060343209259243066,7.7239307851831125,128.0,0.05887521592231638,0.0014060068989071883,0.05746920902340919,-6.063251932709467,-0.11919777435725905,5.944054158352208
8.0,16.0,8.0,15.0,1.0,2.0,4.0,0.028403767221111122,0.36491909889269847,0.07701320007159675,39.430758436657534,512.0,0.009764903195717257,0.001121533877208307,0.00864336931850895,-1.589431876397699,0.14397018247238835,1.7334020588700874
8.0,16.0,8.0,15.0,1.0,3.0,1.0,0.028403767221111122,0.36491909889269847,0.05883718884436208,7.531160172078346,128.0,0.008271975991151176,0.01042797935316493,-0.002156003362013754,0.21804839488636407,0.3698466147015434,0.15179821981517932
8.0,16.0,8.0,15.0,1.0,3.0,4.0,0.028403767221111122,0.36491909889269847,0.09109950990209101,46.642949069870596,512.0,0.005705133174499669,0.006783375066469402,-0.001078241891969733,1.4616001914621493,1.6591097527777061,0.19750956131555686
8.0,16.0,8.0,15.0,1.0,4.0,1.0,0.028403767221111122,0.36491909889269847,0.2937263805423991,37.59697670942708,128.0,0.0699752017935599,0.07032804153777475,-0.0003528397442148501,-3.8921871749092283,-3.8138703905225637,0.07831678438666456
8.0,16.0,8.0,15.0,1.0,4.0,4.0,0.028403767221111122,0.36491909889269847,0.16575604677095304,84.86709594672796,512.0,0.03480644452889613,0.0361035390840607,-0.0012970945551645727,-0.8364507965210244,-0.7431768770972395,0.09327391942378493
8.0,16.0,8.0,15.0,1.0,5.0,1.0,0.028403767221111122,0.36491909889269847,0.09787734808756268,12.528300555208023,128.0,0.0013000698663126829,0.0009227360760673296,0.0003773337902453533,-0.1213289089827311,-0.006556804981150628,0.11477210400158047
8.0,16.0,8.0,15.0,1.0,5.0,4.0,0.028403767221111122,0.36491909889269847,0.14024062795662182,71.80320151379037,512.0,0.0025715577213689662,0.0020246461607428302,0.000546911560626136,-0.03164355467196848,0.2768643283844495,0.308507883056418
8.0,16.0,8.0,15.0,1.0,6.0,1.0,0.028403767221111122,0.36491909889269847,0.25951151503491565,33.2174739244692,128.0,0.0019362075937970783,0.0008967999141176232,0.001039407679679455,-0.3158533546746523,0.0,0.3158533546746523
8.0,16.0,8.0,15.0,1.0,6.0,4.0,0.028403767221111122,0.36491909889269847,0.30678178264792755,157.0722727157389,512.0,0.004227628180079468,0.002426847798283837,0.0018007803817956308,-0.2752875489562948,0.41464906084454856,0.6899366098008434
8.0,16.0,8.0,15.0,1.0,7.0,1.0,0.028403767221111122,0.36491909889269847,0.19137896280532307,24.496507239081353,128.0,0.15666312363201404,0.16692275509478774,-0.0102596314627737,-8.729696016659538,-9.316974552509787,-0.587278535850249
8.0,16.0,8.0,15.0,1.0,7.0,4.0,0.028403767221111122,0.36491909889269847,0.19064193964998405,97.60867310079183,512.0,0.042468416162255544,0.04262360364072869,-0.00015518747847314412,-1.9891844701330275,-1.6016914350805993,0.38749303505242816
8.0,16.0,8.0,15.0,1.0,8.0,1.0,0.028403767221111122,0.36491909889269847,0.5473927705942744,70.06627463606712,128.0,0.001614326263977308,0.0008967999141176232,0.0007175263498596849,-0.2021762025702726,0.0,0.2021762025702726
8.0,16.0,8.0,15.0,1.0,8.0,4.0,0.028403767221111122,0.36491909889269847,0.2908470693065913,148.91369948497476,512.0,0.0014411845003878315,0.0013610937327256246,8.009076766220691e-05,0.01844316181673625,0.1360425225931729,0.11759936077643665
8.0,16.0,8.0,15.0,1.0,9.0,1.0,0.028403767221111122,0.36491909889269847,0.2954917817863905,37.822948068657986,128.0,0.08996112173937204,0.08095150648767137,0.009009615251700673,-3.2299660878613965,-2.5282629340402876,0.7017031538211089
8.0,16.0,8.0,15.0,1.0,9.0,4.0,0.028403767221111122,0.36491909889269847,0.3334014672081615,170.70155121057869,512.0,0.010666927437345318,0.009991854918350172,0.000675072518995146,-0.15253627155351043,0.1240226603464276,0.276558931899938
8.0,16.0,8.0,15.0,1.0,10.0,1.0,0.028403767221111122,0.36491909889269847,0.49579722512567326,63.46204481608618,128.0,0.0017655614865952122,0.0008297630177742602,0.000935798468820952,-0.27344403064451966,0.04385348354345916,0.3172975141879788
8.0,16.0,8.0,15.0,1.0,10.0,4.0,0.028403767221111122,0.36491909889269847,0.4222260330080435,216.17972890011828,512.0,0.003705017753636371,0.001569554064585341,0.00213546368905103,-0.6821238966544444,0.012815088133018408,0.6949389847874629
8.0,16.0,8.0,15.0,1.0,11.0,1.0,0.028403767221111122,0.36491909889269847,0.2003052895856509,25.639077066963313,128.0,0.09956545792535683,0.10030031331820508,-0.0007348553928482465,-5.119503216825707,-5.162221964415624,-0.04271874758991778
8.0,16.0,8.0,15.0,1.0,11.0,4.0,0.028403767221111122,0.36491909889269847,0.21936192083377434,112.31330346689246,512.0,0.006408163890456401,0.006423451058254646,-1.528716779824503e-05,0.03641334330816678,0.20451821490218305,0.16810487159401627
8.0,16.0,8.0,15.0,1.0,12.0,1.0,0.028403767221111122,0.36491909889269847,0.3271049739118174,41.86943666071263,128.0,0.0012022365632374512,0.0008201802950717307,0.0003820562681657205,0.03366586771000119,0.04221964092333753,0.008553773213336335
8.0,16.0,8.0,15.0,1.0,12.0,4.0,0.028403767221111122,0.36491909889269847,0.23949530986011147,122.62159864837707,512.0,0.0024080525877789353,0.0019252214569972703,0.000482831130781665,0.021568102775293866,0.2145600736867812,0.19299197091148734
8.0,16.0,8.0,15.0,1.0,13.0,1.0,0.028403767221111122,0.36491909889269847,0.31030928990028,39.71958910723584,128.0,0.04349167639016931,0.039594197740995735,0.003897478649173572,-1.8968809596157763,-1.2581478182076307,0.6387331414081456
8.0,16.0,8.0,15.0,1.0,13.0,4.0,0.028403767221111122,0.36491909889269847,0.12341007310304343,63.185957428758236,512.0,0.004750588872981241,0.0040676947188028134,0.0006828941541784277,0.3984836468724314,0.4889138252826738,0.09043017841024242
8.0,16.0,8.0,15.0,1.0,14.0,1.0,0.028403767221111122,0.36491909889269847,0.3851901611847879,49.30434063165285,128.0,0.23150804876802428,0.23408964951572156,-0.0025816007476972824,-8.902836095710322,-9.152508769401596,-0.24967267369127377
8.0,16.0,8.0,15.0,1.0,14.0,4.0,0.028403767221111122,0.36491909889269847,0.11482663365272307,58.79123643019421,512.0,0.012798518504719551,0.013989912620899872,-0.0011913941161803207,1.2664652768955809,1.3349619240843842,0.06849664718880333
8.0,16.0,8.0,15.0,1.0,15.0,1.0,0.028403767221111122,0.36491909889269847,0.4498346052448701,57.578829471343376,128.0,0.060153005193110946,0.062255545439978834,-0.002102540246867887,-1.6274924851706558,-1.6547221289351808,-0.02722964376452497
8.0,16.0,8.0,15.0,1.0,15.0,4.0,0.028403767221111122,0.36491909889269847,0.3535618685594015,181.02367670241358,512.0,0.0045817218102830425,0.003948493138488452,0.0006332286717945909,-0.14596544431164155,0.42472930827839966,0.5706947525900412
8.0,16.0,8.0,15.0,1.0,16.0,1.0,0.028403767221111122,0.36491909889269847,0.06398041096274136,8.189492603230894,128.0,0.06685138833943241,0.06813862073985319,-0.0012872324004207791,-1.270731635350927,-1.3185396386142871,-0.0478080032633601
8.0,16.0,8.0,15.0,1.0,16.0,4.0,0.028403767221111122,0.36491909889269847,0.12624395693640061,64.63690595143711,512.0,0.020530143914040594,0.022317109060660426,-0.0017869651466198323,-0.5385410831905088,0.4124945050770943,0.951035588267603
8.0,16.0,8.0,15.0,1.0,17.0,1.0,0.028403767221111122,0.36491909889269847,0.40612580526871833,51.98410307439595,128.0,0.0023680111512772092,0.0008426005907235742,0.001525410560553635,-0.45465436659762193,0.029742197457544684,0.4843965640551666
8.0,16.0,8.0,15.0,1.0,17.0,4.0,0.028403767221111122,0.36491909889269847,0.2790217398541698,142.85913080533493,512.0,0.0023853917683534526,0.0018490580577984557,0.000536333710554997,0.18304396252898258,0.48490838849323237,0.3018644259642498
8.0,16.0,8.0,15.0,1.0,18.0,1.0,0.028403767221111122,0.36491909889269847,0.49874032107173033,63.83876109718148,128.0,0.0022162642625432817,0.0008967999141176232,0.0013194643484256586,-0.4322353426633567,0.0,0.4322353426633567
8.0,16.0,8.0,15.0,1.0,18.0,4.0,0.028403767221111122,0.36491909889269847,0.2609134443810371,133.587683523091,512.0,0.002174172486112744,0.001409279134863634,0.0007648933512491101,-0.2847948453919631,0.036440467549048616,0.3212353129410117
8.0,16.0,8.0,15.0,1.0,19.0,1.0,0.028403767221111122,0.36491909889269847,0.04282566889205459,5.481685618182987,128.0,0.0018961904422140994,0.0015194892721219545,0.0003767011700921449,-0.11262891919311402,0.06288484625110714,0.17551376544422115
8.0,16.0,8.0,15.0,1.0,19.0,4.0,0.028403767221111122,0.36491909889269847,0.09308951128078205,47.66182977576041,512.0,0.00430806738463225,0.004360972591104285,-5.2905206472034574e-05,0.589390425001981,0.9304863068405993,0.3410958818386183
8.0,16.0,8.0,15.0,1.0,20.0,1.0,0.028403767221111122,0.36491909889269847,0.27689674730504654,35.44278365504596,128.0,0.001371801281627483,0.0011157280733716463,0.00025607320825583673,-0.08615212924200134,0.08154216740610314,0.16769429664810448
8.0,16.0,8.0,15.0,1.0,20.0,4.0,0.028403767221111122,0.36491909889269847,0.26144523296135064,133.85995927621153,512.0,0.006478835178027267,0.006377846175275065,0.00010098900275220223,0.06633896684629978,0.6849941820403096,0.6186552151940098
8.0,16.0,8.0,15.0,1.0,21.0,1.0,0.028403767221111122,0.36491909889269847,0.4053669608287507,51.88697098608009,128.0,0.0008967999141176232,0.0008967999141176232,0.0,0.0,0.0,0.0
8.0,16.0,8.0,15.0,1.0,21.0,4.0,0.028403767221111122,0.36491909889269847,0.339236838028558,173.68926107062168,512.0,0.0010760810390460507,0.0009156843565513626,0.00016039668249468808,0.4104855235678384,0.5306720939786256,0.12018657041078717
8.0,16.0,8.0,15.0,1.0,22.0,1.0,0.028403767221111122,0.36491909889269847,0.40590250201101524,51.95552025740995,128.0,0.011406119574581586,0.008901693170604139,0.0025044264039774475,-1.1727506530651486,-0.7206916407940195,0.4520590122711291
8.0,16.0,8.0,15.0,1.0,22.0,4.0,0.028403767221111122,0.36491909889269847,0.27293967825941756,139.7451152688218,512.0,0.006965600517863156,0.0058386898482105185,0.0011269106696526372,-0.4808558169335271,0.050341786528510034,0.5311976034620371
8.0,16.0,8.0,15.0,1.0,23.0,1.0,0.028403767221111122,0.36491909889269847,0.5769508770438927,73.84971226161827,128.0,0.01704906585289126,0.01729207281265191,-0.0002430069597606499,-0.2629962853237904,0.06002541115719823,0.3230216964809886
8.0,16.0,8.0,15.0,1.0,23.0,4.0,0.028403767221111122,0.36491909889269847,0.09766861621346604,50.00633150129461,512.0,0.002734393103071068,0.001683122937092811,0.0010512701659782572,-0.24904675382593058,0.30753854442344586,0.5565852982493764
8.0,16.0,8.0,15.0,1.0,24.0,1.0,0.028403767221111122,0.36491909889269847,0.21499939396231144,27.519922427175864,128.0,0.001538939878201211,0.0008967999141176232,0.0006421399640835878,-0.24867773453482409,0.0,0.24867773453482409
8.0,16.0,8.0,15.0,1.0,24.0,4.0,0.028403767221111122,0.36491909889269847,0.054696083085096124,28.004394539569216,512.0,0.006758885083041894,0.006799364301026276,-4.0479217984382664e-05,0.2988516570578759,0.43275215524840344,0.13390049819052752
8.0,16.0,8.0,15.0,1.0,25.0,1.0,0.028403767221111122,0.36491909889269847,0.5826535528313842,74.57965476241718,128.0,0.009210326991735312,0.006480815315120633,0.002729511676614679,-0.2079852829303717,0.23458985887591344,0.4425751418062851
8.0,16.0,8.0,15.0,1.0,25.0,4.0,0.028403767221111122,0.36491909889269847,0.2602149254156765,133.23004181282636,512.0,0.0056229509464193195,0.0012814040285366406,0.004341546917882679,-0.6943934933255568,0.45976552685718064,1.1541590201827374
8.0,16.0,8.0,15.0,1.0,26.0,1.0,0.028403767221111122,0.36491909889269847,0.08844127028743462,11.320482596791631,128.0,0.002311980172340544,0.0015069690720794417,0.0008050111002611024,0.36201384431843747,0.7647144945726646,0.40270065025422713
8.0,16.0,8.0,15.0,1.0,26.0,4.0,0.028403767221111122,0.36491909889269847,0.10574838515247716,54.143173198068304,512.0,0.0314005722457106,0.032196361523654765,-0.0007957892779441658,-1.9293629489142796,-1.638199072711597,0.2911638762026827
8.0,16.0,8.0,15.0,1.0,27.0,1.0,0.028403767221111122,0.36491909889269847,0.4902144281988703,62.7474468094554,128.0,0.0026435466584458643,0.001410241618562796,0.0012333050398830683,-0.32493250179702815,-0.02571252904415956,0.2992199727528686
8.0,16.0,8.0,15.0,1.0,27.0,4.0,0.028403767221111122,0.36491909889269847,0.40492346093350495,207.32081199795454,512.0,0.002873111736876358,0.0025774094383803465,0.00029570229849601145,0.02843636604873702,0.24799221680030367,0.21955585075156664
8.0,16.0,8.0,15.0,1.0,28.0,1.0,0.028403767221111122,0.36491909889269847,0.29403385675724303,37.63633366492711,128.0,0.0010076780424538062,0.0008833402209022312,0.000124337821551575,-0.028429723815979406,0.009659879760751432,0.038089603576730836
8.0,16.0,8.0,15.0,1.0,28.0,4.0,0.028403767221111122,0.36491909889269847,0.11025086046046513,56.44844055575815,512.0,0.005660682482796246,0.005843507111126308,-0.0001828246283300623,0.7739322186539619,0.8744842789509952,0.10055206029703334
8.0,16.0,8.0,15.0,1.0,29.0,1.0,0.028403767221111122,0.36491909889269847,0.36582284473691046,46.82532412632454,128.0,0.01987218552892995,0.01905066761128131,0.0008215179176486384,-0.9073366942060116,-0.5405858757936343,0.36675081841237733
8.0,16.0,8.0,15.0,1.0,29.0,4.0,0.028403767221111122,0.36491909889269847,0.3463008759449288,177.30604848380355,512.0,0.010493004048075603,0.012392009025999117,-0.001899004977923514,0.38826346040482823,0.8205107076230752,0.432247247218247
8.0,16.0,8.0,15.0,1.0,30.0,1.0,0.028403767221111122,0.36491909889269847,0.30425783824978603,38.94500329597261,128.0,0.007507838680519492,0.0014736259333566436,0.006034212747162848,-0.8851451659920779,-0.06867263554773481,0.8164725304443431
8.0,16.0,8.0,15.0,1.0,30.0,4.0,0.028403767221111122,0.36491909889269847,0.3253678167168498,166.5883221590271,512.0,0.006080265180897173,0.006779579022753635,-0.0006993138418564622,0.7143816708146952,0.9487477675050157,0.2343660966903205
8.0,16.0,8.0,15.0,1.0,31.0,1.0,0.028403767221111122,0.36491909889269847,0.4039163309084169,51.70129035627736,128.0,0.004634817929134268,0.0013023848726276648,0.0033324330565066033,-0.5656386470838812,-0.05978348554012361,0.5058551615437576
8.0,16.0,8.0,15.0,1.0,31.0,4.0,0.028403767221111122,0.36491909889269847,0.3756797624252848,192.3480383617458,512.0,0.002006065000510056,0.0009356937632023595,0.0010703712373076966,-0.27739535033547674,0.08319952249767308,0.36059487283314984
8.0,16.0,8.0,15.0,1.0,32.0,1.0,0.028403767221111122,0.36491909889269847,0.11929947729366823,15.270333093589533,128.0,0.0027727964902402903,0.0008967999141176232,0.0018759965761226672,-0.5094970877589428,0.0,0.5094970877589428
8.0,16.0,8.0,15.0,1.0,32.0,4.0,0.028403767221111122,0.36491909889269847,0.18529845149013888,94.8728071629511,512.0,0.006859925855464102,0.006364592184215168,0.0004953336712489338,0.7303425236358445,1.0689497885337558,0.33860726489791126
9.0,3.0,4.0,13.0,2.0,1.0,1.0,0.05967202096628819,0.3453369562081426,0.41562518348911365,53.20002348660655,128.0,0.01132861638279894,0.0020925709980485125,0.009236045384750428,-1.4454584332050453,0.7852224240417378,2.2306808572467833
9.0,3.0,4.0,13.0,2.0,1.0,4.0,0.05967202096628819,0.3453369562081426,0.16884406121603115,86.44815934260795,512.0,0.009718601109841615,0.0028957464499157187,0.006822854659925897,4.276901853337787,1.3041973969855265,-2.97270445635226
9.0,3.0,4.0,13.0,2.0,2.0,1.0,0.05967202096628819,0.3453369562081426,0.115902066250726,14.835464480092927,128.0,0.0422714569041201,0.002967573334117242,0.039303883570002855,5.698073900188055,0.30163295277461694,-5.396440947413438
9.0,3.0,4.0,13.0,2.0,2.0,4.0,0.05967202096628819,0.3453369562081426,0.10050760757677175,51.45989507930714,512.0,0.0041935875689457025,0.0022231225453268636,0.001970465023618839,3.351660531328858,1.3907579266251955,-1.9609026047036626
9.0,3.0,4.0,13.0,2.0,3.0,1.0,0.05967202096628819,0.3453369562081426,0.08313595905685393,10.641402759277304,128.0,0.021820595436650422,0.0067378456625972315,0.01508274977405319,4.058374244645269,1.850944754515865,-2.207429490129404
9.0,3.0,4.0,13.0,2.0,3.0,4.0,0.05967202096628819,0.3453369562081426,0.12118175607870398,62.045059112296435,512.0,0.006032566386945718,0.0021398997991094243,0.003892666587836294,5.829424368815136,1.0908048993577346,-4.738619469457402
9.0,3.0,4.0,13.0,2.0,4.0,1.0,0.05967202096628819,0.3453369562081426,0.1916105098943615,24.526145266478274,128.0,0.002686364523926091,0.0032608648314362346,-0.0005745003075101436,2.1324020233113856,-0.08786714981052703,-2.220269173121913
9.0,3.0,4.0,13.0,2.0,4.0,4.0,0.05967202096628819,0.3453369562081426,0.07769004987736787,39.77730553721235,512.0,0.0016606610344986061,0.0033244246340559075,-0.0016637635995573013,2.967259631998054,0.12833693719054326,-2.838922694807511
9.0,3.0,4.0,13.0,2.0,5.0,1.0,0.05967202096628819,0.3453369562081426,0.08122876934106334,10.397282475656107,128.0,0.006131926068882637,0.0020830092363954625,0.004048916832487174,3.1533640358425212,0.3050274454709634,-2.8483365903715576
9.0,3.0,4.0,13.0,2.0,5.0,4.0,0.05967202096628819,0.3453369562081426,0.16315376613910496,83.53472826322174,512.0,0.00569116711731413,0.008167255171402259,-0.0024760880540881285,-0.4768230975679761,-1.6736877783962851,-1.196864680828309
9.0,3.0,4.0,13.0,2.0,6.0,1.0,0.05967202096628819,0.3453369562081426,0.13367979895616136,17.111014266388654,128.0,0.12997860443109158,0.003047263826389669,0.1269313406047019,-2.502707167581214,-0.34888224024100284,2.153824927340211
9.0,3.0,4.0,13.0,2.0,6.0,4.0,0.05967202096628819,0.3453369562081426,0.09429015797728207,48.27656088436842,512.0,0.026065690632626752,0.005325217872881879,0.020740472759744874,4.060504839770974,0.74546045737846,-3.3150443823925144
9.0,3.0,4.0,13.0,2.0,7.0,1.0,0.05967202096628819,0.3453369562081426,0.3307079135517875,42.3306129346288,128.0,0.0034036060777310434,0.002319935507471534,0.0010836705702595094,1.0943364558207762,0.10312413077830349,-0.9912123250424727
9.0,3.0,4.0,13.0,2.0,7.0,4.0,0.05967202096628819,0.3453369562081426,0.1165977811171715,59.69806393199181,512.0,0.010613138330469769,0.010542755700363374,7.038263010639492e-05,-0.17661231438434827,-1.4064579414388279,-1.2298456270544795
9.0,3.0,4.0,13.0,2.0,8.0,1.0,0.05967202096628819,0.3453369562081426,0.23394396874802992,29.94482799974783,128.0,0.1159703699973266,0.028206618651357006,0.08776375134596959,1.5044534464298085,1.2175294900593336,-0.28692395637047485
9.0,3.0,4.0,13.0,2.0,8.0,4.0,0.05967202096628819,0.3453369562081426,0.14086955763286427,72.1252135080265,512.0,0.005473268289362132,0.0020847820152534884,0.003388486274108644,2.606282503264788,1.484444402653996,-1.1218381006107918
9.0,3.0,4.0,13.0,2.0,9.0,1.0,0.05967202096628819,0.3453369562081426,0.3968982343797231,50.80297400060456,128.0,0.015470162011755832,0.006303169131468649,0.009166992880287182,-3.193356306750773,-1.152184323625099,2.0411719831256736
9.0,3.0,4.0,13.0,2.0,9.0,4.0,0.05967202096628819,0.3453369562081426,0.20652714022558172,105.74189579549784,512.0,0.007815886210422361,0.008707714930174082,-0.0008918287197517208,0.5573425644357768,-1.0246983498081121,-1.582040914243889
9.0,3.0,4.0,13.0,2.0,10.0,1.0,0.05967202096628819,0.3453369562081426,0.17777357903877022,22.75501811696259,128.0,0.02676130758680302,0.0073724913901085974,0.019388816196694424,4.4810701132115405,1.7150263250510676,-2.7660437881604727
9.0,3.0,4.0,13.0,2.0,10.0,4.0,0.05967202096628819,0.3453369562081426,0.256331745517896,131.24185370516275,512.0,0.003557101556435421,0.002290378715347175,0.001266722841088246,2.299592730806862,1.4128086910339324,-0.8867840397729299
9.0,3.0,4.0,13.0,2.0,11.0,1.0,0.05967202096628819,0.3453369562081426,0.207960885682211,26.618993367323007,128.0,0.0889307381482054,0.02231643908196664,0.06661429906623877,5.476355633862666,0.9568925678420909,-4.519463066020576
9.0,3.0,4.0,13.0,2.0,11.0,4.0,0.05967202096628819,0.3453369562081426,0.1784432106180584,91.3629238364459,512.0,0.011613849611837031,0.0024382963477237625,0.009175553264113269,5.518056746425201,1.6319119653511667,-3.8861447810740346
9.0,3.0,4.0,13.0,2.0,12.0,1.0,0.05967202096628819,0.3453369562081426,0.3563062223663152,45.607196462888346,128.0,0.03790786045830938,0.005673352213274152,0.03223450824503522,2.0197004400126155,0.9935785135132402,-1.0261219264993753
9.0,3.0,4.0,13.0,2.0,12.0,4.0,0.05967202096628819,0.3453369562081426,0.1579277131181926,80.8589891165146,512.0,0.005561714185442882,0.004604231152620313,0.0009574830328225687,4.2695444843439025,0.752916196609629,-3.5166282877342736
9.0,3.0,4.0,13.0,2.0,13.0,1.0,0.05967202096628819,0.3453369562081426,0.24637243997612482,31.535672316943977,128.0,0.005498026390443261,0.005626655907630347,-0.00012862951718708646,1.3333799382059626,-0.6955366833240199,-2.0289166215299823
9.0,3.0,4.0,13.0,2.0,13.0,4.0,0.05967202096628819,0.3453369562081426,0.10003192012760832,51.21634310533546,512.0,0.0020791948929203574,0.002273723554522487,-0.00019452866160212965,1.7842306319064507,0.44534559333583534,-1.3388850385706155
9.0,3.0,4.0,13.0,2.0,14.0,1.0,0.05967202096628819,0.3453369562081426,0.0654779342579857,8.38117558502217,128.0,0.06306765972614854,0.05321853853356674,0.0098491211925818,-4.216705425936632,-2.8364817764647117,1.3802236494719202
9.0,3.0,4.0,13.0,2.0,14.0,4.0,0.05967202096628819,0.3453369562081426,0.08814377576161253,45.129613189945616,512.0,0.008208198190582864,0.005949513064687447,0.0022586851258954163,2.066896570250026,0.9104945197784741,-1.1564020504715522
9.0,3.0,4.0,13.0,2.0,15.0,1.0,0.05967202096628819,0.3453369562081426,0.3054478126052431,39.09732001347112,128.0,0.004043425887739914,0.0038172593622651466,0.00022616652547476773,0.9245955379465198,-0.3918019313416582,-1.316397469288178
9.0,3.0,4.0,13.0,2.0,15.0,4.0,0.05967202096628819,0.3453369562081426,0.26438265506057645,135.36391939101514,512.0,0.004309456066134186,0.005079741821402514,-0.0007702857552683278,3.0718357295129763,2.0945365953460215,-0.9772991341669548
9.0,3.0,4.0,13.0,2.0,16.0,1.0,0.05967202096628819,0.3453369562081426,0.15366421172957045,19.669019101385018,128.0,0.010186471622314307,0.003734409686956189,0.006452061935358118,-0.8213823448922587,-0.1724947984491879,0.6488875464430708
9.0,3.0,4.0,13.0,2.0,16.0,4.0,0.05967202096628819,0.3453369562081426,0.20652988560046198,105.74330142743653,512.0,0.002174543116844777,0.002203027567995109,-2.8484451150331998e-05,2.310560812268104,0.26682685713718424,-2.0437339551309197
9.0,3.0,4.0,13.0,2.0,17.0,1.0,0.05967202096628819,0.3453369562081426,0.31623798340974263,40.47846187644706,128.0,0.007540672568933427,0.004051227767895036,0.0034894448010383914,0.29547361025525243,0.6797783228552542,0.38430471260000176
9.0,3.0,4.0,13.0,2.0,17.0,4.0,0.05967202096628819,0.3453369562081426,0.17901490639580156,91.6556320746504,512.0,0.0020879509738337904,0.0018408694770268086,0.00024708149680698174,2.236473312078616,0.7401801311011242,-1.4962931809774918
9.0,3.0,4.0,13.0,2.0,18.0,1.0,0.05967202096628819,0.3453369562081426,0.1954506669729839,25.01768537254194,128.0,0.002444896280812751,0.002415253173163735,2.9643107649015774e-05,-0.026759233789335427,-0.008800841352334629,0.0179583924370008
9.0,3.0,4.0,13.0,2.0,18.0,4.0,0.05967202096628819,0.3453369562081426,0.1479317495808364,75.74105578538824,512.0,0.004712251686666452,0.00450655605238307,0.00020569563428338156,2.0866652539342945,0.46541659206035385,-1.6212486618739406
9.0,3.0,4.0,13.0,2.0,19.0,1.0,0.05967202096628819,0.3453369562081426,0.17705704688662313,22.66330200148776,128.0,0.007977329747486717,0.0029168780969275627,0.005060451650559154,4.958932394595195,-0.1278642985454023,-5.086796693140597
9.0,3.0,4.0,13.0,2.0,19.0,4.0,0.05967202096628819,0.3453369562081426,0.12462329248676618,63.807125753224284,512.0,0.0057762443309075295,0.002901913049293924,0.0028743312816136056,3.326187939120202,0.3375443289268856,-2.9886436101933165
9.0,3.0,4.0,13.0,2.0,20.0,1.0,0.05967202096628819,0.3453369562081426,0.23064449561145337,29.52249543826603,128.0,0.009520529670887852,0.005373120656830191,0.004147409014057661,0.1042322506913182,-0.37697917749395665,-0.48121142818527485
9.0,3.0,4.0,13.0,2.0,20.0,4.0,0.05967202096628819,0.3453369562081426,0.014946913814262384,7.652819872902341,512.0,0.16956349945682103,0.1769237891286327,-0.007360289671811682,-16.452035460345886,-17.93040439434866,-1.4783689340027735
9.0,3.0,4.0,13.0,2.0,21.0,1.0,0.05967202096628819,0.3453369562081426,0.26016725801521795,33.3014090259479,128.0,0.00459146856298266,0.0029424868470884634,0.0016489817158941967,-0.9389300333807441,-0.255125110912668,0.6838049224680761
9.0,3.0,4.0,13.0,2.0,21.0,4.0,0.05967202096628819,0.3453369562081426,0.30601810041272504,156.68126741131522,512.0,0.0025939510970977406,0.002205751523651084,0.0003881995734466566,0.729742181432508,0.25530203842146043,-0.4744401430110476
9.0,3.0,4.0,13.0,2.0,22.0,1.0,0.05967202096628819,0.3453369562081426,0.33075030173948633,42.33603862265425,128.0,0.009246612190143581,0.003086203400474271,0.00616040878966931,-1.0692674985173867,0.10660568171736379,1.1758731802347504
9.0,3.0,4.0,13.0,2.0,22.0,4.0,0.05967202096628819,0.3453369562081426,0.3013256024555833,154.27870845725866,512.0,0.007557675299004759,0.006129769653156358,0.001427905645848401,0.773830972119273,-0.28936876745728557,-1.0631997395765587
9.0,3.0,4.0,13.0,2.0,23.0,1.0,0.05967202096628819,0.3453369562081426,0.32397182563344795,41.46839368108134,128.0,0.04453536674840941,0.045078613441201225,-0.0005432466927918142,-3.434697979344968,-3.2349441321061208,0.19975384723884737
9.0,3.0,4.0,13.0,2.0,23.0,4.0,0.05967202096628819,0.3453369562081426,0.148206427173872,75.88169071302246,512.0,0.005950541154544814,0.006701159302438343,-0.0007506181478935297,1.9273578318930566,0.47870743749946404,-1.4486503943935927
9.0,3.0,4.0,13.0,2.0,24.0,1.0,0.05967202096628819,0.3453369562081426,0.287934405307189,36.85560387932019,128.0,0.060822578820594456,0.005666707801924376,0.05515587101867008,1.7162481864585504,-0.10989682529190153,-1.8261450117504519
9.0,3.0,4.0,13.0,2.0,24.0,4.0,0.05967202096628819,0.3453369562081426,0.0832640129243086,42.631174617246,512.0,0.010868254957948117,0.002309256802513434,0.008558998155434684,4.579205284810762,0.686508553419301,-3.8926967313914607
9.0,3.0,4.0,13.0,2.0,25.0,1.0,0.05967202096628819,0.3453369562081426,0.16242924881325987,20.790943848097264,128.0,0.007875983037937703,0.004374796392907374,0.0035011866450303285,-0.15562540405542194,0.24739377559668574,0.40301917965210765
9.0,3.0,4.0,13.0,2.0,25.0,4.0,0.05967202096628819,0.3453369562081426,0.19779141490615582,101.26920443195178,512.0,0.0014871831477843201,0.002425452586796402,-0.0009382694390120819,1.653381573531153,0.4317615543962984,-1.2216200191348547
9.0,3.0,4.0,13.0,2.0,26.0,1.0,0.05967202096628819,0.3453369562081426,0.129054584588418,16.518986827317505,128.0,0.010820399949403724,0.0024790303989519658,0.008341369550451758,-1.8195123102400217,1.0523109345968764,2.8718232448368983
9.0,3.0,4.0,13.0,2.0,26.0,4.0,0.05967202096628819,0.3453369562081426,0.14728927813746692,75.41211040638306,512.0,0.0030785536725051734,0.00217629290849425,0.0009022607640109233,0.41598967360356287,0.6443160431053009,0.228326369501738
9.0,3.0,4.0,13.0,2.0,27.0,1.0,0.05967202096628819,0.3453369562081426,0.22150331053351865,28.352423748290388,128.0,0.021897009710176878,0.003918535289493114,0.017978474420683763,6.0238341848032,0.6612609585542242,-5.362573226248976
9.0,3.0,4.0,13.0,2.0,27.0,4.0,0.05967202096628819,0.3453369562081426,0.24578263146148313,125.84070730827936,512.0,0.0023821278458131673,0.0024163556740859037,-3.422782827273638e-05,4.224828346772993,0.24170889731872439,-3.9831194494542688
9.0,3.0,4.0,13.0,2.0,28.0,1.0,0.05967202096628819,0.3453369562081426,0.10268372400406131,13.143516672519848,128.0,0.016948755868486633,0.002333205280578315,0.014615550587908317,-2.005914818334527,0.05222121989745551,2.0581360382319827
9.0,3.0,4.0,13.0,2.0,28.0,4.0,0.05967202096628819,0.3453369562081426,0.15125577467091103,77.44295663150645,512.0,0.001496671994503378,0.0020423507549441654,-0.0005456787604407873,1.9306559763889992,0.7007798855512023,-1.2298760908377968
9.0,3.0,4.0,13.0,2.0,29.0,1.0,0.05967202096628819,0.3453369562081426,0.16192789885403566,20.726771053316565,128.0,0.001995615964201395,0.002308733059706094,-0.0003131170955046991,0.8544046870146975,0.22428002476296013,-0.6301246622517374
9.0,3.0,4.0,13.0,2.0,29.0,4.0,0.05967202096628819,0.3453369562081426,0.16406104877684244,83.99925697374333,512.0,0.001783867403998593,0.0017175040343324005,6.636336966619246e-05,0.9424935803401685,0.642292133227942,-0.3002014471122265
9.0,3.0,4.0,13.0,2.0,30.0,1.0,0.05967202096628819,0.3453369562081426,0.3640345528513407,46.59642276497161,128.0,0.032860234279223396,0.0030097272945255544,0.029850506984697843,0.20268517081361523,0.599031303582096,0.39634613276848074
9.0,3.0,4.0,13.0,2.0,30.0,4.0,0.05967202096628819,0.3453369562081426,0.19337642820026243,99.00873123853437,512.0,0.0033047852310970653,0.003179449666153769,0.00012533556494329643,3.1273070511376684,1.4338981381708493,-1.693408912966819
9.0,3.0,4.0,13.0,2.0,31.0,1.0,0.05967202096628819,0.3453369562081426,0.3307789475818451,42.339705290476175,128.0,0.00554428107810637,0.003362193214015417,0.0021820878640909534,-0.7708080537647084,-0.3392723647989748,0.4315356889657336
9.0,3.0,4.0,13.0,2.0,31.0,4.0,0.05967202096628819,0.3453369562081426,0.05816839243990926,29.78221692923354,512.0,0.0034475804733013625,0.0024067482074738022,0.0010408322658275603,0.6380791244943749,0.505857946545658,-0.1322211779487169
9.0,3.0,4.0,13.0,2.0,32.0,1.0,0.05967202096628819,0.3453369562081426,0.27229538323029595,34.85380905347788,128.0,0.0038124163677746873,0.0032433103007168773,0.00056910606705781,0.6586816475506443,0.04817603571948041,-0.6105056118311639
9.0,3.0,4.0,13.0,2.0,32.0,4.0,0.05967202096628819,0.3453369562081426,0.2269400837874533,116.1933228991761,512.0,0.004843599136801435,0.004953375303470012,-0.00010977616666857631,5.138471496361907,0.5985558385854198,-4.539915657776487
10.0,3.0,6.0,10.0,2.0,1.0,1.0,0.047291722024109105,0.21993648006544866,0.2896648039408355,37.07709490442694,128.0,0.005973854198350925,0.0028446532255704156,0.0031292009727805093,2.0556034136716086,0.08499151857944741,-1.9706118950921612
10.0,3.0,6.0,10.0,2.0,1.0,4.0,0.047291722024109105,0.21993648006544866,0.23722790936732055,121.46068959606812,512.0,0.026993252665302205,0.006653965167781438,0.020339287497520765,2.1834257353360425,0.08828369287898111,-2.0951420424570615
10.0,3.0,6.0,10.0,2.0,2.0,1.0,0.047291722024109105,0.21993648006544866,0.3437345430766839,43.99802151381554,128.0,0.02032137782564854,0.015777205489612093,0.004544172336036448,1.0707778238725596,-0.694036199430276,-1.7648140233028355
10.0,3.0,6.0,10.0,2.0,2.0,4.0,0.047291722024109105,0.21993648006544866,0.14412802419674706,73.7935483887345,512.0,0.005167011651215877,0.01026102542025491,-0.0050940137690390335,0.9164384710114558,-1.6629024837711728,-2.5793409547826287
10.0,3.0,6.0,10.0,2.0,3.0,1.0,0.047291722024109105,0.21993648006544866,0.26226940350189853,33.57048364824301,128.0,0.004758694240847596,0.002737338552701489,0.0020213556881461072,2.8820824891213688,0.4422857254313368,-2.439796763690032
10.0,3.0,6.0,10.0,2.0,3.0,4.0,0.047291722024109105,0.21993648006544866,0.008287928874181772,4.243419583581067,512.0,0.9438712984034875,1.0248576739992186,-0.08098637559573107,-75.99245326912016,-73.8290454893974,2.1634077797227604
10.0,3.0,6.0,10.0,2.0,4.0,1.0,0.047291722024109105,0.21993648006544866,0.1998042744274771,25.57494712671707,128.0,0.021905516501768696,0.0054675212918417,0.016437995209926996,3.611819470806261,-0.7732470809482629,-4.385066551754524
10.0,3.0,6.0,10.0,2.0,4.0,4.0,0.047291722024109105,0.21993648006544866,0.21588957590934799,110.53546286558617,512.0,0.002268372207244262,0.002701499342536489,-0.00043312713529222724,1.1044869725703286,-0.08411607912717903,-1.1886030516975077
10.0,3.0,6.0,10.0,2.0,5.0,1.0,0.047291722024109105,0.21993648006544866,0.03919346114848768,5.016763027006423,128.0,0.002474325580067601,0.002474325580067601,0.0,0.0,0.0,0.0
10.0,3.0,6.0,10.0,2.0,5.0,4.0,0.047291722024109105,0.21993648006544866,0.08233831036322682,42.15721490597213,512.0,0.00478237794754212,0.004349776146615989,0.0004326018009261313,0.9027418093955819,0.540731938298206,-0.3620098710973759
10.0,3.0,6.0,10.0,2.0,6.0,1.0,0.047291722024109105,0.21993648006544866,0.4748511004957817,60.78094086346006,128.0,0.03312359752559488,0.026287105714766088,0.00683649181082879,0.5982418081194307,-1.32217171375699,-1.9204135218764207
10.0,3.0,6.0,10.0,2.0,6.0,4.0,0.047291722024109105,0.21993648006544866,0.07717172774576032,39.511924605829286,512.0,0.005056925694187561,0.006690565978800112,-0.001633640284612551,2.946607630689661,0.47408180266555916,-2.472525828024102
10.0,3.0,6.0,10.0,2.0,7.0,1.0,0.047291722024109105,0.21993648006544866,0.1001000517090469,12.812806618758003,128.0,0.005142879666066122,0.005212650366111205,-6.977070004508291e-05,1.7436758799834697,-0.5206391968121202,-2.26431507679559
10.0,3.0,6.0,10.0,2.0,7.0,4.0,0.047291722024109105,0.21993648006544866,0.15824270281972208,81.0202638436977,512.0,0.002491015627474601,0.0038974154242573996,-0.0014063997967827986,2.0280093328085074,-0.13411171056763543,-2.1621210433761426
10.0,3.0,6.0,10.0,2.0,8.0,1.0,0.047291722024109105,0.21993648006544866,0.32616451048901385,41.74905734259377,128.0,0.004794192148854953,0.0028806628723829636,0.0019135292764719892,-0.6151037232807697,-0.16180920182674513,0.45329452145402455
10.0,3.0,6.0,10.0,2.0,8.0,4.0,0.047291722024109105,0.21993648006544866,0.006209257522620741,3.1791398515818194,512.0,0.0031698059073383016,0.0024227681990432667,0.0007470377082950349,0.11874490607596495,0.17004901481672366,0.051304108740758705
10.0,3.0,6.0,10.0,2.0,9.0,1.0,0.047291722024109105,0.21993648006544866,0.3727791431769918,47.71573032665495,128.0,0.02653013842112419,0.023746733874578256,0.0027834045465459333,-1.37497919342126,-1.3214315124557137,0.05354768096554641
10.0,3.0,6.0,10.0,2.0,9.0,4.0,0.047291722024109105,0.21993648006544866,0.35654782617867126,182.55248700347968,512.0,0.0031676696556074864,0.005930092650097588,-0.002762422994490102,2.949976718209686,0.16914531763155755,-2.7808314005781285
10.0,3.0,6.0,10.0,2.0,10.0,1.0,0.047291722024109105,0.21993648006544866,0.4447470861051741,56.927627021462285,128.0,0.01985680211399189,0.010140052564675582,0.009716749549316306,-0.5286321922328803,-0.6294884649999342,-0.10085627276705389
10.0,3.0,6.0,10.0,2.0,10.0,4.0,0.047291722024109105,0.21993648006544866,0.2935690742783247,150.30736603050224,512.0,0.002813671677850311,0.0030440748239077917,-0.0002304031460574809,3.1078365937013763,0.07601977778692166,-3.0318168159144547
10.0,3.0,6.0,10.0,2.0,11.0,1.0,0.047291722024109105,0.21993648006544866,0.13602392912303918,17.411062927749015,128.0,0.009772094409285368,0.011749658547227244,-0.001977564137941876,1.1657684024278605,0.6962439081037105,-0.46952449432415
10.0,3.0,6.0,10.0,2.0,11.0,4.0,0.047291722024109105,0.21993648006544866,0.15813414732806072,80.96468343196709,512.0,0.0027939104693854356,0.003787203143440864,-0.0009932926740554284,2.8935381434570573,0.9186672398027228,-1.9748709036543346
10.0,3.0,6.0,10.0,2.0,12.0,1.0,0.047291722024109105,0.21993648006544866,0.21513404945728903,27.537158330532996,128.0,0.06341922942502644,0.07033196432986136,-0.006912734904834919,-3.5036036875576673,-5.771020791328686,-2.267417103771019
10.0,3.0,6.0,10.0,2.0,12.0,4.0,0.047291722024109105,0.21993648006544866,0.12457055396124266,63.78012362815624,512.0,0.07273630738162712,0.028959651199822155,0.043776656181804964,-0.2620612756708615,-1.1483808147050858,-0.8863195390342242
10.0,3.0,6.0,10.0,2.0,13.0,1.0,0.047291722024109105,0.21993648006544866,0.27328275139263786,34.980192178257646,128.0,0.003673144495432384,0.0030075326535452854,0.0006656118418870986,0.19325343237752252,-0.021354709220975557,-0.21460814159849806
10.0,3.0,6.0,10.0,2.0,13.0,4.0,0.047291722024109105,0.21993648006544866,0.21472984248351812,109.94167935156128,512.0,0.0027261058302314144,0.004526723566451866,-0.0018006177362204518,1.020100073451735,-0.4623282912995314,-1.4824283647512664
10.0,3.0,6.0,10.0,2.0,14.0,1.0,0.047291722024109105,0.21993648006544866,0.13732489593139816,17.577586679218964,128.0,0.011646063088214717,0.007159060708299711,0.004487002379915006,-0.9096697083946438,-0.34964706365688863,0.5600226447377552
10.0,3.0,6.0,10.0,2.0,14.0,4.0,0.047291722024109105,0.21993648006544866,0.19726079379738146,100.9975264242593,512.0,0.002774671805136548,0.004469993555796385,-0.0016953217506598369,1.597450446623462,-0.39761936705512513,-1.9950698136785872
10.0,3.0,6.0,10.0,2.0,15.0,1.0,0.047291722024109105,0.21993648006544866,0.28529837876394554,36.51819248178503,128.0,0.04287987251862366,0.019574989364652264,0.023304883153971393,1.1842473944314515,-1.0417835654068262,-2.226030959838278
10.0,3.0,6.0,10.0,2.0,15.0,4.0,0.047291722024109105,0.21993648006544866,0.17757941810605327,90.92066207029927,512.0,0.01943551800891104,0.0046025065444907495,0.01483301146442029,0.9577895798426029,0.027205682773570307,-0.9305838970690327
10.0,3.0,6.0,10.0,2.0,16.0,1.0,0.047291722024109105,0.21993648006544866,0.24815348509808166,31.763646092554453,128.0,0.11966360143278369,0.11489347359995306,0.004770127832830637,-12.853660845820247,-12.516637250447783,0.3370235953724645
10.0,3.0,6.0,10.0,2.0,16.0,4.0,0.047291722024109105,0.21993648006544866,0.23058248115942384,118.058230353625,512.0,0.028678797640252243,0.029524183715066196,-0.0008453860748139537,0.08440771996160505,-2.750514280825449,-2.834922000787054
10.0,3.0,6.0,10.0,2.0,17.0,1.0,0.047291722024109105,0.21993648006544866,0.3510652727969085,44.93635491800429,128.0,0.07195122782006116,0.07168947163166406,0.00026175618839710535,-3.749393704121587,-3.7326141467232814,0.01677955739830539
10.0,3.0,6.0,10.0,2.0,17.0,4.0,0.047291722024109105,0.21993648006544866,0.28193343930908066,144.3499209262493,512.0,0.00814856446320527,0.010249980556860478,-0.0021014160936552086,2.0166149162884586,-0.36819951665911693,-2.3848144329475756
10.0,3.0,6.0,10.0,2.0,18.0,1.0,0.047291722024109105,0.21993648006544866,0.11360911565559319,14.541966803915928,128.0,0.016062412643837884,0.002988558020251201,0.013073854623586683,1.6723087548707458,0.003772726978476569,-1.6685360278922692
10.0,3.0,6.0,10.0,2.0,18.0,4.0,0.047291722024109105,0.21993648006544866,0.21542824353133763,110.29926068804487,512.0,0.005617776344572735,0.0030779704000075377,0.002539805944565197,3.752474496178647,0.3735447098264238,-3.378929786352223
10.0,3.0,6.0,10.0,2.0,19.0,1.0,0.047291722024109105,0.21993648006544866,0.47116861545995,60.3095827788736,128.0,0.005335555132101688,0.0024138637594676195,0.0029216913726340683,1.2384561018154783,0.03721407565033639,-1.201242026165142
10.0,3.0,6.0,10.0,2.0,19.0,4.0,0.047291722024109105,0.21993648006544866,0.10602497106754827,54.28478518658471,512.0,0.009942120639972471,0.00781303165607024,0.0021290889839022317,-0.6643226500769956,-0.6176881271045983,0.04663452297239734
10.0,3.0,6.0,10.0,2.0,20.0,1.0,0.047291722024109105,0.21993648006544866,0.24791604370912185,31.733253594767596,128.0,0.004505816397561244,0.0029730570440223746,0.001532759353538869,-0.4299899512475924,0.025716865495919852,0.4557068167435122
10.0,3.0,6.0,10.0,2.0,20.0,4.0,0.047291722024109105,0.21993648006544866,0.13845264988641487,70.88775674184441,512.0,0.012778331701818467,0.0045507697129073665,0.0082275619889111,5.218597354237107,0.32933383010338435,-4.889263524133723
10.0,3.0,6.0,10.0,2.0,21.0,1.0,0.047291722024109105,0.21993648006544866,0.3809527364790932,48.76195026932393,128.0,0.005179510486783833,0.0037622810313938156,0.0014172294553900172,1.2381819587834728,0.3256489363587761,-0.9125330224246967
10.0,3.0,6.0,10.0,2.0,21.0,4.0,0.047291722024109105,0.21993648006544866,0.25387648143048164,129.9847584924066,512.0,0.004111673630720454,0.0030595291581726088,0.0010521444725478451,0.571165026088625,0.41795154513221827,-0.1532134809564067
10.0,3.0,6.0,10.0,2.0,22.0,1.0,0.047291722024109105,0.21993648006544866,0.3569988767736036,45.69585622702126,128.0,0.058531694954935806,0.003132876366741118,0.05539881858819469,5.0620434264491845,-0.15646579598950577,-5.218509222438691
10.0,3.0,6.0,10.0,2.0,22.0,4.0,0.047291722024109105,0.21993648006544866,0.06272650423795723,32.1159701698341,512.0,0.01854786795150632,0.020227064245341993,-0.001679196293835672,3.4136818256694617,-0.1890957316928153,-3.602777557362277
10.0,3.0,6.0,10.0,2.0,23.0,1.0,0.047291722024109105,0.21993648006544866,0.3000722774183481,38.409251509548554,128.0,0.008574379215103154,0.008405738008262652,0.00016864120684050195,-0.9815736790543587,-0.9848315975298628,-0.0032579184755041624
10.0,3.0,6.0,10.0,2.0,23.0,4.0,0.047291722024109105,0.21993648006544866,0.04791133430737017,24.530603165373527,512.0,0.00672120225387109,0.008934978393451556,-0.002213776139580466,-0.7637696282693055,-1.7309793777816973,-0.9672097495123918
10.0,3.0,6.0,10.0,2.0,24.0,1.0,0.047291722024109105,0.21993648006544866,0.18599321018622927,23.807130903837347,128.0,0.034461172103765036,0.004649097991636317,0.02981207411212872,7.738588502998607,0.2964098996127119,-7.442178603385895
10.0,3.0,6.0,10.0,2.0,24.0,4.0,0.047291722024109105,0.21993648006544866,0.21454242963879847,109.84572397506481,512.0,0.003891522108220391,0.0026177195307617537,0.0012738025774586374,3.5530383101095264,0.4494963988974159,-3.1035419112121105
10.0,3.0,6.0,10.0,2.0,25.0,1.0,0.047291722024109105,0.21993648006544866,0.21763918683468644,27.857815914839865,128.0,0.03563556169587227,0.01833959877794313,0.017295962917929144,4.643106000542909,-1.0150135372035503,-5.65811953774646
10.0,3.0,6.0,10.0,2.0,25.0,4.0,0.047291722024109105,0.21993648006544866,0.2604021495298028,133.32590055925903,512.0,0.0013846998475384809,0.003103137071103289,-0.001718437223564808,2.3092116929228843,0.418130189022351,-1.8910815039005333
10.0,3.0,6.0,10.0,2.0,26.0,1.0,0.047291722024109105,0.21993648006544866,0.20231901626944193,25.896834082488567,128.0,0.03483770545636991,0.003667831765917277,0.031169873690452633,4.073956468691622,0.6037211696847237,-3.4702352990068985
10.0,3.0,6.0,10.0,2.0,26.0,4.0,0.047291722024109105,0.21993648006544866,0.21365282249736806,109.39024511865244,512.0,0.014450920986098402,0.0073271930753371845,0.007123727910761217,3.261368717931656,1.0002918945651105,-2.2610768233665457
10.0,3.0,6.0,10.0,2.0,27.0,1.0,0.047291722024109105,0.21993648006544866,0.14529192481069464,18.597366375768914,128.0,0.0881573849607779,0.08058984157170623,0.00756754338907166,-10.11346294670624,-9.219295047122564,0.8941678995836764
10.0,3.0,6.0,10.0,2.0,27.0,4.0,0.047291722024109105,0.21993648006544866,0.18596201595606113,95.2125521695033,512.0,0.01139495214520396,0.01409143843139753,-0.0026964862861935703,0.548075140508458,-0.5507513749684084,-1.0988265154768664
10.0,3.0,6.0,10.0,2.0,28.0,1.0,0.047291722024109105,0.21993648006544866,0.31036002351790676,39.726083010292065,128.0,0.011550452064106358,0.006349161909940407,0.005201290154165952,2.567762746656029,-0.7965338680536239,-3.364296614709653
10.0,3.0,6.0,10.0,2.0,28.0,4.0,0.047291722024109105,0.21993648006544866,0.1644189842550602,84.18251993859083,512.0,0.0024112956236704754,0.004336274953962569,-0.0019249793302920934,1.3436835942345273,-0.08620284877538607,-1.4298864430099134
10.0,3.0,6.0,10.0,2.0,29.0,1.0,0.047291722024109105,0.21993648006544866,0.12617858299831675,16.150858623784544,128.0,0.012251405996991874,0.015109322333451395,-0.0028579163364595202,1.5031436096683388,-1.8466935041271386,-3.3498371137954774
10.0,3.0,6.0,10.0,2.0,29.0,4.0,0.047291722024109105,0.21993648006544866,0.1841326289201407,94.27590600711204,512.0,0.006627868037259824,0.0023837653407692587,0.004244102696490565,5.435926978572962,0.7937505677484573,-4.642176410824504
10.0,3.0,6.0,10.0,2.0,30.0,1.0,0.047291722024109105,0.21993648006544866,0.2067864878781658,26.468670448405224,128.0,0.3715852551298373,0.0428305730039465,0.3287546821258908,6.074730614046298,-2.9040763363846445,-8.978806950430943
10.0,3.0,6.0,10.0,2.0,30.0,4.0,0.047291722024109105,0.21993648006544866,0.22351096873535922,114.43761599250392,512.0,0.01628573571541842,0.006152000389833132,0.01013373532558529,5.959635092552696,0.6215858456347484,-5.338049246917947
10.0,3.0,6.0,10.0,2.0,31.0,1.0,0.047291722024109105,0.21993648006544866,0.3251434375968384,41.618360012395314,128.0,0.00373545653405105,0.003701442267921827,3.4014266129223005e-05,0.08907875598211852,0.038599322864799585,-0.050479433117318936
10.0,3.0,6.0,10.0,2.0,31.0,4.0,0.047291722024109105,0.21993648006544866,0.27362284459081176,140.09489643049562,512.0,0.004075241933481195,0.004288490769367136,-0.0002132488358859404,1.5453149683263845,0.6693967249565057,-0.8759182433698788
10.0,3.0,6.0,10.0,2.0,32.0,1.0,0.047291722024109105,0.21993648006544866,0.38088753095120353,48.75360396175405,128.0,0.03750901370552669,0.03725434926433688,0.0002546644411898155,-1.3210913161512496,-1.3828561699737523,-0.06176485382250263
10.0,3.0,6.0,10.0,2.0,32.0,4.0,0.047291722024109105,0.21993648006544866,0.31304372856124046,160.27838902335512,512.0,0.005853025387163039,0.005214206508493291,0.0006388188786697483,2.2438034451552133,0.5492031567685068,-1.6946002883867064
11.0,6.0,6.0,14.0,2.0,1.0,1.0,0.07322635077569153,0.14289026212974268,0.1700550403641072,21.767045166605723,128.0,0.0021954365119626527,0.0021954365119626527,0.0,0.0,0.0,0.0
11.0,6.0,6.0,14.0,2.0,1.0,4.0,0.07322635077569153,0.14289026212974268,0.14990341152463768,76.75054670061449,512.0,0.017341501855457984,0.001958714752549942,0.015382787102908042,31.03495316511013,0.6487845459382757,-30.386168619171855
11.0,6.0,6.0,14.0,2.0,2.0,1.0,0.07322635077569153,0.14289026212974268,0.23041320811469476,29.49289063868093,128.0,0.0021954365119626527,0.0021954365119626527,0.0,0.0,0.0,0.0
11.0,6.0,6.0,14.0,2.0,2.0,4.0,0.07322635077569153,0.14289026212974268,0.1780844752629971,91.17925133465451,512.0,0.0021954365119626527,0.0021954365119626527,0.0,0.0,0.0,0.0
11.0,6.0,6.0,14.0,2.0,3.0,1.0,0.07322635077569153,0.14289026212974268,0.28385389193994087,36.33329816831243,128.0,0.0021954365119626527,0.0021954365119626527,0.0,0.0,0.0,0.0
11.0,6.0,6.0,14.0,2.0,3.0,4.0,0.07322635077569153,0.14289026212974268,0.04962831967289198,25.409699672520695,512.0,0.4340085238931996,0.0021527867841236877,0.43185573710907593,74.13295360027941,0.11371408126033788,-74.01923951901907
11.0,6.0,6.0,14.0,2.0,4.0,1.0,0.07322635077569153,0.14289026212974268,0.3358617768092451,42.990307431583375,128.0,0.0021954365119626527,0.0021954365119626527,0.0,0.0,0.0,0.0
11.0,6.0,6.0,14.0,2.0,4.0,4.0,0.07322635077569153,0.14289026212974268,0.2732926861332144,139.92585530020577,512.0,0.0021954365119626527,0.0021954365119626527,0.0,0.0,0.0,0.0
11.0,6.0,6.0,14.0,2.0,5.0,1.0,0.07322635077569153,0.14289026212974268,0.028234175775391872,3.6139744992501597,128.0,2.3414212237064267,0.001684916584529749,2.339736307121897,64.37430150026975,1.5358698999701996,-62.83843160029955
11.0,6.0,6.0,14.0,2.0,5.0,4.0,0.07322635077569153,0.14289026212974268,0.046268540328527306,23.68949264820598,512.0,0.14502808722058252,0.0020525579047664336,0.14297552931581609,56.662390080250844,0.38641903950193235,-56.275971040748914
11.0,6.0,6.0,14.0,2.0,6.0,1.0,0.07322635077569153,0.14289026212974268,0.10304651452051837,13.189953858626351,128.0,0.0021954365119626527,0.0021954365119626527,0.0,0.0,0.0,0.0
11.0,6.0,6.0,14.0,2.0,6.0,4.0,0.07322635077569153,0.14289026212974268,0.16022706463150566,82.0362570913309,512.0,0.0009342544349590859,0.0021954365119626527,-0.0012611820770035667,5.071203356696073,0.0,-5.071203356696073
11.0,6.0,6.0,14.0,2.0,7.0,1.0,0.07322635077569153,0.14289026212974268,0.3888473764321328,49.772464183313,128.0,0.0021954365119626527,0.0021954365119626527,0.0,0.0,0.0,0.0
11.0,6.0,6.0,14.0,2.0,7.0,4.0,0.07322635077569153,0.14289026212974268,0.23649338133508407,121.08461124356305,512.0,0.0016211758390278915,0.0021954365119626527,-0.0005742606729347611,1.6664394210171023,0.0,-1.6664394210171023
11.0,6.0,6.0,14.0,2.0,8.0,1.0,0.07322635077569153,0.14289026212974268,0.12039677232274494,15.410786857311352,128.0,0.0021954365119626527,0.0021954365119626527,0.0,0.0,0.0,0.0
11.0,6.0,6.0,14.0,2.0,8.0,4.0,0.07322635077569153,0.14289026212974268,0.04332364441842549,22.18170594223385,512.0,0.0021954365119626527,0.0021954365119626527,0.0,0.0,0.0,0.0
11.0,6.0,6.0,14.0,2.0,9.0,1.0,0.07322635077569153,0.14289026212974268,0.32944989062815133,42.16958600040337,128.0,0.0021954365119626527,0.0021954365119626527,0.0,0.0,0.0,0.0
11.0,6.0,6.0,14.0,2.0,9.0,4.0,0.07322635077569153,0.14289026212974268,0.19571153029409988,100.20430351057914,512.0,0.0021954365119626527,0.0021954365119626527,0.0,0.0,0.0,0.0
11.0,6.0,6.0,14.0,2.0,10.0,1.0,0.07322635077569153,0.14289026212974268,0.1025339352322328,13.124343709725798,128.0,1.035561272124454,0.002579515531710998,1.032981756592743,110.1717557092882,-0.8225391747577177,-110.99429488404593
11.0,6.0,6.0,14.0,2.0,10.0,4.0,0.07322635077569153,0.14289026212974268,0.11473790686231239,58.74580831350394,512.0,0.06652951525534098,0.0023114725296791167,0.06421804272566187,56.22591716085631,-0.24469544548734565,-56.47061260634366
11.0,6.0,6.0,14.0,2.0,11.0,1.0,0.07322635077569153,0.14289026212974268,0.04267598124568385,5.462525599447533,128.0,2.469827087404763,0.0013956084805804136,2.4684314789241824,72.50323973132602,2.618340881199699,-69.88489885012632
11.0,6.0,6.0,14.0,2.0,11.0,4.0,0.07322635077569153,0.14289026212974268,0.04726300958220686,24.198660906089913,512.0,0.1989897595081529,0.0018979573561212384,0.19709180215203165,57.75894283660682,0.8300236923306454,-56.92891914427617
11.0,6.0,6.0,14.0,2.0,12.0,1.0,0.07322635077569153,0.14289026212974268,0.27446631015348133,35.13168769964561,128.0,0.0021954365119626527,0.0021954365119626527,0.0,0.0,0.0,0.0
11.0,6.0,6.0,14.0,2.0,12.0,4.0,0.07322635077569153,0.14289026212974268,0.2510406111916448,128.53279293012213,512.0,0.0016787282123592957,0.0021954365119626527,-0.0005167082996033569,1.4665606172693517,0.0,-1.4665606172693517
11.0,6.0,6.0,14.0,2.0,13.0,1.0,0.07322635077569153,0.14289026212974268,0.41937980364567684,53.680614866646636,128.0,0.0021954365119626527,0.0021954365119626527,0.0,0.0,0.0,0.0
11.0,6.0,6.0,14.0,2.0,13.0,4.0,0.07322635077569153,0.14289026212974268,0.2103625443260829,107.70562269495444,512.0,0.009237499654233018,0.002144874980370034,0.007092624673862984,12.769195483904102,0.1560272822593061,-12.613168201644797
11.0,6.0,6.0,14.0,2.0,14.0,1.0,0.07322635077569153,0.14289026212974268,0.4964989953779299,63.55187140837503,128.0,0.0021954365119626527,0.0021954365119626527,0.0,0.0,0.0,0.0
11.0,6.0,6.0,14.0,2.0,14.0,4.0,0.07322635077569153,0.14289026212974268,0.29722998182331434,152.18175069353694,512.0,0.00195092619245742,0.0021954365119626527,-0.0002445103195052327,0.6658974660696213,0.0,-0.6658974660696213
11.0,6.0,6.0,14.0,2.0,15.0,1.0,0.07322635077569153,0.14289026212974268,0.2796371493729256,35.79355511973448,128.0,0.0021954365119626527,0.0021954365119626527,0.0,0.0,0.0,0.0
11.0,6.0,6.0,14.0,2.0,15.0,4.0,0.07322635077569153,0.14289026212974268,0.2184793338944813,111.86141895397442,512.0,0.000834724486567289,0.0021954365119626527,-0.0013607120253953638,6.0839698085788605,0.0,-6.0839698085788605
11.0,6.0,6.0,14.0,2.0,16.0,1.0,0.07322635077569153,0.14289026212974268,0.09457098991178223,12.105086708708125,128.0,1.110740518485132,0.0022389512519254817,1.1085015672332066,44.07427122707921,-0.007944433467990085,-44.0822156605472
11.0,6.0,6.0,14.0,2.0,16.0,4.0,0.07322635077569153,0.14289026212974268,0.1616824328527219,82.78140562059362,512.0,0.06342075164245937,0.002198516478174618,0.06122223516428476,21.059446397129193,-0.0014397874591579175,-21.06088618458835
11.0,6.0,6.0,14.0,2.0,17.0,1.0,0.07322635077569153,0.14289026212974268,0.10747763138087205,13.757136816751622,128.0,0.0021954365119626527,0.0021954365119626527,0.0,0.0,0.0,0.0
11.0,6.0,6.0,14.0,2.0,17.0,4.0,0.07322635077569153,0.14289026212974268,0.15345171792590298,78.56727957806233,512.0,0.0021954365119626527,0.0021954365119626527,0.0,0.0,0.0,0.0
11.0,6.0,6.0,14.0,2.0,18.0,1.0,0.07322635077569153,0.14289026212974268,0.3288288836687685,42.09009710960237,128.0,0.0021954365119626527,0.0021954365119626527,0.0,0.0,0.0,0.0
11.0,6.0,6.0,14.0,2.0,18.0,4.0,0.07322635077569153,0.14289026212974268,0.03538388605370345,18.116549659496165,512.0,0.0021954365119626527,0.0021954365119626527,0.0,0.0,0.0,0.0
11.0,6.0,6.0,14.0,2.0,19.0,1.0,0.07322635077569153,0.14289026212974268,0.22364527767836467,28.626595542830678,128.0,0.0021954365119626527,0.0021954365119626527,0.0,0.0,0.0,0.0
11.0,6.0,6.0,14.0,2.0,19.0,4.0,0.07322635077569153,0.14289026212974268,0.15131055709507904,77.47100523268047,512.0,0.0006100784359864653,0.002183900761450159,-0.0015738223254636937,7.313491883284824,0.03078778269217873,-7.282704100592645
11.0,6.0,6.0,14.0,2.0,20.0,1.0,0.07322635077569153,0.14289026212974268,0.07278305654995114,9.316231238393746,128.0,0.0021954365119626527,0.0021954365119626527,0.0,0.0,0.0,0.0
11.0,6.0,6.0,14.0,2.0,20.0,4.0,0.07322635077569153,0.14289026212974268,0.051017703109227916,26.121063991924693,512.0,0.08528334765878764,0.00214616290800241,0.08313718475078523,37.064913499822076,0.13812163853526063,-36.926791861286816
11.0,6.0,6.0,14.0,2.0,21.0,1.0,0.07322635077569153,0.14289026212974268,0.2938518390995651,37.61303540474433,128.0,0.0021954365119626527,0.0021954365119626527,0.0,0.0,0.0,0.0
11.0,6.0,6.0,14.0,2.0,21.0,4.0,0.07322635077569153,0.14289026212974268,0.28224738661794146,144.51066194838603,512.0,0.0021954365119626527,0.0021954365119626527,0.0,0.0,0.0,0.0
11.0,6.0,6.0,14.0,2.0,22.0,1.0,0.07322635077569153,0.14289026212974268,0.12710999853911817,16.270079813007126,128.0,0.10487719203881939,0.0019318906053130637,0.10294530143350632,53.624771718746146,0.7780573628241243,-52.846714355922025
11.0,6.0,6.0,14.0,2.0,22.0,4.0,0.07322635077569153,0.14289026212974268,0.2644009530322866,135.37328795253075,512.0,0.004170586119008161,0.0021227568752768145,0.002047829243731347,16.950160891245126,0.19573365477454616,-16.75442723647058
11.0,6.0,6.0,14.0,2.0,23.0,1.0,0.07322635077569153,0.14289026212974268,0.47138906608357195,60.33780045869721,128.0,0.0021954365119626527,0.0021954365119626527,0.0,0.0,0.0,0.0
11.0,6.0,6.0,14.0,2.0,23.0,4.0,0.07322635077569153,0.14289026212974268,0.2084800508326295,106.7417860263063,512.0,0.0021954365119626527,0.0021954365119626527,0.0,0.0,0.0,0.0
11.0,6.0,6.0,14.0,2.0,24.0,1.0,0.07322635077569153,0.14289026212974268,0.2252222608868919,28.828449393522163,128.0,0.0021954365119626527,0.0021954365119626527,0.0,0.0,0.0,0.0
11.0,6.0,6.0,14.0,2.0,24.0,4.0,0.07322635077569153,0.14289026212974268,0.12310612064897569,63.030333772275554,512.0,0.0053017856873703835,0.0021612173758076532,0.0031405683115627303,21.63426849123375,0.09043668700634624,-21.543831804227406
11.0,6.0,6.0,14.0,2.0,25.0,1.0,0.07322635077569153,0.14289026212974268,0.34194480855041887,43.768935494453615,128.0,0.0021954365119626527,0.0021954365119626527,0.0,0.0,0.0,0.0
11.0,6.0,6.0,14.0,2.0,25.0,4.0,0.07322635077569153,0.14289026212974268,0.2459119360215215,125.90691124301901,512.0,0.0021954365119626527,0.0021954365119626527,0.0,0.0,0.0,0.0
11.0,6.0,6.0,14.0,2.0,26.0,1.0,0.07322635077569153,0.14289026212974268,0.320183346385289,40.98346833731699,128.0,0.0021954365119626527,0.0021954365119626527,0.0,0.0,0.0,0.0
11.0,6.0,6.0,14.0,2.0,26.0,4.0,0.07322635077569153,0.14289026212974268,0.2518221911399613,128.93296186366018,512.0,0.0021954365119626527,0.0021954365119626527,0.0,0.0,0.0,0.0
11.0,6.0,6.0,14.0,2.0,27.0,1.0,0.07322635077569153,0.14289026212974268,0.13866257918651173,17.7488101358735,128.0,0.0021954365119626527,0.0021954365119626527,0.0,0.0,0.0,0.0
11.0,6.0,6.0,14.0,2.0,27.0,4.0,0.07322635077569153,0.14289026212974268,0.10401069337630212,53.25347500866668,512.0,0.0015568991655868793,0.0021954365119626527,-0.0006385373463757733,1.851497328372933,0.0,-1.851497328372933
11.0,6.0,6.0,14.0,2.0,28.0,1.0,0.07322635077569153,0.14289026212974268,0.29993545262515997,38.391737936020476,128.0,0.0021954365119626527,0.0021954365119626527,0.0,0.0,0.0,0.0
11.0,6.0,6.0,14.0,2.0,28.0,4.0,0.07322635077569153,0.14289026212974268,0.22544556182926492,115.42812765658364,512.0,0.0021954365119626527,0.0021954365119626527,0.0,0.0,0.0,0.0
11.0,6.0,6.0,14.0,2.0,29.0,1.0,0.07322635077569153,0.14289026212974268,0.30328470287020043,38.820441967385655,128.0,0.002366578813074646,0.0028189553794291068,-0.0004523765663544607,8.689850707395513,-0.15471786446097635,-8.844568571856488
11.0,6.0,6.0,14.0,2.0,29.0,4.0,0.07322635077569153,0.14289026212974268,0.23997272599057926,122.86603570717658,512.0,0.0006889381640311571,0.0022397828021962145,-0.0015508446381650573,6.213477032915283,-0.023843519446525515,-6.237320552361808
11.0,6.0,6.0,14.0,2.0,30.0,1.0,0.07322635077569153,0.14289026212974268,0.3233004700381567,41.38246016488406,128.0,0.0021954365119626527,0.0021954365119626527,0.0,0.0,0.0,0.0
11.0,6.0,6.0,14.0,2.0,30.0,4.0,0.07322635077569153,0.14289026212974268,0.23559114355584845,120.62266550059441,512.0,0.0021954365119626527,0.0021954365119626527,0.0,0.0,0.0,0.0
11.0,6.0,6.0,14.0,2.0,31.0,1.0,0.07322635077569153,0.14289026212974268,0.5316331286036362,68.04904046126543,128.0,0.0021954365119626527,0.0021954365119626527,0.0,0.0,0.0,0.0
11.0,6.0,6.0,14.0,2.0,31.0,4.0,0.07322635077569153,0.14289026212974268,0.013189073899027738,6.752805836302202,512.0,0.0021954365119626527,0.0021954365119626527,0.0,0.0,0.0,0.0
11.0,6.0,6.0,14.0,2.0,32.0,1.0,0.07322635077569153,0.14289026212974268,0.22060400031152344,28.237312039875,128.0,0.0021954365119626527,0.0021954365119626527,0.0,0.0,0.0,0.0
11.0,6.0,6.0,14.0,2.0,32.0,4.0,0.07322635077569153,0.14289026212974268,0.12686388832878187,64.95431082433632,512.0,0.0021954365119626527,0.0021954365119626527,0.0,0.0,0.0,0.0
12.0,8.0,4.0,15.0,2.0,1.0,1.0,0.04891045965014687,0.6267363079510828,0.2500542256958074,32.006940889063344,128.0,0.020039080053177706,0.017608418374692,0.0024306616784857057,-1.18242536213376,-0.3070992887904941,0.8753260733432658
12.0,8.0,4.0,15.0,2.0,1.0,4.0,0.04891045965014687,0.6267363079510828,0.22198141464933355,113.65448430045878,512.0,0.005387457002171579,0.0073667723585599774,-0.0019793153563883985,0.002516996455161758,-0.36774291384660157,-0.3702599103017633
12.0,8.0,4.0,15.0,2.0,2.0,1.0,0.04891045965014687,0.6267363079510828,0.6651630697848393,85.14087293245943,128.0,0.020182627840831156,0.02296033199009515,-0.0027777041492639924,-0.22992578368414085,-1.1455273016456824,-0.9156015179615415
12.0,8.0,4.0,15.0,2.0,2.0,4.0,0.04891045965014687,0.6267363079510828,0.041377652529223374,21.185358094962368,512.0,0.13218708885923144,0.16093715191717922,-0.028750063057947778,-1.8433780585735688,-2.6223449073938374,-0.7789668488202686
12.0,8.0,4.0,15.0,2.0,3.0,1.0,0.04891045965014687,0.6267363079510828,0.2822471336758162,36.127633110504476,128.0,0.012177730965202924,0.004764879047261479,0.007412851917941445,-0.01786252827014084,0.9576707178542695,0.9755332461244103
12.0,8.0,4.0,15.0,2.0,3.0,4.0,0.04891045965014687,0.6267363079510828,0.21348132699677694,109.30243942234979,512.0,0.016523198316474145,0.01964447116336404,-0.0031212728468898963,0.31064428431466534,0.02527478177165169,-0.28536950254301363
12.0,8.0,4.0,15.0,2.0,4.0,1.0,0.04891045965014687,0.6267363079510828,0.33024590045678315,42.27147525846824,128.0,0.02214246057290448,0.021995287162837066,0.0001471734100674145,1.5370126208486208,1.5491502871202592,0.01213766627163837
12.0,8.0,4.0,15.0,2.0,4.0,4.0,0.04891045965014687,0.6267363079510828,0.06042340540566618,30.936783567701085,512.0,0.0032788555275594486,0.006360085392998998,-0.003081229865439549,2.257213181591467,1.8363158903196066,-0.42089729127186026
12.0,8.0,4.0,15.0,2.0,5.0,1.0,0.04891045965014687,0.6267363079510828,0.14448187704434212,18.49368026167579,128.0,0.02509484984300738,0.004626872918341212,0.02046797692466617,2.8916531692601857,0.20559635228747777,-2.686056816972708
12.0,8.0,4.0,15.0,2.0,5.0,4.0,0.04891045965014687,0.6267363079510828,0.18799778783208965,96.2548673700299,512.0,0.004476271831354273,0.0068638386362176295,-0.0023875668048633563,1.9046419182760608,0.6504491834695822,-1.2541927348064785
12.0,8.0,4.0,15.0,2.0,6.0,1.0,0.04891045965014687,0.6267363079510828,0.06455372691807447,8.262877045513532,128.0,0.013121187365907557,0.007939656315791471,0.005181531050116086,-0.5182949458521082,1.0032660792041839,1.521561025056292
12.0,8.0,4.0,15.0,2.0,6.0,4.0,0.04891045965014687,0.6267363079510828,0.07617500358395314,39.00160183498401,512.0,0.03376978437298316,0.036081336191473204,-0.0023115518184900416,-1.6475784867505314,-1.2826670795013206,0.3649114072492108
12.0,8.0,4.0,15.0,2.0,7.0,1.0,0.04891045965014687,0.6267363079510828,0.11174478985346412,14.303333101243407,128.0,0.009332158931400924,0.007656958488357396,0.0016752004430435272,-1.5186721780446522,-1.0554183361018585,0.4632538419427936
12.0,8.0,4.0,15.0,2.0,7.0,4.0,0.04891045965014687,0.6267363079510828,0.1801459536472078,92.2347282673704,512.0,0.005091728563717018,0.003590269736493978,0.0015014588272230399,2.1802299873148816,0.6329791882958652,-1.5472507990190163
12.0,8.0,4.0,15.0,2.0,8.0,1.0,0.04891045965014687,0.6267363079510828,0.44624930438398613,57.119910961150225,128.0,0.042190004124478805,0.004494297318743486,0.03769570680573532,3.405757851164875,-0.45897726779040404,-3.864735118955279
12.0,8.0,4.0,15.0,2.0,8.0,4.0,0.04891045965014687,0.6267363079510828,0.19301989370736697,98.82618557817189,512.0,0.005564248011008124,0.0058100996412454135,-0.0002458516302372895,3.448511781965689,1.9870302130915287,-1.4614815688741603
12.0,8.0,4.0,15.0,2.0,9.0,1.0,0.04891045965014687,0.6267363079510828,0.08122027625181531,10.39619536023236,128.0,0.007516604843047283,0.008514889045599234,-0.0009982842025519512,0.9723224277796088,-0.3707237333107018,-1.3430461610903106
12.0,8.0,4.0,15.0,2.0,9.0,4.0,0.04891045965014687,0.6267363079510828,0.13265539751196673,67.91956352612696,512.0,0.00273224437684385,0.0024531647948005534,0.0002790795820432966,2.3624266667484966,1.138062369321273,-1.2243642974272235
12.0,8.0,4.0,15.0,2.0,10.0,1.0,0.04891045965014687,0.6267363079510828,0.13379697337073276,17.126012591453794,128.0,0.10336630873672721,0.09606542234967458,0.0073008863870526325,-14.164693417379583,-12.923626039608711,1.2410673777708716
12.0,8.0,4.0,15.0,2.0,10.0,4.0,0.04891045965014687,0.6267363079510828,0.13032490664744065,66.72635220348961,512.0,0.01611776503363594,0.019133536254507727,-0.0030157712208717866,-1.356586288575076,-1.8302717252095766,-0.4736854366345007
12.0,8.0,4.0,15.0,2.0,11.0,1.0,0.04891045965014687,0.6267363079510828,0.091002153603597,11.648275661260415,128.0,0.02932674856764095,0.009447992467173762,0.019878756100467188,1.912527261140067,0.07679445896492448,-1.8357328021751425
12.0,8.0,4.0,15.0,2.0,11.0,4.0,0.04891045965014687,0.6267363079510828,0.20224709083807005,103.55051050909186,512.0,0.008786706028842111,0.0054076041913111,0.0033791018375310114,2.9862129047482417,1.393807157148857,-1.5924057475993847
12.0,8.0,4.0,15.0,2.0,12.0,1.0,0.04891045965014687,0.6267363079510828,0.2910170526325029,37.25018273696037,128.0,0.02871667834479131,0.031121250237055892,-0.002404571892264583,-1.889938097206569,-1.4110382881034926,0.4788998091030763
12.0,8.0,4.0,15.0,2.0,12.0,4.0,0.04891045965014687,0.6267363079510828,0.2963482434956749,151.73030066978555,512.0,0.004783864188525505,0.008297885771437336,-0.0035140215829118308,2.138599481558502,0.6792633647430348,-1.4593361168154673
12.0,8.0,4.0,15.0,2.0,13.0,1.0,0.04891045965014687,0.6267363079510828,0.043338269967929506,5.547298555894977,128.0,0.5185386530933436,0.4744079758422577,0.04413067725108588,-38.119949981017925,-35.25216126432593,2.8677887166919973
12.0,8.0,4.0,15.0,2.0,13.0,4.0,0.04891045965014687,0.6267363079510828,0.07321391270511973,37.4855233050213,512.0,0.06650797527792537,0.060095837364418106,0.006412137913507268,-5.0445203178440465,-4.414801136407875,0.6297191814361716
12.0,8.0,4.0,15.0,2.0,14.0,1.0,0.04891045965014687,0.6267363079510828,0.2816717490965048,36.05398388435261,128.0,0.006724839484169029,0.005262190596383834,0.0014626488877851956,1.2167433317684702,-0.5532038630946904,-1.7699471948631604
12.0,8.0,4.0,15.0,2.0,14.0,4.0,0.04891045965014687,0.6267363079510828,0.014994634329107904,7.677252776503247,512.0,0.002854299640292563,0.002617954710029225,0.00023634493026333803,1.2504460674454654,0.33147255439100226,-0.9189735130544632
12.0,8.0,4.0,15.0,2.0,15.0,1.0,0.04891045965014687,0.6267363079510828,0.2259428163559987,28.920680493567833,128.0,0.02645624316403898,0.012290775975926496,0.014165467188112485,-2.6906409655221695,-1.1293223235143426,1.5613186420078269
12.0,8.0,4.0,15.0,2.0,15.0,4.0,0.04891045965014687,0.6267363079510828,0.17444129811439313,89.31394463456928,512.0,0.0038292103306635994,0.00809349589508324,-0.00426428556441964,1.521818487834492,-0.9428821222078649,-2.4647006100423567
12.0,8.0,4.0,15.0,2.0,16.0,1.0,0.04891045965014687,0.6267363079510828,0.14904800761219536,19.078144974361006,128.0,0.008021073216603062,0.005254334451489834,0.0027667387651132283,-0.5989424093697951,0.5490252705079142,1.1479676798777092
12.0,8.0,4.0,15.0,2.0,16.0,4.0,0.04891045965014687,0.6267363079510828,0.20382576867197386,104.35879356005061,512.0,0.041982446504231455,0.051468152463511996,-0.009485705959280541,1.406148871330331,0.3346583457142434,-1.0714905256160876
12.0,8.0,4.0,15.0,2.0,17.0,1.0,0.04891045965014687,0.6267363079510828,0.030225120177071216,3.8688153826651157,128.0,0.10495551506619749,0.09915811786485174,0.005797397201345755,-11.348650875411815,-9.539137544867417,1.809513330544398
12.0,8.0,4.0,15.0,2.0,17.0,4.0,0.04891045965014687,0.6267363079510828,0.03906868944491469,20.003168995796322,512.0,0.18392410732946574,0.20067796973785884,-0.016753862408393105,-10.95162426925884,-11.900629817070419,-0.9490055478115789
12.0,8.0,4.0,15.0,2.0,18.0,1.0,0.04891045965014687,0.6267363079510828,0.07733462070616413,9.89883145038901,128.0,0.3184666472451536,0.06793207569730011,0.2505345715478535,-12.162227689861504,-5.8632237090480475,6.299003980813457
12.0,8.0,4.0,15.0,2.0,18.0,4.0,0.04891045965014687,0.6267363079510828,0.08573723679889837,43.89746524103597,512.0,0.024642909379951533,0.011321981843895114,0.01332092753605642,0.17853518624742523,0.5150234973863139,0.33648831113888866
12.0,8.0,4.0,15.0,2.0,19.0,1.0,0.04891045965014687,0.6267363079510828,0.06409088158594492,8.20363284300095,128.0,0.048040794079510035,0.04992370427981559,-0.0018829102003055515,0.5812894526590155,0.09594193945443656,-0.485347513204579
12.0,8.0,4.0,15.0,2.0,19.0,4.0,0.04891045965014687,0.6267363079510828,0.08971362972292199,45.93337841813606,512.0,0.004982558168617251,0.00496632406664773,1.6234101969520888e-05,3.404078420345237,2.2195155700462963,-1.1845628502989407
12.0,8.0,4.0,15.0,2.0,20.0,1.0,0.04891045965014687,0.6267363079510828,0.12328129713613475,15.780006033425249,128.0,0.007951157450531987,0.007549725781816636,0.00040143166871535116,4.00950955661119,-0.16698968953050683,-4.176499246141696
12.0,8.0,4.0,15.0,2.0,20.0,4.0,0.04891045965014687,0.6267363079510828,0.1374062272959646,70.35198837553388,512.0,0.003331948562086457,0.005125446751443311,-0.0017934981893568537,0.4259454476652268,-0.593155878353734,-1.0191013260189608
12.0,8.0,4.0,15.0,2.0,21.0,1.0,0.04891045965014687,0.6267363079510828,0.3315686965669904,42.44079316057477,128.0,0.011275526725734276,0.013008977176383104,-0.0017334504506488282,-0.6964701388269968,-1.2082411116255618,-0.511770972798565
12.0,8.0,4.0,15.0,2.0,21.0,4.0,0.04891045965014687,0.6267363079510828,0.21252630660220548,108.8134689803292,512.0,0.008037487415765555,0.007049671281800122,0.0009878161339654332,-0.8832635704534663,-0.7777283927749902,0.10553517767847609
12.0,8.0,4.0,15.0,2.0,22.0,1.0,0.04891045965014687,0.6267363079510828,0.31149942232221206,39.871926057243144,128.0,0.13752096987242482,0.14280187956229978,-0.005280909689874963,-10.762319630494106,-10.934697426458538,-0.17237779596443126
12.0,8.0,4.0,15.0,2.0,22.0,4.0,0.04891045965014687,0.6267363079510828,0.1403550726490187,71.86179719629757,512.0,0.07842843691631851,0.036465219319276966,0.041963217597041545,1.8230243480265431,0.08325116030113065,-1.7397731877254126
12.0,8.0,4.0,15.0,2.0,23.0,1.0,0.04891045965014687,0.6267363079510828,0.1658949702647752,21.234556193891226,128.0,0.03527076231498389,0.003376645653240487,0.0318941166617434,-0.19282723959166556,-0.23836215089354723,-0.04553491130188167
12.0,8.0,4.0,15.0,2.0,23.0,4.0,0.04891045965014687,0.6267363079510828,0.0665377802714881,34.06734349900191,512.0,0.13065058122673817,0.15283526602600606,-0.022184684799267884,-5.656288646639373,-6.481644673177877,-0.825356026538504
12.0,8.0,4.0,15.0,2.0,24.0,1.0,0.04891045965014687,0.6267363079510828,0.3588559667659695,45.93356374604409,128.0,0.022894954589756177,0.0030328797142871004,0.019862074875469076,1.5877749935202747,-0.411804223587912,-1.9995792171081868
12.0,8.0,4.0,15.0,2.0,24.0,4.0,0.04891045965014687,0.6267363079510828,0.16725661549079163,85.63538713128531,512.0,0.004992775623252505,0.0024541166103146756,0.002538659012937829,2.322969362689214,0.8871439776736776,-1.4358253850155362
12.0,8.0,4.0,15.0,2.0,25.0,1.0,0.04891045965014687,0.6267363079510828,0.33828611165862915,43.30062229230453,128.0,0.022254042227946705,0.016583045090336757,0.005670997137609948,-3.3932313352363157,-1.3991647743473983,1.9940665608889174
12.0,8.0,4.0,15.0,2.0,25.0,4.0,0.04891045965014687,0.6267363079510828,0.10109742574235384,51.761881980085164,512.0,0.03337333884944021,0.04111455536061398,-0.007741216511173772,-1.5775145994831832,-0.5990574183969071,0.9784571810862761
12.0,8.0,4.0,15.0,2.0,26.0,1.0,0.04891045965014687,0.6267363079510828,0.11540644125142253,14.772024480182084,128.0,0.01780918334870268,0.0173083516517661,0.0005008316969365816,-0.5519350904131101,0.04046961967607774,0.5924047100891878
12.0,8.0,4.0,15.0,2.0,26.0,4.0,0.04891045965014687,0.6267363079510828,0.16885513349374026,86.45382834879501,512.0,0.002465593684437817,0.004355150726661388,-0.0018895570422235706,1.7743291512694102,0.5037429816311781,-1.2705861696382321
12.0,8.0,4.0,15.0,2.0,27.0,1.0,0.04891045965014687,0.6267363079510828,0.26239823863949596,33.58697454585548,128.0,0.03155921465981846,0.021603794776744435,0.009955419883074024,-3.3761498341684497,-3.3597509540047406,0.016398880163709162
12.0,8.0,4.0,15.0,2.0,27.0,4.0,0.04891045965014687,0.6267363079510828,0.13123054908906728,67.19004113360245,512.0,0.004754725235284563,0.0042009086539837774,0.0005538165813007857,1.883014431883688,1.2515237362224172,-0.6314906956612707
12.0,8.0,4.0,15.0,2.0,28.0,1.0,0.04891045965014687,0.6267363079510828,0.39938366041964474,51.121108533714526,128.0,0.04396543745096733,0.03192445606989236,0.01204098138107497,2.08027716501432,1.5355124760001542,-0.544764689014166
12.0,8.0,4.0,15.0,2.0,28.0,4.0,0.04891045965014687,0.6267363079510828,0.1062499885565164,54.3999941409364,512.0,0.018064596894725848,0.01722208399446355,0.0008425129002622989,4.628406711431347,3.1777453465072334,-1.4506613649241134
12.0,8.0,4.0,15.0,2.0,29.0,1.0,0.04891045965014687,0.6267363079510828,0.25148189324092973,32.189682334839006,128.0,0.04582899209058105,0.004779673287043314,0.04104931880353774,-3.028670358685595,-0.1987144227875519,2.829955935898043
12.0,8.0,4.0,15.0,2.0,29.0,4.0,0.04891045965014687,0.6267363079510828,0.2211075356819357,113.20705826915108,512.0,0.023874875307187026,0.023020108875810685,0.0008547664313763408,-3.006363986807941,-3.025643026616776,-0.01927903980883494
12.0,8.0,4.0,15.0,2.0,30.0,1.0,0.04891045965014687,0.6267363079510828,0.16295109748363862,20.857740477905743,128.0,0.018544278992741567,0.027628594463638044,-0.009084315470896477,-0.8509931202635468,-1.6366128237523543,-0.7856197034888075
12.0,8.0,4.0,15.0,2.0,30.0,4.0,0.04891045965014687,0.6267363079510828,0.04312681400509288,22.080928770607553,512.0,0.015486633167356222,0.005294572277563383,0.01019206088979284,0.641040857522723,1.35035283146509,0.7093119739423671
12.0,8.0,4.0,15.0,2.0,31.0,1.0,0.04891045965014687,0.6267363079510828,0.19396582762919634,24.82762593653713,128.0,0.016018202245394058,0.013084694333886229,0.0029335079115078294,-3.520702427893072,-2.794760934175561,0.725941493717511
12.0,8.0,4.0,15.0,2.0,31.0,4.0,0.04891045965014687,0.6267363079510828,0.24515868610186006,125.52124728415235,512.0,0.004964181928820256,0.0035863595557064877,0.001377822373113768,3.2279132895094924,1.5945025887730258,-1.6334107007364667
12.0,8.0,4.0,15.0,2.0,32.0,1.0,0.04891045965014687,0.6267363079510828,0.1693401009171312,21.675532917392793,128.0,0.1709907482791283,0.008551192146823759,0.16243955613230454,4.590933508698788,-1.2229724735812422,-5.81390598228003
12.0,8.0,4.0,15.0,2.0,32.0,4.0,0.04891045965014687,0.6267363079510828,0.2728336055739313,139.69080605385284,512.0,0.01526637034227452,0.004242149619020489,0.01102422072325403,3.8897164019763695,-0.18763818236970836,-4.077354584346078
13.0,11.0,1.0,14.0,2.0,1.0,1.0,0.03852944704309504,0.3674425241179592,0.38483115434403087,49.25838775603595,128.0,0.012873536495295877,0.0042789737399924425,0.008594562755303434,-0.047687566748398254,-1.2304048618520362,-1.182717295103638
13.0,11.0,1.0,14.0,2.0,1.0,4.0,0.03852944704309504,0.3674425241179592,0.029717190531527896,15.215201552142283,512.0,0.002466922043731898,0.002338112848054433,0.00012880919567746524,2.49077075108314,0.33194997195531895,-2.1588207791278213
13.0,11.0,1.0,14.0,2.0,2.0,1.0,0.03852944704309504,0.3674425241179592,0.45763799462355925,58.577663311815584,128.0,0.01351133816536125,0.013925872370248272,-0.00041453420488702167,2.052925774152393,1.543521573943741,-0.5094042002086521
13.0,11.0,1.0,14.0,2.0,2.0,4.0,0.03852944704309504,0.3674425241179592,0.06826660502232294,34.95250177142935,512.0,0.004878540215721245,0.007632977454564812,-0.0027544372388435667,1.0438503071275353,-1.0732482402621124,-2.1170985473896478
13.0,11.0,1.0,14.0,2.0,3.0,1.0,0.03852944704309504,0.3674425241179592,0.23679274301829714,30.309471106342034,128.0,0.011953574451451027,0.013530274546477948,-0.0015767000950269207,0.6921066930169658,0.7124637737851779,0.020357080768212077
13.0,11.0,1.0,14.0,2.0,3.0,4.0,0.03852944704309504,0.3674425241179592,0.15674407277103677,80.25296525877083,512.0,0.009390336929751344,0.01083204664121071,-0.0014417097114593647,2.53655777640231,1.1988677495183573,-1.3376900268839529
13.0,11.0,1.0,14.0,2.0,4.0,1.0,0.03852944704309504,0.3674425241179592,0.12829846723338315,16.422203805873043,128.0,0.003056032237009212,0.0028464973230268344,0.00020953491398237756,0.4281354974205738,0.3782280333630206,-0.0499074640575532
13.0,11.0,1.0,14.0,2.0,4.0,4.0,0.03852944704309504,0.3674425241179592,0.1874778135029456,95.98864051350814,512.0,0.006818145692225707,0.0023622410105070863,0.004455904681718621,2.089041110980931,0.1405742275071093,-1.9484668834738217
13.0,11.0,1.0,14.0,2.0,5.0,1.0,0.03852944704309504,0.3674425241179592,0.20802758051021236,26.627530305307182,128.0,0.023541708379567282,0.003440495461483007,0.020101212918084276,1.0760213463255932,-0.02589547460748114,-1.1019168209330743
13.0,11.0,1.0,14.0,2.0,5.0,4.0,0.03852944704309504,0.3674425241179592,0.1365141347772039,69.8952370059284,512.0,0.005591122097776109,0.0027680016518780892,0.0028231204458980196,4.36016180065767,0.9132677718747618,-3.446894028782908
13.0,11.0,1.0,14.0,2.0,6.0,1.0,0.03852944704309504,0.3674425241179592,0.25913826447142696,33.16969785234265,128.0,0.0050668086937838445,0.0014980366380602645,0.00356877205572358,0.24316133768871684,0.33606312587617027,0.09290178818745343
13.0,11.0,1.0,14.0,2.0,6.0,4.0,0.03852944704309504,0.3674425241179592,0.14254164131365302,72.98132035259034,512.0,0.003327236496103273,0.002944688462179839,0.00038254803392343386,0.7030124827031292,-0.2640735514763027,-0.9670860341794318
13.0,11.0,1.0,14.0,2.0,7.0,1.0,0.03852944704309504,0.3674425241179592,0.4269793719110162,54.653359604610074,128.0,0.020905968917369774,0.007894110624058159,0.013011858293311616,0.627438035523357,-0.6858644015987613,-1.3133024371221182
13.0,11.0,1.0,14.0,2.0,7.0,4.0,0.03852944704309504,0.3674425241179592,0.2520491648357373,129.0491723958975,512.0,0.010668391748400511,0.004752283668347779,0.005916108080052732,3.2294112882869723,0.7306496704947673,-2.498761617792205
13.0,11.0,1.0,14.0,2.0,8.0,1.0,0.03852944704309504,0.3674425241179592,0.23432039456939574,29.993010504882655,128.0,0.01440497020439694,0.012904580204216805,0.0015003900001801344,1.246441300444745,0.01937674916062427,-1.2270645512841207
13.0,11.0,1.0,14.0,2.0,8.0,4.0,0.03852944704309504,0.3674425241179592,0.21335520437609412,109.23786464056019,512.0,0.008619446176072083,0.00338227422047807,0.005237171955594013,3.7463735587602,1.0166693493143009,-2.729704209445899
13.0,11.0,1.0,14.0,2.0,9.0,1.0,0.03852944704309504,0.3674425241179592,0.3724039042408746,47.66769974283195,128.0,0.010112846935139374,0.006331439806425396,0.0037814071287139775,1.8341418316732194,0.751579486547705,-1.0825623451255144
13.0,11.0,1.0,14.0,2.0,9.0,4.0,0.03852944704309504,0.3674425241179592,0.1861301915914439,95.29865809481927,512.0,0.005662468239987947,0.005035764221775986,0.0006267040182119611,1.9797173125025467,0.6831115930085075,-1.296605719494039
13.0,11.0,1.0,14.0,2.0,10.0,1.0,0.03852944704309504,0.3674425241179592,0.2849241086680454,36.47028590950981,128.0,0.01583521128846008,0.0029591247707605505,0.012876086517699531,3.6448596085741203,0.7857404668208332,-2.859119141753287
13.0,11.0,1.0,14.0,2.0,10.0,4.0,0.03852944704309504,0.3674425241179592,0.20859072175876417,106.79844954048725,512.0,0.0013260372871320937,0.001942110198778806,-0.0006160729116467124,2.881012015425887,0.7638215923568986,-2.117190423068988
13.0,11.0,1.0,14.0,2.0,11.0,1.0,0.03852944704309504,0.3674425241179592,0.2608751300046221,33.39201664059163,128.0,0.01610057940580855,0.004134761421966183,0.011965817983842367,1.4145098468247583,0.25394618786139384,-1.1605636589633646
13.0,11.0,1.0,14.0,2.0,11.0,4.0,0.03852944704309504,0.3674425241179592,0.19021872394602413,97.39198666036435,512.0,0.008282915372103922,0.001844739816498111,0.006438175555605811,1.7751189690639602,0.3262864054920659,-1.4488325635718944
13.0,11.0,1.0,14.0,2.0,12.0,1.0,0.03852944704309504,0.3674425241179592,0.22294338956812182,28.536753864719593,128.0,0.07426296728789222,0.08114016006320464,-0.006877192775312416,-10.517693211714983,-12.457928394744773,-1.94023518302979
13.0,11.0,1.0,14.0,2.0,12.0,4.0,0.03852944704309504,0.3674425241179592,0.1557186044328633,79.72792546962602,512.0,0.006663142602076886,0.008531496776073982,-0.0018683541739970963,1.7792527804860072,0.34874693041466465,-1.4305058500713426
13.0,11.0,1.0,14.0,2.0,13.0,1.0,0.03852944704309504,0.3674425241179592,0.13233384387214145,16.938732015634105,128.0,0.015672303871901994,0.002798204182675103,0.01287409968922689,0.044351543180345857,0.1149120093726164,0.07056046619227055
13.0,11.0,1.0,14.0,2.0,13.0,4.0,0.03852944704309504,0.3674425241179592,0.20584425285299274,105.39225746073228,512.0,0.0072349489136808625,0.00394962120761419,0.0032853277060666724,1.4883704136669125,0.24489780943742134,-1.243472604229491
13.0,11.0,1.0,14.0,2.0,14.0,1.0,0.03852944704309504,0.3674425241179592,0.21320628312176718,27.2904042395862,128.0,0.002665406035518755,0.003920328324220431,-0.0012549222887016757,1.2586157165612029,1.3700294151743047,0.1114136986131018
13.0,11.0,1.0,14.0,2.0,14.0,4.0,0.03852944704309504,0.3674425241179592,0.20021761018449868,102.51141641446333,512.0,0.004920269710715212,0.0037803074458284897,0.0011399622648867224,1.2231587584148604,0.42254966595965604,-0.8006090924552044
13.0,11.0,1.0,14.0,2.0,15.0,1.0,0.03852944704309504,0.3674425241179592,0.2784156669234316,35.63720536619925,128.0,0.05912513923619671,0.010524644465325217,0.04860049477087149,1.9926331905373766,0.42251015982630985,-1.5701230307110667
13.0,11.0,1.0,14.0,2.0,15.0,4.0,0.03852944704309504,0.3674425241179592,0.19487070215089272,99.77379950125707,512.0,0.004093788704401609,0.0040210680666365965,7.272063776501275e-05,4.166467064628269,1.1591144769242376,-3.0073525877040312
13.0,11.0,1.0,14.0,2.0,16.0,1.0,0.03852944704309504,0.3674425241179592,0.32250244510312326,41.28031297319978,128.0,0.0196421376644398,0.0019553236308531767,0.01768681403358662,1.9989150946940484,0.9036928114149316,-1.0952222832791167
13.0,11.0,1.0,14.0,2.0,16.0,4.0,0.03852944704309504,0.3674425241179592,0.026298378032315394,13.464769552545482,512.0,0.004685625273840735,0.0020531509784615966,0.0026324742953791388,3.0159879246689707,1.254771624031063,-1.7612163006379078
13.0,11.0,1.0,14.0,2.0,17.0,1.0,0.03852944704309504,0.3674425241179592,0.3013434987960745,38.57196784589754,128.0,0.00962957901956338,0.005643555846326492,0.0039860231732368875,2.4151138992533934,0.5487164489233971,-1.8663974503299963
13.0,11.0,1.0,14.0,2.0,17.0,4.0,0.03852944704309504,0.3674425241179592,0.16871336569226747,86.38124323444094,512.0,0.002708449842527309,0.0030581332182805965,-0.00034968337575328736,2.5457021472596604,0.041671476653801526,-2.504030670605859
13.0,11.0,1.0,14.0,2.0,18.0,1.0,0.03852944704309504,0.3674425241179592,0.1410454131858371,18.05381288778715,128.0,0.027583157151780262,0.01700180654527436,0.0105813506065059,-0.7036248267915364,-1.2287507977754892,-0.5251259709839529
13.0,11.0,1.0,14.0,2.0,18.0,4.0,0.03852944704309504,0.3674425241179592,0.1657461923955176,84.86205050650501,512.0,0.003093375344097055,0.0027004827287397176,0.0003928926153573373,1.5742386154340477,0.9023480501492618,-0.671890565284786
13.0,11.0,1.0,14.0,2.0,19.0,1.0,0.03852944704309504,0.3674425241179592,0.06875259840031224,8.800332595239967,128.0,0.008793536616297391,0.010207026437859187,-0.0014134898215617964,1.2496703356399341,-0.2093101434552721,-1.4589804790952061
13.0,11.0,1.0,14.0,2.0,19.0,4.0,0.03852944704309504,0.3674425241179592,0.07850976033361116,40.196997290808916,512.0,0.0029175003293419217,0.00328638575407021,-0.00036888542472828835,2.282005229020274,1.3643190379646615,-0.9176861910556127
13.0,11.0,1.0,14.0,2.0,20.0,1.0,0.03852944704309504,0.3674425241179592,0.18187574158945533,23.28009492345028,128.0,0.016087782767065212,0.005603104331547705,0.010484678435517506,3.914049276604465,0.002335856169303652,-3.911713420435161
13.0,11.0,1.0,14.0,2.0,20.0,4.0,0.03852944704309504,0.3674425241179592,0.17861449943169305,91.45062370902684,512.0,0.010467838209325219,0.00831088675416375,0.0021569514551614682,2.9748967891883913,0.4560144005830549,-2.5188823886053364
13.0,11.0,1.0,14.0,2.0,21.0,1.0,0.03852944704309504,0.3674425241179592,0.10966600729165368,14.037248933331671,128.0,0.03303209504858539,0.024315714763322227,0.008716380285263163,-0.7402833607267335,-1.1734680467568575,-0.43318468603012394
13.0,11.0,1.0,14.0,2.0,21.0,4.0,0.03852944704309504,0.3674425241179592,0.1653963755298428,84.68294427127951,512.0,0.0052117122783456185,0.0034432019432172074,0.0017685103351284112,3.713725421622974,0.8306696512033861,-2.883055770419588
13.0,11.0,1.0,14.0,2.0,22.0,1.0,0.03852944704309504,0.3674425241179592,0.08275624230443927,10.592799014968227,128.0,0.006252878906123489,0.006150444224777311,0.0001024346813461776,0.25355713060521673,0.316059793336416,0.06250266273119925
13.0,11.0,1.0,14.0,2.0,22.0,4.0,0.03852944704309504,0.3674425241179592,0.10351722943978674,53.00082147317081,512.0,0.004181227795931081,0.0025632742536067336,0.001617953542324347,2.174242646089373,0.7988691991084368,-1.3753734469809364
13.0,11.0,1.0,14.0,2.0,23.0,1.0,0.03852944704309504,0.3674425241179592,0.4047988506126973,51.81425287842526,128.0,0.03267075709710884,0.004678075415688594,0.02799268168142025,-0.24344159881671038,-0.3623563051416566,-0.11891470632494625
13.0,11.0,1.0,14.0,2.0,23.0,4.0,0.03852944704309504,0.3674425241179592,0.20528876312246677,105.10784671870299,512.0,0.004464090133405015,0.0020285350624518585,0.0024355550709531564,2.2613746779124484,0.669582296811203,-1.5917923811012455
13.0,11.0,1.0,14.0,2.0,24.0,1.0,0.03852944704309504,0.3674425241179592,0.31200602075844197,39.93677065708057,128.0,0.011683188360665037,0.006071755765224578,0.005611432595440459,3.128170521371541,1.0989867722876134,-2.0291837490839275
13.0,11.0,1.0,14.0,2.0,24.0,4.0,0.03852944704309504,0.3674425241179592,0.07989045601855245,40.903913481498854,512.0,0.005284931323932207,0.005726805272721778,-0.00044187394878957096,2.5300705330612305,0.45494875706971943,-2.0751217759915113
13.0,11.0,1.0,14.0,2.0,25.0,1.0,0.03852944704309504,0.3674425241179592,0.30529623316437404,39.07791784503988,128.0,0.0037162549291111344,0.0020621909848137897,0.0016540639442973446,1.7914070395900041,0.6117120194804817,-1.1796950201095224
13.0,11.0,1.0,14.0,2.0,25.0,4.0,0.03852944704309504,0.3674425241179592,0.167659155711899,85.84148772449228,512.0,0.00465019233290834,0.005928106372121137,-0.0012779140392127969,1.7294478830973026,0.16565474489425416,-1.5637931382030483
13.0,11.0,1.0,14.0,2.0,26.0,1.0,0.03852944704309504,0.3674425241179592,0.4511472588208952,57.74684912907458,128.0,0.01756450380606496,0.006909879556796609,0.01065462424926835,0.7539331580262921,-1.0998406335982964,-1.8537737916245884
13.0,11.0,1.0,14.0,2.0,26.0,4.0,0.03852944704309504,0.3674425241179592,0.223722320599109,114.5458281467438,512.0,0.013993707248726376,0.0030007731692450433,0.010992934079481332,3.083257899653696,0.9251923594318736,-2.1580655402218225
13.0,11.0,1.0,14.0,2.0,27.0,1.0,0.03852944704309504,0.3674425241179592,0.058879893736151045,7.536626398227334,128.0,0.015656757545951056,0.0069003730336004475,0.008756384512350609,2.1932671500312213,0.10421678899278437,-2.0890503610384368
13.0,11.0,1.0,14.0,2.0,27.0,4.0,0.03852944704309504,0.3674425241179592,0.1086648418704332,55.636399037661796,512.0,0.0024065663415937964,0.00249704129835407,-9.047495676027355e-05,2.659445165646747,1.3689574068938852,-1.2904877587528616
13.0,11.0,1.0,14.0,2.0,28.0,1.0,0.03852944704309504,0.3674425241179592,0.2837335514938575,36.31789459121376,128.0,0.07102566960713855,0.04252072268380594,0.028504946923332608,-1.1409230593951354,-1.2966741501087147,-0.1557510907135793
13.0,11.0,1.0,14.0,2.0,28.0,4.0,0.03852944704309504,0.3674425241179592,0.25570963349905956,130.9233323515185,512.0,0.010917636701028605,0.009802217403683705,0.0011154192973448999,2.6764094945455628,1.6134702996820431,-1.0629391948635196
13.0,11.0,1.0,14.0,2.0,29.0,1.0,0.03852944704309504,0.3674425241179592,0.22252149063959234,28.48275080186782,128.0,0.015474180142729482,0.007821556997260549,0.007652623145468933,-0.7766635359227333,-1.2774596480460423,-0.500796112123309
13.0,11.0,1.0,14.0,2.0,29.0,4.0,0.03852944704309504,0.3674425241179592,0.1712371299843789,87.673410552002,512.0,0.0054576429095553915,0.004022184293272785,0.0014354586162826062,1.9293568171951387,0.10096952577188241,-1.8283872914232564
13.0,11.0,1.0,14.0,2.0,30.0,1.0,0.03852944704309504,0.3674425241179592,0.143518707873568,18.370394607816703,128.0,0.046570217776211585,0.017848283521677107,0.028721934254534478,-0.45506920321293504,-1.6705783055333356,-1.2155091023204005
13.0,11.0,1.0,14.0,2.0,30.0,4.0,0.03852944704309504,0.3674425241179592,0.15545454068493234,79.59272483068536,512.0,0.004982629016190617,0.0029623651759295815,0.0020202638402610357,2.826324924258891,1.0987970765483437,-1.7275278477105471
13.0,11.0,1.0,14.0,2.0,31.0,1.0,0.03852944704309504,0.3674425241179592,0.1757299519916522,22.49343385493148,128.0,0.17200839085320208,0.019091519067495247,0.15291687178570684,-4.108549737759539,0.6263821627514069,4.734931900510945
13.0,11.0,1.0,14.0,2.0,31.0,4.0,0.03852944704309504,0.3674425241179592,0.19360522432369626,99.12587485373248,512.0,0.008855861937126888,0.006580366179674653,0.0022754957574522353,3.354157434034004,1.668056052333249,-1.686101381700755
13.0,11.0,1.0,14.0,2.0,32.0,1.0,0.03852944704309504,0.3674425241179592,0.25645325609699426,32.826016780415266,128.0,0.006094291894906963,0.007918211455637631,-0.0018239195607306687,1.7422537165773264,1.2010129548436501,-0.5412407617336763
13.0,11.0,1.0,14.0,2.0,32.0,4.0,0.03852944704309504,0.3674425241179592,0.2918595365947331,149.43208273650336,512.0,0.0031583802035501634,0.0024736987424054937,0.0006846814611446697,2.9729797280117984,1.4819209038610055,-1.491058824150793
14.0,15.0,7.0,10.0,2.0,1.0,1.0,0.07455823162848335,0.42148242557013826,0.5794087858160695,74.16432458445689,128.0,0.017777500045826337,0.008977638043898459,0.008799862001927878,-1.7760170369616484,-1.071082301632158,0.7049347353294904
14.0,15.0,7.0,10.0,2.0,1.0,4.0,0.07455823162848335,0.42148242557013826,0.35665761347056807,182.60869809693085,512.0,0.0065346386067085364,0.0061353716109816695,0.00039926699572686696,1.3625705825654735,0.9769612155337157,-0.38560936703175774
14.0,15.0,7.0,10.0,2.0,2.0,1.0,0.07455823162848335,0.42148242557013826,0.3824557411074714,48.95433486175634,128.0,0.009249699633805005,0.008511053746701882,0.0007386458871031232,1.4307698260298012,1.6173499277546262,0.18658010172482498
14.0,15.0,7.0,10.0,2.0,2.0,4.0,0.07455823162848335,0.42148242557013826,0.27005515784938416,138.2682408188847,512.0,0.006142277908265427,0.004107898683554384,0.0020343792247110434,2.9815647048312166,1.1656859350319415,-1.815878769799275
14.0,15.0,7.0,10.0,2.0,3.0,1.0,0.07455823162848335,0.42148242557013826,0.4455749916723561,57.03359893406158,128.0,0.042619667964759744,0.04555968247116897,-0.002940014506409225,-2.2355407976922925,-2.2578727261685283,-0.022331928476235774
14.0,15.0,7.0,10.0,2.0,3.0,4.0,0.07455823162848335,0.42148242557013826,0.051592696102377815,26.41546040441744,512.0,0.00623287288946701,0.009141770701843,-0.002908897812375991,1.7132856690037366,1.4917291225208875,-0.22155654648284906
14.0,15.0,7.0,10.0,2.0,4.0,1.0,0.07455823162848335,0.42148242557013826,0.08742433001249753,11.190314241599683,128.0,0.013925422249031708,0.012080128347944181,0.001845293901087527,0.8857329973855996,1.520153402696862,0.6344204053112623
14.0,15.0,7.0,10.0,2.0,4.0,4.0,0.07455823162848335,0.42148242557013826,0.06179328854146435,31.638163733229746,512.0,0.014772783508278034,0.012747390956490669,0.002025392551787365,4.675308371206361,2.311092500770326,-2.364215870436035
14.0,15.0,7.0,10.0,2.0,5.0,1.0,0.07455823162848335,0.42148242557013826,0.27828339114265593,35.62027406625996,128.0,0.003010788443891776,0.00308775868332206,-7.697023943028375e-05,1.226235757034706,0.0,-1.226235757034706
14.0,15.0,7.0,10.0,2.0,5.0,4.0,0.07455823162848335,0.42148242557013826,0.20268100739989714,103.77267578874734,512.0,0.0047842499113683054,0.0065485553823705035,-0.001764305471002198,1.9235062030987184,0.7994082898612491,-1.1240979132374693
14.0,15.0,7.0,10.0,2.0,6.0,1.0,0.07455823162848335,0.42148242557013826,0.3573068603889609,45.735278129787,128.0,0.012982945043466195,0.009410459101785302,0.0035724859416808932,0.6093142226121354,1.474078669266935,0.8647644466547996
14.0,15.0,7.0,10.0,2.0,6.0,4.0,0.07455823162848335,0.42148242557013826,0.09433242203436956,48.298200081597216,512.0,0.007722768178513162,0.008630541143601305,-0.0009077729650881425,2.745476302183209,2.635261387289875,-0.11021491489333402
14.0,15.0,7.0,10.0,2.0,7.0,1.0,0.07455823162848335,0.42148242557013826,0.07854422459574918,10.053660748255895,128.0,0.012439739367636444,0.013145843705286882,-0.0007061043376504379,-0.9414618133813953,-0.29868410909493676,0.6427777042864586
14.0,15.0,7.0,10.0,2.0,7.0,4.0,0.07455823162848335,0.42148242557013826,0.12359681086012116,63.28156716038203,512.0,0.034115309268229366,0.036054955657184036,-0.0019396463889546703,-0.20589939757057132,-0.18176047190570616,0.02413892566486517
14.0,15.0,7.0,10.0,2.0,8.0,1.0,0.07455823162848335,0.42148242557013826,0.34647328365394614,44.348580307705106,128.0,0.012695815933177059,0.0172904994919481,-0.004594683558771042,1.8776847448291856,-0.2498454411135623,-2.127530185942748
14.0,15.0,7.0,10.0,2.0,8.0,4.0,0.07455823162848335,0.42148242557013826,0.15887475507110982,81.34387459640823,512.0,0.009650506846816318,0.00843882116417587,0.0012116856826404482,3.172815837065844,1.331856089407007,-1.840959747658837
14.0,15.0,7.0,10.0,2.0,9.0,1.0,0.07455823162848335,0.42148242557013826,0.207321839709731,26.53719548284557,128.0,0.010375716750356846,0.007175876303176116,0.0031998404471807306,-0.6935638168883081,-0.060729402463749846,0.6328344144245583
14.0,15.0,7.0,10.0,2.0,9.0,4.0,0.07455823162848335,0.42148242557013826,0.33406777169681373,171.04269910876863,512.0,0.005693538857224064,0.004458962069605496,0.0012345767876185678,-0.28728771844083095,0.2919442925697207,0.5792320110105517
14.0,15.0,7.0,10.0,2.0,10.0,1.0,0.07455823162848335,0.42148242557013826,0.29296909769892465,37.500044505462355,128.0,0.13411840316315485,0.1409730914975189,-0.006854688334364062,-1.0685478693187866,-1.4194886629105374,-0.3509407935917508
14.0,15.0,7.0,10.0,2.0,10.0,4.0,0.07455823162848335,0.42148242557013826,0.39554748633428655,202.5203130031547,512.0,0.011061674200369201,0.011725481203731585,-0.0006638070033623839,2.680764209837922,2.9545784404305233,0.27381423059260124
14.0,15.0,7.0,10.0,2.0,11.0,1.0,0.07455823162848335,0.42148242557013826,0.3486645697625757,44.62906492960969,128.0,0.07546866954851114,0.07579193444696296,-0.0003232648984518166,-0.015954081100551853,-0.441568874483505,-0.42561479338295316
14.0,15.0,7.0,10.0,2.0,11.0,4.0,0.07455823162848335,0.42148242557013826,0.3817853854022335,195.47411732594355,512.0,0.011496603902231235,0.012279449618071866,-0.0007828457158406306,1.3146876052333352,1.3949353569984335,0.08024775176509835
14.0,15.0,7.0,10.0,2.0,12.0,1.0,0.07455823162848335,0.42148242557013826,0.41541757443343,53.17344952747904,128.0,0.048711799578522556,0.03375642159754438,0.01495537798097818,-0.023063374354472324,0.3308912678642106,0.3539546422186829
14.0,15.0,7.0,10.0,2.0,12.0,4.0,0.07455823162848335,0.42148242557013826,0.0755414138301923,38.67720388105846,512.0,0.006368942799816575,0.0066931573203367085,-0.0003242145205201337,2.255358344943114,0.8642416007963499,-1.391116744146764
14.0,15.0,7.0,10.0,2.0,13.0,1.0,0.07455823162848335,0.42148242557013826,0.022369826085228407,2.863337738909236,128.0,41.43991335116437,41.774910777865315,-0.33499742670094435,-34.850246195863456,-33.665385743011136,1.1848604528523197
14.0,15.0,7.0,10.0,2.0,13.0,4.0,0.07455823162848335,0.42148242557013826,0.0299522542880606,15.335554195487028,512.0,2.622717844648915,2.6711964064012097,-0.0484785617522947,-24.053173340201703,-23.413065786879685,0.640107553322018
14.0,15.0,7.0,10.0,2.0,14.0,1.0,0.07455823162848335,0.42148242557013826,0.2392346280874976,30.622032395199692,128.0,0.02628524717237053,0.022176322076200607,0.004108925096169922,-2.9814046470111726,-1.828031086504164,1.1533735605070086
14.0,15.0,7.0,10.0,2.0,14.0,4.0,0.07455823162848335,0.42148242557013826,0.26974140211158065,138.1075978811293,512.0,0.00459456145701421,0.005146736741797976,-0.0005521752847837662,1.418884029095027,1.1928516188108376,-0.22603241028418952
14.0,15.0,7.0,10.0,2.0,15.0,1.0,0.07455823162848335,0.42148242557013826,0.38108340858037615,48.77867629828815,128.0,0.05984688781541606,0.03578028685532382,0.024066600960092242,0.6469192635018427,-1.059418951419355,-1.7063382149211979
14.0,15.0,7.0,10.0,2.0,15.0,4.0,0.07455823162848335,0.42148242557013826,0.15821494682098902,81.00605277234638,512.0,0.032015101527935894,0.0035104687607020804,0.028504632767233813,-0.3471389227112014,1.169313724848455,1.5164526475596565
14.0,15.0,7.0,10.0,2.0,16.0,1.0,0.07455823162848335,0.42148242557013826,0.27969485376289227,35.80094128165021,128.0,0.08650953793941003,0.008711456144656748,0.07779808179475328,-6.829749638000653,0.7300373763675343,7.559787014368187
14.0,15.0,7.0,10.0,2.0,16.0,4.0,0.07455823162848335,0.42148242557013826,0.22117947849389172,113.24389298887256,512.0,0.005960762248492256,0.0034374827406668806,0.0025232795078253753,0.2273196876682795,0.9640250906841966,0.7367054030159171
14.0,15.0,7.0,10.0,2.0,17.0,1.0,0.07455823162848335,0.42148242557013826,0.4042895992771373,51.749068707473576,128.0,0.01637342877495933,0.01190227541016005,0.004471153364799281,-1.3156975645258382,0.03916827320121361,1.3548658377270517
14.0,15.0,7.0,10.0,2.0,17.0,4.0,0.07455823162848335,0.42148242557013826,0.176870314591351,90.55760107077171,512.0,0.007963653001629177,0.005099718464898515,0.002863934536730662,-0.8028613223494808,0.3427785667659819,1.1456398891154627
14.0,15.0,7.0,10.0,2.0,18.0,1.0,0.07455823162848335,0.42148242557013826,0.2683363076402465,34.347047377951554,128.0,0.0346994630364518,0.027920436927737217,0.006779026108714583,-2.425863751495943,-1.9582808040921493,0.4675829474037936
14.0,15.0,7.0,10.0,2.0,18.0,4.0,0.07455823162848335,0.42148242557013826,0.218846813028357,112.04956827051879,512.0,0.003474423400529293,0.004951165537039814,-0.0014767421365105213,2.305971128634193,1.1527315639077775,-1.1532395647264155
14.0,15.0,7.0,10.0,2.0,19.0,1.0,0.07455823162848335,0.42148242557013826,0.13424441863486308,17.183285585262475,128.0,0.06224553802997956,0.003747077863362087,0.05849846016661747,-1.201414652980797,-0.18760584000404987,1.013808812976747
14.0,15.0,7.0,10.0,2.0,19.0,4.0,0.07455823162848335,0.42148242557013826,0.1652147979102032,84.58997653002403,512.0,0.021232003410204023,0.003320420880672042,0.01791158252953198,2.4787600142386634,0.5245359348486273,-1.9542240793900363
14.0,15.0,7.0,10.0,2.0,20.0,1.0,0.07455823162848335,0.42148242557013826,0.36150960025307366,46.27322883239343,128.0,0.14151610148376287,0.14262781482572226,-0.0011117133419593916,-5.430774350021276,-5.358885876944714,0.07188847307656232
14.0,15.0,7.0,10.0,2.0,20.0,4.0,0.07455823162848335,0.42148242557013826,0.318163201121941,162.8995589744338,512.0,0.009124104426442127,0.010291930938822382,-0.0011678265123802548,1.9314646535449618,1.6784892783253984,-0.25297537521956337
14.0,15.0,7.0,10.0,2.0,21.0,1.0,0.07455823162848335,0.42148242557013826,0.41384457480622067,52.972105575196245,128.0,0.017665843964796965,0.009937394152223724,0.007728449812573241,0.679997235506063,0.7445353951159325,0.06453815960986953
14.0,15.0,7.0,10.0,2.0,21.0,4.0,0.07455823162848335,0.42148242557013826,0.2763787216720506,141.5059054960899,512.0,0.0042651543722957,0.0032131028927985415,0.0010520514794971582,1.1947342086699708,1.098748419686737,-0.09598578898323384
14.0,15.0,7.0,10.0,2.0,22.0,1.0,0.07455823162848335,0.42148242557013826,0.0751706873267379,9.621847977822451,128.0,0.01135529055457049,0.004266147454835125,0.007089143099735366,-1.5754910427249829,-0.2159961112868767,1.3594949314381062
14.0,15.0,7.0,10.0,2.0,22.0,4.0,0.07455823162848335,0.42148242557013826,0.11285923057180407,57.78392605276368,512.0,0.00780304000024226,0.0029115079755478936,0.004891532024694367,2.2282243618980377,0.9361891255641883,-1.2920352363338494
14.0,15.0,7.0,10.0,2.0,23.0,1.0,0.07455823162848335,0.42148242557013826,0.17827544363200834,22.819256784897068,128.0,0.04348481636029071,0.004453039169565456,0.03903177719072525,2.6419576814784347,0.014757258679604512,-2.6272004227988304
14.0,15.0,7.0,10.0,2.0,23.0,4.0,0.07455823162848335,0.42148242557013826,0.20878057717514523,106.89565551367436,512.0,0.0319265496682738,0.035989238599698596,-0.004062688931424793,3.5413777276129816,1.9696175216126321,-1.5717602060003495
14.0,15.0,7.0,10.0,2.0,24.0,1.0,0.07455823162848335,0.42148242557013826,0.27866200280499936,35.66873635903992,128.0,0.01245773600817425,0.0059406262360672205,0.0065171097721070295,-0.15038440073769568,1.3397144033771922,1.490098804114888
14.0,15.0,7.0,10.0,2.0,24.0,4.0,0.07455823162848335,0.42148242557013826,0.21950233196132488,112.38519396419834,512.0,0.013828676070124637,0.014280098353384525,-0.0004514222832598877,-1.1677537905725872,-0.7461123468244766,0.42164144374811063
14.0,15.0,7.0,10.0,2.0,25.0,1.0,0.07455823162848335,0.42148242557013826,0.3651211476146901,46.735506894680334,128.0,0.030939727920713343,0.03349342199260763,-0.002553694071894288,-0.7925150222938834,-1.0372309381268785,-0.24471591583299512
14.0,15.0,7.0,10.0,2.0,25.0,4.0,0.07455823162848335,0.42148242557013826,0.2598166177500597,133.02610828803057,512.0,0.013265872093985978,0.016678046789327584,-0.003412174695341606,3.9688689569243345,2.1855564324888213,-1.7833125244355132
14.0,15.0,7.0,10.0,2.0,26.0,1.0,0.07455823162848335,0.42148242557013826,0.5939569039826497,76.02648370977916,128.0,0.008575860966551174,0.004901314170763586,0.0036745467957875876,0.036361977930519464,0.8420670091776379,0.8057050312471185
14.0,15.0,7.0,10.0,2.0,26.0,4.0,0.07455823162848335,0.42148242557013826,0.2849123708587472,145.87513387967857,512.0,0.011894498956532218,0.011402908033465418,0.0004915909230668002,4.749105681483687,3.1597328066022334,-1.589372874881454
14.0,15.0,7.0,10.0,2.0,27.0,1.0,0.07455823162848335,0.42148242557013826,0.1533665982955365,19.630924581828673,128.0,0.11184561284700464,0.009575495053387437,0.10227011779361721,-1.4215506891777387,-0.320888434280917,1.1006622548968217
14.0,15.0,7.0,10.0,2.0,27.0,4.0,0.07455823162848335,0.42148242557013826,0.2072626971394861,106.11850093541689,512.0,0.007533269903322612,0.004769080647365724,0.002764189255956888,2.027192816962575,1.0169120400986198,-1.010280776863955
14.0,15.0,7.0,10.0,2.0,28.0,1.0,0.07455823162848335,0.42148242557013826,0.506408708647182,64.8203147068393,128.0,0.014691828912497772,0.013281766839339276,0.0014100620731584967,0.0024911678969676385,2.2894903472561863,2.286999179359219
14.0,15.0,7.0,10.0,2.0,28.0,4.0,0.07455823162848335,0.42148242557013826,0.15067633746729206,77.14628478325353,512.0,0.002774532948045486,0.0021269344902601845,0.0006475984577853015,0.7686160568481494,1.3506946885548536,0.5820786317067043
14.0,15.0,7.0,10.0,2.0,29.0,1.0,0.07455823162848335,0.42148242557013826,0.4123858935398692,52.78539437310326,128.0,0.020472388996271913,0.019489548240203894,0.0009828407560680194,1.526498364162237,0.5094715469797385,-1.0170268171824985
14.0,15.0,7.0,10.0,2.0,29.0,4.0,0.07455823162848335,0.42148242557013826,0.336765193461766,172.42377905242418,512.0,0.01357378897097721,0.01526880059250119,-0.0016950116215239796,2.8396935738359783,1.905829337698864,-0.9338642361371143
14.0,15.0,7.0,10.0,2.0,30.0,1.0,0.07455823162848335,0.42148242557013826,0.19627735656921097,25.123501640859004,128.0,0.08244940341084174,0.009337203273937054,0.07311220013690468,2.9135457503633555,1.0499883289206113,-1.8635574214427442
14.0,15.0,7.0,10.0,2.0,30.0,4.0,0.07455823162848335,0.42148242557013826,0.2246457623324758,115.01863031422761,512.0,0.005382944287796209,0.004343851117549482,0.0010390931702467278,2.195734066117098,1.2743954136331686,-0.9213386524839293
14.0,15.0,7.0,10.0,2.0,31.0,1.0,0.07455823162848335,0.42148242557013826,0.18441356136639184,23.604935854898155,128.0,0.006855505490832237,0.00712042884924256,-0.0002649233584103225,1.1422616996972743,0.3591680604848879,-0.7830936392123864
14.0,15.0,7.0,10.0,2.0,31.0,4.0,0.07455823162848335,0.42148242557013826,0.21470283101921986,109.92784948184057,512.0,0.004147619468075509,0.005935514032729043,-0.001787894564653534,1.2885007582689807,0.312865764548513,-0.9756349937204677
14.0,15.0,7.0,10.0,2.0,32.0,1.0,0.07455823162848335,0.42148242557013826,0.35382726613436505,45.289890065198726,128.0,0.01286774870141778,0.01333301846453203,-0.00046526976311424967,2.805661086179618,-0.5262637362327646,-3.3319248224123825
14.0,15.0,7.0,10.0,2.0,32.0,4.0,0.07455823162848335,0.42148242557013826,0.10839137625371145,55.49638464190026,512.0,0.012158950506974655,0.003051892651571333,0.009107057855403323,2.473785834765658,0.3945215885813964,-2.0792642461842616
15.0,16.0,1.0,15.0,2.0,1.0,1.0,0.04266423924961842,0.18372091457769604,0.4299975992645442,55.039692705861654,128.0,0.004233644503270452,0.0024473460936258536,0.0017862984096445986,2.0103173547480657,-0.07654256332920337,-2.086859918077269
15.0,16.0,1.0,15.0,2.0,1.0,4.0,0.04266423924961842,0.18372091457769604,0.2529858138591705,129.5287366958953,512.0,0.004878690657240284,0.004410045592229942,0.0004686450650103419,2.6497894506164164,0.451720643207243,-2.1980688074091734
15.0,16.0,1.0,15.0,2.0,2.0,1.0,0.04266423924961842,0.18372091457769604,0.2966374809875018,37.96959756640023,128.0,0.01166455771531787,0.0036454993491206247,0.008019058366197245,0.7709117215925183,1.2464622645594088,0.4755505429668905
15.0,16.0,1.0,15.0,2.0,2.0,4.0,0.04266423924961842,0.18372091457769604,0.27366862808548637,140.11833757976902,512.0,0.002206625785418701,0.001473913394519357,0.0007327123908993439,1.30278579967402,0.45165003608387777,-0.8511357635901422
15.0,16.0,1.0,15.0,2.0,3.0,1.0,0.04266423924961842,0.18372091457769604,0.1565094427588845,20.033208673137217,128.0,0.003267520627236278,0.002970286962811804,0.0002972336644244738,0.7260940142682376,0.23564172000217826,-0.49045229426605935
15.0,16.0,1.0,15.0,2.0,3.0,4.0,0.04266423924961842,0.18372091457769604,0.2657043260710975,136.04061494840192,512.0,0.0019878944543430645,0.0032203319820170084,-0.001232437527673944,3.67368469960143,0.9954126971686786,-2.678272002432751
15.0,16.0,1.0,15.0,2.0,4.0,1.0,0.04266423924961842,0.18372091457769604,0.32053871118171445,41.02895503125945,128.0,0.00632281969924687,0.005895833383769299,0.000426986315477571,0.9414098543516707,0.9542276254486098,0.012817771096939157
15.0,16.0,1.0,15.0,2.0,4.0,4.0,0.04266423924961842,0.18372091457769604,0.2768542382178009,141.74936996751407,512.0,0.0022741793503849757,0.0036327671445728063,-0.0013585877941878306,2.516457542401331,1.000587481359655,-1.515870061041676
15.0,16.0,1.0,15.0,2.0,5.0,1.0,0.04266423924961842,0.18372091457769604,0.531874576926361,68.0799458465742,128.0,0.015989588991856644,0.010673335002817731,0.005316253989038913,3.310937461706267,2.7906152433545754,-0.5203222183516916
15.0,16.0,1.0,15.0,2.0,5.0,4.0,0.04266423924961842,0.18372091457769604,0.15389655089961635,78.79503406060357,512.0,0.0045854058422707174,0.007544525470159831,-0.0029591196278891136,3.4463344959953175,1.2951255694437427,-2.1512089265515746
15.0,16.0,1.0,15.0,2.0,6.0,1.0,0.04266423924961842,0.18372091457769604,0.3244615836778406,41.5310827107636,128.0,0.02151898930106435,0.007649716382825073,0.013869272918239276,3.2378657821555805,0.42206726453259447,-2.8157985176229863
15.0,16.0,1.0,15.0,2.0,6.0,4.0,0.04266423924961842,0.18372091457769604,0.008270033108318175,4.234256951458906,512.0,1.7694656631684131,1.7677278380815338,0.0017378250868793632,-91.80734791514797,-92.14157512089399,-0.33422720574601783
15.0,16.0,1.0,15.0,2.0,7.0,1.0,0.04266423924961842,0.18372091457769604,0.29190850302270316,37.364288386906004,128.0,0.08351516760243313,0.02605820667661925,0.057456960925813885,1.4196418347135682,-0.6169393218314678,-2.036581156545036
15.0,16.0,1.0,15.0,2.0,7.0,4.0,0.04266423924961842,0.18372091457769604,0.11416062178949146,58.45023835621963,512.0,0.004435617652778102,0.002994382785855839,0.0014412348669222627,2.9139601380866096,0.9032195570784319,-2.0107405810081778
15.0,16.0,1.0,15.0,2.0,8.0,1.0,0.04266423924961842,0.18372091457769604,0.09383918634683075,12.011415852394336,128.0,0.044076796512047045,0.011415820563793927,0.03266097594825312,0.7569891800549039,-1.774075259944495,-2.531064439999399
15.0,16.0,1.0,15.0,2.0,8.0,4.0,0.04266423924961842,0.18372091457769604,0.09556023012659758,48.92683782481796,512.0,0.01617800904401402,0.0101455626641274,0.0060324463798866225,-1.1177705334558337,-1.9166338156574265,-0.7988632822015929
15.0,16.0,1.0,15.0,2.0,9.0,1.0,0.04266423924961842,0.18372091457769604,0.4932485005635236,63.13580807213102,128.0,0.007604882331729072,0.004995783481571421,0.0026090988501576507,1.916093457373774,0.4791438036994952,-1.4369496536742787
15.0,16.0,1.0,15.0,2.0,9.0,4.0,0.04266423924961842,0.18372091457769604,0.1461165162327807,74.81165631118373,512.0,0.00843810709262096,0.005162920336351951,0.0032751867562690086,2.9899524130681128,1.8124919363695893,-1.1774604766985235
15.0,16.0,1.0,15.0,2.0,10.0,1.0,0.04266423924961842,0.18372091457769604,0.378980672063631,48.50952602414477,128.0,0.012377560197096429,0.0072140781012614875,0.005163482095834941,1.829837853315707,0.9091358349247308,-0.9207020183909761
15.0,16.0,1.0,15.0,2.0,10.0,4.0,0.04266423924961842,0.18372091457769604,0.35834525953041735,183.47277287957368,512.0,0.002890597978759361,0.003274803294535337,-0.000384205315775976,2.557701272804539,1.3148175220071068,-1.2428837507974324
15.0,16.0,1.0,15.0,2.0,11.0,1.0,0.04266423924961842,0.18372091457769604,0.3848735070353528,49.263808900525156,128.0,0.006219564619702195,0.0017241219420771692,0.004495442677625026,2.0380345587062365,0.7840073566048098,-1.2540272021014267
15.0,16.0,1.0,15.0,2.0,11.0,4.0,0.04266423924961842,0.18372091457769604,0.31708608662105364,162.34807634997946,512.0,0.0033838350525905074,0.0032224394959137906,0.00016139555667671682,2.2691011853728287,0.5675889637438539,-1.7015122216289749
15.0,16.0,1.0,15.0,2.0,12.0,1.0,0.04266423924961842,0.18372091457769604,0.16090774019820336,20.59619074537003,128.0,0.017298492990645443,0.018022273148857022,-0.0007237801582115795,0.2693392575273623,-0.5060879792937096,-0.775427236821072
15.0,16.0,1.0,15.0,2.0,12.0,4.0,0.04266423924961842,0.18372091457769604,0.23421562320997685,119.91839908350815,512.0,0.0072807547772534825,0.0063985726215269635,0.0008821821557265189,1.8454476250028244,0.09513948138639983,-1.7503081436164245
15.0,16.0,1.0,15.0,2.0,13.0,1.0,0.04266423924961842,0.18372091457769604,0.40523678393760987,51.87030834401406,128.0,0.016167597471313334,0.009470155958725968,0.006697441512587367,-0.4697002433964099,-0.05467839385797983,0.4150218495384301
15.0,16.0,1.0,15.0,2.0,13.0,4.0,0.04266423924961842,0.18372091457769604,0.24136948535612707,123.58117650233706,512.0,0.007541335212967826,0.005000592450863817,0.0025407427621040096,1.951949593770389,1.176697378332945,-0.7752522154374439
15.0,16.0,1.0,15.0,2.0,14.0,1.0,0.04266423924961842,0.18372091457769604,0.16332710879543577,20.90586992581578,128.0,0.004917785786317564,0.0024609622358171403,0.002456823550500424,0.95895384659061,-0.24467551016923883,-1.2036293567598488
15.0,16.0,1.0,15.0,2.0,14.0,4.0,0.04266423924961842,0.18372091457769604,0.22060597107590588,112.95025719086381,512.0,0.004390210974926801,0.0029360886528544614,0.0014541223220723397,2.02908610164326,0.6307818798877157,-1.3983042217555441
15.0,16.0,1.0,15.0,2.0,15.0,1.0,0.04266423924961842,0.18372091457769604,0.3648869191872605,46.705525655969346,128.0,0.02265310213376747,0.0023013716534666653,0.020351730480300805,-0.05247009945315184,0.003162219083694509,0.05563231853684635
15.0,16.0,1.0,15.0,2.0,15.0,4.0,0.04266423924961842,0.18372091457769604,0.33181941830321654,169.89154217124687,512.0,0.0031687070909680805,0.0032369835794812136,-6.827648851313308e-05,2.4185226836296922,0.7905646637900181,-1.6279580198396741
15.0,16.0,1.0,15.0,2.0,16.0,1.0,0.04266423924961842,0.18372091457769604,0.1930198133863751,24.706536113456014,128.0,0.04401674737390281,0.046484175890576726,-0.0024674285166739127,2.614168769650842,-4.8812772362265315,-7.4954460058773735
15.0,16.0,1.0,15.0,2.0,16.0,4.0,0.04266423924961842,0.18372091457769604,0.1119483107849417,57.31753512189015,512.0,0.004000545531105904,0.004956955984153705,-0.0009564104530478002,2.9776800766089035,0.2754000035417493,-2.702280073067154
15.0,16.0,1.0,15.0,2.0,17.0,1.0,0.04266423924961842,0.18372091457769604,0.3160300298424113,40.451843819828646,128.0,0.015135712364038609,0.008897577431036644,0.006238134933001965,1.322287656409255,1.9384631003121264,0.6161754439028715
15.0,16.0,1.0,15.0,2.0,17.0,4.0,0.04266423924961842,0.18372091457769604,0.3132667656040227,160.39258398925963,512.0,0.0065653011654138935,0.0040462873025078104,0.002519013862906083,3.8873329295600105,1.1059480831978465,-2.781384846362164
15.0,16.0,1.0,15.0,2.0,18.0,1.0,0.04266423924961842,0.18372091457769604,0.3276786713073785,41.94286992734445,128.0,0.0057156451849970135,0.0031418922042779516,0.002573752980719062,0.038678060382978906,0.16843261067698673,0.12975455029400781
15.0,16.0,1.0,15.0,2.0,18.0,4.0,0.04266423924961842,0.18372091457769604,0.3196295444698091,163.65032676854227,512.0,0.0028341173171023727,0.002839304950039637,-5.187632937264479e-06,2.7192263193112494,0.9293683707079813,-1.789857948603268
15.0,16.0,1.0,15.0,2.0,19.0,1.0,0.04266423924961842,0.18372091457769604,0.467347289185931,59.82045301579917,128.0,0.020221436448528116,0.012421975468820998,0.007799460979707119,3.0192955483874475,0.2761729946406515,-2.743122553746796
15.0,16.0,1.0,15.0,2.0,19.0,4.0,0.04266423924961842,0.18372091457769604,0.21557876982198065,110.3763301488541,512.0,0.005666302064893216,0.003368628431338494,0.0022976736335547218,2.880315040346551,0.7745923584797771,-2.105722681866774
15.0,16.0,1.0,15.0,2.0,20.0,1.0,0.04266423924961842,0.18372091457769604,0.45350432188909207,58.048553201803784,128.0,0.007880303884243869,0.002375796998182648,0.005504506886061221,1.3985245900572076,0.8329274882950285,-0.5655971017621791
15.0,16.0,1.0,15.0,2.0,20.0,4.0,0.04266423924961842,0.18372091457769604,0.1762246630693532,90.22702749150884,512.0,0.0019841887465014358,0.001665864625686369,0.00031832412081506676,2.582334249953953,1.24092535278503,-1.341408897168923
15.0,16.0,1.0,15.0,2.0,21.0,1.0,0.04266423924961842,0.18372091457769604,0.47951942493232846,61.37848639133804,128.0,0.004212432587198245,0.0034920043411536166,0.0007204282460446286,0.7997772868390323,-0.6188611564182589,-1.4186384432572912
15.0,16.0,1.0,15.0,2.0,21.0,4.0,0.04266423924961842,0.18372091457769604,0.027971888688583482,14.321607008554743,512.0,0.012105794045569196,0.01002822065074851,0.002077573394820686,2.8640776205842324,-0.058091748367070026,-2.9221693689513026
15.0,16.0,1.0,15.0,2.0,22.0,1.0,0.04266423924961842,0.18372091457769604,0.3230253948147166,41.347250536283724,128.0,0.011617321751608756,0.010050275025858986,0.00156704672574977,3.1382195872518146,0.9534145691539267,-2.184805018097888
15.0,16.0,1.0,15.0,2.0,22.0,4.0,0.04266423924961842,0.18372091457769604,0.026740231670878977,13.690998615490036,512.0,0.005306907512704574,0.003058288038848418,0.0022486194738561556,3.1509747829722583,0.8653865405275528,-2.2855882424447054
15.0,16.0,1.0,15.0,2.0,23.0,1.0,0.04266423924961842,0.18372091457769604,0.3143094538008247,40.23161008650556,128.0,0.00858108085325537,0.002354793323981852,0.006226287529273518,0.7751257471187966,0.8931450169179198,0.11801926979912325
15.0,16.0,1.0,15.0,2.0,23.0,4.0,0.04266423924961842,0.18372091457769604,0.3439810167002449,176.11828055052538,512.0,0.004330725903398566,0.004654537586188097,-0.0003238116827895309,1.999881513801139,0.9986104536056161,-1.0012710601955228
15.0,16.0,1.0,15.0,2.0,24.0,1.0,0.04266423924961842,0.18372091457769604,0.3620116465424329,46.33749075743141,128.0,0.053102866298257875,0.050478318700608545,0.0026245475976493307,-2.7882409091453795,-3.146839702943571,-0.3585987937981914
15.0,16.0,1.0,15.0,2.0,24.0,4.0,0.04266423924961842,0.18372091457769604,0.23936123303806775,122.55295131549069,512.0,0.004423796487958669,0.005630870024174131,-0.0012070735362154621,4.093225295042993,1.1437135576818303,-2.9495117373611626
15.0,16.0,1.0,15.0,2.0,25.0,1.0,0.04266423924961842,0.18372091457769604,0.36911070850517497,47.246170688662396,128.0,0.011254356959857922,0.006461286589896248,0.004793070369961674,1.8420356340739452,1.015330292066468,-0.8267053420074773
15.0,16.0,1.0,15.0,2.0,25.0,4.0,0.04266423924961842,0.18372091457769604,0.3058113841154063,156.57542866708803,512.0,0.0061496453447407355,0.0026636825349898603,0.0034859628097508753,1.4959860081110405,1.1938995368810448,-0.30208647122999577
15.0,16.0,1.0,15.0,2.0,26.0,1.0,0.04266423924961842,0.18372091457769604,0.35168681077620706,45.015911779354504,128.0,0.2758907835512595,0.029290016301733647,0.24660076724952587,-12.793589535436533,-1.817890224215881,10.975699311220652
15.0,16.0,1.0,15.0,2.0,26.0,4.0,0.04266423924961842,0.18372091457769604,0.07685908986015944,39.35185400840163,512.0,0.022703280757762442,0.012764910397870347,0.009938370359892095,2.178414225235681,1.8975069883890585,-0.28090723684662233
15.0,16.0,1.0,15.0,2.0,27.0,1.0,0.04266423924961842,0.18372091457769604,0.06490085650684978,8.307309632876771,128.0,0.009156997684638778,0.0069743590609660285,0.0021826386236727495,1.0415371120394474,1.0058506259232374,-0.03568648611621006
15.0,16.0,1.0,15.0,2.0,27.0,4.0,0.04266423924961842,0.18372091457769604,0.12825880017162586,65.66850568787244,512.0,0.002821799616359681,0.004543434479945848,-0.0017216348635861667,1.7701134644097825,0.6319029910417046,-1.138210473368078
15.0,16.0,1.0,15.0,2.0,28.0,1.0,0.04266423924961842,0.18372091457769604,0.0586981175813664,7.513359050414899,128.0,0.00845022778622901,0.01055115023980801,-0.0021009224535790006,2.2933785091560357,-0.3588603110085203,-2.652238820164556
15.0,16.0,1.0,15.0,2.0,28.0,4.0,0.04266423924961842,0.18372091457769604,0.1397446751986283,71.54927370169769,512.0,0.009631383595926175,0.004413655183596173,0.005217728412330002,4.451005354393393,1.906325862952172,-2.5446794914412214
15.0,16.0,1.0,15.0,2.0,29.0,1.0,0.04266423924961842,0.18372091457769604,0.15662475545592666,20.047968698358613,128.0,0.0587147857946458,0.00830215164055876,0.05041263415408704,1.589028341423074,1.0039381045397084,-0.5850902368833655
15.0,16.0,1.0,15.0,2.0,29.0,4.0,0.04266423924961842,0.18372091457769604,0.1473577625578789,75.447174429634,512.0,0.013229344939732005,0.002642521532630853,0.010586823407101152,3.5121043347799854,1.5640394130183732,-1.9480649217616122
15.0,16.0,1.0,15.0,2.0,30.0,1.0,0.04266423924961842,0.18372091457769604,0.49218151139438265,62.99923345848098,128.0,0.019791704840105253,0.0095708791074024,0.010220825732702853,0.7128578055749017,0.5114188771336698,-0.2014389284412319
15.0,16.0,1.0,15.0,2.0,30.0,4.0,0.04266423924961842,0.18372091457769604,0.0758107193414289,38.815088302811596,512.0,0.004094693025665974,0.005504168853910267,-0.0014094758282442938,1.598210296368568,-0.07147117329286362,-1.6696814696614317
15.0,16.0,1.0,15.0,2.0,31.0,1.0,0.04266423924961842,0.18372091457769604,0.25843990106713133,33.08030733659281,128.0,0.014400520537735028,0.006709729415265792,0.007690791122469237,4.388621311319277,1.0807550421421408,-3.307866269177136
15.0,16.0,1.0,15.0,2.0,31.0,4.0,0.04266423924961842,0.18372091457769604,0.14591441403918973,74.70817998806514,512.0,0.002750435256438526,0.0021197964466528317,0.0006306388097856944,3.3967206195913304,0.9825628770177054,-2.414157742573625
15.0,16.0,1.0,15.0,2.0,32.0,1.0,0.04266423924961842,0.18372091457769604,0.4396112770202879,56.27024345859685,128.0,0.01829457921758257,0.006002322851136406,0.012292256366446163,2.1555723830891016,1.0565290475396822,-1.0990433355494194
15.0,16.0,1.0,15.0,2.0,32.0,4.0,0.04266423924961842,0.18372091457769604,0.12444589181095912,63.71629660721107,512.0,0.004113426271201915,0.001735793487202117,0.002377632783999798,2.6081133945966735,0.8069988946133163,-1.801114499983357
16.0,18.0,5.0,8.0,2.0,1.0,1.0,0.06352805188635263,0.7059623738894135,0.12565128315647675,16.083364244029024,128.0,0.09708951565141945,0.10921000346810769,-0.012120487816688244,-8.28628375785308,-8.500793217839037,-0.2145094599859565
16.0,18.0,5.0,8.0,2.0,1.0,4.0,0.06352805188635263,0.7059623738894135,0.15425703607091273,78.97960246830732,512.0,0.008204816209722163,0.010211685451653863,-0.0020068692419317,1.0973051179576017,0.6645037581187904,-0.4328013598388113
16.0,18.0,5.0,8.0,2.0,2.0,1.0,0.06352805188635263,0.7059623738894135,0.22721816963608832,29.083925713419305,128.0,0.170183317425048,0.032378162079567854,0.13780515534548016,-6.426258583937672,-1.361668989292031,5.064589594645641
16.0,18.0,5.0,8.0,2.0,2.0,4.0,0.06352805188635263,0.7059623738894135,0.1527946763427061,78.23087428746553,512.0,0.02073580881283417,0.009418252758657378,0.011317556054176791,2.1913424258932457,1.8265399459923881,-0.36480247990085757
16.0,18.0,5.0,8.0,2.0,3.0,1.0,0.06352805188635263,0.7059623738894135,0.3248631173087743,41.58247901552311,128.0,0.017576643958981432,0.012738625665508475,0.004838018293472957,0.22283121009635562,0.2512666151719306,0.028435405075574988
16.0,18.0,5.0,8.0,2.0,3.0,4.0,0.06352805188635263,0.7059623738894135,0.03699473550106616,18.941304576545875,512.0,0.007343345698973703,0.009508562546974297,-0.0021652168480005944,1.8529820866376825,0.18912880386090955,-1.663853282776773
16.0,18.0,5.0,8.0,2.0,4.0,1.0,0.06352805188635263,0.7059623738894135,0.2891032545700865,37.00521658497107,128.0,0.13414429943845396,0.13966758394550594,-0.005523284507051973,-13.879769829843209,-14.6278361315942,-0.7480663017509919
16.0,18.0,5.0,8.0,2.0,4.0,4.0,0.06352805188635263,0.7059623738894135,0.09997487087753108,51.187133889295914,512.0,0.02233603311967931,0.023857540111772754,-0.0015215069920934444,-0.7527363538561385,-1.142066573026198,-0.3893302191700596
16.0,18.0,5.0,8.0,2.0,5.0,1.0,0.06352805188635263,0.7059623738894135,0.07421985274828995,9.500141151781113,128.0,0.13133878477353705,0.06961984141469932,0.061718943358837736,0.6828927930790601,-1.9368763750772457,-2.619769168156306
16.0,18.0,5.0,8.0,2.0,5.0,4.0,0.06352805188635263,0.7059623738894135,0.12671888244647272,64.88006781259404,512.0,0.012155779890485625,0.009650172934738388,0.002505606955747237,1.9030253582000476,0.5290205471503469,-1.3740048110497007
16.0,18.0,5.0,8.0,2.0,6.0,1.0,0.06352805188635263,0.7059623738894135,0.4368351586973788,55.91490031326449,128.0,0.039970263569564915,0.03771233077673031,0.0022579327928346077,-3.2160907781694315,-3.989832675598932,-0.7737418974295007
16.0,18.0,5.0,8.0,2.0,6.0,4.0,0.06352805188635263,0.7059623738894135,0.32105621676360563,164.38078298296608,512.0,0.020879905837319322,0.02355732476749943,-0.0026774189301801074,0.2658294179604798,-0.2866122593072245,-0.5524416772677043
16.0,18.0,5.0,8.0,2.0,7.0,1.0,0.06352805188635263,0.7059623738894135,0.28365246063438593,36.3075149612014,128.0,0.007877736168574425,0.0020297820648479993,0.005847954103726426,0.5385169000795407,0.05742073524709181,-0.4810961648324489
16.0,18.0,5.0,8.0,2.0,7.0,4.0,0.06352805188635263,0.7059623738894135,0.17889891940793876,91.59624673686464,512.0,0.017257791967400824,0.006522533103154539,0.010735258864246285,1.363558200833442,0.5271574875977156,-0.8364007132357263
16.0,18.0,5.0,8.0,2.0,8.0,1.0,0.06352805188635263,0.7059623738894135,0.31649567254401123,40.51144608563344,128.0,0.10821033079144517,0.13547131994581485,-0.027260989154369683,-5.145429275456595,-9.100700159241944,-3.9552708837853485
16.0,18.0,5.0,8.0,2.0,8.0,4.0,0.06352805188635263,0.7059623738894135,0.14127084543681598,72.33067286364978,512.0,0.008801901732538572,0.016132611211157482,-0.00733070947861891,1.133936822960452,-0.6444863056261364,-1.7784231285865886
16.0,18.0,5.0,8.0,2.0,9.0,1.0,0.06352805188635263,0.7059623738894135,0.29656976403351265,37.96092979628962,128.0,0.10007241807454094,0.053193207115376485,0.046879210959164454,-3.736697252886051,-3.2692289747479095,0.4674682781381416
16.0,18.0,5.0,8.0,2.0,9.0,4.0,0.06352805188635263,0.7059623738894135,0.07127419789893102,36.492389324252684,512.0,0.010320456573765487,0.009384370826380762,0.000936085747384725,0.8320011856992428,-0.21271041018940018,-1.0447115958886428
16.0,18.0,5.0,8.0,2.0,10.0,1.0,0.06352805188635263,0.7059623738894135,0.5188434688145827,66.41196400826658,128.0,0.01164709327619867,0.012658822193596098,-0.001011728917397427,1.7706913640263233,1.357534016413894,-0.4131573476124293
16.0,18.0,5.0,8.0,2.0,10.0,4.0,0.06352805188635263,0.7059623738894135,0.3208538739491383,164.2771834619588,512.0,0.002482074038848752,0.0032444414852670286,-0.0007623674464182768,1.2118249424780705,0.8659275236049678,-0.34589741887310266
16.0,18.0,5.0,8.0,2.0,11.0,1.0,0.06352805188635263,0.7059623738894135,0.5054860356698995,64.70221256574713,128.0,0.0072072984305919015,0.006547810657797012,0.00065948777279489,1.2402859032760958,-0.11309265409415303,-1.3533785573702488
16.0,18.0,5.0,8.0,2.0,11.0,4.0,0.06352805188635263,0.7059623738894135,0.03797260532859491,19.441973928240593,512.0,0.005286211485455548,0.005529636827089792,-0.0002434253416342437,1.9440050588761442,1.3990983441936318,-0.5449067146825124
16.0,18.0,5.0,8.0,2.0,12.0,1.0,0.06352805188635263,0.7059623738894135,0.2501747989645759,32.022374267465715,128.0,0.04555376900066451,0.04631880365207041,-0.0007650346514058992,-5.5685207066349385,-4.7297775200469845,0.838743186587954
16.0,18.0,5.0,8.0,2.0,12.0,4.0,0.06352805188635263,0.7059623738894135,0.23876149475706115,122.24588531561531,512.0,0.01213390586780536,0.00652985709983066,0.005604048767974699,1.4066799429970938,-0.14189101025528325,-1.548570953252377
16.0,18.0,5.0,8.0,2.0,13.0,1.0,0.06352805188635263,0.7059623738894135,0.08934424909821648,11.436063884571709,128.0,0.11426094430669573,0.042541202929402416,0.07171974137729331,-4.97460717965727,-3.82069309408535,1.15391408557192
16.0,18.0,5.0,8.0,2.0,13.0,4.0,0.06352805188635263,0.7059623738894135,0.12363439695677363,63.3008112418681,512.0,0.005791600060684536,0.007192973531820246,-0.0014013734711357103,1.9158533576483248,0.6229508012733042,-1.2929025563750205
16.0,18.0,5.0,8.0,2.0,14.0,1.0,0.06352805188635263,0.7059623738894135,0.3080509064731212,39.430516028559516,128.0,0.006644519998364699,0.006404730355026272,0.0002397896433384266,0.2650842136807583,0.2951647796883066,0.030080566007548326
16.0,18.0,5.0,8.0,2.0,14.0,4.0,0.06352805188635263,0.7059623738894135,0.0849535499189722,43.49621755851376,512.0,0.002677621830938541,0.00419549136026137,-0.0015178695293228293,1.887935713483015,0.7869461663842022,-1.1009895470988127
16.0,18.0,5.0,8.0,2.0,15.0,1.0,0.06352805188635263,0.7059623738894135,0.10068524342846602,12.88771115884365,128.0,0.01088481999015812,0.008280754048097728,0.0026040659420603924,-0.7716690905587348,-0.579911774613572,0.19175731594516277
16.0,18.0,5.0,8.0,2.0,15.0,4.0,0.06352805188635263,0.7059623738894135,0.17141724769575237,87.76563082022521,512.0,0.005662233522934983,0.0033451768979531984,0.0023170566249817843,0.4154465869532355,-0.08909670704737938,-0.5045432940006149
16.0,18.0,5.0,8.0,2.0,16.0,1.0,0.06352805188635263,0.7059623738894135,0.10347949471810752,13.245375323917763,128.0,0.007414386563452625,0.008339581063356527,-0.000925194499903902,1.5629453864949934,1.3778052016769553,-0.18514018481803807
16.0,18.0,5.0,8.0,2.0,16.0,4.0,0.06352805188635263,0.7059623738894135,0.19333474524206973,98.9873895639397,512.0,0.004780300968367197,0.008677678808142589,-0.003897377839775392,2.811514517078415,1.797306454633214,-1.014208062445201
16.0,18.0,5.0,8.0,2.0,17.0,1.0,0.06352805188635263,0.7059623738894135,0.3847675866703758,49.2502510938081,128.0,0.009525180615470795,0.009560195518262888,-3.50149027920927e-05,0.9956948783468877,1.0917009955916002,0.09600611724471242
16.0,18.0,5.0,8.0,2.0,17.0,4.0,0.06352805188635263,0.7059623738894135,0.24886575136617742,127.41926469948284,512.0,0.006852014497667083,0.008699578817327292,-0.0018475643196602092,1.1184058528810408,1.3823907898272119,0.2639849369461711
16.0,18.0,5.0,8.0,2.0,18.0,1.0,0.06352805188635263,0.7059623738894135,0.35631380922623956,45.608167580958664,128.0,0.040332290920964325,0.04036365504230443,-3.1364121340103635e-05,-0.6044409711918314,-0.7023912244695344,-0.09795025327770301
16.0,18.0,5.0,8.0,2.0,18.0,4.0,0.06352805188635263,0.7059623738894135,0.3433434095578315,175.79182569360972,512.0,0.006652043717383295,0.007982898283441345,-0.0013308545660580505,1.2647265210291472,1.0634968325304683,-0.20122968849867884
16.0,18.0,5.0,8.0,2.0,19.0,1.0,0.06352805188635263,0.7059623738894135,0.10382606560313568,13.289736397201366,128.0,0.015214764319899238,0.004988924765741278,0.01022583955415796,0.043071842476853583,-0.2479083195992232,-0.2909801620760768
16.0,18.0,5.0,8.0,2.0,19.0,4.0,0.06352805188635263,0.7059623738894135,0.1796781159718732,91.99519537759907,512.0,0.007223726103049565,0.005463789143484993,0.001759936959564572,1.642143549401111,0.8100439555762385,-0.8320995938248724
16.0,18.0,5.0,8.0,2.0,20.0,1.0,0.06352805188635263,0.7059623738894135,0.15000418651353956,19.200535873733063,128.0,0.0033382378957552286,0.0020053252284651375,0.0013329126672900911,0.02495581026584155,0.0767490624094666,0.051793252143625054
16.0,18.0,5.0,8.0,2.0,20.0,4.0,0.06352805188635263,0.7059623738894135,0.2023669379703123,103.6118722407999,512.0,0.005083198026777495,0.007211708379836139,-0.002128510353058644,1.5352090439793895,1.0769136207070154,-0.45829542327237416
16.0,18.0,5.0,8.0,2.0,21.0,1.0,0.06352805188635263,0.7059623738894135,0.517894282195291,66.29046812099725,128.0,0.010068498831271236,0.008850217022409106,0.00121828180886213,0.4700206142416129,-0.491414404938825,-0.9614350191804379
16.0,18.0,5.0,8.0,2.0,21.0,4.0,0.06352805188635263,0.7059623738894135,0.14028477009067403,71.8258022864251,512.0,0.006603317340173647,0.006844161824119301,-0.000240844483945654,1.2089257286020645,0.5160885397330738,-0.6928371888689907
16.0,18.0,5.0,8.0,2.0,22.0,1.0,0.06352805188635263,0.7059623738894135,0.26248663792943794,33.598289654968056,128.0,0.04043926046798218,0.04099032821537923,-0.0005510677473970493,0.04736514481683124,0.06259524129792922,0.01523009648109798
16.0,18.0,5.0,8.0,2.0,22.0,4.0,0.06352805188635263,0.7059623738894135,0.19076927075016978,97.67386662408693,512.0,0.011516619169952844,0.012706437070978554,-0.00118981790102571,1.7244019900749112,1.5300980677233762,-0.19430392235153504
16.0,18.0,5.0,8.0,2.0,23.0,1.0,0.06352805188635263,0.7059623738894135,0.4155830710263876,53.19463309137761,128.0,0.021234311614441483,0.003556788307769047,0.017677523306672435,-0.3534218964558766,0.1403906785155499,0.4938125749714265
16.0,18.0,5.0,8.0,2.0,23.0,4.0,0.06352805188635263,0.7059623738894135,0.0979750708682843,50.16323628456156,512.0,0.009583146726713586,0.005122252657726745,0.0044608940689868405,1.1090391902856676,0.6773837169776002,-0.4316554733080673
16.0,18.0,5.0,8.0,2.0,24.0,1.0,0.06352805188635263,0.7059623738894135,0.33953550362595847,43.460544464122684,128.0,0.007630234462421815,0.006791154956680827,0.0008390795057409877,0.7438942488367265,0.2445621098539335,-0.499332138982793
16.0,18.0,5.0,8.0,2.0,24.0,4.0,0.06352805188635263,0.7059623738894135,0.04572461360826637,23.411002167432382,512.0,0.015294153332850552,0.01657825471680706,-0.0012841013839565065,-0.42430136071288677,-0.40847882436892746,0.015822536343959304
16.0,18.0,5.0,8.0,2.0,25.0,1.0,0.06352805188635263,0.7059623738894135,0.06574582101989367,8.41546509054639,128.0,0.27278677985734323,0.20051191648199782,0.07227486337534542,-21.880154431765995,-20.020200392924078,1.8599540388419165
16.0,18.0,5.0,8.0,2.0,25.0,4.0,0.06352805188635263,0.7059623738894135,0.07922908517702086,40.56529161063468,512.0,0.0702651770138553,0.09808682769060927,-0.027821650676753962,-1.4806984220856374,-2.8248962622484255,-1.344197840162788
16.0,18.0,5.0,8.0,2.0,26.0,1.0,0.06352805188635263,0.7059623738894135,0.3705459082028937,47.42987624997039,128.0,0.007290526910874084,0.006922685582571529,0.0003678413283025551,0.6416573539819883,1.0242271426595544,0.3825697886775661
16.0,18.0,5.0,8.0,2.0,26.0,4.0,0.06352805188635263,0.7059623738894135,0.2825431078034662,144.6620711953747,512.0,0.003917947390120659,0.003782632830915276,0.00013531455920538261,2.43093553762281,1.1708162340226231,-1.260119303600187
16.0,18.0,5.0,8.0,2.0,27.0,1.0,0.06352805188635263,0.7059623738894135,0.1351707603163099,17.301857320487667,128.0,0.11398739224987064,0.05384902308618679,0.060138369163683855,-3.0386881364830494,-4.063361387466164,-1.0246732509831142
16.0,18.0,5.0,8.0,2.0,27.0,4.0,0.06352805188635263,0.7059623738894135,0.2235028509154755,114.43345966872346,512.0,0.010445319445079444,0.010895874936602276,-0.0004505554915228329,1.6177697868261314,-0.07897711424260481,-1.6967469010687362
16.0,18.0,5.0,8.0,2.0,28.0,1.0,0.06352805188635263,0.7059623738894135,0.2542139365902953,32.5393838835578,128.0,0.05214238854534024,0.0337487943979249,0.018393594147415343,-2.019438700703704,-0.6641796983080219,1.355259002395682
16.0,18.0,5.0,8.0,2.0,28.0,4.0,0.06352805188635263,0.7059623738894135,0.2440919501875202,124.97507849601034,512.0,0.007143543341382519,0.010048159838866654,-0.002904616497484135,2.5967748309317362,1.623160089578335,-0.9736147413534013
16.0,18.0,5.0,8.0,2.0,29.0,1.0,0.06352805188635263,0.7059623738894135,0.3339229783598259,42.74214123005771,128.0,0.005376834010248659,0.006962267741443956,-0.0015854337311952968,-0.4696381582006816,-1.1771228680908765,-0.7074847098901949
16.0,18.0,5.0,8.0,2.0,29.0,4.0,0.06352805188635263,0.7059623738894135,0.08816637346656848,45.141183214883064,512.0,0.05701367048236541,0.06136419813687197,-0.00435052765450656,-2.317213992979586,-3.238786753399153,-0.9215727604195671
16.0,18.0,5.0,8.0,2.0,30.0,1.0,0.06352805188635263,0.7059623738894135,0.07945237040411496,10.169903411726715,128.0,0.0077189399909564,0.0020361658281677813,0.005682774162788618,1.8868101806308342,0.5935365315930532,-1.293273649037781
16.0,18.0,5.0,8.0,2.0,30.0,4.0,0.06352805188635263,0.7059623738894135,0.11977931964266207,61.32701165704298,512.0,0.008388718420594101,0.0069802725090598984,0.0014084459115342026,0.9346548015805576,0.554704002881718,-0.37995079869883963
16.0,18.0,5.0,8.0,2.0,31.0,1.0,0.06352805188635263,0.7059623738894135,0.504176196422872,64.53455314212762,128.0,0.002039545180951253,0.002022916628462593,1.6628552488659725e-05,0.06856901999298426,0.019495018256355297,-0.04907400173662896
16.0,18.0,5.0,8.0,2.0,31.0,4.0,0.06352805188635263,0.7059623738894135,0.25090872979508305,128.46526965508252,512.0,0.00539545384548086,0.002471464433969693,0.0029239894115111673,0.4620027949892567,0.24959688652472545,-0.21240590846453128
16.0,18.0,5.0,8.0,2.0,32.0,1.0,0.06352805188635263,0.7059623738894135,0.08702552933038818,11.139267754289687,128.0,0.023358034731804422,0.023383285641133685,-2.525090932926216e-05,0.3439212560821242,0.36707412274663853,0.023152866664514327
16.0,18.0,5.0,8.0,2.0,32.0,4.0,0.06352805188635263,0.7059623738894135,0.11604484855418652,59.4149624597435,512.0,0.005750209756508853,0.00533874061691786,0.00041146913959099266,0.4876151147507385,-0.020461658764966813,-0.5080767735157053
17.0,0.0,4.0,5.0,3.0,1.0,1.0,0.12514345133179386,0.09227287944089108,0.1743118027677237,22.311910754268634,128.0,0.023538991534741947,0.01253297845429421,0.011006013080447737,0.5528725434667295,1.6519597709381697,1.0990872274714403
17.0,0.0,4.0,5.0,3.0,1.0,4.0,0.12514345133179386,0.09227287944089108,0.1786015452241365,91.44399115475788,512.0,0.006515721030996551,0.004909685397500028,0.001606035633496523,2.7972692484015806,2.0235685991960497,-0.7737006492055309
17.0,0.0,4.0,5.0,3.0,2.0,1.0,0.12514345133179386,0.09227287944089108,0.1975737960599492,25.2894458956735,128.0,0.03577825327190891,0.010463965932006077,0.025314287339902833,-1.775575707419533,-1.010056645430732,0.765519061988801
17.0,0.0,4.0,5.0,3.0,2.0,4.0,0.12514345133179386,0.09227287944089108,0.13994739590419716,71.65306670294895,512.0,0.003493530311321825,0.003427743429630225,6.578688169159991e-05,1.0076113830223234,0.6232966002535627,-0.38431478276876074
17.0,0.0,4.0,5.0,3.0,3.0,1.0,0.12514345133179386,0.09227287944089108,0.29097340599086086,37.24459596683019,128.0,0.06283351215969414,0.0037065395652887963,0.059126972594405344,-4.909974578193705,-0.23538481115157509,4.67458976704213
17.0,0.0,4.0,5.0,3.0,3.0,4.0,0.12514345133179386,0.09227287944089108,0.07578128597288754,38.80001841811842,512.0,0.009009848121214435,0.003685533924644862,0.005324314196569573,0.2021686343885843,0.20885899875212488,0.006690364363540591
17.0,0.0,4.0,5.0,3.0,4.0,1.0,0.12514345133179386,0.09227287944089108,0.26338568566658455,33.71336776532282,128.0,0.06438174363181914,0.0038632192019274,0.060518524429891744,-5.625723627677333,-0.49237805939935025,5.133345568277983
17.0,0.0,4.0,5.0,3.0,4.0,4.0,0.12514345133179386,0.09227287944089108,0.14633070759720232,74.92132228976759,512.0,0.06216486196933395,0.002381099454376179,0.05978376251495777,-6.010584162956601,0.5336650186956445,6.544249181652245
17.0,0.0,4.0,5.0,3.0,5.0,1.0,0.12514345133179386,0.09227287944089108,0.4347725894154718,55.65089144518039,128.0,0.0719293484157362,0.09076876392995167,-0.018839415514215474,-8.175566312557079,-11.972548808426142,-3.796982495869063
17.0,0.0,4.0,5.0,3.0,5.0,4.0,0.12514345133179386,0.09227287944089108,0.285320098655461,146.08389051159602,512.0,0.009761619257809717,0.016446526603261805,-0.006684907345452087,-0.5886725908103828,-2.94502767621363,-2.3563550854032473
17.0,0.0,4.0,5.0,3.0,6.0,1.0,0.12514345133179386,0.09227287944089108,0.6389076103139143,81.78017412018103,128.0,0.03795517589587255,0.023352473095109544,0.014602702800763007,0.3979024898501218,-1.0916480120907361,-1.489550501940858
17.0,0.0,4.0,5.0,3.0,6.0,4.0,0.12514345133179386,0.09227287944089108,0.36619027963175516,187.48942317145864,512.0,0.010950226065216392,0.006779217633370482,0.00417100843184591,1.9378264692920575,1.3633952618359249,-0.5744312074561326
17.0,0.0,4.0,5.0,3.0,7.0,1.0,0.12514345133179386,0.09227287944089108,0.193391392200377,24.754098201648254,128.0,0.007973201420779275,0.00397388175641465,0.003999319664364625,1.9490288779166116,0.6685819841501438,-1.280446893766468
17.0,0.0,4.0,5.0,3.0,7.0,4.0,0.12514345133179386,0.09227287944089108,0.1544326653897918,79.0695246795734,512.0,0.0188726223856372,0.0260067176609433,-0.007134095275306097,4.326266027094056,0.75452076532821,-3.5717452617658463
17.0,0.0,4.0,5.0,3.0,8.0,1.0,0.12514345133179386,0.09227287944089108,0.143931391844464,18.42321815609139,128.0,0.029817766292937305,0.017268655838684244,0.012549110454253061,-2.973943680422585,-0.9602686208501074,2.0136750595724777
17.0,0.0,4.0,5.0,3.0,8.0,4.0,0.12514345133179386,0.09227287944089108,0.06505837789516826,33.30988948232615,512.0,0.005659356495587343,0.005109279576539174,0.0005500769190481692,0.9934422426159014,1.3464101281711727,0.35296788555527125
17.0,0.0,4.0,5.0,3.0,9.0,1.0,0.12514345133179386,0.09227287944089108,0.36507609869517643,46.72974063298258,128.0,0.008709077352966749,0.010293237463791353,-0.001584160110824604,1.8275460397355372,0.05964303207446712,-1.76790300766107
17.0,0.0,4.0,5.0,3.0,9.0,4.0,0.12514345133179386,0.09227287944089108,0.2532673044152675,129.67285986061697,512.0,0.004779539763216508,0.004700432036489614,7.910772672689408e-05,0.7176275808741881,-0.05960375377683163,-0.7772313346510197
17.0,0.0,4.0,5.0,3.0,10.0,1.0,0.12514345133179386,0.09227287944089108,0.10926228073734232,13.985571934379816,128.0,0.003481379339926667,0.0025278391817677485,0.0009535401581589184,1.5442760240588214,0.5186997160920449,-1.0255763079667766
17.0,0.0,4.0,5.0,3.0,10.0,4.0,0.12514345133179386,0.09227287944089108,0.19399328423323187,99.32456152741472,512.0,0.0025923260272601835,0.003957941964884252,-0.0013656159376240684,2.350265811750682,1.6723642367777893,-0.6779015749728927
17.0,0.0,4.0,5.0,3.0,11.0,1.0,0.12514345133179386,0.09227287944089108,0.11519727333616263,14.745250987028816,128.0,0.02896787755072303,0.02267925955773695,0.006288617992986079,1.3217849608395829,-0.8837360947434225,-2.2055210555830054
17.0,0.0,4.0,5.0,3.0,11.0,4.0,0.12514345133179386,0.09227287944089108,0.1602629248889679,82.05461754315156,512.0,0.007961228642912021,0.008743898902467738,-0.0007826702595557164,2.0663332893914066,0.8833629590377807,-1.1829703303536259
17.0,0.0,4.0,5.0,3.0,12.0,1.0,0.12514345133179386,0.09227287944089108,0.28208641937727447,36.10706168029113,128.0,0.07255629148274793,0.0030789867093836062,0.06947730477336433,-5.33915094895263,0.4421987112252498,5.78134966017788
17.0,0.0,4.0,5.0,3.0,12.0,4.0,0.12514345133179386,0.09227287944089108,0.26223452072802445,134.26407461274852,512.0,0.007578459086547074,0.003941438224831926,0.0036370208617151484,1.6354131544237624,1.6464707965413832,0.011057642117620725
17.0,0.0,4.0,5.0,3.0,13.0,1.0,0.12514345133179386,0.09227287944089108,0.2850922923343732,36.49181341879977,128.0,0.011552923434969626,0.011572775736597212,-1.9852301627586513e-05,1.431149114923546,1.0970875928174557,-0.3340615221060903
17.0,0.0,4.0,5.0,3.0,13.0,4.0,0.12514345133179386,0.09227287944089108,0.20707138597757485,106.02054962051832,512.0,0.0037041400730779004,0.005019407011104402,-0.0013152669380265018,2.048109365308204,1.7892628000541946,-0.2588465652540093
17.0,0.0,4.0,5.0,3.0,14.0,1.0,0.12514345133179386,0.09227287944089108,0.3242150681159173,41.49952871883742,128.0,0.020151750743099172,0.0053118925145177074,0.014839858228581464,2.187984238271311,0.9915371181186902,-1.1964471201526208
17.0,0.0,4.0,5.0,3.0,14.0,4.0,0.12514345133179386,0.09227287944089108,0.2728139060071921,139.68071987568234,512.0,0.005961917555067928,0.006163440625277116,-0.00020152307020918775,3.5207220679523443,0.3428637668281918,-3.1778583011241524
17.0,0.0,4.0,5.0,3.0,15.0,1.0,0.12514345133179386,0.09227287944089108,0.38037403563965433,48.687876561875754,128.0,0.02837135048528506,0.00825162928503788,0.02011972120024718,0.3196580141217542,-0.46864626347914484,-0.788304277600899
17.0,0.0,4.0,5.0,3.0,15.0,4.0,0.12514345133179386,0.09227287944089108,0.17260236409640212,88.37241041735788,512.0,0.008791229389189258,0.00428734125515264,0.004503888134036618,3.9581766583650193,1.4039075320951506,-2.554269126269869
17.0,0.0,4.0,5.0,3.0,16.0,1.0,0.12514345133179386,0.09227287944089108,0.15153483612292915,19.39645902373493,128.0,0.016352476797834768,0.004509780900036562,0.011842695897798206,4.078640283529138,-0.16231830222645446,-4.2409585857555925
17.0,0.0,4.0,5.0,3.0,16.0,4.0,0.12514345133179386,0.09227287944089108,0.2671730144287432,136.79258338751652,512.0,0.004826297851414486,0.0032332872760262557,0.0015930105753882303,3.4530300836888896,0.4399455959868021,-3.0130844877020877
17.0,0.0,4.0,5.0,3.0,17.0,1.0,0.12514345133179386,0.09227287944089108,0.4365045497489684,55.872582367867956,128.0,0.01155169660685186,0.0029032017425742866,0.008648494864277574,-0.7969203343878374,0.32262175823657824,1.1195420926244157
17.0,0.0,4.0,5.0,3.0,17.0,4.0,0.12514345133179386,0.09227287944089108,0.30689818349172987,157.1318699477657,512.0,0.003457715787314426,0.002541172535167969,0.0009165432521464571,1.0930505445492877,0.973446860498773,-0.11960368405051469
17.0,0.0,4.0,5.0,3.0,18.0,1.0,0.12514345133179386,0.09227287944089108,0.5197281418327205,66.52520215458823,128.0,0.011614612741304865,0.004087205604044304,0.00752740713726056,1.0090238990370015,2.0329745465944047,1.0239506475574032
17.0,0.0,4.0,5.0,3.0,18.0,4.0,0.12514345133179386,0.09227287944089108,0.29479240101802967,150.9337093212312,512.0,0.005556339058903122,0.005546761727320059,9.577331583063287e-06,2.304166848992723,1.4915360050555035,-0.8126308439372196
17.0,0.0,4.0,5.0,3.0,19.0,1.0,0.12514345133179386,0.09227287944089108,0.5026609232658523,64.3405981780291,128.0,0.020738825642382955,0.020249756163150234,0.0004890694792327212,-0.5964021433248714,-1.183264984232247,-0.5868628409073755
17.0,0.0,4.0,5.0,3.0,19.0,4.0,0.12514345133179386,0.09227287944089108,0.3035885150066479,155.43731968340373,512.0,0.003007951099926799,0.0038217638400836296,-0.0008138127401568305,2.0704039004039276,1.595277888014382,-0.47512601238954555
17.0,0.0,4.0,5.0,3.0,20.0,1.0,0.12514345133179386,0.09227287944089108,0.17917030799846304,22.93379942380327,128.0,0.03179309113678261,0.03473450843906935,-0.002941417302286739,-1.9301200760795634,-5.550927546518862,-3.6208074704392983
17.0,0.0,4.0,5.0,3.0,20.0,4.0,0.12514345133179386,0.09227287944089108,0.21952769232122715,112.3981784684683,512.0,0.0068524118748222946,0.004962419918612889,0.0018899919562094056,0.6442025708949634,-0.05023232282994106,-0.6944348937249044
17.0,0.0,4.0,5.0,3.0,21.0,1.0,0.12514345133179386,0.09227287944089108,0.3783338698410811,48.42673533965838,128.0,0.02087578519702883,0.004367342438108276,0.016508442758920557,-0.9986419348602578,0.09477118733342628,1.093413122193684
17.0,0.0,4.0,5.0,3.0,21.0,4.0,0.12514345133179386,0.09227287944089108,0.358777470410113,183.69406484997785,512.0,0.004910595767947227,0.003969192054353611,0.000941403713593616,3.2531642198938866,1.6613852361559567,-1.59177898373793
17.0,0.0,4.0,5.0,3.0,22.0,1.0,0.12514345133179386,0.09227287944089108,0.2844984503998239,36.41580165117746,128.0,0.07580443859636717,0.004630401529097819,0.07117403706726935,0.4237865963594235,0.515682056417098,0.09189546005767446
17.0,0.0,4.0,5.0,3.0,22.0,4.0,0.12514345133179386,0.09227287944089108,0.2898411360686431,148.39866166714526,512.0,0.00965722670295025,0.0021285209131315045,0.007528705789818745,1.4934514528771408,0.6941268023720928,-0.799324650505048
17.0,0.0,4.0,5.0,3.0,23.0,1.0,0.12514345133179386,0.09227287944089108,0.16809772317187033,21.516508565999402,128.0,0.022121737038434647,0.008381812910246202,0.013739924128188445,2.8094522991396325,-0.4918050294933505,-3.3012573286329827
17.0,0.0,4.0,5.0,3.0,23.0,4.0,0.12514345133179386,0.09227287944089108,0.2178254156580835,111.52661281693875,512.0,0.004689841237489221,0.00250012063974125,0.002189720597747971,2.786909300801438,0.41342825692611196,-2.373481043875326
17.0,0.0,4.0,5.0,3.0,24.0,1.0,0.12514345133179386,0.09227287944089108,0.3942581078924181,50.46503781022952,128.0,0.022416294873559638,0.016096393888592412,0.006319900984967226,-0.09244125809072574,-1.9917176263587388,-1.8992763682680132
17.0,0.0,4.0,5.0,3.0,24.0,4.0,0.12514345133179386,0.09227287944089108,0.11199215078891067,57.339981203922264,512.0,0.0029005707543636886,0.004347241768183002,-0.0014466710138193138,1.3371763712473475,-0.022641741566505648,-1.3598181128138531
17.0,0.0,4.0,5.0,3.0,25.0,1.0,0.12514345133179386,0.09227287944089108,0.2926425065071073,37.45824083290974,128.0,0.012061997154638762,0.0025307955925718837,0.009531201562066879,3.813833303787509,1.4508248847038534,-2.3630084190836556
17.0,0.0,4.0,5.0,3.0,25.0,4.0,0.12514345133179386,0.09227287944089108,0.21427963466439967,109.71117294817263,512.0,0.011294745697005244,0.008453671472565497,0.002841074224439747,1.3684610615088804,1.515225264668232,0.14676420315935168
17.0,0.0,4.0,5.0,3.0,26.0,1.0,0.12514345133179386,0.09227287944089108,0.35872161329098595,45.9163665012462,128.0,0.011278918639370321,0.004133305023168287,0.007145613616202034,0.05896128282311415,0.2752527189407575,0.21629143611764334
17.0,0.0,4.0,5.0,3.0,26.0,4.0,0.12514345133179386,0.09227287944089108,0.2910435302584865,149.0142874923451,512.0,0.0027294004126420584,0.0030692350653372885,-0.0003398346526952301,2.938693603201609,0.7179810353884258,-2.220712567813183
17.0,0.0,4.0,5.0,3.0,27.0,1.0,0.12514345133179386,0.09227287944089108,0.2270104853335422,29.057342122693402,128.0,0.00496694302912028,0.0038641537552210527,0.001102789273899227,2.5587455434918445,0.22564704114374282,-2.3330985023481015
17.0,0.0,4.0,5.0,3.0,27.0,4.0,0.12514345133179386,0.09227287944089108,0.1933249330207748,98.9823657066367,512.0,0.0036166231614800336,0.0024381851900164286,0.001178437971463605,1.4680505464398028,0.5778377264723445,-0.8902128199674583
17.0,0.0,4.0,5.0,3.0,28.0,1.0,0.12514345133179386,0.09227287944089108,0.33059502374052757,42.31616303878753,128.0,0.01138510048984162,0.004058880467865826,0.007326220021975795,-0.26110279596920216,1.0439424350442907,1.305045231013493
17.0,0.0,4.0,5.0,3.0,28.0,4.0,0.12514345133179386,0.09227287944089108,0.14682873808481348,75.1763138994245,512.0,0.004533934172907219,0.004535990475393224,-2.0563024860052737e-06,1.318658495777493,0.7362560748704311,-0.5824024209070618
17.0,0.0,4.0,5.0,3.0,29.0,1.0,0.12514345133179386,0.09227287944089108,0.40966654650680273,52.43731795287075,128.0,0.022852340335393496,0.018794237894207217,0.004058102441186279,0.337369381676964,0.638671591335874,0.30130220965891
17.0,0.0,4.0,5.0,3.0,29.0,4.0,0.12514345133179386,0.09227287944089108,0.3615527317414026,185.11499865159814,512.0,0.0033129003932957316,0.002816728044061459,0.0004961723492342726,2.9170600408525007,1.2632509959762572,-1.6538090448762435
17.0,0.0,4.0,5.0,3.0,30.0,1.0,0.12514345133179386,0.09227287944089108,0.26374057774740606,33.758793951667975,128.0,0.016763752282003427,0.016243200817712578,0.0005205514642908499,-0.2874037637528182,-1.3600551339788702,-1.072651370226052
17.0,0.0,4.0,5.0,3.0,30.0,4.0,0.12514345133179386,0.09227287944089108,0.10161637828448371,52.02758568165566,512.0,0.02354028874063844,0.023069196924573307,0.000471091816065132,0.28776227036731733,-1.0803644976926885,-1.3681267680600058
17.0,0.0,4.0,5.0,3.0,31.0,1.0,0.12514345133179386,0.09227287944089108,0.23587264888148124,30.1916990568296,128.0,0.1738738091919445,0.006932520606897872,0.16694128858504664,-10.608668696635352,1.532553658391202,12.141222355026553
17.0,0.0,4.0,5.0,3.0,31.0,4.0,0.12514345133179386,0.09227287944089108,0.18734493966013369,95.92060910598845,512.0,0.014883081501247748,0.005714604215247863,0.009168477285999885,1.8106397558111522,1.1630841554775788,-0.6475556003335734
17.0,0.0,4.0,5.0,3.0,32.0,1.0,0.12514345133179386,0.09227287944089108,0.40983682288451756,52.45911332921825,128.0,0.028863827996349373,0.02475861966822476,0.004105208328124613,2.0700359553272567,1.8554046301401614,-0.21463132518709527
17.0,0.0,4.0,5.0,3.0,32.0,4.0,0.12514345133179386,0.09227287944089108,0.19642928929836703,100.57179612076392,512.0,0.005462128651920241,0.00686927407766269,-0.0014071454257424494,3.092101813083407,2.3441633886781803,-0.7479384244052265
18.0,0.0,7.0,5.0,3.0,1.0,1.0,0.11008615748349813,0.06828327579205741,0.3144995217040145,40.25593877811386,128.0,0.00491819352810009,0.006070616391735917,-0.001152422863635827,2.5359725013835437,1.542520855686614,-0.9934516456969298
18.0,0.0,7.0,5.0,3.0,1.0,4.0,0.11008615748349813,0.06828327579205741,0.3336244265526658,170.81570639496488,512.0,0.0011890317230351668,0.002445755897787572,-0.0012567241747524053,2.0930753567374305,1.1276267440507732,-0.9654486126866573
18.0,0.0,7.0,5.0,3.0,2.0,1.0,0.11008615748349813,0.06828327579205741,0.21517334725788986,27.542188449009902,128.0,0.023040780029242158,0.005167289206197125,0.017873490823045034,7.789189288917301,0.7516296877666572,-7.037559601150644
18.0,0.0,7.0,5.0,3.0,2.0,4.0,0.11008615748349813,0.06828327579205741,0.20349319914262692,104.18851796102498,512.0,0.0160162207828467,0.023129677368711882,-0.007113456585865183,2.2926464223846064,-1.3887741424154796,-3.681420564800086
18.0,0.0,7.0,5.0,3.0,3.0,1.0,0.11008615748349813,0.06828327579205741,0.2691742710793979,34.45430669816293,128.0,0.04218229316865545,0.030423352030468555,0.011758941138186898,-3.190509543583632,-2.624000059503498,0.5665094840801341
18.0,0.0,7.0,5.0,3.0,3.0,4.0,0.11008615748349813,0.06828327579205741,0.14286448406524907,73.14661584140752,512.0,0.004578285628319526,0.006712129455399897,-0.002133843827080371,1.4165638803345588,-0.21105042817378736,-1.627614308508346
18.0,0.0,7.0,5.0,3.0,4.0,1.0,0.11008615748349813,0.06828327579205741,0.5023485516706551,64.30061461384385,128.0,0.005997453763812463,0.003881793688528406,0.002115660075284057,1.0498673969189867,0.2594156198096755,-0.7904517771093111
18.0,0.0,7.0,5.0,3.0,4.0,4.0,0.11008615748349813,0.06828327579205741,0.2129637723138017,109.03745142466647,512.0,0.015572940121904341,0.004077516188133894,0.011495423933770448,1.7324775694023116,0.544001392256989,-1.1884761771453225
18.0,0.0,7.0,5.0,3.0,5.0,1.0,0.11008615748349813,0.06828327579205741,0.4012789976737614,51.36371170224146,128.0,0.019671380188290698,0.008919037132220479,0.010752343056070219,-0.8643929205722795,-1.030871309045096,-0.1664783884728166
18.0,0.0,7.0,5.0,3.0,5.0,4.0,0.11008615748349813,0.06828327579205741,0.13654761952390868,69.91238119624124,512.0,0.04817504352067899,0.05665704372550722,-0.008482000204828234,-5.660079688717396,-6.932343782067108,-1.2722640933497127
18.0,0.0,7.0,5.0,3.0,6.0,1.0,0.11008615748349813,0.06828327579205741,0.09039994727599655,11.571193251327559,128.0,0.23100593273349745,0.006171832252991577,0.22483410048050587,7.53465858410826,0.1010791097722747,-7.4335794743359855
18.0,0.0,7.0,5.0,3.0,6.0,4.0,0.11008615748349813,0.06828327579205741,0.1179893500878546,60.41054724498156,512.0,0.05553392367289259,0.007538647974094179,0.04799527569879841,8.768559719108517,1.3772317413177766,-7.3913279777907395
18.0,0.0,7.0,5.0,3.0,7.0,1.0,0.11008615748349813,0.06828327579205741,0.23021314119607522,29.46728207309763,128.0,0.022875914400487994,0.024058115057542018,-0.0011822006570540236,0.18793132829386758,0.11439820562318953,-0.07353312267067805
18.0,0.0,7.0,5.0,3.0,7.0,4.0,0.11008615748349813,0.06828327579205741,0.3802962860950804,194.71169848068118,512.0,0.007784560032437754,0.008752696597141075,-0.0009681365647033211,2.482012218541246,2.1657074670588092,-0.31630475148243686
18.0,0.0,7.0,5.0,3.0,8.0,1.0,0.11008615748349813,0.06828327579205741,0.09397323158800445,12.02857364326457,128.0,0.017605601237376593,0.024008528074756973,-0.00640292683738038,-0.08361956095985193,-2.048299665970676,-1.964680105010824
18.0,0.0,7.0,5.0,3.0,8.0,4.0,0.11008615748349813,0.06828327579205741,0.13292031725765724,68.0552024359205,512.0,0.009363290290003979,0.014203177635137721,-0.004839887345133742,1.6388472899486064,-0.8273693560228504,-2.466216645971457
18.0,0.0,7.0,5.0,3.0,9.0,1.0,0.11008615748349813,0.06828327579205741,0.14160007879828682,18.124810086180712,128.0,0.011898712043461062,0.011008419745263995,0.0008902922981970669,-2.1351751188863544,-1.8655774510794527,0.26959766780690164
18.0,0.0,7.0,5.0,3.0,9.0,4.0,0.11008615748349813,0.06828327579205741,0.19437073518121306,99.51781641278109,512.0,0.005313875209065696,0.006541205701068456,-0.0012273304920027601,0.29188699485427155,-0.3465603581991301,-0.6384473530534016
18.0,0.0,7.0,5.0,3.0,10.0,1.0,0.11008615748349813,0.06828327579205741,0.4149882979014407,53.11850213138441,128.0,0.007328282435051137,0.003998134233728761,0.003330148201322376,3.193464824179175,-0.2501536515715884,-3.4436184757507635
18.0,0.0,7.0,5.0,3.0,10.0,4.0,0.11008615748349813,0.06828327579205741,0.04670537838583055,23.91315373354524,512.0,0.004307924201201829,0.005046139479701348,-0.000738215278499519,0.5613274482333698,-0.23740123884342348,-0.7987286870767932
18.0,0.0,7.0,5.0,3.0,11.0,1.0,0.11008615748349813,0.06828327579205741,0.38166296557744034,48.85285959391236,128.0,0.017230075812916325,0.02506586578629314,-0.007835789973376816,4.110330069934729,1.1207623486062526,-2.989567721328477
18.0,0.0,7.0,5.0,3.0,11.0,4.0,0.11008615748349813,0.06828327579205741,0.2133863827117832,109.253827948433,512.0,0.02698391637966229,0.03527705765409966,-0.008293141274437366,0.09480818664993047,-1.2274878431828318,-1.3222960298327622
18.0,0.0,7.0,5.0,3.0,12.0,1.0,0.11008615748349813,0.06828327579205741,0.5350289721971493,68.48370844123511,128.0,0.004581447942625749,0.004784031835515213,-0.00020258389288946386,0.5983272174986699,0.5399860287303633,-0.05834118876830663
18.0,0.0,7.0,5.0,3.0,12.0,4.0,0.11008615748349813,0.06828327579205741,0.2614549685465922,133.86494389585522,512.0,0.009179204138750636,0.010343344965305621,-0.0011641408265549852,2.343624848317983,1.5968668976957074,-0.7467579506222757
18.0,0.0,7.0,5.0,3.0,13.0,1.0,0.11008615748349813,0.06828327579205741,0.48811207465835776,62.478345556269794,128.0,0.08929707916500708,0.024444040972531347,0.06485303819247573,1.8212342692487047,-0.01013309419086393,-1.8313673634395686
18.0,0.0,7.0,5.0,3.0,13.0,4.0,0.11008615748349813,0.06828327579205741,0.3320406941359018,170.00483539758173,512.0,0.008494764390312767,0.006278160487716013,0.0022166039025967536,2.130387427799311,0.28681038730425057,-1.8435770404950604
18.0,0.0,7.0,5.0,3.0,14.0,1.0,0.11008615748349813,0.06828327579205741,0.6365478462584014,81.47812432107538,128.0,0.014641011326505944,0.01279409328799683,0.0018469180385091138,-1.5843503276190094,-1.350904774634633,0.23344555298437641
18.0,0.0,7.0,5.0,3.0,14.0,4.0,0.11008615748349813,0.06828327579205741,0.0267105279402124,13.675790305388748,512.0,0.01142165627027544,0.013711879799466701,-0.002290223529191261,0.6884832947409907,-1.4567596586119265,-2.145242953352917
18.0,0.0,7.0,5.0,3.0,15.0,1.0,0.11008615748349813,0.06828327579205741,0.3662097830490553,46.87485223027908,128.0,0.01039818496413409,0.01007123978313652,0.0003269451809975697,2.382546061448423,1.0960139317908135,-1.2865321296576093
18.0,0.0,7.0,5.0,3.0,15.0,4.0,0.11008615748349813,0.06828327579205741,0.33730374194126717,172.6995158739288,512.0,0.002517436081233458,0.003555019832006832,-0.001037583750773374,2.240898870514338,0.5373609804897483,-1.7035378900245897
18.0,0.0,7.0,5.0,3.0,16.0,1.0,0.11008615748349813,0.06828327579205741,0.25647999226316126,32.82943900968464,128.0,0.024081797153004354,0.02003973763361694,0.004042059519387416,-2.8661404963076365,-2.9430732064885676,-0.07693271018093117
18.0,0.0,7.0,5.0,3.0,16.0,4.0,0.11008615748349813,0.06828327579205741,0.25211599451035666,129.0833891893026,512.0,0.01149600691223801,0.004408327852956082,0.007087679059281929,7.415475336685873,0.1919304248074364,-7.223544911878436
18.0,0.0,7.0,5.0,3.0,17.0,1.0,0.11008615748349813,0.06828327579205741,0.4315154245108905,55.23397433739398,128.0,0.018509366130016656,0.011172031043174296,0.00733733508684236,3.031118347908797,1.659992047219851,-1.371126300688946
18.0,0.0,7.0,5.0,3.0,17.0,4.0,0.11008615748349813,0.06828327579205741,0.22098266327297494,113.14312359576317,512.0,0.0032476220579020047,0.007589440947081262,-0.004341818889179257,3.1284693043981933,0.09513325421325511,-3.0333360501849382
18.0,0.0,7.0,5.0,3.0,18.0,1.0,0.11008615748349813,0.06828327579205741,0.501568566602699,64.20077652514547,128.0,0.003086020017293198,0.0034631932351976784,-0.00037717321790448023,0.7308511948443189,-0.058905458866653757,-0.7897566537109727
18.0,0.0,7.0,5.0,3.0,18.0,4.0,0.11008615748349813,0.06828327579205741,0.06227289588816458,31.883722694740264,512.0,0.0034704693216302644,0.004008260435451129,-0.0005377911138208643,1.8057434260692922,-0.20057122739859834,-2.0063146534678906
18.0,0.0,7.0,5.0,3.0,19.0,1.0,0.11008615748349813,0.06828327579205741,0.2647728782555027,33.89092841670435,128.0,0.011706962890120964,0.006579874746260827,0.0051270881438601375,-1.5091132926187656,-0.5881449182837202,0.9209683743350454
18.0,0.0,7.0,5.0,3.0,19.0,4.0,0.11008615748349813,0.06828327579205741,0.42110973840582916,215.60818606378453,512.0,0.008160408326278214,0.005917729874444644,0.0022426784518335694,-0.4157467115693474,-0.37027940764274997,0.045467303926597424
18.0,0.0,7.0,5.0,3.0,20.0,1.0,0.11008615748349813,0.06828327579205741,0.22757901341972545,29.130113717724857,128.0,0.05357863768453472,0.05594458218094678,-0.002365944496412059,-1.9396511282619415,-3.181055165720995,-1.2414040374590534
18.0,0.0,7.0,5.0,3.0,20.0,4.0,0.11008615748349813,0.06828327579205741,0.15033330245294846,76.97065085590961,512.0,0.004879152231648356,0.00771037032188902,-0.002831218090240664,2.0820002604182783,0.5611230170823585,-1.52087724333592
18.0,0.0,7.0,5.0,3.0,21.0,1.0,0.11008615748349813,0.06828327579205741,0.09590899646529842,12.276351547558198,128.0,0.12576059497433745,0.01888280859969596,0.10687778637464149,2.165119748581613,-1.9854554531803037,-4.150575201761916
18.0,0.0,7.0,5.0,3.0,21.0,4.0,0.11008615748349813,0.06828327579205741,0.14829581762029895,75.92745862159306,512.0,0.00868512881726813,0.007513367956302174,0.0011717608609659565,2.5973288672473176,0.20781770642573621,-2.3895111608215815
18.0,0.0,7.0,5.0,3.0,22.0,1.0,0.11008615748349813,0.06828327579205741,0.27352104545605105,35.010693818374534,128.0,0.05289335418950602,0.006787383820490967,0.04610597036901505,7.047537432705307,-0.4940970324795944,-7.541634465184901
18.0,0.0,7.0,5.0,3.0,22.0,4.0,0.11008615748349813,0.06828327579205741,0.20214149006719315,103.49644291440289,512.0,0.007707617365704919,0.010517190425294087,-0.002809573059589168,3.171480040445133,-1.567008180924656,-4.7384882213697885
18.0,0.0,7.0,5.0,3.0,23.0,1.0,0.11008615748349813,0.06828327579205741,0.6059928057319682,77.56707913369193,128.0,0.02270748375233746,0.0042369333036447595,0.0184705504486927,-2.5208928383839475,0.3848046341987546,2.9056974725827023
18.0,0.0,7.0,5.0,3.0,23.0,4.0,0.11008615748349813,0.06828327579205741,0.19904035802934808,101.90866331102622,512.0,0.03729309931596904,0.023857943689001272,0.013435155626967767,6.705527177307564,-2.6793246202720256,-9.38485179757959
18.0,0.0,7.0,5.0,3.0,24.0,1.0,0.11008615748349813,0.06828327579205741,0.4607491903276375,58.9758963619376,128.0,0.010874216250759622,0.010802502198312297,7.171405244732476e-05,2.1901360905147276,1.2869861463102104,-0.9031499442045172
18.0,0.0,7.0,5.0,3.0,24.0,4.0,0.11008615748349813,0.06828327579205741,0.09186115858950433,47.03291319782622,512.0,0.12399833475138299,0.13819407550056748,-0.01419574074918449,-16.518295531843062,-17.906023608911106,-1.3877280770680436
18.0,0.0,7.0,5.0,3.0,25.0,1.0,0.11008615748349813,0.06828327579205741,0.4879272125565136,62.45468320723374,128.0,0.012010698463953645,0.014214563119399587,-0.002203864655445942,0.9768225287488196,0.5635402235281595,-0.4132823052206601
18.0,0.0,7.0,5.0,3.0,25.0,4.0,0.11008615748349813,0.06828327579205741,0.3641178587963725,186.4283437037427,512.0,0.010510754618032801,0.012166274190387578,-0.0016555195723547775,3.2515939928658777,1.7554597435403632,-1.4961342493255145
18.0,0.0,7.0,5.0,3.0,26.0,1.0,0.11008615748349813,0.06828327579205741,0.46928835382853745,60.068909290052794,128.0,0.03703604757068858,0.02286696150129883,0.014169086069389752,4.669062369836892,-2.5261072877428643,-7.195169657579756
18.0,0.0,7.0,5.0,3.0,26.0,4.0,0.11008615748349813,0.06828327579205741,0.20558941483490217,105.26178039546991,512.0,0.005414674853608822,0.007804738254242367,-0.002390063400633545,1.8695315566261266,-0.4584056299573627,-2.3279371865834895
18.0,0.0,7.0,5.0,3.0,27.0,1.0,0.11008615748349813,0.06828327579205741,0.11703259206304338,14.980171784069553,128.0,0.11476420895940427,0.12954742696983476,-0.01478321801043049,-12.718359251653949,-14.326384865249143,-1.6080256135951938
18.0,0.0,7.0,5.0,3.0,27.0,4.0,0.11008615748349813,0.06828327579205741,0.28451013179511925,145.66918747910105,512.0,0.010036608465556096,0.012891534854849592,-0.0028549263892934957,0.15918168738188077,-1.4014854553852554,-1.5606671427671361
18.0,0.0,7.0,5.0,3.0,28.0,1.0,0.11008615748349813,0.06828327579205741,0.2545012186437272,32.57615598639708,128.0,0.038982564661323105,0.035425344618303226,0.003557220043019879,-2.615930252621117,-3.848597035052716,-1.232666782431599
18.0,0.0,7.0,5.0,3.0,28.0,4.0,0.11008615748349813,0.06828327579205741,0.383967360713109,196.5912886851118,512.0,0.0053004315609660865,0.008118829944725929,-0.0028183983837598422,0.9218334571434265,-0.6145973473581219,-1.5364308045015482
18.0,0.0,7.0,5.0,3.0,29.0,1.0,0.11008615748349813,0.06828327579205741,0.2717919371677165,34.78936795746771,128.0,0.006464910691051687,0.0063561280195466524,0.00010878267150503471,2.8235921162590913,-0.39443371901867796,-3.2180258352777695
18.0,0.0,7.0,5.0,3.0,29.0,4.0,0.11008615748349813,0.06828327579205741,0.1815873870861619,92.97274218811489,512.0,0.00523423129710636,0.006760141835420832,-0.001525910538314472,1.7962018710300234,-0.12852241413141616,-1.9247242851614395
18.0,0.0,7.0,5.0,3.0,30.0,1.0,0.11008615748349813,0.06828327579205741,0.35875933671870797,45.92119509999462,128.0,0.008382457794716757,0.007698203650376497,0.0006842541443402598,-1.1109771578865766,-0.8721125504093326,0.23886460747724403
18.0,0.0,7.0,5.0,3.0,30.0,4.0,0.11008615748349813,0.06828327579205741,0.3374182126971712,172.75812490095166,512.0,0.011158778966760288,0.008544823832166497,0.0026139551345937904,-0.548843799649724,-0.8407634362646537,-0.2919196366149297
18.0,0.0,7.0,5.0,3.0,31.0,1.0,0.11008615748349813,0.06828327579205741,0.16434107826303943,21.035658017669046,128.0,0.0031747161528504274,0.0034569481151781947,-0.00028223196232776736,0.2950193519538084,-0.09344729298438356,-0.38846664493819194
18.0,0.0,7.0,5.0,3.0,31.0,4.0,0.11008615748349813,0.06828327579205741,0.21620711781781138,110.69804432271943,512.0,0.08142120251479888,0.0817468580293825,-0.00032565551458361985,-12.007110290198826,-11.667461012082919,0.33964927811590684
18.0,0.0,7.0,5.0,3.0,32.0,1.0,0.11008615748349813,0.06828327579205741,0.40238300222361095,51.5050242846222,128.0,0.03196533807259183,0.021147124571926045,0.010818213500665787,3.86430375941518,-4.617892895787151,-8.48219665520233
18.0,0.0,7.0,5.0,3.0,32.0,4.0,0.11008615748349813,0.06828327579205741,0.43651205171676016,223.4941704789812,512.0,0.0062453023215711286,0.006247638376955662,-2.336055384533249e-06,4.009306276755509,-0.31471051844612014,-4.324016795201629
19.0,3.0,5.0,8.0,3.0,1.0,1.0,0.12240212159958949,0.43340627534259085,0.413248106556366,52.89575763921485,128.0,0.0434867468395539,0.045802532972451064,-0.0023157861328971657,-2.438739102806001,-3.4658086062685016,-1.0270695034625006
19.0,3.0,5.0,8.0,3.0,1.0,4.0,0.12240212159958949,0.43340627534259085,0.123402414358636,63.18203615162163,512.0,0.039993175033102256,0.008132344800939136,0.03186083023216312,-1.3054756490352168,0.3646236789105341,1.670099327945751
19.0,3.0,5.0,8.0,3.0,2.0,1.0,0.12240212159958949,0.43340627534259085,0.34002865012864597,43.523667216466684,128.0,0.00924121857470957,0.011461249914774157,-0.0022200313400645866,0.5254496044820801,-0.44016157907784903,-0.9656111835599291
19.0,3.0,5.0,8.0,3.0,2.0,4.0,0.12240212159958949,0.43340627534259085,0.35000415040556815,179.2021250076509,512.0,0.033232206960942416,0.0355072438364718,-0.002275036875529386,-1.6436807914556442,-2.3377098335621698,-0.6940290421065256
19.0,3.0,5.0,8.0,3.0,3.0,1.0,0.12240212159958949,0.43340627534259085,0.3317436031543948,42.46318120376253,128.0,0.03860172634066192,0.019015454365850525,0.019586271974811394,-3.053366180158394,-1.1693570493782075,1.8840091307801865
19.0,3.0,5.0,8.0,3.0,3.0,4.0,0.12240212159958949,0.43340627534259085,0.3097040909631748,158.5684945731455,512.0,0.024214354117385886,0.03500496172514432,-0.010790607607758435,-0.02679478503785545,-1.8924732578171917,-1.8656784727793363
19.0,3.0,5.0,8.0,3.0,4.0,1.0,0.12240212159958949,0.43340627534259085,0.30647880257577476,39.22928672969917,128.0,0.0711728767770327,0.050247904989240096,0.020924971787792603,-2.228001015489046,-5.034929504729623,-2.8069284892405775
19.0,3.0,5.0,8.0,3.0,4.0,4.0,0.12240212159958949,0.43340627534259085,0.21843664015027858,111.83955975694263,512.0,0.007908467327038825,0.006580082580036879,0.0013283847470019466,2.0381164283464117,0.32301349470728125,-1.7151029336391304
19.0,3.0,5.0,8.0,3.0,5.0,1.0,0.12240212159958949,0.43340627534259085,0.37474560669023116,47.96743765634959,128.0,0.02246122499922578,0.025589436979322644,-0.0031282119800968636,-0.9651964208825935,-1.3863164921139675,-0.42112007123137396
19.0,3.0,5.0,8.0,3.0,5.0,4.0,0.12240212159958949,0.43340627534259085,0.21142369439789915,108.24893153172437,512.0,0.0047326639882109235,0.00439727697433185,0.0003353870138790736,2.1513315393910113,0.5552881744316108,-1.5960433649594004
19.0,3.0,5.0,8.0,3.0,6.0,1.0,0.12240212159958949,0.43340627534259085,0.14522580053004308,18.588902467845514,128.0,0.037194552304585626,0.029904365031753276,0.0072901872728323505,1.1574032693107685,0.0488592774062827,-1.108543991904486
19.0,3.0,5.0,8.0,3.0,6.0,4.0,0.12240212159958949,0.43340627534259085,0.20743180080917992,106.20508201430012,512.0,0.011280965631613373,0.015837344789813725,-0.004556379158200351,1.275066783786389,-0.2687478329823912,-1.54381461676878
19.0,3.0,5.0,8.0,3.0,7.0,1.0,0.12240212159958949,0.43340627534259085,0.1875722025329996,24.00924192422395,128.0,0.092529391640365,0.09821089552065304,-0.005681503880288041,-9.923902383989592,-9.783069199306054,0.14083318468353845
19.0,3.0,5.0,8.0,3.0,7.0,4.0,0.12240212159958949,0.43340627534259085,0.11418455455335222,58.462491931316336,512.0,0.007717421368994228,0.012933412057325872,-0.005215990688331644,2.1607992614826257,0.6199565660933692,-1.5408426953892564
19.0,3.0,5.0,8.0,3.0,8.0,1.0,0.12240212159958949,0.43340627534259085,0.19581592313977086,25.06443816189067,128.0,0.010307225902135255,0.0021846059331737163,0.008122619968961539,1.5864710291850161,0.35630895301965315,-1.2301620761653629
19.0,3.0,5.0,8.0,3.0,8.0,4.0,0.12240212159958949,0.43340627534259085,0.1966666777626206,100.69333901446174,512.0,0.004043763195769891,0.003342058002046714,0.0007017051937231772,2.5400158761692375,0.9065814872166293,-1.6334343889526082
19.0,3.0,5.0,8.0,3.0,9.0,1.0,0.12240212159958949,0.43340627534259085,0.15131236625460964,19.367982880590034,128.0,0.0510965781357019,0.019114439291490985,0.03198213884421092,1.1302759686453947,-1.152948682344825,-2.2832246509902197
19.0,3.0,5.0,8.0,3.0,9.0,4.0,0.12240212159958949,0.43340627534259085,0.20727768656376008,106.12617552064516,512.0,0.016766568925188165,0.016264644508667273,0.0005019244165208915,1.4981998006038213,-1.4043438830030976,-2.902543683606919
19.0,3.0,5.0,8.0,3.0,10.0,1.0,0.12240212159958949,0.43340627534259085,0.3901884277626431,49.94411875361832,128.0,0.015257090493253665,0.005281583342445018,0.009975507150808647,1.2638129502900115,-0.4918475160256608,-1.7556604663156723
19.0,3.0,5.0,8.0,3.0,10.0,4.0,0.12240212159958949,0.43340627534259085,0.19808714471752673,101.42061809537368,512.0,0.009948523964659827,0.016236193060585574,-0.0062876690959257475,1.6872362714680258,-0.5641514986887526,-2.2513877701567786
19.0,3.0,5.0,8.0,3.0,11.0,1.0,0.12240212159958949,0.43340627534259085,0.3448733804305616,44.143792695111884,128.0,0.006912168869102495,0.0068478574955057325,6.431137359676209e-05,1.4564384214692951,1.6254867318392172,0.16904831036992207
19.0,3.0,5.0,8.0,3.0,11.0,4.0,0.12240212159958949,0.43340627534259085,0.32028884037341226,163.98788627118708,512.0,0.025619498723116346,0.031012782992824207,-0.005393284269707862,0.5959589160626753,-0.5962435997495702,-1.1922025158122453
19.0,3.0,5.0,8.0,3.0,12.0,1.0,0.12240212159958949,0.43340627534259085,0.5738321648573467,73.45051710174037,128.0,0.01620365936178702,0.020350033023380808,-0.0041463736615937885,-1.3361911385685876,-1.9676966340271747,-0.631505495458587
19.0,3.0,5.0,8.0,3.0,12.0,4.0,0.12240212159958949,0.43340627534259085,0.4966084464842483,254.26352459993512,512.0,0.008838525617125705,0.014099620468214343,-0.005261094851088638,0.9543457124233281,-0.4233037641903004,-1.3776494766136285
19.0,3.0,5.0,8.0,3.0,13.0,1.0,0.12240212159958949,0.43340627534259085,0.12304381495398846,15.749608314110523,128.0,0.008302018019858217,0.009909466778966734,-0.0016074487591085165,-0.19524296995083643,-0.9661142489076673,-0.7708712789568308
19.0,3.0,5.0,8.0,3.0,13.0,4.0,0.12240212159958949,0.43340627534259085,0.17786147645156433,91.06507594320094,512.0,0.016101409598648673,0.021737662639724074,-0.005636253041075401,1.2031319919533014,-0.16068933598323465,-1.363821327936536
19.0,3.0,5.0,8.0,3.0,14.0,1.0,0.12240212159958949,0.43340627534259085,0.17104183979190962,21.89335549336443,128.0,0.006833713263376538,0.006833713263376538,0.0,-1.0940425969777774,-1.0940425969777774,0.0
19.0,3.0,5.0,8.0,3.0,14.0,4.0,0.12240212159958949,0.43340627534259085,0.15449980102949848,79.10389812710322,512.0,0.003040129938681411,0.003844360780302217,-0.000804230841620806,1.244623414565803,-0.377844367199414,-1.622467781765217
19.0,3.0,5.0,8.0,3.0,15.0,1.0,0.12240212159958949,0.43340627534259085,0.15479382269830522,19.813609305383068,128.0,0.008392540201011612,0.007626164935588056,0.0007663752654235561,2.0539883068409908,1.3944967393770764,-0.6594915674639144
19.0,3.0,5.0,8.0,3.0,15.0,4.0,0.12240212159958949,0.43340627534259085,0.2797425660990881,143.2281938427331,512.0,0.008897571049448319,0.007699275355617909,0.00119829569383041,0.1775815439498583,-0.2861138411292616,-0.4636953850791199
19.0,3.0,5.0,8.0,3.0,16.0,1.0,0.12240212159958949,0.43340627534259085,0.07687868119802704,9.840471193347462,128.0,0.010153559629942268,0.003332774013250428,0.00682078561669184,1.6688574808567744,0.1795750112485362,-1.4892824696082383
19.0,3.0,5.0,8.0,3.0,16.0,4.0,0.12240212159958949,0.43340627534259085,0.08440169116806175,43.213665878047614,512.0,0.007489587599918275,0.010251106254708483,-0.0027615186547902083,1.9978194056057903,0.6305242134743908,-1.3672951921313996
19.0,3.0,5.0,8.0,3.0,17.0,1.0,0.12240212159958949,0.43340627534259085,0.5607482197505341,71.77577212806837,128.0,0.01910230571432026,0.0189289555157235,0.00017335019859675976,0.2972666763130508,0.13357886364484897,-0.16368781266820184
19.0,3.0,5.0,8.0,3.0,17.0,4.0,0.12240212159958949,0.43340627534259085,0.2918517679306025,149.4281051804685,512.0,0.003681743957764873,0.007842404689047107,-0.004160660731282234,2.233140385667619,0.6872771671087691,-1.54586321855885
19.0,3.0,5.0,8.0,3.0,18.0,1.0,0.12240212159958949,0.43340627534259085,0.13570264890569111,17.369939059928463,128.0,0.011942380933837687,0.014958022456351576,-0.0030156415225138893,1.0931721990012937,0.6554155980652049,-0.4377566009360888
19.0,3.0,5.0,8.0,3.0,18.0,4.0,0.12240212159958949,0.43340627534259085,0.15666093812505527,80.2104003200283,512.0,0.0067014338389882935,0.009049061106329909,-0.0023476272673416156,1.4783011762475902,0.7565319935764221,-0.7217691826711681
19.0,3.0,5.0,8.0,3.0,19.0,1.0,0.12240212159958949,0.43340627534259085,0.10096667196289863,12.923734011251025,128.0,0.005762076778211821,0.0023700971032772408,0.0033919796749345803,1.2140970481297961,0.35666141062311757,-0.8574356375066785
19.0,3.0,5.0,8.0,3.0,19.0,4.0,0.12240212159958949,0.43340627534259085,0.19108891335399295,97.83752363724439,512.0,0.00341234108484376,0.0041362050247835975,-0.0007238639399398373,0.5722113053705353,0.09441705420449378,-0.4777942511660416
19.0,3.0,5.0,8.0,3.0,20.0,1.0,0.12240212159958949,0.43340627534259085,0.43706772035629354,55.94466820560557,128.0,0.017745609612805528,0.00505620038726153,0.012689409225543997,2.0008746994230644,0.9384915686854411,-1.0623831307376232
19.0,3.0,5.0,8.0,3.0,20.0,4.0,0.12240212159958949,0.43340627534259085,0.17444709582620363,89.31691306301626,512.0,0.005381097833122097,0.0060123084495627074,-0.0006312106164406105,2.5356879881028522,1.1915735652329684,-1.3441144228698838
19.0,3.0,5.0,8.0,3.0,21.0,1.0,0.12240212159958949,0.43340627534259085,0.1096481979377689,14.034969336034418,128.0,0.01704538482418172,0.01871156212998617,-0.001666177305804449,-0.290377813223008,-0.809750765947038,-0.5193729527240301
19.0,3.0,5.0,8.0,3.0,21.0,4.0,0.12240212159958949,0.43340627534259085,0.17597478853414802,90.09909172948379,512.0,0.008066435036460793,0.01174542492671258,-0.003678989890251788,1.3511087549264258,0.24000387025635533,-1.1111048846700704
19.0,3.0,5.0,8.0,3.0,22.0,1.0,0.12240212159958949,0.43340627534259085,0.2552753109038405,32.67523979569158,128.0,0.026257927621759075,0.01370535202299257,0.012552575598766505,-2.1764396125464187,-1.030767637029005,1.1456719755174136
19.0,3.0,5.0,8.0,3.0,22.0,4.0,0.12240212159958949,0.43340627534259085,0.24133776782121322,123.56493712446117,512.0,0.010146183144063034,0.012249941251636622,-0.002103758107573588,1.4937346149841562,0.556017765788945,-0.9377168491952111
19.0,3.0,5.0,8.0,3.0,23.0,1.0,0.12240212159958949,0.43340627534259085,0.2626010983455278,33.61294058822756,128.0,0.005425986340012448,0.0026685073973943055,0.0027574789426181422,1.9235620454953237,0.7720488236046581,-1.1515132218906656
19.0,3.0,5.0,8.0,3.0,23.0,4.0,0.12240212159958949,0.43340627534259085,0.20817804935536896,106.58716126994891,512.0,0.007924973280356875,0.006483141771030033,0.0014418315093268422,1.244934500431757,0.8030961189408109,-0.441838381490946
19.0,3.0,5.0,8.0,3.0,24.0,1.0,0.12240212159958949,0.43340627534259085,0.3879748437527824,49.66078000035615,128.0,0.2192061786136291,0.24570565518909374,-0.026499476575464642,-19.036614662235994,-20.58195219300602,-1.545337530770027
19.0,3.0,5.0,8.0,3.0,24.0,4.0,0.12240212159958949,0.43340627534259085,0.3068588351971368,157.11172362093404,512.0,0.016130226060011535,0.017751780867688048,-0.0016215548076765132,3.0380767701494467,0.961262819367511,-2.0768139507819354
19.0,3.0,5.0,8.0,3.0,25.0,1.0,0.12240212159958949,0.43340627534259085,0.4285355521231625,54.8525506717648,128.0,0.00787148345249264,0.0031605957348428857,0.004710887717649753,-0.06190903899990016,0.11505613357465506,0.17696517257455524
19.0,3.0,5.0,8.0,3.0,25.0,4.0,0.12240212159958949,0.43340627534259085,0.35558548435575327,182.05976799014567,512.0,0.0030483850434036073,0.003551102755233692,-0.0005027177118300846,0.9065711085306352,0.8482127523556157,-0.0583583561750195
19.0,3.0,5.0,8.0,3.0,26.0,1.0,0.12240212159958949,0.43340627534259085,0.32675866262612047,41.82510881614342,128.0,0.01809830941637531,0.006021449557017007,0.012076859859358302,-0.9016002207157154,-0.6422182093571253,0.2593820113585902
19.0,3.0,5.0,8.0,3.0,26.0,4.0,0.12240212159958949,0.43340627534259085,0.33401088725674455,171.0135742754532,512.0,0.0038474020349463472,0.002875019239176764,0.0009723827957695834,0.9735117879084141,0.4675132815776505,-0.5059985063307636
19.0,3.0,5.0,8.0,3.0,27.0,1.0,0.12240212159958949,0.43340627534259085,0.2942692950859296,37.66646977099899,128.0,0.050653723850288615,0.009717432678015189,0.040936291172273424,-2.5291745877498037,-1.7138891336707271,0.8152854540790766
19.0,3.0,5.0,8.0,3.0,27.0,4.0,0.12240212159958949,0.43340627534259085,0.16326258441178448,83.59044321883366,512.0,0.007357360525179427,0.004291031707614497,0.00306632881756493,1.9311602903135994,-0.07702373633009947,-2.0081840266436988
19.0,3.0,5.0,8.0,3.0,28.0,1.0,0.12240212159958949,0.43340627534259085,0.4330988494481908,55.436652729368426,128.0,0.05812272059300475,0.03370812425397303,0.024414596339031723,0.961075670451458,-2.073424342956601,-3.034500013408059
19.0,3.0,5.0,8.0,3.0,28.0,4.0,0.12240212159958949,0.43340627534259085,0.2812131887069531,143.98115261796,512.0,0.008940470256881836,0.014543698599813925,-0.005603228342932089,3.8042766796902945,0.774747884603105,-3.0295287950871894
19.0,3.0,5.0,8.0,3.0,29.0,1.0,0.12240212159958949,0.43340627534259085,0.02865329264916743,3.667621459093431,128.0,0.036751712539997206,0.027294833047591813,0.009456879492405392,1.530874090118067,-0.04811965339975294,-1.57899374351782
19.0,3.0,5.0,8.0,3.0,29.0,4.0,0.12240212159958949,0.43340627534259085,0.03588374251234051,18.37247616631834,512.0,0.0062867358761707305,0.008852368637044857,-0.0025656327608741267,2.651975316842717,0.7466016109445343,-1.905373705898183
19.0,3.0,5.0,8.0,3.0,30.0,1.0,0.12240212159958949,0.43340627534259085,0.47830736933872053,61.22334327535623,128.0,0.01035877201589815,0.01004789482895301,0.00031087718694513926,0.08758823384048452,-1.4167099821252453,-1.5042982159657299
19.0,3.0,5.0,8.0,3.0,30.0,4.0,0.12240212159958949,0.43340627534259085,0.49498946921201353,253.43460823655093,512.0,0.00433731918484996,0.005204188756391106,-0.0008668695715411462,1.9388594178436869,-0.38812031154013177,-2.326979729383819
19.0,3.0,5.0,8.0,3.0,31.0,1.0,0.12240212159958949,0.43340627534259085,0.2866203211044592,36.687401101370774,128.0,0.030192932599030164,0.025206147847725752,0.004986784751304412,-2.8466356599131046,-2.17486013639806,0.6717755235150444
19.0,3.0,5.0,8.0,3.0,31.0,4.0,0.12240212159958949,0.43340627534259085,0.14103998361396589,72.21247161035053,512.0,0.004158212763577817,0.005251737652736573,-0.0010935248891587564,0.42121697224888277,0.2564032943073579,-0.16481367794152485
19.0,3.0,5.0,8.0,3.0,32.0,1.0,0.12240212159958949,0.43340627534259085,0.3692510811328444,47.26413838500408,128.0,0.009460638759955602,0.0076967882832974,0.0017638504766582025,0.6453131141356738,0.4464416586345548,-0.198871455501119
19.0,3.0,5.0,8.0,3.0,32.0,4.0,0.12240212159958949,0.43340627534259085,0.3781096750920732,193.5921536471415,512.0,0.02306824174429353,0.0311438410309042,-0.008075599286610672,-0.060474748133636534,-1.5106638217953807,-1.4501890736617442
20.0,8.0,6.0,14.0,3.0,1.0,1.0,0.17416232103516502,0.42550764075286057,0.35495597015855285,45.434364180294764,128.0,0.0038687288227570804,0.0030222408360529966,0.0008464879867040838,0.9603798356255806,0.894864241626003,-0.06551559399957763
20.0,8.0,6.0,14.0,3.0,1.0,4.0,0.17416232103516502,0.42550764075286057,0.28394051294565503,145.37754262817538,512.0,0.00421330753804905,0.003857164096787824,0.0003561434412612261,1.0626256518511654,0.8459893297992427,-0.21663632205192274
20.0,8.0,6.0,14.0,3.0,2.0,1.0,0.17416232103516502,0.42550764075286057,0.3293919646748758,42.1621714783841,128.0,0.03759426657121606,0.03207291799917633,0.00552134857203973,-1.1169063280560112,-0.523604879382207,0.5933014486738042
20.0,8.0,6.0,14.0,3.0,2.0,4.0,0.17416232103516502,0.42550764075286057,0.21049222987603539,107.77202169653012,512.0,0.007688911751566441,0.00982164934222114,-0.0021327375906546996,1.6248319927564807,1.5524526610767952,-0.07237933167968547
20.0,8.0,6.0,14.0,3.0,3.0,1.0,0.17416232103516502,0.42550764075286057,0.2953303510098478,37.802284929260516,128.0,0.013442645544901204,0.012884603417500045,0.000558042127401159,0.8389536649356858,1.0394375492967125,0.2004838843610267
20.0,8.0,6.0,14.0,3.0,3.0,4.0,0.17416232103516502,0.42550764075286057,0.35610058036529635,182.32349714703173,512.0,0.0038463143298959382,0.0070705706055411025,-0.0032242562756451642,2.6974201872657404,1.9278282086537997,-0.7695919786119407
20.0,8.0,6.0,14.0,3.0,4.0,1.0,0.17416232103516502,0.42550764075286057,0.24625545318204517,31.52069800730178,128.0,0.030693634553152736,0.02220642350264697,0.008487211050505768,0.31101878646352127,-0.44140989779701123,-0.7524286842605326
20.0,8.0,6.0,14.0,3.0,4.0,4.0,0.17416232103516502,0.42550764075286057,0.24839758102747853,127.179561486069,512.0,0.004970709046837357,0.005144421478000462,-0.0001737124311631047,1.2263294398909679,1.198219514676458,-0.028109925214509834
20.0,8.0,6.0,14.0,3.0,5.0,1.0,0.17416232103516502,0.42550764075286057,0.2986166217066511,38.22292757845134,128.0,0.01843523626491331,0.004746839038554271,0.01368839722635904,1.2517739471675284,1.4606747464784062,0.2089007993108778
20.0,8.0,6.0,14.0,3.0,5.0,4.0,0.17416232103516502,0.42550764075286057,0.2537002224620836,129.89451390058682,512.0,0.010443984551062924,0.008327882328950287,0.0021161022221126372,1.2201476862184304,1.0999256045399346,-0.1202220816784958
20.0,8.0,6.0,14.0,3.0,6.0,1.0,0.17416232103516502,0.42550764075286057,0.4307310181948124,55.13357032893599,128.0,0.026307656631322524,0.014786038943111899,0.011521617688210625,-0.1481891238413414,0.3984273382463457,0.5466164620876871
20.0,8.0,6.0,14.0,3.0,6.0,4.0,0.17416232103516502,0.42550764075286057,0.19301232329267884,98.82230952585157,512.0,0.044076668459320734,0.011163743717929882,0.03291292474139085,-0.5298613953190487,1.2770157303707497,1.8068771256897984
20.0,8.0,6.0,14.0,3.0,7.0,1.0,0.17416232103516502,0.42550764075286057,0.28247045509901686,36.15621825267416,128.0,0.05984985210346677,0.0055991240444855025,0.05425072805898127,-2.8991913903808113,0.5400368231311566,3.439228213511968
20.0,8.0,6.0,14.0,3.0,7.0,4.0,0.17416232103516502,0.42550764075286057,0.13252464835044664,67.85261995542868,512.0,0.008466916386843718,0.004195102446743145,0.004271813940100573,0.6174501544643708,1.1607191817883726,0.5432690273240018
20.0,8.0,6.0,14.0,3.0,8.0,1.0,0.17416232103516502,0.42550764075286057,0.5559201256020551,71.15777607706305,128.0,0.022698501241333987,0.014822462811520028,0.007876038429813959,1.1786846019469912,0.931139935516107,-0.24754466643088424
20.0,8.0,6.0,14.0,3.0,8.0,4.0,0.17416232103516502,0.42550764075286057,0.46588177547347653,238.53146904241999,512.0,0.006128895010498832,0.008081407599801128,-0.0019525125893022953,1.8982274488287048,1.4251925125655023,-0.4730349362632025
20.0,8.0,6.0,14.0,3.0,9.0,1.0,0.17416232103516502,0.42550764075286057,0.47790490141346753,61.171827380923844,128.0,0.034999204909670775,0.02803157482356025,0.006967630086110524,0.028580133905972332,-0.11851061039769088,-0.1470907443036632
20.0,8.0,6.0,14.0,3.0,9.0,4.0,0.17416232103516502,0.42550764075286057,0.33325997350701747,170.62910643559294,512.0,0.004084787972361302,0.007780058160404677,-0.0036952701880433748,2.521378082920925,2.0410896995805756,-0.4802883833403495
20.0,8.0,6.0,14.0,3.0,10.0,1.0,0.17416232103516502,0.42550764075286057,0.2675383532611463,34.244909217426724,128.0,0.004287096855343954,0.004015132932096627,0.0002719639232473276,1.1687387276984995,0.537532646581378,-0.6312060811171215
20.0,8.0,6.0,14.0,3.0,10.0,4.0,0.17416232103516502,0.42550764075286057,0.2996898062098301,153.441180779433,512.0,0.005508133626133962,0.004221819051672998,0.0012863145744609634,1.5148211257474375,1.2045319818848224,-0.3102891438626152
20.0,8.0,6.0,14.0,3.0,11.0,1.0,0.17416232103516502,0.42550764075286057,0.49320425737391294,63.130144943860856,128.0,0.037424452815418605,0.033672038732098133,0.003752414083320471,-0.7516778497226743,-0.34268765856758554,0.4089901911550887
20.0,8.0,6.0,14.0,3.0,11.0,4.0,0.17416232103516502,0.42550764075286057,0.2823632939649863,144.57000651007297,512.0,0.009058840087636948,0.008653248667937027,0.00040559141969992094,0.3627697840320996,0.6374018373111047,0.2746320532790051
20.0,8.0,6.0,14.0,3.0,12.0,1.0,0.17416232103516502,0.42550764075286057,0.1401736749544759,17.942230394172917,128.0,0.03360049521850623,0.01591737432659029,0.017683120891915937,1.8953598918415129,1.673153367166827,-0.22220652467468582
20.0,8.0,6.0,14.0,3.0,12.0,4.0,0.17416232103516502,0.42550764075286057,0.19891773569053545,101.84588067355415,512.0,0.013851993163509331,0.021604575422197823,-0.007752582258688492,3.120167090366043,2.1688732836318096,-0.9512938067342334
20.0,8.0,6.0,14.0,3.0,13.0,1.0,0.17416232103516502,0.42550764075286057,0.43907125875060893,56.20112112007794,128.0,0.019401084539934527,0.021136191251029026,-0.0017351067110944994,0.7042590910658127,1.0820901187653527,0.3778310276995399
20.0,8.0,6.0,14.0,3.0,13.0,4.0,0.17416232103516502,0.42550764075286057,0.18882684586179452,96.6793450812388,512.0,0.008873241997728779,0.007204430154417482,0.0016688118433112967,0.58793577646573,1.1120264965724516,0.5240907201067215
20.0,8.0,6.0,14.0,3.0,14.0,1.0,0.17416232103516502,0.42550764075286057,0.11899710974765054,15.23163004769927,128.0,0.022378560242324222,0.013656483013170073,0.008722077229154149,-0.9412535624512164,-0.19325336620106315,0.7480001962501532
20.0,8.0,6.0,14.0,3.0,14.0,4.0,0.17416232103516502,0.42550764075286057,0.16476895327240226,84.36170407546996,512.0,0.013869359349245977,0.01594463560418051,-0.0020752762549345327,2.1113081775057196,2.147167675953625,0.03585949844790548
20.0,8.0,6.0,14.0,3.0,15.0,1.0,0.17416232103516502,0.42550764075286057,0.3982953639395463,50.981806584261925,128.0,0.05285966085162169,0.049888762723254425,0.002970898128367268,-1.2883047447041356,-1.3653783108427173,-0.07707356613858174
20.0,8.0,6.0,14.0,3.0,15.0,4.0,0.17416232103516502,0.42550764075286057,0.21329905297809315,109.2091151247837,512.0,0.006957779903574482,0.008418258629726966,-0.0014604787261524848,2.2581928466302497,1.906247370638906,-0.3519454759913436
20.0,8.0,6.0,14.0,3.0,16.0,1.0,0.17416232103516502,0.42550764075286057,0.5664201097679843,72.50177405030199,128.0,0.014780523184912806,0.004869804997996385,0.00991071818691642,0.5198259300858736,0.8326302584955491,0.3128043284096754
20.0,8.0,6.0,14.0,3.0,16.0,4.0,0.17416232103516502,0.42550764075286057,0.20167239680934756,103.25626716638595,512.0,0.007640574603407205,0.0027991537787632435,0.0048414208246439615,1.1354688813355707,1.1433967757389794,0.007927894403408686
20.0,8.0,6.0,14.0,3.0,17.0,1.0,0.17416232103516502,0.42550764075286057,0.3065766531253806,39.24181160004872,128.0,0.01802271402080041,0.005840084454412576,0.012182629566387833,-1.3351911852817215,0.1228542690712104,1.458045454352932
20.0,8.0,6.0,14.0,3.0,17.0,4.0,0.17416232103516502,0.42550764075286057,0.2793877290095849,143.04651725290748,512.0,0.004094719558252701,0.0024053913367381753,0.0016893282215145258,0.7753243502184641,0.9740656533457988,0.19874130312733462
20.0,8.0,6.0,14.0,3.0,18.0,1.0,0.17416232103516502,0.42550764075286057,0.33472902954417993,42.84531578165503,128.0,0.13955343005126697,0.04409695152469567,0.0954564785265713,-5.6917183293036375,-2.8863572157278186,2.805361113575819
20.0,8.0,6.0,14.0,3.0,18.0,4.0,0.17416232103516502,0.42550764075286057,0.24311288079572804,124.47379496741276,512.0,0.01657657415714615,0.0056979988490088625,0.010878575308137288,0.4540172217353994,0.19848010425934734,-0.255537117476052
20.0,8.0,6.0,14.0,3.0,19.0,1.0,0.17416232103516502,0.42550764075286057,0.1680050024730588,21.504640316551527,128.0,0.014733953782714818,0.0035700692257628237,0.011163884556951994,0.32968647159465686,0.4372873981492914,0.10760092655463455
20.0,8.0,6.0,14.0,3.0,19.0,4.0,0.17416232103516502,0.42550764075286057,0.28096264252707565,143.85287297386273,512.0,0.005374927897511915,0.0024347588204218862,0.002940169077090029,1.307601337052326,1.0992347849911952,-0.20836655206113086
20.0,8.0,6.0,14.0,3.0,20.0,1.0,0.17416232103516502,0.42550764075286057,0.15842119295851126,20.27791269868944,128.0,0.1553518574223948,0.16507961561721005,-0.00972775819481525,-15.48162439025019,-16.400794657279583,-0.9191702670293935
20.0,8.0,6.0,14.0,3.0,20.0,4.0,0.17416232103516502,0.42550764075286057,0.12757999318544558,65.32095651094814,512.0,0.01139397617500288,0.013209663497628348,-0.0018156873226254679,1.5759721224807213,0.9366426918472183,-0.639329430633503
20.0,8.0,6.0,14.0,3.0,21.0,1.0,0.17416232103516502,0.42550764075286057,0.24050094369656144,30.784120793159865,128.0,0.0238449063113994,0.012217576341200218,0.01162732997019918,-0.7118239359086499,-0.18811841408841984,0.52370552182023
20.0,8.0,6.0,14.0,3.0,21.0,4.0,0.17416232103516502,0.42550764075286057,0.32010431569133646,163.89340963396427,512.0,0.006679979806919744,0.005415815528064303,0.0012641642788554404,1.1446313037838354,1.1998555611079749,0.05522425732413949
20.0,8.0,6.0,14.0,3.0,22.0,1.0,0.17416232103516502,0.42550764075286057,0.28658661677446823,36.68308694713193,128.0,0.01149664540839312,0.012593099537006906,-0.0010964541286137865,0.5436145389734779,0.5184645093945341,-0.025150029578943744
20.0,8.0,6.0,14.0,3.0,22.0,4.0,0.17416232103516502,0.42550764075286057,0.3116252233453159,159.55211435280174,512.0,0.005893547639102083,0.007843174266469976,-0.0019496266273678932,1.3400202404627912,0.8299514332868235,-0.5100688071759677
20.0,8.0,6.0,14.0,3.0,23.0,1.0,0.17416232103516502,0.42550764075286057,0.37424664866664425,47.903571029330465,128.0,0.04872716504026891,0.03679580388989637,0.011931361150372542,-0.9269348402158678,-0.6631006496572622,0.2638341905586056
20.0,8.0,6.0,14.0,3.0,23.0,4.0,0.17416232103516502,0.42550764075286057,0.3929604085716285,201.1957291886738,512.0,0.009561653467843115,0.006007385445929439,0.003554268021913676,2.397077477442036,1.8129561036709205,-0.5841213737711155
20.0,8.0,6.0,14.0,3.0,24.0,1.0,0.17416232103516502,0.42550764075286057,0.3634501689657667,46.52162162761814,128.0,0.011116010186212482,0.004027724909846386,0.007088285276366096,0.07945886775983525,-0.2017084793589226,-0.28116734711875785
20.0,8.0,6.0,14.0,3.0,24.0,4.0,0.17416232103516502,0.42550764075286057,0.2642852758889749,135.31406125515514,512.0,0.010324236947432008,0.014555303256588215,-0.004231066309156206,2.1972400163581236,1.551389265175111,-0.6458507511830125
20.0,8.0,6.0,14.0,3.0,25.0,1.0,0.17416232103516502,0.42550764075286057,0.5172296045325391,66.205389380165,128.0,0.006844675844613329,0.006331822058321173,0.0005128537862921553,1.5944905595966214,1.2517349856057272,-0.3427555739908943
20.0,8.0,6.0,14.0,3.0,25.0,4.0,0.17416232103516502,0.42550764075286057,0.3941447982832109,201.802136721004,512.0,0.011414325386829885,0.003112282308177035,0.00830204307865285,1.5479532467007484,1.3875472554286885,-0.1604059912720599
20.0,8.0,6.0,14.0,3.0,26.0,1.0,0.17416232103516502,0.42550764075286057,0.41747379658341294,53.436645962676856,128.0,0.019007575805752998,0.01824129286003659,0.000766282945716408,-0.5367164939753498,-1.4869454034964935,-0.9502289095211437
20.0,8.0,6.0,14.0,3.0,26.0,4.0,0.17416232103516502,0.42550764075286057,0.35024219473647866,179.32400370507708,512.0,0.003932057455622671,0.005066342837418187,-0.0011342853817955158,1.5405801373936177,1.3852703781906304,-0.15530975920298729
20.0,8.0,6.0,14.0,3.0,27.0,1.0,0.17416232103516502,0.42550764075286057,0.478192921628364,61.208693968430595,128.0,0.0822597361037771,0.017180239564003455,0.06507949653977364,-1.8338957198236205,0.7086968539212666,2.542592573744887
20.0,8.0,6.0,14.0,3.0,27.0,4.0,0.17416232103516502,0.42550764075286057,0.39508368816972994,202.28284834290173,512.0,0.019495053190614883,0.002190249307007093,0.01730480388360779,0.92309745113612,1.2725010628242954,0.34940361168817546
20.0,8.0,6.0,14.0,3.0,28.0,1.0,0.17416232103516502,0.42550764075286057,0.34255475233470767,43.84700829884258,128.0,0.08537216603005902,0.0911115300636468,-0.005739364033587782,-3.7099208180050507,-4.088923266366899,-0.37900244836184793
20.0,8.0,6.0,14.0,3.0,28.0,4.0,0.17416232103516502,0.42550764075286057,0.2584323850401551,132.3173811405594,512.0,0.011511736248249966,0.014238697168323855,-0.002726960920073889,1.261205466752637,1.090817548130501,-0.17038791862213598
20.0,8.0,6.0,14.0,3.0,29.0,1.0,0.17416232103516502,0.42550764075286057,0.3132876904457817,40.10082437706006,128.0,0.008807273089149394,0.00601146141707554,0.0027958116720738536,0.11729802943460906,-0.5199978727101132,-0.6372959021447223
20.0,8.0,6.0,14.0,3.0,29.0,4.0,0.17416232103516502,0.42550764075286057,0.21782994496516628,111.52893182216513,512.0,0.002899968902621555,0.002612448660787847,0.0002875202418337079,1.1139921542825246,0.9342282514094535,-0.1797639028730711
20.0,8.0,6.0,14.0,3.0,30.0,1.0,0.17416232103516502,0.42550764075286057,0.5698882968183847,72.94570199275324,128.0,0.08348721226427727,0.08965188508289443,-0.006164672818617156,-2.375544719680798,-2.306554231893727,0.06899048778707106
20.0,8.0,6.0,14.0,3.0,30.0,4.0,0.17416232103516502,0.42550764075286057,0.1973016226133188,101.01843077801922,512.0,0.013423109164790191,0.017710785390116786,-0.004287676225326595,2.4823103736197853,2.1084527442494045,-0.3738576293703808
20.0,8.0,6.0,14.0,3.0,31.0,1.0,0.17416232103516502,0.42550764075286057,0.27233058139349287,34.85831441836709,128.0,0.00573933332482369,0.0031612072959112288,0.002578126028912461,0.22548423113247687,0.611276351279202,0.38579212014672515
20.0,8.0,6.0,14.0,3.0,31.0,4.0,0.17416232103516502,0.42550764075286057,0.18382920201292635,94.12055143061829,512.0,0.003883309184251676,0.005598601917260043,-0.0017152927330083669,1.50636046247551,1.3381109085357168,-0.16824955393979324
20.0,8.0,6.0,14.0,3.0,32.0,1.0,0.17416232103516502,0.42550764075286057,0.41408634970668123,53.0030527624552,128.0,0.02488277287686523,0.026084529367113814,-0.001201756490248583,-1.1981465962388769,-1.0770004092673902,0.12114618697148671
20.0,8.0,6.0,14.0,3.0,32.0,4.0,0.17416232103516502,0.42550764075286057,0.28621600633760497,146.54259524485374,512.0,0.030910175213036455,0.0329785533322439,-0.002068378119207445,0.2656363273749196,0.3830794212337828,0.1174430938588632
21.0,9.0,2.0,14.0,3.0,1.0,1.0,0.1349968465096469,0.265587017253916,0.4571439262982248,58.514422566172776,128.0,0.006834917374421694,0.00749718079421743,-0.0006622634197957352,1.1980376163348405,1.8594890312705448,0.6614514149357043
21.0,9.0,2.0,14.0,3.0,1.0,4.0,0.1349968465096469,0.265587017253916,0.15376741041139944,78.72891413063651,512.0,0.007102670442383906,0.00890121148944676,-0.0017985410470628543,3.060195055907069,4.161901308488232,1.1017062525811627
21.0,9.0,2.0,14.0,3.0,2.0,1.0,0.1349968465096469,0.265587017253916,0.14996892148857952,19.196021950538178,128.0,0.05571279641861398,0.06097728691176428,-0.005264490493150302,-3.074338368423524,-2.2661399404399427,0.8081984279835814
21.0,9.0,2.0,14.0,3.0,2.0,4.0,0.1349968465096469,0.265587017253916,0.22271228967306794,114.02869231261079,512.0,0.004786542678478594,0.00931568815509005,-0.004529145476611455,4.263160474832282,4.4315233429435805,0.16836286811129852
21.0,9.0,2.0,14.0,3.0,3.0,1.0,0.1349968465096469,0.265587017253916,0.2952783586206837,37.79562990344751,128.0,0.034918206818809916,0.012419412097521683,0.022498794721288233,1.3859570151598177,1.6747871419303695,0.28883012677055175
21.0,9.0,2.0,14.0,3.0,3.0,4.0,0.1349968465096469,0.265587017253916,0.32792814280841215,167.89920911790702,512.0,0.003123992439811333,0.004616892633175464,-0.0014929001933641313,3.666151704270163,3.649221953067691,-0.016929751202471977
21.0,9.0,2.0,14.0,3.0,4.0,1.0,0.1349968465096469,0.265587017253916,0.42994215357600657,55.03259565772884,128.0,0.02291448687813516,0.023759020156232814,-0.000844533278097654,0.22519678940074864,0.7963607793539562,0.5711639899532076
21.0,9.0,2.0,14.0,3.0,4.0,4.0,0.1349968465096469,0.265587017253916,0.3339897128606212,171.00273298463804,512.0,0.007932696862704668,0.008466965538431204,-0.0005342686757265364,3.314885931810111,2.8734559063634744,-0.4414300254466368
21.0,9.0,2.0,14.0,3.0,5.0,1.0,0.1349968465096469,0.265587017253916,0.22750359491865635,29.120460149588013,128.0,0.02063590442491174,0.023537117902773748,-0.0029012134778620066,0.7203460873517283,0.10100958157142817,-0.6193365057803002
21.0,9.0,2.0,14.0,3.0,5.0,4.0,0.1349968465096469,0.265587017253916,0.3028420351111537,155.0551219769107,512.0,0.004854967053095523,0.00853355713548444,-0.0036785900823889175,3.166647898015944,3.326485176195762,0.15983727817981785
21.0,9.0,2.0,14.0,3.0,6.0,1.0,0.1349968465096469,0.265587017253916,0.024144991494822677,3.0905589113373026,128.0,0.01965349203718343,0.0095911289216536,0.010062363115529832,-1.6015296150248808,0.21395901027065764,1.8154886252955384
21.0,9.0,2.0,14.0,3.0,6.0,4.0,0.1349968465096469,0.265587017253916,0.03640102393161384,18.637324252986286,512.0,0.02830044424826306,0.006330472281273246,0.021969971966989812,-1.6948093814488714,1.153300963739374,2.8481103451882452
21.0,9.0,2.0,14.0,3.0,7.0,1.0,0.1349968465096469,0.265587017253916,0.49952973787593036,63.939806448119086,128.0,0.02133554134888954,0.011440460680933096,0.009895080667956442,-0.6183617996397985,0.4525434480927954,1.070905247732594
21.0,9.0,2.0,14.0,3.0,7.0,4.0,0.1349968465096469,0.265587017253916,0.3634078486350458,186.06481850114346,512.0,0.003563829815478095,0.003862436483173879,-0.00029860666769578395,1.5136182789611858,2.1346071298294587,0.6209888508682728
21.0,9.0,2.0,14.0,3.0,8.0,1.0,0.1349968465096469,0.265587017253916,0.1332585184701906,17.057090364184397,128.0,0.09604540462109314,0.10223635451658464,-0.0061909498954915015,0.4589189537695715,0.5728588941124564,0.1139399403428849
21.0,9.0,2.0,14.0,3.0,8.0,4.0,0.1349968465096469,0.265587017253916,0.2222143693165245,113.77375709006054,512.0,0.01562507178506536,0.02185761870095413,-0.00623254691588877,3.293852744007591,2.5019235469161,-0.7919291970914908
21.0,9.0,2.0,14.0,3.0,9.0,1.0,0.1349968465096469,0.265587017253916,0.07563124198672863,9.680798974301265,128.0,0.052353460471444735,0.06349243647549022,-0.011138976004045481,0.40424302867747136,0.6401896006882419,0.23594657201077057
21.0,9.0,2.0,14.0,3.0,9.0,4.0,0.1349968465096469,0.265587017253916,0.09893462341233203,50.654527187114,512.0,0.016888178839718673,0.01719630721088442,-0.00030812837116574524,5.588730624828459,6.762002429639433,1.173271804810974
21.0,9.0,2.0,14.0,3.0,10.0,1.0,0.1349968465096469,0.265587017253916,0.03174907709360178,4.063881867981028,128.0,0.006865429499549496,0.0065887207039055954,0.00027670879564390023,2.7949710945627015,3.2994482454754515,0.5044771509127499
21.0,9.0,2.0,14.0,3.0,10.0,4.0,0.1349968465096469,0.265587017253916,0.044929312335409144,23.00380791572948,512.0,0.010654131257818184,0.004864837127065164,0.00578929413075302,2.9516600376295754,4.40691102613821,1.4552509885086344
21.0,9.0,2.0,14.0,3.0,11.0,1.0,0.1349968465096469,0.265587017253916,0.3615351862560625,46.276503840776,128.0,0.014657557373296198,0.01126566274254621,0.003391894630749988,2.020727731265535,1.6141018970010441,-0.40662583426449106
21.0,9.0,2.0,14.0,3.0,11.0,4.0,0.1349968465096469,0.265587017253916,0.10896967893026771,55.79247561229707,512.0,0.014289991467223772,0.015324001947192396,-0.001034010479968624,3.045224857919773,3.645370847245474,0.6001459893257008
21.0,9.0,2.0,14.0,3.0,12.0,1.0,0.1349968465096469,0.265587017253916,0.4565072080065631,58.432922624840074,128.0,0.03421237305014962,0.03975938883373124,-0.0055470157835816256,1.8110836382156088,1.4365989643864034,-0.37448467382920536
21.0,9.0,2.0,14.0,3.0,12.0,4.0,0.1349968465096469,0.265587017253916,0.2665216807878311,136.45910056336953,512.0,0.0033003931257287638,0.003330884761286818,-3.0491635558054214e-05,1.7748688761099929,2.01111022997983,0.2362413538698369
21.0,9.0,2.0,14.0,3.0,13.0,1.0,0.1349968465096469,0.265587017253916,0.04428917239348169,5.669014066365657,128.0,0.07537944948224293,0.07512712010292254,0.0002523293793203901,0.6922168185524996,1.4576356630659215,0.7654188445134219
21.0,9.0,2.0,14.0,3.0,13.0,4.0,0.1349968465096469,0.265587017253916,0.074222055297005,38.00169231206656,512.0,0.00824538844792411,0.010762597714408344,-0.0025172092664842334,5.1379265528923925,4.865390061951241,-0.2725364909411514
21.0,9.0,2.0,14.0,3.0,14.0,1.0,0.1349968465096469,0.265587017253916,0.3914480958095484,50.1053562636222,128.0,0.028750677422523623,0.027753683944084083,0.0009969934784395396,1.9840424141490682,1.872435449973003,-0.1116069641760653
21.0,9.0,2.0,14.0,3.0,14.0,4.0,0.1349968465096469,0.265587017253916,0.2930302122295865,150.03146866154827,512.0,0.006813227196609031,0.009027176438130797,-0.002213949241521766,2.658493542107761,2.5320123442308473,-0.1264811978769136
21.0,9.0,2.0,14.0,3.0,15.0,1.0,0.1349968465096469,0.265587017253916,0.3785210164727089,48.45069010850674,128.0,0.02459843911909116,0.026561656653160244,-0.001963217534069084,3.491766314555437,4.181271085042783,0.6895047704873463
21.0,9.0,2.0,14.0,3.0,15.0,4.0,0.1349968465096469,0.265587017253916,0.4093410485967658,209.58261688154408,512.0,0.004338417925985013,0.00562382316469493,-0.0012854052387099163,3.934798659599223,4.209763683770731,0.27496502417150825
21.0,9.0,2.0,14.0,3.0,16.0,1.0,0.1349968465096469,0.265587017253916,0.2653172524843567,33.96060831799766,128.0,0.14235769084820915,0.17464277813206988,-0.03228508728386073,-11.996041764489103,-13.50256299483547,-1.506521230346367
21.0,9.0,2.0,14.0,3.0,16.0,4.0,0.1349968465096469,0.265587017253916,0.2776028725559958,142.13267074866985,512.0,0.014215263413612417,0.01854423813578254,-0.004328974722170122,3.6702939788992714,4.135599037596736,0.46530505869746497
21.0,9.0,2.0,14.0,3.0,17.0,1.0,0.1349968465096469,0.265587017253916,0.19956708009511662,25.544586252174927,128.0,0.02054854723141373,0.019163349279343125,0.0013851979520706041,3.0529923783532498,2.5349432040224826,-0.5180491743307671
21.0,9.0,2.0,14.0,3.0,17.0,4.0,0.1349968465096469,0.265587017253916,0.28787355847105023,147.39126193717772,512.0,0.007129881358457674,0.006147882004153452,0.0009819993543042221,3.131094237494983,3.128735034849645,-0.0023592026453376214
21.0,9.0,2.0,14.0,3.0,18.0,1.0,0.1349968465096469,0.265587017253916,0.5687649838883648,72.8019179377107,128.0,0.07251252744721708,0.007099449564057869,0.06541307788315921,-3.3014388684219664,1.5443609904583437,4.84579985888031
21.0,9.0,2.0,14.0,3.0,18.0,4.0,0.1349968465096469,0.265587017253916,0.29874466778573433,152.95726990629598,512.0,0.021543419239461,0.0037976216500105542,0.017745797589450447,0.8847176419106553,2.882115594250354,1.9973979523396987
21.0,9.0,2.0,14.0,3.0,19.0,1.0,0.1349968465096469,0.265587017253916,0.22207234429486433,28.425260069742635,128.0,0.09049270043973832,0.09393028673346968,-0.003437586293731351,-4.891764969941802,-5.035701810805677,-0.14393684086387548
21.0,9.0,2.0,14.0,3.0,19.0,4.0,0.1349968465096469,0.265587017253916,0.2741558594039145,140.36780001480423,512.0,0.01779389218037536,0.01944749718923861,-0.0016536050088632494,4.345630302496116,4.249432708489722,-0.09619759400639438
21.0,9.0,2.0,14.0,3.0,20.0,1.0,0.1349968465096469,0.265587017253916,0.021904859859159135,2.8038220619723693,128.0,0.007845514652303319,0.0049659709632489035,0.002879543689054415,0.38808801197477244,1.4683705918798182,1.0802825799050457
21.0,9.0,2.0,14.0,3.0,20.0,4.0,0.1349968465096469,0.265587017253916,0.022761743110289584,11.654012472468267,512.0,0.005473250355932911,0.007789560401001599,-0.0023163100450686877,3.0865719940009857,3.358879998084417,0.27230800408343114
21.0,9.0,2.0,14.0,3.0,21.0,1.0,0.1349968465096469,0.265587017253916,0.3084013892289477,39.47537782130531,128.0,0.027109564664690305,0.02835695407295636,-0.0012473894082660544,2.4788086716698183,2.4529353602138144,-0.02587331145600391
21.0,9.0,2.0,14.0,3.0,21.0,4.0,0.1349968465096469,0.265587017253916,0.2636816937847873,135.0050272178111,512.0,0.005305507919188931,0.009560264122448026,-0.0042547562032590955,4.169890886911954,4.33507069792975,0.16517981101779622
21.0,9.0,2.0,14.0,3.0,22.0,1.0,0.1349968465096469,0.265587017253916,0.5532369868156422,70.8143343124022,128.0,0.0855766757050767,0.042455554564902145,0.04312112114017455,-3.2987093345241503,0.3878311208423614,3.6865404553665115
21.0,9.0,2.0,14.0,3.0,22.0,4.0,0.1349968465096469,0.265587017253916,0.4094540644320745,209.64048098922214,512.0,0.010772581509511863,0.010146296034790982,0.0006262854747208814,4.453114723046644,5.223536393802127,0.770421670755483
21.0,9.0,2.0,14.0,3.0,23.0,1.0,0.1349968465096469,0.265587017253916,0.38733939387998967,49.57944241663868,128.0,0.022256249713685165,0.00678310798751532,0.015473141726169846,1.2160309374031242,2.859682363016138,1.6436514256130137
21.0,9.0,2.0,14.0,3.0,23.0,4.0,0.1349968465096469,0.265587017253916,0.360605231212161,184.62987838062642,512.0,0.013090475290844932,0.005589220564461034,0.007501254726383898,2.472858728859095,3.295478645833562,0.822619916974467
21.0,9.0,2.0,14.0,3.0,24.0,1.0,0.1349968465096469,0.265587017253916,0.23805937774010677,30.471600350733667,128.0,0.01859258809774478,0.00743119940674858,0.011161388690996202,-0.8442189615726879,0.7545322986606836,1.5987512602333716
21.0,9.0,2.0,14.0,3.0,24.0,4.0,0.1349968465096469,0.265587017253916,0.3274884227965434,167.67407247183021,512.0,0.0042291633135447355,0.006797034146465132,-0.0025678708329203966,3.1715572611330605,3.345755861393445,0.17419860026038458
21.0,9.0,2.0,14.0,3.0,25.0,1.0,0.1349968465096469,0.265587017253916,0.4693113392284842,60.07185142124598,128.0,0.037548731742107114,0.03129268826714161,0.0062560434749655,5.21073925848427,3.6069726778256284,-1.6037665806586414
21.0,9.0,2.0,14.0,3.0,25.0,4.0,0.1349968465096469,0.265587017253916,0.22767695895491102,116.57060298491444,512.0,0.011043596165807357,0.01751647748590616,-0.006472881320098805,5.23554347858254,4.601646119674413,-0.6338973589081265
21.0,9.0,2.0,14.0,3.0,26.0,1.0,0.1349968465096469,0.265587017253916,0.2871164498287813,36.75090557808401,128.0,0.017075024167624263,0.01151501983888208,0.005560004328742183,1.091166749115549,1.1716735448279505,0.08050679571240149
21.0,9.0,2.0,14.0,3.0,26.0,4.0,0.1349968465096469,0.265587017253916,0.2592303899430973,132.7259596508658,512.0,0.009464015872393764,0.0023772718042948545,0.007086744068098909,0.4084430236042048,1.4442264811197316,1.0357834575155267
21.0,9.0,2.0,14.0,3.0,27.0,1.0,0.1349968465096469,0.265587017253916,0.23155880476350407,29.63952700972852,128.0,0.007471250618548183,0.0055553422287312835,0.0019159083898168993,2.4605920627192264,2.9071484552542617,0.4465563925350353
21.0,9.0,2.0,14.0,3.0,27.0,4.0,0.1349968465096469,0.265587017253916,0.027940539451529186,14.305556199182943,512.0,0.00634701405112997,0.008360994733449041,-0.0020139806823190713,4.001689782788701,4.320874164588001,0.31918438179929964
21.0,9.0,2.0,14.0,3.0,28.0,1.0,0.1349968465096469,0.265587017253916,0.2755972944606903,35.27645369096836,128.0,0.008125806156541574,0.004167397373239329,0.003958408783302245,0.8542157832507795,0.9097185085379483,0.05550272528716882
21.0,9.0,2.0,14.0,3.0,28.0,4.0,0.1349968465096469,0.265587017253916,0.36021165601224425,184.42836787826906,512.0,0.006191218215292019,0.005515823192072137,0.0006753950232198814,1.3509401497031273,1.6895289507823492,0.33858880107922196
21.0,9.0,2.0,14.0,3.0,29.0,1.0,0.1349968465096469,0.265587017253916,0.018381031699020643,2.3527720574746422,128.0,0.023400225906289932,0.010257874301828162,0.01314235160446177,0.7072923905530706,1.0455002151081538,0.33820782455508325
21.0,9.0,2.0,14.0,3.0,29.0,4.0,0.1349968465096469,0.265587017253916,0.027954351999667233,14.312628223829623,512.0,0.007888881359553573,0.005510884599569567,0.0023779967599840057,2.9115996771160106,3.490825733644265,0.5792260565282543
21.0,9.0,2.0,14.0,3.0,30.0,1.0,0.1349968465096469,0.265587017253916,0.18789456868396098,24.050504791547006,128.0,0.011416585871509278,0.002919171918929277,0.00849741395258,0.7196474732148388,0.3393350005201504,-0.3803124726946884
21.0,9.0,2.0,14.0,3.0,30.0,4.0,0.1349968465096469,0.265587017253916,0.1787617899267766,91.52603644250962,512.0,0.0038663007023978825,0.005395633371170112,-0.0015293326687722299,2.058966220335509,2.3197030660980853,0.2607368457625765
21.0,9.0,2.0,14.0,3.0,31.0,1.0,0.1349968465096469,0.265587017253916,0.33497086365660705,42.8762705480457,128.0,0.02396162378283727,0.0060669368515768205,0.017894686931260447,1.4129923428593807,3.553518898675638,2.1405265558162574
21.0,9.0,2.0,14.0,3.0,31.0,4.0,0.1349968465096469,0.265587017253916,0.34793433627786213,178.1423801742654,512.0,0.0029344657579279945,0.006251292271673812,-0.0033168265137458177,4.887900598385174,5.28762126155185,0.39972066316667565
21.0,9.0,2.0,14.0,3.0,32.0,1.0,0.1349968465096469,0.265587017253916,0.5593100699754724,71.59168895686047,128.0,0.0319774405956249,0.006241261421285116,0.025736179174339784,0.5713135921732087,1.5897335635621048,1.0184199713888962
21.0,9.0,2.0,14.0,3.0,32.0,4.0,0.1349968465096469,0.265587017253916,0.4004886788025709,205.0502035469163,512.0,0.003788104501185095,0.007024506852815829,-0.003236402351630734,3.9755535507822515,3.8689472529287516,-0.10660629785349984
22.0,10.0,2.0,8.0,3.0,1.0,1.0,0.13887917325921986,0.4392345651597694,0.13191301007706274,16.88486528986403,128.0,0.025237687333107547,0.012526451165559487,0.01271123616754806,3.9890007144828585,1.7700671625528903,-2.218933551929968
22.0,10.0,2.0,8.0,3.0,1.0,4.0,0.13887917325921986,0.4392345651597694,0.1873812754475796,95.93921302916075,512.0,0.013990401748636904,0.010997774950735176,0.0029926267979017273,3.170247518035724,1.6387362263125458,-1.5315112917231781
22.0,10.0,2.0,8.0,3.0,2.0,1.0,0.13887917325921986,0.4392345651597694,0.09131659103061342,11.688523651918517,128.0,0.07666901301496294,0.06071689593143084,0.0159521170835321,-7.373021192764535,-5.196434122804653,2.176587069959882
22.0,10.0,2.0,8.0,3.0,2.0,4.0,0.13887917325921986,0.4392345651597694,0.1320660953981615,67.61784084385869,512.0,0.0063613916368050315,0.005030297094740506,0.0013310945420645258,1.7653997734865805,0.974103580466222,-0.7912961930203585
22.0,10.0,2.0,8.0,3.0,3.0,1.0,0.13887917325921986,0.4392345651597694,0.4441448546096621,56.850541390036746,128.0,0.07073633136120053,0.0511647277867506,0.019571603574449925,-6.320037021191903,-8.572710934982242,-2.252673913790339
22.0,10.0,2.0,8.0,3.0,3.0,4.0,0.13887917325921986,0.4392345651597694,0.13720308855308022,70.24798133917707,512.0,0.031540342801069994,0.03873064383644191,-0.007190301035371917,-1.482393463285245,-2.3890928462505467,-0.9066993829653018
22.0,10.0,2.0,8.0,3.0,4.0,1.0,0.13887917325921986,0.4392345651597694,0.19235764438287714,24.621778481008274,128.0,0.006934009986877326,0.00528221266876989,0.0016517973181074362,-0.8922809622934821,0.5833649867666311,1.4756459490601133
22.0,10.0,2.0,8.0,3.0,4.0,4.0,0.13887917325921986,0.4392345651597694,0.313629783349598,160.57844907499418,512.0,0.004318736220784287,0.0038193205073273327,0.0004994157134569541,1.7017028582168643,0.4602821345919051,-1.2414207236249593
22.0,10.0,2.0,8.0,3.0,5.0,1.0,0.13887917325921986,0.4392345651597694,0.3116534401115523,39.8916403342787,128.0,0.02706165566756295,0.028557728286668787,-0.0014960726191058371,-0.4193841629905197,-0.6899484518027882,-0.27056428881226846
22.0,10.0,2.0,8.0,3.0,5.0,4.0,0.13887917325921986,0.4392345651597694,0.1531394918868808,78.40741984608297,512.0,0.0038105786535253877,0.004846239316344745,-0.0010356606628193574,2.5607576611474703,1.6782944568349043,-0.882463204312566
22.0,10.0,2.0,8.0,3.0,6.0,1.0,0.13887917325921986,0.4392345651597694,0.44110228561086867,56.46109255819119,128.0,0.016429288898646536,0.0032188525563045635,0.013210436342341973,3.5592137256804075,0.9634948667116149,-2.5957188589687927
22.0,10.0,2.0,8.0,3.0,6.0,4.0,0.13887917325921986,0.4392345651597694,0.20443451848158425,104.67047346257114,512.0,0.0023765956163844673,0.003133737295688334,-0.0007571416793038669,3.202547423569308,1.6709887841300657,-1.5315586394392424
22.0,10.0,2.0,8.0,3.0,7.0,1.0,0.13887917325921986,0.4392345651597694,0.2598510750277982,33.26093760355817,128.0,0.01052801714986995,0.002357077451629049,0.008170939698240901,0.9430619302010279,0.10197819726188379,-0.8410837329391441
22.0,10.0,2.0,8.0,3.0,7.0,4.0,0.13887917325921986,0.4392345651597694,0.25703548730574255,131.60216950054019,512.0,0.013219652057322097,0.01556099485774369,-0.0023413428004215933,2.855559937191794,1.7745932439217293,-1.0809666932700646
22.0,10.0,2.0,8.0,3.0,8.0,1.0,0.13887917325921986,0.4392345651597694,0.25222154166269317,32.284357332824726,128.0,0.04982846476156727,0.04977955286464111,4.891189692615705e-05,-5.445246489933693,-5.20398266731957,0.2412638226141226
22.0,10.0,2.0,8.0,3.0,8.0,4.0,0.13887917325921986,0.4392345651597694,0.23311504404904998,119.35490255311359,512.0,0.05664401346794298,0.013968230024316212,0.04267578344362677,-1.1679942615929335,0.9044290037882381,2.072423265381172
22.0,10.0,2.0,8.0,3.0,9.0,1.0,0.13887917325921986,0.4392345651597694,0.25435680353024703,32.55767085187162,128.0,0.002821263492991253,0.0021582511298857453,0.0006630123631055076,1.3391296673853588,0.6651521506072079,-0.6739775167781509
22.0,10.0,2.0,8.0,3.0,9.0,4.0,0.13887917325921986,0.4392345651597694,0.18226733163156378,93.32087379536065,512.0,0.006432987195170099,0.008503999181414462,-0.0020710119862443624,3.3153023338784458,0.8169461171629625,-2.498356216715483
22.0,10.0,2.0,8.0,3.0,10.0,1.0,0.13887917325921986,0.4392345651597694,0.30897647042875465,39.548988214880595,128.0,0.01610442789766437,0.01395581729302827,0.0021486106046361003,-2.0502091405715737,-1.4103287273738474,0.6398804131977263
22.0,10.0,2.0,8.0,3.0,10.0,4.0,0.13887917325921986,0.4392345651597694,0.2882884239462736,147.60367306049207,512.0,0.024327493036382215,0.027134871064330414,-0.0028073780279481986,1.8500082487448346,0.8602230401552395,-0.9897852085895951
22.0,10.0,2.0,8.0,3.0,11.0,1.0,0.13887917325921986,0.4392345651597694,0.10166700438234424,13.013376560940063,128.0,0.013186060312980693,0.0038505217080298097,0.009335538604950884,3.327191615216479,1.4852336771714547,-1.8419579380450244
22.0,10.0,2.0,8.0,3.0,11.0,4.0,0.13887917325921986,0.4392345651597694,0.16822092379470993,86.12911298289148,512.0,0.005111466558378204,0.004753257809837544,0.0003582087485406605,3.6546549598261873,1.1920451245346682,-2.462609835291519
22.0,10.0,2.0,8.0,3.0,12.0,1.0,0.13887917325921986,0.4392345651597694,0.21136002233844708,27.054082859321227,128.0,0.005744711025302718,0.006948012351654787,-0.001203301326352069,0.8433626649106541,-0.0922725807755915,-0.9356352456862457
22.0,10.0,2.0,8.0,3.0,12.0,4.0,0.13887917325921986,0.4392345651597694,0.26593564433913763,136.15904990163847,512.0,0.002389365485653836,0.0030589371013902394,-0.0006695716157364036,2.2983718860179563,0.6469102651836024,-1.651461620834354
22.0,10.0,2.0,8.0,3.0,13.0,1.0,0.13887917325921986,0.4392345651597694,0.25869858107057525,33.11341837703363,128.0,0.01571720012681918,0.003972990756567384,0.011744209370251796,1.6568625146951546,0.9915502845682801,-0.6653122301268745
22.0,10.0,2.0,8.0,3.0,13.0,4.0,0.13887917325921986,0.4392345651597694,0.17162814389366948,87.87360967355878,512.0,0.008037479663681794,0.010401139789681574,-0.00236366012599978,4.223357818376682,1.79254087937158,-2.430816939005102
22.0,10.0,2.0,8.0,3.0,14.0,1.0,0.13887917325921986,0.4392345651597694,0.2641601990459936,33.81250547788718,128.0,0.0394290942611608,0.041857016899491215,-0.0024279226383304153,-6.109271011498686,-5.567491830520359,0.5417791809783274
22.0,10.0,2.0,8.0,3.0,14.0,4.0,0.13887917325921986,0.4392345651597694,0.08629829669952202,44.184727910155274,512.0,0.039371313485206234,0.04942409816060299,-0.010052784675396755,-2.98894488825576,-4.2578518284048865,-1.2689069401491264
22.0,10.0,2.0,8.0,3.0,15.0,1.0,0.13887917325921986,0.4392345651597694,0.13281096766147085,16.99980386066827,128.0,0.010796720272616318,0.006626863182939086,0.004169857089677232,2.6087413130095403,2.4843972583333307,-0.12434405467620957
22.0,10.0,2.0,8.0,3.0,15.0,4.0,0.13887917325921986,0.4392345651597694,0.20405087571960973,104.47404836844018,512.0,0.005882869826109642,0.007928249466081167,-0.0020453796399715245,4.6297329324858305,3.3602851387910744,-1.2694477936947561
22.0,10.0,2.0,8.0,3.0,16.0,1.0,0.13887917325921986,0.4392345651597694,0.6405294025453376,81.98776352580322,128.0,0.025583963234019548,0.025206612812141538,0.0003773504218780102,-4.508504847607514,-5.283743332531008,-0.7752384849234941
22.0,10.0,2.0,8.0,3.0,16.0,4.0,0.13887917325921986,0.4392345651597694,0.19867229464512948,101.72021485830629,512.0,0.007070673955951047,0.009634439622827595,-0.002563765666876548,0.3807682337280082,-0.9888500316583759,-1.3696182653863842
22.0,10.0,2.0,8.0,3.0,17.0,1.0,0.13887917325921986,0.4392345651597694,0.5298687297605597,67.82319740935164,128.0,0.017199234007453146,0.009954805811612333,0.007244428195840813,-0.033587622328624854,-1.4861991076263137,-1.4526114852976888
22.0,10.0,2.0,8.0,3.0,17.0,4.0,0.13887917325921986,0.4392345651597694,0.29644618115756455,151.78044475267305,512.0,0.0027850480123406303,0.003913280861773636,-0.0011282328494330056,2.2496088484250305,1.2779767673868765,-0.971632081038154
22.0,10.0,2.0,8.0,3.0,18.0,1.0,0.13887917325921986,0.4392345651597694,0.3530458234238027,45.189865398246745,128.0,0.004242057100790792,0.0038321145769234493,0.0004099425238673427,-0.6081171787962997,-0.3027996258843372,0.3053175529119625
22.0,10.0,2.0,8.0,3.0,18.0,4.0,0.13887917325921986,0.4392345651597694,0.28122074173131534,143.98501976643345,512.0,0.02145785871031832,0.004129241918075893,0.01732861679224243,2.945429177841449,1.6692512342823216,-1.2761779435591274
22.0,10.0,2.0,8.0,3.0,19.0,1.0,0.13887917325921986,0.4392345651597694,0.18589696310777953,23.79481127779578,128.0,0.04619695412494315,0.010356342309554645,0.03584061181538851,-1.8338128192325387,0.9118025094172458,2.7456153286497846
22.0,10.0,2.0,8.0,3.0,19.0,4.0,0.13887917325921986,0.4392345651597694,0.2648037546078977,135.5795223592436,512.0,0.011224929416386817,0.009737127972186796,0.001487801444200021,1.108614940533974,1.1604062568276459,0.05179131629367184
22.0,10.0,2.0,8.0,3.0,20.0,1.0,0.13887917325921986,0.4392345651597694,0.4286747585041169,54.870369088526964,128.0,0.026748715606739075,0.04134444952425277,-0.014595733917513697,-0.7898925592616504,-5.870466620734342,-5.080574061472691
22.0,10.0,2.0,8.0,3.0,20.0,4.0,0.13887917325921986,0.4392345651597694,0.19907369562346286,101.92573215921298,512.0,0.01708831736789325,0.024022912232937406,-0.006934594865044157,4.90419191272966,1.5487596912840254,-3.3554322214456347
22.0,10.0,2.0,8.0,3.0,21.0,1.0,0.13887917325921986,0.4392345651597694,0.14231303052027258,18.21606790659489,128.0,0.25762207179861946,0.021613647086324114,0.23600842471229533,-7.602247275644744,-0.17030764766386305,7.4319396279808805
22.0,10.0,2.0,8.0,3.0,21.0,4.0,0.13887917325921986,0.4392345651597694,0.07113356385657255,36.42038469456514,512.0,0.02340075908009593,0.007798978039479711,0.015601781040616219,2.2999018735768795,0.6422801651056604,-1.657621708471219
22.0,10.0,2.0,8.0,3.0,22.0,1.0,0.13887917325921986,0.4392345651597694,0.09693198503843393,12.407294084919544,128.0,0.011823784206302028,0.0061288046320002575,0.00569497957430177,-0.9676081665418222,0.13664337502032667,1.104251541562149
22.0,10.0,2.0,8.0,3.0,22.0,4.0,0.13887917325921986,0.4392345651597694,0.20535389172339544,105.14119256237846,512.0,0.0064078169916406075,0.0042773193918647,0.002130497599775907,1.8662638407186323,0.6980581988434293,-1.168205641875203
22.0,10.0,2.0,8.0,3.0,23.0,1.0,0.13887917325921986,0.4392345651597694,0.3930345088203168,50.30841712900055,128.0,0.08908312638616701,0.04840363745770025,0.04067948892846676,-1.09926709365313,-2.756475508754917,-1.657208415101787
22.0,10.0,2.0,8.0,3.0,23.0,4.0,0.13887917325921986,0.4392345651597694,0.22925137352125782,117.376703242884,512.0,0.016092202245895644,0.012464148511590743,0.0036280537343049007,1.9476505811683644,1.0318539102150315,-0.915796670953333
22.0,10.0,2.0,8.0,3.0,24.0,1.0,0.13887917325921986,0.4392345651597694,0.3468219521718806,44.39320987800072,128.0,0.0318519940647972,0.030182517123113164,0.0016694769416840324,-1.0519878107983847,-0.437338251811999,0.6146495589863856
22.0,10.0,2.0,8.0,3.0,24.0,4.0,0.13887917325921986,0.4392345651597694,0.17876051322171072,91.52538276951589,512.0,0.014734250140469885,0.0198781530943326,-0.005143902953862715,2.885337679046148,1.6273453874843056,-1.2579922915618424
22.0,10.0,2.0,8.0,3.0,25.0,1.0,0.13887917325921986,0.4392345651597694,0.07480398193770292,9.574909688025974,128.0,0.013578251019344626,0.014224167262555336,-0.0006459162432107101,0.1522919760785189,0.37435816950009076,0.22206619342157186
22.0,10.0,2.0,8.0,3.0,25.0,4.0,0.13887917325921986,0.4392345651597694,0.15958921337050183,81.70967724569694,512.0,0.003902293159249506,0.003693907657009831,0.00020838550223967536,1.961162819572643,1.5113096473583083,-0.44985317221433463
22.0,10.0,2.0,8.0,3.0,26.0,1.0,0.13887917325921986,0.4392345651597694,0.36721202404576786,47.003139077858286,128.0,0.008370834639741245,0.007166400945835347,0.0012044336939058976,1.640019103745996,-0.4116026641348654,-2.0516217678808615
22.0,10.0,2.0,8.0,3.0,26.0,4.0,0.13887917325921986,0.4392345651597694,0.1879226788065655,96.21641154896153,512.0,0.008490474317666526,0.01083578580011919,-0.002345311482452664,2.622708644301931,1.7484781997880106,-0.8742304445139206
22.0,10.0,2.0,8.0,3.0,27.0,1.0,0.13887917325921986,0.4392345651597694,0.4752926836601833,60.83746350850346,128.0,0.009526500640792425,0.008176274273872916,0.0013502263669195082,2.0909125536130926,-0.22921454737782126,-2.3201271009909137
22.0,10.0,2.0,8.0,3.0,27.0,4.0,0.13887917325921986,0.4392345651597694,0.3258722984587535,166.84661681088178,512.0,0.01063029083525114,0.0039995715337821786,0.006630719301468961,4.389958523325979,0.33990467775956534,-4.0500538455664135
22.0,10.0,2.0,8.0,3.0,28.0,1.0,0.13887917325921986,0.4392345651597694,0.13901341817741983,17.793717526709738,128.0,0.014869135912452076,0.018374555337875194,-0.003505419425423118,1.4618119820440874,0.14738246540116384,-1.3144295166429236
22.0,10.0,2.0,8.0,3.0,28.0,4.0,0.13887917325921986,0.4392345651597694,0.22168465920121916,113.50254551102421,512.0,0.002025262827234143,0.0026489246201805536,-0.0006236617929464105,3.532676502702059,1.9548337363382176,-1.5778427663638415
22.0,10.0,2.0,8.0,3.0,29.0,1.0,0.13887917325921986,0.4392345651597694,0.316422076410036,40.50202578048461,128.0,0.005672768832665083,0.005921898430844909,-0.0002491295981798267,0.9186161118896099,1.080688513933841,0.162072402044231
22.0,10.0,2.0,8.0,3.0,29.0,4.0,0.13887917325921986,0.4392345651597694,0.31334986330263037,160.43513001094675,512.0,0.005721568521456383,0.004106345784997057,0.0016152227364593262,2.59907006272765,1.0622446789327915,-1.5368253837948584
22.0,10.0,2.0,8.0,3.0,30.0,1.0,0.13887917325921986,0.4392345651597694,0.3377590063302077,43.23315281026659,128.0,0.008973390351870645,0.004472459479585585,0.00450093087228506,3.8941909325254778,1.977280681712531,-1.9169102508129467
22.0,10.0,2.0,8.0,3.0,30.0,4.0,0.13887917325921986,0.4392345651597694,0.0504736077644861,25.842487175416885,512.0,0.0023956888470220233,0.0034252841330060946,-0.0010295952859840714,2.89868270467487,1.1461539730159165,-1.7525287316589535
22.0,10.0,2.0,8.0,3.0,31.0,1.0,0.13887917325921986,0.4392345651597694,0.29594772963624477,37.88130939343933,128.0,0.022063400113283164,0.00311877486390901,0.018944625249374153,-1.5195806845679902,0.1856813805147281,1.7052620650827184
22.0,10.0,2.0,8.0,3.0,31.0,4.0,0.13887917325921986,0.4392345651597694,0.22741340622502418,116.43566398721238,512.0,0.00875910441625973,0.008594302439602654,0.00016480197665707554,1.3413617260000454,0.3356760002336639,-1.0056857257663816
22.0,10.0,2.0,8.0,3.0,32.0,1.0,0.13887917325921986,0.4392345651597694,0.05622577411982364,7.196899087337426,128.0,0.04014624773238554,0.0057414025300549665,0.03440484520233057,0.5438996716220129,-0.4861391631644206,-1.0300388347864335
22.0,10.0,2.0,8.0,3.0,32.0,4.0,0.13887917325921986,0.4392345651597694,0.08661926646847881,44.34906443186115,512.0,0.0033164053340319147,0.005214864104279005,-0.0018984587702470905,2.310086881277098,-0.14468650382064138,-2.4547733850977393
23.0,14.0,5.0,15.0,3.0,1.0,1.0,0.16475572216682524,0.28335863993209537,0.37984926178254025,48.62070550816515,128.0,0.04392459882564312,0.04150296927893515,0.002421629546707965,1.0782807475165228,-0.0795807792648982,-1.157861526781421
23.0,14.0,5.0,15.0,3.0,1.0,4.0,0.16475572216682524,0.28335863993209537,0.3121157925581011,159.80328578974778,512.0,0.03696831568943554,0.04201465486350184,-0.0050463391740663,4.653232343097485,3.887389189964067,-0.7658431531334178
23.0,14.0,5.0,15.0,3.0,2.0,1.0,0.16475572216682524,0.28335863993209537,0.41850713725273947,53.56891356835065,128.0,0.019861374617014517,0.017396705721456303,0.002464668895558214,0.6854065924809698,-0.17969572860615363,-0.8651023210871234
23.0,14.0,5.0,15.0,3.0,2.0,4.0,0.16475572216682524,0.28335863993209537,0.2881540283564065,147.53486251848014,512.0,0.012118764915580407,0.012910661068260443,-0.0007918961526800355,2.801278716536161,2.3959635353112705,-0.4053151812248905
23.0,14.0,5.0,15.0,3.0,3.0,1.0,0.16475572216682524,0.28335863993209537,0.11230395695886543,14.374906490734775,128.0,0.01323573824694922,0.013135893991205055,9.98442557441654e-05,1.9626487112507194,2.305164813006905,0.3425161017561855
23.0,14.0,5.0,15.0,3.0,3.0,4.0,0.16475572216682524,0.28335863993209537,0.19642840253304084,100.57134209691691,512.0,0.004530837096863607,0.0031242498306100633,0.0014065872662535435,4.59517095519815,4.451042835630944,-0.14412811956720617
23.0,14.0,5.0,15.0,3.0,4.0,1.0,0.16475572216682524,0.28335863993209537,0.4508375510160984,57.707206530060596,128.0,0.018275443861381756,0.01507970921763801,0.0031957346437437462,3.4474779509111477,3.960104242457379,0.5126262915462312
23.0,14.0,5.0,15.0,3.0,4.0,4.0,0.16475572216682524,0.28335863993209537,0.2829057635498255,144.84775093751065,512.0,0.011540728055413,0.003947519540772585,0.007593208514640416,4.628347093549694,4.728306542904127,0.0999594493544329
23.0,14.0,5.0,15.0,3.0,5.0,1.0,0.16475572216682524,0.28335863993209537,0.5256503913585464,67.28325009389394,128.0,0.061505750538354456,0.06935777917511725,-0.007852028636762792,-1.1571475464616265,-2.6242298447552534,-1.467082298293627
23.0,14.0,5.0,15.0,3.0,5.0,4.0,0.16475572216682524,0.28335863993209537,0.20469777512571255,104.80526086436483,512.0,0.007416613335328197,0.009097877245180047,-0.0016812639098518498,2.0699518860769963,1.1918921025586506,-0.8780597835183457
23.0,14.0,5.0,15.0,3.0,6.0,1.0,0.16475572216682524,0.28335863993209537,0.4707285582201219,60.2532554521756,128.0,0.016641021658571523,0.013287214233285997,0.003353807425285526,1.812683011096104,1.4838096707575223,-0.32887334033858173
23.0,14.0,5.0,15.0,3.0,6.0,4.0,0.16475572216682524,0.28335863993209537,0.26249548131696027,134.39768643428366,512.0,0.007614755973962774,0.0041683921590813505,0.0034463638148814237,3.5344059047327754,2.403263444491077,-1.1311424602416982
23.0,14.0,5.0,15.0,3.0,7.0,1.0,0.16475572216682524,0.28335863993209537,0.4882168405464733,62.49175558994858,128.0,0.03119789059558909,0.03059582822116047,0.0006020623744286205,-2.4444627164888417,-1.5902775571224625,0.8541851593663792
23.0,14.0,5.0,15.0,3.0,7.0,4.0,0.16475572216682524,0.28335863993209537,0.4739815796003327,242.67856875537035,512.0,0.008542284017584311,0.007927032543441657,0.0006152514741426546,3.4715028056111272,3.0458543245320335,-0.4256484810790937
23.0,14.0,5.0,15.0,3.0,8.0,1.0,0.16475572216682524,0.28335863993209537,0.49109616066010475,62.86030856449341,128.0,0.034097038454445616,0.027496219329204423,0.006600819125241193,1.500615394908613,2.611391123768297,1.1107757288596842
23.0,14.0,5.0,15.0,3.0,8.0,4.0,0.16475572216682524,0.28335863993209537,0.37081135870740134,189.8554156581895,512.0,0.009133739806460487,0.012487609471665329,-0.0033538696652048415,5.175859775187747,4.679099774515748,-0.49676000067199855
23.0,14.0,5.0,15.0,3.0,9.0,1.0,0.16475572216682524,0.28335863993209537,0.5762894023537702,73.76504350128259,128.0,0.032758122897861994,0.03241323712909436,0.000344885768767636,2.082406405377888,1.4429079513607166,-0.6394984540171713
23.0,14.0,5.0,15.0,3.0,9.0,4.0,0.16475572216682524,0.28335863993209537,0.295832620049743,151.4663014654684,512.0,0.00340674797079208,0.004593446077116308,-0.0011866981063242284,5.560416182012092,4.987449039086964,-0.572967142925128
23.0,14.0,5.0,15.0,3.0,10.0,1.0,0.16475572216682524,0.28335863993209537,0.37979712976737906,48.61403261022452,128.0,0.02285643595846578,0.014370396751951377,0.008486039206514404,2.114194355808985,1.1608523583862667,-0.9533419974227182
23.0,14.0,5.0,15.0,3.0,10.0,4.0,0.16475572216682524,0.28335863993209537,0.28666949708919076,146.77478250966567,512.0,0.005855905805614833,0.0072588682042995884,-0.0014029623986847551,5.849755586278791,5.543523611440049,-0.30623197483874165
23.0,14.0,5.0,15.0,3.0,11.0,1.0,0.16475572216682524,0.28335863993209537,0.5415405275033747,69.31718752043196,128.0,0.023122478806296788,0.009507674756116925,0.013614804050179863,3.9515458650676316,3.1532653608561603,-0.7982805042114713
23.0,14.0,5.0,15.0,3.0,11.0,4.0,0.16475572216682524,0.28335863993209537,0.4344580651996409,222.44252938221615,512.0,0.007941215580685855,0.014540939609866648,-0.006599724029180793,4.782862487294755,3.495764935368131,-1.2870975519266246
23.0,14.0,5.0,15.0,3.0,12.0,1.0,0.16475572216682524,0.28335863993209537,0.3066882701689114,39.25609858162066,128.0,0.07916448680197244,0.08708418227926563,-0.007919695477293195,1.5375810494886921,0.4215686013255594,-1.1160124481631328
23.0,14.0,5.0,15.0,3.0,12.0,4.0,0.16475572216682524,0.28335863993209537,0.026554169748610065,13.595734911288353,512.0,0.038640678388095005,0.04229248184864891,-0.0036518034605539026,5.922958890877984,5.638468032455686,-0.2844908584222985
23.0,14.0,5.0,15.0,3.0,13.0,1.0,0.16475572216682524,0.28335863993209537,0.4742109554874926,60.69900230239905,128.0,0.02226725832364834,0.022262777752306583,4.4805713417563064e-06,2.1119946456070466,2.7801781208355805,0.6681834752285338
23.0,14.0,5.0,15.0,3.0,13.0,4.0,0.16475572216682524,0.28335863993209537,0.1730641107630405,88.60882471067674,512.0,0.05367065237808573,0.058541947456683445,-0.004871295078597716,2.293004381382656,2.128275676893412,-0.16472870448924404
23.0,14.0,5.0,15.0,3.0,14.0,1.0,0.16475572216682524,0.28335863993209537,0.28127439478064564,36.00312253192264,128.0,0.020065618789890216,0.017201338688419786,0.0028642801014704296,-0.3540178529584534,-1.0019774228953908,-0.6479595699369374
23.0,14.0,5.0,15.0,3.0,14.0,4.0,0.16475572216682524,0.28335863993209537,0.35021685057931773,179.31102749661068,512.0,0.013262125305584025,0.016633423674745858,-0.003371298369161833,2.3900207994154936,2.148845520552093,-0.2411752788634005
23.0,14.0,5.0,15.0,3.0,15.0,1.0,0.16475572216682524,0.28335863993209537,0.4622992182663329,59.17429993809061,128.0,0.02248706976121089,0.021892471858743077,0.0005945979024678145,2.275928603632882,2.4602646652756435,0.18433606164276162
23.0,14.0,5.0,15.0,3.0,15.0,4.0,0.16475572216682524,0.28335863993209537,0.385250819947498,197.24841981311897,512.0,0.008920759357862164,0.007400105156184845,0.0015206542016773187,2.7509733597481807,3.676293701318365,0.9253203415701843
23.0,14.0,5.0,15.0,3.0,16.0,1.0,0.16475572216682524,0.28335863993209537,0.06421101354473402,8.219009733725954,128.0,0.020356890139949714,0.011191802788946712,0.009165087351003002,2.1139796616764217,4.55251160881974,2.4385319471433187
23.0,14.0,5.0,15.0,3.0,16.0,4.0,0.16475572216682524,0.28335863993209537,0.10285575950422673,52.66214886616409,512.0,0.009577159923235002,0.004151292308046275,0.005425867615188727,5.927442204689072,5.080668842374987,-0.8467733623140852
23.0,14.0,5.0,15.0,3.0,17.0,1.0,0.16475572216682524,0.28335863993209537,0.420146610157637,53.778766100177535,128.0,0.0631915571436891,0.049659438756365124,0.013532118387323974,-1.6011744978594231,-1.7126046411385047,-0.11143014327908163
23.0,14.0,5.0,15.0,3.0,17.0,4.0,0.16475572216682524,0.28335863993209537,0.26687287157887124,136.63891024838207,512.0,0.01662920163551345,0.018975902464284107,-0.0023467008287706564,4.15390745573287,3.4183038316249563,-0.735603624107914
23.0,14.0,5.0,15.0,3.0,18.0,1.0,0.16475572216682524,0.28335863993209537,0.17755008042538845,22.72641029444972,128.0,0.006026669337829421,0.005229612925123899,0.0007970564127055216,0.22244390671361217,0.4443668608748837,0.22192295416127153
23.0,14.0,5.0,15.0,3.0,18.0,4.0,0.16475572216682524,0.28335863993209537,0.24314512219747966,124.49030256510959,512.0,0.00908070573019486,0.00752597447315947,0.0015547312570353905,2.0475030559716543,2.359782326868712,0.31227927089705787
23.0,14.0,5.0,15.0,3.0,19.0,1.0,0.16475572216682524,0.28335863993209537,0.654671210011635,83.79791488148928,128.0,0.011380416159480017,0.00995292793187625,0.0014274882276037668,2.7354596622054586,3.0519966790805544,0.31653701687509583
23.0,14.0,5.0,15.0,3.0,19.0,4.0,0.16475572216682524,0.28335863993209537,0.3996121035832277,204.60139703461257,512.0,0.001881526014760209,0.0027198759636744437,-0.0008383499489142347,4.07081873436031,3.7417139448409715,-0.32910478951933886
23.0,14.0,5.0,15.0,3.0,20.0,1.0,0.16475572216682524,0.28335863993209537,0.40708577081480474,52.106978664295006,128.0,0.03892466435076215,0.015072119910637803,0.02385254444012435,0.10832939204856092,2.690882516054616,2.582553124006055
23.0,14.0,5.0,15.0,3.0,20.0,4.0,0.16475572216682524,0.28335863993209537,0.2890454275766372,147.99125891923825,512.0,0.005453971761991063,0.005528331151628876,-7.435938963781287e-05,2.3460934978564905,1.873986248167377,-0.47210724968911344
23.0,14.0,5.0,15.0,3.0,21.0,1.0,0.16475572216682524,0.28335863993209537,0.2201511367692858,28.179345506468582,128.0,0.04199788623550979,0.02036639727329903,0.02163148896221076,-4.217174418610545,-0.7608394104719846,3.4563350081385606
23.0,14.0,5.0,15.0,3.0,21.0,4.0,0.16475572216682524,0.28335863993209537,0.2481435653431977,127.04950545571722,512.0,0.010199568122067973,0.0041719811997038845,0.0060275869223640885,2.2231195368677263,2.5023582150968853,0.27923867822915893
23.0,14.0,5.0,15.0,3.0,22.0,1.0,0.16475572216682524,0.28335863993209537,0.11116083509622768,14.228586892317143,128.0,0.5875576182058806,0.5686919105888136,0.018865707617066962,-37.95752132629531,-36.93771938525891,1.0198019410363983
23.0,14.0,5.0,15.0,3.0,22.0,4.0,0.16475572216682524,0.28335863993209537,0.1740459951931742,89.1115495389052,512.0,0.0465151095825269,0.04389422487036186,0.002620884712165039,5.602745936611841,4.658201784355197,-0.9445441522566442
23.0,14.0,5.0,15.0,3.0,23.0,1.0,0.16475572216682524,0.28335863993209537,0.14987832203609222,19.184425220619804,128.0,0.020934790784828364,0.016908126930856283,0.00402666385397208,4.257588654363187,4.355091760131477,0.0975031057682898
23.0,14.0,5.0,15.0,3.0,23.0,4.0,0.16475572216682524,0.28335863993209537,0.2336455177250692,119.62650507523543,512.0,0.007679075555440638,0.006074249131476391,0.0016048264239642476,4.558982296551298,4.589765896808615,0.03078360025731719
23.0,14.0,5.0,15.0,3.0,24.0,1.0,0.16475572216682524,0.28335863993209537,0.5653891315720642,72.36980884122421,128.0,0.02736186959384554,0.010274140906981779,0.01708772868686376,2.235421449601509,2.2387797455598024,0.0033582959582934002
23.0,14.0,5.0,15.0,3.0,24.0,4.0,0.16475572216682524,0.28335863993209537,0.3645038626428304,186.62597767312917,512.0,0.009887295552122217,0.008130785986543931,0.0017565095655782854,4.9861793474342875,4.503359501864084,-0.4828198455702033
23.0,14.0,5.0,15.0,3.0,25.0,1.0,0.16475572216682524,0.28335863993209537,0.42947952124260824,54.973378719053855,128.0,0.013370704820488525,0.007433109581037552,0.005937595239450973,0.3011669870525679,0.010947497597452812,-0.29021948945511505
23.0,14.0,5.0,15.0,3.0,25.0,4.0,0.16475572216682524,0.28335863993209537,0.2893400978709075,148.14213010990463,512.0,0.008712564805066882,0.01256715694310116,-0.003854592138034277,3.880793729769548,2.714556243458364,-1.166237486311184
23.0,14.0,5.0,15.0,3.0,26.0,1.0,0.16475572216682524,0.28335863993209537,0.373340650191915,47.78760322456512,128.0,0.011283196135862629,0.011183957895370853,9.923824049177556e-05,1.1574910331654515,1.3178970528742426,0.1604060197087911
23.0,14.0,5.0,15.0,3.0,26.0,4.0,0.16475572216682524,0.28335863993209537,0.29657994937691495,151.84893408098046,512.0,0.011838374280983631,0.012893362811563861,-0.0010549885305802306,1.7412518868015188,1.9395850277942777,0.1983331409927589
23.0,14.0,5.0,15.0,3.0,27.0,1.0,0.16475572216682524,0.28335863993209537,0.21786669636569955,27.886937134809543,128.0,0.020947514515398953,0.01225557960782726,0.008691934907571693,-1.0771777826597242,0.1166289884754757,1.1938067711351998
23.0,14.0,5.0,15.0,3.0,27.0,4.0,0.16475572216682524,0.28335863993209537,0.30008675313405275,153.644417604635,512.0,0.00975102060319509,0.007160709206269137,0.0025903113969259536,0.8888347140978182,1.3080053943003727,0.41917068020255444
23.0,14.0,5.0,15.0,3.0,28.0,1.0,0.16475572216682524,0.28335863993209537,0.12272855906540302,15.709255560371586,128.0,0.03329730379059724,0.03275072685155152,0.0005465769390457231,-0.012676975668729357,-0.9371451605679442,-0.9244681848992148
23.0,14.0,5.0,15.0,3.0,28.0,4.0,0.16475572216682524,0.28335863993209537,0.11766587565760953,60.24492833669608,512.0,0.006521786871596899,0.009277202286740976,-0.0027554154151440777,4.161342836585201,3.78468447920749,-0.37665835737771136
23.0,14.0,5.0,15.0,3.0,29.0,1.0,0.16475572216682524,0.28335863993209537,0.3609253789973169,46.198448511656565,128.0,0.054529653581857976,0.011406655640176358,0.04312299794168162,1.1376051455555578,4.192072659560641,3.0544675140050837
23.0,14.0,5.0,15.0,3.0,29.0,4.0,0.16475572216682524,0.28335863993209537,0.3308743746951176,169.4076798439002,512.0,0.005861051982466665,0.003709997842181128,0.0021510541402855374,4.394173943099122,4.2312455183227335,-0.16292842477638825
23.0,14.0,5.0,15.0,3.0,30.0,1.0,0.16475572216682524,0.28335863993209537,0.4194560419732435,53.690373372575166,128.0,0.05314709920506342,0.010198080510155992,0.04294901869490743,3.015805887434774,2.9079807397755837,-0.10782514765919027
23.0,14.0,5.0,15.0,3.0,30.0,4.0,0.16475572216682524,0.28335863993209537,0.379644629225618,194.3780501635164,512.0,0.00952532760556441,0.003982901821986217,0.005542425783578193,5.009088291423475,4.233389084220852,-0.7756992072026225
23.0,14.0,5.0,15.0,3.0,31.0,1.0,0.16475572216682524,0.28335863993209537,0.2990075862412728,38.27297103888292,128.0,0.013980229539853874,0.011681972671164326,0.0022982568686895476,-1.4941664324272694,-0.27291637650259687,1.2212500559246726
23.0,14.0,5.0,15.0,3.0,31.0,4.0,0.16475572216682524,0.28335863993209537,0.1515711505121951,77.6044290622439,512.0,0.006145652106238334,0.007782347756278026,-0.0016366956500396919,2.0094818136058077,1.5795830201303591,-0.42989879347544857
23.0,14.0,5.0,15.0,3.0,32.0,1.0,0.16475572216682524,0.28335863993209537,0.5542016725394894,70.93781408505464,128.0,0.024572934984296725,0.024856036356284472,-0.00028310137198774704,0.45998740820642325,1.1226790684394536,0.6626916602330304
23.0,14.0,5.0,15.0,3.0,32.0,4.0,0.16475572216682524,0.28335863993209537,0.3569203997590188,182.74324467661762,512.0,0.007343687158490669,0.010654719134876308,-0.003311031976385639,3.285611246925029,3.1141601688738234,-0.17145107805120574
24.0,18.0,1.0,14.0,3.0,1.0,1.0,0.10683216537150085,0.2963597962122369,0.16710671078565958,21.389658980564427,128.0,0.00611336600457443,0.0066596506568229125,-0.0005462846522484828,7.788742662169534,2.2945105877319887,-5.494232074437546
24.0,18.0,1.0,14.0,3.0,1.0,4.0,0.10683216537150085,0.2963597962122369,0.25634354816691535,131.24789666146066,512.0,0.004375698316902306,0.003851534400265489,0.0005241639166368175,19.64646011606365,11.792047280227337,-7.854412835836314
24.0,18.0,1.0,14.0,3.0,2.0,1.0,0.10683216537150085,0.2963597962122369,0.33337631153285036,42.672167876204846,128.0,0.008200249082418863,0.008431551831587067,-0.0002313027491682041,14.873009622980963,10.311307898726493,-4.561701724254469
24.0,18.0,1.0,14.0,3.0,2.0,4.0,0.10683216537150085,0.2963597962122369,0.222321798310358,113.8287607349033,512.0,0.003443300573084112,0.0034461403838021505,-2.839810718038415e-06,9.476763072736613,7.132344320555736,-2.344418752180877
24.0,18.0,1.0,14.0,3.0,3.0,1.0,0.10683216537150085,0.2963597962122369,0.16117871718798688,20.63087580006232,128.0,0.032586958608836036,0.03997040335203722,-0.007383444743201184,5.417705295280265,5.473143964274116,0.05543866899385108
24.0,18.0,1.0,14.0,3.0,3.0,4.0,0.10683216537150085,0.2963597962122369,0.07209964068461723,36.91501603052402,512.0,0.006479865880810862,0.0076710645906430544,-0.0011911987098321922,3.3924799681779305,5.253912385333302,1.8614324171553713
24.0,18.0,1.0,14.0,3.0,4.0,1.0,0.10683216537150085,0.2963597962122369,0.12911629543137187,16.5268858152156,128.0,0.06237215564783703,0.05856553194035738,0.0038066237074796533,13.963296892825479,12.490981459715654,-1.4723154331098254
24.0,18.0,1.0,14.0,3.0,4.0,4.0,0.10683216537150085,0.2963597962122369,0.14311620470982497,73.27549681143039,512.0,0.008116993711330083,0.008413084985705269,-0.00029609127437518583,15.904064510146096,16.5128317818368,0.6087672716907022
24.0,18.0,1.0,14.0,3.0,5.0,1.0,0.10683216537150085,0.2963597962122369,0.4044402916822386,51.76835733532654,128.0,0.013516961577333963,0.01199448030141595,0.0015224812759180133,22.207537093564,9.660715372135035,-12.546821721428964
24.0,18.0,1.0,14.0,3.0,5.0,4.0,0.10683216537150085,0.2963597962122369,0.16750472286886742,85.76241810886012,512.0,0.0068522146733194095,0.008271008394971392,-0.0014187937216519828,13.172125797090665,9.257473682861704,-3.9146521142289608
24.0,18.0,1.0,14.0,3.0,6.0,1.0,0.10683216537150085,0.2963597962122369,0.1261447448757489,16.14652734409586,128.0,0.24997503246220465,0.27576235986428665,-0.025787327402082005,-0.4969595648525921,-0.844783535745953,-0.3478239708933609
24.0,18.0,1.0,14.0,3.0,6.0,4.0,0.10683216537150085,0.2963597962122369,0.16945847276402512,86.76273805518086,512.0,0.02352595748570841,0.029994564403863624,-0.006468606918155213,17.52117825769039,17.438649204309748,-0.08252905338064309
24.0,18.0,1.0,14.0,3.0,7.0,1.0,0.10683216537150085,0.2963597962122369,0.08608875636287058,11.019360814447435,128.0,0.013674457296428131,0.014980305635287464,-0.001305848338859333,14.811929489947207,1.235229729572976,-13.57669976037423
24.0,18.0,1.0,14.0,3.0,7.0,4.0,0.10683216537150085,0.2963597962122369,0.1558863312086524,79.81380157883002,512.0,0.004088858614635553,0.004641106201985082,-0.0005522475873495289,15.753854443512713,9.14784546372293,-6.606008979789783
24.0,18.0,1.0,14.0,3.0,8.0,1.0,0.10683216537150085,0.2963597962122369,0.18745936955987083,23.994799303663466,128.0,0.0073166926699143875,0.007267281738196724,4.941093171766369e-05,3.8342856714740723,4.660908779115552,0.8266231076414794
24.0,18.0,1.0,14.0,3.0,8.0,4.0,0.10683216537150085,0.2963597962122369,0.03427929155154183,17.550997274389417,512.0,0.008510484896559796,0.008573632819037568,-6.31479224777725e-05,14.63432081560998,14.310822061794472,-0.3234987538155085
24.0,18.0,1.0,14.0,3.0,9.0,1.0,0.10683216537150085,0.2963597962122369,0.02025639603685722,2.5928186927177244,128.0,0.31514849418665863,0.33799979152901427,-0.022851297342355636,-20.825835154542503,-23.92002015112627,-3.094184996583767
24.0,18.0,1.0,14.0,3.0,9.0,4.0,0.10683216537150085,0.2963597962122369,0.020542613004330537,10.517817858217235,512.0,0.020197215160163956,0.023792875175072593,-0.0035956600149086373,15.304658576489551,14.538526017881228,-0.766132558608323
24.0,18.0,1.0,14.0,3.0,10.0,1.0,0.10683216537150085,0.2963597962122369,0.19056478996826778,24.392293115938276,128.0,0.005643090577571537,0.005070883551198004,0.0005722070263735335,5.53819222627604,6.102412854277965,0.5642206280019249
24.0,18.0,1.0,14.0,3.0,10.0,4.0,0.10683216537150085,0.2963597962122369,0.22245494831601298,113.89693353779865,512.0,0.00982812353162162,0.011923499467334854,-0.0020953759357132343,15.887436559554189,15.378348405706504,-0.509088153847685
24.0,18.0,1.0,14.0,3.0,11.0,1.0,0.10683216537150085,0.2963597962122369,0.19715399447191317,25.235711292404886,128.0,0.022393576712237455,0.0231957823568087,-0.0008022056445712439,11.185256440725015,11.667143356177226,0.4818869154522112
24.0,18.0,1.0,14.0,3.0,11.0,4.0,0.10683216537150085,0.2963597962122369,0.2127711897965463,108.9388491758317,512.0,0.004934661613222436,0.005466876857655184,-0.0005322152444327474,13.24379791712497,13.612270866768823,0.36847294964385213
24.0,18.0,1.0,14.0,3.0,12.0,1.0,0.10683216537150085,0.2963597962122369,0.3158414967734433,40.42771158700074,128.0,0.03167903809097417,0.022700469497510818,0.008978568593463354,14.363977020847221,3.709955194903164,-10.654021825944056
24.0,18.0,1.0,14.0,3.0,12.0,4.0,0.10683216537150085,0.2963597962122369,0.33783105064535723,172.9694979304229,512.0,0.005831638135942595,0.00415776894780356,0.0016738691881390353,13.856147012551133,7.793136181020276,-6.063010831530858
24.0,18.0,1.0,14.0,3.0,13.0,1.0,0.10683216537150085,0.2963597962122369,0.16572291589558363,21.212533234634705,128.0,0.07563427531918071,0.00807181269844754,0.06756246262073318,22.60266723874559,8.62442579064872,-13.978241448096869
24.0,18.0,1.0,14.0,3.0,13.0,4.0,0.10683216537150085,0.2963597962122369,0.0648964982681202,33.227007113277544,512.0,0.00925094186919132,0.013814851084162567,-0.004563909214971247,19.804815457566217,14.563150608520806,-5.241664849045412
24.0,18.0,1.0,14.0,3.0,14.0,1.0,0.10683216537150085,0.2963597962122369,0.30519776847282054,39.06531436452103,128.0,0.013727721543824414,0.015740106599387235,-0.00201238505556282,14.511422966330473,11.61856965839616,-2.8928533079343133
24.0,18.0,1.0,14.0,3.0,14.0,4.0,0.10683216537150085,0.2963597962122369,0.14078329731107564,72.08104822327073,512.0,0.0025396758610327984,0.0035090369943277157,-0.0009693611332949174,13.284241372007278,8.072699894316086,-5.211541477691192
24.0,18.0,1.0,14.0,3.0,15.0,1.0,0.10683216537150085,0.2963597962122369,0.22980109658308298,29.41454036263462,128.0,0.033601899622607116,0.015960340256983962,0.017641559365623154,19.488565849306887,18.56493536339188,-0.9236304859150088
24.0,18.0,1.0,14.0,3.0,15.0,4.0,0.10683216537150085,0.2963597962122369,0.24328603294390083,124.56244886727723,512.0,0.003945115376207508,0.002667633811746866,0.0012774815644606419,11.93974571256298,9.514055893245127,-2.425689819317853
24.0,18.0,1.0,14.0,3.0,16.0,1.0,0.10683216537150085,0.2963597962122369,0.1426978476458002,18.265324498662427,128.0,0.05605990612585265,0.05552468731504551,0.0005352188108071407,-15.861185087354823,-15.182147556296284,0.6790375310585386
24.0,18.0,1.0,14.0,3.0,16.0,4.0,0.10683216537150085,0.2963597962122369,0.14239828706964844,72.90792297966,512.0,0.006357718952749666,0.008179323073886661,-0.0018216041211369955,6.546259393590819,3.574647517676895,-2.971611875913924
24.0,18.0,1.0,14.0,3.0,17.0,1.0,0.10683216537150085,0.2963597962122369,0.03434951000584143,4.396737280747703,128.0,0.007249972450046662,0.007917264023413225,-0.000667291573366563,10.241015521826316,11.74130495503219,1.5002894332058734
24.0,18.0,1.0,14.0,3.0,17.0,4.0,0.10683216537150085,0.2963597962122369,0.04068434171155661,20.830382956316985,512.0,0.002330487890490589,0.003500142469438536,-0.0011696545789479473,14.990536656455445,14.007455230388379,-0.9830814260670664
24.0,18.0,1.0,14.0,3.0,18.0,1.0,0.10683216537150085,0.2963597962122369,0.3350544627039425,42.88697122610464,128.0,0.016584301794887336,0.006303819226958343,0.010280482567928993,20.976310545639983,13.416865609143919,-7.559444936496064
24.0,18.0,1.0,14.0,3.0,18.0,4.0,0.10683216537150085,0.2963597962122369,0.24126981962265392,123.53014764679881,512.0,0.005363544248826981,0.003797899460047237,0.0015656447887797444,16.677436767193633,7.756166335154751,-8.921270432038881
24.0,18.0,1.0,14.0,3.0,19.0,1.0,0.10683216537150085,0.2963597962122369,0.3015331310736715,38.596240777429955,128.0,0.016146031447677435,0.01893022916466682,-0.0027841977169893867,15.251999468089856,12.705748459863285,-2.5462510082265712
24.0,18.0,1.0,14.0,3.0,19.0,4.0,0.10683216537150085,0.2963597962122369,0.19098280725801695,97.78319731610468,512.0,0.0027890105801383304,0.0042732621023437315,-0.0014842515222054011,14.504878338476502,14.769873575231427,0.26499523675492576
24.0,18.0,1.0,14.0,3.0,20.0,1.0,0.10683216537150085,0.2963597962122369,0.365938443508109,46.84012076903795,128.0,0.007621754690224511,0.006646330092542584,0.0009754245976819273,5.530224303564642,1.808011392095942,-3.7222129114687004
24.0,18.0,1.0,14.0,3.0,20.0,4.0,0.10683216537150085,0.2963597962122369,0.21220104520011296,108.64693514245783,512.0,0.004081628210374779,0.0044009979099264435,-0.00031936969955166476,11.262502594711348,11.094559542109835,-0.16794305260151354
24.0,18.0,1.0,14.0,3.0,21.0,1.0,0.10683216537150085,0.2963597962122369,0.3175895960169319,40.65146829016728,128.0,0.005887229387479622,0.005653772425644889,0.00023345696183473333,5.311473528807031,6.122798778513912,0.811325249706881
24.0,18.0,1.0,14.0,3.0,21.0,4.0,0.10683216537150085,0.2963597962122369,0.22465388264441502,115.02278791394049,512.0,0.0019428123742268627,0.0020664575692119365,-0.0001236451949850738,9.758437193733732,11.113581039842826,1.3551438461090939
24.0,18.0,1.0,14.0,3.0,22.0,1.0,0.10683216537150085,0.2963597962122369,0.2543465841060632,32.55636276557609,128.0,0.027213805475165283,0.012932650920200073,0.01428115455496521,11.908329821718056,-3.679102968272245,-15.5874327899903
24.0,18.0,1.0,14.0,3.0,22.0,4.0,0.10683216537150085,0.2963597962122369,0.29658778442594425,151.85294562608345,512.0,0.005520071888741216,0.0047852846640557495,0.0007347872246854662,20.096000438580628,13.281050285990773,-6.814950152589855
24.0,18.0,1.0,14.0,3.0,23.0,1.0,0.10683216537150085,0.2963597962122369,0.16593395011782563,21.23954561508168,128.0,0.14388351154098253,0.15356259925532686,-0.009679087714344337,-20.58873958226284,-20.43535520549114,0.15338437677170091
24.0,18.0,1.0,14.0,3.0,23.0,4.0,0.10683216537150085,0.2963597962122369,0.2168849255280454,111.04508187035924,512.0,0.013829602796351679,0.016540960527712124,-0.0027113577313604455,9.497367461389645,7.896189122354729,-1.6011783390349166
24.0,18.0,1.0,14.0,3.0,24.0,1.0,0.10683216537150085,0.2963597962122369,0.22765941820310678,29.14040552999767,128.0,0.007471087345677326,0.007251467204107501,0.00021962014156982467,8.809189422666488,6.632152106545048,-2.1770373161214405
24.0,18.0,1.0,14.0,3.0,24.0,4.0,0.10683216537150085,0.2963597962122369,0.15002520695753063,76.81290596225568,512.0,0.003663339417523603,0.0044914571277729805,-0.0008281177102493773,18.79895328617099,17.84125674195973,-0.9576965442112595
24.0,18.0,1.0,14.0,3.0,25.0,1.0,0.10683216537150085,0.2963597962122369,0.3608396441862657,46.18747445584201,128.0,0.05241142290568697,0.017226958058593474,0.03518446484709349,31.14917741707107,20.275105480806477,-10.874071936264592
24.0,18.0,1.0,14.0,3.0,25.0,4.0,0.10683216537150085,0.2963597962122369,0.19273159637311438,98.67857734303456,512.0,0.0033694036716291546,0.002906695263830185,0.00046270840779896955,16.76793306711052,14.322662975910509,-2.44527009120001
24.0,18.0,1.0,14.0,3.0,26.0,1.0,0.10683216537150085,0.2963597962122369,0.2980759047251068,38.15371580481367,128.0,0.009053715570270016,0.0063137063489011845,0.002740009221368831,-3.7662887629502744,-0.6371222926799265,3.1291664702703477
24.0,18.0,1.0,14.0,3.0,26.0,4.0,0.10683216537150085,0.2963597962122369,0.25672412730617716,131.4427531807627,512.0,0.007817743874342616,0.007371955453973035,0.00044578842036958107,16.859948463379084,11.664151553219623,-5.19579691015946
24.0,18.0,1.0,14.0,3.0,27.0,1.0,0.10683216537150085,0.2963597962122369,0.29768338806006345,38.10347367168812,128.0,0.022815581806693058,0.022808283850782797,7.2979559102605285e-06,24.072786337120775,17.727436606638374,-6.3453497304824005
24.0,18.0,1.0,14.0,3.0,27.0,4.0,0.10683216537150085,0.2963597962122369,0.2943851087999213,150.7251757055597,512.0,0.0028868302937101326,0.0032901078477907617,-0.0004032775540806291,13.832194948469473,11.157698071385035,-2.6744968770844384
24.0,18.0,1.0,14.0,3.0,28.0,1.0,0.10683216537150085,0.2963597962122369,0.0874389069072533,11.192180084128422,128.0,0.255408919756203,0.26880142256543255,-0.013392502809229545,-0.18325828701805388,-2.4195081111517482,-2.2362498241336946
24.0,18.0,1.0,14.0,3.0,28.0,4.0,0.10683216537150085,0.2963597962122369,0.14106901775325134,72.22733708966469,512.0,0.026420065133070887,0.023502913342864612,0.002917151790206275,31.063457129740094,23.580430980439544,-7.483026149300549
24.0,18.0,1.0,14.0,3.0,29.0,1.0,0.10683216537150085,0.2963597962122369,0.5297047120369827,67.80220314073378,128.0,0.022233808867570704,0.015421302425104168,0.006812506442466535,15.454737099079555,19.071454721317604,3.616717622238049
24.0,18.0,1.0,14.0,3.0,29.0,4.0,0.10683216537150085,0.2963597962122369,0.23527591164445166,120.46126676195925,512.0,0.0021810524178230415,0.002911220233213046,-0.0007301678153900045,17.984705884900613,16.66678477678239,-1.3179211081182238
24.0,18.0,1.0,14.0,3.0,30.0,1.0,0.10683216537150085,0.2963597962122369,0.13456407860178937,17.22420206102904,128.0,0.05278904040517693,0.04978248357463878,0.0030065568305381457,19.66825008624319,12.19790835770209,-7.470341728541101
24.0,18.0,1.0,14.0,3.0,30.0,4.0,0.10683216537150085,0.2963597962122369,0.151719709412957,77.68049121943399,512.0,0.008527927965328998,0.007840347263676412,0.0006875807016525869,21.711300145864154,18.76607019081676,-2.9452299550473953
24.0,18.0,1.0,14.0,3.0,31.0,1.0,0.10683216537150085,0.2963597962122369,0.36264971500437154,46.41916352055956,128.0,0.021177267008484962,0.014769481796651662,0.0064077852118333,28.20135672513374,22.97482709835348,-5.226529626780259
24.0,18.0,1.0,14.0,3.0,31.0,4.0,0.10683216537150085,0.2963597962122369,0.26558047971609694,135.97720561464163,512.0,0.0025902408178865577,0.002831275831895458,-0.0002410350140089005,17.30254672059234,13.662454716124397,-3.6400920044679417
24.0,18.0,1.0,14.0,3.0,32.0,1.0,0.10683216537150085,0.2963597962122369,0.2549318152896252,32.63127235707203,128.0,0.04149382787203834,0.029862757075596165,0.011631070796442176,23.616397176605197,13.710243931339265,-9.906153245265932
24.0,18.0,1.0,14.0,3.0,32.0,4.0,0.10683216537150085,0.2963597962122369,0.2600612934569538,133.15138224996034,512.0,0.004697372305556545,0.0034118335206045685,0.0012855387849519768,20.68790903320676,14.672582886051304,-6.0153261471554575
25.0,2.0,3.0,11.0,4.0,1.0,1.0,0.20017057301286428,0.22404105695550552,0.47631739238820026,60.96862622568963,128.0,0.008795890946490418,0.009114911351279167,-0.0003190204047887491,1.5682828087704699,-1.3569219416348626,-2.9252047504053325
25.0,2.0,3.0,11.0,4.0,1.0,4.0,0.20017057301286428,0.22404105695550552,0.3331230548429215,170.5590040795758,512.0,0.0051173376560227895,0.003438826974998005,0.0016785106810247846,2.509908048985169,1.2871188742544448,-1.2227891747307242
25.0,2.0,3.0,11.0,4.0,2.0,1.0,0.20017057301286428,0.22404105695550552,0.45292424212816473,57.974302992405086,128.0,0.004794498060459729,0.0037860101329564608,0.001008487927503268,-0.13093831248199378,0.29118611858181226,0.42212443106380604
25.0,2.0,3.0,11.0,4.0,2.0,4.0,0.20017057301286428,0.22404105695550552,0.4217575942906754,215.9398882768258,512.0,0.0014073801759261198,0.0012755333613819386,0.00013184681454418115,1.1846699207703806,1.3426133605067385,0.15794343973635794
25.0,2.0,3.0,11.0,4.0,3.0,1.0,0.20017057301286428,0.22404105695550552,0.6383195069725178,81.70489689248228,128.0,0.017233163458593794,0.010263756980460711,0.006969406478133083,2.6781524269265193,2.4116265713777794,-0.26652585554874
25.0,2.0,3.0,11.0,4.0,3.0,4.0,0.20017057301286428,0.22404105695550552,0.4878247920477974,249.76629352847226,512.0,0.0021194491770298108,0.0021233003153492127,-3.851138319401967e-06,2.3151416953365613,2.2457333447495516,-0.06940835058700978
25.0,2.0,3.0,11.0,4.0,4.0,1.0,0.20017057301286428,0.22404105695550552,0.5166976507521654,66.13729929627718,128.0,0.004850966478063398,0.004410555736877034,0.0004404107411863636,2.380246639925061,3.87312285842281,1.492876218497749
25.0,2.0,3.0,11.0,4.0,4.0,4.0,0.20017057301286428,0.22404105695550552,0.34429170616937493,176.27735355871997,512.0,0.008053369211843095,0.010345120457861502,-0.002291751246018407,3.6256318772870406,2.656359461190956,-0.9692724160960848
25.0,2.0,3.0,11.0,4.0,5.0,1.0,0.20017057301286428,0.22404105695550552,0.3554478993411301,45.49733111566465,128.0,0.05087721137955962,0.0106884149068214,0.04018879647273822,5.927842766651771,3.8931554489852496,-2.034687317666521
25.0,2.0,3.0,11.0,4.0,5.0,4.0,0.20017057301286428,0.22404105695550552,0.2566516857194808,131.40566308837418,512.0,0.009104380198675658,0.00522827141360766,0.003876108785067998,5.3907062872299,4.108108312868626,-1.2825979743612743
25.0,2.0,3.0,11.0,4.0,6.0,1.0,0.20017057301286428,0.22404105695550552,0.3735984744462794,47.820604729123765,128.0,0.016412648755432482,0.005559514896194549,0.010853133859237933,4.247178534874832,2.483827119609575,-1.7633514152652574
25.0,2.0,3.0,11.0,4.0,6.0,4.0,0.20017057301286428,0.22404105695550552,0.029783383833295585,15.24909252264734,512.0,0.011694925804967726,0.0032242853382769263,0.0084706404666908,2.7766897622964652,1.566098561381905,-1.2105912009145603
25.0,2.0,3.0,11.0,4.0,7.0,1.0,0.20017057301286428,0.22404105695550552,0.3530416503358481,45.18933124298856,128.0,0.024419044881806663,0.024739930080051407,-0.00032088519824474346,-0.31174013567178027,0.38883196783061125,0.7005721035023915
25.0,2.0,3.0,11.0,4.0,7.0,4.0,0.20017057301286428,0.22404105695550552,0.22278976555801236,114.06835996570233,512.0,0.004894408339042079,0.003960873391366293,0.0009335349476757866,0.9711956614000241,1.6350792710045754,0.6638836096045513
25.0,2.0,3.0,11.0,4.0,8.0,1.0,0.20017057301286428,0.22404105695550552,0.36023545351619995,46.110138050073594,128.0,0.006255594799362125,0.005302972953750584,0.0009526218456115407,2.6562916314818352,0.33859702994186774,-2.3176946015399675
25.0,2.0,3.0,11.0,4.0,8.0,4.0,0.20017057301286428,0.22404105695550552,0.3464222772305283,177.3682059420305,512.0,0.0021380695630298166,0.001063855692538887,0.0010742138704909296,2.619343630918409,1.7802050453999985,-0.8391385855184104
25.0,2.0,3.0,11.0,4.0,9.0,1.0,0.20017057301286428,0.22404105695550552,0.27414248460125074,35.090238028960094,128.0,0.08540906317361865,0.09498475331681511,-0.009575690143196453,-0.08200845229786174,-0.16281081310589623,-0.08080236080803449
25.0,2.0,3.0,11.0,4.0,9.0,4.0,0.20017057301286428,0.22404105695550552,0.3065712941386414,156.9645025989844,512.0,0.005516460722129063,0.004623983089953842,0.000892477632175221,2.5558987415681327,2.8362129428531695,0.2803142012850368
25.0,2.0,3.0,11.0,4.0,10.0,1.0,0.20017057301286428,0.22404105695550552,0.5158732201259945,66.03177217612729,128.0,0.0016766592968116482,0.0016766592968116482,0.0,0.0,0.0,0.0
25.0,2.0,3.0,11.0,4.0,10.0,4.0,0.20017057301286428,0.22404105695550552,0.2557922568755828,130.9656355202984,512.0,0.00421896227812305,0.004049396779787377,0.00016956549833567307,3.187320146585547,2.374922456502938,-0.8123976900826091
25.0,2.0,3.0,11.0,4.0,11.0,1.0,0.20017057301286428,0.22404105695550552,0.4057247012635818,51.93276176173847,128.0,0.02440024847190006,0.021084778425461907,0.003315470046438153,1.9741617637473388,3.54275763020031,1.5685958664529713
25.0,2.0,3.0,11.0,4.0,11.0,4.0,0.20017057301286428,0.22404105695550552,0.3955346892467796,202.51376089435115,512.0,0.0025405712789960434,0.0014425529048680873,0.0010980183741279561,3.4500164993588687,2.9423784034174285,-0.5076380959414402
25.0,2.0,3.0,11.0,4.0,12.0,1.0,0.20017057301286428,0.22404105695550552,0.39699095627707287,50.81484240346533,128.0,0.004939824888162688,0.002995740278542629,0.0019440846096200593,1.335797961719873,-0.14032288547983612,-1.4761208471997092
25.0,2.0,3.0,11.0,4.0,12.0,4.0,0.20017057301286428,0.22404105695550552,0.3537118847988812,181.10048501702718,512.0,0.0026489101088855095,0.003561965469248597,-0.0009130553603630873,1.7944309262682279,1.6532231943800348,-0.14120773188819302
25.0,2.0,3.0,11.0,4.0,13.0,1.0,0.20017057301286428,0.22404105695550552,0.16581830536827152,21.224743087138755,128.0,0.011318613747538751,0.00314560626488599,0.008173007482652761,-2.1614573890566993,-0.11778501456873479,2.0436723744879646
25.0,2.0,3.0,11.0,4.0,13.0,4.0,0.20017057301286428,0.22404105695550552,0.30752972680838037,157.45522012589075,512.0,0.004436626373372537,0.00169060502907183,0.002746021344300707,-0.48653919121700046,0.5753230755212009,1.0618622667382014
25.0,2.0,3.0,11.0,4.0,14.0,1.0,0.20017057301286428,0.22404105695550552,0.319494725408921,40.895324852341886,128.0,0.0016766592968116482,0.0016766592968116482,0.0,0.0,0.0,0.0
25.0,2.0,3.0,11.0,4.0,14.0,4.0,0.20017057301286428,0.22404105695550552,0.31012311826983646,158.78303655415627,512.0,0.0009132070287327308,0.0012506482278254573,-0.00033744119909272653,2.1199522914274005,2.4362181741584497,0.31626588273104916
25.0,2.0,3.0,11.0,4.0,15.0,1.0,0.20017057301286428,0.22404105695550552,0.378274908774891,48.41918832318605,128.0,0.01067693266221469,0.0020085604101686043,0.008668372252046086,1.57630682209445,0.18983094372033138,-1.3864758783741187
25.0,2.0,3.0,11.0,4.0,15.0,4.0,0.20017057301286428,0.22404105695550552,0.3736377439175382,191.30252488577955,512.0,0.0075460599474604624,0.002708950805871955,0.0048371091415885074,3.9351777610486987,2.452168011160233,-1.4830097498884656
25.0,2.0,3.0,11.0,4.0,16.0,1.0,0.20017057301286428,0.22404105695550552,0.18095917207620338,23.162774025754032,128.0,0.004205591278617011,0.0035115545079236936,0.0006940367706933176,0.26196083204814224,0.6399011515053488,0.3779403194572065
25.0,2.0,3.0,11.0,4.0,16.0,4.0,0.20017057301286428,0.22404105695550552,0.31233912465017527,159.91763182088974,512.0,0.0022438001209911978,0.0024035051591749877,-0.0001597050381837899,2.5673766901620487,2.2736349573499104,-0.29374173281213833
25.0,2.0,3.0,11.0,4.0,17.0,1.0,0.20017057301286428,0.22404105695550552,0.35716091380633846,45.71659696721132,128.0,0.001842379464838823,0.0017271810433993327,0.00011519842143949024,0.09710758946693555,0.2490022438252432,0.15189465435830762
25.0,2.0,3.0,11.0,4.0,17.0,4.0,0.20017057301286428,0.22404105695550552,0.4052054828570364,207.46520722280263,512.0,0.0034481668745414036,0.0011364896512409623,0.0023116772233004413,-0.4265319586592808,0.9911985910749153,1.417730549734196
25.0,2.0,3.0,11.0,4.0,18.0,1.0,0.20017057301286428,0.22404105695550552,0.3591662582226177,45.97328105249507,128.0,0.014207028915794315,0.010860636320404333,0.0033463925953899822,4.866752473232338,1.5668592119730607,-3.2998932612592773
25.0,2.0,3.0,11.0,4.0,18.0,4.0,0.20017057301286428,0.22404105695550552,0.29704450936525384,152.08678879500997,512.0,0.0014825083110729179,0.0015522055870064366,-6.969727593351873e-05,1.7448924372876335,1.069682374280609,-0.6752100630070246
25.0,2.0,3.0,11.0,4.0,19.0,1.0,0.20017057301286428,0.22404105695550552,0.3514898588916963,44.99070193813713,128.0,0.0017384600457676298,0.0013239010881825964,0.0004145589575850334,0.8783496748892854,1.136788945629736,0.2584392707404506
25.0,2.0,3.0,11.0,4.0,19.0,4.0,0.20017057301286428,0.22404105695550552,0.3565066323963586,182.5313957869356,512.0,0.001835760363291839,0.0012076652467864686,0.0006280951165053704,1.1583620218460948,1.6144041398580813,0.45604211801198646
25.0,2.0,3.0,11.0,4.0,20.0,1.0,0.20017057301286428,0.22404105695550552,0.4676464043123359,59.858739751978995,128.0,0.00298002272055634,0.0018572760729048537,0.0011227466476514862,-0.008412148448615745,0.14066148596243913,0.14907363441105487
25.0,2.0,3.0,11.0,4.0,20.0,4.0,0.20017057301286428,0.22404105695550552,0.26480280592024313,135.57903663116448,512.0,0.0018382610881919812,0.002148228695644762,-0.00030996760745278097,1.5229910946569114,0.9141664069713549,-0.6088246876855565
25.0,2.0,3.0,11.0,4.0,21.0,1.0,0.20017057301286428,0.22404105695550552,0.4511400908968465,57.74593163479635,128.0,0.015438192887672186,0.012814775663329444,0.0026234172243427417,-1.0712380476947145,-0.4769042439161499,0.5943338037785646
25.0,2.0,3.0,11.0,4.0,21.0,4.0,0.20017057301286428,0.22404105695550552,0.293323444337961,150.18160350103602,512.0,0.0031761262528364007,0.0024972694691058903,0.0006788567837305104,-0.08494815722450179,0.3439364644430311,0.4288846216675329
25.0,2.0,3.0,11.0,4.0,22.0,1.0,0.20017057301286428,0.22404105695550552,0.4807256989684286,61.53288946795886,128.0,0.009998746863457229,0.002087051526836822,0.007911695336620407,-2.004878510657552,-0.19064937180776528,1.8142291388497866
25.0,2.0,3.0,11.0,4.0,22.0,4.0,0.20017057301286428,0.22404105695550552,0.28558566683894987,146.21986142154233,512.0,0.00666629157553205,0.0011133121963680633,0.005552979379163987,1.2431221304191993,1.1828265992346196,-0.06029553118457964
25.0,2.0,3.0,11.0,4.0,23.0,1.0,0.20017057301286428,0.22404105695550552,0.31178759007914786,39.908811530130926,128.0,0.032073114865398794,0.030607623350061418,0.0014654915153373763,3.5337888819431575,4.300084960211883,0.7662960782687258
25.0,2.0,3.0,11.0,4.0,23.0,4.0,0.20017057301286428,0.22404105695550552,0.30952600806455416,158.47731612905173,512.0,0.005444228196337929,0.006442485859784066,-0.0009982576634461372,3.0501484838604638,3.370712687049297,0.3205642031888334
25.0,2.0,3.0,11.0,4.0,24.0,1.0,0.20017057301286428,0.22404105695550552,0.4781501051590301,61.203213460355855,128.0,0.014372442259140665,0.012735917891502614,0.0016365243676380505,2.447748212715933,2.982089457733667,0.5343412450177341
25.0,2.0,3.0,11.0,4.0,24.0,4.0,0.20017057301286428,0.22404105695550552,0.3552629614780128,181.89463627674255,512.0,0.002610924553301821,0.0028940831151185566,-0.00028315856181673543,2.8750620010796606,3.2451425659541453,0.3700805648744847
25.0,2.0,3.0,11.0,4.0,25.0,1.0,0.20017057301286428,0.22404105695550552,0.4305060573540164,55.1047753413141,128.0,0.03067166654326518,0.03584014129728541,-0.005168474754020231,3.998643465520092,3.362858837247697,-0.6357846282723951
25.0,2.0,3.0,11.0,4.0,25.0,4.0,0.20017057301286428,0.22404105695550552,0.22384520975914263,114.60874739668103,512.0,0.005218917617156547,0.006784883605088858,-0.0015659659879323105,3.7158854954981444,3.683970294598499,-0.0319152008996455
25.0,2.0,3.0,11.0,4.0,26.0,1.0,0.20017057301286428,0.22404105695550552,0.3826800486689534,48.983046229626034,128.0,0.06304640399987355,0.06708978872262275,-0.004043384722749205,0.4617793267292597,-0.4978833010845346,-0.9596626278137943
25.0,2.0,3.0,11.0,4.0,26.0,4.0,0.20017057301286428,0.22404105695550552,0.29835058238340395,152.75549818030282,512.0,0.0029034876572338383,0.004882469404914755,-0.0019789817476809166,3.961643885262145,3.095276803215472,-0.8663670820466729
25.0,2.0,3.0,11.0,4.0,27.0,1.0,0.20017057301286428,0.22404105695550552,0.37102478534315,47.4911725239232,128.0,0.015078714612479316,0.015908684573103172,-0.0008299699606238563,3.4580578674714477,3.72426044391797,0.26620257644652234
25.0,2.0,3.0,11.0,4.0,27.0,4.0,0.20017057301286428,0.22404105695550552,0.2213467039410668,113.32951241782621,512.0,0.004329013575684436,0.0011791342419448132,0.003149879333739623,2.470710699859646,1.854475084630762,-0.6162356152288841
25.0,2.0,3.0,11.0,4.0,28.0,1.0,0.20017057301286428,0.22404105695550552,0.32290539068700264,41.33189000793634,128.0,0.041014497314256645,0.0063860549083347,0.034628442405921944,3.040258200704721,1.738814313528158,-1.301443887176563
25.0,2.0,3.0,11.0,4.0,28.0,4.0,0.20017057301286428,0.22404105695550552,0.19305240113424882,98.8428293807354,512.0,0.0068770336784744375,0.0015514460852883972,0.00532558759318604,3.709817592053425,2.4757704393324045,-1.2340471527210206
25.0,2.0,3.0,11.0,4.0,29.0,1.0,0.20017057301286428,0.22404105695550552,0.26763127852477425,34.256803651171104,128.0,0.001901092832808438,0.0017555087863476433,0.00014558404646079466,-0.14729924670216057,-0.05986490498994823,0.08743434171221234
25.0,2.0,3.0,11.0,4.0,29.0,4.0,0.20017057301286428,0.22404105695550552,0.26081714857478927,133.5383800702921,512.0,0.0051375890291692865,0.006286166984205253,-0.0011485779550359666,4.442437010713693,3.459774755323068,-0.982662255390625
25.0,2.0,3.0,11.0,4.0,30.0,1.0,0.20017057301286428,0.22404105695550552,0.23100155012748863,29.568198416318545,128.0,0.012894766430713002,0.012341152266723542,0.00055361416398946,1.7148511091865244,2.466048011690074,0.7511969025035496
25.0,2.0,3.0,11.0,4.0,30.0,4.0,0.20017057301286428,0.22404105695550552,0.2371473019458809,121.41941859629102,512.0,0.0028459590668466345,0.002464794811290364,0.0003811642555562704,1.7122943801860837,2.3216066293576434,0.6093122491715597
25.0,2.0,3.0,11.0,4.0,31.0,1.0,0.20017057301286428,0.22404105695550552,0.39176330308456675,50.145702794824544,128.0,0.019162301142611998,0.015568687012501206,0.003593614130110792,-1.0219782248846991,0.1085755408034905,1.1305537656881897
25.0,2.0,3.0,11.0,4.0,31.0,4.0,0.20017057301286428,0.22404105695550552,0.4074952014645961,208.6375431498732,512.0,0.004856597159177275,0.0024330045577520927,0.0024235926014251827,-0.6233607947800539,0.6258858414709797,1.2492466362510335
25.0,2.0,3.0,11.0,4.0,32.0,1.0,0.20017057301286428,0.22404105695550552,0.31802706385543894,40.707464173496184,128.0,0.016902476919842802,0.013274399551006554,0.0036280773688362484,-0.18553936266498966,0.6556593006229421,0.8411986632879318
25.0,2.0,3.0,11.0,4.0,32.0,4.0,0.20017057301286428,0.22404105695550552,0.3205939714126681,164.14411336328607,512.0,0.0014983162199851943,0.0034575419703237196,-0.001959225750338525,3.1445044544168104,1.9527489708497445,-1.1917554835670658
26.0,4.0,1.0,10.0,4.0,1.0,1.0,0.3031793239093131,0.12612881574080165,0.5622478861857457,71.96772943177545,128.0,0.004941505557809407,0.006282577667423956,-0.0013410721096145488,4.207954570157947,1.2522295970083839,-2.9557249731495627
26.0,4.0,1.0,10.0,4.0,1.0,4.0,0.3031793239093131,0.12612881574080165,0.4962693278871543,254.089895878223,512.0,0.0030514877810499984,0.0027368900111723934,0.00031459776987760504,3.7703901133245945,1.1074724310944972,-2.6629176822300975
26.0,4.0,1.0,10.0,4.0,2.0,1.0,0.3031793239093131,0.12612881574080165,0.5204035687608489,66.61165680138866,128.0,0.040854552115560314,0.007447791941923711,0.0334067601736366,-2.909022714413761,0.48118835169644963,3.3902110661102105
26.0,4.0,1.0,10.0,4.0,2.0,4.0,0.3031793239093131,0.12612881574080165,0.5113067452628767,261.78905357459286,512.0,0.010370311489020123,0.0069714311238475955,0.0033988803651725276,2.940058516421012,-0.47080863849727017,-3.410867154918282
26.0,4.0,1.0,10.0,4.0,3.0,1.0,0.3031793239093131,0.12612881574080165,0.3255405644974345,41.66919225567162,128.0,0.015395992577371804,0.009605306289904662,0.005790686287467142,3.913583814711643,-1.243153348452057,-5.1567371631637
26.0,4.0,1.0,10.0,4.0,3.0,4.0,0.3031793239093131,0.12612881574080165,0.41265515373310035,211.27943871134738,512.0,0.004640959856389067,0.0024014809675019116,0.0022394788888871558,2.596693508177656,0.25426905300580765,-2.3424244551718485
26.0,4.0,1.0,10.0,4.0,4.0,1.0,0.3031793239093131,0.12612881574080165,0.0966205572864186,12.367431332661582,128.0,0.015123848808989412,0.011032458627608082,0.00409139018138133,4.792895266371505,-1.477224531443244,-6.270119797814749
26.0,4.0,1.0,10.0,4.0,4.0,4.0,0.3031793239093131,0.12612881574080165,0.16641061125220308,85.20223296112798,512.0,0.0066066391244825416,0.0032629117738202417,0.0033437273506623,6.363473592643765,1.1778246395252652,-5.1856489531185
26.0,4.0,1.0,10.0,4.0,5.0,1.0,0.3031793239093131,0.12612881574080165,0.44485736680239224,56.94174295070621,128.0,0.006831657350018332,0.0026912460935145702,0.004140411256503761,5.078479584090413,1.2123959851012314,-3.8660835989891815
26.0,4.0,1.0,10.0,4.0,5.0,4.0,0.3031793239093131,0.12612881574080165,0.3823804529776296,195.77879192454637,512.0,0.0020970610291162774,0.0022188570603373977,-0.00012179603122112028,4.723070296915043,1.424584208665946,-3.2984860882490965
26.0,4.0,1.0,10.0,4.0,6.0,1.0,0.3031793239093131,0.12612881574080165,0.5678381205920535,72.68327943578285,128.0,0.019402988024762848,0.01636481903405562,0.003038168990707229,2.096141001949083,2.085625249226566,-0.010515752722517036
26.0,4.0,1.0,10.0,4.0,6.0,4.0,0.3031793239093131,0.12612881574080165,0.1728996360294556,88.52461364708127,512.0,0.0028110086855084575,0.0028381810275023077,-2.7172341993850126e-05,2.832764146518443,1.2935691816627275,-1.5391949648557157
26.0,4.0,1.0,10.0,4.0,7.0,1.0,0.3031793239093131,0.12612881574080165,0.6393474678425884,81.83647588385132,128.0,0.009165610670983346,0.0032763644998328604,0.005889246171150486,4.3629574586237965,0.5113589583028371,-3.8515985003209594
26.0,4.0,1.0,10.0,4.0,7.0,4.0,0.3031793239093131,0.12612881574080165,0.4697868299620215,240.530856940555,512.0,0.002177154411447727,0.0026012714581379994,-0.0004241170466902722,2.625254831453646,0.640918165383577,-1.9843366660700688
26.0,4.0,1.0,10.0,4.0,8.0,1.0,0.3031793239093131,0.12612881574080165,0.15479431626805443,19.813672482310967,128.0,0.007636658586949339,0.006410115832563634,0.0012265427543857055,1.5091127284145753,-0.8332840427488744,-2.3423967711634495
26.0,4.0,1.0,10.0,4.0,8.0,4.0,0.3031793239093131,0.12612881574080165,0.27668368288266065,141.66204563592225,512.0,0.0019458474937031748,0.0019809213168049105,-3.507382310173569e-05,3.2878097732791365,0.5750822715868703,-2.712727501692266
26.0,4.0,1.0,10.0,4.0,9.0,1.0,0.3031793239093131,0.12612881574080165,0.12946030259876135,16.570918732641452,128.0,0.013206222268725542,0.013203094201824812,3.128066900729559e-06,2.533654464537367,-3.0244258842640837,-5.55808034880145
26.0,4.0,1.0,10.0,4.0,9.0,4.0,0.3031793239093131,0.12612881574080165,0.1802271186842117,92.2762847663164,512.0,0.0029773342764364283,0.0030326094349553846,-5.527515851895624e-05,3.1366904702179337,0.09845687461330506,-3.0382335956046287
26.0,4.0,1.0,10.0,4.0,10.0,1.0,0.3031793239093131,0.12612881574080165,0.4565826556651103,58.44257992513412,128.0,0.005492742746232284,0.0028272487355357717,0.0026654940106965127,3.9840533715542388,-0.43290963898855095,-4.41696301054279
26.0,4.0,1.0,10.0,4.0,10.0,4.0,0.3031793239093131,0.12612881574080165,0.5083519354570267,260.2761909539977,512.0,0.0023254731076012883,0.002800390044898718,-0.0004749169372974295,3.5337195135682222,-0.07494683580971367,-3.608666349377936
26.0,4.0,1.0,10.0,4.0,11.0,1.0,0.3031793239093131,0.12612881574080165,0.5053420383719842,64.68378091161398,128.0,0.005181537503026493,0.002441528802642914,0.0027400087003835788,2.063798645310868,0.45215730639738444,-1.6116413389134836
26.0,4.0,1.0,10.0,4.0,11.0,4.0,0.3031793239093131,0.12612881574080165,0.492821972269211,252.32484980183602,512.0,0.001934013669401228,0.0024046467581722232,-0.00047063308877099514,3.3123733324275864,1.3256400774790986,-1.9867332549484877
26.0,4.0,1.0,10.0,4.0,12.0,1.0,0.3031793239093131,0.12612881574080165,0.47827439432877217,61.21912247408284,128.0,0.04284002176734479,0.013504719049193481,0.02933530271815131,-1.8321415021215453,-1.8438872711352474,-0.011745769013702168
26.0,4.0,1.0,10.0,4.0,12.0,4.0,0.3031793239093131,0.12612881574080165,0.5829376008247519,298.46405162227296,512.0,0.002951939191145441,0.005574529620165291,-0.0026225904290198498,3.807977791358237,-0.16197503113329736,-3.969952822491534
26.0,4.0,1.0,10.0,4.0,13.0,1.0,0.3031793239093131,0.12612881574080165,0.703891119671381,90.09806331793676,128.0,0.041937773504868256,0.006415418950778483,0.03552235455408977,2.8124566616237217,0.4624604157049783,-2.349996245918743
26.0,4.0,1.0,10.0,4.0,13.0,4.0,0.3031793239093131,0.12612881574080165,0.41035914993916645,210.10388476885322,512.0,0.005059856139884506,0.0035732154411096707,0.0014866406987748349,2.3543906652519833,0.8217488328810958,-1.5326418323708875
26.0,4.0,1.0,10.0,4.0,14.0,1.0,0.3031793239093131,0.12612881574080165,0.33528401551474435,42.91635398588728,128.0,0.005653097032448115,0.004771792512266696,0.0008813045201814191,0.9519706791753689,0.07529269694137372,-0.8766779822339952
26.0,4.0,1.0,10.0,4.0,14.0,4.0,0.3031793239093131,0.12612881574080165,0.46078978234839246,235.92436856237694,512.0,0.006240948245524375,0.0034138666045766186,0.002827081640947756,2.606997557040333,1.5499893843411485,-1.0570081726991847
26.0,4.0,1.0,10.0,4.0,15.0,1.0,0.3031793239093131,0.12612881574080165,0.47835209630431574,61.229068326952415,128.0,0.041613434558405604,0.03726731282266528,0.004346121735740324,1.8098779764251152,-0.8914615985718387,-2.701339574996954
26.0,4.0,1.0,10.0,4.0,15.0,4.0,0.3031793239093131,0.12612881574080165,0.4699362367981047,240.6073532406296,512.0,0.008410245703204217,0.005058703957413588,0.0033515417457906293,6.190644015945662,1.9935319686192838,-4.197112047326378
26.0,4.0,1.0,10.0,4.0,16.0,1.0,0.3031793239093131,0.12612881574080165,0.3061310201158708,39.18477057483146,128.0,0.06341324711456327,0.07017424893903827,-0.006761001824475005,-9.705197718838601,-11.0283361182929,-1.3231383994542991
26.0,4.0,1.0,10.0,4.0,16.0,4.0,0.3031793239093131,0.12612881574080165,0.4308611468045044,220.60090716390624,512.0,0.005569033592113864,0.006980647935314095,-0.0014116143432002307,1.3441618654810161,-1.4255972048898395,-2.7697590703708554
26.0,4.0,1.0,10.0,4.0,17.0,1.0,0.3031793239093131,0.12612881574080165,0.34331081313158585,43.94378408084299,128.0,0.013138655375223325,0.007527393558000273,0.0056112618172230525,2.3280710263585025,0.4097119849214604,-1.9183590414370422
26.0,4.0,1.0,10.0,4.0,17.0,4.0,0.3031793239093131,0.12612881574080165,0.4420031120475128,226.30559336832656,512.0,0.004698948654902055,0.0030448780690068896,0.0016540705858951654,3.7101053332398752,0.6094780695548955,-3.10062726368498
26.0,4.0,1.0,10.0,4.0,18.0,1.0,0.3031793239093131,0.12612881574080165,0.3861544632230609,49.427771292551796,128.0,0.010005017246081552,0.01109263898673376,-0.0010876217406522084,2.4549812936668935,1.5478351527814271,-0.9071461408854664
26.0,4.0,1.0,10.0,4.0,18.0,4.0,0.3031793239093131,0.12612881574080165,0.16359384018555537,83.76004617500435,512.0,0.0030010210344447994,0.0020617608663266386,0.0009392601681181608,2.9590800444962393,0.8118805293883735,-2.1471995151078658
26.0,4.0,1.0,10.0,4.0,19.0,1.0,0.3031793239093131,0.12612881574080165,0.5342903117746365,68.38915990715347,128.0,0.006566131366031902,0.00826165055913901,-0.001695519193107108,0.9748697935048755,-1.8656402517138353,-2.8405100452187106
26.0,4.0,1.0,10.0,4.0,19.0,4.0,0.3031793239093131,0.12612881574080165,0.449985019588749,230.39233002943948,512.0,0.0057713836739152514,0.00815242579144311,-0.002381042117527859,1.0595385352579683,-1.863281086808954,-2.922819622066922
26.0,4.0,1.0,10.0,4.0,20.0,1.0,0.3031793239093131,0.12612881574080165,0.5666722023481697,72.53404190056573,128.0,0.029825055998402204,0.012577708353306136,0.01724734764509607,0.42025871640916107,-0.16462818574616964,-0.5848869021553307
26.0,4.0,1.0,10.0,4.0,20.0,4.0,0.3031793239093131,0.12612881574080165,0.3540822304512306,181.29010199103007,512.0,0.007449480934560746,0.0024797708901416783,0.004969710044419068,4.110704753332208,1.8054284825304288,-2.3052762708017793
26.0,4.0,1.0,10.0,4.0,21.0,1.0,0.3031793239093131,0.12612881574080165,0.4668243340400338,59.75351475712433,128.0,0.019067108271475536,0.010058591285309011,0.009008516986166525,1.279614301270315,-2.1591142193499606,-3.4387285206202756
26.0,4.0,1.0,10.0,4.0,21.0,4.0,0.3031793239093131,0.12612881574080165,0.47715187118345226,244.30175804592756,512.0,0.002929810539655872,0.0034674203876463488,-0.0005376098479904765,2.8392493024367194,-0.20068677314492725,-3.0399360755816467
26.0,4.0,1.0,10.0,4.0,22.0,1.0,0.3031793239093131,0.12612881574080165,0.0649132396503506,8.308894675244877,128.0,0.017024878826633817,0.0026466144209412543,0.014378264405692563,4.083626651027254,-0.400596512358678,-4.484223163385932
26.0,4.0,1.0,10.0,4.0,22.0,4.0,0.3031793239093131,0.12612881574080165,0.11560774783065339,59.191166889294536,512.0,0.004186705729975745,0.002557675331172141,0.0016290303988036044,4.454793675278591,0.05004394695504395,-4.404749728323547
26.0,4.0,1.0,10.0,4.0,23.0,1.0,0.3031793239093131,0.12612881574080165,0.2096955588743612,26.841031535918233,128.0,0.009955105210491831,0.008587201600165155,0.0013679036103266765,-2.3064683456269424,-2.8202051427363766,-0.5137367971094342
26.0,4.0,1.0,10.0,4.0,23.0,4.0,0.3031793239093131,0.12612881574080165,0.3759141022565086,192.4680203553324,512.0,0.003183958888399752,0.0028142721108465104,0.00036968677755324156,2.9602988569799638,-0.23297888242399512,-3.1932777394039586
26.0,4.0,1.0,10.0,4.0,24.0,1.0,0.3031793239093131,0.12612881574080165,0.3378790617827169,43.24851990818777,128.0,0.02882742729366642,0.027688057726905285,0.0011393695667611357,-1.3869761575065422,-4.352313783606699,-2.965337626100157
26.0,4.0,1.0,10.0,4.0,24.0,4.0,0.3031793239093131,0.12612881574080165,0.41877374522608646,214.41215755575627,512.0,0.0021985857817082375,0.0043973060666135134,-0.002198720284905276,2.8101622889985363,0.06926686094966494,-2.740895428048871
26.0,4.0,1.0,10.0,4.0,25.0,1.0,0.3031793239093131,0.12612881574080165,0.4635794968455946,59.338175596236105,128.0,0.007043971282458388,0.002822898415700318,0.00422107286675807,1.7293071709807941,-0.4965205593317534,-2.2258277303125475
26.0,4.0,1.0,10.0,4.0,25.0,4.0,0.3031793239093131,0.12612881574080165,0.5306385011967176,271.6869126127194,512.0,0.002808461019813115,0.0025386724365693792,0.00026978858324373583,3.0736939114321196,-0.06912244997218725,-3.1428163614043068
26.0,4.0,1.0,10.0,4.0,26.0,1.0,0.3031793239093131,0.12612881574080165,0.3489528970776766,44.66597082594261,128.0,0.004912321242538216,0.005194356196428322,-0.00028203495389010624,0.6417779236534551,-0.29279663771578185,-0.9345745613692369
26.0,4.0,1.0,10.0,4.0,26.0,4.0,0.3031793239093131,0.12612881574080165,0.3805044670874173,194.81828714875766,512.0,0.003158885950123453,0.002832097249589569,0.0003267887005338841,2.8707371957989265,-0.12690288961110444,-2.997640085410031
26.0,4.0,1.0,10.0,4.0,27.0,1.0,0.3031793239093131,0.12612881574080165,0.3372733737959749,43.170991845884785,128.0,0.10219087093821203,0.016507001955119668,0.08568386898309235,6.9172117291019815,-1.3437770346540951,-8.260988763756076
26.0,4.0,1.0,10.0,4.0,27.0,4.0,0.3031793239093131,0.12612881574080165,0.42634080084969,218.28649003504128,512.0,0.005740979703730596,0.0033773224494671487,0.002363657254263447,6.446125586264766,-0.08375396270975553,-6.529879548974521
26.0,4.0,1.0,10.0,4.0,28.0,1.0,0.3031793239093131,0.12612881574080165,0.5753273915896407,73.64190612347402,128.0,0.0792153811356603,0.007274806474441524,0.07194057466121878,1.4862762461209473,0.6279386665556476,-0.8583375795652998
26.0,4.0,1.0,10.0,4.0,28.0,4.0,0.3031793239093131,0.12612881574080165,0.5633727659234047,288.4468561527832,512.0,0.009013676673620767,0.003697345754580289,0.005316330919040478,4.7766849254916215,0.26379086192394424,-4.5128940635676775
26.0,4.0,1.0,10.0,4.0,29.0,1.0,0.3031793239093131,0.12612881574080165,0.4026387777281832,51.53776354920745,128.0,0.01084034699490492,0.015498596891120452,-0.004658249896215532,0.48224159446166354,-0.6148497613236609,-1.0970913557853244
26.0,4.0,1.0,10.0,4.0,29.0,4.0,0.3031793239093131,0.12612881574080165,0.334135159579358,171.0772017046313,512.0,0.0027909112599816717,0.0029648818044871452,-0.00017397054450547355,2.48171968302971,0.4590031365412212,-2.022716546488489
26.0,4.0,1.0,10.0,4.0,30.0,1.0,0.3031793239093131,0.12612881574080165,0.44768613743655317,57.303825591878805,128.0,0.009976214454993122,0.004125671582553284,0.005850542872439838,0.9679804602496374,0.21463470633918091,-0.7533457539104564
26.0,4.0,1.0,10.0,4.0,30.0,4.0,0.3031793239093131,0.12612881574080165,0.4719368531204091,241.63166879764947,512.0,0.0019027123945742114,0.0028317091003786142,-0.0009289967058044028,1.939037300545378,-0.3718002661068235,-2.3108375666522014
26.0,4.0,1.0,10.0,4.0,31.0,1.0,0.3031793239093131,0.12612881574080165,0.5441207561145662,69.64745678266448,128.0,0.017967209075702463,0.004517089218287765,0.013450119857414698,1.9060079431620316,-0.6256609522581722,-2.5316688954202036
26.0,4.0,1.0,10.0,4.0,31.0,4.0,0.3031793239093131,0.12612881574080165,0.4159976676990195,212.990805861898,512.0,0.004511208919099824,0.002660136225287184,0.0018510726938126402,4.438962077798756,0.12382488037961589,-4.31513719741914
26.0,4.0,1.0,10.0,4.0,32.0,1.0,0.3031793239093131,0.12612881574080165,0.24608125212132193,31.498400271529206,128.0,0.0793985257406428,0.06898404430918101,0.010414481431461786,-5.25899810206199,-9.881147121838454,-4.622149019776464
26.0,4.0,1.0,10.0,4.0,32.0,4.0,0.3031793239093131,0.12612881574080165,0.32173783238483983,164.729770181038,512.0,0.007489396622038697,0.006543350398154535,0.0009460462238841619,5.012125998149444,1.1139102547807975,-3.8982157433686466
27.0,8.0,1.0,16.0,4.0,1.0,1.0,0.36522280607438,0.44358199302716234,0.49655334075149904,63.55882761619188,128.0,0.016231367329432478,0.015481128155325563,0.0007502391741069144,4.7517920349414755,3.826547325678663,-0.9252447092628127
27.0,8.0,1.0,16.0,4.0,1.0,4.0,0.36522280607438,0.44358199302716234,0.40012797434265174,204.8655228634377,512.0,0.004322615590573245,0.006571170144809338,-0.0022485545542360926,7.014989751671563,4.776299558010026,-2.2386901936615375
27.0,8.0,1.0,16.0,4.0,2.0,1.0,0.36522280607438,0.44358199302716234,0.565750660914949,72.41608459711347,128.0,0.010532177243002802,0.003106504836167467,0.007425672406835336,6.016755347017786,0.9773099168017552,-5.0394454302160305
27.0,8.0,1.0,16.0,4.0,2.0,4.0,0.36522280607438,0.44358199302716234,0.41849573436428855,214.26981599451574,512.0,0.004835140943932692,0.002833596032272714,0.0020015449116599785,3.4405550841048553,1.435178010655237,-2.005377073449618
27.0,8.0,1.0,16.0,4.0,3.0,1.0,0.36522280607438,0.44358199302716234,0.5345093586531406,68.417197907602,128.0,0.00433832370614241,0.006109810851651923,-0.0017714871455095128,1.1501788332959233,0.07910622822354012,-1.071072605072383
27.0,8.0,1.0,16.0,4.0,3.0,4.0,0.36522280607438,0.44358199302716234,0.361179475860865,184.9238916407629,512.0,0.002627845210717223,0.004355753269528254,-0.0017279080588110314,3.0819763699877063,2.703947488193106,-0.3780288817946005
27.0,8.0,1.0,16.0,4.0,4.0,1.0,0.36522280607438,0.44358199302716234,0.3628178003647159,46.440678446683634,128.0,0.012170751256722272,0.00938915974820049,0.002781591508521782,3.229981588139519,1.7975583368424557,-1.4324232512970632
27.0,8.0,1.0,16.0,4.0,4.0,4.0,0.36522280607438,0.44358199302716234,0.35879988850867983,183.70554291644407,512.0,0.0058450753400505345,0.006338661107702191,-0.0004935857676516562,3.379420482608455,1.8138994236069248,-1.5655210590015303
27.0,8.0,1.0,16.0,4.0,5.0,1.0,0.36522280607438,0.44358199302716234,0.513964651453503,65.78747538604838,128.0,0.019014174913410554,0.02132116117825903,-0.002306986264848477,2.17645389831452,0.6615086533155764,-1.5149452449989438
27.0,8.0,1.0,16.0,4.0,5.0,4.0,0.36522280607438,0.44358199302716234,0.3401175811326775,174.14020153993087,512.0,0.004467301123926765,0.005527951257412851,-0.0010606501334860866,2.8862346546646407,1.768687256242607,-1.1175473984220337
27.0,8.0,1.0,16.0,4.0,6.0,1.0,0.36522280607438,0.44358199302716234,0.2642951564774627,33.82978002911523,128.0,0.03274696295274589,0.043565720713348355,-0.010818757760602468,-3.485350800588148,-10.179720574247012,-6.694369773658864
27.0,8.0,1.0,16.0,4.0,6.0,4.0,0.36522280607438,0.44358199302716234,0.2808960774687512,143.81879166400063,512.0,0.0035046736653252526,0.006832649256243104,-0.003327975590917851,3.0643849395423364,0.4657876487255837,-2.5985972908167527
27.0,8.0,1.0,16.0,4.0,7.0,1.0,0.36522280607438,0.44358199302716234,0.566024036620941,72.45107668748045,128.0,0.016442280917782444,0.01772075229857926,-0.0012784713807968175,0.12261270401338259,-0.22131086868326988,-0.34392357269665247
27.0,8.0,1.0,16.0,4.0,7.0,4.0,0.36522280607438,0.44358199302716234,0.49808187049848707,255.01791769522538,512.0,0.0031165027564406373,0.0033471046626210982,-0.00023060190618046095,3.2127970918990774,2.6816742801812365,-0.5311228117178408
27.0,8.0,1.0,16.0,4.0,8.0,1.0,0.36522280607438,0.44358199302716234,0.25228987847304807,32.29310444455015,128.0,0.0035126214295816962,0.001937161266547002,0.0015754601630346941,0.7952237958874591,0.2615761002604717,-0.5336476956269873
27.0,8.0,1.0,16.0,4.0,8.0,4.0,0.36522280607438,0.44358199302716234,0.3580212670531324,183.3068887312038,512.0,0.002878792571878849,0.002550354993376216,0.0003284375785026334,2.2643036025020415,1.259913900495651,-1.0043897020063906
27.0,8.0,1.0,16.0,4.0,9.0,1.0,0.36522280607438,0.44358199302716234,0.42453443165960386,54.340407252429294,128.0,0.004593393796555091,0.002440233021549403,0.0021531607750056884,1.4831953974272138,0.4797507925768895,-1.0034446048503243
27.0,8.0,1.0,16.0,4.0,9.0,4.0,0.36522280607438,0.44358199302716234,0.35905544128154376,183.8363859361504,512.0,0.003695695704692561,0.0026623533845257074,0.0010333423201668536,3.341283376335468,1.18148163712696,-2.1598017392085076
27.0,8.0,1.0,16.0,4.0,10.0,1.0,0.36522280607438,0.44358199302716234,0.5114834204777465,65.46987782115156,128.0,0.0028667143578213978,0.003453722303306342,-0.0005870079454849443,3.2127430854465966,1.9952848092147304,-1.2174582762318662
27.0,8.0,1.0,16.0,4.0,10.0,4.0,0.36522280607438,0.44358199302716234,0.47069195800833397,240.994282500267,512.0,0.002061833415477391,0.003233445829717476,-0.0011716124142400848,4.508518533231481,2.7486831046299267,-1.759835428601554
27.0,8.0,1.0,16.0,4.0,11.0,1.0,0.36522280607438,0.44358199302716234,0.567052429083635,72.58271092270527,128.0,0.009994246048118625,0.003585126120556512,0.0064091199275621135,3.265231822442703,-0.424758677331725,-3.689990499774428
27.0,8.0,1.0,16.0,4.0,11.0,4.0,0.36522280607438,0.44358199302716234,0.3281514693610866,168.01355231287633,512.0,0.0034418249976301747,0.004926082065575847,-0.0014842570679456722,4.165412584785207,2.3191964958311684,-1.8462160889540384
27.0,8.0,1.0,16.0,4.0,12.0,1.0,0.36522280607438,0.44358199302716234,0.3237448770129627,41.43934425765922,128.0,0.04959470820546984,0.03157243532984573,0.018022272875624107,-1.542310895179757,1.3986470098060462,2.9409579049858032
27.0,8.0,1.0,16.0,4.0,12.0,4.0,0.36522280607438,0.44358199302716234,0.4213864371873423,215.74985583991926,512.0,0.010357982795301243,0.012177919149659754,-0.0018199363543585107,4.963555790010311,4.894114695637287,-0.06944109437302348
27.0,8.0,1.0,16.0,4.0,13.0,1.0,0.36522280607438,0.44358199302716234,0.4734822395179584,60.60572665829868,128.0,0.026948645695135914,0.022395199403316413,0.004553446291819502,1.0780539618547138,-2.691698032114152,-3.7697519939688657
27.0,8.0,1.0,16.0,4.0,13.0,4.0,0.36522280607438,0.44358199302716234,0.4435476912171716,227.09641790319185,512.0,0.004026541795754582,0.0055052706461405695,-0.0014787288503859877,5.001705212093295,2.8628073169513293,-2.138897895141966
27.0,8.0,1.0,16.0,4.0,14.0,1.0,0.36522280607438,0.44358199302716234,0.3956812768692733,50.64720343926698,128.0,0.010745684347735051,0.005911074563399605,0.004834609784335446,2.733669895225107,3.3098084968816193,0.5761386016565124
27.0,8.0,1.0,16.0,4.0,14.0,4.0,0.36522280607438,0.44358199302716234,0.4483167158739681,229.53815852747167,512.0,0.0021295063864272138,0.002752175224832148,-0.0006226688384049343,3.9416714477164936,2.157797269351411,-1.7838741783650827
27.0,8.0,1.0,16.0,4.0,15.0,1.0,0.36522280607438,0.44358199302716234,0.2673317145615886,34.21845946388334,128.0,0.048667196727660206,0.0042452840242201495,0.04442191270344006,-6.663844540412507,-0.9087635840136945,5.755080956398812
27.0,8.0,1.0,16.0,4.0,15.0,4.0,0.36522280607438,0.44358199302716234,0.34806665238900475,178.21012602317043,512.0,0.00737866720278307,0.004983706441623275,0.0023949607611597947,1.1310279111333437,1.4742317603500827,0.3432038492167391
27.0,8.0,1.0,16.0,4.0,16.0,1.0,0.36522280607438,0.44358199302716234,0.6535344671241282,83.65241179188841,128.0,0.015662224997001678,0.012729084676572787,0.0029331403204288908,4.166464721427126,2.895289665567217,-1.2711750558599095
27.0,8.0,1.0,16.0,4.0,16.0,4.0,0.36522280607438,0.44358199302716234,0.3801133055509242,194.6180124420732,512.0,0.0015765307548741973,0.0027632584761566998,-0.0011867277212825025,4.527613049980098,3.085178701950844,-1.4424343480292539
27.0,8.0,1.0,16.0,4.0,17.0,1.0,0.36522280607438,0.44358199302716234,0.32173175887141386,41.181665135540975,128.0,0.005969651880014805,0.007348823136269775,-0.0013791712562549697,1.870296052275502,1.6016025080436993,-0.2686935442318028
27.0,8.0,1.0,16.0,4.0,17.0,4.0,0.36522280607438,0.44358199302716234,0.4304977631111201,220.4148547128935,512.0,0.004183000349459141,0.004773588948813855,-0.0005905885993547138,2.553126594746897,1.3332581253302103,-1.2198684694166866
27.0,8.0,1.0,16.0,4.0,18.0,1.0,0.36522280607438,0.44358199302716234,0.5096709230267714,65.23787814742674,128.0,0.021012650870896054,0.005351369042428311,0.015661281828467745,1.659771012504655,1.019824387783346,-0.639946624721309
27.0,8.0,1.0,16.0,4.0,18.0,4.0,0.36522280607438,0.44358199302716234,0.4293084529214042,219.80592789575894,512.0,0.009836474001994763,0.013348908659290311,-0.003512434657295548,5.591789330987466,4.39950641003121,-1.1922829209562567
27.0,8.0,1.0,16.0,4.0,19.0,1.0,0.36522280607438,0.44358199302716234,0.6340023312220499,81.15229839642238,128.0,0.02217729063083239,0.011765444045890876,0.010411846584941513,6.128020397262952,4.378255029013611,-1.7497653682493404
27.0,8.0,1.0,16.0,4.0,19.0,4.0,0.36522280607438,0.44358199302716234,0.5022080772594006,257.13053555681313,512.0,0.005526173240669087,0.005179922600268597,0.0003462506404004898,5.816003693345957,4.062987153328066,-1.7530165400178905
27.0,8.0,1.0,16.0,4.0,20.0,1.0,0.36522280607438,0.44358199302716234,0.25245380312671845,32.31408680021996,128.0,0.3013015429662764,0.011751299086065769,0.28955024388021067,-5.803556987326261,-0.12999827604994885,5.673558711276312
27.0,8.0,1.0,16.0,4.0,20.0,4.0,0.36522280607438,0.44358199302716234,0.3370972945722331,172.59381482098334,512.0,0.027722044567915723,0.015842305653827805,0.011879738914087917,5.122668492593436,5.494006219243545,0.37133772665010856
27.0,8.0,1.0,16.0,4.0,21.0,1.0,0.36522280607438,0.44358199302716234,0.483371021026593,61.871490691403906,128.0,0.01523846220485363,0.016325355384939674,-0.0010868931800860435,2.6553254557615578,3.6909802740357756,1.0356548182742178
27.0,8.0,1.0,16.0,4.0,21.0,4.0,0.36522280607438,0.44358199302716234,0.4889162984131645,250.3251447875402,512.0,0.002944878846392623,0.004311763379444056,-0.001366884533051433,5.4135979238093785,4.2024395067273534,-1.211158417082025
27.0,8.0,1.0,16.0,4.0,22.0,1.0,0.36522280607438,0.44358199302716234,0.4451080098957468,56.97382526665559,128.0,0.03649642025413942,0.04067830046567001,-0.004181880211530591,0.36698396898837066,-0.03443629368227411,-0.4014202626706448
27.0,8.0,1.0,16.0,4.0,22.0,4.0,0.36522280607438,0.44358199302716234,0.42009868325907157,215.09052582864464,512.0,0.00269646067940578,0.00646491637413295,-0.00376845569472717,5.020520604054967,2.7706439133715053,-2.249876690683462
27.0,8.0,1.0,16.0,4.0,23.0,1.0,0.36522280607438,0.44358199302716234,0.5441599190135902,69.65246963373954,128.0,0.009595890309079098,0.005996185330305385,0.0035997049787737136,3.472836034878704,1.8837780734907317,-1.5890579613879723
27.0,8.0,1.0,16.0,4.0,23.0,4.0,0.36522280607438,0.44358199302716234,0.4645262493184747,237.83743965105904,512.0,0.005324650962101446,0.004142806174567575,0.0011818447875338702,5.5610139505897,3.3731971136793626,-2.1878168369103377
27.0,8.0,1.0,16.0,4.0,24.0,1.0,0.36522280607438,0.44358199302716234,0.44973636247513055,57.56625439681671,128.0,0.0181624847401256,0.016228817082200822,0.0019336676579247772,4.807834820676619,1.277136744334935,-3.5306980763416838
27.0,8.0,1.0,16.0,4.0,24.0,4.0,0.36522280607438,0.44358199302716234,0.35382435309439425,181.15806878432986,512.0,0.007561439365565948,0.010495140112824262,-0.0029337007472583143,6.8903515091899115,5.064453690673494,-1.8258978185164176
27.0,8.0,1.0,16.0,4.0,25.0,1.0,0.36522280607438,0.44358199302716234,0.5002307162386347,64.02953167854524,128.0,0.012446148722006917,0.01614831861407648,-0.0037021698920695623,2.217743361026073,0.39387426049341157,-1.8238691005326615
27.0,8.0,1.0,16.0,4.0,25.0,4.0,0.36522280607438,0.44358199302716234,0.2907345954758848,148.85611288365303,512.0,0.002519386258555084,0.0038425689474957153,-0.0013231826889406315,2.3761259397649366,1.203937057851353,-1.1721888819135835
27.0,8.0,1.0,16.0,4.0,26.0,1.0,0.36522280607438,0.44358199302716234,0.5542672324661144,70.94620575566265,128.0,0.01323277984784059,0.01594640973799305,-0.002713629890152461,5.883949258254758,3.870401069577173,-2.0135481886775852
27.0,8.0,1.0,16.0,4.0,26.0,4.0,0.36522280607438,0.44358199302716234,0.35216211027241007,180.30700045947395,512.0,0.004009728231098119,0.008425109802858849,-0.00441538157176073,3.9757595638207155,3.024939145881226,-0.9508204179394895
27.0,8.0,1.0,16.0,4.0,27.0,1.0,0.36522280607438,0.44358199302716234,0.4210939086588766,53.9000203083362,128.0,0.03988233868605792,0.039053223241714466,0.0008291154443434562,-2.9140881752219228,-5.604706956123971,-2.6906187809020485
27.0,8.0,1.0,16.0,4.0,27.0,4.0,0.36522280607438,0.44358199302716234,0.4325704785611568,221.4760850233123,512.0,0.004167925040762582,0.007367433614475959,-0.0031995085737133774,2.9005907246159373,1.5557182873612896,-1.3448724372546477
27.0,8.0,1.0,16.0,4.0,28.0,1.0,0.36522280607438,0.44358199302716234,0.2942382498205709,37.662495977033075,128.0,0.03234893393739858,0.04534036915491475,-0.012991435217516174,1.4735403354046108,-1.8772283040071989,-3.3507686394118097
27.0,8.0,1.0,16.0,4.0,28.0,4.0,0.36522280607438,0.44358199302716234,0.3968797215595397,203.20241743848433,512.0,0.004858771693233272,0.009333273326087356,-0.004474501632854085,4.902357815471869,3.3365962266496987,-1.5657615888221703
27.0,8.0,1.0,16.0,4.0,29.0,1.0,0.36522280607438,0.44358199302716234,0.5575785660683786,71.37005645675247,128.0,0.04145883565995401,0.03807578753914029,0.0033830481208137198,4.484640711445596,4.891138231967616,0.40649752052202004
27.0,8.0,1.0,16.0,4.0,29.0,4.0,0.36522280607438,0.44358199302716234,0.4877665740270977,249.73648590187403,512.0,0.003997750402201445,0.006134757741265771,-0.002137007339064326,6.507963721158425,4.470764338555126,-2.0371993826032986
27.0,8.0,1.0,16.0,4.0,30.0,1.0,0.36522280607438,0.44358199302716234,0.441094021127518,56.460034704322304,128.0,0.004250984223708563,0.005009904517318546,-0.0007589202936099833,3.0230983727891325,3.562828934488745,0.5397305616996126
27.0,8.0,1.0,16.0,4.0,30.0,4.0,0.36522280607438,0.44358199302716234,0.15007306444050816,76.83740899354018,512.0,0.006705050854574986,0.012017644826437968,-0.005312593971862982,0.8813738139817077,-1.1713296629263938,-2.0527034769081016
27.0,8.0,1.0,16.0,4.0,31.0,1.0,0.36522280607438,0.44358199302716234,0.5234118199252751,66.99671295043521,128.0,0.02126793408966373,0.009948951153630124,0.011318982936033607,1.1716860904323472,2.0741210527112237,0.9024349622788765
27.0,8.0,1.0,16.0,4.0,31.0,4.0,0.36522280607438,0.44358199302716234,0.5080315424606316,260.1121497398434,512.0,0.006079852910033181,0.005380481208992852,0.0006993717010403289,5.573846276287208,3.292612130313834,-2.281234145973374
27.0,8.0,1.0,16.0,4.0,32.0,1.0,0.36522280607438,0.44358199302716234,0.4803237964645637,61.48144594746415,128.0,0.007772931545096765,0.00866168226740928,-0.0008887507223125143,3.779543967366589,3.952199038958886,0.1726550715922972
27.0,8.0,1.0,16.0,4.0,32.0,4.0,0.36522280607438,0.44358199302716234,0.32447744949156265,166.13245413968008,512.0,0.0025133678396472474,0.0036067565139485357,-0.0010933886743012882,2.590058533890415,2.5941679955903783,0.0041094616999632905
28.0,11.0,2.0,7.0,4.0,1.0,1.0,0.20552904127726604,0.4805052107650809,0.32629400071976283,41.76563209212964,128.0,0.044508910482286015,0.01660888000821366,0.027900030474072357,0.21227215021373683,4.756719009497047,4.54444685928331
28.0,11.0,2.0,7.0,4.0,1.0,4.0,0.20552904127726604,0.4805052107650809,0.2308963170558115,118.2189143325755,512.0,0.002982563950272764,0.002949539024650563,3.3024925622200836e-05,6.345761629157443,6.931514871785467,0.5857532426280239
28.0,11.0,2.0,7.0,4.0,2.0,1.0,0.20552904127726604,0.4805052107650809,0.4147171827739275,53.08379939506272,128.0,0.051092636562075446,0.05960347366227387,-0.008510837100198426,5.436412939143721,6.214072137762003,0.7776591986182826
28.0,11.0,2.0,7.0,4.0,2.0,4.0,0.20552904127726604,0.4805052107650809,0.32789814736701406,167.8838514519112,512.0,0.01793812637490261,0.02266405890904948,-0.004725932534146868,10.521288651544706,11.116385612502977,0.595096960958271
28.0,11.0,2.0,7.0,4.0,3.0,1.0,0.20552904127726604,0.4805052107650809,0.49859610198693266,63.82030105432738,128.0,0.017913093163420456,0.01323341612997516,0.004679677033445295,0.4054359236775132,1.9677844865541072,1.562348562876594
28.0,11.0,2.0,7.0,4.0,3.0,4.0,0.20552904127726604,0.4805052107650809,0.38605533545154874,197.66033175119296,512.0,0.00337252193577129,0.00294226244705049,0.00043025948872080005,4.761486622240096,4.8545701468655995,0.09308352462550396
28.0,11.0,2.0,7.0,4.0,4.0,1.0,0.20552904127726604,0.4805052107650809,0.24272013696104763,31.068177531014097,128.0,0.03883161642551,0.04243889039135988,-0.0036072739658498804,3.9303224853349503,4.339604636694612,0.40928215135966184
28.0,11.0,2.0,7.0,4.0,4.0,4.0,0.20552904127726604,0.4805052107650809,0.3394196384379128,173.78285488021135,512.0,0.005221891904383191,0.0066025150469927706,-0.0013806231426095796,4.561749069061074,5.407860671929023,0.846111602867949
28.0,11.0,2.0,7.0,4.0,5.0,1.0,0.20552904127726604,0.4805052107650809,0.4510270779481277,57.731465977360344,128.0,0.02211742918480942,0.006076514065264731,0.01604091511954469,-1.9532914257654415,1.5056226361743084,3.45891406193975
28.0,11.0,2.0,7.0,4.0,5.0,4.0,0.20552904127726604,0.4805052107650809,0.30916939795876713,158.29473175488877,512.0,0.004641047616336594,0.0033179058134861898,0.0013231418028504045,1.9793472674333021,3.062479469208441,1.083132201775139
28.0,11.0,2.0,7.0,4.0,6.0,1.0,0.20552904127726604,0.4805052107650809,0.4936042310338766,63.1813415723362,128.0,0.026163004066179482,0.017683015878331248,0.008479988187848234,5.365146275486206,5.178035096926512,-0.18711117855969395
28.0,11.0,2.0,7.0,4.0,6.0,4.0,0.20552904127726604,0.4805052107650809,0.29170438879318705,149.35264706211177,512.0,0.0060702538132664605,0.0040297993951330085,0.002040454418133452,4.734196495977798,5.15239216990471,0.4181956739269115
28.0,11.0,2.0,7.0,4.0,7.0,1.0,0.20552904127726604,0.4805052107650809,0.3187897730912412,40.80509095567887,128.0,0.03295932443446248,0.005516114783830238,0.02744320965063224,-1.508579211711284,4.109890843594139,5.618470055305423
28.0,11.0,2.0,7.0,4.0,7.0,4.0,0.20552904127726604,0.4805052107650809,0.17367360328540135,88.92088488212549,512.0,0.0089291242095588,0.012634165911004861,-0.003705041701446062,7.3955954984399295,8.283544187901883,0.8879486894619539
28.0,11.0,2.0,7.0,4.0,8.0,1.0,0.20552904127726604,0.4805052107650809,0.37856876293871644,48.456801656155704,128.0,0.008480966110583934,0.00967711639737381,-0.0011961502867898766,1.6202262100315403,1.7865690062630202,0.16634279623147985
28.0,11.0,2.0,7.0,4.0,8.0,4.0,0.20552904127726604,0.4805052107650809,0.13969005969128503,71.52131056193794,512.0,0.025597634153057297,0.029000876478577978,-0.0034032423255206806,7.726287726901903,8.629329647634929,0.9030419207330258
28.0,11.0,2.0,7.0,4.0,9.0,1.0,0.20552904127726604,0.4805052107650809,0.2843369450874796,36.39512897119739,128.0,0.022032548760341303,0.017968373799266857,0.004064174961074446,6.528360476856459,7.580625437772129,1.0522649609156698
28.0,11.0,2.0,7.0,4.0,9.0,4.0,0.20552904127726604,0.4805052107650809,0.2990002387179361,153.08812222358327,512.0,0.007418772753233039,0.009900052735398837,-0.0024812799821657978,8.226771453202012,9.065848611366564,0.8390771581645513
28.0,11.0,2.0,7.0,4.0,10.0,1.0,0.20552904127726604,0.4805052107650809,0.22886235872517313,29.29438191682216,128.0,0.053015755667846644,0.05676804354886761,-0.0037522878810209645,0.9480876483638937,1.669339986835446,0.7212523384715522
28.0,11.0,2.0,7.0,4.0,10.0,4.0,0.20552904127726604,0.4805052107650809,0.24296008879878023,124.39556546497548,512.0,0.014931644485557682,0.019496787153952866,-0.004565142668395184,7.087819231570947,6.632343392541182,-0.45547583902976463
28.0,11.0,2.0,7.0,4.0,11.0,1.0,0.20552904127726604,0.4805052107650809,0.40798669550653716,52.222297024836756,128.0,0.03178678098979075,0.032380090164300254,-0.0005933091745095043,1.7486766453610911,1.8443402065250338,0.0956635611639427
28.0,11.0,2.0,7.0,4.0,11.0,4.0,0.20552904127726604,0.4805052107650809,0.33181360496680495,169.88856574300414,512.0,0.01214039607260629,0.017891122275845203,-0.005750726203238913,6.423819701536456,6.039703082472806,-0.3841166190636507
28.0,11.0,2.0,7.0,4.0,12.0,1.0,0.20552904127726604,0.4805052107650809,0.27515711033601553,35.22011012300999,128.0,0.030739071082101145,0.030914341254450615,-0.0001752701723494697,-0.6143388426028364,-0.9090133786860632,-0.2946745360832268
28.0,11.0,2.0,7.0,4.0,12.0,4.0,0.20552904127726604,0.4805052107650809,0.3035028075917326,155.3934374869671,512.0,0.018868800815465,0.010413567166939725,0.008455233648525275,5.584349779354908,7.415949720759172,1.8315999414042636
28.0,11.0,2.0,7.0,4.0,13.0,1.0,0.20552904127726604,0.4805052107650809,0.3608107809930353,46.18377996710852,128.0,0.031800092783653186,0.006921840068474171,0.024878252715179017,-0.3537713155283455,2.4072315927831447,2.7610029083114904
28.0,11.0,2.0,7.0,4.0,13.0,4.0,0.20552904127726604,0.4805052107650809,0.37619833454851687,192.61354728884064,512.0,0.007217780777541093,0.00512837744819462,0.002089403329346473,4.071763373834147,4.703126005286152,0.6313626314520047
28.0,11.0,2.0,7.0,4.0,14.0,1.0,0.20552904127726604,0.4805052107650809,0.5310506351121433,67.97448129435435,128.0,0.024300822306930266,0.022709216671867677,0.0015916056350625887,4.8458421482007505,5.280354771522703,0.43451262332195206
28.0,11.0,2.0,7.0,4.0,14.0,4.0,0.20552904127726604,0.4805052107650809,0.26920921009071425,137.8351155664457,512.0,0.011746870555988036,0.01323636826546372,-0.0014894977094756841,6.6448203818075875,7.219889433815811,0.5750690520082236
28.0,11.0,2.0,7.0,4.0,15.0,1.0,0.20552904127726604,0.4805052107650809,0.37531225885701686,48.03996913369816,128.0,0.05354158563413005,0.04517732897705188,0.00836425665707817,2.8121936743018634,3.0599819400497013,0.24778826574783785
28.0,11.0,2.0,7.0,4.0,15.0,4.0,0.20552904127726604,0.4805052107650809,0.19498811876263472,99.83391680646898,512.0,0.004881900967809211,0.00595678681177601,-0.0010748858439667986,5.776870987169303,6.788272580385842,1.0114015932165383
28.0,11.0,2.0,7.0,4.0,16.0,1.0,0.20552904127726604,0.4805052107650809,0.23978506501167515,30.69248832149442,128.0,0.004124318795102696,0.0038169740169249258,0.0003073447781777698,3.9797969702444336,3.772840913332697,-0.20695605691173657
28.0,11.0,2.0,7.0,4.0,16.0,4.0,0.20552904127726604,0.4805052107650809,0.2590985001943437,132.65843209950398,512.0,0.004089352948966941,0.006756837406560444,-0.0026674844575935034,7.1976740666463375,7.999319679429128,0.8016456127827905
28.0,11.0,2.0,7.0,4.0,17.0,1.0,0.20552904127726604,0.4805052107650809,0.4254106774462836,54.4525667131243,128.0,0.020585961099106417,0.007107897500367072,0.013478063598739345,2.8355967904272643,4.999360173232885,2.163763382805621
28.0,11.0,2.0,7.0,4.0,17.0,4.0,0.20552904127726604,0.4805052107650809,0.4219010977046344,216.01336202477282,512.0,0.009921578598492166,0.003100083189317879,0.006821495409174287,5.422983670511138,7.354471255401158,1.9314875848900206
28.0,11.0,2.0,7.0,4.0,18.0,1.0,0.20552904127726604,0.4805052107650809,0.42537697880470215,54.448253287001876,128.0,0.06661497188176288,0.06255813043415481,0.004056841447608067,1.227313867409389,2.4919084728348775,1.2645946054254884
28.0,11.0,2.0,7.0,4.0,18.0,4.0,0.20552904127726604,0.4805052107650809,0.2705580221495621,138.5257073405758,512.0,0.00744078298576992,0.0058689820501492615,0.0015718009356206581,7.378766688809787,7.3736157116865995,-0.005150977123187239
28.0,11.0,2.0,7.0,4.0,19.0,1.0,0.20552904127726604,0.4805052107650809,0.49602039307352325,63.490610313410976,128.0,0.012848903908997997,0.01501368803168472,-0.002164784122686723,1.4708267193432436,0.8203208965185306,-0.650505822824713
28.0,11.0,2.0,7.0,4.0,19.0,4.0,0.20552904127726604,0.4805052107650809,0.32918420488564065,168.542312901448,512.0,0.011765659638117085,0.014858580569007936,-0.0030929209308908513,6.932730757114125,6.670978929280808,-0.26175182783331685
28.0,11.0,2.0,7.0,4.0,20.0,1.0,0.20552904127726604,0.4805052107650809,0.34467202081807385,44.11801866471345,128.0,0.008137577046966375,0.010188629887766518,-0.0020510528408001424,4.72693131164379,7.19420071111254,2.4672693994687496
28.0,11.0,2.0,7.0,4.0,20.0,4.0,0.20552904127726604,0.4805052107650809,0.235704883217797,120.68090020751207,512.0,0.009693711763525837,0.010687190383240527,-0.00099347861971469,6.56809656365835,7.9151965094512935,1.3470999457929436
28.0,11.0,2.0,7.0,4.0,21.0,1.0,0.20552904127726604,0.4805052107650809,0.5043967149889534,64.56277951858604,128.0,0.02370073528830273,0.016367288274793453,0.007333447013509277,4.542586433131157,5.0464606748593175,0.5038742417281608
28.0,11.0,2.0,7.0,4.0,21.0,4.0,0.20552904127726604,0.4805052107650809,0.36211327423156,185.4019964065587,512.0,0.007796464035468379,0.004502732327954069,0.0032937317075143096,7.371707560099127,8.053379434222148,0.6816718741230208
28.0,11.0,2.0,7.0,4.0,22.0,1.0,0.20552904127726604,0.4805052107650809,0.29500716531292714,37.760917160054674,128.0,0.058109536699956235,0.007992341497397396,0.05011719520255884,-5.445541216093513,-0.8536790951306673,4.591862120962846
28.0,11.0,2.0,7.0,4.0,22.0,4.0,0.20552904127726604,0.4805052107650809,0.3196216308208078,163.6462749802536,512.0,0.006710820466940804,0.00681800203841709,-0.00010718157147628603,3.5175543960057736,3.387132298010609,-0.1304220979951647
28.0,11.0,2.0,7.0,4.0,23.0,1.0,0.20552904127726604,0.4805052107650809,0.21664415430316603,27.73045175080525,128.0,0.017521195337687166,0.017763063226126623,-0.0002418678884394572,2.738075866020331,4.1925388756576,1.4544630096372688
28.0,11.0,2.0,7.0,4.0,23.0,4.0,0.20552904127726604,0.4805052107650809,0.2384700583714924,122.09666988620411,512.0,0.004566542277368937,0.0052924277620738334,-0.0007258854847048968,6.426656527127919,7.252625765125898,0.8259692379979793
28.0,11.0,2.0,7.0,4.0,24.0,1.0,0.20552904127726604,0.4805052107650809,0.36814053098439614,47.121987966002706,128.0,0.03216231832698557,0.04451961639066024,-0.012357298063674665,2.3145635314275914,3.1170468986228252,0.8024833671952338
28.0,11.0,2.0,7.0,4.0,24.0,4.0,0.20552904127726604,0.4805052107650809,0.3405866930451142,174.38038683909846,512.0,0.005497848328676997,0.006999029119617853,-0.0015011807909408566,5.202363055880739,6.1202566715607265,0.9178936156799873
28.0,11.0,2.0,7.0,4.0,25.0,1.0,0.20552904127726604,0.4805052107650809,0.1734334302521403,22.19947907227396,128.0,0.13680251792808848,0.15693229310671203,-0.02012977517862355,2.747409640397471,1.3042965917163938,-1.443113048681077
28.0,11.0,2.0,7.0,4.0,25.0,4.0,0.20552904127726604,0.4805052107650809,0.1937965923283568,99.22385527211868,512.0,0.013739275084491753,0.017077662752339195,-0.0033383876678474422,9.557570960188084,10.67439680174399,1.1168258415559063
28.0,11.0,2.0,7.0,4.0,26.0,1.0,0.20552904127726604,0.4805052107650809,0.3163504253597953,40.4928544460538,128.0,0.008499729510872599,0.005159208280552207,0.003340521230320392,-0.5705140515315084,1.1612267491609558,1.7317408006924642
28.0,11.0,2.0,7.0,4.0,26.0,4.0,0.20552904127726604,0.4805052107650809,0.16253534707133696,83.21809770052452,512.0,0.008722349384719807,0.009785154705532867,-0.0010628053208130601,7.993103872409666,8.557461984302885,0.5643581118932186
28.0,11.0,2.0,7.0,4.0,27.0,1.0,0.20552904127726604,0.4805052107650809,0.5160795533503562,66.05818282884559,128.0,0.012233854213402978,0.01136697954035026,0.0008668746730527178,5.804844361688689,6.98791997567649,1.1830756139878007
28.0,11.0,2.0,7.0,4.0,27.0,4.0,0.20552904127726604,0.4805052107650809,0.1824051787706435,93.39145153056947,512.0,0.011463317440387144,0.01557949616205281,-0.004116178721665666,7.152001737233234,6.939876458478278,-0.21212527875495546
28.0,11.0,2.0,7.0,4.0,28.0,1.0,0.20552904127726604,0.4805052107650809,0.3438268786333056,44.009840465063114,128.0,0.007571282897358027,0.0071021905245828975,0.0004690923727751293,2.953484814903804,2.7832937963722255,-0.17019101853157848
28.0,11.0,2.0,7.0,4.0,28.0,4.0,0.20552904127726604,0.4805052107650809,0.2727980662788209,139.6726099347563,512.0,0.008520728104273055,0.010061853129272592,-0.0015411250249995363,5.273131199385184,6.0412743208692765,0.7681431214840924
28.0,11.0,2.0,7.0,4.0,29.0,1.0,0.20552904127726604,0.4805052107650809,0.3005210310583087,38.46669197546351,128.0,0.008423460007259072,0.005103170345797671,0.003320289661461402,1.568499802268328,0.8548300996200257,-0.7136697026483024
28.0,11.0,2.0,7.0,4.0,29.0,4.0,0.20552904127726604,0.4805052107650809,0.2875379596377468,147.21943533452637,512.0,0.005277663793143582,0.004891462054274539,0.0003862017388690433,3.256933506660192,3.5569308301750264,0.2999973235148343
28.0,11.0,2.0,7.0,4.0,30.0,1.0,0.20552904127726604,0.4805052107650809,0.40975822610152335,52.44905294099499,128.0,0.0060055039241856435,0.004308706112652321,0.0016967978115333222,2.899171399065118,2.955140890851077,0.055969491785959224
28.0,11.0,2.0,7.0,4.0,30.0,4.0,0.20552904127726604,0.4805052107650809,0.2959199794922738,151.51102950004417,512.0,0.003990936011364121,0.00395371244929903,3.722356206509094e-05,4.486303847794967,4.923169717455289,0.4368658696603216
28.0,11.0,2.0,7.0,4.0,31.0,1.0,0.20552904127726604,0.4805052107650809,0.24065982646873665,30.80445778799829,128.0,0.028882652617294165,0.025409013592883323,0.003473639024410842,4.742559200809979,7.818709504023501,3.076150303213522
28.0,11.0,2.0,7.0,4.0,31.0,4.0,0.20552904127726604,0.4805052107650809,0.2971700712976716,152.15107650440785,512.0,0.0025706514954392736,0.002475674501078446,9.49769943608277e-05,6.71271343695993,7.354240133704661,0.6415266967447302
28.0,11.0,2.0,7.0,4.0,32.0,1.0,0.20552904127726604,0.4805052107650809,0.4639530947646953,59.385996129881,128.0,0.005962500142646259,0.004482421680665053,0.001480078461981206,1.7804586106904874,2.6171925995882916,0.8367339888978043
28.0,11.0,2.0,7.0,4.0,32.0,4.0,0.20552904127726604,0.4805052107650809,0.10019317200190735,51.29890406497656,512.0,0.0048309866583361545,0.0054564981763791836,-0.0006255115180430291,4.743664371332495,5.94289737002533,1.1992329986928345
29.0,14.0,1.0,8.0,4.0,1.0,1.0,0.30687556346184414,0.3959448966380055,0.5055803646327556,64.71428667299271,128.0,0.008737392434779107,0.01321462357998245,-0.004477231145203342,0.832244494103858,-0.4705998192432511,-1.302844313347109
29.0,14.0,1.0,8.0,4.0,1.0,4.0,0.30687556346184414,0.3959448966380055,0.4485279508186158,229.6463108191313,512.0,0.0017607858540234485,0.004454756036610686,-0.0026939701825872374,2.086674524264367,0.6715371496904494,-1.4151373745739175
29.0,14.0,1.0,8.0,4.0,2.0,1.0,0.30687556346184414,0.3959448966380055,0.48193711997634064,61.6879513569716,128.0,0.007496846066630653,0.0023557614040260206,0.005141084662604632,1.6059259779705293,0.353854660522768,-1.2520713174477613
29.0,14.0,1.0,8.0,4.0,2.0,4.0,0.30687556346184414,0.3959448966380055,0.3550459889671762,181.78354635119422,512.0,0.005168061153046643,0.011562002502931934,-0.006393941349885291,3.291551741551838,1.3212298445578354,-1.9703218969940024
29.0,14.0,1.0,8.0,4.0,3.0,1.0,0.30687556346184414,0.3959448966380055,0.35268833039151926,45.144106290114465,128.0,0.01735459878503917,0.0026983725066418154,0.014656226278397355,6.943332431802257,-0.2183128562515499,-7.161645288053807
29.0,14.0,1.0,8.0,4.0,3.0,4.0,0.30687556346184414,0.3959448966380055,0.2027484072945977,103.80718453483402,512.0,0.0020000703518962305,0.004673673239378284,-0.0026736028874820537,4.493493646620049,-0.4288927990836121,-4.922386445703661
29.0,14.0,1.0,8.0,4.0,4.0,1.0,0.30687556346184414,0.3959448966380055,0.040203872537102094,5.146095684749068,128.0,0.006119213497239664,0.007225540370040304,-0.0011063268728006403,2.0244604255478826,0.8986252083701988,-1.1258352171776838
29.0,14.0,1.0,8.0,4.0,4.0,4.0,0.30687556346184414,0.3959448966380055,0.06856764687384256,35.10663519940739,512.0,0.001671300298515276,0.003861594631558307,-0.002190294333043031,2.4940422911314255,0.8592013203734401,-1.6348409707579854
29.0,14.0,1.0,8.0,4.0,5.0,1.0,0.30687556346184414,0.3959448966380055,0.08250386247491207,10.560494396788744,128.0,0.004660523531728531,0.004594648255923671,6.587527580485981e-05,2.485215209305158,1.2463730159193074,-1.2388421933858504
29.0,14.0,1.0,8.0,4.0,5.0,4.0,0.30687556346184414,0.3959448966380055,0.173029375855615,88.59104043807488,512.0,0.023700303563922824,0.0024086153130171172,0.021291688250905706,5.777917249570978,0.9230428777424857,-4.854874371828492
29.0,14.0,1.0,8.0,4.0,6.0,1.0,0.30687556346184414,0.3959448966380055,0.5667198715622331,72.54014355996584,128.0,0.008762468418948819,0.012000410393125722,-0.0032379419741769035,1.585308406884712,-0.3080962949695682,-1.8934047018542803
29.0,14.0,1.0,8.0,4.0,6.0,4.0,0.30687556346184414,0.3959448966380055,0.5006384760714091,256.32689974856146,512.0,0.004549850385130521,0.003294101928505171,0.0012557484566253496,4.206849692184776,1.0252149884148205,-3.181634703769956
29.0,14.0,1.0,8.0,4.0,7.0,1.0,0.30687556346184414,0.3959448966380055,0.45609925570316157,58.38070473000468,128.0,0.012566000323462626,0.011571579045959315,0.0009944212775033108,0.85844369246923,-2.2464905451818535,-3.104934237651084
29.0,14.0,1.0,8.0,4.0,7.0,4.0,0.30687556346184414,0.3959448966380055,0.48684495845832987,249.2646187306649,512.0,0.009660409487902323,0.003668072063832733,0.00599233742406959,3.373502704934738,0.5412220815414179,-2.83228062339332
29.0,14.0,1.0,8.0,4.0,8.0,1.0,0.30687556346184414,0.3959448966380055,0.44738538980962383,57.26532989563185,128.0,0.008265603433379105,0.004703995376889878,0.0035616080564892273,2.2699224234560798,0.3435112054334227,-1.9264112180226571
29.0,14.0,1.0,8.0,4.0,8.0,4.0,0.30687556346184414,0.3959448966380055,0.3032817538529897,155.28025797273074,512.0,0.0053683745589377194,0.0028476670747816014,0.002520707484156118,2.667549853002058,0.12213410199412214,-2.545415751007936
29.0,14.0,1.0,8.0,4.0,9.0,1.0,0.30687556346184414,0.3959448966380055,0.18322617079069517,23.45294986120898,128.0,0.00554522943570151,0.004536871742382823,0.0010083576933186868,0.04275596831963925,0.05862103893142593,0.01586507061178668
29.0,14.0,1.0,8.0,4.0,9.0,4.0,0.30687556346184414,0.3959448966380055,0.30456928209740786,155.93947243387282,512.0,0.004784037665240581,0.0072515956319093595,-0.0024675579666687784,3.7684615121674057,0.3322776944186801,-3.4361838177487254
29.0,14.0,1.0,8.0,4.0,10.0,1.0,0.30687556346184414,0.3959448966380055,0.3648829215488771,46.70501395825627,128.0,0.018005679369803556,0.017239957902954937,0.0007657214668486192,-0.08665566081185563,-0.635065219462053,-0.5484095586501974
29.0,14.0,1.0,8.0,4.0,10.0,4.0,0.30687556346184414,0.3959448966380055,0.3544395166109428,181.47303250480272,512.0,0.010332551327838784,0.006575736584429309,0.0037568147434094753,1.4136936736750467,0.06544920629074645,-1.3482444673843004
29.0,14.0,1.0,8.0,4.0,11.0,1.0,0.30687556346184414,0.3959448966380055,0.24808214804951767,31.75451495033826,128.0,0.0063127774753597,0.004415431316862016,0.001897346158497684,1.0014288406772123,-0.23834095675472475,-1.239769797431937
29.0,14.0,1.0,8.0,4.0,11.0,4.0,0.30687556346184414,0.3959448966380055,0.28372046925282635,145.2648802574471,512.0,0.003115478146261193,0.004047789918899792,-0.0009323117726385988,3.5924384375033696,0.708215703128512,-2.8842227343748577
29.0,14.0,1.0,8.0,4.0,12.0,1.0,0.30687556346184414,0.3959448966380055,0.41806692777676896,53.51256675542643,128.0,0.03634955025858286,0.006215080645133906,0.030134469613448952,5.3048268426537915,1.4532963163153427,-3.8515305263384487
29.0,14.0,1.0,8.0,4.0,12.0,4.0,0.30687556346184414,0.3959448966380055,0.4180268821873087,214.02976367990206,512.0,0.004619412437538068,0.004820539757984175,-0.00020112732044610688,4.968706722260873,1.2028264217955928,-3.7658803004652803
29.0,14.0,1.0,8.0,4.0,13.0,1.0,0.30687556346184414,0.3959448966380055,0.4755612375510481,60.87183840653416,128.0,0.013220674396501205,0.0028492308370099634,0.010371443559491243,4.765440883051531,0.3426885812745387,-4.422752301776993
29.0,14.0,1.0,8.0,4.0,13.0,4.0,0.30687556346184414,0.3959448966380055,0.3561700337898212,182.35905730038846,512.0,0.0013734299310676078,0.002090456819318426,-0.0007170268882508183,2.2089389031914335,0.1992748744782977,-2.0096640287131358
29.0,14.0,1.0,8.0,4.0,14.0,1.0,0.30687556346184414,0.3959448966380055,0.4576712700768624,58.58192256983839,128.0,0.007933726968144959,0.0101400598546654,-0.002206332886520442,1.4264362879139596,-0.3220849386031839,-1.7485212265171435
29.0,14.0,1.0,8.0,4.0,14.0,4.0,0.30687556346184414,0.3959448966380055,0.47218456660771346,241.7584981031493,512.0,0.004133785113042394,0.003963577776838102,0.00017020733620429218,3.8590199358963915,0.8675176319223739,-2.9915023039740176
29.0,14.0,1.0,8.0,4.0,15.0,1.0,0.30687556346184414,0.3959448966380055,0.28232034769123604,36.13700450447821,128.0,0.018315931119459762,0.022970999834109898,-0.004655068714650136,-0.7283740111389181,-1.2368045284623364,-0.5084305173234183
29.0,14.0,1.0,8.0,4.0,15.0,4.0,0.30687556346184414,0.3959448966380055,0.34009435158207957,174.12830801002474,512.0,0.009303916429168682,0.006439928546114984,0.002863987883053698,4.741067341600567,-0.05854745341802409,-4.799614795018591
29.0,14.0,1.0,8.0,4.0,16.0,1.0,0.30687556346184414,0.3959448966380055,0.3657296240725923,46.813391881291814,128.0,0.03284461566033794,0.0458205938757678,-0.01297597821542986,0.6371735609071536,-4.434316236445271,-5.071489797352425
29.0,14.0,1.0,8.0,4.0,16.0,4.0,0.30687556346184414,0.3959448966380055,0.38220186949290363,195.68735718036666,512.0,0.009648078689538417,0.012843664335485581,-0.0031955856459471646,4.711119963125457,1.0341064717456376,-3.677013491379819
29.0,14.0,1.0,8.0,4.0,17.0,1.0,0.30687556346184414,0.3959448966380055,0.3753094372417264,48.03960796694098,128.0,0.012955118671156559,0.0024040409165578887,0.01055107775459867,2.5974209136869884,0.9373092719333672,-1.660111641753621
29.0,14.0,1.0,8.0,4.0,17.0,4.0,0.30687556346184414,0.3959448966380055,0.39268125576223,201.05280295026176,512.0,0.0015489736564693937,0.00300044453341618,-0.001451470876946786,2.487196442322548,0.9615317114681657,-1.5256647308543823
29.0,14.0,1.0,8.0,4.0,18.0,1.0,0.30687556346184414,0.3959448966380055,0.394420527829708,50.48582756220262,128.0,0.011694717540590935,0.009071446224693986,0.002623271315896949,0.974039121148832,-1.1950704028524954,-2.1691095240013274
29.0,14.0,1.0,8.0,4.0,18.0,4.0,0.30687556346184414,0.3959448966380055,0.24469144260315112,125.28201861281337,512.0,0.0038197659198145857,0.002348523177319795,0.0014712427424947907,2.587380502090892,0.9566014135124297,-1.6307790885784623
29.0,14.0,1.0,8.0,4.0,19.0,1.0,0.30687556346184414,0.3959448966380055,0.24361372353487068,31.182556612463447,128.0,0.00880814335884903,0.010932943446378386,-0.0021248000875293566,0.9538204226602147,-0.08857826879124185,-1.0423986914514565
29.0,14.0,1.0,8.0,4.0,19.0,4.0,0.30687556346184414,0.3959448966380055,0.22128187023078782,113.29631755816337,512.0,0.0031589089708518293,0.004219877900652761,-0.0010609689298009318,1.7687635460984044,0.5930498632289785,-1.175713682869426
29.0,14.0,1.0,8.0,4.0,20.0,1.0,0.30687556346184414,0.3959448966380055,0.23152677976989158,29.635427810546123,128.0,0.1814922950583796,0.006116110082037678,0.17537618497634191,-2.2076333950443034,-1.086018817275001,1.1216145777693025
29.0,14.0,1.0,8.0,4.0,20.0,4.0,0.30687556346184414,0.3959448966380055,0.26431616274516234,135.32987532552312,512.0,0.02368051416532307,0.0024032049207683426,0.02127730924455473,2.2918204302498233,0.6279319390149997,-1.6638884912348235
29.0,14.0,1.0,8.0,4.0,21.0,1.0,0.30687556346184414,0.3959448966380055,0.1590745689330774,20.361544823433906,128.0,0.02296069298192153,0.005704592247205742,0.01725610073471579,1.112522057527255,0.5506020886615628,-0.5619199688656922
29.0,14.0,1.0,8.0,4.0,21.0,4.0,0.30687556346184414,0.3959448966380055,0.29270384537498584,149.86436883199275,512.0,0.0017164194697384012,0.0032520258453372416,-0.0015356063755988403,3.4243056027744876,1.0910722661499945,-2.333233336624493
29.0,14.0,1.0,8.0,4.0,22.0,1.0,0.30687556346184414,0.3959448966380055,0.3617675686092983,46.306248781990185,128.0,0.0042883640255971765,0.003580373706591885,0.0007079903190052917,2.2307081356278236,0.9991893897524279,-1.2315187458753956
29.0,14.0,1.0,8.0,4.0,22.0,4.0,0.30687556346184414,0.3959448966380055,0.42688067007331326,218.5629030775364,512.0,0.002682160260738368,0.004284810714305943,-0.0016026504535675756,2.370374825550622,0.2914023396616579,-2.078972485888964
29.0,14.0,1.0,8.0,4.0,23.0,1.0,0.30687556346184414,0.3959448966380055,0.09992537625418181,12.790448160535272,128.0,0.01429220596032435,0.007079881771978326,0.007212324188346024,3.84877336085633,0.1761725129267129,-3.6726008479296173
29.0,14.0,1.0,8.0,4.0,23.0,4.0,0.30687556346184414,0.3959448966380055,0.17087630795364758,87.48866967226756,512.0,0.0018408877506652529,0.004089235467812322,-0.002248347717147069,3.03267701587213,0.4729772984115112,-2.5596997174606186
29.0,14.0,1.0,8.0,4.0,24.0,1.0,0.30687556346184414,0.3959448966380055,0.43405882546755875,55.55952965984752,128.0,0.030840280725054587,0.009823419247211473,0.021016861477843114,5.381322401328533,-0.46931218246450473,-5.850634583793037
29.0,14.0,1.0,8.0,4.0,24.0,4.0,0.30687556346184414,0.3959448966380055,0.3367637180406731,172.42302363682464,512.0,0.0071855673588499145,0.005438706121128359,0.0017468612377215557,5.3628083893958065,-0.4945046806187109,-5.857313070014517
29.0,14.0,1.0,8.0,4.0,25.0,1.0,0.30687556346184414,0.3959448966380055,0.503003161082149,64.38440461851508,128.0,0.020390156805473666,0.0195156109617223,0.0008745458437513648,-2.3447879319619043,-2.990242800626408,-0.6454548686645039
29.0,14.0,1.0,8.0,4.0,25.0,4.0,0.30687556346184414,0.3959448966380055,0.4711417512555719,241.2245766428528,512.0,0.004043509626939024,0.0067657207310798315,-0.0027222111041408075,2.9601565992499648,0.6542088346818589,-2.305947764568106
29.0,14.0,1.0,8.0,4.0,26.0,1.0,0.30687556346184414,0.3959448966380055,0.4654618668506776,59.57911895688673,128.0,0.060406341979480034,0.02657621415208267,0.03383012782739736,2.8403328015842604,-0.8273880186402884,-3.667720820224549
29.0,14.0,1.0,8.0,4.0,26.0,4.0,0.30687556346184414,0.3959448966380055,0.33171304042227057,169.83707669620253,512.0,0.007001701473242897,0.003812308436221339,0.003189393037021558,4.58004449052616,0.6964615537393125,-3.8835829367868477
29.0,14.0,1.0,8.0,4.0,27.0,1.0,0.30687556346184414,0.3959448966380055,0.3563362408835868,45.61103883309911,128.0,0.0151969544375361,0.007951164039664246,0.007245790397871854,0.9455953346275292,-0.9273751463251217,-1.872970480952651
29.0,14.0,1.0,8.0,4.0,27.0,4.0,0.30687556346184414,0.3959448966380055,0.4758430461374854,243.63163962239253,512.0,0.004670234516570966,0.006457648070322433,-0.0017874135537514664,3.610965459610432,0.6683163038028036,-2.9426491558076284
29.0,14.0,1.0,8.0,4.0,28.0,1.0,0.30687556346184414,0.3959448966380055,0.5052830611262693,64.67623182416247,128.0,0.042420009431573605,0.04294046347700575,-0.0005204540454321477,4.494503196662098,-0.4395963256006296,-4.934099522262728
29.0,14.0,1.0,8.0,4.0,28.0,4.0,0.30687556346184414,0.3959448966380055,0.3407090972812123,174.4430578079807,512.0,0.013541690735148776,0.011013593058661012,0.0025280976764877634,9.038459766891604,1.973297943184934,-7.06516182370667
29.0,14.0,1.0,8.0,4.0,29.0,1.0,0.30687556346184414,0.3959448966380055,0.31687808693488534,40.56039512766532,128.0,0.007786732545329076,0.007114772815273495,0.0006719597300555817,2.307587538249573,-1.4685200857005096,-3.776107623950083
29.0,14.0,1.0,8.0,4.0,29.0,4.0,0.30687556346184414,0.3959448966380055,0.39519541318534385,202.34005155089605,512.0,0.0021923676854784992,0.0033276392195248374,-0.0011352715340463382,3.0090264504176236,-0.20096875546902113,-3.2099952058866448
29.0,14.0,1.0,8.0,4.0,30.0,1.0,0.30687556346184414,0.3959448966380055,0.5547568343848174,71.00887480125662,128.0,0.037669429837183396,0.009796174117213528,0.027873255719969868,4.316381390060252,0.4953857486989978,-3.8209956413612547
29.0,14.0,1.0,8.0,4.0,30.0,4.0,0.30687556346184414,0.3959448966380055,0.4210424492667749,215.57373402458876,512.0,0.007294446287339301,0.006375052068955257,0.000919394218384044,3.8335705161799014,1.5471000520135612,-2.2864704641663405
29.0,14.0,1.0,8.0,4.0,31.0,1.0,0.30687556346184414,0.3959448966380055,0.46604807829944805,59.65415402232935,128.0,0.011033311745055494,0.007369185070318472,0.0036641266747370217,1.5223706932942036,-1.2766487565056273,-2.7990194497998306
29.0,14.0,1.0,8.0,4.0,31.0,4.0,0.30687556346184414,0.3959448966380055,0.4784613791512256,244.9722261254275,512.0,0.002892887714394546,0.005762813826708468,-0.0028699261123139217,2.156049959117139,0.3191775580695496,-1.8368724010475894
29.0,14.0,1.0,8.0,4.0,32.0,1.0,0.30687556346184414,0.3959448966380055,0.5420868969933924,69.38712281515423,128.0,0.04262649165421804,0.016997551330232955,0.025628940323985088,3.966804567927477,-2.3339541416655267,-6.300758709593003
29.0,14.0,1.0,8.0,4.0,32.0,4.0,0.30687556346184414,0.3959448966380055,0.4648904042834551,238.02388699312903,512.0,0.007458199307133929,0.007019635136306642,0.000438564170827287,4.137394482471767,1.0929776086030134,-3.0444168738687534
30.0,16.0,6.0,9.0,4.0,1.0,1.0,0.32474639874605865,0.7478215194673774,0.18237570160047412,23.344089804860687,128.0,0.014506376725530113,0.00923497545042061,0.005271401275109503,1.3705846885892752,2.26702352236653,0.8964388337772549
30.0,16.0,6.0,9.0,4.0,1.0,4.0,0.32474639874605865,0.7478215194673774,0.2234344436174395,114.39843513212902,512.0,0.0025467068964644323,0.0016049139500991423,0.0009417929463652901,0.5636141702978464,0.8359679157849774,0.272353745487131
30.0,16.0,6.0,9.0,4.0,2.0,1.0,0.32474639874605865,0.7478215194673774,0.6368537467086302,81.51727957870466,128.0,0.005083184268694486,0.004009237254498591,0.001073947014195895,-0.13594466383616813,0.21225493474883192,0.34819959858500005
30.0,16.0,6.0,9.0,4.0,2.0,4.0,0.32474639874605865,0.7478215194673774,0.4032401683144737,206.45896617701052,512.0,0.005919797131629088,0.0069092217801650455,-0.0009894246485359576,2.2025845374408646,2.449131480691682,0.24654694325081739
30.0,16.0,6.0,9.0,4.0,3.0,1.0,0.32474639874605865,0.7478215194673774,0.5885573016408772,75.33533461003228,128.0,0.0025875400175214827,0.0021196110522594493,0.00046792896526203333,0.3585317066357616,0.13897044654971702,-0.2195612600860446
30.0,16.0,6.0,9.0,4.0,3.0,4.0,0.32474639874605865,0.7478215194673774,0.5487199523674406,280.9446156121296,512.0,0.0015867158059580163,0.0014525702182923872,0.00013414558766562906,0.7812676783928725,0.880947016287222,0.09967933789434957
30.0,16.0,6.0,9.0,4.0,4.0,1.0,0.32474639874605865,0.7478215194673774,0.5738644188555174,73.45464561350623,128.0,0.005806373150802787,0.0028802040988111406,0.0029261690519916464,0.13195660470171952,0.6836237602495795,0.5516671555478599
30.0,16.0,6.0,9.0,4.0,4.0,4.0,0.32474639874605865,0.7478215194673774,0.4888368060145128,250.28444467943055,512.0,0.0032932536775080717,0.002773525736385365,0.0005197279411227069,1.101031596337487,1.5533695880799936,0.45233799174250655
30.0,16.0,6.0,9.0,4.0,5.0,1.0,0.32474639874605865,0.7478215194673774,0.37489800693033076,47.98694488708234,128.0,0.01889067526712916,0.018627524532952106,0.00026315073417705614,0.639621401885939,1.5172927747147151,0.8776713728287762
30.0,16.0,6.0,9.0,4.0,5.0,4.0,0.32474639874605865,0.7478215194673774,0.4835572198002451,247.58129653772548,512.0,0.003948094313440594,0.0039814232517881255,-3.3328938347531624e-05,1.651980190571813,2.008799519378359,0.3568193288065462
30.0,16.0,6.0,9.0,4.0,6.0,1.0,0.32474639874605865,0.7478215194673774,0.7965416077630912,101.95732579367568,128.0,0.01658472117584584,0.019865845034437515,-0.003281123858591674,1.7258378989434013,1.5887378068093807,-0.13710009213402063
30.0,16.0,6.0,9.0,4.0,6.0,4.0,0.32474639874605865,0.7478215194673774,0.2815746539205927,144.16622280734347,512.0,0.04037536006945464,0.04709752377734412,-0.006722163707889479,3.243368366973606,2.7660936564579317,-0.47727471051567427
30.0,16.0,6.0,9.0,4.0,7.0,1.0,0.32474639874605865,0.7478215194673774,0.719767843629954,92.13028398463412,128.0,0.012611458071143864,0.01083007948260064,0.0017813785885432247,-0.5250984248651751,0.5728849745140241,1.0979833993791992
30.0,16.0,6.0,9.0,4.0,7.0,4.0,0.32474639874605865,0.7478215194673774,0.5036758559110496,257.8820382264574,512.0,0.003781013266819057,0.0034846447608274478,0.00029636850599160927,1.1606217894865152,1.6721312832629713,0.5115094937764562
30.0,16.0,6.0,9.0,4.0,8.0,1.0,0.32474639874605865,0.7478215194673774,0.38904434483452544,49.797676138819256,128.0,0.00604243366067143,0.0035299236506559206,0.002512510010015509,0.5043874895503729,0.9073314711638861,0.4029439816135132
30.0,16.0,6.0,9.0,4.0,8.0,4.0,0.32474639874605865,0.7478215194673774,0.4278524547565262,219.06045683534143,512.0,0.004330115089938435,0.00456433156102838,-0.0002342164710899446,0.7180465557070342,1.1391079600212646,0.42106140431423034
30.0,16.0,6.0,9.0,4.0,9.0,1.0,0.32474639874605865,0.7478215194673774,0.5517565400112088,70.62483712143472,128.0,0.054681835411550556,0.05088007891428262,0.0038017564972679385,-1.6200918535195754,0.7505374073192531,2.3706292608388284
30.0,16.0,6.0,9.0,4.0,9.0,4.0,0.32474639874605865,0.7478215194673774,0.40388854672857494,206.79093592503037,512.0,0.010781910590502722,0.011256022489181677,-0.0004741118986789552,2.457259632467003,3.298491714792167,0.8412320823251642
30.0,16.0,6.0,9.0,4.0,10.0,1.0,0.32474639874605865,0.7478215194673774,0.4624698602629092,59.19614211365238,128.0,0.01873415786594044,0.01721792234762224,0.0015162355183181986,-1.022992395810611,-0.1627328952354831,0.860259500575128
30.0,16.0,6.0,9.0,4.0,10.0,4.0,0.32474639874605865,0.7478215194673774,0.38508821364751833,197.16516538752938,512.0,0.0027529484607628804,0.0026868014186850944,6.614704207778604e-05,1.1331428761436158,1.2581812786308149,0.1250384024871991
30.0,16.0,6.0,9.0,4.0,11.0,1.0,0.32474639874605865,0.7478215194673774,0.4223715429490312,54.06355749747599,128.0,0.007325993006465347,0.003611755214057317,0.00371423779240803,-0.2882751437372077,0.9753267980893878,1.2636019418265956
30.0,16.0,6.0,9.0,4.0,11.0,4.0,0.32474639874605865,0.7478215194673774,0.4884447046508578,250.0836887812392,512.0,0.004438446805001632,0.003520893312030429,0.0009175534929712027,1.171849501599365,2.043629863874649,0.8717803622752838
30.0,16.0,6.0,9.0,4.0,12.0,1.0,0.32474639874605865,0.7478215194673774,0.4570886077898015,58.50734179709459,128.0,0.030695640730564182,0.019886599036788032,0.01080904169377615,-0.5927712849496632,0.9209819959894235,1.5137532809390868
30.0,16.0,6.0,9.0,4.0,12.0,4.0,0.32474639874605865,0.7478215194673774,0.49089533110371486,251.338409525102,512.0,0.004820087147419555,0.0045598902530405066,0.0002601968943790481,2.0983472783586365,2.6787520020224043,0.5804047236637677
30.0,16.0,6.0,9.0,4.0,13.0,1.0,0.32474639874605865,0.7478215194673774,0.4882846024706094,62.500429116238,128.0,0.005503286747042941,0.0030637800056863445,0.0024395067413565965,0.004426705536998261,0.9805611914508157,0.9761344859138174
30.0,16.0,6.0,9.0,4.0,13.0,4.0,0.32474639874605865,0.7478215194673774,0.3049726109892899,156.14597682651643,512.0,0.004467259614576616,0.0021766280435779545,0.002290631570998661,0.4983169072337852,1.3394883287424808,0.8411714215086956
30.0,16.0,6.0,9.0,4.0,14.0,1.0,0.32474639874605865,0.7478215194673774,0.4497679038865683,57.57029169748074,128.0,0.02076431428896797,0.020582792732353992,0.0001815215566139776,0.8274457717658067,0.8698490786567616,0.04240330689095495
30.0,16.0,6.0,9.0,4.0,14.0,4.0,0.32474639874605865,0.7478215194673774,0.4870778516881061,249.3838600643103,512.0,0.03194922795170904,0.03257669917037505,-0.0006274712186660064,3.2562359050864043,3.158783273143128,-0.09745263194327647
30.0,16.0,6.0,9.0,4.0,15.0,1.0,0.32474639874605865,0.7478215194673774,0.3262778299757376,41.763562236894415,128.0,0.0055838641528642725,0.004392422726768856,0.0011914414260954164,1.5049320363571776,2.378719270090296,0.8737872337331185
30.0,16.0,6.0,9.0,4.0,15.0,4.0,0.32474639874605865,0.7478215194673774,0.38762064097614857,198.46176817978807,512.0,0.006163180248279383,0.007319574388408261,-0.001156394140128878,1.8149747325403485,2.4666509029935706,0.6516761704532221
30.0,16.0,6.0,9.0,4.0,16.0,1.0,0.32474639874605865,0.7478215194673774,0.3527245262973326,45.14873936605857,128.0,0.0023300163953077543,0.0023300163953077543,0.0,0.0,0.0,0.0
30.0,16.0,6.0,9.0,4.0,16.0,4.0,0.32474639874605865,0.7478215194673774,0.475225300041504,243.31535362125004,512.0,0.0025555077758248183,0.002819665255732624,-0.0002641574799078059,1.8043042529025757,1.8300814976291955,0.025777244726619797
30.0,16.0,6.0,9.0,4.0,17.0,1.0,0.32474639874605865,0.7478215194673774,0.4335059141232792,55.48875700777974,128.0,0.009249386792595505,0.005659503488848666,0.0035898833037468388,0.18715476490310973,0.871216123068886,0.6840613581657762
30.0,16.0,6.0,9.0,4.0,17.0,4.0,0.32474639874605865,0.7478215194673774,0.46588318404813267,238.53219023264393,512.0,0.003134574944169763,0.002023805800682437,0.001110769143487326,0.483935579299426,1.1378585223517275,0.6539229430523015
30.0,16.0,6.0,9.0,4.0,18.0,1.0,0.32474639874605865,0.7478215194673774,0.34540366954551793,44.211669701826295,128.0,0.21629569796446646,0.20093732750349724,0.015358370460969217,-6.405383966084248,-4.902063920574218,1.50332004551003
30.0,16.0,6.0,9.0,4.0,18.0,4.0,0.32474639874605865,0.7478215194673774,0.19102694830886993,97.8057975341414,512.0,0.01171970473922341,0.011923182407586493,-0.0002034776683630824,2.219561300075121,2.769102432940068,0.5495411328649471
30.0,16.0,6.0,9.0,4.0,19.0,1.0,0.32474639874605865,0.7478215194673774,0.5424941567726005,69.43925206689286,128.0,0.022266754973839734,0.0245897245400336,-0.002322969566193867,3.8226009591475663,3.76215590946991,-0.06044504967765629
30.0,16.0,6.0,9.0,4.0,19.0,4.0,0.32474639874605865,0.7478215194673774,0.505890780348624,259.0160795384955,512.0,0.0030550775977061183,0.0039025149957617076,-0.0008474373980555893,3.46291699740981,3.9061656418848445,0.4432486444750343
30.0,16.0,6.0,9.0,4.0,20.0,1.0,0.32474639874605865,0.7478215194673774,0.32160942870456033,41.16600687418372,128.0,0.003677350182908254,0.002535068982820605,0.001142281200087649,-0.391487150987089,0.02871712311537996,0.42020427410246897
30.0,16.0,6.0,9.0,4.0,20.0,4.0,0.32474639874605865,0.7478215194673774,0.38204031351893736,195.60464052169593,512.0,0.0032639117857083456,0.002067259840887153,0.0011966519448211926,0.6150596643482388,1.3052621338958765,0.6902024695476378
30.0,16.0,6.0,9.0,4.0,21.0,1.0,0.32474639874605865,0.7478215194673774,0.511869779254688,65.51933174460007,128.0,0.03045413271728072,0.029254190021808665,0.001199942695472054,0.1064261266928315,-0.2182612824278199,-0.3246874091206514
30.0,16.0,6.0,9.0,4.0,21.0,4.0,0.32474639874605865,0.7478215194673774,0.4251344326325594,217.6688295078704,512.0,0.007531375856299512,0.0034416154455681565,0.004089760410731356,2.45301681780853,2.4132568522370916,-0.03975996557143846
30.0,16.0,6.0,9.0,4.0,22.0,1.0,0.32474639874605865,0.7478215194673774,0.2909540550372543,37.24211904476855,128.0,0.0023300163953077543,0.0023300163953077543,0.0,0.0,0.0,0.0
30.0,16.0,6.0,9.0,4.0,22.0,4.0,0.32474639874605865,0.7478215194673774,0.4648623644876846,238.0095306176945,512.0,0.0028467313198650987,0.001964375458733916,0.0008823558611311829,0.6445181311391597,1.1912307928221566,0.5467126616829969
30.0,16.0,6.0,9.0,4.0,23.0,1.0,0.32474639874605865,0.7478215194673774,0.44621434690567624,57.11543640392656,128.0,0.004047249498305403,0.0038608942396467913,0.00018635525865861192,1.1998156897472547,1.297991321873313,0.09817563212605829
30.0,16.0,6.0,9.0,4.0,23.0,4.0,0.32474639874605865,0.7478215194673774,0.18908605773201798,96.8120615587932,512.0,0.0026691389610994376,0.002247503378314743,0.0004216355827846947,1.8182390157141228,2.2911526454320943,0.47291362971797146
30.0,16.0,6.0,9.0,4.0,24.0,1.0,0.32474639874605865,0.7478215194673774,0.5221435342870989,66.83437238874866,128.0,0.006629954185869153,0.0026399771234845966,0.003989977062384556,0.4822624365950151,0.5510782867513789,0.06881585015636382
30.0,16.0,6.0,9.0,4.0,24.0,4.0,0.32474639874605865,0.7478215194673774,0.5981097514574717,306.2321927462255,512.0,0.00243099624969807,0.001898693441172705,0.0005323028085253648,1.896851592131192,2.3301803604888733,0.4333287683576814
30.0,16.0,6.0,9.0,4.0,25.0,1.0,0.32474639874605865,0.7478215194673774,0.5337683448394855,68.32234813945415,128.0,0.0023300163953077543,0.0023300163953077543,0.0,0.0,0.0,0.0
30.0,16.0,6.0,9.0,4.0,25.0,4.0,0.32474639874605865,0.7478215194673774,0.4468237216704608,228.77374549527593,512.0,0.018077929799243896,0.019564397349170405,-0.0014864675499265088,3.092962115825907,3.3985093823991956,0.30554726657328857
30.0,16.0,6.0,9.0,4.0,26.0,1.0,0.32474639874605865,0.7478215194673774,0.5845152868830311,74.81795672102798,128.0,0.0039466144344903285,0.002881349618508921,0.0010652648159814077,0.02078933369020064,0.5238953808386878,0.5031060471484872
30.0,16.0,6.0,9.0,4.0,26.0,4.0,0.32474639874605865,0.7478215194673774,0.3794994368431494,194.3037116636925,512.0,0.012224102049072467,0.003626335941169723,0.008597766107902744,-0.3606175439229808,1.3696988094849007,1.7303163534078816
30.0,16.0,6.0,9.0,4.0,27.0,1.0,0.32474639874605865,0.7478215194673774,0.5270076874453232,67.45698399300137,128.0,0.0050704853537905294,0.0034540651080395383,0.001616420245750991,0.4090394363995161,0.9068578504693555,0.4978184140698394
30.0,16.0,6.0,9.0,4.0,27.0,4.0,0.32474639874605865,0.7478215194673774,0.29663776414105175,151.8785352402185,512.0,0.0020436062888548275,0.0013392090645382728,0.0007043972243165548,0.5615625657905573,0.9099990979133377,0.34843653212278036
30.0,16.0,6.0,9.0,4.0,28.0,1.0,0.32474639874605865,0.7478215194673774,0.4769380681610795,61.04807272461817,128.0,0.06304353691471107,0.06083219712333107,0.002211339791379996,-2.6057032998112453,-1.980374712289282,0.6253285875219632
30.0,16.0,6.0,9.0,4.0,28.0,4.0,0.32474639874605865,0.7478215194673774,0.4139986153731723,211.9672910710642,512.0,0.008483732009854278,0.007831586830807993,0.0006521451790462846,2.0308778546851243,2.867542758819648,0.8366649041345235
30.0,16.0,6.0,9.0,4.0,29.0,1.0,0.32474639874605865,0.7478215194673774,0.46771487280569646,59.86750371912915,128.0,0.0339002251767075,0.02386738953345101,0.010032835643256494,-2.5295694778207674,0.42845083434597286,2.9580203121667403
30.0,16.0,6.0,9.0,4.0,29.0,4.0,0.32474639874605865,0.7478215194673774,0.4978862704125351,254.91777045121796,512.0,0.007123062987446728,0.006288190109074139,0.0008348728783725886,0.9685457221707019,1.9539403797490247,0.9853946575783228
30.0,16.0,6.0,9.0,4.0,30.0,1.0,0.32474639874605865,0.7478215194673774,0.8269798965313057,105.85342675600712,128.0,0.0053203505275304635,0.0029860018560777194,0.002334348671452744,-0.10998294615796614,0.8643810262594355,0.9743639724174016
30.0,16.0,6.0,9.0,4.0,30.0,4.0,0.32474639874605865,0.7478215194673774,0.5904819513508174,302.3267590916185,512.0,0.0021520022474638316,0.0016189130207762757,0.0005330892266875559,1.294498532239809,1.9893562691877666,0.6948577369479576
30.0,16.0,6.0,9.0,4.0,31.0,1.0,0.32474639874605865,0.7478215194673774,0.5589895964980717,71.55066835175317,128.0,0.013859363387481258,0.013091237749054536,0.0007681256384267227,1.3838314887335612,2.4051285613033113,1.02129707256975
30.0,16.0,6.0,9.0,4.0,31.0,4.0,0.32474639874605865,0.7478215194673774,0.4976671770731865,254.80559466147147,512.0,0.004395636380300655,0.0048631083969701274,-0.00046747201666947225,2.7735437222413193,3.280448430889252,0.5069047086479328
30.0,16.0,6.0,9.0,4.0,32.0,1.0,0.32474639874605865,0.7478215194673774,0.4471691189296246,57.237647222991946,128.0,0.059978107549260806,0.07041043399145511,-0.0104323264421943,4.166175476677799,4.95750056580979,0.7913250891319903
30.0,16.0,6.0,9.0,4.0,32.0,4.0,0.32474639874605865,0.7478215194673774,0.5450529660799993,279.06711863295965,512.0,0.006328712981435663,0.009052568453516912,-0.002723855472081249,3.666702528527277,4.14557606945388,0.47887354092660317
31.0,18.0,5.0,10.0,4.0,1.0,1.0,0.21210436068925184,0.37514622320862684,0.414003812927543,52.992488054725506,128.0,0.010351393865097962,0.007675655208278354,0.0026757386568196087,0.8702491795414639,0.6727764116449377,-0.19747276789652612
31.0,18.0,5.0,10.0,4.0,1.0,4.0,0.21210436068925184,0.37514622320862684,0.3321743276837814,170.07325577409608,512.0,0.005291456573849732,0.005444077248718933,-0.00015262067486920047,2.940100757710784,2.850392897342629,-0.08970786036815515
31.0,18.0,5.0,10.0,4.0,2.0,1.0,0.21210436068925184,0.37514622320862684,0.3856604006995814,49.36453128954642,128.0,0.0070943352748606145,0.006255012597010245,0.0008393226778503696,0.7524551159056914,0.3157721580379931,-0.4366829578676983
31.0,18.0,5.0,10.0,4.0,2.0,4.0,0.21210436068925184,0.37514622320862684,0.17460826927449224,89.39943386854003,512.0,0.07846115431310086,0.00522754892289755,0.07323360539020331,5.537258507172304,1.958154671803166,-3.579103835369138
31.0,18.0,5.0,10.0,4.0,3.0,1.0,0.21210436068925184,0.37514622320862684,0.42411421930358945,54.28662007085945,128.0,0.08186017499022125,0.016040982018171057,0.06581919297205019,-3.5237857302963422,-1.2348772609190115,2.288908469377331
31.0,18.0,5.0,10.0,4.0,3.0,4.0,0.21210436068925184,0.37514622320862684,0.44051131924942627,225.54179545570625,512.0,0.0061747249642934605,0.0055448558898067365,0.000629869074486724,2.0514883514304367,1.5658643816986724,-0.48562396973176436
31.0,18.0,5.0,10.0,4.0,4.0,1.0,0.21210436068925184,0.37514622320862684,0.31172672142003477,39.90102034176445,128.0,0.01193274872702621,0.005765416931058493,0.006167331795967717,0.6713781190453759,0.39503892644985017,-0.27633919259552575
31.0,18.0,5.0,10.0,4.0,4.0,4.0,0.21210436068925184,0.37514622320862684,0.428486664590526,219.3851722703493,512.0,0.004406598281112076,0.0038166888761028547,0.000589909405009221,0.316346961708591,0.19611994271127953,-0.12022701899731147
31.0,18.0,5.0,10.0,4.0,5.0,1.0,0.21210436068925184,0.37514622320862684,0.2723394296656938,34.859446997208806,128.0,0.024258908994573343,0.012176362257349397,0.012082546737223946,-1.0294798718301517,-0.969842499318157,0.059637372511994635
31.0,18.0,5.0,10.0,4.0,5.0,4.0,0.21210436068925184,0.37514622320862684,0.2248139562857804,115.10474561831957,512.0,0.007763709355603057,0.004157263670868194,0.0036064456847348632,0.7884522998082145,0.1634801143790441,-0.6249721854291704
31.0,18.0,5.0,10.0,4.0,6.0,1.0,0.21210436068925184,0.37514622320862684,0.29617112868680184,37.909904471910636,128.0,0.029344013365510617,0.01030967908849175,0.019034334277018866,2.8613572181236386,0.5559905687429176,-2.305366649380721
31.0,18.0,5.0,10.0,4.0,6.0,4.0,0.21210436068925184,0.37514622320862684,0.019027859574549055,9.742264102169116,512.0,0.004716530105189347,0.00800447330715178,-0.0032879432019624327,1.2551258115800308,0.5390685859196127,-0.7160572256604181
31.0,18.0,5.0,10.0,4.0,7.0,1.0,0.21210436068925184,0.37514622320862684,0.4250856700044823,54.41096576057373,128.0,0.03432040439519507,0.03559374068678667,-0.001273336291591598,-1.697081186060072,-2.2293295036458574,-0.5322483175857853
31.0,18.0,5.0,10.0,4.0,7.0,4.0,0.21210436068925184,0.37514622320862684,0.39309406509640177,201.2641613293577,512.0,0.006561250330298912,0.008467298250099117,-0.0019060479198002049,2.1107974176638495,1.7040756241067814,-0.40672179355706817
31.0,18.0,5.0,10.0,4.0,8.0,1.0,0.21210436068925184,0.37514622320862684,0.13874024543789953,17.75875141605114,128.0,0.002498139150189716,0.002498139150189716,0.0,0.0,0.0,0.0
31.0,18.0,5.0,10.0,4.0,8.0,4.0,0.21210436068925184,0.37514622320862684,0.1986406017774531,101.70398811005599,512.0,0.010697927105175569,0.0027752891042797812,0.007922638000895788,2.919248094550143,0.25084190244643045,-2.6684061921037125
31.0,18.0,5.0,10.0,4.0,9.0,1.0,0.21210436068925184,0.37514622320862684,0.49275674999652097,63.072863999554684,128.0,0.010296124267579252,0.0024395323263955116,0.007856591941183742,-0.7785262581348739,0.16847795246392072,0.9470042105987946
31.0,18.0,5.0,10.0,4.0,9.0,4.0,0.21210436068925184,0.37514622320862684,0.3252037215880568,166.5043054530851,512.0,0.004871964654821716,0.0034028190578558595,0.0014691455969658568,2.200794805046324,2.1366685395019913,-0.06412626554433265
31.0,18.0,5.0,10.0,4.0,10.0,1.0,0.21210436068925184,0.37514622320862684,0.20452784610003075,26.179564300803936,128.0,0.23039686613395868,0.24212283732447193,-0.011725971190513246,-12.838055843886957,-15.2245464109084,-2.3864905670214434
31.0,18.0,5.0,10.0,4.0,10.0,4.0,0.21210436068925184,0.37514622320862684,0.31943872592269895,163.55262767242186,512.0,0.019726388099976244,0.02948956706552967,-0.009763178965553426,0.9248391000954725,-0.76017759625454,-1.6850166963500124
31.0,18.0,5.0,10.0,4.0,11.0,1.0,0.21210436068925184,0.37514622320862684,0.39126728767023683,50.082212821790314,128.0,0.02173816856963418,0.0205853462419458,0.0011528223276883777,-2.6639101850790428,-2.552755142387149,0.11115504269189369
31.0,18.0,5.0,10.0,4.0,11.0,4.0,0.21210436068925184,0.37514622320862684,0.3785545630002192,193.81993625611224,512.0,0.00519047294009982,0.005803794026410973,-0.0006133210863111535,-0.04470989928858571,-0.6295271110706159,-0.5848172117820302
31.0,18.0,5.0,10.0,4.0,12.0,1.0,0.21210436068925184,0.37514622320862684,0.4363668319146708,55.85495448507786,128.0,0.017978340376236135,0.021766479697082702,-0.0037881393208465675,-0.30008493477584075,-0.6883625877470023,-0.38827765297116157
31.0,18.0,5.0,10.0,4.0,12.0,4.0,0.21210436068925184,0.37514622320862684,0.355185487164867,181.8549694284119,512.0,0.004502490390820305,0.0060866436381285,-0.0015841532473081944,3.622462814431288,2.950097574010372,-0.6723652404209157
31.0,18.0,5.0,10.0,4.0,13.0,1.0,0.21210436068925184,0.37514622320862684,0.5396777957021994,69.07875784988153,128.0,0.014584521048549869,0.008331378867377753,0.006253142181172115,1.1130232448344404,1.8741630578130883,0.761139812978648
31.0,18.0,5.0,10.0,4.0,13.0,4.0,0.21210436068925184,0.37514622320862684,0.20699276113736964,105.98029370233326,512.0,0.0077492210799389415,0.006932903639094016,0.0008163174408449252,2.4526760445177076,2.4146510856690115,-0.038024958848696055
31.0,18.0,5.0,10.0,4.0,14.0,1.0,0.21210436068925184,0.37514622320862684,0.291601482403717,37.32498974767578,128.0,0.02200831348161817,0.01560215806838328,0.006406155413234891,-0.7465950652419403,-1.351305237570234,-0.6047101723282936
31.0,18.0,5.0,10.0,4.0,14.0,4.0,0.21210436068925184,0.37514622320862684,0.3280805487075706,167.97724093827614,512.0,0.004176483151380981,0.0036347722201140065,0.0005417109312669741,0.4125322127525273,0.2558143004132777,-0.15671791233924964
31.0,18.0,5.0,10.0,4.0,15.0,1.0,0.21210436068925184,0.37514622320862684,0.20212487341917532,25.87198379765444,128.0,0.05647650659024364,0.003588098880049061,0.05288840771019458,-1.937592435953257,0.9360733462055935,2.8736657821588505
31.0,18.0,5.0,10.0,4.0,15.0,4.0,0.21210436068925184,0.37514622320862684,0.3316304221491641,169.79477614037202,512.0,0.007474733685622835,0.005235708912804975,0.00223902477281786,1.5814102334836733,1.6076391607039686,0.02622892722029535
31.0,18.0,5.0,10.0,4.0,16.0,1.0,0.21210436068925184,0.37514622320862684,0.22381812517729377,28.648720022693603,128.0,0.030644337183004963,0.028754389843035952,0.0018899473399690107,-0.05143235589879311,0.5759026563703897,0.6273350122691829
31.0,18.0,5.0,10.0,4.0,16.0,4.0,0.21210436068925184,0.37514622320862684,0.22524198687153255,115.32389727822466,512.0,0.002717989453450144,0.0030997699101151777,-0.0003817804566650339,1.3068550794844276,1.2501755648718327,-0.056679514612594906
31.0,18.0,5.0,10.0,4.0,17.0,1.0,0.21210436068925184,0.37514622320862684,0.274735354611978,35.166125390333185,128.0,0.00953204420751108,0.004455310376551152,0.0050767338309599275,-0.5109568787009924,-0.48789931605879655,0.023057562642195828
31.0,18.0,5.0,10.0,4.0,17.0,4.0,0.21210436068925184,0.37514622320862684,0.3821099619113259,195.64030049859886,512.0,0.004877990991695119,0.0073711938873182005,-0.0024932028956230817,1.4857972009636342,0.9670935949162905,-0.5187036060473437
31.0,18.0,5.0,10.0,4.0,18.0,1.0,0.21210436068925184,0.37514622320862684,0.3031255008695021,38.800064111296265,128.0,0.004975747998842214,0.0034463336229681313,0.0015294143758740825,0.3830118176288104,-0.14784890002893306,-0.5308607176577435
31.0,18.0,5.0,10.0,4.0,18.0,4.0,0.21210436068925184,0.37514622320862684,0.32311739651821747,165.43610701732734,512.0,0.010301166264854781,0.010726337539164505,-0.00042517127430972447,3.1220948784900644,2.47334947950711,-0.6487453989829546
31.0,18.0,5.0,10.0,4.0,19.0,1.0,0.21210436068925184,0.37514622320862684,0.32659801441690206,41.804545845363464,128.0,0.002738057802748017,0.002659316881962067,7.874092078594998e-05,0.29261581935794007,0.37139793187672693,0.07878211251878686
31.0,18.0,5.0,10.0,4.0,19.0,4.0,0.21210436068925184,0.37514622320862684,0.21738701974693975,111.30215411043315,512.0,0.002803517686160498,0.0018909651821137049,0.0009125525040467931,1.075086136044436,0.7935888859410678,-0.2814972501033681
31.0,18.0,5.0,10.0,4.0,20.0,1.0,0.21210436068925184,0.37514622320862684,0.2998973336117976,38.38685870231009,128.0,0.015289007011854218,0.0037569887090239764,0.011532018302830242,0.4682891224166526,0.338146531522654,-0.1301425908939986
31.0,18.0,5.0,10.0,4.0,20.0,4.0,0.21210436068925184,0.37514622320862684,0.34585997982856687,177.08030967222624,512.0,0.00336937625615036,0.0034508944199759506,-8.151816382559072e-05,1.9063903116556333,1.3087146661801943,-0.597675645475439
31.0,18.0,5.0,10.0,4.0,21.0,1.0,0.21210436068925184,0.37514622320862684,0.2761081034940889,35.341837247243376,128.0,0.026878849552768643,0.02491477668853271,0.0019640728642359336,2.0305526878597764,1.604420376394025,-0.42613231146575137
31.0,18.0,5.0,10.0,4.0,21.0,4.0,0.21210436068925184,0.37514622320862684,0.27108174565294557,138.79385377430813,512.0,0.005265087417567626,0.0054120103158874985,-0.00014692289831987233,3.1511542363131513,2.50878855553934,-0.6423656807738114
31.0,18.0,5.0,10.0,4.0,22.0,1.0,0.21210436068925184,0.37514622320862684,0.31134282390934787,39.85188146039653,128.0,0.0293539704575603,0.026734062260589296,0.0026199081969710027,2.7187970379495194,2.361002763943352,-0.35779427400616726
31.0,18.0,5.0,10.0,4.0,22.0,4.0,0.21210436068925184,0.37514622320862684,0.32893135309941546,168.41285278690071,512.0,0.017277359845267362,0.019218184243029936,-0.0019408243977625736,3.3732351027606784,2.879387336130424,-0.49384776663025454
31.0,18.0,5.0,10.0,4.0,23.0,1.0,0.21210436068925184,0.37514622320862684,0.3566224617849389,45.64767510847218,128.0,0.18867882538701575,0.1950648187594647,-0.006385993372448939,-8.111366071891158,-8.588513329829624,-0.4771472579384657
31.0,18.0,5.0,10.0,4.0,23.0,4.0,0.21210436068925184,0.37514622320862684,0.28475160777825564,145.7928231824669,512.0,0.014557254331618513,0.0197975096586089,-0.005240255326990389,3.2069226665468187,1.0341881207838255,-2.172734545762993
31.0,18.0,5.0,10.0,4.0,24.0,1.0,0.21210436068925184,0.37514622320862684,0.1925066142527557,24.64084662435273,128.0,0.04613263921886256,0.04497873390940465,0.0011539053094579144,2.0139875188556666,0.9983414651794984,-1.0156460536761682
31.0,18.0,5.0,10.0,4.0,24.0,4.0,0.21210436068925184,0.37514622320862684,0.24063015326186712,123.20263847007597,512.0,0.0033374153245951674,0.003923353951961798,-0.0005859386273666303,2.561479994957425,1.7686119801337319,-0.7928680148236933
31.0,18.0,5.0,10.0,4.0,25.0,1.0,0.21210436068925184,0.37514622320862684,0.4364177369160393,55.86147032525303,128.0,0.025205771716408303,0.02579801425061329,-0.000592242534204989,-1.5308977846190552,-1.283338011450324,0.24755977316873135
31.0,18.0,5.0,10.0,4.0,25.0,4.0,0.21210436068925184,0.37514622320862684,0.2897851941137921,148.37001938626156,512.0,0.004873590830780376,0.005475730053948405,-0.000602139223168029,0.9044865051968826,0.8211119583289829,-0.08337454686789969
31.0,18.0,5.0,10.0,4.0,26.0,1.0,0.21210436068925184,0.37514622320862684,0.29193166035710394,37.367252525709304,128.0,0.008491505971601296,0.005267700846462444,0.003223805125138852,-0.3710556995619477,0.03565664265211484,0.40671234221406255
31.0,18.0,5.0,10.0,4.0,26.0,4.0,0.21210436068925184,0.37514622320862684,0.33378880591260185,170.89986862725215,512.0,0.0038593604076232594,0.0031511741008245853,0.0007081863067986741,0.764220498622249,0.6595231726033229,-0.104697326018926
31.0,18.0,5.0,10.0,4.0,27.0,1.0,0.21210436068925184,0.37514622320862684,0.5334579017463673,68.28261142353502,128.0,0.010231397370453466,0.01270422761989708,-0.002472830249443614,1.9681545483091905,1.8078492689735806,-0.1603052793356099
31.0,18.0,5.0,10.0,4.0,27.0,4.0,0.21210436068925184,0.37514622320862684,0.29518953408866605,151.13704145339702,512.0,0.06789459532793214,0.06652124801440583,0.001373347313526313,1.3641478445990711,1.2533700620680879,-0.11077778253098325
31.0,18.0,5.0,10.0,4.0,28.0,1.0,0.21210436068925184,0.37514622320862684,0.15889539975615916,20.338611168788372,128.0,0.5999285239671241,0.0021747688408841536,0.59775375512624,-13.126428581515771,1.0127868604074557,14.139215441923227
31.0,18.0,5.0,10.0,4.0,28.0,4.0,0.21210436068925184,0.37514622320862684,0.17932446848172354,91.81412786264245,512.0,0.052656638755715836,0.004351662358570877,0.048304976397144955,4.716013677771096,2.802713489584985,-1.9133001881861116
31.0,18.0,5.0,10.0,4.0,29.0,1.0,0.21210436068925184,0.37514622320862684,0.15001843953159003,19.202360260043523,128.0,1.0255939397555012,0.004164608943508768,1.0214293308119924,-20.960368530074184,0.07682181424083503,21.037190344315018
31.0,18.0,5.0,10.0,4.0,29.0,4.0,0.21210436068925184,0.37514622320862684,0.17971610926025655,92.01464794125135,512.0,0.05547451607742056,0.006698640350481523,0.04877587572693903,5.63658202664584,2.5317296769318687,-3.1048523497139713
31.0,18.0,5.0,10.0,4.0,30.0,1.0,0.21210436068925184,0.37514622320862684,0.3557920877017457,45.54138722582345,128.0,0.00994774946585302,0.008783523365634703,0.0011642261002183171,0.8341780077651717,0.9208243199587807,0.08664631219360897
31.0,18.0,5.0,10.0,4.0,30.0,4.0,0.21210436068925184,0.37514622320862684,0.39352626729261314,201.48544885381793,512.0,0.008228987257461637,0.009711680378202029,-0.0014826931207403918,2.3961289569095285,0.7084355015448407,-1.6876934553646878
31.0,18.0,5.0,10.0,4.0,31.0,1.0,0.21210436068925184,0.37514622320862684,0.23140876828437798,29.62032234040038,128.0,0.006716229885596782,0.005321102960668935,0.001395126924927847,-0.06975819308504332,-0.4548615833608677,-0.38510339027582435
31.0,18.0,5.0,10.0,4.0,31.0,4.0,0.21210436068925184,0.37514622320862684,0.29255793366166527,149.78966203477262,512.0,0.004170845134296231,0.004130267681406846,4.057745288938482e-05,0.24648079881660917,0.3934761613475424,0.1469953625309332
31.0,18.0,5.0,10.0,4.0,32.0,1.0,0.21210436068925184,0.37514622320862684,0.45553221061875454,58.30812295920058,128.0,0.018369917145491573,0.01760453006434322,0.0007653870811483547,-1.6798023887898967,-1.3735312397395814,0.3062711490503154
31.0,18.0,5.0,10.0,4.0,32.0,4.0,0.21210436068925184,0.37514622320862684,0.343416803321567,175.8294033006423,512.0,0.005379266763791251,0.003100979338170078,0.0022782874256211732,0.04204743309898866,0.37666488023470857,0.3346174471357199
32.0,18.0,7.0,15.0,4.0,1.0,1.0,0.3975957480168304,0.5686646730105599,0.7962231818561163,101.91656727758289,128.0,0.008163202136387972,0.005680716610927261,0.002482485525460711,-0.3117660609044462,0.3701521043827195,0.6819181652871658
32.0,18.0,7.0,15.0,4.0,1.0,4.0,0.3975957480168304,0.5686646730105599,0.5113196189016379,261.7956448776386,512.0,0.006791911405779937,0.004084173401631439,0.002707738004148498,1.3388737881622461,0.9071265514427417,-0.43174723671950443
32.0,18.0,7.0,15.0,4.0,2.0,1.0,0.3975957480168304,0.5686646730105599,0.42820662326301023,54.81044777766531,128.0,0.001165327629450129,0.001165327629450129,0.0,0.0,0.0,0.0
32.0,18.0,7.0,15.0,4.0,2.0,4.0,0.3975957480168304,0.5686646730105599,0.33586467807012305,171.962715171903,512.0,0.002936769658301047,0.0029504325682051273,-1.3662909904080256e-05,0.728303429113247,0.728933594720534,0.0006301656072870143
32.0,18.0,7.0,15.0,4.0,3.0,1.0,0.3975957480168304,0.5686646730105599,0.6014831667149747,76.98984533951676,128.0,0.005538229458019438,0.0028477602996164124,0.0026904691584030255,-0.8366250270600422,-0.14590750074495507,0.6907175263150871
32.0,18.0,7.0,15.0,4.0,3.0,4.0,0.3975957480168304,0.5686646730105599,0.5896989734688951,301.9258744160743,512.0,0.003203989597542075,0.0012970050212251084,0.0019069845763169664,0.730005268058821,0.6451781770501491,-0.08482709100867192
32.0,18.0,7.0,15.0,4.0,4.0,1.0,0.3975957480168304,0.5686646730105599,0.12761487348650527,16.334703806272675,128.0,0.0111504692834541,0.010759144698450207,0.00039132458500389274,-0.32042725308511677,-0.2307386805354315,0.08968857254968526
32.0,18.0,7.0,15.0,4.0,4.0,4.0,0.3975957480168304,0.5686646730105599,0.21477229425468358,109.963414658398,512.0,0.0027829276675608557,0.0022348588245300173,0.0005480688430308384,0.733980078748265,0.4964699999448993,-0.23751007880336567
32.0,18.0,7.0,15.0,4.0,5.0,1.0,0.3975957480168304,0.5686646730105599,0.47622712905371806,60.95707251887591,128.0,0.016612842106642725,0.01268741906440873,0.003925423042233995,-0.48362070543713276,0.18067655240131358,0.6642972578384463
32.0,18.0,7.0,15.0,4.0,5.0,4.0,0.3975957480168304,0.5686646730105599,0.3471347289533601,177.73298122412038,512.0,0.0063590281591822655,0.0034636451743502144,0.002895382984832051,1.542904517829571,1.107071330529338,-0.435833187300233
32.0,18.0,7.0,15.0,4.0,6.0,1.0,0.3975957480168304,0.5686646730105599,0.5649114607993365,72.30866698231507,128.0,0.013246297436738472,0.019250887851853,-0.006004590415114527,0.4536759396915949,-0.4183486144164704,-0.8720245541080653
32.0,18.0,7.0,15.0,4.0,6.0,4.0,0.3975957480168304,0.5686646730105599,0.5731427598037468,293.4490930195184,512.0,0.004239120991693794,0.00448730524089918,-0.0002481842492053866,1.0569709089296075,0.48918328616180656,-0.5677876227678009
32.0,18.0,7.0,15.0,4.0,7.0,1.0,0.3975957480168304,0.5686646730105599,0.6409196619887104,82.03771673455493,128.0,0.031206777454322373,0.03641103097237086,-0.0052042535180484885,-0.5827145578741728,-1.3503470655260466,-0.7676325076518737
32.0,18.0,7.0,15.0,4.0,7.0,4.0,0.3975957480168304,0.5686646730105599,0.560011689524865,286.7259850367309,512.0,0.0045060991973275575,0.006622050662857272,-0.002115951465529714,0.6855556963138435,0.22703461761584992,-0.4585210786979936
32.0,18.0,7.0,15.0,4.0,8.0,1.0,0.3975957480168304,0.5686646730105599,0.49908966975319696,63.88347772840921,128.0,0.007861488326348132,0.006445223470934507,0.0014162648554136258,1.3301178461529455,0.3549051341097807,-0.9752127120431648
32.0,18.0,7.0,15.0,4.0,8.0,4.0,0.3975957480168304,0.5686646730105599,0.35382738713606665,181.15962221366613,512.0,0.0029501243153996345,0.005053084577234839,-0.0021029602618352046,0.687291767030466,0.05597403128263967,-0.6313177357478263
32.0,18.0,7.0,15.0,4.0,9.0,1.0,0.3975957480168304,0.5686646730105599,0.415661338123406,53.20465127979597,128.0,0.007692243471424311,0.002196094775524661,0.00549614869589965,-0.781802148938518,0.5562648377231977,1.3380669866617156
32.0,18.0,7.0,15.0,4.0,9.0,4.0,0.3975957480168304,0.5686646730105599,0.48032313962824624,245.92544748966208,512.0,0.007256332322188677,0.008406016010936906,-0.0011496836887482298,1.1698892760333293,1.2671320415447949,0.0972427655114656
32.0,18.0,7.0,15.0,4.0,10.0,1.0,0.3975957480168304,0.5686646730105599,0.6634739190975413,84.92466164448528,128.0,0.009197014592471249,0.0023680254906413667,0.006828989101829882,0.16569026526647032,0.908879398273723,0.7431891330072526
32.0,18.0,7.0,15.0,4.0,10.0,4.0,0.3975957480168304,0.5686646730105599,0.5243729527071049,268.4789517860377,512.0,0.0028320666482608637,0.0017630211473123932,0.0010690455009484704,0.47025458490912897,0.5968908773033788,0.12663629239424978
32.0,18.0,7.0,15.0,4.0,11.0,1.0,0.3975957480168304,0.5686646730105599,0.6458500591767244,82.66880757462073,128.0,0.003768363474598777,0.0019391942727136784,0.0018291692018850988,0.1948745859706426,0.42331416355012114,0.22843957757947853
32.0,18.0,7.0,15.0,4.0,11.0,4.0,0.3975957480168304,0.5686646730105599,0.5569709917109662,285.1691477560147,512.0,0.00405739873058992,0.002159669760918875,0.0018977289696710453,0.15123118563825633,0.2693274194822397,0.11809623384398338
32.0,18.0,7.0,15.0,4.0,12.0,1.0,0.3975957480168304,0.5686646730105599,0.49080387715378465,62.822896275684435,128.0,0.039254730468834695,0.037097129240477755,0.0021576012283569396,0.35125769614102764,0.30924420302413314,-0.04201349311689451
32.0,18.0,7.0,15.0,4.0,12.0,4.0,0.3975957480168304,0.5686646730105599,0.540237553974218,276.6016276347996,512.0,0.003133956752749823,0.00422699308501001,-0.0010930363322601876,0.8138478655793367,0.6238078613346021,-0.19004000424473466
32.0,18.0,7.0,15.0,4.0,13.0,1.0,0.3975957480168304,0.5686646730105599,0.5280333820894547,67.5882729074502,128.0,0.0017094698568359827,0.0012588924982721724,0.00045057735856381034,-0.0683134945389683,-0.032235491295476315,0.03607800324349199
32.0,18.0,7.0,15.0,4.0,13.0,4.0,0.3975957480168304,0.5686646730105599,0.4922704819015908,252.04248673361448,512.0,0.0021023971123501906,0.0016381015754727273,0.00046429553687746326,0.5472826651002534,0.6779468386980516,0.13066417359779825
32.0,18.0,7.0,15.0,4.0,14.0,1.0,0.3975957480168304,0.5686646730105599,0.4594897130082486,58.81468326505582,128.0,0.1687601474032614,0.16717800100598748,0.0015821463972739147,-4.735286224047267,-4.496818483385602,0.23846774066166532
32.0,18.0,7.0,15.0,4.0,14.0,4.0,0.3975957480168304,0.5686646730105599,0.44552272992458136,228.10763772138566,512.0,0.010524765696952858,0.012173187553651155,-0.0016484218566982962,-0.06839300191315194,-0.12585005466530255,-0.057457052752150614
32.0,18.0,7.0,15.0,4.0,15.0,1.0,0.3975957480168304,0.5686646730105599,0.7125047317519815,91.20060566425363,128.0,0.00916818299108837,0.0019372444722765146,0.007230938518811856,-0.4256441546726813,0.5132732913509203,0.9389174460236016
32.0,18.0,7.0,15.0,4.0,15.0,4.0,0.3975957480168304,0.5686646730105599,0.5849665641198315,299.5028808293537,512.0,0.0075950103696278345,0.005794880875965398,0.0018001294936624366,-0.1397368237676262,0.1951105175555891,0.3348473413232153
32.0,18.0,7.0,15.0,4.0,16.0,1.0,0.3975957480168304,0.5686646730105599,0.6378259689805231,81.64172402950696,128.0,0.009177725330584037,0.010332204163412071,-0.0011544788328280344,0.9419672296795628,0.5108366746636989,-0.43113055501586395
32.0,18.0,7.0,15.0,4.0,16.0,4.0,0.3975957480168304,0.5686646730105599,0.593502988770742,303.8735302506199,512.0,0.0032464882073229184,0.0031423637106359945,0.00010412449668692394,1.0359005244434365,0.8819297516449753,-0.15397077279846116
32.0,18.0,7.0,15.0,4.0,17.0,1.0,0.3975957480168304,0.5686646730105599,0.6319129437223822,80.88485679646492,128.0,0.023677635909380806,0.006318630591070604,0.0173590053183102,1.8126056577356429,1.384260535947746,-0.42834512178789685
32.0,18.0,7.0,15.0,4.0,17.0,4.0,0.3975957480168304,0.5686646730105599,0.5949621769175054,304.6206345817628,512.0,0.008708374645714528,0.011464490984455865,-0.0027561163387413365,1.114723042464146,0.8063669024101409,-0.30835614005400525
32.0,18.0,7.0,15.0,4.0,18.0,1.0,0.3975957480168304,0.5686646730105599,0.3446745178000192,44.118338278402454,128.0,0.008093965334441927,0.007432346823191561,0.0006616185112503659,0.0248838858138198,0.25560673862134603,0.23072285280752622
32.0,18.0,7.0,15.0,4.0,18.0,4.0,0.3975957480168304,0.5686646730105599,0.4729451980168387,242.14794138462142,512.0,0.012140396810904286,0.012881835066050552,-0.0007414382551462657,1.1352191574591302,0.7742323940166222,-0.3609867634425079
32.0,18.0,7.0,15.0,4.0,19.0,1.0,0.3975957480168304,0.5686646730105599,0.6683141954486952,85.54421701743298,128.0,0.0113108958879303,0.0102500489394051,0.0010608469485252,-1.175828426301134,-0.9712823228742776,0.20454610342685642
32.0,18.0,7.0,15.0,4.0,19.0,4.0,0.3975957480168304,0.5686646730105599,0.5593891348219117,286.40723702881877,512.0,0.0038917449642397687,0.004082937725307186,-0.00019119276106741717,0.1799420610451934,0.26782106620824636,0.08787900516305297
32.0,18.0,7.0,15.0,4.0,20.0,1.0,0.3975957480168304,0.5686646730105599,0.6442260173941292,82.46093022644854,128.0,0.039037915584087424,0.04308725657666277,-0.004049340992575347,-0.19855405842503293,-1.2898822824378136,-1.0913282240127806
32.0,18.0,7.0,15.0,4.0,20.0,4.0,0.3975957480168304,0.5686646730105599,0.528142189754564,270.40880115433674,512.0,0.003081792162644158,0.004578931043609166,-0.0014971388809650083,1.3771047016997313,1.1748673277155102,-0.20223737398422115
32.0,18.0,7.0,15.0,4.0,21.0,1.0,0.3975957480168304,0.5686646730105599,0.5775767717154788,73.92982677958129,128.0,0.025890151452512902,0.028719963945447423,-0.0028298124929345206,0.7463096847612496,0.6119235360814843,-0.13438614867976528
32.0,18.0,7.0,15.0,4.0,21.0,4.0,0.3975957480168304,0.5686646730105599,0.4346020085796011,222.51622839275575,512.0,0.0018693203307449148,0.0025674261039736555,-0.0006981057732287407,0.9118016569191081,1.1450456880956084,0.23324403117650028
32.0,18.0,7.0,15.0,4.0,22.0,1.0,0.3975957480168304,0.5686646730105599,0.2841686137878405,36.37358256484358,128.0,0.06041160844117012,0.06038030490767108,3.130353349903997e-05,-2.9511320621332486,-2.5428796370120277,0.40825242512122095
32.0,18.0,7.0,15.0,4.0,22.0,4.0,0.3975957480168304,0.5686646730105599,0.2279130217617434,116.69146714201263,512.0,0.005596654371115549,0.004979478672021512,0.0006171756990940372,0.17874728328981945,0.19044842035165696,0.011701137061837508
32.0,18.0,7.0,15.0,4.0,23.0,1.0,0.3975957480168304,0.5686646730105599,0.645855628185223,82.66952040770855,128.0,0.03853997066832554,0.038493558954853596,4.6411713471944394e-05,-1.1604856058575836,-1.3526689340253724,-0.19218332816778871
32.0,18.0,7.0,15.0,4.0,23.0,4.0,0.3975957480168304,0.5686646730105599,0.5939141176259298,304.08402822447607,512.0,0.005404900492919898,0.006785947920247071,-0.0013810474273271726,0.7182885819644481,0.35195621326201487,-0.36633236870243324
32.0,18.0,7.0,15.0,4.0,24.0,1.0,0.3975957480168304,0.5686646730105599,0.5501240545900653,70.41587898752836,128.0,0.001165327629450129,0.001165327629450129,0.0,0.0,0.0,0.0
32.0,18.0,7.0,15.0,4.0,24.0,4.0,0.3975957480168304,0.5686646730105599,0.5168186902106799,264.61116938786813,512.0,0.0020222016476189155,0.0011095923291341817,0.0009126093184847338,0.21146738786450636,0.4420186849027687,0.23055129703826233
32.0,18.0,7.0,15.0,4.0,25.0,1.0,0.3975957480168304,0.5686646730105599,0.6295964689638853,80.58834802737732,128.0,0.012080271080679274,0.010114263700691475,0.0019660073799877987,-0.5805942898730589,0.07372405258599177,0.6543183424590507
32.0,18.0,7.0,15.0,4.0,25.0,4.0,0.3975957480168304,0.5686646730105599,0.5462749118172758,279.6927548504452,512.0,0.003981063875209235,0.003389793595766668,0.0005912702794425668,0.20405082724407278,0.4765176371887231,0.27246680994465033
32.0,18.0,7.0,15.0,4.0,26.0,1.0,0.3975957480168304,0.5686646730105599,0.5489964655272112,70.27154758748303,128.0,0.003595493690926711,0.0026181172027358816,0.0009773764881908296,0.336138235347556,0.4284322238688783,0.09229398852132231
32.0,18.0,7.0,15.0,4.0,26.0,4.0,0.3975957480168304,0.5686646730105599,0.508982545203471,260.59906314417714,512.0,0.0021614354667928376,0.0024612471245648126,-0.000299811657771975,1.1080435296044193,0.8149492803163918,-0.2930942492880275
32.0,18.0,7.0,15.0,4.0,27.0,1.0,0.3975957480168304,0.5686646730105599,0.565125762144459,72.33609755449075,128.0,0.01631215136855175,0.012634547917314665,0.003677603451237084,-1.3304393368933236,-1.025931905452398,0.3045074314409255
32.0,18.0,7.0,15.0,4.0,27.0,4.0,0.3975957480168304,0.5686646730105599,0.2869100736847547,146.8979577265944,512.0,0.005109627649319355,0.0021317863782523796,0.002977841271066975,1.081624740944916,0.6696402375936359,-0.4119845033512801
32.0,18.0,7.0,15.0,4.0,28.0,1.0,0.3975957480168304,0.5686646730105599,0.704829758521356,90.21820909073357,128.0,0.018630515846911284,0.021185069203149394,-0.0025545533562381095,0.5534855793361259,-0.027093283414006335,-0.5805788627501322
32.0,18.0,7.0,15.0,4.0,28.0,4.0,0.3975957480168304,0.5686646730105599,0.46232436163131335,236.71007315523244,512.0,0.0077156799942386,0.010404633322283393,-0.0026889533280447927,1.743917384460578,1.1448175507559946,-0.5990998337045834
32.0,18.0,7.0,15.0,4.0,29.0,1.0,0.3975957480168304,0.5686646730105599,0.2919112590166116,37.36464115412628,128.0,0.0035056530505863034,0.001374506685023456,0.0021311463655628473,-0.4090003253447909,-0.05252141205224366,0.3564789132925473
32.0,18.0,7.0,15.0,4.0,29.0,4.0,0.3975957480168304,0.5686646730105599,0.3601060960358883,184.3743211703748,512.0,0.0022637038297146873,0.002002611797178187,0.0002610920325365005,0.3731738639595166,0.27945994227772436,-0.09371392168179227
32.0,18.0,7.0,15.0,4.0,30.0,1.0,0.3975957480168304,0.5686646730105599,0.5503950401559156,70.45056513995719,128.0,0.009850008220494297,0.007222726992516756,0.002627281227977541,0.4248351989003945,0.7093163622223162,0.2844811633219217
32.0,18.0,7.0,15.0,4.0,30.0,4.0,0.3975957480168304,0.5686646730105599,0.5125124043937852,262.406351049618,512.0,0.004630547908882524,0.0052642909593446155,-0.0006337430504620911,1.3421395303281929,1.0469585940800104,-0.29518093624818253
32.0,18.0,7.0,15.0,4.0,31.0,1.0,0.3975957480168304,0.5686646730105599,0.3906969043976408,50.009203762898025,128.0,0.013597022304299738,0.010857567837314721,0.002739454466985017,-0.7463964318815116,-0.228869853295303,0.5175265785862087
32.0,18.0,7.0,15.0,4.0,31.0,4.0,0.3975957480168304,0.5686646730105599,0.44695587139407766,228.84140615376776,512.0,0.0033486657703799176,0.00320795569991715,0.00014071007046276762,0.767715651132015,0.5805281298681872,-0.18718752126382776
32.0,18.0,7.0,15.0,4.0,32.0,1.0,0.3975957480168304,0.5686646730105599,0.6463704423048007,82.73541661501449,128.0,0.013060213928365174,0.005783697373437934,0.00727651655492724,1.621555773052523,0.7485510258396859,-0.873004747212837
32.0,18.0,7.0,15.0,4.0,32.0,4.0,0.3975957480168304,0.5686646730105599,0.5974501214677276,305.8944621914765,512.0,0.00924152665398768,0.010005146477210904,-0.0007636198232232241,1.0422061014074802,0.46357313349820994,-0.5786329679092702
33.0,5.0,5.0,4.0,5.0,1.0,1.0,0.5742689214885942,0.6030896398539781,0.7032237833568741,90.01264426967988,128.0,0.03278541911140077,0.04011558054628236,-0.007330161434881591,1.3907008823213274,0.36319014644012204,-1.0275107358812052
33.0,5.0,5.0,4.0,5.0,1.0,4.0,0.5742689214885942,0.6030896398539781,0.6135928153661503,314.15952146746895,512.0,0.0036313323310233486,0.005832258396027161,-0.002200926065003812,1.553886531471703,1.7014373232782498,0.14755079180654684
33.0,5.0,5.0,4.0,5.0,2.0,1.0,0.5742689214885942,0.6030896398539781,0.8297652509285067,106.20995211884886,128.0,0.023906676190510134,0.022693338158688372,0.0012133380318217618,2.750995633086192,1.961890182025637,-0.7891054510605551
33.0,5.0,5.0,4.0,5.0,2.0,4.0,0.5742689214885942,0.6030896398539781,0.6497629924014179,332.67865210952596,512.0,0.008508574801796273,0.008483614628257833,2.496017353843978e-05,3.019583785570854,2.3394161024029345,-0.6801676831679195
33.0,5.0,5.0,4.0,5.0,3.0,1.0,0.5742689214885942,0.6030896398539781,0.7071268311643811,90.51223438904078,128.0,0.026135233180966368,0.021503893065351783,0.004631340115614585,-2.0631388593685536,-3.052756137599802,-0.9896172782312482
33.0,5.0,5.0,4.0,5.0,3.0,4.0,0.5742689214885942,0.6030896398539781,0.6263791736008256,320.7061368836227,512.0,0.002818651530087082,0.004903876556037235,-0.002085225025950153,1.7983754831342738,1.0824730329034316,-0.7159024502308422
33.0,5.0,5.0,4.0,5.0,4.0,1.0,0.5742689214885942,0.6030896398539781,0.8047819493910229,103.01208952205093,128.0,0.021073964432482113,0.019018508716998582,0.0020554557154835312,-0.4197542214090533,-0.6443682043619365,-0.22461398295288326
33.0,5.0,5.0,4.0,5.0,4.0,4.0,0.5742689214885942,0.6030896398539781,0.6630041492553305,339.4581244187292,512.0,0.008179778613903267,0.005477172576612675,0.0027026060372905922,0.25334620545040953,0.27781914626002685,0.024472940809617316
33.0,5.0,5.0,4.0,5.0,5.0,1.0,0.5742689214885942,0.6030896398539781,0.5708372512273476,73.0671681571005,128.0,0.019883374064206566,0.019826804103546508,5.6569960660057816e-05,0.05066101244360403,-0.01087783117546051,-0.06153884361906454
33.0,5.0,5.0,4.0,5.0,5.0,4.0,0.5742689214885942,0.6030896398539781,0.6146326849895113,314.6919347146298,512.0,0.01714386507547258,0.01701605510226339,0.00012780997320918988,-1.0280360210545156,-1.302056967181549,-0.2740209461270333
33.0,5.0,5.0,4.0,5.0,6.0,1.0,0.5742689214885942,0.6030896398539781,0.5694072748556519,72.88413118152344,128.0,0.0051045918591877005,0.002514287485891187,0.0025903043732965134,0.4543374022913912,0.0005784887199224309,-0.45375891357146875
33.0,5.0,5.0,4.0,5.0,6.0,4.0,0.5742689214885942,0.6030896398539781,0.6411319400423796,328.25955330169836,512.0,0.003346154580327304,0.005523219878844784,-0.0021770652985174796,3.34554908415956,2.515518055867015,-0.8300310282925447
33.0,5.0,5.0,4.0,5.0,7.0,1.0,0.5742689214885942,0.6030896398539781,0.6810291294469673,87.17172856921181,128.0,0.026482579265731387,0.030577913459589958,-0.004095334193858571,2.743529077990578,1.2698930071179662,-1.473636070872612
33.0,5.0,5.0,4.0,5.0,7.0,4.0,0.5742689214885942,0.6030896398539781,0.6533491678029992,334.5147739151356,512.0,0.005674138874464215,0.0093684991518438,-0.0036943602773795853,2.470908150193886,1.5297272063642744,-0.9411809438296115
33.0,5.0,5.0,4.0,5.0,8.0,1.0,0.5742689214885942,0.6030896398539781,0.6200898604933915,79.37150214315412,128.0,0.00821776787642983,0.0036224106763799533,0.004595357200049877,-1.0500213420742128,-0.131179538572388,0.9188418035018249
33.0,5.0,5.0,4.0,5.0,8.0,4.0,0.5742689214885942,0.6030896398539781,0.588227821614533,301.1726446666409,512.0,0.0037468164103805174,0.0018698773751056703,0.001876939035274847,0.5892059943915228,1.1507128436162437,0.5615068492247209
33.0,5.0,5.0,4.0,5.0,9.0,1.0,0.5742689214885942,0.6030896398539781,0.4086291131631425,52.30452648488224,128.0,0.05899298160195775,0.05256828868493146,0.006424692917026284,2.8236254128472473,1.8515535916583241,-0.9720718211889232
33.0,5.0,5.0,4.0,5.0,9.0,4.0,0.5742689214885942,0.6030896398539781,0.5155912852883454,263.98273806763285,512.0,0.004232963039024793,0.005419949640281962,-0.0011869866012571692,2.798833199929268,2.602310937688998,-0.1965222622402698
33.0,5.0,5.0,4.0,5.0,10.0,1.0,0.5742689214885942,0.6030896398539781,0.4367178988311214,55.89989105038354,128.0,0.01035721154261035,0.010822609171020937,-0.0004653976284105868,-0.04030164210251411,-0.5777599241473583,-0.5374582820448442
33.0,5.0,5.0,4.0,5.0,10.0,4.0,0.5742689214885942,0.6030896398539781,0.5201190865663241,266.30097232195794,512.0,0.003542433466638661,0.004001670690106424,-0.0004592372234677629,1.870147987565676,1.783860199869489,-0.08628778769618695
33.0,5.0,5.0,4.0,5.0,11.0,1.0,0.5742689214885942,0.6030896398539781,0.5767713288554264,73.82673009349458,128.0,0.007388562769042577,0.0054506182576149805,0.001937944511427596,1.2610363616608726,0.7928221206935777,-0.4682142409672949
33.0,5.0,5.0,4.0,5.0,11.0,4.0,0.5742689214885942,0.6030896398539781,0.5714442075475599,292.57943426435065,512.0,0.0036730355336164573,0.003422116891570119,0.0002509186420463381,1.867600409039396,1.9040643480916355,0.036463939052239436
33.0,5.0,5.0,4.0,5.0,12.0,1.0,0.5742689214885942,0.6030896398539781,0.5764442010057047,73.7848577287302,128.0,0.011921165995301086,0.008779249691976954,0.0031419163033241312,-0.27016283796688806,-0.655821784669012,-0.3856589467021239
33.0,5.0,5.0,4.0,5.0,12.0,4.0,0.5742689214885942,0.6030896398539781,0.6315270181284205,323.3418332817513,512.0,0.005591165550876899,0.0019194034479792683,0.003671762102897631,0.7074132939530764,0.8634741114878915,0.15606081753481515
33.0,5.0,5.0,4.0,5.0,13.0,1.0,0.5742689214885942,0.6030896398539781,0.5767256225975032,73.8208796924804,128.0,0.0076617775889521005,0.003373437751267967,0.004288339837684133,0.8613302277318008,0.19987391003490412,-0.6614563176968966
33.0,5.0,5.0,4.0,5.0,13.0,4.0,0.5742689214885942,0.6030896398539781,0.6646096176339586,340.2801242285868,512.0,0.010062328049205552,0.013140713001123829,-0.003078384951918277,4.253995972947723,2.345171843049075,-1.908824129898648
33.0,5.0,5.0,4.0,5.0,14.0,1.0,0.5742689214885942,0.6030896398539781,0.5391378931963536,69.00965032913327,128.0,0.008456728101734262,0.009017780370993583,-0.0005610522692593208,1.7996543387453607,1.4892645136136842,-0.31038982513167657
33.0,5.0,5.0,4.0,5.0,14.0,4.0,0.5742689214885942,0.6030896398539781,0.47823373296431115,244.8556712777273,512.0,0.00530703727133707,0.012258229266188712,-0.006951191994851643,2.5274813648400687,1.1307491275148869,-1.3967322373251818
33.0,5.0,5.0,4.0,5.0,15.0,1.0,0.5742689214885942,0.6030896398539781,0.6583870536212757,84.27354286352329,128.0,0.02554243392992206,0.022792908152806997,0.0027495257771150625,-1.2540077935640648,-0.866826442386876,0.38718135117718877
33.0,5.0,5.0,4.0,5.0,15.0,4.0,0.5742689214885942,0.6030896398539781,0.6295373986812157,322.32314812478245,512.0,0.004231637651725318,0.007521034491722111,-0.0032893968399967935,1.4106038266555896,0.46826113927704266,-0.942342687378547
33.0,5.0,5.0,4.0,5.0,16.0,1.0,0.5742689214885942,0.6030896398539781,0.5130571490958125,65.671315084264,128.0,0.02568868408822155,0.022480603948705956,0.0032080801395155956,-3.4905840909799104,-3.1635179490318683,0.32706614194804207
33.0,5.0,5.0,4.0,5.0,16.0,4.0,0.5742689214885942,0.6030896398539781,0.5621803413140944,287.83633475281636,512.0,0.005280450636476039,0.007138105356036003,-0.001857654719559964,0.1307163190909382,-0.4786799956100941,-0.6093963147010323
33.0,5.0,5.0,4.0,5.0,17.0,1.0,0.5742689214885942,0.6030896398539781,0.5296480563246784,67.79495120955883,128.0,0.006965448343369698,0.004474140119436271,0.0024913082239334267,0.6272974340915983,0.6890894569477157,0.0617920228561174
33.0,5.0,5.0,4.0,5.0,17.0,4.0,0.5742689214885942,0.6030896398539781,0.58985130554333,302.00386843818495,512.0,0.0023446279307942353,0.003077276191375675,-0.0007326482605814399,1.6628732998796136,1.4463134491611023,-0.21655985071851136
33.0,5.0,5.0,4.0,5.0,18.0,1.0,0.5742689214885942,0.6030896398539781,0.6704101989858235,85.81250547018541,128.0,0.025964307478930082,0.013006778984866716,0.012957528494063366,-1.1287310778969875,-0.16976444867581983,0.9589666292211676
33.0,5.0,5.0,4.0,5.0,18.0,4.0,0.5742689214885942,0.6030896398539781,0.5679245750707851,290.77738243624196,512.0,0.015851769194729037,0.00525631313807728,0.010595456056651756,-1.0419186342319218,0.46448286450164916,1.506401498733571
33.0,5.0,5.0,4.0,5.0,19.0,1.0,0.5742689214885942,0.6030896398539781,0.6558160603575901,83.94445572577153,128.0,0.013853404217585822,0.011372145691862894,0.002481258525722929,2.3825993649767487,1.2988332207960398,-1.083766144180709
33.0,5.0,5.0,4.0,5.0,19.0,4.0,0.5742689214885942,0.6030896398539781,0.5358238028531578,274.3417870608168,512.0,0.008050165029806808,0.006714314179871338,0.0013358508499354696,2.768498362571017,1.6934717147086011,-1.0750266478624158
33.0,5.0,5.0,4.0,5.0,20.0,1.0,0.5742689214885942,0.6030896398539781,0.6210698948648835,79.49694654270509,128.0,0.019441278913778254,0.00985806982161842,0.009583209092159834,2.811229866830434,2.279712348319041,-0.531517518511393
33.0,5.0,5.0,4.0,5.0,20.0,4.0,0.5742689214885942,0.6030896398539781,0.38037699741094233,194.75302267440247,512.0,0.007720361292016579,0.009056825051939148,-0.0013364637599225697,2.1726296148367616,1.2947616695178312,-0.8778679453189304
33.0,5.0,5.0,4.0,5.0,21.0,1.0,0.5742689214885942,0.6030896398539781,0.7152493106810109,91.5519117671694,128.0,0.07160048107851871,0.06674137702823728,0.004859104050281435,-7.279627710976475,-7.455601280607834,-0.1759735696313589
33.0,5.0,5.0,4.0,5.0,21.0,4.0,0.5742689214885942,0.6030896398539781,0.6669484149716387,341.477588465479,512.0,0.004561036311235915,0.007735671033887421,-0.0031746347226515063,3.02105730609459,1.9595646760084102,-1.0614926300861798
33.0,5.0,5.0,4.0,5.0,22.0,1.0,0.5742689214885942,0.6030896398539781,0.49875421660390595,63.84053972529996,128.0,0.013130483818662797,0.009502047642457,0.003628436176205797,1.664129178092867,1.382253691265846,-0.281875486827021
33.0,5.0,5.0,4.0,5.0,22.0,4.0,0.5742689214885942,0.6030896398539781,0.521077903421807,266.7918865519652,512.0,0.005939285907443076,0.010460450766734138,-0.004521164859291061,1.4242967183831998,0.6515051001556118,-0.772791618227588
33.0,5.0,5.0,4.0,5.0,23.0,1.0,0.5742689214885942,0.6030896398539781,0.46076042405069695,58.97733427848921,128.0,0.004514630197482191,0.003933744867325563,0.0005808853301566275,1.1821807862415363,0.6253964517405916,-0.5567843345009448
33.0,5.0,5.0,4.0,5.0,23.0,4.0,0.5742689214885942,0.6030896398539781,0.4931252451346758,252.48012550895402,512.0,0.0022598133845417026,0.004451951616964546,-0.0021921382324228437,2.400389047028329,1.7746591602421027,-0.6257298867862262
33.0,5.0,5.0,4.0,5.0,24.0,1.0,0.5742689214885942,0.6030896398539781,0.5858762381106848,74.99215847816765,128.0,0.02322784630884086,0.01853322361941707,0.004694622689423788,-2.814858595247214,-1.9445050548759555,0.8703535403712583
33.0,5.0,5.0,4.0,5.0,24.0,4.0,0.5742689214885942,0.6030896398539781,0.5115688576284565,261.9232551057697,512.0,0.0073238456713823705,0.009364337850189282,-0.0020404921788069116,2.7586241673335032,2.2593956430734288,-0.49922852426007447
33.0,5.0,5.0,4.0,5.0,25.0,1.0,0.5742689214885942,0.6030896398539781,0.6375244988331134,81.60313585063851,128.0,0.010562633185135695,0.014246196269709282,-0.003683563084573587,1.2940129728955219,-0.1294911375031608,-1.4235041103986827
33.0,5.0,5.0,4.0,5.0,25.0,4.0,0.5742689214885942,0.6030896398539781,0.5853267234889098,299.6872824263218,512.0,0.004488483344172213,0.003560070202071916,0.0009284131421002971,1.3004862307431877,0.8738882234075009,-0.42659800733568676
33.0,5.0,5.0,4.0,5.0,26.0,1.0,0.5742689214885942,0.6030896398539781,0.6002819607130513,76.83609097127056,128.0,0.004536852598573429,0.003089279499676128,0.0014475730988973007,0.680448656094322,0.1991437205634164,-0.48130493553090564
33.0,5.0,5.0,4.0,5.0,26.0,4.0,0.5742689214885942,0.6030896398539781,0.6555864663555214,335.66027077402697,512.0,0.00676603144993494,0.006560616938924136,0.00020541451101080323,0.9907358463963071,0.4656583250322031,-0.5250775213641039
33.0,5.0,5.0,4.0,5.0,27.0,1.0,0.5742689214885942,0.6030896398539781,0.5660252034732061,72.45122604457038,128.0,0.019235205653196648,0.005790141594466806,0.013445064058729842,-2.6552398900347436,-0.5356823000896386,2.119557589945105
33.0,5.0,5.0,4.0,5.0,27.0,4.0,0.5742689214885942,0.6030896398539781,0.6044753571973004,309.4913828850178,512.0,0.008416395636727313,0.004837029893465544,0.003579365743261769,-0.39791482571212466,0.2940000494547054,0.69191487516683
33.0,5.0,5.0,4.0,5.0,28.0,1.0,0.5742689214885942,0.6030896398539781,0.7360353159597263,94.21252044284496,128.0,0.020761753456438527,0.02204904039917359,-0.0012872869427350622,2.510689457308228,1.9032304091922874,-0.6074590481159405
33.0,5.0,5.0,4.0,5.0,28.0,4.0,0.5742689214885942,0.6030896398539781,0.649898297480565,332.7479283100493,512.0,0.008536006489296545,0.011628269233658308,-0.0030922627443617633,2.023031964001107,1.165852132814614,-0.8571798311864929
33.0,5.0,5.0,4.0,5.0,29.0,1.0,0.5742689214885942,0.6030896398539781,0.5893652118999197,75.43874712318973,128.0,0.015289162562753986,0.01282427998804363,0.0024648825747103555,1.4497499302705912,0.6032797519796983,-0.8464701782908929
33.0,5.0,5.0,4.0,5.0,29.0,4.0,0.5742689214885942,0.6030896398539781,0.496439994995592,254.1772774377431,512.0,0.003452221342196688,0.0043608523686967954,-0.0009086310265001073,1.952602429740949,1.9937448662645765,0.04114243652362748
33.0,5.0,5.0,4.0,5.0,30.0,1.0,0.5742689214885942,0.6030896398539781,0.6346836009351237,81.23950091969583,128.0,0.016572227722905238,0.01854073800272516,-0.001968510279819924,-0.08679019380643563,-1.290211529936438,-1.2034213361300024
33.0,5.0,5.0,4.0,5.0,30.0,4.0,0.5742689214885942,0.6030896398539781,0.6375101585168834,326.4052011606443,512.0,0.0045981588275640535,0.009244054265451091,-0.004645895437887038,1.5769442269193281,0.5036861039968804,-1.0732581229224478
33.0,5.0,5.0,4.0,5.0,31.0,1.0,0.5742689214885942,0.6030896398539781,0.8011291718525811,102.54453399713039,128.0,0.014956983407658254,0.011929829975409346,0.003027153432248908,1.2624473245027048,1.4807025996607994,0.21825527515809462
33.0,5.0,5.0,4.0,5.0,31.0,4.0,0.5742689214885942,0.6030896398539781,0.6830998149160235,349.747105237004,512.0,0.0058918837656132175,0.0028192014033297935,0.003072682362283424,0.47446624719280983,1.22071780662046,0.7462515594276502
33.0,5.0,5.0,4.0,5.0,32.0,1.0,0.5742689214885942,0.6030896398539781,0.41996057837032996,53.754954031402235,128.0,0.0302863853715744,0.03157490646565409,-0.0012885210940796928,2.7108949136821767,-0.15114631661512484,-2.8620412302973017
33.0,5.0,5.0,4.0,5.0,32.0,4.0,0.5742689214885942,0.6030896398539781,0.5928623599337897,303.5455282861003,512.0,0.006129633321430903,0.006311495345893963,-0.0001818620244630597,3.3740224556511675,2.435762480721267,-0.9382599749299003
34.0,11.0,2.0,13.0,5.0,1.0,1.0,0.49302073488112047,0.6239822284027297,0.4850620141244616,62.087937807931084,128.0,0.012682133343735693,0.010615105486004799,0.002067027857730894,-0.20593797813606193,-0.3071450418990927,-0.10120706376303076
34.0,11.0,2.0,13.0,5.0,1.0,4.0,0.49302073488112047,0.6239822284027297,0.5067544512966469,259.4582790638832,512.0,0.005131584046281973,0.010851823772838635,-0.005720239726556662,2.6136507535092166,1.1955028791370819,-1.4181478743721347
34.0,11.0,2.0,13.0,5.0,2.0,1.0,0.49302073488112047,0.6239822284027297,0.6114050264658033,78.25984338762282,128.0,0.02697579019800305,0.006247938029010227,0.020727852168992825,1.31554832269322,0.5529886303965832,-0.7625596922966369
34.0,11.0,2.0,13.0,5.0,2.0,4.0,0.49302073488112047,0.6239822284027297,0.36023276338791466,184.4391748546123,512.0,0.006679254994450728,0.011907948734505288,-0.00522869374005456,3.319762366451201,1.4524332492493972,-1.8673291172018036
34.0,11.0,2.0,13.0,5.0,3.0,1.0,0.49302073488112047,0.6239822284027297,0.4604980958736213,58.943756271823524,128.0,0.020260714661129626,0.016397232535758775,0.0038634821253708505,2.96469383472565,2.5132256809588496,-0.4514681537668004
34.0,11.0,2.0,13.0,5.0,3.0,4.0,0.49302073488112047,0.6239822284027297,0.4696241838388461,240.4475821254892,512.0,0.0026701498478939397,0.006490796455179497,-0.003820646607285557,2.7216878185885482,1.714325103741446,-1.0073627148471023
34.0,11.0,2.0,13.0,5.0,4.0,1.0,0.49302073488112047,0.6239822284027297,0.603331223387155,77.22639659355583,128.0,0.019297566881278566,0.016536451091678884,0.0027611157895996823,2.126786201992795,-0.1410006581318697,-2.267786860124665
34.0,11.0,2.0,13.0,5.0,4.0,4.0,0.49302073488112047,0.6239822284027297,0.5483769331108722,280.7689897527666,512.0,0.004301543314959717,0.006991807348759444,-0.0026902640337997273,3.7423836293646184,1.958426741420766,-1.7839568879438525
34.0,11.0,2.0,13.0,5.0,5.0,1.0,0.49302073488112047,0.6239822284027297,0.48071708863459905,61.53178734522868,128.0,0.015524419312060177,0.0023234856102826093,0.013200933701777568,1.2803434618497636,0.3648270351906667,-0.9155164266590968
34.0,11.0,2.0,13.0,5.0,5.0,4.0,0.49302073488112047,0.6239822284027297,0.530557434892836,271.64540666513204,512.0,0.0033326112807321112,0.0031054494715242143,0.0002271618092078969,1.929059437145473,1.227846132765734,-0.701213304379739
34.0,11.0,2.0,13.0,5.0,6.0,1.0,0.49302073488112047,0.6239822284027297,0.7437507433409988,95.20009514764784,128.0,0.02613772138562697,0.01256950154018006,0.01356821984544691,3.2768928041284373,1.1907538637034571,-2.08613894042498
34.0,11.0,2.0,13.0,5.0,6.0,4.0,0.49302073488112047,0.6239822284027297,0.591047297738422,302.6162164420721,512.0,0.00443236334629819,0.007109234541852516,-0.002676871195554326,1.7214730364990978,0.44435441939320236,-1.2771186171058955
34.0,11.0,2.0,13.0,5.0,7.0,1.0,0.49302073488112047,0.6239822284027297,0.60136280714317,76.97443931432576,128.0,0.03265289737195068,0.0161343098477175,0.01651858752423318,1.2979707456032938,1.5651800762895178,0.267209330686224
34.0,11.0,2.0,13.0,5.0,7.0,4.0,0.49302073488112047,0.6239822284027297,0.5649315678434936,289.24496273586874,512.0,0.003974628813055263,0.003046244457777069,0.000928384355278194,3.468269295630428,1.8857665742967082,-1.5825027213337197
34.0,11.0,2.0,13.0,5.0,8.0,1.0,0.49302073488112047,0.6239822284027297,0.37670868649054673,48.21871187078998,128.0,0.015278569962282726,0.009768007651897559,0.005510562310385167,1.0363140501536243,1.3506999324012514,0.3143858822476271
34.0,11.0,2.0,13.0,5.0,8.0,4.0,0.49302073488112047,0.6239822284027297,0.45370252355920176,232.2956920623113,512.0,0.005640770682738874,0.005836053666896579,-0.00019528298415770473,2.975794478693206,2.431035293349282,-0.5447591853439242
34.0,11.0,2.0,13.0,5.0,9.0,1.0,0.49302073488112047,0.6239822284027297,0.5676064157336073,72.65362121390173,128.0,0.004375239619201104,0.004297185520686484,7.805409851462022e-05,1.791824643000017,1.1202313822035128,-0.6715932607965043
34.0,11.0,2.0,13.0,5.0,9.0,4.0,0.49302073488112047,0.6239822284027297,0.291297717386637,149.14443130195815,512.0,0.003921284917696375,0.006302290837660124,-0.0023810059199637487,2.077461051713954,0.6582059475653452,-1.4192551041486088
34.0,11.0,2.0,13.0,5.0,10.0,1.0,0.49302073488112047,0.6239822284027297,0.5980987745511156,76.5566431425428,128.0,0.004480473346667974,0.003663261734862757,0.0008172116118052171,2.5279252381398636,0.4658591087175631,-2.0620661294223006
34.0,11.0,2.0,13.0,5.0,10.0,4.0,0.49302073488112047,0.6239822284027297,0.5479155440636941,280.5327585606114,512.0,0.0024556162335307693,0.002442086402381945,1.3529831148824216e-05,1.7771116562392555,0.6334771343730894,-1.143634521866166
34.0,11.0,2.0,13.0,5.0,11.0,1.0,0.49302073488112047,0.6239822284027297,0.6196593297017315,79.31639420182164,128.0,0.04734210911351478,0.05519374637194943,-0.00785163725843465,-5.805538519879566,-7.160272073410095,-1.3547335535305285
34.0,11.0,2.0,13.0,5.0,11.0,4.0,0.49302073488112047,0.6239822284027297,0.5611139808013895,287.29035817031144,512.0,0.005557800222975065,0.008601857386826825,-0.0030440571638517596,2.0145955274616303,0.7922918893848074,-1.2223036380768229
34.0,11.0,2.0,13.0,5.0,12.0,1.0,0.49302073488112047,0.6239822284027297,0.5849034487038428,74.86764143409188,128.0,0.012364639975833022,0.00887270527348792,0.0034919347023451026,1.3571578343877793,-0.19754626136906173,-1.554704095756841
34.0,11.0,2.0,13.0,5.0,12.0,4.0,0.49302073488112047,0.6239822284027297,0.5482967514553158,280.72793674512167,512.0,0.004595878875573705,0.004295400839731428,0.0003004780358422769,3.3194282368909587,1.8305881714130852,-1.4888400654778735
34.0,11.0,2.0,13.0,5.0,13.0,1.0,0.49302073488112047,0.6239822284027297,0.5825085419864188,74.5610933742616,128.0,0.01741447134681444,0.010677820028402337,0.006736651318412102,2.136232285296113,1.5872441660249936,-0.5489881192711195
34.0,11.0,2.0,13.0,5.0,13.0,4.0,0.49302073488112047,0.6239822284027297,0.5587554410711109,286.08278582840876,512.0,0.00433560188081024,0.00632844566337642,-0.0019928437825661796,3.644107856057614,2.713981806854053,-0.9301260492035612
34.0,11.0,2.0,13.0,5.0,14.0,1.0,0.49302073488112047,0.6239822284027297,0.47258606696514716,60.491016571538836,128.0,0.008375162817182195,0.007779408301299686,0.000595754515882509,2.1753181123497005,1.2123182535652584,-0.9629998587844422
34.0,11.0,2.0,13.0,5.0,14.0,4.0,0.49302073488112047,0.6239822284027297,0.4728677830320448,242.10830491240694,512.0,0.0014843227652246475,0.002167264685322365,-0.0006829419200977177,1.7117771668016162,1.254829644339404,-0.45694752246221215
34.0,11.0,2.0,13.0,5.0,15.0,1.0,0.49302073488112047,0.6239822284027297,0.4268639387971893,54.63858416604023,128.0,0.0061550330736835105,0.007352546763122344,-0.0011975136894388332,2.5589881554529104,1.7679551934197653,-0.7910329620331451
34.0,11.0,2.0,13.0,5.0,15.0,4.0,0.49302073488112047,0.6239822284027297,0.4724196708544833,241.87887147749544,512.0,0.0035223912903206227,0.004930028239530308,-0.0014076369492096855,3.6421269073310825,2.4587002852556186,-1.183426622075464
34.0,11.0,2.0,13.0,5.0,16.0,1.0,0.49302073488112047,0.6239822284027297,0.5161401169954348,66.06593497541566,128.0,0.007031935774423442,0.0031084834402010635,0.003923452334222378,1.2758725891192781,0.545765503552626,-0.7301070855666522
34.0,11.0,2.0,13.0,5.0,16.0,4.0,0.49302073488112047,0.6239822284027297,0.35732952187646394,182.95271520074954,512.0,0.0021302812997579038,0.002253570791497749,-0.0001232894917398454,2.0398515397130352,1.2548547682836233,-0.7849967714294119
34.0,11.0,2.0,13.0,5.0,17.0,1.0,0.49302073488112047,0.6239822284027297,0.5089436896885977,65.1447922801405,128.0,0.058064375636479454,0.01291013085519747,0.04515424478128198,0.3289394471617037,0.48593541925404876,0.15699597209234506
34.0,11.0,2.0,13.0,5.0,17.0,4.0,0.49302073488112047,0.6239822284027297,0.5628097537636754,288.1585939270018,512.0,0.006142198011088373,0.010135204774900862,-0.003993006763812489,2.8902060767314004,1.3056935683315432,-1.5845125083998572
34.0,11.0,2.0,13.0,5.0,18.0,1.0,0.49302073488112047,0.6239822284027297,0.6166935349645235,78.93677247545901,128.0,0.03970625691261645,0.005974241325153479,0.03373201558746297,2.2405920986140826,1.304140670275978,-0.9364514283381047
34.0,11.0,2.0,13.0,5.0,18.0,4.0,0.49302073488112047,0.6239822284027297,0.5556968850202739,284.51680513038025,512.0,0.004684244240489615,0.006421957214688813,-0.0017377129741991976,4.032558253869409,1.512372366513639,-2.52018588735577
34.0,11.0,2.0,13.0,5.0,19.0,1.0,0.49302073488112047,0.6239822284027297,0.5506923303544565,70.48861828537044,128.0,0.011483362396840096,0.007594225242310441,0.0038891371545296547,1.7071201126470505,0.7425459877411082,-0.9645741249059423
34.0,11.0,2.0,13.0,5.0,19.0,4.0,0.49302073488112047,0.6239822284027297,0.5637990260823238,288.6651013541498,512.0,0.00444111619056579,0.007872564331804919,-0.003431448141239129,2.2697111441861875,1.4328234854287247,-0.8368876587574627
34.0,11.0,2.0,13.0,5.0,20.0,1.0,0.49302073488112047,0.6239822284027297,0.8148162559046884,104.29648075580012,128.0,0.03846970173788383,0.014670197056485545,0.023799504681398288,2.416039169280605,0.731163097809285,-1.68487607147132
34.0,11.0,2.0,13.0,5.0,20.0,4.0,0.49302073488112047,0.6239822284027297,0.5663708378095977,289.98186895851404,512.0,0.004778743181402992,0.0053002712265566975,-0.0005215280451537057,3.2629577233964735,2.0980210775163846,-1.164936645880089
34.0,11.0,2.0,13.0,5.0,21.0,1.0,0.49302073488112047,0.6239822284027297,0.6660369226134388,85.25272609452017,128.0,0.026570131059425878,0.01576356160158027,0.010806569457845607,-1.107919235736992,-0.855586734234572,0.25233250150242004
34.0,11.0,2.0,13.0,5.0,21.0,4.0,0.49302073488112047,0.6239822284027297,0.603889184586462,309.19126250826855,512.0,0.0068589922681433595,0.005589536628684445,0.0012694556394589147,3.068109472262258,2.264354479578333,-0.8037549926839249
34.0,11.0,2.0,13.0,5.0,22.0,1.0,0.49302073488112047,0.6239822284027297,0.6693333044593385,85.67466297079532,128.0,0.01731440418795204,0.011200615213846925,0.006113788974105116,2.2860625503606506,1.1339241401813294,-1.1521384101793213
34.0,11.0,2.0,13.0,5.0,22.0,4.0,0.49302073488112047,0.6239822284027297,0.5231120858926663,267.83338797704516,512.0,0.0024388831494372674,0.004572941132781758,-0.002134057983344491,3.673990150138104,1.7068837794705098,-1.9671063706675942
34.0,11.0,2.0,13.0,5.0,23.0,1.0,0.49302073488112047,0.6239822284027297,0.6576085173841241,84.17389022516788,128.0,0.01791148693468973,0.009822071300629957,0.008089415634059773,4.318678104236942,2.6911477842125824,-1.6275303200243596
34.0,11.0,2.0,13.0,5.0,23.0,4.0,0.49302073488112047,0.6239822284027297,0.48746271789724344,249.58091156338864,512.0,0.002137153523154545,0.004727266442979088,-0.0025901129198245432,3.2380094966663253,1.9271577900956927,-1.3108517065706327
34.0,11.0,2.0,13.0,5.0,24.0,1.0,0.49302073488112047,0.6239822284027297,0.585587613556631,74.95521453524877,128.0,0.015525312111397694,0.004799783757967422,0.010725528353430273,1.8500781541972868,0.6443849922484038,-1.2056931619488829
34.0,11.0,2.0,13.0,5.0,24.0,4.0,0.49302073488112047,0.6239822284027297,0.48501069516610956,248.3254759250481,512.0,0.0028795860514827004,0.003823066839166666,-0.0009434807876839654,1.3190486465427484,0.752060756418911,-0.5669878901238374
34.0,11.0,2.0,13.0,5.0,25.0,1.0,0.49302073488112047,0.6239822284027297,0.605786314188918,77.54064821618151,128.0,0.01589367754565325,0.017207241105447205,-0.0013135635597939545,1.9815172085099584,1.4290665578325015,-0.5524506506774569
34.0,11.0,2.0,13.0,5.0,25.0,4.0,0.49302073488112047,0.6239822284027297,0.5972671135379186,305.80076213141433,512.0,0.0025473318636406827,0.0024962115129306336,5.1120350710049094e-05,2.842915155999529,1.697705073230186,-1.145210082769343
34.0,11.0,2.0,13.0,5.0,26.0,1.0,0.49302073488112047,0.6239822284027297,0.5716916917699278,73.17653654655076,128.0,0.016092182578142232,0.00611870324044873,0.009973479337693502,0.715913292761354,-0.29968274069827294,-1.015596033459627
34.0,11.0,2.0,13.0,5.0,26.0,4.0,0.49302073488112047,0.6239822284027297,0.45679124574305596,233.87711782044465,512.0,0.0028626430154512594,0.003328411330930712,-0.00046576831547945254,3.987518701373102,1.9520368417569987,-2.0354818596161035
34.0,11.0,2.0,13.0,5.0,27.0,1.0,0.49302073488112047,0.6239822284027297,0.6196932626987572,79.32073762544093,128.0,0.013824393338512169,0.010864713480643794,0.002959679857868375,2.6961724236459497,1.6380882044524456,-1.058084219193504
34.0,11.0,2.0,13.0,5.0,27.0,4.0,0.49302073488112047,0.6239822284027297,0.4470887809709198,228.90945585711094,512.0,0.004699655180049483,0.009664066613136553,-0.00496441143308707,2.955252561254477,2.0942144266927105,-0.8610381345617664
34.0,11.0,2.0,13.0,5.0,28.0,1.0,0.49302073488112047,0.6239822284027297,0.45175493009597956,57.82463105228538,128.0,0.004866696721528806,0.00326324103852327,0.0016034556830055355,2.4017912101852885,1.568297560867264,-0.8334936493180245
34.0,11.0,2.0,13.0,5.0,28.0,4.0,0.49302073488112047,0.6239822284027297,0.5201086875276395,266.2956480141514,512.0,0.006561059500704558,0.005448709331049215,0.0011123501696553425,3.741413604841822,2.272848319865367,-1.4685652849764552
34.0,11.0,2.0,13.0,5.0,29.0,1.0,0.49302073488112047,0.6239822284027297,0.7102740096398484,90.9150732339006,128.0,0.030432546453309568,0.024013794160126858,0.0064187522931827105,0.6531456168004248,0.0817097871813215,-0.5714358296191033
34.0,11.0,2.0,13.0,5.0,29.0,4.0,0.49302073488112047,0.6239822284027297,0.4384100241349583,224.46593235709864,512.0,0.005303707950207759,0.00938088555946508,-0.004077177609257321,2.9066714566691094,0.7884032172132863,-2.118268239455823
34.0,11.0,2.0,13.0,5.0,30.0,1.0,0.49302073488112047,0.6239822284027297,0.3406112700587739,43.59824256752306,128.0,0.016250094379792114,0.022321761892286695,-0.006071667512494581,2.310600788512456,1.2310261963971953,-1.0795745921152609
34.0,11.0,2.0,13.0,5.0,30.0,4.0,0.49302073488112047,0.6239822284027297,0.4894193159409292,250.58268976175574,512.0,0.005709613434120803,0.01177851127789353,-0.006068897843772726,3.6572586602934614,2.547579718592268,-1.1096789417011932
34.0,11.0,2.0,13.0,5.0,31.0,1.0,0.49302073488112047,0.6239822284027297,0.5329669546500951,68.21977019521218,128.0,0.009312260505571456,0.003275498870626754,0.006036761634944702,1.0026052955995801,1.09187290269393,0.08926760709434989
34.0,11.0,2.0,13.0,5.0,31.0,4.0,0.49302073488112047,0.6239822284027297,0.5636388346129462,288.58308332182844,512.0,0.004552878403195067,0.0023736138597876518,0.0021792645434074156,3.300114867754138,1.6278784350437376,-1.6722364327104005
34.0,11.0,2.0,13.0,5.0,32.0,1.0,0.49302073488112047,0.6239822284027297,0.6530060015520075,83.58476819865696,128.0,0.028469395656708925,0.026447340622915448,0.0020220550337934767,1.2028770749400894,-0.30534016576863937,-1.5082172407087289
34.0,11.0,2.0,13.0,5.0,32.0,4.0,0.49302073488112047,0.6239822284027297,0.5929027858530865,303.5662263567803,512.0,0.004903826602270252,0.005365714094644176,-0.000461887492373924,3.3741426652249316,1.6422027580430336,-1.731939907181898
35.0,11.0,4.0,5.0,5.0,1.0,1.0,0.5767185197951137,0.7163770196158935,0.6858289899199054,87.78611070974789,128.0,0.018353878144521513,0.01289932656354524,0.005454551580976274,-2.5747277112918443,-0.6127367681671498,1.9619909431246945
35.0,11.0,4.0,5.0,5.0,1.0,4.0,0.5767185197951137,0.7163770196158935,0.6113237594085534,312.99776481717936,512.0,0.0064913172917674174,0.004610776602582438,0.001880540689184979,0.9991765962699479,2.1655906219456567,1.1664140256757087
35.0,11.0,4.0,5.0,5.0,2.0,1.0,0.5767185197951137,0.7163770196158935,0.6538552282938623,83.69346922161438,128.0,0.004818805113361245,0.003912404664628336,0.0009064004487329084,1.263796507584435,1.7175446648060337,0.45374815722159867
35.0,11.0,4.0,5.0,5.0,2.0,4.0,0.5767185197951137,0.7163770196158935,0.6511014849708929,333.3639603050972,512.0,0.0033010276518090514,0.0034148037788672234,-0.00011377612705817204,1.3925476442521534,1.5536345724831508,0.16108692823099746
35.0,11.0,4.0,5.0,5.0,3.0,1.0,0.5767185197951137,0.7163770196158935,0.6354977727871454,81.3437149167546,128.0,0.015580511054581084,0.0030702956214801575,0.012510215433100927,-1.2335510980854245,-0.3390334242771167,0.8945176738083078
35.0,11.0,4.0,5.0,5.0,3.0,4.0,0.5767185197951137,0.7163770196158935,0.6211810996809322,318.04472303663727,512.0,0.002344317628284472,0.0036830041749984143,-0.0013386865467139423,2.008865101407091,2.315748964764546,0.3068838633574553
35.0,11.0,4.0,5.0,5.0,4.0,1.0,0.5767185197951137,0.7163770196158935,0.6240898777241888,79.88350434869616,128.0,0.039647838670640013,0.04053086199001554,-0.0008830233193755296,-4.009103523436749,-3.9894847245583756,0.019618798878373145
35.0,11.0,4.0,5.0,5.0,4.0,4.0,0.5767185197951137,0.7163770196158935,0.5957352670703313,305.01645674000963,512.0,0.010267758724670714,0.011988360000257669,-0.0017206012755869547,1.2201880946777797,1.463915998167523,0.24372790348974327
35.0,11.0,4.0,5.0,5.0,5.0,1.0,0.5767185197951137,0.7163770196158935,0.5915124784291895,75.71359723893626,128.0,0.01658655086474847,0.017375150914159213,-0.0007886000494107433,0.921875857326475,1.2083640901738653,0.2864882328473902
35.0,11.0,4.0,5.0,5.0,5.0,4.0,0.5767185197951137,0.7163770196158935,0.570153452537869,291.9185676993889,512.0,0.0032987327800196122,0.005565580094596877,-0.0022668473145772646,2.09874358879659,2.377912697209925,0.2791691084133352
35.0,11.0,4.0,5.0,5.0,6.0,1.0,0.5767185197951137,0.7163770196158935,0.8129510836013583,104.05773870097386,128.0,0.02727483504524161,0.025497982963850755,0.0017768520813908548,-0.3711459843371276,-1.3495632042876093,-0.9784172199504817
35.0,11.0,4.0,5.0,5.0,6.0,4.0,0.5767185197951137,0.7163770196158935,0.6721349256076489,344.1330819111162,512.0,0.005662186742967143,0.005750679800950684,-8.849305798354096e-05,4.069506999271503,3.77730668153434,-0.2922003177371635
35.0,11.0,4.0,5.0,5.0,7.0,1.0,0.5767185197951137,0.7163770196158935,0.6056305420192122,77.52070937845916,128.0,0.03355026744796048,0.03419024419225703,-0.0006399767442965484,1.1917328546830128,1.3017000038491295,0.10996714916611672
35.0,11.0,4.0,5.0,5.0,7.0,4.0,0.5767185197951137,0.7163770196158935,0.5956494275933776,304.9725069278093,512.0,0.0070876844963826185,0.009222263636110267,-0.002134579139727648,2.9883015357478335,3.182650396687501,0.1943488609396673
35.0,11.0,4.0,5.0,5.0,8.0,1.0,0.5767185197951137,0.7163770196158935,0.5065392976277213,64.83703009634833,128.0,0.04888396419022413,0.030418071464264625,0.018465892725959505,3.101461399694924,1.2059699702552114,-1.8954914294397125
35.0,11.0,4.0,5.0,5.0,8.0,4.0,0.5767185197951137,0.7163770196158935,0.557233667104494,285.3036375575009,512.0,0.008574694716493424,0.013145637452913306,-0.004570942736419881,3.620518450728008,3.3498629876683066,-0.27065546305970134
35.0,11.0,4.0,5.0,5.0,9.0,1.0,0.5767185197951137,0.7163770196158935,0.6692869180875402,85.66872551520514,128.0,0.031200061358571972,0.03936212744178474,-0.008162066083212766,-0.1417655130883426,-0.13213511956451726,0.009630393523825331
35.0,11.0,4.0,5.0,5.0,9.0,4.0,0.5767185197951137,0.7163770196158935,0.4475083887478333,229.12429503889064,512.0,0.006861460486162666,0.009073716337143618,-0.0022122558509809513,1.256220740850454,1.7991252613428863,0.5429045204924323
35.0,11.0,4.0,5.0,5.0,10.0,1.0,0.5767185197951137,0.7163770196158935,0.6617328091810818,84.70179957517847,128.0,0.009093416559579086,0.01063362262960596,-0.0015402060700268737,3.1804793998856096,4.226336240110045,1.045856840224435
35.0,11.0,4.0,5.0,5.0,10.0,4.0,0.5767185197951137,0.7163770196158935,0.5838611391017768,298.93690322010974,512.0,0.002402015771905752,0.0016920596612698578,0.0007099561106358942,0.9898767785371809,1.8991717097868746,0.9092949312496936
35.0,11.0,4.0,5.0,5.0,11.0,1.0,0.5767185197951137,0.7163770196158935,0.6058452536705088,77.54819246982512,128.0,0.026882844044456664,0.02621768447984918,0.0006651595646074843,-0.9349797370973876,-0.45427732916318364,0.48070240793420393
35.0,11.0,4.0,5.0,5.0,11.0,4.0,0.5767185197951137,0.7163770196158935,0.5847187133056089,299.37598121247174,512.0,0.004909929408909398,0.005297402626204211,-0.0003874732172948134,1.394323213855831,1.9070036443073888,0.5126804304515578
35.0,11.0,4.0,5.0,5.0,12.0,1.0,0.5767185197951137,0.7163770196158935,0.6841596153245566,87.57243076154325,128.0,0.02048158068727042,0.01285099668133036,0.00763058400594006,-0.9156544340687401,1.4168602439066345,2.3325146779753747
35.0,11.0,4.0,5.0,5.0,12.0,4.0,0.5767185197951137,0.7163770196158935,0.5234098724463756,267.9858546925443,512.0,0.00906213458936651,0.00283473869431786,0.00622739589504865,1.4261409762481039,2.4710139623472163,1.0448729860991124
35.0,11.0,4.0,5.0,5.0,13.0,1.0,0.5767185197951137,0.7163770196158935,0.696499951432024,89.15199378329908,128.0,0.07701131184113603,0.07827803276221329,-0.001266720921077255,0.312998383861272,0.8340350091568579,0.5210366252955859
35.0,11.0,4.0,5.0,5.0,13.0,4.0,0.5767185197951137,0.7163770196158935,0.6361500427989345,325.70882191305446,512.0,0.006415076229783335,0.004201521227222607,0.0022135550025607284,1.848724282796445,2.4893386638473065,0.6406143810508615
35.0,11.0,4.0,5.0,5.0,14.0,1.0,0.5767185197951137,0.7163770196158935,0.7385109506110009,94.52940167820812,128.0,0.01292691476800212,0.013605988845936718,-0.000679074077934598,2.456239078019612,2.77199845932617,0.3157593813065578
35.0,11.0,4.0,5.0,5.0,14.0,4.0,0.5767185197951137,0.7163770196158935,0.6448561759627847,330.16636209294575,512.0,0.00292848625050687,0.003962850768368997,-0.0010343645178621272,3.19309479710767,3.6391237362604545,0.4460289391527845
35.0,11.0,4.0,5.0,5.0,15.0,1.0,0.5767185197951137,0.7163770196158935,0.6641491230734439,85.01108775340082,128.0,0.012862276964377549,0.009045822684467521,0.003816454279910028,-0.5031678481958116,0.9446490587352914,1.447816906931103
35.0,11.0,4.0,5.0,5.0,15.0,4.0,0.5767185197951137,0.7163770196158935,0.5468517395014804,279.98809062475794,512.0,0.005252929712183215,0.004652981454872774,0.0005999482573104415,1.62359456823919,1.9957594401950454,0.37216487195585546
35.0,11.0,4.0,5.0,5.0,16.0,1.0,0.5767185197951137,0.7163770196158935,0.5188822018546106,66.41692183739016,128.0,0.03797748583138009,0.042212334499192206,-0.0042348486678121175,-1.8066253320731578,-1.6072162965225556,0.1994090355506022
35.0,11.0,4.0,5.0,5.0,16.0,4.0,0.5767185197951137,0.7163770196158935,0.5860243409469111,300.0444625648185,512.0,0.0065369105911541135,0.007394045024943461,-0.0008571344337893472,0.758396183550162,1.5062359741373392,0.7478397905871772
35.0,11.0,4.0,5.0,5.0,17.0,1.0,0.5767185197951137,0.7163770196158935,0.5378031212988158,68.83879952624842,128.0,0.013544770987921067,0.0023014402075706266,0.01124333078035044,-0.6288391885424838,0.22221859952665085,0.8510577880691346
35.0,11.0,4.0,5.0,5.0,17.0,4.0,0.5767185197951137,0.7163770196158935,0.5474283866758772,280.28333397804914,512.0,0.00607975980776122,0.006079325279924572,4.345278366473318e-07,0.13271560593878312,0.8157102169876265,0.6829946110488434
35.0,11.0,4.0,5.0,5.0,18.0,1.0,0.5767185197951137,0.7163770196158935,0.7325036779997238,93.76047078396465,128.0,0.006343744291284514,0.005306261327025535,0.0010374829642589792,1.8509534071549196,2.3323656956734093,0.4814122885184897
35.0,11.0,4.0,5.0,5.0,18.0,4.0,0.5767185197951137,0.7163770196158935,0.6184489691909398,316.6458722257612,512.0,0.002401080956100557,0.0034985194473858387,-0.0010974384912852816,2.191834361233707,2.659937418180874,0.46810305694716714
35.0,11.0,4.0,5.0,5.0,19.0,1.0,0.5767185197951137,0.7163770196158935,0.7613298720140519,97.45022361779864,128.0,0.004563485903642285,0.0022329436766983395,0.0023305422269439455,0.328695859398428,1.0187608671753015,0.6900650077768735
35.0,11.0,4.0,5.0,5.0,19.0,4.0,0.5767185197951137,0.7163770196158935,0.6266949825102708,320.86783104525864,512.0,0.002266862796094183,0.0034780518875804347,-0.0012111890914862518,2.2505857044904896,2.5474862957306947,0.2969005912402052
35.0,11.0,4.0,5.0,5.0,20.0,1.0,0.5767185197951137,0.7163770196158935,0.5674187370341478,72.62959834037092,128.0,0.006843439849860621,0.006463511467722657,0.0003799283821379635,1.155694133419341,1.4257875776280056,0.27009344420866466
35.0,11.0,4.0,5.0,5.0,20.0,4.0,0.5767185197951137,0.7163770196158935,0.5226437043711943,267.5935766380515,512.0,0.001980952027045539,0.003074411049431844,-0.0010934590223863052,1.119764683901148,1.5398944519052404,0.4201297680040925
35.0,11.0,4.0,5.0,5.0,21.0,1.0,0.5767185197951137,0.7163770196158935,0.624093347729695,79.88394850940097,128.0,0.03483554678892506,0.02001473581618757,0.014820810972737488,3.7849103687979615,3.5161189617870967,-0.2687914070108648
35.0,11.0,4.0,5.0,5.0,21.0,4.0,0.5767185197951137,0.7163770196158935,0.6117491926291989,313.21558662614984,512.0,0.004798929513938483,0.006463643094489618,-0.001664713580551135,3.65871745219407,3.7083684677686364,0.049651015574566415
35.0,11.0,4.0,5.0,5.0,22.0,1.0,0.5767185197951137,0.7163770196158935,0.6265714730249133,80.20114854718891,128.0,0.01427705449118071,0.015467015627312597,-0.0011899611361318868,2.654613533875335,2.7329442195874667,0.07833068571213175
35.0,11.0,4.0,5.0,5.0,22.0,4.0,0.5767185197951137,0.7163770196158935,0.47278734153419255,242.0671188655066,512.0,0.003571009885350926,0.004874763244704551,-0.001303753359353625,2.972835063485235,3.297613697719961,0.32477863423472586
35.0,11.0,4.0,5.0,5.0,23.0,1.0,0.5767185197951137,0.7163770196158935,0.7409262834980941,94.83856428775604,128.0,0.02651625205219882,0.025543516935215723,0.0009727351169830957,-0.7495529198588681,0.3281515862950945,1.0777045061539625
35.0,11.0,4.0,5.0,5.0,23.0,4.0,0.5767185197951137,0.7163770196158935,0.5926660369015148,303.44501089357556,512.0,0.003309602726322277,0.004425618285426139,-0.0011160155591038623,2.1644985762006796,2.802863236273076,0.6383646600723965
35.0,11.0,4.0,5.0,5.0,24.0,1.0,0.5767185197951137,0.7163770196158935,0.637297197625871,81.57404129611149,128.0,0.024989392706823335,0.023177537724982877,0.0018118549818404578,-1.8638107353379954,-1.9899017664012097,-0.1260910310632144
35.0,11.0,4.0,5.0,5.0,24.0,4.0,0.5767185197951137,0.7163770196158935,0.5841527505219927,299.08620826726025,512.0,0.006453164174836106,0.009226364765262132,-0.0027732005904260266,2.0709549410739467,2.1673693906781857,0.09641444960423895
35.0,11.0,4.0,5.0,5.0,25.0,1.0,0.5767185197951137,0.7163770196158935,0.6168085244781923,78.95149113320862,128.0,0.029578568148544027,0.03748375164813422,-0.007905183499590195,1.5171526519359007,2.5483569064949028,1.031204254559002
35.0,11.0,4.0,5.0,5.0,25.0,4.0,0.5767185197951137,0.7163770196158935,0.5492965642600861,281.2398409011641,512.0,0.0035178104720983176,0.0045609696588473385,-0.0010431591867490209,2.021211918037455,3.032105044566512,1.0108931265290568
35.0,11.0,4.0,5.0,5.0,26.0,1.0,0.5767185197951137,0.7163770196158935,0.715907012973609,91.63609766062196,128.0,0.011892381670800325,0.002331564601723797,0.009560817069076528,-0.5374949486615892,1.0509891298710445,1.5884840785326337
35.0,11.0,4.0,5.0,5.0,26.0,4.0,0.5767185197951137,0.7163770196158935,0.6261654077187547,320.5966887520024,512.0,0.009261177720308378,0.003234279955448906,0.0060268977648594724,-0.7824945223572556,1.1831353156254376,1.9656298379826933
35.0,11.0,4.0,5.0,5.0,27.0,1.0,0.5767185197951137,0.7163770196158935,0.41583030938607873,53.22627960141808,128.0,0.005492671175056622,0.0025352422467231697,0.0029574289283334524,1.2385196042636377,1.0682443859087394,-0.17027521835489834
35.0,11.0,4.0,5.0,5.0,27.0,4.0,0.5767185197951137,0.7163770196158935,0.5596088777700948,286.51974541828855,512.0,0.007139234700878794,0.009896204847319297,-0.002756970146440503,1.1404452518620931,1.2001636173297257,0.05971836546763254
35.0,11.0,4.0,5.0,5.0,28.0,1.0,0.5767185197951137,0.7163770196158935,0.46672097694167003,59.740285048533764,128.0,0.010217368894393983,0.0032304879156808417,0.006986880978713142,-0.174509698525152,0.7152811218843801,0.8897908204095321
35.0,11.0,4.0,5.0,5.0,28.0,4.0,0.5767185197951137,0.7163770196158935,0.5375867529637736,275.24441751745206,512.0,0.007984748320199093,0.004207070499330888,0.003777677820868205,1.0106376731370668,1.7279981016642698,0.717360428527203
35.0,11.0,4.0,5.0,5.0,29.0,1.0,0.5767185197951137,0.7163770196158935,0.5801665212863083,74.26131472464746,128.0,0.005794684478158002,0.0056445789716880294,0.00015010550646997294,1.3746526811393727,1.359044944434726,-0.015607736704646769
35.0,11.0,4.0,5.0,5.0,29.0,4.0,0.5767185197951137,0.7163770196158935,0.596491517742896,305.40365708436275,512.0,0.004188921372285704,0.0048857147021398855,-0.0006967933298541815,2.897458786759969,3.834049795587083,0.9365910088271141
35.0,11.0,4.0,5.0,5.0,30.0,1.0,0.5767185197951137,0.7163770196158935,0.6849212395646261,87.66991866427215,128.0,0.02651646185416391,0.029866485244119115,-0.003350023389955204,-0.4319302695222506,0.02566318433336726,0.4575934538556179
35.0,11.0,4.0,5.0,5.0,30.0,4.0,0.5767185197951137,0.7163770196158935,0.6238288402174373,319.4003661913279,512.0,0.004671587717176075,0.007229112474016886,-0.0025575247568408108,2.3383446142696656,2.7697611183557544,0.4314165040860889
35.0,11.0,4.0,5.0,5.0,31.0,1.0,0.5767185197951137,0.7163770196158935,0.7061305585034887,90.38471148844656,128.0,0.008816425070569456,0.008932259509120102,-0.00011583443855064587,1.4999557868120097,1.5366751080900354,0.036719321278025685
35.0,11.0,4.0,5.0,5.0,31.0,4.0,0.5767185197951137,0.7163770196158935,0.6019434284193974,308.1950353507315,512.0,0.0017747473968808332,0.0034581838249746217,-0.0016834364280937885,1.8245671233501566,2.035156568106718,0.21058944475656127
35.0,11.0,4.0,5.0,5.0,32.0,1.0,0.5767185197951137,0.7163770196158935,0.5561333651239092,71.18507073586038,128.0,0.02484483451153783,0.023902913605531557,0.0009419209060062723,-1.707217270757675,-1.4493530951260427,0.2578641756316322
35.0,11.0,4.0,5.0,5.0,32.0,4.0,0.5767185197951137,0.7163770196158935,0.6583469794805339,337.07365349403335,512.0,0.007829858380572022,0.007462150706488015,0.00036770767408400747,0.9327799763631891,1.8228951541527856,0.8901151777895965
36.0,12.0,1.0,10.0,5.0,1.0,1.0,0.5774700004849331,0.7172246854421803,0.6390138200401042,81.79376896513334,128.0,0.01878282656793975,0.008354234790524283,0.010428591777415466,1.454928958041647,-1.6251071934249617,-3.080036151466609
36.0,12.0,1.0,10.0,5.0,1.0,4.0,0.5774700004849331,0.7172246854421803,0.5570402582793468,285.20461223902555,512.0,0.008531964486661974,0.005064435415730068,0.0034675290709319058,3.218178545988126,-0.2352494073108363,-3.453427953298962
36.0,12.0,1.0,10.0,5.0,2.0,1.0,0.5774700004849331,0.7172246854421803,0.5817458683633914,74.4634711505141,128.0,0.031005620390497528,0.01569901621347399,0.015306604177023536,7.029332924026654,-1.0951600833831854,-8.12449300740984
36.0,12.0,1.0,10.0,5.0,2.0,4.0,0.5774700004849331,0.7172246854421803,0.5803927263128446,297.1610758721764,512.0,0.006519553082567473,0.0066856029612208595,-0.00016604987865338674,4.058275803765223,0.7027548524475908,-3.3555209513176325
36.0,12.0,1.0,10.0,5.0,3.0,1.0,0.5774700004849331,0.7172246854421803,0.5902967707493588,75.55798665591793,128.0,0.017441178715803647,0.010034405714263533,0.007406773001540114,-0.5400050718302558,-2.8716430243282565,-2.3316379524980007
36.0,12.0,1.0,10.0,5.0,3.0,4.0,0.5774700004849331,0.7172246854421803,0.5316790855475847,272.21969180036336,512.0,0.006266397437942269,0.0041514090461910805,0.0021149883917511887,3.469619002611547,-0.18165890430062204,-3.6512779069121692
36.0,12.0,1.0,10.0,5.0,4.0,1.0,0.5774700004849331,0.7172246854421803,0.420953911547292,53.882100678053376,128.0,0.009663331599768074,0.013814952813303888,-0.0041516212135358135,-1.0060651417857382,-3.4300305141147307,-2.4239653723289925
36.0,12.0,1.0,10.0,5.0,4.0,4.0,0.5774700004849331,0.7172246854421803,0.5156843111593219,264.0303673135728,512.0,0.004421760475161467,0.003973943725454711,0.00044781674970675606,4.508291221003825,-0.4623598151995956,-4.970651036203421
36.0,12.0,1.0,10.0,5.0,5.0,1.0,0.5774700004849331,0.7172246854421803,0.5938917160946919,76.01813966012057,128.0,0.014426129560937124,0.007250023642745322,0.0071761059181918024,3.0390355117688026,0.34563874532009164,-2.693396766448711
36.0,12.0,1.0,10.0,5.0,5.0,4.0,0.5774700004849331,0.7172246854421803,0.6668155347559972,341.40955379507056,512.0,0.005462912974601546,0.006188599832974445,-0.0007256868583728994,6.263770798067184,2.716225778775799,-3.547545019291385
36.0,12.0,1.0,10.0,5.0,6.0,1.0,0.5774700004849331,0.7172246854421803,0.6313081089573078,80.8074379465354,128.0,0.0101757400989832,0.017254047101915443,-0.007078307002932244,1.54702730299311,-0.053176714680380856,-1.6002040176734909
36.0,12.0,1.0,10.0,5.0,6.0,4.0,0.5774700004849331,0.7172246854421803,0.5653821618826507,289.47566688391714,512.0,0.0018653810942449245,0.004376924958051798,-0.002511543863806874,1.8146857379020853,0.34310339114922506,-1.4715823467528604
36.0,12.0,1.0,10.0,5.0,7.0,1.0,0.5774700004849331,0.7172246854421803,0.6729239441676831,86.13426485346343,128.0,0.009156800646542385,0.0019742080370485447,0.007182592609493841,3.1594402658694687,0.8767748070223224,-2.2826654588471462
36.0,12.0,1.0,10.0,5.0,7.0,4.0,0.5774700004849331,0.7172246854421803,0.5672867984722492,290.4508408177916,512.0,0.0023725120426268667,0.002362879836492069,9.632206134797469e-06,4.603634345498893,1.3458467510145047,-3.2577875944843884
36.0,12.0,1.0,10.0,5.0,8.0,1.0,0.5774700004849331,0.7172246854421803,0.7539606236775502,96.50695983072643,128.0,0.014797416756455734,0.006917994632213591,0.007879422124242143,3.414466133587033,1.166199287201061,-2.248266846385972
36.0,12.0,1.0,10.0,5.0,8.0,4.0,0.5774700004849331,0.7172246854421803,0.6511169679429977,333.3718875868148,512.0,0.0022942129423609084,0.002692426108079101,-0.00039821316571819277,4.798828137014466,1.5043763741394636,-3.2944517628750023
36.0,12.0,1.0,10.0,5.0,9.0,1.0,0.5774700004849331,0.7172246854421803,0.6815144535998464,87.23385006078034,128.0,0.020777366794934683,0.010896937618572005,0.009880429176362678,2.8987852200890396,0.31388143653369327,-2.5849037835553466
36.0,12.0,1.0,10.0,5.0,9.0,4.0,0.5774700004849331,0.7172246854421803,0.5811709203632331,297.55951122597537,512.0,0.0031680319383929874,0.0026414990784121867,0.0005265328599808007,4.6131789705981445,1.2757383261000539,-3.3374406444980904
36.0,12.0,1.0,10.0,5.0,10.0,1.0,0.5774700004849331,0.7172246854421803,0.6707248178310796,85.85277668237819,128.0,0.01589988939308867,0.01865566423584495,-0.0027557748427562805,3.704831666194214,2.8514329479347906,-0.8533987182594234
36.0,12.0,1.0,10.0,5.0,10.0,4.0,0.5774700004849331,0.7172246854421803,0.6166968211883544,315.7487724484375,512.0,0.0037347967324671263,0.005852024044133774,-0.0021172273116666475,4.870959665247852,2.6058505318230725,-2.26510913342478
36.0,12.0,1.0,10.0,5.0,11.0,1.0,0.5774700004849331,0.7172246854421803,0.6613823023205208,84.65693469702666,128.0,0.03220223215543883,0.006048877287692029,0.0261533548677468,5.559269378195985,0.47935769154519586,-5.07991168665079
36.0,12.0,1.0,10.0,5.0,11.0,4.0,0.5774700004849331,0.7172246854421803,0.5999167396307465,307.15737069094223,512.0,0.010465903867515683,0.005458455517022709,0.005007448350492974,5.021679339548917,0.9522111128073601,-4.069468226741557
36.0,12.0,1.0,10.0,5.0,12.0,1.0,0.5774700004849331,0.7172246854421803,0.5327425803825756,68.19105028896968,128.0,0.004070009131595337,0.004700687126574076,-0.0006306779949787388,2.1126127711522047,1.0520869771196804,-1.0605257940325243
36.0,12.0,1.0,10.0,5.0,12.0,4.0,0.5774700004849331,0.7172246854421803,0.571339989213991,292.5260744775634,512.0,0.001610718731534521,0.004894771990990275,-0.003284053259455754,3.093654666973523,2.388597303609106,-0.7050573633644168
36.0,12.0,1.0,10.0,5.0,13.0,1.0,0.5774700004849331,0.7172246854421803,0.7212058736276522,92.31435182433948,128.0,0.01503074714932609,0.01392299254346693,0.0011077546058591604,3.105062857127074,-0.2895791647119932,-3.394642021839067
36.0,12.0,1.0,10.0,5.0,13.0,4.0,0.5774700004849331,0.7172246854421803,0.6179983051117245,316.41513221720294,512.0,0.0038828706880394298,0.007120251428489925,-0.0032373807404504954,6.226073736335501,1.9111762711863507,-4.3148974651491505
36.0,12.0,1.0,10.0,5.0,14.0,1.0,0.5774700004849331,0.7172246854421803,0.4371333627727636,55.95307043491374,128.0,0.00861605434774114,0.0115111213509468,-0.002895067003205661,2.7096642720280344,1.6830689606065143,-1.02659531142152
36.0,12.0,1.0,10.0,5.0,14.0,4.0,0.5774700004849331,0.7172246854421803,0.5370545175432762,274.9719129821574,512.0,0.005522583950913033,0.007728876135743452,-0.0022062921848304187,5.635668942997852,2.1336390985948834,-3.5020298444029687
36.0,12.0,1.0,10.0,5.0,15.0,1.0,0.5774700004849331,0.7172246854421803,0.5423012196173809,69.41455611102475,128.0,0.018188785428405064,0.017719812122379962,0.0004689733060251021,4.899483079234626,2.263803182983307,-2.635679896251319
36.0,12.0,1.0,10.0,5.0,15.0,4.0,0.5774700004849331,0.7172246854421803,0.5575426773797585,285.46185081843635,512.0,0.002435768587223324,0.004307557166180488,-0.001871788578957164,4.594287716936814,1.74738700318984,-2.846900713746974
36.0,12.0,1.0,10.0,5.0,16.0,1.0,0.5774700004849331,0.7172246854421803,0.7439568895044125,95.2264818565648,128.0,0.014243146883201694,0.010625388000383908,0.0036177588828177863,4.377008822541528,2.0986011745960447,-2.2784076479454836
36.0,12.0,1.0,10.0,5.0,16.0,4.0,0.5774700004849331,0.7172246854421803,0.5807319757013573,297.3347715590949,512.0,0.003717255528426778,0.004702526276843754,-0.0009852707484169759,3.272308107748508,1.3857435643968632,-1.886564543351645
36.0,12.0,1.0,10.0,5.0,17.0,1.0,0.5774700004849331,0.7172246854421803,0.7327966782878311,93.79797482084238,128.0,0.015477981138104531,0.015715505810130027,-0.0002375246720254954,7.44092315914527,3.340786083874023,-4.100137075271247
36.0,12.0,1.0,10.0,5.0,17.0,4.0,0.5774700004849331,0.7172246854421803,0.6331249421013864,324.1599703559098,512.0,0.004947320437886936,0.004509124513836119,0.0004381959240508165,5.784424555232332,1.2215800774836174,-4.5628444777487145
36.0,12.0,1.0,10.0,5.0,18.0,1.0,0.5774700004849331,0.7172246854421803,0.7151362489163156,91.53743986128839,128.0,0.0035649071175079786,0.002203832020721952,0.0013610750967860265,1.0187254089617952,0.20971368149933398,-0.8090117274624612
36.0,12.0,1.0,10.0,5.0,18.0,4.0,0.5774700004849331,0.7172246854421803,0.6393510953465733,327.34776081744553,512.0,0.006986493014135753,0.0025976526752196343,0.004388840338916119,3.4451109073804567,0.0965759078510436,-3.348534999529413
36.0,12.0,1.0,10.0,5.0,19.0,1.0,0.5774700004849331,0.7172246854421803,0.41127521428545893,52.643227428538744,128.0,0.01728504786135441,0.0070022787872611,0.010282769074093309,0.9647488098651682,-2.3862565802784412,-3.3510053901436097
36.0,12.0,1.0,10.0,5.0,19.0,4.0,0.5774700004849331,0.7172246854421803,0.5674784321947373,290.5489572837055,512.0,0.0023384600754616904,0.003748521386994475,-0.0014100613115327846,4.195550211835836,1.3943749829653036,-2.801175228870532
36.0,12.0,1.0,10.0,5.0,20.0,1.0,0.5774700004849331,0.7172246854421803,0.7266801720916228,93.01506202772772,128.0,0.007349052240697863,0.0054328936940349955,0.0019161585466628672,3.6577154506237806,1.7351245454408253,-1.9225909051829553
36.0,12.0,1.0,10.0,5.0,20.0,4.0,0.5774700004849331,0.7172246854421803,0.6690699581483984,342.56381857198,512.0,0.0026772928030005137,0.006630903709607387,-0.0039536109066068735,3.1833447682838227,-0.09987183000460194,-3.2832165982884245
36.0,12.0,1.0,10.0,5.0,21.0,1.0,0.5774700004849331,0.7172246854421803,0.5768586034510985,73.83790124174061,128.0,0.037584852059680776,0.031669227775595124,0.005915624284085652,2.487580815488965,-4.162405008976342,-6.649985824465308
36.0,12.0,1.0,10.0,5.0,21.0,4.0,0.5774700004849331,0.7172246854421803,0.5357813484361147,274.3200503992907,512.0,0.004753276256961319,0.00840608077218853,-0.0036528045152272107,4.183474548374576,0.9595408350009987,-3.2239337133735777
36.0,12.0,1.0,10.0,5.0,22.0,1.0,0.5774700004849331,0.7172246854421803,0.7137203535295706,91.35620525178504,128.0,0.01229119217888822,0.008309744829395458,0.003981447349492762,1.6789130885976615,0.4618655426530154,-1.2170475459446461
36.0,12.0,1.0,10.0,5.0,22.0,4.0,0.5774700004849331,0.7172246854421803,0.5960852245808164,305.195634985378,512.0,0.003131018866910366,0.005407915376999554,-0.002276896510089188,1.3952770200416449,-0.5462609258303799,-1.9415379458720248
36.0,12.0,1.0,10.0,5.0,23.0,1.0,0.5774700004849331,0.7172246854421803,0.35728626069162317,45.732641368527766,128.0,0.015579471220000075,0.016199981604127937,-0.0006205103841278627,1.3870294924089364,-1.833899120857154,-3.22092861326609
36.0,12.0,1.0,10.0,5.0,23.0,4.0,0.5774700004849331,0.7172246854421803,0.45423198452010394,232.56677607429322,512.0,0.0014555639436186116,0.004242253584653314,-0.0027866896410347025,2.8163419397984635,-0.1487841699330339,-2.9651261097314974
36.0,12.0,1.0,10.0,5.0,24.0,1.0,0.5774700004849331,0.7172246854421803,0.7759849868707057,99.32607831945033,128.0,0.017677543137652997,0.011099265633570096,0.006578277504082901,1.3717514411464973,2.2014162457801714,0.8296648046336741
36.0,12.0,1.0,10.0,5.0,24.0,4.0,0.5774700004849331,0.7172246854421803,0.6460977999627799,330.80207358094333,512.0,0.0036817559969520085,0.003409923682302877,0.00027183231464913147,3.728370714843747,1.0380967991865382,-2.6902739156572086
36.0,12.0,1.0,10.0,5.0,25.0,1.0,0.5774700004849331,0.7172246854421803,0.635517536099098,81.34624462068454,128.0,0.008400757741555439,0.013046383354020655,-0.004645625612465216,4.6346447709524705,2.6471280038461162,-1.9875167671063543
36.0,12.0,1.0,10.0,5.0,25.0,4.0,0.5774700004849331,0.7172246854421803,0.573704926065002,293.736922145281,512.0,0.0030454183891008256,0.005227830271589691,-0.0021824118824888654,2.897931413684429,1.3411102132631407,-1.5568212004212885
36.0,12.0,1.0,10.0,5.0,26.0,1.0,0.5774700004849331,0.7172246854421803,0.6733951015998337,86.19457300477872,128.0,0.006872946745211805,0.008662591033542643,-0.0017896442883308383,2.9602580289419684,1.3913410011094605,-1.568917027832508
36.0,12.0,1.0,10.0,5.0,26.0,4.0,0.5774700004849331,0.7172246854421803,0.591453230794505,302.82405416678654,512.0,0.0032195846072677887,0.003239952508845596,-2.036790157780707e-05,2.1969478364226593,0.14137738387492754,-2.0555704525477316
36.0,12.0,1.0,10.0,5.0,27.0,1.0,0.5774700004849331,0.7172246854421803,0.6141891175902258,78.6162070515489,128.0,0.009157780695821714,0.003967116976474056,0.005190663719347658,6.538769664335898,2.193979782783509,-4.344789881552389
36.0,12.0,1.0,10.0,5.0,27.0,4.0,0.5774700004849331,0.7172246854421803,0.6253072584049193,320.1573163033187,512.0,0.003206264222777306,0.003212330193546187,-6.0659707688810564e-06,5.065361128757959,1.1877830814425856,-3.8775780473153736
36.0,12.0,1.0,10.0,5.0,28.0,1.0,0.5774700004849331,0.7172246854421803,0.5271787328682535,67.47887780713644,128.0,0.012296778843563992,0.00428729489063582,0.008009483952928172,-1.2068427137453175,-1.259118651664062,-0.05227593791874452
36.0,12.0,1.0,10.0,5.0,28.0,4.0,0.5774700004849331,0.7172246854421803,0.5105332875992372,261.39304325080946,512.0,0.006690594599347707,0.006537469778005557,0.00015312482134214982,-0.30285601906301335,-1.4345325322436102,-1.1316765131805968
36.0,12.0,1.0,10.0,5.0,29.0,1.0,0.5774700004849331,0.7172246854421803,0.5946348181860925,76.11325672781985,128.0,0.010366415134224658,0.012113847006036235,-0.0017474318718115767,3.11499962617344,0.22643441493423636,-2.8885652112392033
36.0,12.0,1.0,10.0,5.0,29.0,4.0,0.5774700004849331,0.7172246854421803,0.5542271934082954,283.76432302504725,512.0,0.003660617939346541,0.0064367889237538925,-0.0027761709844073513,4.924834465104105,2.0341074410217486,-2.8907270240823566
36.0,12.0,1.0,10.0,5.0,30.0,1.0,0.5774700004849331,0.7172246854421803,0.5448107847470832,69.73578044762665,128.0,0.020184355087344452,0.016732194698305246,0.0034521603890392064,2.0732001335386867,-0.7729290381223813,-2.846129171661068
36.0,12.0,1.0,10.0,5.0,30.0,4.0,0.5774700004849331,0.7172246854421803,0.6505448177043682,333.07894666463653,512.0,0.0024694098603393164,0.0033801131442417354,-0.0009107032839024191,2.939499391585177,0.7829215100581105,-2.1565778815270664
36.0,12.0,1.0,10.0,5.0,31.0,1.0,0.5774700004849331,0.7172246854421803,0.6207537975416542,79.45648608533173,128.0,0.00791956794046372,0.011170993199425201,-0.0032514252589614812,4.98821125385695,1.6005156238652265,-3.3876956299917236
36.0,12.0,1.0,10.0,5.0,31.0,4.0,0.5774700004849331,0.7172246854421803,0.6522868732380637,333.9708790978886,512.0,0.0050531622318790055,0.0037688200674259324,0.001284342164453073,5.860019782479164,1.8650543049157924,-3.994965477563372
36.0,12.0,1.0,10.0,5.0,32.0,1.0,0.5774700004849331,0.7172246854421803,0.4849180803848794,62.06951428926456,128.0,0.007919326795004462,0.004286427760251827,0.003632899034752635,2.819017486377485,0.8395247659191098,-1.9794927204583752
36.0,12.0,1.0,10.0,5.0,32.0,4.0,0.5774700004849331,0.7172246854421803,0.5572799620024704,285.32734054526486,512.0,0.002376394165156828,0.006367201338236135,-0.003990807173079307,3.7311478517003245,2.510921633869326,-1.2202262178309984
37.0,14.0,4.0,11.0,5.0,1.0,1.0,0.5816793723187971,0.3358111312274625,0.6085570568560246,77.89530327757114,128.0,0.020881662190945848,0.008488375213405893,0.012393286977539955,2.2233805640565936,1.623662029518557,-0.5997185345380365
37.0,14.0,4.0,11.0,5.0,1.0,4.0,0.5816793723187971,0.3358111312274625,0.6365447825821327,325.9109286820519,512.0,0.004158903301000881,0.0036412605998776535,0.0005176427011232272,4.718940472522647,2.796646232285465,-1.9222942402371817
37.0,14.0,4.0,11.0,5.0,2.0,1.0,0.5816793723187971,0.3358111312274625,0.589148514625172,75.41100987202202,128.0,0.021503416856160664,0.011678886785727443,0.009824530070433221,-0.5943705712786354,0.4653530263342341,1.0597235976128694
37.0,14.0,4.0,11.0,5.0,2.0,4.0,0.5816793723187971,0.3358111312274625,0.5998953683976357,307.14642861958947,512.0,0.0034500165928431728,0.0040159205291613225,-0.0005659039363181497,3.656458703486195,3.6165147516179124,-0.03994395186828248
37.0,14.0,4.0,11.0,5.0,3.0,1.0,0.5816793723187971,0.3358111312274625,0.633963780460923,81.14736389899815,128.0,0.02108133403158697,0.02121382162961404,-0.00013248759802706941,3.49533330568069,2.403311182587382,-1.092022123093308
37.0,14.0,4.0,11.0,5.0,3.0,4.0,0.5816793723187971,0.3358111312274625,0.5491516419795952,281.16564069355275,512.0,0.0046920404337890236,0.005940069184925781,-0.0012480287511367578,4.59820181356834,2.7967808896095563,-1.801420923958784
37.0,14.0,4.0,11.0,5.0,4.0,1.0,0.5816793723187971,0.3358111312274625,0.6660199178507227,85.2505494848925,128.0,0.010953932128854184,0.006118136074060013,0.004835796054794171,3.570221672118734,0.4690359722450409,-3.1011856998736933
37.0,14.0,4.0,11.0,5.0,4.0,4.0,0.5816793723187971,0.3358111312274625,0.6486262711469772,332.09665082725235,512.0,0.011016414119504717,0.006248991089280776,0.004767423030223941,3.8342720747828913,3.2696862961951543,-0.5645857785877371
37.0,14.0,4.0,11.0,5.0,5.0,1.0,0.5816793723187971,0.3358111312274625,0.6860149671957869,87.80991580106073,128.0,0.02317166783695948,0.02535540352185779,-0.002183735684898311,0.25273544168605416,0.8038173425271415,0.5510819008410874
37.0,14.0,4.0,11.0,5.0,5.0,4.0,0.5816793723187971,0.3358111312274625,0.6602181552313551,338.0316954784538,512.0,0.004003802288631368,0.006191155928877465,-0.002187353640246097,4.769102385182482,2.6594673680588596,-2.109635017123622
37.0,14.0,4.0,11.0,5.0,6.0,1.0,0.5816793723187971,0.3358111312274625,0.7224398284492605,92.47229804150534,128.0,0.012982915953379602,0.013813844790380935,-0.0008309288370013327,3.1360753378776463,1.7386172671800015,-1.3974580706976447
37.0,14.0,4.0,11.0,5.0,6.0,4.0,0.5816793723187971,0.3358111312274625,0.6114773957949682,313.0764266470237,512.0,0.005674703744538373,0.0060362920622717905,-0.0003615883177334172,3.834567220059204,3.017165328000082,-0.817401892059122
37.0,14.0,4.0,11.0,5.0,7.0,1.0,0.5816793723187971,0.3358111312274625,0.5750061989741553,73.60079346869188,128.0,0.012893236356719236,0.0070429605248798245,0.005850275831839412,3.53672992508535,1.3158590276669193,-2.220870897418431
37.0,14.0,4.0,11.0,5.0,7.0,4.0,0.5816793723187971,0.3358111312274625,0.5236732605935038,268.12070942387396,512.0,0.005629415384280945,0.0067132461498333905,-0.0010838307655524453,4.981468545111576,3.328269763774662,-1.653198781336914
37.0,14.0,4.0,11.0,5.0,8.0,1.0,0.5816793723187971,0.3358111312274625,0.6007332614338601,76.89385746353409,128.0,0.034411156016021335,0.0362900766340177,-0.0018789206179963616,3.289762566051897,1.42275623918185,-1.867006326870047
37.0,14.0,4.0,11.0,5.0,8.0,4.0,0.5816793723187971,0.3358111312274625,0.5999500616543186,307.17443156701114,512.0,0.00515286077483743,0.00830790280742031,-0.0031550420325828802,4.465575093013205,3.309998382498006,-1.1555767105151995
37.0,14.0,4.0,11.0,5.0,9.0,1.0,0.5816793723187971,0.3358111312274625,0.7235559231454747,92.61515816262076,128.0,0.06047417375962712,0.06949475401486215,-0.009020580255235028,1.3736439153629463,-0.4304622421722994,-1.8041061575352457
37.0,14.0,4.0,11.0,5.0,9.0,4.0,0.5816793723187971,0.3358111312274625,0.5553180544968288,284.32284390237635,512.0,0.011874174345215,0.016902002315724394,-0.005027827970509394,3.654254640101703,2.934631184436632,-0.7196234556650709
37.0,14.0,4.0,11.0,5.0,10.0,1.0,0.5816793723187971,0.3358111312274625,0.7099859066402832,90.87819604995624,128.0,0.014688276563693084,0.01545426454906273,-0.0007659879853696462,1.489228341618696,0.7221061944866165,-0.7671221471320795
37.0,14.0,4.0,11.0,5.0,10.0,4.0,0.5816793723187971,0.3358111312274625,0.5979592513521031,306.1551366922768,512.0,0.00902105475384927,0.013710353237014541,-0.004689298483165271,4.621957079645012,3.6299014673336094,-0.9920556123114022
37.0,14.0,4.0,11.0,5.0,11.0,1.0,0.5816793723187971,0.3358111312274625,0.5278370610316439,67.56314381205041,128.0,0.015200552753463218,0.021292395096003912,-0.006091842342540694,2.605014662845034,-0.12573927247403002,-2.730753935319064
37.0,14.0,4.0,11.0,5.0,11.0,4.0,0.5816793723187971,0.3358111312274625,0.5965520359950534,305.4346424294673,512.0,0.0032385741959175293,0.004496421495061586,-0.0012578472991440566,3.1080637884272697,2.5815853102367963,-0.5264784781904734
37.0,14.0,4.0,11.0,5.0,12.0,1.0,0.5816793723187971,0.3358111312274625,0.6448416900420388,82.53973632538097,128.0,0.029117026932765806,0.027640833473538896,0.0014761934592269106,0.9787996398040973,0.1573798495531202,-0.8214197902509771
37.0,14.0,4.0,11.0,5.0,12.0,4.0,0.5816793723187971,0.3358111312274625,0.5683949074683826,291.0181926238119,512.0,0.0032089562119316196,0.005393127054588524,-0.0021841708426569044,5.380441376787796,2.759905711741569,-2.620535665046227
37.0,14.0,4.0,11.0,5.0,13.0,1.0,0.5816793723187971,0.3358111312274625,0.6222366434789206,79.64629036530184,128.0,0.00877802813404532,0.009961759442147805,-0.0011837313081024849,2.722454159151452,2.7645727759361227,0.04211861678467077
37.0,14.0,4.0,11.0,5.0,13.0,4.0,0.5816793723187971,0.3358111312274625,0.6457536424068395,330.62586491230184,512.0,0.004251757372058247,0.005239391530765387,-0.0009876341587071397,3.5038131978094156,2.501710457932205,-1.0021027398772104
37.0,14.0,4.0,11.0,5.0,14.0,1.0,0.5816793723187971,0.3358111312274625,0.609844982299576,78.06015773434572,128.0,0.04176992455920553,0.05143427049534661,-0.009664345936141079,-3.237749887413801,-4.527317825262675,-1.289567937848874
37.0,14.0,4.0,11.0,5.0,14.0,4.0,0.5816793723187971,0.3358111312274625,0.6265921759942746,320.8151941090686,512.0,0.013480707572302648,0.019499266203711674,-0.006018558631409026,3.4599114564373012,1.07490693086915,-2.385004525568151
37.0,14.0,4.0,11.0,5.0,15.0,1.0,0.5816793723187971,0.3358111312274625,0.7163566749632865,91.69365439530067,128.0,0.02060121228986981,0.020297238617984603,0.00030397367188520624,3.3441089107550828,3.52675985624976,0.18265094549467742
37.0,14.0,4.0,11.0,5.0,15.0,4.0,0.5816793723187971,0.3358111312274625,0.6669288929685881,341.46759319991713,512.0,0.0049274051305425864,0.007351835219982183,-0.0024244300894395963,4.899264277466087,3.8543789765960317,-1.0448853008700554
37.0,14.0,4.0,11.0,5.0,16.0,1.0,0.5816793723187971,0.3358111312274625,0.7410664553043784,94.85650627896044,128.0,0.016861020688912855,0.010930082192313851,0.005930938496599003,2.2572420112080605,0.6244523914481414,-1.6327896197599192
37.0,14.0,4.0,11.0,5.0,16.0,4.0,0.5816793723187971,0.3358111312274625,0.6279348364477945,321.50263626127077,512.0,0.0059877239302528066,0.005312106269646953,0.0006756176606058538,2.8118550987934823,3.0914849401648112,0.27962984137132896
37.0,14.0,4.0,11.0,5.0,17.0,1.0,0.5816793723187971,0.3358111312274625,0.3347286273035502,42.845264294854424,128.0,0.060943360857440676,0.06963827770118389,-0.008694916843743211,-0.9365598278296088,-3.271680522134348,-2.3351206943047393
37.0,14.0,4.0,11.0,5.0,17.0,4.0,0.5816793723187971,0.3358111312274625,0.4817998127134955,246.68150410930969,512.0,0.00825632534960236,0.014182369367239479,-0.005926044017637119,4.673825892225551,2.9641132868881894,-1.7097126053373617
37.0,14.0,4.0,11.0,5.0,18.0,1.0,0.5816793723187971,0.3358111312274625,0.5442477754020066,69.66371525145685,128.0,0.008679389043797944,0.007982221173361306,0.000697167870436638,2.669512889944761,1.1217616658595868,-1.5477512240851743
37.0,14.0,4.0,11.0,5.0,18.0,4.0,0.5816793723187971,0.3358111312274625,0.5781102186974215,295.9924319730798,512.0,0.003738667737522204,0.006771792348427687,-0.003033124610905483,4.89208087558119,3.086637689305899,-1.8054431862752907
37.0,14.0,4.0,11.0,5.0,19.0,1.0,0.5816793723187971,0.3358111312274625,0.6435689060695112,82.37681997689744,128.0,0.04094738576524966,0.04484134208019374,-0.0038939563149440817,-2.482036029532899,-1.6297751413122952,0.852260888220604
37.0,14.0,4.0,11.0,5.0,19.0,4.0,0.5816793723187971,0.3358111312274625,0.5909931895129114,302.5885130306106,512.0,0.004076033645292569,0.008058239145256323,-0.0039822054999637535,4.142523541543669,2.8625909503152664,-1.2799325912284027
37.0,14.0,4.0,11.0,5.0,20.0,1.0,0.5816793723187971,0.3358111312274625,0.5102994099275345,65.31832447072442,128.0,0.019440292803058944,0.00935404089711706,0.010086251905941883,3.7959842379193094,1.0972022441176483,-2.698781993801661
37.0,14.0,4.0,11.0,5.0,20.0,4.0,0.5816793723187971,0.3358111312274625,0.556011455845002,284.677865392641,512.0,0.002752003287080632,0.004040787646281205,-0.0012887843592005732,2.997977185158967,1.946675755169268,-1.051301429989699
37.0,14.0,4.0,11.0,5.0,21.0,1.0,0.5816793723187971,0.3358111312274625,0.5379963136432918,68.86352814634135,128.0,0.009570058514152085,0.004346075811010962,0.005223982703141123,2.7322953507004146,0.5045313551271694,-2.227763995573245
37.0,14.0,4.0,11.0,5.0,21.0,4.0,0.5816793723187971,0.3358111312274625,0.6033997684969417,308.94068147043413,512.0,0.00459053729706538,0.005146271234748168,-0.0005557339376827883,4.921211953554067,2.4036464489974416,-2.5175655045566256
37.0,14.0,4.0,11.0,5.0,22.0,1.0,0.5816793723187971,0.3358111312274625,0.7251588824188648,92.8203369496147,128.0,0.03722536259446094,0.01631609147767432,0.020909271116786615,4.7765168193654315,3.0671343319576185,-1.709382487407813
37.0,14.0,4.0,11.0,5.0,22.0,4.0,0.5816793723187971,0.3358111312274625,0.6547517824447008,335.2329126116868,512.0,0.005627236560309794,0.0039269179338562495,0.0017003186264535446,3.750016024654135,3.0146195302382695,-0.7353964944158657
37.0,14.0,4.0,11.0,5.0,23.0,1.0,0.5816793723187971,0.3358111312274625,0.5927624141594884,75.87358901241451,128.0,0.02789978003486404,0.040228455206778466,-0.012328675171914424,3.069723722941057,1.7385869984391984,-1.3311367245018586
37.0,14.0,4.0,11.0,5.0,23.0,4.0,0.5816793723187971,0.3358111312274625,0.6172762606158785,316.0454454353298,512.0,0.004522694782714023,0.008926797680061816,-0.004404102897347793,3.443340733789273,1.5736094730107455,-1.8697312607785275
37.0,14.0,4.0,11.0,5.0,24.0,1.0,0.5816793723187971,0.3358111312274625,0.4763201005267554,60.96897286742469,128.0,0.004613548687896779,0.004613548687896779,0.0,0.0,0.0,0.0
37.0,14.0,4.0,11.0,5.0,24.0,4.0,0.5816793723187971,0.3358111312274625,0.5448796884929145,278.9784005083722,512.0,0.0036377625498395204,0.005740461909949671,-0.0021026993601101504,3.7978033823092177,2.2955297690668677,-1.50227361324235
37.0,14.0,4.0,11.0,5.0,25.0,1.0,0.5816793723187971,0.3358111312274625,0.6132377699505995,78.49443455367674,128.0,0.0324619972478023,0.04539321437554968,-0.012931217127747384,1.2866206731402225,-0.688404783195073,-1.9750254563352956
37.0,14.0,4.0,11.0,5.0,25.0,4.0,0.5816793723187971,0.3358111312274625,0.5875253062163078,300.8129567827496,512.0,0.0030969325080954634,0.004728578921849627,-0.0016316464137541634,4.360904208207059,2.6314126909390323,-1.729491517268027
37.0,14.0,4.0,11.0,5.0,26.0,1.0,0.5816793723187971,0.3358111312274625,0.6475101100840501,82.88129409075842,128.0,0.023090099285045323,0.0076009773626557215,0.015489121922389602,3.4550509527675186,1.2114720442715978,-2.2435789084959206
37.0,14.0,4.0,11.0,5.0,26.0,4.0,0.5816793723187971,0.3358111312274625,0.6423906949833389,328.9040358314695,512.0,0.005477814070867898,0.004407019279646299,0.0010707947912215986,3.545326210948761,2.7869632301824185,-0.7583629807663423
37.0,14.0,4.0,11.0,5.0,27.0,1.0,0.5816793723187971,0.3358111312274625,0.6097708713399825,78.05067153151776,128.0,0.018505570691359413,0.008515730949994638,0.009989839741364775,2.963871295617489,1.808403654281974,-1.155467641335515
37.0,14.0,4.0,11.0,5.0,27.0,4.0,0.5816793723187971,0.3358111312274625,0.6211327392218544,318.01996248158946,512.0,0.004428889069524023,0.004718983419025382,-0.0002900943495013587,5.188115806937965,3.6457334089058095,-1.5423823980321556
37.0,14.0,4.0,11.0,5.0,28.0,1.0,0.5816793723187971,0.3358111312274625,0.6457009836064705,82.64972590162823,128.0,0.02378370380909587,0.008805188515143947,0.014978515293951923,-0.8939635559635684,0.18482525661239696,1.0787888125759653
37.0,14.0,4.0,11.0,5.0,28.0,4.0,0.5816793723187971,0.3358111312274625,0.6432398622347153,329.33880946417423,512.0,0.0034695441498656643,0.005593110136412994,-0.0021235659865473295,3.523786607429336,2.1041381061560447,-1.4196485012732913
37.0,14.0,4.0,11.0,5.0,29.0,1.0,0.5816793723187971,0.3358111312274625,0.7348047979511959,94.05501413775308,128.0,0.031497106887003336,0.02944969667099042,0.0020474102160129154,3.251355537679871,2.1574885679079667,-1.0938669697719043
37.0,14.0,4.0,11.0,5.0,29.0,4.0,0.5816793723187971,0.3358111312274625,0.6591112576004444,337.46496389142754,512.0,0.004038496173463651,0.00912256114752269,-0.005084064974059038,5.21652843718958,3.1229379323493487,-2.0935905048402312
37.0,14.0,4.0,11.0,5.0,30.0,1.0,0.5816793723187971,0.3358111312274625,0.570221674140041,72.98837428992525,128.0,0.01362761799781239,0.02169866182483511,-0.008071043827022721,3.5776471135376746,-0.5018334389696631,-4.079480552507338
37.0,14.0,4.0,11.0,5.0,30.0,4.0,0.5816793723187971,0.3358111312274625,0.6366764953324191,325.9783656101986,512.0,0.005617567700398859,0.006544939543207244,-0.0009273718428083853,6.6418897175798755,3.6702562324081986,-2.971633485171677
37.0,14.0,4.0,11.0,5.0,31.0,1.0,0.5816793723187971,0.3358111312274625,0.463412191693464,59.31676053676339,128.0,0.020235354314403636,0.020505672631549336,-0.0002703183171457006,3.2154511400064023,3.5341968037899485,0.3187456637835462
37.0,14.0,4.0,11.0,5.0,31.0,4.0,0.5816793723187971,0.3358111312274625,0.5676300656032152,290.62659358884616,512.0,0.007048292288138136,0.005905286508138966,0.0011430057799991702,4.922461013928271,3.6320763533463727,-1.2903846605818985
37.0,14.0,4.0,11.0,5.0,32.0,1.0,0.5816793723187971,0.3358111312274625,0.5821853766289298,74.51972820850301,128.0,0.02177523483134796,0.02303666594194309,-0.0012614311105951306,1.037236985524898,0.8513908480834284,-0.1858461374414696
37.0,14.0,4.0,11.0,5.0,32.0,4.0,0.5816793723187971,0.3358111312274625,0.6197778838451607,317.3262765287223,512.0,0.0034744338147779464,0.006778183899597374,-0.003303750084819428,3.7591856969951762,2.8167517238397415,-0.9424339731554348
38.0,16.0,3.0,13.0,5.0,1.0,1.0,0.4625412519766238,0.27822544507805863,0.5509779844959725,70.52518201548448,128.0,0.019595071133454815,0.012788812843943238,0.006806258289511577,5.587981420237253,2.7574296309528483,-2.8305517892844048
38.0,16.0,3.0,13.0,5.0,1.0,4.0,0.4625412519766238,0.27822544507805863,0.5765014502032675,295.16874250407295,512.0,0.007066007880619035,0.0053616521699221525,0.0017043557106968827,7.50424780941134,2.842443399573259,-4.661804409838081
38.0,16.0,3.0,13.0,5.0,2.0,1.0,0.4625412519766238,0.27822544507805863,0.48127442938518156,61.60312696130324,128.0,0.08923654759210645,0.1110530017769136,-0.021816454184807155,-3.7222144429707127,-8.374290387091296,-4.6520759441205835
38.0,16.0,3.0,13.0,5.0,2.0,4.0,0.4625412519766238,0.27822544507805863,0.49051882753072873,251.1456396957331,512.0,0.009929071791488046,0.01687356300993924,-0.006944491218451195,4.697000677827561,0.4266755436124188,-4.270325134215143
38.0,16.0,3.0,13.0,5.0,3.0,1.0,0.4625412519766238,0.27822544507805863,0.3545996930697571,45.38876071292891,128.0,0.019209715618163647,0.01649752063447501,0.0027121949836886386,0.8589159397589419,0.31643360103622403,-0.5424823387227178
38.0,16.0,3.0,13.0,5.0,3.0,4.0,0.4625412519766238,0.27822544507805863,0.41899487434332433,214.52537566378206,512.0,0.004148326967508645,0.0054732040180183105,-0.0013248770505096654,5.071803482349069,3.0501894306705286,-2.0216140516785406
38.0,16.0,3.0,13.0,5.0,4.0,1.0,0.4625412519766238,0.27822544507805863,0.43920807306671117,56.21863335253903,128.0,0.009762551627892715,0.006649300180579874,0.0031132514473128405,5.299230879923549,2.660085982597271,-2.6391448973262777
38.0,16.0,3.0,13.0,5.0,4.0,4.0,0.4625412519766238,0.27822544507805863,0.618681304177723,316.7648277389942,512.0,0.004035246036138113,0.008247639288251618,-0.0042123932521135055,4.651481655691361,2.1197944188150304,-2.531687236876331
38.0,16.0,3.0,13.0,5.0,5.0,1.0,0.4625412519766238,0.27822544507805863,0.5486605210848139,70.22854669885618,128.0,0.03020836037117741,0.020642948719117656,0.009565411652059753,0.9057029796696813,0.586236753645827,-0.3194662260238543
38.0,16.0,3.0,13.0,5.0,5.0,4.0,0.4625412519766238,0.27822544507805863,0.5940619238878623,304.1597050305855,512.0,0.00253978185681764,0.005792480539566808,-0.003252698682749168,5.816635046184199,2.4394578819230825,-3.377177164261117
38.0,16.0,3.0,13.0,5.0,6.0,1.0,0.4625412519766238,0.27822544507805863,0.451170105401975,57.7497734914528,128.0,0.010855073103824634,0.008419779724514662,0.002435293379309972,2.6810570362006887,-1.1113220865031856,-3.792379122703874
38.0,16.0,3.0,13.0,5.0,6.0,4.0,0.4625412519766238,0.27822544507805863,0.5335727175048947,273.18923136250606,512.0,0.0045190211566791,0.009747640512406251,-0.005228619355727151,3.3006570471209673,0.39954956809396414,-2.901107479027003
38.0,16.0,3.0,13.0,5.0,7.0,1.0,0.4625412519766238,0.27822544507805863,0.5458930639288156,69.8743121828884,128.0,0.009077999705726097,0.006019327099386113,0.0030586726063399844,6.100777591690929,-0.21692633888575302,-6.317703930576682
38.0,16.0,3.0,13.0,5.0,7.0,4.0,0.4625412519766238,0.27822544507805863,0.582800129182938,298.39366614166426,512.0,0.005375965827710336,0.0067975612819233845,-0.0014215954542130486,6.227325520580748,1.6035957382064074,-4.62372978237434
38.0,16.0,3.0,13.0,5.0,8.0,1.0,0.4625412519766238,0.27822544507805863,0.22391657910629176,28.661322125605345,128.0,0.03516515765677346,0.013909143397437328,0.02125601425933613,2.3216689821429175,-0.9851668040454102,-3.3068357861883277
38.0,16.0,3.0,13.0,5.0,8.0,4.0,0.4625412519766238,0.27822544507805863,0.30536815955759994,156.34849769349117,512.0,0.00598875215932604,0.009158352114901437,-0.003169599955575397,2.074496730066239,-0.5546877967812776,-2.6291845268475162
38.0,16.0,3.0,13.0,5.0,9.0,1.0,0.4625412519766238,0.27822544507805863,0.35127205371366244,44.96282287534879,128.0,0.009527566960135674,0.011195419027055654,-0.0016678520669199809,0.918911818386553,-1.35493060245371,-2.2738424208402632
38.0,16.0,3.0,13.0,5.0,9.0,4.0,0.4625412519766238,0.27822544507805863,0.42670713446054503,218.47405284379906,512.0,0.006254616745391633,0.008109246494429108,-0.0018546297490374744,2.5669902338958077,-0.4097381414317402,-2.9767283753275477
38.0,16.0,3.0,13.0,5.0,10.0,1.0,0.4625412519766238,0.27822544507805863,0.3426784362581504,43.862839841043254,128.0,0.01133490320993049,0.010078719866707237,0.001256183343223253,4.36442676497514,3.5520069834492025,-0.8124197815259375
38.0,16.0,3.0,13.0,5.0,10.0,4.0,0.4625412519766238,0.27822544507805863,0.4929830733932267,252.40733357733208,512.0,0.0026592821003230517,0.006129912647908677,-0.003470630547585625,4.108209870484749,2.1018485710825643,-2.0063612994021844
38.0,16.0,3.0,13.0,5.0,11.0,1.0,0.4625412519766238,0.27822544507805863,0.6343937747504594,81.20240316805881,128.0,0.012080053959767556,0.0157724118715006,-0.0036923579117330452,0.5408160567541048,-1.3211614285867794,-1.8619774853408844
38.0,16.0,3.0,13.0,5.0,11.0,4.0,0.4625412519766238,0.27822544507805863,0.49250846740726173,252.164335312518,512.0,0.0032178181515223284,0.006518901658455828,-0.0033010835069334993,3.2913890260749885,1.8416959105423478,-1.4496931155326407
38.0,16.0,3.0,13.0,5.0,12.0,1.0,0.4625412519766238,0.27822544507805863,0.5834949239351493,74.68735026369912,128.0,0.026783877658901313,0.02272743971629166,0.004056437942609653,-0.08377084381981661,-2.1060044441582755,-2.022233600338459
38.0,16.0,3.0,13.0,5.0,12.0,4.0,0.4625412519766238,0.27822544507805863,0.532136678364766,272.4539793227602,512.0,0.00803221701436934,0.006569268404840355,0.001462948609528985,4.445659469563992,1.0182821473480845,-3.4273773222159076
38.0,16.0,3.0,13.0,5.0,13.0,1.0,0.4625412519766238,0.27822544507805863,0.5797480997616928,74.20775676949668,128.0,0.014360228039574775,0.007874152914458171,0.006486075125116604,3.7496799780434023,1.7891939671717254,-1.9604860108716768
38.0,16.0,3.0,13.0,5.0,13.0,4.0,0.4625412519766238,0.27822544507805863,0.5891486831756629,301.6441257859394,512.0,0.004441370147576924,0.0048957939858585995,-0.00045442383828167565,6.241937485774647,3.5074292023161173,-2.73450828345853
38.0,16.0,3.0,13.0,5.0,14.0,1.0,0.4625412519766238,0.27822544507805863,0.6092298559736747,77.98142156463037,128.0,0.08806351092237627,0.0886699090192768,-0.0006063980969005234,-6.2465113304536874,-6.1988759451090285,0.04763538534465894
38.0,16.0,3.0,13.0,5.0,14.0,4.0,0.4625412519766238,0.27822544507805863,0.4816213690927099,246.59014097546748,512.0,0.05128766193849545,0.06430449809412432,-0.013016836155628868,-1.1794860977907617,-3.2075254570713505,-2.028039359280589
38.0,16.0,3.0,13.0,5.0,15.0,1.0,0.4625412519766238,0.27822544507805863,0.40746802485327654,52.1559071812194,128.0,0.008585468191598103,0.004326366902569021,0.004259101289029081,4.604309994945521,0.9191778509267504,-3.685132144018771
38.0,16.0,3.0,13.0,5.0,15.0,4.0,0.4625412519766238,0.27822544507805863,0.50325168402024,257.6648622183629,512.0,0.00411686471589446,0.0061775343208849386,-0.002060669604990479,3.174757926141763,1.7200198187128641,-1.4547381074288988
38.0,16.0,3.0,13.0,5.0,16.0,1.0,0.4625412519766238,0.27822544507805863,0.5046380207787862,64.59366665968463,128.0,0.013675286962169922,0.01661727457199134,-0.002941987609821419,3.7381313101275437,0.3056540743271196,-3.432477235800424
38.0,16.0,3.0,13.0,5.0,16.0,4.0,0.4625412519766238,0.27822544507805863,0.4957687319327456,253.83359074956576,512.0,0.006671194317439401,0.010908528325184283,-0.004237334007744882,6.381114747511953,1.434849474099682,-4.946265273412271
38.0,16.0,3.0,13.0,5.0,17.0,1.0,0.4625412519766238,0.27822544507805863,0.5169496193155898,66.1695512723955,128.0,0.03560755381690606,0.04218441748387047,-0.0065768636669644165,-3.591912189269392,-4.789438687237616,-1.1975264979682239
38.0,16.0,3.0,13.0,5.0,17.0,4.0,0.4625412519766238,0.27822544507805863,0.5029323265006028,257.50135116830864,512.0,0.0028642458648315324,0.007334350676666045,-0.004470104811834513,5.166434298984785,1.2510917234697319,-3.9153425755150533
38.0,16.0,3.0,13.0,5.0,18.0,1.0,0.4625412519766238,0.27822544507805863,0.6928394255577901,88.68344647139713,128.0,0.01961229772825241,0.00841727660202643,0.01119502112622598,7.9958976138578235,0.4040383115656798,-7.591859302292144
38.0,16.0,3.0,13.0,5.0,18.0,4.0,0.4625412519766238,0.27822544507805863,0.4996885406922732,255.84053283444388,512.0,0.005064090735824356,0.007812626858093167,-0.0027485361222688116,6.5657779667127,1.6655723471027313,-4.900205619609968
38.0,16.0,3.0,13.0,5.0,19.0,1.0,0.4625412519766238,0.27822544507805863,0.3672753081532724,47.01123944361887,128.0,0.015559322288083436,0.009986322338231636,0.0055729999498518,3.305738579557871,1.4321439563288936,-1.8735946232289773
38.0,16.0,3.0,13.0,5.0,19.0,4.0,0.4625412519766238,0.27822544507805863,0.5065049037994345,259.33051074531045,512.0,0.003985944966765926,0.005326905654064068,-0.0013409606872981424,4.8521272848631405,2.6932386619324533,-2.158888622930687
38.0,16.0,3.0,13.0,5.0,20.0,1.0,0.4625412519766238,0.27822544507805863,0.27567764838875064,35.28673899376008,128.0,0.012318349073161587,0.013478984405040367,-0.0011606353318787798,4.0302049694636475,2.3028659918790746,-1.7273389775845729
38.0,16.0,3.0,13.0,5.0,20.0,4.0,0.4625412519766238,0.27822544507805863,0.3982164279286627,203.8868110994753,512.0,0.008780269624901572,0.017244314041938814,-0.008464044417037242,8.075607388438558,2.7126484138959777,-5.36295897454258
38.0,16.0,3.0,13.0,5.0,21.0,1.0,0.4625412519766238,0.27822544507805863,0.6183429221402637,79.14789403395375,128.0,0.018722470458614582,0.01384256441927565,0.004879906039338931,8.109361322924498,2.9218460492441016,-5.187515273680396
38.0,16.0,3.0,13.0,5.0,21.0,4.0,0.4625412519766238,0.27822544507805863,0.36254695856018426,185.62404278281434,512.0,0.0029035977125199436,0.009685988869226746,-0.0067823911567068025,5.6049159101848485,2.043414769314608,-3.5615011408702406
38.0,16.0,3.0,13.0,5.0,22.0,1.0,0.4625412519766238,0.27822544507805863,0.6727927727651222,86.11747491393564,128.0,0.02957743144040304,0.01699307206406812,0.012584359376334921,7.259693407315261,3.4014668422148504,-3.8582265651004106
38.0,16.0,3.0,13.0,5.0,22.0,4.0,0.4625412519766238,0.27822544507805863,0.5476645210029878,280.40423475352975,512.0,0.003494175672369984,0.00835118112960471,-0.004857005457234726,5.623731058816272,2.8566072965102927,-2.7671237623059795
38.0,16.0,3.0,13.0,5.0,23.0,1.0,0.4625412519766238,0.27822544507805863,0.4244444529103374,54.328889972523186,128.0,0.01581607695980396,0.00951072638630688,0.006305350573497081,2.9870941763263543,0.6040770748834562,-2.3830171014428982
38.0,16.0,3.0,13.0,5.0,23.0,4.0,0.4625412519766238,0.27822544507805863,0.5114395057805426,261.85702695963784,512.0,0.005913310852068991,0.005070005275208037,0.0008433055768609539,5.1311924705898715,1.737245186363854,-3.3939472842260177
38.0,16.0,3.0,13.0,5.0,24.0,1.0,0.4625412519766238,0.27822544507805863,0.5587062281315942,71.51439720084406,128.0,0.009653249434353896,0.007951731500891866,0.0017015179334620295,2.0098781801511665,2.8990923653461014,0.8892141851949349
38.0,16.0,3.0,13.0,5.0,24.0,4.0,0.4625412519766238,0.27822544507805863,0.5546697905225327,283.99093274753676,512.0,0.0065952956684561005,0.004752054705036835,0.0018432409634192657,6.439485622057928,3.3065074371407905,-3.1329781849171376
38.0,16.0,3.0,13.0,5.0,25.0,1.0,0.4625412519766238,0.27822544507805863,0.6571095255909176,84.11001927563746,128.0,0.010444942540126734,0.009616540896720972,0.0008284016434057621,3.77543860469424,1.563432936969542,-2.2120056677246978
38.0,16.0,3.0,13.0,5.0,25.0,4.0,0.4625412519766238,0.27822544507805863,0.6106144578274708,312.63460240766506,512.0,0.004189372582704728,0.006686321299442208,-0.0024969487167374807,6.1451244912893825,1.8672350644581293,-4.277889426831253
38.0,16.0,3.0,13.0,5.0,26.0,1.0,0.4625412519766238,0.27822544507805863,0.4312347435719946,55.19804717721531,128.0,0.03034578116237239,0.019244386988703482,0.011101394173668906,6.864139021177111,2.781159413427359,-4.082979607749753
38.0,16.0,3.0,13.0,5.0,26.0,4.0,0.4625412519766238,0.27822544507805863,0.5761707255992397,294.9994115068107,512.0,0.008105931106745897,0.004865476761244619,0.003240454345501278,7.238720860531737,3.369429317411728,-3.8692915431200094
38.0,16.0,3.0,13.0,5.0,27.0,1.0,0.4625412519766238,0.27822544507805863,0.4281646651902606,54.805077144353355,128.0,0.0542368334369185,0.058120309518710375,-0.0038834760817918756,-1.352468023346859,-0.6016121524444806,0.7508558709023783
38.0,16.0,3.0,13.0,5.0,27.0,4.0,0.4625412519766238,0.27822544507805863,0.5514357738460792,282.33511620919256,512.0,0.003633112914395628,0.007326258278335285,-0.0036931453639396567,5.119856825300961,2.0643983318513635,-3.055458493449598
38.0,16.0,3.0,13.0,5.0,28.0,1.0,0.4625412519766238,0.27822544507805863,0.625686196609991,80.08783316607885,128.0,0.013199550437104014,0.009870319780200454,0.00332923065690356,4.936794962146989,2.676750591356054,-2.2600443707909346
38.0,16.0,3.0,13.0,5.0,28.0,4.0,0.4625412519766238,0.27822544507805863,0.5078271471437642,260.00749933760727,512.0,0.024963594475014343,0.006111129915613031,0.018852464559401313,7.522298236520016,0.9858499748735567,-6.536448261646459
38.0,16.0,3.0,13.0,5.0,29.0,1.0,0.4625412519766238,0.27822544507805863,0.5365283901942726,68.67563394486689,128.0,0.059627814459445816,0.006409237999982715,0.0532185764594631,8.81987209165112,2.691855206240933,-6.1280168854101875
38.0,16.0,3.0,13.0,5.0,29.0,4.0,0.4625412519766238,0.27822544507805863,0.46482540944835543,237.99060963755798,512.0,0.007002984502015293,0.009342458656234311,-0.002339474154219018,6.08838720124678,1.5932957454647965,-4.495091455781983
38.0,16.0,3.0,13.0,5.0,30.0,1.0,0.4625412519766238,0.27822544507805863,0.6165999843116451,78.92479799189057,128.0,0.03146098465514345,0.012306769975898836,0.019154214679244615,9.207740986264252,2.5388621811566727,-6.668878805107579
38.0,16.0,3.0,13.0,5.0,30.0,4.0,0.4625412519766238,0.27822544507805863,0.3872660852809258,198.28023566383402,512.0,0.005281153924290426,0.009753416844565307,-0.004472262920274882,6.42802948849541,1.6945331223842057,-4.733496366111204
38.0,16.0,3.0,13.0,5.0,31.0,1.0,0.4625412519766238,0.27822544507805863,0.6336781271120069,81.11080027033688,128.0,0.03288826481403113,0.006368956853621999,0.02651930796040913,5.797044967601837,0.08860392598626318,-5.708441041615575
38.0,16.0,3.0,13.0,5.0,31.0,4.0,0.4625412519766238,0.27822544507805863,0.44435944160763113,227.51203410310714,512.0,0.004403340908107817,0.007528469936422123,-0.0031251290283143066,5.933642787012536,1.8169857109095977,-4.116657076102938
38.0,16.0,3.0,13.0,5.0,32.0,1.0,0.4625412519766238,0.27822544507805863,0.6208078394660417,79.46340345165333,128.0,0.020346832168763672,0.017677585783470576,0.002669246385293096,6.471960563385655,0.19085594378532653,-6.281104619600328
38.0,16.0,3.0,13.0,5.0,32.0,4.0,0.4625412519766238,0.27822544507805863,0.5037591057981219,257.9246621686384,512.0,0.005867043462272399,0.006096641496981206,-0.00022959803470880714,7.214886570099947,2.1230724326754173,-5.09181413742453
39.0,19.0,6.0,15.0,5.0,1.0,1.0,0.5739070010943166,0.7079904374356658,0.619739300511836,79.32663046551501,128.0,0.008062301500881228,0.002005274605258151,0.0060570268956230775,0.5020857922601789,0.4388663540875083,-0.06321943817267062
39.0,19.0,6.0,15.0,5.0,1.0,4.0,0.5739070010943166,0.7079904374356658,0.5421439871511557,277.57772142139174,512.0,0.0029155579785124707,0.0035401471191820006,-0.0006245891406695299,1.519501789307473,1.0770954017133663,-0.44240638759410666
39.0,19.0,6.0,15.0,5.0,2.0,1.0,0.5739070010943166,0.7079904374356658,0.8798785305650405,112.62445191232518,128.0,0.02331250002219034,0.022446653313904427,0.0008658467082859125,-1.0622941866412923,-0.6362739493556899,0.42602023728560234
39.0,19.0,6.0,15.0,5.0,2.0,4.0,0.5739070010943166,0.7079904374356658,0.6644416390001756,340.1941191680899,512.0,0.008771551990180228,0.009312594029289006,-0.0005410420391087772,1.2447248650218525,0.32201353093166846,-0.922711334090184
39.0,19.0,6.0,15.0,5.0,3.0,1.0,0.5739070010943166,0.7079904374356658,0.6491968137423052,83.09719215901507,128.0,0.02230524203036146,0.004431186340126293,0.017874055690235167,-0.09150571305499787,0.40127188780490697,0.49277760085990485
39.0,19.0,6.0,15.0,5.0,3.0,4.0,0.5739070010943166,0.7079904374356658,0.6315655601915416,323.3615668180693,512.0,0.0065581759167358065,0.008550171459765579,-0.001991995543029772,0.9633030259046884,0.3001799917614711,-0.6631230341432173
39.0,19.0,6.0,15.0,5.0,4.0,1.0,0.5739070010943166,0.7079904374356658,0.5742620944490003,73.50554808947204,128.0,0.03227512606060126,0.02039691248514159,0.011878213575459672,1.4480060551596743,1.1328901766719097,-0.31511587848776457
39.0,19.0,6.0,15.0,5.0,4.0,4.0,0.5739070010943166,0.7079904374356658,0.5039177479729723,258.0058869621618,512.0,0.010647117663948593,0.013334027082737638,-0.0026869094187890446,1.7881148443958577,0.6286336659145645,-1.1594811784812933
39.0,19.0,6.0,15.0,5.0,5.0,1.0,0.5739070010943166,0.7079904374356658,0.7912734653795225,101.28300356857888,128.0,0.01626644256956611,0.021599962157437362,-0.0053335195878712535,-0.25138743052211343,-1.3389424389686633,-1.0875550084465497
39.0,19.0,6.0,15.0,5.0,5.0,4.0,0.5739070010943166,0.7079904374356658,0.594359145285346,304.3118823860971,512.0,0.008102654313957302,0.004198862838025124,0.0039037914759321776,1.1203862573315406,0.25796841868916975,-0.8624178386423709
39.0,19.0,6.0,15.0,5.0,6.0,1.0,0.5739070010943166,0.7079904374356658,0.5382076259401466,68.89057612033876,128.0,0.011971848659338178,0.004058021874660251,0.007913826784677927,1.1830331318780614,0.6088044441998205,-0.5742286876782409
39.0,19.0,6.0,15.0,5.0,6.0,4.0,0.5739070010943166,0.7079904374356658,0.5185481601150124,265.49665797888633,512.0,0.0033613116579188284,0.0047910914630545885,-0.00142977980513576,2.4173058901020488,1.704939125253815,-0.7123667648482337
39.0,19.0,6.0,15.0,5.0,7.0,1.0,0.5739070010943166,0.7079904374356658,0.6451410302695787,82.57805187450607,128.0,0.02686905411694806,0.026320448180521726,0.0005486059364263329,-0.5393754286809394,-0.6489763545648314,-0.10960092588389203
39.0,19.0,6.0,15.0,5.0,7.0,4.0,0.5739070010943166,0.7079904374356658,0.5888305622216137,301.4812478574662,512.0,0.005307985701270277,0.007707828299302156,-0.0023998425980318785,1.950074607214111,1.2689796067837058,-0.6810950004304053
39.0,19.0,6.0,15.0,5.0,8.0,1.0,0.5739070010943166,0.7079904374356658,0.7764817565799719,99.3896648422364,128.0,0.014345430229963478,0.0019429055705966324,0.012402524659366846,0.6099032204620701,0.33162288957710434,-0.2782803308849658
39.0,19.0,6.0,15.0,5.0,8.0,4.0,0.5739070010943166,0.7079904374356658,0.726496361114004,371.96613689037,512.0,0.005074378175804464,0.005783988694918621,-0.0007096105191141573,1.7905869837752917,0.9852435422096437,-0.805343441565648
39.0,19.0,6.0,15.0,5.0,9.0,1.0,0.5739070010943166,0.7079904374356658,0.6493055593575896,83.11111159777147,128.0,0.01520215074208477,0.004290837880008554,0.010911312862076215,0.24551954435453127,0.8682180350947146,0.6226984907401834
39.0,19.0,6.0,15.0,5.0,9.0,4.0,0.5739070010943166,0.7079904374356658,0.6933584587560708,354.99953088310826,512.0,0.0056332468437982,0.0044719238214853295,0.0011613230223128709,1.0542299536233277,0.31922013142175004,-0.7350098222015777
39.0,19.0,6.0,15.0,5.0,10.0,1.0,0.5739070010943166,0.7079904374356658,0.7626568870629566,97.62008154405845,128.0,0.008824248934224416,0.008072916841190917,0.0007513320930334997,-0.23639504258192431,-0.03261228235281915,0.20378276022910516
39.0,19.0,6.0,15.0,5.0,10.0,4.0,0.5739070010943166,0.7079904374356658,0.6053056805869858,309.9165084605367,512.0,0.005479743366906717,0.008303095090132879,-0.0028233517232261612,1.0673909873915932,0.8989133592152714,-0.16847762817632184
39.0,19.0,6.0,15.0,5.0,11.0,1.0,0.5739070010943166,0.7079904374356658,0.7512538142447254,96.16048822332485,128.0,0.03597943198907188,0.00716839673915264,0.02881103524991924,0.5273387654138857,0.2883965789533702,-0.23894218646051552
39.0,19.0,6.0,15.0,5.0,11.0,4.0,0.5739070010943166,0.7079904374356658,0.5065332188568411,259.34500805470265,512.0,0.006665729322442963,0.004322034811418139,0.0023436945110248244,1.3678669190813268,0.9566510422826904,-0.41121587679863647
39.0,19.0,6.0,15.0,5.0,12.0,1.0,0.5739070010943166,0.7079904374356658,0.7863114966814793,100.64787157522935,128.0,0.013064833805588087,0.012287535301423635,0.0007772985041644524,1.2792573088855985,-0.6066076765723798,-1.8858649854579783
39.0,19.0,6.0,15.0,5.0,12.0,4.0,0.5739070010943166,0.7079904374356658,0.6274660338134165,321.26260931246924,512.0,0.007903882432077467,0.0029418486352006754,0.004962033796876791,1.8416168049274722,1.061076850775826,-0.7805399541516462
39.0,19.0,6.0,15.0,5.0,13.0,1.0,0.5739070010943166,0.7079904374356658,0.7042210060461271,90.14028877390427,128.0,0.06386335532126403,0.0715624215616039,-0.007699066240339877,-1.5710302034765877,-2.0988466105258072,-0.5278164070492195
39.0,19.0,6.0,15.0,5.0,13.0,4.0,0.5739070010943166,0.7079904374356658,0.6254303669251725,320.2203478656883,512.0,0.006857335373899066,0.010410853921334461,-0.003553518547435395,1.981279478902245,0.9603315828232891,-1.020947896078956
39.0,19.0,6.0,15.0,5.0,14.0,1.0,0.5739070010943166,0.7079904374356658,0.7501500946649663,96.01921211711569,128.0,0.01636076052007175,0.016323011849386698,3.7748670685053276e-05,-1.8868696557295563,-1.3950887116265904,0.4917809441029659
39.0,19.0,6.0,15.0,5.0,14.0,4.0,0.5739070010943166,0.7079904374356658,0.5941353922566822,304.1973208354213,512.0,0.017312814370389656,0.026362574089205025,-0.00904975971881537,0.8381574669865003,-0.5298813233711448,-1.368038790357645
39.0,19.0,6.0,15.0,5.0,15.0,1.0,0.5739070010943166,0.7079904374356658,0.5675530982247278,72.64679657276515,128.0,0.0299149653435855,0.035182705760135664,-0.005267740416550166,-1.0983661645140876,-1.1890556532888958,-0.0906894887748082
39.0,19.0,6.0,15.0,5.0,15.0,4.0,0.5739070010943166,0.7079904374356658,0.5674132452661653,290.51558157627665,512.0,0.0030545391843381274,0.005675529600127506,-0.0026209904157893787,1.128340914967301,0.5359677006705039,-0.592373214296797
39.0,19.0,6.0,15.0,5.0,16.0,1.0,0.5739070010943166,0.7079904374356658,0.5901095526310586,75.5340227367755,128.0,0.07507875842267438,0.08003939030382749,-0.004960631881153116,-2.3493527827419847,-3.3216610611363557,-0.9723082783943711
39.0,19.0,6.0,15.0,5.0,16.0,4.0,0.5739070010943166,0.7079904374356658,0.5118360724363535,262.060069087413,512.0,0.008221322960004497,0.011236906559845695,-0.003015583599841198,2.1353891861037435,1.1883760406175181,-0.9470131454862254
39.0,19.0,6.0,15.0,5.0,17.0,1.0,0.5739070010943166,0.7079904374356658,0.6187129739534305,79.1952606660391,128.0,0.005383255110642957,0.004188398272226893,0.0011948568384160634,1.2474386714181513,0.5352482661153966,-0.7121904053027548
39.0,19.0,6.0,15.0,5.0,17.0,4.0,0.5739070010943166,0.7079904374356658,0.6412024999946587,328.29567999726527,512.0,0.004402770522652529,0.006992314064208796,-0.0025895435415562666,0.712585244722184,0.4764098438168179,-0.2361754009053661
39.0,19.0,6.0,15.0,5.0,18.0,1.0,0.5739070010943166,0.7079904374356658,0.6401945137332961,81.9448977578619,128.0,0.030335569627738895,0.029044845835716506,0.0012907237920223892,1.5413775448248597,-0.2684870406520532,-1.8098645854769129
39.0,19.0,6.0,15.0,5.0,18.0,4.0,0.5739070010943166,0.7079904374356658,0.6624442411757208,339.17145148196903,512.0,0.005991761124403971,0.006323203820181521,-0.0003314426957775505,2.3706906282519022,1.2213808786816338,-1.1493097495702684
39.0,19.0,6.0,15.0,5.0,19.0,1.0,0.5739070010943166,0.7079904374356658,0.7105726577153934,90.95330018757035,128.0,0.014069493874875473,0.013542536271337143,0.0005269576035383302,-0.543080543574456,-0.36892443556966875,0.17415610800478726
39.0,19.0,6.0,15.0,5.0,19.0,4.0,0.5739070010943166,0.7079904374356658,0.6582962525907028,337.04768132643983,512.0,0.0030189774070666377,0.005677737833862877,-0.002658760426796239,1.7219555636530917,0.7403132537126488,-0.9816423099404429
39.0,19.0,6.0,15.0,5.0,20.0,1.0,0.5739070010943166,0.7079904374356658,0.7243938596461239,92.72241403470386,128.0,0.006586032580467773,0.003425351644295139,0.003160680936172634,0.8143357406241892,0.5392090573921957,-0.2751266832319935
39.0,19.0,6.0,15.0,5.0,20.0,4.0,0.5739070010943166,0.7079904374356658,0.7216659043988071,369.4929430521892,512.0,0.004274820721421219,0.006946313344813725,-0.002671492623392506,1.0063905867276062,0.6036136647954158,-0.4027769219321904
39.0,19.0,6.0,15.0,5.0,21.0,1.0,0.5739070010943166,0.7079904374356658,0.6042290484348327,77.34131819965859,128.0,0.025815156980257964,0.02692520845891267,-0.001110051478654707,-0.12317462586290909,-0.49405221105703206,-0.37087758519412295
39.0,19.0,6.0,15.0,5.0,21.0,4.0,0.5739070010943166,0.7079904374356658,0.5629039915928049,288.2068436955161,512.0,0.008664254011245943,0.009349700538388128,-0.0006854465271421851,1.3923228132651262,1.015163012659345,-0.37715980060578125
39.0,19.0,6.0,15.0,5.0,22.0,1.0,0.5739070010943166,0.7079904374356658,0.5991509708920428,76.69132427418148,128.0,0.022551107928013917,0.022019290250289203,0.0005318176777247136,0.9057474460681211,0.048550951041839416,-0.8571964950262817
39.0,19.0,6.0,15.0,5.0,22.0,4.0,0.5739070010943166,0.7079904374356658,0.6087681175357391,311.6892761782984,512.0,0.0054747423014255385,0.0064054877711506135,-0.000930745469725075,1.2376299315441543,0.043029308982505114,-1.1946006225616492
39.0,19.0,6.0,15.0,5.0,23.0,1.0,0.5739070010943166,0.7079904374356658,0.652166799079046,83.47735028211788,128.0,0.01931904172110049,0.006000773684161296,0.013318268036939194,-0.21087938194670497,0.22113063516675152,0.4320100171134565
39.0,19.0,6.0,15.0,5.0,23.0,4.0,0.5739070010943166,0.7079904374356658,0.6451275064776439,330.3052833165537,512.0,0.0049640549241472855,0.002748742251393349,0.0022153126727539364,0.8616983278099657,0.8418701388576265,-0.019828188952339176
39.0,19.0,6.0,15.0,5.0,24.0,1.0,0.5739070010943166,0.7079904374356658,0.5041993413668443,64.53751569495607,128.0,0.0062134251797216445,0.005416205750486997,0.0007972194292346479,0.6121931543645595,0.898207460305577,0.2860143059410175
39.0,19.0,6.0,15.0,5.0,24.0,4.0,0.5739070010943166,0.7079904374356658,0.6212986170182772,318.1048919133579,512.0,0.009856294701995661,0.007555650147581796,0.0023006445544138648,2.3719594308690843,1.597506637013894,-0.7744527938551904
39.0,19.0,6.0,15.0,5.0,25.0,1.0,0.5739070010943166,0.7079904374356658,0.678626277708974,86.86416354674867,128.0,0.015340736808116658,0.013930818962135024,0.0014099178459816338,0.9611362649385953,0.520188555431571,-0.4409477095070242
39.0,19.0,6.0,15.0,5.0,25.0,4.0,0.5739070010943166,0.7079904374356658,0.5819371790491339,297.95183567315655,512.0,0.0077300977312657745,0.014928955781909517,-0.0071988580506437425,1.1497756467524758,0.3804301053577749,-0.7693455413947009
39.0,19.0,6.0,15.0,5.0,26.0,1.0,0.5739070010943166,0.7079904374356658,0.6195673770502625,79.3046242624336,128.0,0.010324663226952394,0.006274639385868601,0.004050023841083793,1.1311823624398145,0.9984097754731,-0.13277258696671457
39.0,19.0,6.0,15.0,5.0,26.0,4.0,0.5739070010943166,0.7079904374356658,0.6535983939953001,334.64237772559363,512.0,0.003412590335644931,0.006378109210472731,-0.0029655188748278,1.4559846677006711,0.9544207895355762,-0.501563878165095
39.0,19.0,6.0,15.0,5.0,27.0,1.0,0.5739070010943166,0.7079904374356658,0.6287008220267033,80.47370521941802,128.0,0.01521631567388073,0.008819860819116601,0.006396454854764129,0.13413954030110353,-0.3517220967349717,-0.4858616370360752
39.0,19.0,6.0,15.0,5.0,27.0,4.0,0.5739070010943166,0.7079904374356658,0.3949631096961341,202.22111216442065,512.0,0.004905283956681574,0.00899667870582924,-0.004091394749147666,1.0106994740646567,0.3928438456260749,-0.6178556284385818
39.0,19.0,6.0,15.0,5.0,28.0,1.0,0.5739070010943166,0.7079904374356658,0.6592733711247286,84.38699150396526,128.0,0.02666984934994056,0.013640481970719322,0.01302936737922124,-0.29758187638533173,0.15581369175300325,0.453395568138335
39.0,19.0,6.0,15.0,5.0,28.0,4.0,0.5739070010943166,0.7079904374356658,0.618331447196063,316.5857009643843,512.0,0.0056278695163599814,0.005186960815403888,0.0004409087009560938,1.2516707557534894,0.7417860052357886,-0.5098847505177008
39.0,19.0,6.0,15.0,5.0,29.0,1.0,0.5739070010943166,0.7079904374356658,0.622959742377986,79.73884702438221,128.0,0.013168037702836925,0.006559360630364795,0.006608677072472129,-1.014465630414783,-0.11016221346119409,0.9043034169535888
39.0,19.0,6.0,15.0,5.0,29.0,4.0,0.5739070010943166,0.7079904374356658,0.5752028206034556,294.5038441489693,512.0,0.0036593524956690052,0.0029973223499639807,0.0006620301457050245,1.454771925838335,0.7472720361052543,-0.7074998897330806
39.0,19.0,6.0,15.0,5.0,30.0,1.0,0.5739070010943166,0.7079904374356658,0.5284784257013471,67.64523848977242,128.0,0.03020099062567262,0.007057292179875984,0.023143698445796633,-0.6267477516190065,-0.13454576280143946,0.49220198881756705
39.0,19.0,6.0,15.0,5.0,30.0,4.0,0.5739070010943166,0.7079904374356658,0.5057743716318243,258.956478275494,512.0,0.0038439214818998062,0.004169317983779104,-0.0003253965018792976,1.6806410215747982,0.7966850309968023,-0.8839559905779959
39.0,19.0,6.0,15.0,5.0,31.0,1.0,0.5739070010943166,0.7079904374356658,0.47650092115342924,60.99211790763894,128.0,0.028431266162580727,0.017539576756303854,0.010891689406276873,-0.1531186366568385,0.34839955475798634,0.5015181914148248
39.0,19.0,6.0,15.0,5.0,31.0,4.0,0.5739070010943166,0.7079904374356658,0.5621695979511043,287.8308341509654,512.0,0.0068739130677950245,0.006099831967276268,0.0007740811005187568,0.673293662736704,0.5433501088242042,-0.1299435539124998
39.0,19.0,6.0,15.0,5.0,32.0,1.0,0.5739070010943166,0.7079904374356658,0.65705056457861,84.10247226606208,128.0,0.059405002351779576,0.006519383776183414,0.05288561857559616,-0.5923253008070508,0.8110589859338739,1.4033842867409247
39.0,19.0,6.0,15.0,5.0,32.0,4.0,0.5739070010943166,0.7079904374356658,0.7098589379299798,363.44777622014965,512.0,0.004669632806750116,0.003776693003275035,0.0008929398034750813,1.339298242072961,0.29251039977256216,-1.046787842300399
40.0,19.0,7.0,12.0,5.0,1.0,1.0,0.4363658899517935,0.4767014606747359,0.5383370073114292,68.90713693586294,128.0,0.029994804840724372,0.027467182877928216,0.002527621962796156,-0.5939751384537774,0.18534580895484978,0.7793209474086271
40.0,19.0,7.0,12.0,5.0,1.0,4.0,0.4363658899517935,0.4767014606747359,0.5192133278179976,265.83722384281475,512.0,0.006443379595277175,0.00620090497454215,0.00024247462073502448,0.20047167206377092,0.6645073762632849,0.464035704199514
40.0,19.0,7.0,12.0,5.0,2.0,1.0,0.4363658899517935,0.4767014606747359,0.34906348950836763,44.68012665707106,128.0,0.0262589746722817,0.019597633756577235,0.006661340915704465,-3.0415982190508646,-1.5428860158831839,1.4987122031676807
40.0,19.0,7.0,12.0,5.0,2.0,4.0,0.4363658899517935,0.4767014606747359,0.5011725654357054,256.6003535030812,512.0,0.005649013132728803,0.005056402598729691,0.0005926105339991126,-0.11939907696452685,0.27778006230868674,0.3971791392732136
40.0,19.0,7.0,12.0,5.0,3.0,1.0,0.4363658899517935,0.4767014606747359,0.6970580234521414,89.2234270018741,128.0,0.0209546412227501,0.004346385965465384,0.016608255257284717,-1.519560370145525,-0.018448476531520687,1.5011118936140042
40.0,19.0,7.0,12.0,5.0,3.0,4.0,0.4363658899517935,0.4767014606747359,0.4623094261327779,236.7024261799823,512.0,0.03408086245851343,0.0032566661966132392,0.030824196261900194,-2.186885888192006,0.8767494703248144,3.0636353585168203
40.0,19.0,7.0,12.0,5.0,4.0,1.0,0.4363658899517935,0.4767014606747359,0.7039977011205866,90.11170574343508,128.0,0.014065171098919735,0.007734439255213443,0.0063307318437062915,0.467280670897977,1.009048404180895,0.5417677332829179
40.0,19.0,7.0,12.0,5.0,4.0,4.0,0.4363658899517935,0.4767014606747359,0.5350304556155229,273.9355932751477,512.0,0.004267834427338118,0.00412607512216108,0.00014175930517703814,1.3677612555258052,1.6863797720728027,0.31861851654699747
40.0,19.0,7.0,12.0,5.0,5.0,1.0,0.4363658899517935,0.4767014606747359,0.6523118710510069,83.49591949452888,128.0,0.024639994804164497,0.01276845107219517,0.011871543731969327,-0.5168901750511828,0.6074196507315264,1.124309825782709
40.0,19.0,7.0,12.0,5.0,5.0,4.0,0.4363658899517935,0.4767014606747359,0.5571024298468441,285.2364440815842,512.0,0.0061169306108597304,0.0030155844433209585,0.003101346167538772,0.1901763351967203,0.7709682555010716,0.5807919203043513
40.0,19.0,7.0,12.0,5.0,6.0,1.0,0.4363658899517935,0.4767014606747359,0.6278269353240322,80.36184772147612,128.0,0.015343553590847624,0.006449789289697867,0.008893764301149756,-0.7809375666359297,0.25069108463027684,1.0316286512662065
40.0,19.0,7.0,12.0,5.0,6.0,4.0,0.4363658899517935,0.4767014606747359,0.34295267712177613,175.59177068634938,512.0,0.0078529818764154,0.004597441683122453,0.003255540193292947,1.1223025880984108,1.9782936012916423,0.8559910131932316
40.0,19.0,7.0,12.0,5.0,7.0,1.0,0.4363658899517935,0.4767014606747359,0.4416008720549273,56.5249116230307,128.0,0.008511022276305855,0.009396517586219488,-0.000885495309913633,0.4564406960587309,0.6047776419073292,0.1483369458485983
40.0,19.0,7.0,12.0,5.0,7.0,4.0,0.4363658899517935,0.4767014606747359,0.49053803525270206,251.15547404938346,512.0,0.010752987949432724,0.012586508436411384,-0.0018335204869786605,-0.19125253351737195,0.07601133108363162,0.2672638646010036
40.0,19.0,7.0,12.0,5.0,8.0,1.0,0.4363658899517935,0.4767014606747359,0.5689260742491402,72.82253750388995,128.0,0.026701599408725338,0.028814492409541953,-0.0021128930008166152,1.2324912209302825,1.4015242590157468,0.16903303808546433
40.0,19.0,7.0,12.0,5.0,8.0,4.0,0.4363658899517935,0.4767014606747359,0.48590578733327894,248.78376311463882,512.0,0.004310826547977523,0.0027995990535574175,0.0015112274944201055,0.7169768153226748,1.34839863956996,0.6314218242472853
40.0,19.0,7.0,12.0,5.0,9.0,1.0,0.4363658899517935,0.4767014606747359,0.7489322141076277,95.86332340577634,128.0,0.04449804966027615,0.04705723609540256,-0.002559186435126412,-0.22460179993535498,-0.03849845742058529,0.18610334251476968
40.0,19.0,7.0,12.0,5.0,9.0,4.0,0.4363658899517935,0.4767014606747359,0.553928956821068,283.6116258923868,512.0,0.008576958167812095,0.00883458712704738,-0.0002576289592352843,1.0539229969003376,1.2824427089237473,0.2285197120234097
40.0,19.0,7.0,12.0,5.0,10.0,1.0,0.4363658899517935,0.4767014606747359,0.6124231935561709,78.39016877518988,128.0,0.06483364395532387,0.06617956711728834,-0.0013459231619644685,-3.2766716632980044,-2.6675122588635127,0.6091594044344917
40.0,19.0,7.0,12.0,5.0,10.0,4.0,0.4363658899517935,0.4767014606747359,0.4707225557116589,241.00994852436935,512.0,0.010475588089823908,0.010614978565011854,-0.00013939047518794594,0.5452064956526189,0.9759649707608518,0.43075847510823284
40.0,19.0,7.0,12.0,5.0,11.0,1.0,0.4363658899517935,0.4767014606747359,0.5975475664836755,76.48608850991046,128.0,0.009611735024926217,0.007069726388664313,0.0025420086362619044,0.16058602118439277,0.9856286885021351,0.8250426673177423
40.0,19.0,7.0,12.0,5.0,11.0,4.0,0.4363658899517935,0.4767014606747359,0.6512904993319403,333.4607356579534,512.0,0.0047750311951215395,0.0032013902543361283,0.0015736409407854112,0.5781724609601366,1.576404484861976,0.9982320239018394
40.0,19.0,7.0,12.0,5.0,12.0,1.0,0.4363658899517935,0.4767014606747359,0.6226665434757207,79.70131756489225,128.0,0.03229114200095978,0.004984294138448618,0.027306847862511165,-1.8339885265096632,0.7224096014313445,2.5563981279410077
40.0,19.0,7.0,12.0,5.0,12.0,4.0,0.4363658899517935,0.4767014606747359,0.6538042399644947,334.74777086182127,512.0,0.007607300909329882,0.010039459030895833,-0.002432158121565951,1.3520599961759836,1.8430698212595185,0.49100982508353486
40.0,19.0,7.0,12.0,5.0,13.0,1.0,0.4363658899517935,0.4767014606747359,0.6970528207560994,89.22276105678073,128.0,0.019275543851042798,0.009907810570230262,0.009367733280812536,-0.11539281444649795,0.3926496837161904,0.5080424981626883
40.0,19.0,7.0,12.0,5.0,13.0,4.0,0.4363658899517935,0.4767014606747359,0.26905129292097585,137.75426197553963,512.0,0.022935060105714014,0.02623995958999492,-0.003304899484280907,1.1763456060844772,1.4226854073474489,0.2463398012629716
40.0,19.0,7.0,12.0,5.0,14.0,1.0,0.4363658899517935,0.4767014606747359,0.08465325183336216,10.835616234670356,128.0,0.005480601966239363,0.004032747232857847,0.0014478547333815154,-0.09072398877541431,0.3716397173363845,0.46236370611179883
40.0,19.0,7.0,12.0,5.0,14.0,4.0,0.4363658899517935,0.4767014606747359,0.19978907367120977,102.2920057196594,512.0,0.008548448129856327,0.00626064449841825,0.002287803631438077,-0.2712331704822663,0.4715366487912582,0.7427698192735245
40.0,19.0,7.0,12.0,5.0,15.0,1.0,0.4363658899517935,0.4767014606747359,0.5776528427231958,73.93956386856907,128.0,0.010798501455305884,0.010299399687844688,0.0004991017674611953,0.6527257195435351,0.882562362332232,0.22983664278869687
40.0,19.0,7.0,12.0,5.0,15.0,4.0,0.4363658899517935,0.4767014606747359,0.5960178493026747,305.1611388429694,512.0,0.00840275598997975,0.006149729111450862,0.0022530268785288885,0.5513905946200743,1.6909760359552886,1.1395854413352142
40.0,19.0,7.0,12.0,5.0,16.0,1.0,0.4363658899517935,0.4767014606747359,0.21027346943174935,26.915004087263917,128.0,0.4499533684340837,0.45294436632063834,-0.0029909978865546583,-24.299590108322302,-24.30941361396716,-0.009823505644856567
40.0,19.0,7.0,12.0,5.0,16.0,4.0,0.4363658899517935,0.4767014606747359,0.3117481005662926,159.6150274899418,512.0,0.03692769688831942,0.05227768140386234,-0.015349984515542918,-0.4485681045602411,-0.9006310974368248,-0.4520629928765837
40.0,19.0,7.0,12.0,5.0,17.0,1.0,0.4363658899517935,0.4767014606747359,0.5471826455379004,70.03937862885125,128.0,0.028802446448244465,0.028243955273956366,0.0005584911742880991,-0.9784550413349989,-0.6469836527383133,0.3314713885966857
40.0,19.0,7.0,12.0,5.0,17.0,4.0,0.4363658899517935,0.4767014606747359,0.31792128904209294,162.77569998955158,512.0,0.008759681846031084,0.008765114531380515,-5.432685349431379e-06,1.2370051271876734,1.417891150781197,0.18088602359352368
40.0,19.0,7.0,12.0,5.0,18.0,1.0,0.4363658899517935,0.4767014606747359,0.6076791426230086,77.7829302557451,128.0,0.014972944120861514,0.008676550487554708,0.006296393633306805,-0.09963333260358884,0.3933534967219062,0.4929868293254951
40.0,19.0,7.0,12.0,5.0,18.0,4.0,0.4363658899517935,0.4767014606747359,0.19728118571121825,101.00796708414374,512.0,0.004131778177244704,0.003115796790407227,0.001015981386837477,0.9379227998334143,1.5149297441023284,0.5770069442689141
40.0,19.0,7.0,12.0,5.0,19.0,1.0,0.4363658899517935,0.4767014606747359,0.1762763033678931,22.563366831090317,128.0,0.03141581733543765,0.006556424468046135,0.024859392867391514,-1.7710636568762221,0.2618063925348918,2.032870049411114
40.0,19.0,7.0,12.0,5.0,19.0,4.0,0.4363658899517935,0.4767014606747359,0.30894726610901746,158.18100024781694,512.0,0.009043272474521899,0.004376088694604356,0.004667183779917543,-0.6161466079766946,0.31307068652835307,0.9292172945050476
40.0,19.0,7.0,12.0,5.0,20.0,1.0,0.4363658899517935,0.4767014606747359,0.36030475105997,46.11900813567616,128.0,0.011717369277020183,0.007971159289490059,0.003746209987530124,0.4443893638428665,0.9542348001133419,0.5098454362704754
40.0,19.0,7.0,12.0,5.0,20.0,4.0,0.4363658899517935,0.4767014606747359,0.49985229826439137,255.92437671136838,512.0,0.003436865736551791,0.0028385554869905802,0.0005983102495612106,0.4427828894741826,0.7683537171218543,0.3255708276476717
40.0,19.0,7.0,12.0,5.0,21.0,1.0,0.4363658899517935,0.4767014606747359,0.3453786864064031,44.2084718600196,128.0,0.01684177705187615,0.013293575042675358,0.003548202009200793,-0.1798900747823799,-0.40189780150421234,-0.22200772672183244
40.0,19.0,7.0,12.0,5.0,21.0,4.0,0.4363658899517935,0.4767014606747359,0.48011787856543764,245.82035382550407,512.0,0.002198823033412282,0.002736921226166139,-0.000538098192753857,1.1552893093409005,1.1434057814473815,-0.011883527893518986
40.0,19.0,7.0,12.0,5.0,22.0,1.0,0.4363658899517935,0.4767014606747359,0.508884375090839,65.13720001162739,128.0,0.008015605160172593,0.006971430989950736,0.0010441741702218567,0.30066841866637845,0.5358254859160959,0.23515706724971747
40.0,19.0,7.0,12.0,5.0,22.0,4.0,0.4363658899517935,0.4767014606747359,0.44326656516412943,226.95248136403427,512.0,0.00487970284405099,0.005107090298064409,-0.00022738745401341878,0.3150756045888788,0.7787569438346021,0.46368133924572336
40.0,19.0,7.0,12.0,5.0,23.0,1.0,0.4363658899517935,0.4767014606747359,0.4813168571902047,61.608557720346205,128.0,0.019220168756252928,0.009390663564338066,0.009829505191914861,-0.19887165545995575,0.6848273058337059,0.8836989612936617
40.0,19.0,7.0,12.0,5.0,23.0,4.0,0.4363658899517935,0.4767014606747359,0.5556195294089504,284.4771990573826,512.0,0.005596530690633354,0.004486718008338046,0.0011098126822953079,0.4715796907557502,1.022676968696849,0.551097277941099
40.0,19.0,7.0,12.0,5.0,24.0,1.0,0.4363658899517935,0.4767014606747359,0.30934340658615905,39.59595604302836,128.0,0.015330442273716847,0.015675558960028223,-0.00034511668631137526,0.37740868739428907,1.1054697099256277,0.7280610225313386
40.0,19.0,7.0,12.0,5.0,24.0,4.0,0.4363658899517935,0.4767014606747359,0.42738180203887915,218.81948264390613,512.0,0.0061617163726785315,0.00322811792073506,0.0029335984519434713,0.5987325287364371,1.2197969350718245,0.6210644063353874
40.0,19.0,7.0,12.0,5.0,25.0,1.0,0.4363658899517935,0.4767014606747359,0.44957710764284436,57.54586977828408,128.0,0.040948155570918715,0.04331189244603078,-0.0023637368751120644,2.141504147189846,2.1811652744296928,0.03966112723984683
40.0,19.0,7.0,12.0,5.0,25.0,4.0,0.4363658899517935,0.4767014606747359,0.46348267021704814,237.30312715112865,512.0,0.0041243321059397505,0.00606431116210699,-0.0019399790561672398,1.5665892640490904,1.7430505623645107,0.17646129831542035
40.0,19.0,7.0,12.0,5.0,26.0,1.0,0.4363658899517935,0.4767014606747359,0.6497728097908764,83.17091965323218,128.0,0.05024105834842251,0.06492229370210431,-0.0146812353536818,0.18653636983606992,-1.2426452093468912,-1.429181579182961
40.0,19.0,7.0,12.0,5.0,26.0,4.0,0.4363658899517935,0.4767014606747359,0.5212998354318313,266.90551574109764,512.0,0.016317733087492237,0.020837760183443355,-0.004520027095951118,2.186830651813669,2.0638788410599833,-0.12295181075368555
40.0,19.0,7.0,12.0,5.0,27.0,1.0,0.4363658899517935,0.4767014606747359,0.19292315145913597,24.694163386769404,128.0,0.038397104613971264,0.02834428127547312,0.010052823338498145,-0.3279986387286624,0.4576347936058113,0.7856334323344737
40.0,19.0,7.0,12.0,5.0,27.0,4.0,0.4363658899517935,0.4767014606747359,0.3278267171980882,167.84727920542116,512.0,0.006374249113272871,0.004635600809760949,0.001738648303511922,0.6609931477281339,1.0376615307890662,0.3766683830609323
40.0,19.0,7.0,12.0,5.0,28.0,1.0,0.4363658899517935,0.4767014606747359,0.671416803532822,85.94135085220121,128.0,0.013195725408537562,0.015300547068764953,-0.0021048216602273916,0.882221292672454,1.1604705177497432,0.2782492250772892
40.0,19.0,7.0,12.0,5.0,28.0,4.0,0.4363658899517935,0.4767014606747359,0.5289237876683537,270.8089792861971,512.0,0.018542893692828587,0.020228561408960052,-0.001685667716131465,1.0642963109085393,1.4280072672417052,0.36371095633316597
40.0,19.0,7.0,12.0,5.0,29.0,1.0,0.4363658899517935,0.4767014606747359,0.4025710600134146,51.52909568171707,128.0,0.07997050474296608,0.08851567790685629,-0.00854517316389021,-2.3056064102469005,-2.0995191657664014,0.2060872444804991
40.0,19.0,7.0,12.0,5.0,29.0,4.0,0.4363658899517935,0.4767014606747359,0.5458292699993462,279.46458623966527,512.0,0.01186897564621596,0.013933099422779689,-0.0020641237765637293,0.9816632514780446,1.1233470190300814,0.14168376755203682
40.0,19.0,7.0,12.0,5.0,30.0,1.0,0.4363658899517935,0.4767014606747359,0.5567942271407035,71.26966107401005,128.0,0.012007816977229272,0.011436019507036096,0.0005717974701931767,0.46973524118772725,0.752686599885189,0.2829513586974618
40.0,19.0,7.0,12.0,5.0,30.0,4.0,0.4363658899517935,0.4767014606747359,0.51618799695913,264.28825444307455,512.0,0.008654720416034892,0.01043345437759946,-0.0017787339615645686,1.2427563710750007,1.5250541843407992,0.2822978132657985
40.0,19.0,7.0,12.0,5.0,31.0,1.0,0.4363658899517935,0.4767014606747359,0.6083429817882637,77.86790166889776,128.0,0.023922620080945364,0.02761923584991629,-0.0036966157689709254,-0.18134633653563986,-0.2804959538477124,-0.09914961731207256
40.0,19.0,7.0,12.0,5.0,31.0,4.0,0.4363658899517935,0.4767014606747359,0.446140656353879,228.42401605318605,512.0,0.004124177149731101,0.006099019663022193,-0.001974842513291092,1.105836718795397,1.348685476606862,0.2428487578114651
40.0,19.0,7.0,12.0,5.0,32.0,1.0,0.4363658899517935,0.4767014606747359,0.45405743387103653,58.119351535492676,128.0,0.005763345008494342,0.003810972150076066,0.001952372858418276,0.19185958716629484,0.40981256780169467,0.21795298063539983
40.0,19.0,7.0,12.0,5.0,32.0,4.0,0.4363658899517935,0.4767014606747359,0.500433251556175,256.2218247967616,512.0,0.004266847167294947,0.004045850407274025,0.0002209967600209214,1.134804257583187,1.3399778426618325,0.20517358507864558
41.0,3.0,1.0,6.0,6.0,1.0,1.0,0.7498613162507397,0.6619965886228195,0.7155871281877807,91.59515240803593,128.0,0.0017084418448540788,0.0017084418448540788,0.0,0.0,0.0,0.0
41.0,3.0,1.0,6.0,6.0,1.0,4.0,0.7498613162507397,0.6619965886228195,0.7778234075808143,398.2455846813769,512.0,0.0032442735625261556,0.002740682420305032,0.0005035911422211236,5.205235865102978,0.3380154280949866,-4.867220437007991
41.0,3.0,1.0,6.0,6.0,2.0,1.0,0.7498613162507397,0.6619965886228195,0.7242482392378972,92.70377462245084,128.0,0.010877118737615866,0.0035470119820511297,0.007330106755564736,4.277904363037309,0.5490546518210089,-3.7288497112163004
41.0,3.0,1.0,6.0,6.0,2.0,4.0,0.7498613162507397,0.6619965886228195,0.6584662191142474,337.1347041864947,512.0,0.004023038677086941,0.00466196336583272,-0.0006389246887457791,3.0087540350715574,-1.6558116210131923,-4.66456565608475
41.0,3.0,1.0,6.0,6.0,3.0,1.0,0.7498613162507397,0.6619965886228195,0.7594056106971554,97.20391816923589,128.0,0.014631070768571596,0.014150779343076382,0.00048029142549521446,-0.566613863063768,-4.433932490751429,-3.867318627687661
41.0,3.0,1.0,6.0,6.0,3.0,4.0,0.7498613162507397,0.6619965886228195,0.762572031035791,390.436879890325,512.0,0.0035297773342372633,0.003645979549374602,-0.00011620221513733864,4.445353316418238,0.0033678480793789232,-4.441985468338859
41.0,3.0,1.0,6.0,6.0,4.0,1.0,0.7498613162507397,0.6619965886228195,0.7372756944702934,94.37128889219755,128.0,0.013157059832661737,0.0038381865557884204,0.009318873276873316,6.220567977816708,-0.2016654694422358,-6.422233447258943
41.0,3.0,1.0,6.0,6.0,4.0,4.0,0.7498613162507397,0.6619965886228195,0.7598308742884626,389.03340763569287,512.0,0.003416304700925955,0.005579203931626896,-0.002162899230700941,2.967859146733002,-0.3049944556240954,-3.2728536023570975
41.0,3.0,1.0,6.0,6.0,5.0,1.0,0.7498613162507397,0.6619965886228195,0.7530939341722803,96.39602357405188,128.0,0.011199201440182145,0.011206629884160182,-7.428443978036922e-06,-0.8066341830510021,-3.9652507778695725,-3.1586165948185703
41.0,3.0,1.0,6.0,6.0,5.0,4.0,0.7498613162507397,0.6619965886228195,0.7737890840657942,396.1800110416866,512.0,0.0013979197969871916,0.003605062659555606,-0.0022071428625684143,2.6055957517759416,-0.8740795885663586,-3.4796753403423004
41.0,3.0,1.0,6.0,6.0,6.0,1.0,0.7498613162507397,0.6619965886228195,0.8272174010831951,105.88382733864897,128.0,0.005510856865229423,0.006573149541598879,-0.0010622926763694564,1.4152252396622218,-0.48039988927469723,-1.895625128936919
41.0,3.0,1.0,6.0,6.0,6.0,4.0,0.7498613162507397,0.6619965886228195,0.7347913816781445,376.21318741921,512.0,0.0028171257647717244,0.003027610735286966,-0.00021048497051524145,4.2250018876177515,-0.33409058202328157,-4.559092469641033
41.0,3.0,1.0,6.0,6.0,7.0,1.0,0.7498613162507397,0.6619965886228195,0.8275358021812711,105.9245826792027,128.0,0.008440258844685238,0.005114788900216412,0.0033254699444688254,3.9544138635080963,0.3206398679235639,-3.6337739955845323
41.0,3.0,1.0,6.0,6.0,7.0,4.0,0.7498613162507397,0.6619965886228195,0.8040200733725709,411.6582775667563,512.0,0.0015646078592579573,0.0027450945058151155,-0.0011804866465571582,4.759590850618573,0.09109601161252243,-4.66849483900605
41.0,3.0,1.0,6.0,6.0,8.0,1.0,0.7498613162507397,0.6619965886228195,0.7806470579748009,99.92282342077452,128.0,0.0136725650310503,0.009520184407489665,0.004152380623560636,6.052142710851838,0.5824383373942933,-5.469704373457544
41.0,3.0,1.0,6.0,6.0,8.0,4.0,0.7498613162507397,0.6619965886228195,0.7312519346621963,374.4009905470445,512.0,0.0014488603094998044,0.002653982611167927,-0.0012051223016681227,4.414565247369507,0.9258128863247859,-3.488752361044721
41.0,3.0,1.0,6.0,6.0,9.0,1.0,0.7498613162507397,0.6619965886228195,0.7977353139954961,102.1101201914235,128.0,0.012205603167259308,0.0160512417100036,-0.0038456385427442907,2.855835494427951,-4.788606101263708,-7.644441595691659
41.0,3.0,1.0,6.0,6.0,9.0,4.0,0.7498613162507397,0.6619965886228195,0.7635618884087283,390.9436868652689,512.0,0.0021234517694343298,0.005566783390689642,-0.003443331621255312,5.698152557353129,-1.0294265269311798,-6.727579084284309
41.0,3.0,1.0,6.0,6.0,10.0,1.0,0.7498613162507397,0.6619965886228195,0.8505520788399878,108.87066609151844,128.0,0.030143547648552167,0.0184331640370224,0.011710383611529766,7.7598211168300555,-0.8845495470188571,-8.644370663848912
41.0,3.0,1.0,6.0,6.0,10.0,4.0,0.7498613162507397,0.6619965886228195,0.817788486448,418.707705061376,512.0,0.007544891248485163,0.010874657517967075,-0.003329766269481912,4.042274135321598,-1.4456112431003116,-5.48788537842191
41.0,3.0,1.0,6.0,6.0,11.0,1.0,0.7498613162507397,0.6619965886228195,0.7863368640601476,100.65111859969889,128.0,0.006709849985671101,0.005902732231427351,0.0008071177542437495,4.21709381025504,-0.7349249199889977,-4.9520187302440375
41.0,3.0,1.0,6.0,6.0,11.0,4.0,0.7498613162507397,0.6619965886228195,0.7672008577465553,392.80683916623633,512.0,0.008004213108403697,0.006234538167494122,0.0017696749409095748,3.4631495839250284,-1.9860088633532043,-5.449158447278233
41.0,3.0,1.0,6.0,6.0,12.0,1.0,0.7498613162507397,0.6619965886228195,0.8106661627670022,103.76526883417628,128.0,0.03145147441397722,0.03663580360555125,-0.005184329191574029,-3.067675124051787,-5.93669775742797,-2.869022633376183
41.0,3.0,1.0,6.0,6.0,12.0,4.0,0.7498613162507397,0.6619965886228195,0.7133091503229616,365.21428496535634,512.0,0.007506717070083147,0.010428333231443866,-0.0029216161613607183,-1.5840579456360462,-3.0108445348905235,-1.4267865892544773
41.0,3.0,1.0,6.0,6.0,13.0,1.0,0.7498613162507397,0.6619965886228195,0.6267156067499478,80.21959766399331,128.0,0.010773180697783952,0.006749752087623814,0.0040234286101601385,4.121668284282772,0.2534399921920426,-3.8682282920907296
41.0,3.0,1.0,6.0,6.0,13.0,4.0,0.7498613162507397,0.6619965886228195,0.7376806990651011,377.6925179213318,512.0,0.0018222340403198918,0.0035127858504252047,-0.001690551810105313,3.47905762641809,0.941778070950924,-2.537279555467166
41.0,3.0,1.0,6.0,6.0,14.0,1.0,0.7498613162507397,0.6619965886228195,0.7879818952973497,100.86168259806077,128.0,0.01850519025953365,0.0036432169760770685,0.014861973283456582,3.704933251700532,-0.04922435186212289,-3.7541576035626547
41.0,3.0,1.0,6.0,6.0,14.0,4.0,0.7498613162507397,0.6619965886228195,0.7889903763581386,403.963072695367,512.0,0.008196341824904321,0.0017311838988836048,0.006465157926020717,5.350986569658372,1.4778071596935047,-3.873179409964867
41.0,3.0,1.0,6.0,6.0,15.0,1.0,0.7498613162507397,0.6619965886228195,0.8142615285257817,104.22547565130006,128.0,0.014631178950898908,0.004200369265831768,0.010430809685067141,8.442123660885489,0.3298215149173376,-8.112302145968151
41.0,3.0,1.0,6.0,6.0,15.0,4.0,0.7498613162507397,0.6619965886228195,0.8099458217111593,414.69226071611354,512.0,0.005022750218514017,0.003878895853600841,0.0011438543649131762,6.669398550294145,1.6390575156309188,-5.030341034663226
41.0,3.0,1.0,6.0,6.0,16.0,1.0,0.7498613162507397,0.6619965886228195,0.7671572107795398,98.1961229797811,128.0,0.017302014791815677,0.010381381873252436,0.006920632918563241,6.89228949053101,3.6653623163014495,-3.226927174229561
41.0,3.0,1.0,6.0,6.0,16.0,4.0,0.7498613162507397,0.6619965886228195,0.777592744640899,398.1274852561403,512.0,0.0029448030124385187,0.0018328696007126515,0.0011119334117258672,5.230737810269568,2.154484047588653,-3.076253762680915
41.0,3.0,1.0,6.0,6.0,17.0,1.0,0.7498613162507397,0.6619965886228195,0.7903033942880108,101.15883446886538,128.0,0.009171123469353141,0.006979703660940579,0.0021914198084125626,0.5818557640938864,-0.4471362879523684,-1.0289920520462548
41.0,3.0,1.0,6.0,6.0,17.0,4.0,0.7498613162507397,0.6619965886228195,0.7285360539125207,373.0104596032106,512.0,0.002582858099665174,0.00356736287244169,-0.0009845047727765162,4.280493013083325,0.4919510854950992,-3.788541927588226
41.0,3.0,1.0,6.0,6.0,18.0,1.0,0.7498613162507397,0.6619965886228195,0.8174452362987665,104.63299024624212,128.0,0.008692405833059021,0.004165443088824662,0.00452696274423436,3.1719257863812236,-1.238144117796531,-4.410069904177755
41.0,3.0,1.0,6.0,6.0,18.0,4.0,0.7498613162507397,0.6619965886228195,0.7927551281299378,405.89062560252813,512.0,0.0047378301709788675,0.0046875690563466165,5.026111463225097e-05,3.596215714773978,-0.8538716496492987,-4.450087364423277
41.0,3.0,1.0,6.0,6.0,19.0,1.0,0.7498613162507397,0.6619965886228195,0.8118706199669045,103.91943935576377,128.0,0.012687577412071787,0.004372531808594191,0.008315045603477594,5.883993721854057,-1.435700941276422,-7.319694663130479
41.0,3.0,1.0,6.0,6.0,19.0,4.0,0.7498613162507397,0.6619965886228195,0.7823754676516175,400.57623943762815,512.0,0.0018405808014434377,0.002861169068050752,-0.0010205882666073141,3.508242860598652,0.04162333154315032,-3.4666195290555017
41.0,3.0,1.0,6.0,6.0,20.0,1.0,0.7498613162507397,0.6619965886228195,0.6736943976382729,86.23288289769893,128.0,0.01180126147528375,0.017571927552618074,-0.005770666077334324,5.012180671064555,-0.1704457231996992,-5.182626394264254
41.0,3.0,1.0,6.0,6.0,20.0,4.0,0.7498613162507397,0.6619965886228195,0.7505312854242451,384.2720181372135,512.0,0.003311191515062369,0.007573035006806251,-0.004261843491743883,2.205114773973888,-1.3861903017788606,-3.5913050757527487
41.0,3.0,1.0,6.0,6.0,21.0,1.0,0.7498613162507397,0.6619965886228195,0.7591287956582189,97.16848584425202,128.0,0.019172864365850775,0.01811636018662678,0.001056504179223993,3.6793616822922437,-0.48601314350786123,-4.165374825800105
41.0,3.0,1.0,6.0,6.0,21.0,4.0,0.7498613162507397,0.6619965886228195,0.7946671480674727,406.86957981054604,512.0,0.0015119998911146371,0.0027484269051014885,-0.0012364270139868514,5.394548027658419,0.8659244598011974,-4.528623567857221
41.0,3.0,1.0,6.0,6.0,22.0,1.0,0.7498613162507397,0.6619965886228195,0.8114868884503427,103.87032172164386,128.0,0.01524375722906314,0.015150043692103744,9.371353695939583e-05,0.15371862477050233,-4.235023108032942,-4.388741732803444
41.0,3.0,1.0,6.0,6.0,22.0,4.0,0.7498613162507397,0.6619965886228195,0.7808033753848979,399.7713281970677,512.0,0.0024925068298725533,0.003951354864680105,-0.0014588480348075518,2.087027716611781,-0.9290962797328268,-3.016123996344608
41.0,3.0,1.0,6.0,6.0,23.0,1.0,0.7498613162507397,0.6619965886228195,0.8347441447402222,106.84725052674844,128.0,0.008794646985901582,0.0068826709452554195,0.0019119760406461628,2.190316598539181,-1.339285150299547,-3.5296017488387283
41.0,3.0,1.0,6.0,6.0,23.0,4.0,0.7498613162507397,0.6619965886228195,0.7960775283184524,407.5916944990476,512.0,0.0018181755431033726,0.00345148974610024,-0.0016333142029968674,4.358201763928745,1.0476098834784704,-3.310591880450275
41.0,3.0,1.0,6.0,6.0,24.0,1.0,0.7498613162507397,0.6619965886228195,0.8151366046126203,104.3374853904154,128.0,0.021225854864671073,0.012772476121877999,0.008453378742793075,3.0233341099603432,-2.430476752033469,-5.453810861993812
41.0,3.0,1.0,6.0,6.0,24.0,4.0,0.7498613162507397,0.6619965886228195,0.7676031185554406,393.0127967003856,512.0,0.0033435309641844193,0.006359995873273957,-0.0030164649090895375,2.671153742816086,-0.6347497145084685,-3.3059034573245545
41.0,3.0,1.0,6.0,6.0,25.0,1.0,0.7498613162507397,0.6619965886228195,0.649411423977344,83.12466226910003,128.0,0.007347855505729365,0.008586477267240886,-0.001238621761511521,-0.408038612246302,-4.109668678916043,-3.7016300666697406
41.0,3.0,1.0,6.0,6.0,25.0,4.0,0.7498613162507397,0.6619965886228195,0.7644715227570653,391.40941965161744,512.0,0.0016587303010573197,0.00393568205737648,-0.0022769517563191602,3.095855802996821,-0.46651404169788063,-3.5623698446947016
41.0,3.0,1.0,6.0,6.0,26.0,1.0,0.7498613162507397,0.6619965886228195,0.7926341907943062,101.45717642167119,128.0,0.018150103624554926,0.017532984077869105,0.0006171195466858209,4.32635948954117,-0.38571248913877776,-4.712071978679948
41.0,3.0,1.0,6.0,6.0,26.0,4.0,0.7498613162507397,0.6619965886228195,0.7415105294138674,379.6533910599001,512.0,0.005893197258405562,0.005391612184389559,0.0005015850740160031,5.415124999583434,-0.6635974631041341,-6.078722462687568
41.0,3.0,1.0,6.0,6.0,27.0,1.0,0.7498613162507397,0.6619965886228195,0.8123272673755437,103.9778902240696,128.0,0.016906485802623217,0.005698950981701183,0.011207534820922033,2.502009344846291,-1.8369034525213446,-4.338912797367636
41.0,3.0,1.0,6.0,6.0,27.0,4.0,0.7498613162507397,0.6619965886228195,0.7587276810590213,388.4685727022189,512.0,0.0018102160054490766,0.003997234837374905,-0.0021870188319258283,2.1704287180524573,-0.5362607842171727,-2.7066895022696302
41.0,3.0,1.0,6.0,6.0,28.0,1.0,0.7498613162507397,0.6619965886228195,0.722707366930509,92.50654296710515,128.0,0.002247769130235809,0.0026652985228599983,-0.0004175293926241895,3.394742498645456,0.6592022728074383,-2.735540225838018
41.0,3.0,1.0,6.0,6.0,28.0,4.0,0.7498613162507397,0.6619965886228195,0.7718899754351379,395.2076674227906,512.0,0.002883184008217395,0.0039155110546853,-0.0010323270464679046,6.335513874497636,0.34978968567595203,-5.985724188821684
41.0,3.0,1.0,6.0,6.0,29.0,1.0,0.7498613162507397,0.6619965886228195,0.7625753851504639,97.60964929925937,128.0,0.007197342898314027,0.006312846781944138,0.0008844961163698888,1.2786114931657044,-0.7294401949311137,-2.008051688096818
41.0,3.0,1.0,6.0,6.0,29.0,4.0,0.7498613162507397,0.6619965886228195,0.7542067454080745,386.15385364893416,512.0,0.0018314860358385628,0.0021901173157608637,-0.00035863127992230093,4.426487827583258,0.6979196791367037,-3.728568148446554
41.0,3.0,1.0,6.0,6.0,30.0,1.0,0.7498613162507397,0.6619965886228195,0.6444795505478448,82.49338247012413,128.0,0.00792601939017305,0.009489740394139606,-0.0015637210039665568,1.1695415202284196,-2.0550173708421084,-3.224558891070528
41.0,3.0,1.0,6.0,6.0,30.0,4.0,0.7498613162507397,0.6619965886228195,0.7423122432877751,380.06386856334086,512.0,0.002670544764180789,0.0031842411859551193,-0.0005136964217743304,2.992406390248968,0.3501265718830076,-2.6422798183659606
41.0,3.0,1.0,6.0,6.0,31.0,1.0,0.7498613162507397,0.6619965886228195,0.7873811644754841,100.78478905286197,128.0,0.01969489434939281,0.014633103117415502,0.005061791231977308,-3.1662814002661763,-6.316440011473828,-3.150158611207652
41.0,3.0,1.0,6.0,6.0,31.0,4.0,0.7498613162507397,0.6619965886228195,0.7717231029092393,395.1222286895305,512.0,0.004109316057457266,0.005272989858478445,-0.0011636738010211787,1.4003903033012106,-2.3740496106520124,-3.774439913953223
41.0,3.0,1.0,6.0,6.0,32.0,1.0,0.7498613162507397,0.6619965886228195,0.7960357284633117,101.8925732433039,128.0,0.021032547117713386,0.02741903928096183,-0.006386492163248443,4.983040765801459,-0.8569234601637697,-5.839964225965228
41.0,3.0,1.0,6.0,6.0,32.0,4.0,0.7498613162507397,0.6619965886228195,0.7595442393475466,388.88665054594384,512.0,0.002239713659065992,0.0048958415062201385,-0.0026561278471541466,3.1147038296428065,0.4161476793582165,-2.69855615028459
42.0,3.0,4.0,3.0,6.0,1.0,1.0,0.7217967020388358,0.8460627017643755,0.8442965508687186,108.06995851119598,128.0,0.004849120439114729,0.004934071391004914,-8.495095189018503e-05,5.3918745379616135,5.3600364461750605,-0.03183809178655306
42.0,3.0,4.0,3.0,6.0,1.0,4.0,0.7217967020388358,0.8460627017643755,0.7438271260694739,380.8394885475706,512.0,0.003838556553548007,0.00499200936500232,-0.0011534528114543136,8.47899261724836,5.68797315924053,-2.791019458007831
42.0,3.0,4.0,3.0,6.0,2.0,1.0,0.7217967020388358,0.8460627017643755,0.7376326623567047,94.4169807816582,128.0,0.008025130020196758,0.008111373031159257,-8.624301096249974e-05,3.8617417725805394,2.99734580017891,-0.8643959724016295
42.0,3.0,4.0,3.0,6.0,2.0,4.0,0.7217967020388358,0.8460627017643755,0.6580880899180079,336.94110203802006,512.0,0.0025805768488047377,0.0032840019238370207,-0.000703425075032283,5.494113902521828,3.7512271543014792,-1.7428867482203492
42.0,3.0,4.0,3.0,6.0,3.0,1.0,0.7217967020388358,0.8460627017643755,0.6852345891525545,87.71002741152698,128.0,0.02135717386849324,0.009557630274205798,0.011799543594287441,13.210339028276008,7.835830234518516,-5.374508793757492
42.0,3.0,4.0,3.0,6.0,3.0,4.0,0.7217967020388358,0.8460627017643755,0.6940427079514085,355.3498664711212,512.0,0.007200181092640345,0.0045743163506998,0.002625864741940545,13.527834321217068,8.818020636107299,-4.7098136851097685
42.0,3.0,4.0,3.0,6.0,4.0,1.0,0.7217967020388358,0.8460627017643755,0.723402668282688,92.59554154018406,128.0,0.006164068742110874,0.0072804642987244084,-0.0011163955566135348,4.333005685621255,4.08809646701996,-0.2449092186012951
42.0,3.0,4.0,3.0,6.0,4.0,4.0,0.7217967020388358,0.8460627017643755,0.6779145043601527,347.09222623239816,512.0,0.0037324041540714777,0.004067723017405284,-0.0003353188633338066,4.671433726196521,4.256822427174022,-0.41461129902249905
42.0,3.0,4.0,3.0,6.0,5.0,1.0,0.7217967020388358,0.8460627017643755,0.6756388211254486,86.48176910405742,128.0,0.00616537350387719,0.0069651269182115574,-0.0007997534143343674,10.213705900046977,9.207414538097389,-1.0062913619495877
42.0,3.0,4.0,3.0,6.0,5.0,4.0,0.7217967020388358,0.8460627017643755,0.7301367639193131,373.83002312668833,512.0,0.001921799421243277,0.002256145183785449,-0.00033434576254217177,6.915895482043481,4.973270214232467,-1.9426252678110139
42.0,3.0,4.0,3.0,6.0,6.0,1.0,0.7217967020388358,0.8460627017643755,0.8174393213496065,104.63223313274963,128.0,0.0038136884646760897,0.004055140138018622,-0.0002414516733425325,5.852814782681357,5.422655653396485,-0.43015912928487143
42.0,3.0,4.0,3.0,6.0,6.0,4.0,0.7217967020388358,0.8460627017643755,0.7969757912780012,408.0516051343366,512.0,0.0034867261522974593,0.0027634217923642977,0.0007233043599331615,7.396113544610967,5.316981967029776,-2.0791315775811903
42.0,3.0,4.0,3.0,6.0,7.0,1.0,0.7217967020388358,0.8460627017643755,0.8439966460600516,108.03157069568661,128.0,0.0104605564378919,0.011283285921940856,-0.0008227294840489566,11.80797265801798,7.877204821484457,-3.930767836533522
42.0,3.0,4.0,3.0,6.0,7.0,4.0,0.7217967020388358,0.8460627017643755,0.7159057981275228,366.54376864129165,512.0,0.0034909040367820414,0.003797858871036925,-0.00030695483425488383,12.174879155644012,9.2094260190272,-2.965453136616812
42.0,3.0,4.0,3.0,6.0,8.0,1.0,0.7217967020388358,0.8460627017643755,0.5802884292884635,74.27691894892332,128.0,0.010331327726382993,0.005105308787665281,0.005226018938717712,1.6102376948845227,1.3420339024588435,-0.26820379242567927
42.0,3.0,4.0,3.0,6.0,8.0,4.0,0.7217967020388358,0.8460627017643755,0.6596225827089168,337.7267623469654,512.0,0.0041733952478059996,0.003818216994529224,0.0003551782532767757,5.572975804858361,4.725890633267646,-0.8470851715907148
42.0,3.0,4.0,3.0,6.0,9.0,1.0,0.7217967020388358,0.8460627017643755,0.7500397595183809,96.00508921835275,128.0,0.04397362367464405,0.025940479721318976,0.018033143953325077,14.32291232173154,12.675263376914595,-1.647648944816945
42.0,3.0,4.0,3.0,6.0,9.0,4.0,0.7217967020388358,0.8460627017643755,0.6942477872813221,355.4548670880369,512.0,0.009467282962896445,0.007296732970308491,0.0021705499925879545,11.64144414924238,9.962552914632923,-1.6788912346094573
42.0,3.0,4.0,3.0,6.0,10.0,1.0,0.7217967020388358,0.8460627017643755,0.6582448996833159,84.25534715946443,128.0,0.010884795924652862,0.013418402304746127,-0.002533606380093265,10.709990434337916,9.530291176623718,-1.1796992577141978
42.0,3.0,4.0,3.0,6.0,10.0,4.0,0.7217967020388358,0.8460627017643755,0.6716014400065474,343.8599372833523,512.0,0.0024462020764215602,0.0027885362604197677,-0.0003423341839982074,3.407835677296284,3.0872106414809424,-0.3206250358153415
42.0,3.0,4.0,3.0,6.0,11.0,1.0,0.7217967020388358,0.8460627017643755,0.7134750970917764,91.32481242774737,128.0,0.005558121719420741,0.005912656013975797,-0.0003545342945550558,2.2952202188202375,1.8581305244835098,-0.43708969433672773
42.0,3.0,4.0,3.0,6.0,11.0,4.0,0.7217967020388358,0.8460627017643755,0.769450344943278,393.95857661095835,512.0,0.0016059759216042933,0.0028412479794829915,-0.0012352720578786983,7.066166510175155,5.431865500864091,-1.6343010093110646
42.0,3.0,4.0,3.0,6.0,12.0,1.0,0.7217967020388358,0.8460627017643755,0.7345338467481206,94.02033238375944,128.0,0.014282177803367144,0.013788033552867715,0.0004941442504994287,12.725151884997194,9.333763042726057,-3.3913888422711373
42.0,3.0,4.0,3.0,6.0,12.0,4.0,0.7217967020388358,0.8460627017643755,0.7596171207562494,388.9239658271997,512.0,0.00514200371974526,0.0053273414744690675,-0.00018533775472380758,13.578314444869166,12.013598617784464,-1.5647158270847026
42.0,3.0,4.0,3.0,6.0,13.0,1.0,0.7217967020388358,0.8460627017643755,0.6532371573938011,83.61435614640654,128.0,0.019634279609798133,0.009912357781817012,0.00972192182798112,5.86916760448575,4.25872792179763,-1.6104396826881207
42.0,3.0,4.0,3.0,6.0,13.0,4.0,0.7217967020388358,0.8460627017643755,0.736533861480916,377.105337078229,512.0,0.00361280655931667,0.002697498062833055,0.0009153084964836147,10.30361114641721,7.535734519874092,-2.767876626543119
42.0,3.0,4.0,3.0,6.0,14.0,1.0,0.7217967020388358,0.8460627017643755,0.7479048064834428,95.73181522988068,128.0,0.007099187154666784,0.007026063332457165,7.312382220961856e-05,9.814389051796153,9.38903347779868,-0.42535557399747326
42.0,3.0,4.0,3.0,6.0,14.0,4.0,0.7217967020388358,0.8460627017643755,0.7497910762710016,383.8930310507528,512.0,0.001703446295887227,0.0021442177993099268,-0.00044077150342269975,6.834946197248631,4.55752264973107,-2.277423547517561
42.0,3.0,4.0,3.0,6.0,15.0,1.0,0.7217967020388358,0.8460627017643755,0.6638297763224019,84.97021136926745,128.0,0.039725325315993036,0.03010662203542807,0.009618703280564966,1.9195325757568384,0.597010994275764,-1.3225215814810745
42.0,3.0,4.0,3.0,6.0,15.0,4.0,0.7217967020388358,0.8460627017643755,0.6906164473712573,353.5956210540837,512.0,0.005011538576510956,0.005184471502257105,-0.00017293292574614965,8.377404889798369,7.249313741502648,-1.128091148295721
42.0,3.0,4.0,3.0,6.0,16.0,1.0,0.7217967020388358,0.8460627017643755,0.7362465931808866,94.23956392715348,128.0,0.009242925728632556,0.0028217406736213615,0.006421185055011195,6.545281490147622,4.801426253287022,-1.7438552368606004
42.0,3.0,4.0,3.0,6.0,16.0,4.0,0.7217967020388358,0.8460627017643755,0.8135627091902798,416.5441071054233,512.0,0.009968315750621785,0.0056158090795374194,0.004352506671084366,15.190200489323795,11.069840944221232,-4.120359545102563
42.0,3.0,4.0,3.0,6.0,17.0,1.0,0.7217967020388358,0.8460627017643755,0.870483143901022,111.42184241933082,128.0,0.016072150535172573,0.015749720784742023,0.0003224297504305501,9.190664064128768,9.141159682004327,-0.04950438212444119
42.0,3.0,4.0,3.0,6.0,17.0,4.0,0.7217967020388358,0.8460627017643755,0.692193447992977,354.4030453724042,512.0,0.002130980457900074,0.002593201504258671,-0.00046222104635859716,8.160932841055745,6.227320856925197,-1.9336119841305477
42.0,3.0,4.0,3.0,6.0,18.0,1.0,0.7217967020388358,0.8460627017643755,0.7797969929217585,99.81401509398509,128.0,0.020241778804570204,0.01916435616594231,0.0010774226386278951,7.344149705178806,6.924395697701219,-0.41975400747758673
42.0,3.0,4.0,3.0,6.0,18.0,4.0,0.7217967020388358,0.8460627017643755,0.7237615233593087,370.56589995996603,512.0,0.003934590124908575,0.004502378754057862,-0.000567788629149287,7.0266061463041725,6.596713114904564,-0.4298930313996081
42.0,3.0,4.0,3.0,6.0,19.0,1.0,0.7217967020388358,0.8460627017643755,0.7148759895240809,91.50412665908236,128.0,0.018343172012785035,0.016216642037836924,0.0021265299749481104,0.866959438770278,-0.010118561598585454,-0.8770780003688635
42.0,3.0,4.0,3.0,6.0,19.0,4.0,0.7217967020388358,0.8460627017643755,0.7507430109356644,384.3804215990602,512.0,0.004876856723773976,0.00381442069205545,0.0010624360317185262,3.7529502848637604,2.324069258110179,-1.4288810267535812
42.0,3.0,4.0,3.0,6.0,20.0,1.0,0.7217967020388358,0.8460627017643755,0.8348350367201232,106.85888470017576,128.0,0.008499480877890842,0.007258787490321745,0.0012406933875690968,12.553315215500682,11.712072149836802,-0.8412430656638801
42.0,3.0,4.0,3.0,6.0,20.0,4.0,0.7217967020388358,0.8460627017643755,0.7252748090880227,371.3407022530676,512.0,0.0015941417028844215,0.001865415675475492,-0.00027127397259107044,9.655732916262204,7.839619873590571,-1.816113042671633
42.0,3.0,4.0,3.0,6.0,21.0,1.0,0.7217967020388358,0.8460627017643755,0.7538969932661408,96.49881513806602,128.0,0.006439861997595435,0.006439861997595435,0.0,5.998557909895168,5.998557909895168,0.0
42.0,3.0,4.0,3.0,6.0,21.0,4.0,0.7217967020388358,0.8460627017643755,0.7460928619714399,381.9995453293772,512.0,0.0024625532694510697,0.0033888416739523814,-0.0009262884045013117,7.187713159028382,5.870603856071464,-1.3171093029569176
42.0,3.0,4.0,3.0,6.0,22.0,1.0,0.7217967020388358,0.8460627017643755,0.7315042938646703,93.6325496146778,128.0,0.007244674392615702,0.00745125768501202,-0.00020658329239631873,3.6070945886657277,3.446359763073844,-0.1607348255918839
42.0,3.0,4.0,3.0,6.0,22.0,4.0,0.7217967020388358,0.8460627017643755,0.7291215721315922,373.3102449313752,512.0,0.003290448095653026,0.0019491365845045801,0.0013413115111484458,8.638496862319643,6.633837293448382,-2.0046595688712614
42.0,3.0,4.0,3.0,6.0,23.0,1.0,0.7217967020388358,0.8460627017643755,0.753720387842026,96.47620964377933,128.0,0.03405934211928397,0.036786570639748176,-0.0027272285204642047,4.179882117679256,3.3365057387842447,-0.843376378895011
42.0,3.0,4.0,3.0,6.0,23.0,4.0,0.7217967020388358,0.8460627017643755,0.699061617995262,357.91954841357415,512.0,0.004041088509188398,0.005484419805599747,-0.0014433312964113494,6.019206316104784,5.162890730752797,-0.8563155853519868
42.0,3.0,4.0,3.0,6.0,24.0,1.0,0.7217967020388358,0.8460627017643755,0.6524863314393354,83.51825042423494,128.0,0.009258669367655036,0.008569372880982175,0.0006892964866728607,6.721244257674226,5.787214894483762,-0.9340293631904641
42.0,3.0,4.0,3.0,6.0,24.0,4.0,0.7217967020388358,0.8460627017643755,0.6804307240312063,348.3805307039776,512.0,0.001959239430017864,0.003097965693270293,-0.001138726263252429,9.395345163104722,7.949033023108608,-1.4463121399961132
42.0,3.0,4.0,3.0,6.0,25.0,1.0,0.7217967020388358,0.8460627017643755,0.821331914401776,105.13048504342733,128.0,0.01631266663565819,0.005624357749000932,0.010688308886657257,9.14700313500596,7.408075727646559,-1.7389274073594008
42.0,3.0,4.0,3.0,6.0,25.0,4.0,0.7217967020388358,0.8460627017643755,0.7801748358000505,399.4495159296259,512.0,0.004247026748887571,0.0027876775561157807,0.0014593491927717903,6.0912119325747645,4.182527176584942,-1.9086847559898228
42.0,3.0,4.0,3.0,6.0,26.0,1.0,0.7217967020388358,0.8460627017643755,0.8376070255996622,107.21369927675676,128.0,0.007562299945697037,0.008207127261551043,-0.0006448273158540059,10.928168431643753,10.391482443406703,-0.5366859882370498
42.0,3.0,4.0,3.0,6.0,26.0,4.0,0.7217967020388358,0.8460627017643755,0.7798656944933724,399.29123558060667,512.0,0.004456486552161035,0.004502664174373181,-4.6177622212146066e-05,12.519770642485698,11.851063572104964,-0.6687070703807336
42.0,3.0,4.0,3.0,6.0,27.0,1.0,0.7217967020388358,0.8460627017643755,0.7062823506238715,90.40414087985555,128.0,0.02138222053178888,0.02257454739185948,-0.0011923268600705986,15.485080149279058,14.99332038445995,-0.49175976481910766
42.0,3.0,4.0,3.0,6.0,27.0,4.0,0.7217967020388358,0.8460627017643755,0.6428622686530414,329.1454815503572,512.0,0.0013162433168816385,0.0018335716111768103,-0.0005173282942951718,8.022600214436116,7.730651491079061,-0.2919487233570548
42.0,3.0,4.0,3.0,6.0,28.0,1.0,0.7217967020388358,0.8460627017643755,0.6748531773976488,86.38120670689905,128.0,0.006477115576742815,0.0056768847621098475,0.0008002308146329677,1.1024894002725747,-0.26649790174829635,-1.3689873020208712
42.0,3.0,4.0,3.0,6.0,28.0,4.0,0.7217967020388358,0.8460627017643755,0.6885843204807418,352.5551720861398,512.0,0.0026288793271752042,0.0023207150730463876,0.0003081642541288166,5.652047436735981,4.941117426558279,-0.7109300101777025
42.0,3.0,4.0,3.0,6.0,29.0,1.0,0.7217967020388358,0.8460627017643755,0.768051847622919,98.31063649573363,128.0,0.0038335839836074422,0.0038892766591579453,-5.5692675550503105e-05,1.2510964484397273,1.2414789110211812,-0.009617537418546096
42.0,3.0,4.0,3.0,6.0,29.0,4.0,0.7217967020388358,0.8460627017643755,0.7197807460813573,368.52774199365496,512.0,0.0033074735855567585,0.0035509821821457033,-0.00024350859658894483,4.127758590631358,3.205263820234103,-0.9224947703972552
42.0,3.0,4.0,3.0,6.0,30.0,1.0,0.7217967020388358,0.8460627017643755,0.6450873172347367,82.5711766060463,128.0,0.006545487224500921,0.006545487224500921,0.0,7.434407874361628,7.434407874361628,0.0
42.0,3.0,4.0,3.0,6.0,30.0,4.0,0.7217967020388358,0.8460627017643755,0.7096320354456594,363.33160214817764,512.0,0.003868367894146689,0.004488940584826803,-0.0006205726906801136,11.118405306579662,10.202859021183786,-0.9155462853958767
42.0,3.0,4.0,3.0,6.0,31.0,1.0,0.7217967020388358,0.8460627017643755,0.7414901900019589,94.91074432025074,128.0,0.011324355767499824,0.011459463514950427,-0.00013510774745060378,8.827793514607267,7.951414675074425,-0.8763788395328422
42.0,3.0,4.0,3.0,6.0,31.0,4.0,0.7217967020388358,0.8460627017643755,0.7619720528548003,390.12969106165775,512.0,0.0022003592158673056,0.002474925790811552,-0.00027456657494424625,7.970998779392734,5.9260653228782125,-2.0449334565145216
42.0,3.0,4.0,3.0,6.0,32.0,1.0,0.7217967020388358,0.8460627017643755,0.7692031841956674,98.45800757704542,128.0,0.007324003828119047,0.005933432346808477,0.0013905714813105706,6.092974577476686,3.600899525523848,-2.492075051952838
42.0,3.0,4.0,3.0,6.0,32.0,4.0,0.7217967020388358,0.8460627017643755,0.7644919098858303,391.4198578615451,512.0,0.004937126305312248,0.005854157003969896,-0.0009170306986576483,6.0124541758980286,4.4325829131098295,-1.579871262788199
43.0,6.0,8.0,9.0,6.0,1.0,1.0,0.7217146092562535,0.7387888485922723,0.6234414602581497,79.80050691304317,128.0,0.002665008096309383,0.0005235686261432875,0.0021414394701660955,2.1788335529540594,0.1241638760759236,-2.054669676878136
43.0,6.0,8.0,9.0,6.0,1.0,4.0,0.7217146092562535,0.7387888485922723,0.6366675479035956,325.97378452664094,512.0,0.0009132915407986629,0.0008456269410591739,6.766459973948902e-05,1.2757039421973906,0.013519842563032219,-1.2621840996343583
43.0,6.0,8.0,9.0,6.0,2.0,1.0,0.7217146092562535,0.7387888485922723,0.7053370227705275,90.28313891462751,128.0,0.0005944443632842787,0.0005944443632842787,0.0,0.0,0.0,0.0
43.0,6.0,8.0,9.0,6.0,2.0,4.0,0.7217146092562535,0.7387888485922723,0.6465516661583445,331.03445307307237,512.0,0.0005573825788301777,0.0008911998112266547,-0.000333817232396477,0.5586559205820641,0.11151589173846503,-0.4471400288435991
43.0,6.0,8.0,9.0,6.0,3.0,1.0,0.7217146092562535,0.7387888485922723,0.6271153585257,80.2707658912896,128.0,0.0005944443632842787,0.0005944443632842787,0.0,0.0,0.0,0.0
43.0,6.0,8.0,9.0,6.0,3.0,4.0,0.7217146092562535,0.7387888485922723,0.5871310055182846,300.6110748253617,512.0,0.0021124891730948886,0.004082780197516154,-0.0019702910244212652,0.7499292908045525,-0.2764008466299701,-1.0263301374345226
43.0,6.0,8.0,9.0,6.0,4.0,1.0,0.7217146092562535,0.7387888485922723,0.6499413735308739,83.19249581195186,128.0,0.004978940274932141,0.0022161742819302097,0.002762765993001931,2.790749823546104,1.63430872651508,-1.1564410970310242
43.0,6.0,8.0,9.0,6.0,4.0,4.0,0.7217146092562535,0.7387888485922723,0.7069278571915023,361.9470628820492,512.0,0.004940732712551182,0.005255822913252403,-0.0003150902007012209,2.489070062201994,0.5691140600233104,-1.9199560021786837
43.0,6.0,8.0,9.0,6.0,5.0,1.0,0.7217146092562535,0.7387888485922723,0.6564168265407639,84.02135379721778,128.0,0.003981423789771897,0.004975544599204385,-0.0009941208094324883,0.4350812601132032,-0.056717495580922865,-0.49179875569412607
43.0,6.0,8.0,9.0,6.0,5.0,4.0,0.7217146092562535,0.7387888485922723,0.7302710308650073,373.89876780288375,512.0,0.0007749639051810891,0.001036099435935579,-0.00026113553075448996,0.25516843639004805,0.037999007497967224,-0.21716942889208082
43.0,6.0,8.0,9.0,6.0,6.0,1.0,0.7217146092562535,0.7387888485922723,0.8041593372347726,102.9323951660509,128.0,0.0005944443632842787,0.0005944443632842787,0.0,0.0,0.0,0.0
43.0,6.0,8.0,9.0,6.0,6.0,4.0,0.7217146092562535,0.7387888485922723,0.7718770955045061,395.20107289830713,512.0,0.00044493297249828393,0.0005045507444801778,-5.9617771981893865e-05,0.3051636336743141,0.20163823995134153,-0.10352539372297256
43.0,6.0,8.0,9.0,6.0,7.0,1.0,0.7217146092562535,0.7387888485922723,0.8277542155465973,105.95253958996446,128.0,0.0005944443632842787,0.0005944443632842787,0.0,0.0,0.0,0.0
43.0,6.0,8.0,9.0,6.0,7.0,4.0,0.7217146092562535,0.7387888485922723,0.6384151053148819,326.8685339212195,512.0,0.0007067943415235102,0.0016840208950148951,-0.000977226553491385,1.68154378081825,0.029630163561188794,-1.6519136172570612
43.0,6.0,8.0,9.0,6.0,8.0,1.0,0.7217146092562535,0.7387888485922723,0.850322507153179,108.84128091560692,128.0,0.0005944443632842787,0.0005944443632842787,0.0,0.0,0.0,0.0
43.0,6.0,8.0,9.0,6.0,8.0,4.0,0.7217146092562535,0.7387888485922723,0.748215008623638,383.08608441530265,512.0,0.0003405624274361611,0.0005298006247967046,-0.00018923819736054348,0.6796212484437998,0.09284141375458603,-0.5867798346892138
43.0,6.0,8.0,9.0,6.0,9.0,1.0,0.7217146092562535,0.7387888485922723,0.690444314803334,88.37687229482675,128.0,0.0005944443632842787,0.0005944443632842787,0.0,0.0,0.0,0.0
43.0,6.0,8.0,9.0,6.0,9.0,4.0,0.7217146092562535,0.7387888485922723,0.6703502125160442,343.21930880821463,512.0,0.0005865252231846698,0.0011441331646062747,-0.0005576079414216048,0.5400013803014516,-0.0200425722496601,-0.5600439525511117
43.0,6.0,8.0,9.0,6.0,10.0,1.0,0.7217146092562535,0.7387888485922723,0.7449345616780639,95.35162389479218,128.0,0.006267931164603021,0.0045208215139539674,0.001747109650649054,2.573871476275163,0.6504354212061139,-1.923436055069049
43.0,6.0,8.0,9.0,6.0,10.0,4.0,0.7217146092562535,0.7387888485922723,0.7626977655338814,390.50125595334725,512.0,0.0005363729912435985,0.0006330001930474293,-9.662720180383076e-05,1.5606977073041741,0.5250957688249024,-1.0356019384792718
43.0,6.0,8.0,9.0,6.0,11.0,1.0,0.7217146092562535,0.7387888485922723,0.46262037852882054,59.21540845168903,128.0,0.004806947994995558,0.00046445086683607806,0.00434249712815948,2.750899932162102,0.6907670976098614,-2.060132834552241
43.0,6.0,8.0,9.0,6.0,11.0,4.0,0.7217146092562535,0.7387888485922723,0.6653434503603828,340.655846584516,512.0,0.000987111047055192,0.0004279593639386216,0.0005591516831165704,1.990304514445031,0.5673641648055965,-1.4229403496394346
43.0,6.0,8.0,9.0,6.0,12.0,1.0,0.7217146092562535,0.7387888485922723,0.8024865457294804,102.7182778533735,128.0,0.001318356754381635,0.0005944443632842787,0.0007239123910973563,1.219776808147128,0.0,-1.219776808147128
43.0,6.0,8.0,9.0,6.0,12.0,4.0,0.7217146092562535,0.7387888485922723,0.6360991002046019,325.6827393047562,512.0,0.0042333758875235696,0.0021300387784529353,0.0021033371090706343,3.2887153640649283,0.03067386929004156,-3.258041494774887
43.0,6.0,8.0,9.0,6.0,13.0,1.0,0.7217146092562535,0.7387888485922723,0.7822302145775311,100.12546746592398,128.0,0.012764263905157865,0.006587985215056159,0.006176278690101706,4.139912300340846,0.5963890425217341,-3.5435232578191123
43.0,6.0,8.0,9.0,6.0,13.0,4.0,0.7217146092562535,0.7387888485922723,0.7532816850726846,385.6802227572145,512.0,0.0019850548853532794,0.0014666593279711391,0.0005183955573821403,2.6524673908581975,0.557272289357578,-2.0951951015006194
43.0,6.0,8.0,9.0,6.0,14.0,1.0,0.7217146092562535,0.7387888485922723,0.8002321467277655,102.42971478115399,128.0,0.007134400694170258,0.0096754404967322,-0.0025410398025619415,0.8043894921555684,-0.39977750340929363,-1.204166995564862
43.0,6.0,8.0,9.0,6.0,14.0,4.0,0.7217146092562535,0.7387888485922723,0.7465076156103715,382.2118991925102,512.0,0.0006206277302517515,0.0009804539662526925,-0.00035982623600094095,0.4916475813635433,0.21251364617498494,-0.27913393518855834
43.0,6.0,8.0,9.0,6.0,15.0,1.0,0.7217146092562535,0.7387888485922723,0.7739755436578943,99.06886958821048,128.0,0.0005944443632842787,0.0005944443632842787,0.0,0.0,0.0,0.0
43.0,6.0,8.0,9.0,6.0,15.0,4.0,0.7217146092562535,0.7387888485922723,0.7338926898907268,375.7530572240521,512.0,0.0009239644394054304,0.001906549538981907,-0.0009825850995764766,1.1462133940132064,0.06614841739317535,-1.080064976620031
43.0,6.0,8.0,9.0,6.0,16.0,1.0,0.7217146092562535,0.7387888485922723,0.7753647413961858,99.24668689871179,128.0,0.0007795941447649597,0.0005580271707448692,0.00022156697402009047,0.6587832985803376,0.050707076075368736,-0.6080762225049688
43.0,6.0,8.0,9.0,6.0,16.0,4.0,0.7217146092562535,0.7387888485922723,0.6544590110376136,335.08301365125817,512.0,0.0009592313590488984,0.0019127350820110076,-0.0009535037229621092,1.3726336554885976,0.054259007876694146,-1.3183746476119034
43.0,6.0,8.0,9.0,6.0,17.0,1.0,0.7217146092562535,0.7387888485922723,0.6798062543180415,87.01520055270932,128.0,0.00351530240823719,0.002115494896691976,0.0013998075115452136,1.7775639241165304,0.5141320030959435,-1.2634319210205869
43.0,6.0,8.0,9.0,6.0,17.0,4.0,0.7217146092562535,0.7387888485922723,0.714294972353953,365.71902584522394,512.0,0.0008722384918411799,0.0012828378367024623,-0.0004105993448612824,0.4966680464611699,-0.05650536370042055,-0.5531734101615905
43.0,6.0,8.0,9.0,6.0,18.0,1.0,0.7217146092562535,0.7387888485922723,0.8035112162407753,102.84943567881923,128.0,0.008408308081836463,0.008408308081836463,0.0,-2.261009687703659,-2.261009687703659,0.0
43.0,6.0,8.0,9.0,6.0,18.0,4.0,0.7217146092562535,0.7387888485922723,0.8258966395205698,422.85907943453174,512.0,0.004735871280898029,0.004793820925037812,-5.794964413978303e-05,-0.16815905015477875,-0.2164137491493461,-0.04825469899456736
43.0,6.0,8.0,9.0,6.0,19.0,1.0,0.7217146092562535,0.7387888485922723,0.744646155188161,95.31470786408461,128.0,0.016378945792125784,0.016548420544234298,-0.00016947475210851368,-1.097672417425978,-0.943018247750046,0.15465416967593204
43.0,6.0,8.0,9.0,6.0,19.0,4.0,0.7217146092562535,0.7387888485922723,0.7540263080366808,386.06146971478057,512.0,0.005928738648208084,0.007487241683202141,-0.0015585030349940573,0.9868522788399928,-0.1802232343854482,-1.1670755132254411
43.0,6.0,8.0,9.0,6.0,20.0,1.0,0.7217146092562535,0.7387888485922723,0.8623164637098536,110.37650735486126,128.0,0.0059929203131398046,0.0029994190514778443,0.0029935012616619603,3.2525316559867545,0.535862606628536,-2.7166690493582184
43.0,6.0,8.0,9.0,6.0,20.0,4.0,0.7217146092562535,0.7387888485922723,0.8076496524191112,413.51662203858496,512.0,0.004147931323800816,0.005564443664368911,-0.0014165123405680954,1.4398360655325746,0.13355992251433688,-1.3062761430182377
43.0,6.0,8.0,9.0,6.0,21.0,1.0,0.7217146092562535,0.7387888485922723,0.8623857067358464,110.38537046218833,128.0,0.002573094298705494,0.0009014496094724958,0.0016716446892329983,1.5494343871156684,0.28693869835534963,-1.2624956887603187
43.0,6.0,8.0,9.0,6.0,21.0,4.0,0.7217146092562535,0.7387888485922723,0.7678595182158849,393.1440733265331,512.0,0.001940858825819833,0.0021827838742404567,-0.00024192504842062367,1.3947872479683057,0.45916424544542933,-0.9356230025228763
43.0,6.0,8.0,9.0,6.0,22.0,1.0,0.7217146092562535,0.7387888485922723,0.7789404801444159,99.70438145848523,128.0,0.011752836217880102,0.011752836217880102,0.0,-2.050271726728829,-2.050271726728829,0.0
43.0,6.0,8.0,9.0,6.0,22.0,4.0,0.7217146092562535,0.7387888485922723,0.7993405531319119,409.2623632035389,512.0,0.0017929240382775894,0.001991557041869672,-0.0001986330035920825,0.031788277742844324,-0.405122645019481,-0.4369109227623253
43.0,6.0,8.0,9.0,6.0,23.0,1.0,0.7217146092562535,0.7387888485922723,0.6698144428810627,85.73624868877603,128.0,0.02283439968376877,0.0229672824778316,-0.0001328827940628302,2.006756768292879,-1.2609104187059765,-3.2676671869988554
43.0,6.0,8.0,9.0,6.0,23.0,4.0,0.7217146092562535,0.7387888485922723,0.7379287316045985,377.8195105815544,512.0,0.0031158466135555027,0.004039106043940489,-0.0009232594303849864,1.0798214452194164,-0.042698395292112806,-1.122519840511529
43.0,6.0,8.0,9.0,6.0,24.0,1.0,0.7217146092562535,0.7387888485922723,0.7346298199450608,94.03261695296779,128.0,0.0024834447739343086,0.0005566406523047861,0.0019268041216295225,2.1444360552228883,0.15194054550791605,-1.9924955097149721
43.0,6.0,8.0,9.0,6.0,24.0,4.0,0.7217146092562535,0.7387888485922723,0.7392019234438535,378.471384803253,512.0,0.0005308942521770868,0.0009144354188708773,-0.00038354116669379055,1.5170984410252535,0.1490433296096362,-1.3680551114156172
43.0,6.0,8.0,9.0,6.0,25.0,1.0,0.7217146092562535,0.7387888485922723,0.640624760525469,81.99996934726003,128.0,0.0005944443632842787,0.0005944443632842787,0.0,0.0,0.0,0.0
43.0,6.0,8.0,9.0,6.0,25.0,4.0,0.7217146092562535,0.7387888485922723,0.6925720363200148,354.5968825958476,512.0,0.001312408241174324,0.002712393463874312,-0.0013999852226999879,2.2869279946499885,-0.05866664483905322,-2.345594639489042
43.0,6.0,8.0,9.0,6.0,26.0,1.0,0.7217146092562535,0.7387888485922723,0.7704042312691979,98.61174160245733,128.0,0.01732883167348553,0.016654185995704607,0.0006746456777809232,-1.7994364496206416,-1.874254275674077,-0.07481782605343534
43.0,6.0,8.0,9.0,6.0,26.0,4.0,0.7217146092562535,0.7387888485922723,0.7362850190446377,376.9779297508545,512.0,0.0008498680495501384,0.001348428483512634,-0.0004985604339624956,1.305781694415596,0.5104282288949208,-0.7953534655206752
43.0,6.0,8.0,9.0,6.0,27.0,1.0,0.7217146092562535,0.7387888485922723,0.6669661344006903,85.37166520328836,128.0,0.00320727735897476,0.002869101072743415,0.0003381762862313454,0.7340187684565482,0.8390102633220518,0.10499149486550352
43.0,6.0,8.0,9.0,6.0,27.0,4.0,0.7217146092562535,0.7387888485922723,0.7272744000125749,372.36449280643836,512.0,0.0006335141506343263,0.0006025469169990076,3.096723363531868e-05,0.20211760495521722,0.2210535254274594,0.018935920472242185
43.0,6.0,8.0,9.0,6.0,28.0,1.0,0.7217146092562535,0.7387888485922723,0.6906932663316532,88.4087380904516,128.0,0.0012596217723421287,0.0005455156135669927,0.000714106158775136,1.6751094786611505,0.8354811057272058,-0.8396283729339447
43.0,6.0,8.0,9.0,6.0,28.0,4.0,0.7217146092562535,0.7387888485922723,0.6827638795156211,349.575106311998,512.0,0.0007351543477064407,0.0005175505567465773,0.00021760379095986339,1.6108451877186145,0.32763942250880995,-1.2832057652098046
43.0,6.0,8.0,9.0,6.0,29.0,1.0,0.7217146092562535,0.7387888485922723,0.7838082317513116,100.32745366416789,128.0,0.0005944443632842787,0.0005944443632842787,0.0,0.0,0.0,0.0
43.0,6.0,8.0,9.0,6.0,29.0,4.0,0.7217146092562535,0.7387888485922723,0.7707970407600055,394.64808486912284,512.0,0.0008362108045240314,0.0004587791387768779,0.0003774316657471535,1.2430338726601045,0.24221429818157894,-1.0008195744785255
43.0,6.0,8.0,9.0,6.0,30.0,1.0,0.7217146092562535,0.7387888485922723,0.7529382405198339,96.37609478653874,128.0,0.006123456489392087,0.0020197885789352324,0.004103667910456854,2.8554026792165565,0.9217212485093647,-1.933681430707192
43.0,6.0,8.0,9.0,6.0,30.0,4.0,0.7217146092562535,0.7387888485922723,0.5755905301338063,294.70235142850885,512.0,0.00243993200362299,0.0005230229896518376,0.0019169090139711524,2.3656032512342624,0.4668424814635535,-1.898760769770709
43.0,6.0,8.0,9.0,6.0,31.0,1.0,0.7217146092562535,0.7387888485922723,0.7595089412910252,97.21714448525123,128.0,0.0014090749414054332,0.001716686623684802,-0.0003076116822793688,1.3531002042658116,1.0731383134270351,-0.27996189083877643
43.0,6.0,8.0,9.0,6.0,31.0,4.0,0.7217146092562535,0.7387888485922723,0.7146942255214309,365.9234434669726,512.0,0.0005635442804910865,0.0006791977402184588,-0.00011565345972737223,0.6674989885558753,0.2984495287972835,-0.3690494597585918
43.0,6.0,8.0,9.0,6.0,32.0,1.0,0.7217146092562535,0.7387888485922723,0.8090045119762908,103.55257753296522,128.0,0.001544290598577743,0.0005787655022876977,0.0009655250962900452,1.1857566202695338,0.17056791138852423,-1.0151887088810096
43.0,6.0,8.0,9.0,6.0,32.0,4.0,0.7217146092562535,0.7387888485922723,0.7926879418958959,405.8562262506987,512.0,0.0011943646057779903,0.0037861861144577805,-0.0025918215086797904,1.2634421973793495,0.006363374300778234,-1.2570788230785712
44.0,7.0,5.0,6.0,6.0,1.0,1.0,0.6291494359124491,0.6400693643393975,0.5113641242253943,65.45460790085048,128.0,0.012880317206148288,0.01621721848860224,-0.0033369012824539523,4.419490890133721,5.725071288380933,1.305580398247212
44.0,7.0,5.0,6.0,6.0,1.0,4.0,0.6291494359124491,0.6400693643393975,0.5824321850823182,298.2052787621469,512.0,0.005141297076780736,0.0070390767897151735,-0.0018977797129344377,5.1961862880742276,6.210487887009113,1.0143015989348854
44.0,7.0,5.0,6.0,6.0,2.0,1.0,0.6291494359124491,0.6400693643393975,0.4975702066931603,63.68898645672452,128.0,0.007642321450599336,0.0043559933968993995,0.0032863280536999367,0.021115462677348876,0.8345929835367584,0.8134775208594095
44.0,7.0,5.0,6.0,6.0,2.0,4.0,0.6291494359124491,0.6400693643393975,0.5883023926096609,301.2108250161464,512.0,0.005467308256328306,0.006273425658291516,-0.0008061174019632095,3.9259044660177054,4.95335554454808,1.0274510785303743
44.0,7.0,5.0,6.0,6.0,3.0,1.0,0.6291494359124491,0.6400693643393975,0.5574890968168941,71.35860439256244,128.0,0.012934547543810283,0.014277241207072373,-0.00134269366326209,2.596127931209154,2.865924502018387,0.26979657080923314
44.0,7.0,5.0,6.0,6.0,3.0,4.0,0.6291494359124491,0.6400693643393975,0.5786279824904617,296.25752703511637,512.0,0.006525357419571321,0.00664145633629419,-0.00011609891672286887,3.168084323053469,4.391957914201045,1.223873591147576
44.0,7.0,5.0,6.0,6.0,4.0,1.0,0.6291494359124491,0.6400693643393975,0.6226694123161076,79.70168477646178,128.0,0.010348126167693962,0.009296854657038875,0.0010512715106550871,1.5977059095022645,3.1401260781407583,1.5424201686384937
44.0,7.0,5.0,6.0,6.0,4.0,4.0,0.6291494359124491,0.6400693643393975,0.6529784205631834,334.3249513283499,512.0,0.00292211240719663,0.005313777005502321,-0.0023916645983056914,5.528396306363836,6.450474023059913,0.9220777166960765
44.0,7.0,5.0,6.0,6.0,5.0,1.0,0.6291494359124491,0.6400693643393975,0.5750693224565491,73.60887327443828,128.0,0.030491805434396443,0.04175326950296347,-0.01126146406856703,4.646850729851705,4.5565606804910805,-0.09029004936062446
44.0,7.0,5.0,6.0,6.0,5.0,4.0,0.6291494359124491,0.6400693643393975,0.5860778366174567,300.07185234813784,512.0,0.007438095357889888,0.011128521561853375,-0.003690426203963487,6.4684849685508725,6.913079178128715,0.44459420957784257
44.0,7.0,5.0,6.0,6.0,6.0,1.0,0.6291494359124491,0.6400693643393975,0.5286530657614984,67.6675924174718,128.0,0.012216381894741501,0.009611493230712153,0.0026048886640293485,2.4794574226376196,3.6127121505070874,1.1332547278694678
44.0,7.0,5.0,6.0,6.0,6.0,4.0,0.6291494359124491,0.6400693643393975,0.5815194452519575,297.73795596900226,512.0,0.0056474047748254095,0.007732151312769791,-0.002084746537944381,4.623506731015607,5.396380730888393,0.772873999872786
44.0,7.0,5.0,6.0,6.0,7.0,1.0,0.6291494359124491,0.6400693643393975,0.679731523384539,87.005634993221,128.0,0.036943247437811286,0.038604375000429555,-0.0016611275626182698,1.09047376315104,1.4960047389989342,0.4055309758478942
44.0,7.0,5.0,6.0,6.0,7.0,4.0,0.6291494359124491,0.6400693643393975,0.7106678747736581,363.86195188411295,512.0,0.01029824063901529,0.009305464938651706,0.0009927757003635844,3.29605488839024,4.4161126661147145,1.1200577777244747
44.0,7.0,5.0,6.0,6.0,8.0,1.0,0.6291494359124491,0.6400693643393975,0.6997395295047713,89.56665977661072,128.0,0.01903055223516525,0.014943208880851355,0.004087343354313896,-1.4588991985327098,0.2586510512735565,1.7175502498062662
44.0,7.0,5.0,6.0,6.0,8.0,4.0,0.6291494359124491,0.6400693643393975,0.6060775474990452,310.31170431951114,512.0,0.007253747325065743,0.007790050210284338,-0.0005363028852185953,3.770496157411652,5.29562057408841,1.5251244166767584
44.0,7.0,5.0,6.0,6.0,9.0,1.0,0.6291494359124491,0.6400693643393975,0.5389704334626001,68.98821548321281,128.0,0.022414506286764974,0.019243215626405987,0.0031712906603589865,0.01471510758309326,1.3433890845387528,1.3286739769556595
44.0,7.0,5.0,6.0,6.0,9.0,4.0,0.6291494359124491,0.6400693643393975,0.5855392371969403,299.79608944483346,512.0,0.013603424265133597,0.006277044958964647,0.00732637930616895,1.3756545609595585,2.897221403728701,1.5215668427691427
44.0,7.0,5.0,6.0,6.0,10.0,1.0,0.6291494359124491,0.6400693643393975,0.6659964392597664,85.2475442252501,128.0,0.012005871335722808,0.010326704973920988,0.0016791663618018204,1.7241617842228627,2.5544274114434478,0.8302656272205851
44.0,7.0,5.0,6.0,6.0,10.0,4.0,0.6291494359124491,0.6400693643393975,0.7190150368301382,368.1356988570308,512.0,0.005005861734417993,0.00318403910551313,0.001821822628904863,2.306719126528698,3.553285317818044,1.2465661912893462
44.0,7.0,5.0,6.0,6.0,11.0,1.0,0.6291494359124491,0.6400693643393975,0.6938504623765539,88.8128591841989,128.0,0.04496501694121721,0.025398446206996363,0.01956657073422085,-0.4169896435146587,1.9703114626793556,2.3873011061940144
44.0,7.0,5.0,6.0,6.0,11.0,4.0,0.6291494359124491,0.6400693643393975,0.6325549749725068,323.8681471859235,512.0,0.00858685609674045,0.006956957304508833,0.0016298987922316165,3.22680326511553,4.26993228682911,1.0431290217135798
44.0,7.0,5.0,6.0,6.0,12.0,1.0,0.6291494359124491,0.6400693643393975,0.5759593000386148,73.7227904049427,128.0,0.011328669905292493,0.0076540207257963285,0.0036746491794961648,-0.47848975539566235,1.1397872503198272,1.6182770057154896
44.0,7.0,5.0,6.0,6.0,12.0,4.0,0.6291494359124491,0.6400693643393975,0.5985546523500779,306.4599820032399,512.0,0.0041926241381586744,0.005433724977458714,-0.0012411008393000394,4.913749152033495,5.665825141592689,0.7520759895591933
44.0,7.0,5.0,6.0,6.0,13.0,1.0,0.6291494359124491,0.6400693643393975,0.8101467259200068,103.69878091776087,128.0,0.0246138928122592,0.0214405148065723,0.0031733780056869,0.4155211218904857,3.2507340800915046,2.835212958201019
44.0,7.0,5.0,6.0,6.0,13.0,4.0,0.6291494359124491,0.6400693643393975,0.7294438280113518,373.4752399418121,512.0,0.007584578278815166,0.008857053805029248,-0.0012724755262140822,4.192012670371021,5.59221150605982,1.4001988356887987
44.0,7.0,5.0,6.0,6.0,14.0,1.0,0.6291494359124491,0.6400693643393975,0.668687760871033,85.59203339149222,128.0,0.01419290724760433,0.014489561414728175,-0.00029665416712384464,4.069703863207381,3.3842049615369874,-0.6854989016703934
44.0,7.0,5.0,6.0,6.0,14.0,4.0,0.6291494359124491,0.6400693643393975,0.568726768037696,291.1881052353003,512.0,0.0029361480958671454,0.003394719556823029,-0.00045857146095588377,4.713921874218862,5.105495090061622,0.39157321584275984
44.0,7.0,5.0,6.0,6.0,15.0,1.0,0.6291494359124491,0.6400693643393975,0.6501496228163763,83.21915172049617,128.0,0.03947826864229927,0.0336396884089306,0.0058385802333686745,4.5112413053118425,5.549289302354931,1.0380479970430887
44.0,7.0,5.0,6.0,6.0,15.0,4.0,0.6291494359124491,0.6400693643393975,0.6839471524842623,350.1809420719423,512.0,0.012965161523464643,0.013344235454084072,-0.00037907393061942934,5.5626086857504164,6.586304900243697,1.0236962144932802
44.0,7.0,5.0,6.0,6.0,16.0,1.0,0.6291494359124491,0.6400693643393975,0.6435351001160596,82.37249281485563,128.0,0.008288626107139974,0.005713498072762729,0.0025751280343772453,-0.46268050594968263,0.2107137045492278,0.6733942104989105
44.0,7.0,5.0,6.0,6.0,16.0,4.0,0.6291494359124491,0.6400693643393975,0.6944498059091312,355.55830062547517,512.0,0.002799288353204702,0.0032231276912220246,-0.00042383933801732254,3.5883213624129975,4.436527220884803,0.8482058584718053
44.0,7.0,5.0,6.0,6.0,17.0,1.0,0.6291494359124491,0.6400693643393975,0.5770340864716824,73.86036306837535,128.0,0.00934600279402698,0.012212177742226393,-0.002866174948199412,1.935825515196105,1.7601951293191065,-0.17563038587699853
44.0,7.0,5.0,6.0,6.0,17.0,4.0,0.6291494359124491,0.6400693643393975,0.6229939549745738,318.97290494698177,512.0,0.004945271436357989,0.007058327629343317,-0.0021130561929853277,4.441067709297434,4.527768786441861,0.08670107714442654
44.0,7.0,5.0,6.0,6.0,18.0,1.0,0.6291494359124491,0.6400693643393975,0.6503799979423014,83.24863973661458,128.0,0.03704056080081708,0.03394371158830172,0.0030968492125153582,-0.32568471518599723,0.5227950310697999,0.8484797462557971
44.0,7.0,5.0,6.0,6.0,18.0,4.0,0.6291494359124491,0.6400693643393975,0.6737600978378383,344.9651700929732,512.0,0.011155067710605631,0.011873892869515765,-0.0007188251589101344,4.188150070934049,5.295943730852718,1.107793659918669
44.0,7.0,5.0,6.0,6.0,19.0,1.0,0.6291494359124491,0.6400693643393975,0.8461923247369922,108.312617566335,128.0,0.020319489662621665,0.017013477299488173,0.0033060123631334926,2.815460324874598,4.519002379286942,1.7035420544123436
44.0,7.0,5.0,6.0,6.0,19.0,4.0,0.6291494359124491,0.6400693643393975,0.6353485713323057,325.2984685221405,512.0,0.007027458891055684,0.00696960081018249,5.785808087319447e-05,3.664001796621198,4.402468060871266,0.7384662642500679
44.0,7.0,5.0,6.0,6.0,20.0,1.0,0.6291494359124491,0.6400693643393975,0.7392930356741253,94.62950856628804,128.0,0.033211573834928454,0.03387805971705103,-0.0006664858821225778,2.1045147783859504,3.1434370397487976,1.0389222613628473
44.0,7.0,5.0,6.0,6.0,20.0,4.0,0.6291494359124491,0.6400693643393975,0.6712676891313905,343.6890568352719,512.0,0.0066621254356550455,0.008346401549569206,-0.0016842761139141604,5.186755312658806,6.186613461265346,0.9998581486065401
44.0,7.0,5.0,6.0,6.0,21.0,1.0,0.6291494359124491,0.6400693643393975,0.6631955449088556,84.88902974833351,128.0,0.09467592671798081,0.10154109459305041,-0.0068651678750696055,2.082716968394491,1.7874067243025753,-0.29531024409191553
44.0,7.0,5.0,6.0,6.0,21.0,4.0,0.6291494359124491,0.6400693643393975,0.6259309362744451,320.4766393725159,512.0,0.01023323577679095,0.012961985844589144,-0.0027287500677981944,5.682897261320371,6.525195022825405,0.8422977615050335
44.0,7.0,5.0,6.0,6.0,22.0,1.0,0.6291494359124491,0.6400693643393975,0.8353489387039622,106.92466415410716,128.0,0.021245197845713885,0.018457244588483378,0.002787953257230507,4.158419741447226,5.251159630421935,1.0927398889747089
44.0,7.0,5.0,6.0,6.0,22.0,4.0,0.6291494359124491,0.6400693643393975,0.783066426511618,400.9300103739484,512.0,0.005755431058702466,0.008598475361670552,-0.0028430443029680867,4.8490791945927,5.21158563446055,0.36250643986785036
44.0,7.0,5.0,6.0,6.0,23.0,1.0,0.6291494359124491,0.6400693643393975,0.7389782115550164,94.5892110790421,128.0,0.02693306903917904,0.02899528818599856,-0.0020622191468195224,2.847971475007481,3.8854604393411547,1.0374889643336735
44.0,7.0,5.0,6.0,6.0,23.0,4.0,0.6291494359124491,0.6400693643393975,0.6947667091644983,355.72055509222315,512.0,0.004968584553257743,0.003690686507922414,0.0012778980453353292,2.856081733895489,4.080527088321798,1.224445354426309
44.0,7.0,5.0,6.0,6.0,24.0,1.0,0.6291494359124491,0.6400693643393975,0.6299209047911488,80.62987581326705,128.0,0.019776209924185426,0.01955871630575754,0.00021749361842788445,2.102522643880148,2.7694888050041975,0.6669661611240496
44.0,7.0,5.0,6.0,6.0,24.0,4.0,0.6291494359124491,0.6400693643393975,0.537264890954903,275.07962416891036,512.0,0.0037387057160777823,0.003448385426747782,0.0002903202893300002,3.4307886002069026,4.03538585416521,0.6045972539583078
44.0,7.0,5.0,6.0,6.0,25.0,1.0,0.6291494359124491,0.6400693643393975,0.7499654263815886,95.99557457684334,128.0,0.028430351971556248,0.027418887120261037,0.0010114648512952115,3.3625952451363417,4.407542287855734,1.0449470427193925
44.0,7.0,5.0,6.0,6.0,25.0,4.0,0.6291494359124491,0.6400693643393975,0.6720898651801597,344.11001097224175,512.0,0.004755858395416702,0.005070313559820616,-0.00031445516440391404,4.949973597087178,5.915243922522706,0.9652703254355277
44.0,7.0,5.0,6.0,6.0,26.0,1.0,0.6291494359124491,0.6400693643393975,0.6935171368023216,88.77019351069717,128.0,0.018122848673602573,0.011851083654338969,0.006271765019263605,-1.3634031427167976,-0.31161731960279127,1.0517858231140065
44.0,7.0,5.0,6.0,6.0,26.0,4.0,0.6291494359124491,0.6400693643393975,0.6369507412452683,326.11877951757737,512.0,0.003767555533940325,0.004383293484603383,-0.0006157379506630586,2.9268056105515954,3.946851682427046,1.0200460718754507
44.0,7.0,5.0,6.0,6.0,27.0,1.0,0.6291494359124491,0.6400693643393975,0.5846448037534284,74.83453488043884,128.0,0.028400899938627197,0.02061813236812205,0.007782767570505146,0.19737329289228317,2.972028762937538,2.774655470045255
44.0,7.0,5.0,6.0,6.0,27.0,4.0,0.6291494359124491,0.6400693643393975,0.6474413173753525,331.4899544961805,512.0,0.006472857040156389,0.005827450292596995,0.000645406747559394,2.383331983429327,3.685072358396263,1.3017403749669358
44.0,7.0,5.0,6.0,6.0,28.0,1.0,0.6291494359124491,0.6400693643393975,0.6042592247407761,77.34518076681934,128.0,0.014043036888397472,0.011556825026505683,0.002486211861891789,1.3117510328073538,2.4387698958373107,1.127018863029957
44.0,7.0,5.0,6.0,6.0,28.0,4.0,0.6291494359124491,0.6400693643393975,0.6743073089648096,345.2453421899825,512.0,0.003343671898543397,0.005084229677887532,-0.0017405577793441346,4.678782478226651,5.474468232507963,0.7956857542813118
44.0,7.0,5.0,6.0,6.0,29.0,1.0,0.6291494359124491,0.6400693643393975,0.5128956184314489,65.65063915922546,128.0,0.026666625076821396,0.021550589475211143,0.005116035601610253,-0.25710071926036926,0.9212097477774503,1.1783104670378197
44.0,7.0,5.0,6.0,6.0,29.0,4.0,0.6291494359124491,0.6400693643393975,0.5939819889167898,304.11877832539636,512.0,0.01283924863650613,0.016042473018450444,-0.003203224381944314,6.564513434278988,7.1216653977914826,0.5571519635124949
44.0,7.0,5.0,6.0,6.0,30.0,1.0,0.6291494359124491,0.6400693643393975,0.5478098757805306,70.11966409990792,128.0,0.01226573391127167,0.0079179262806441,0.00434780763062757,0.8950886106873392,2.3293764958251604,1.4342878851378211
44.0,7.0,5.0,6.0,6.0,30.0,4.0,0.6291494359124491,0.6400693643393975,0.6059093753267416,310.2256001672917,512.0,0.003627408541459675,0.00433780665382557,-0.0007103981123658945,4.061443639366461,4.896966515847111,0.8355228764806499
44.0,7.0,5.0,6.0,6.0,31.0,1.0,0.6291494359124491,0.6400693643393975,0.7611392580739944,97.42582503347128,128.0,0.03298111447467248,0.02951236954127363,0.0034687449333988506,3.9283970923100306,5.052273945835916,1.1238768535258852
44.0,7.0,5.0,6.0,6.0,31.0,4.0,0.6291494359124491,0.6400693643393975,0.677567117185304,346.9143639988757,512.0,0.006079057813783366,0.005686945032547127,0.0003921127812362389,4.624574110666682,5.607306238294684,0.9827321276280019
44.0,7.0,5.0,6.0,6.0,32.0,1.0,0.6291494359124491,0.6400693643393975,0.5396492249805949,69.07510079751614,128.0,0.01620354779019572,0.01863551884504793,-0.002431971054852211,3.387768728651757,5.00932280937401,1.6215540807222526
44.0,7.0,5.0,6.0,6.0,32.0,4.0,0.6291494359124491,0.6400693643393975,0.6113505470824027,313.01148010619016,512.0,0.0032490000209941423,0.004065091398990701,-0.0008160913779965591,3.9081509562873027,5.037919551386656,1.1297685950993532
45.0,7.0,6.0,11.0,6.0,1.0,1.0,0.7875739934281624,0.7806660174501637,0.8660190379184619,110.85043685356312,128.0,0.007412768398364263,0.00498314299968766,0.0024296253986766025,1.3125553818366043,0.6727023515419966,-0.6398530302946076
45.0,7.0,6.0,11.0,6.0,1.0,4.0,0.7875739934281624,0.7806660174501637,0.7929187486826295,405.9743993255063,512.0,0.005474967540343144,0.004709107564281214,0.0007658599760619299,2.431890412426489,2.46996856246804,0.038078150041550796
45.0,7.0,6.0,11.0,6.0,2.0,1.0,0.7875739934281624,0.7806660174501637,0.7491374375369462,95.88959200472911,128.0,0.014655444883160168,0.006471984581438212,0.008183460301721956,0.8714587201607409,1.6080436990297002,0.7365849788689594
45.0,7.0,6.0,11.0,6.0,2.0,4.0,0.7875739934281624,0.7806660174501637,0.7693199371795609,393.8918078359352,512.0,0.009074588762941864,0.0142989478233492,-0.005224359060407337,1.1928426295874925,0.759070887386946,-0.4337717422005466
45.0,7.0,6.0,11.0,6.0,3.0,1.0,0.7875739934281624,0.7806660174501637,0.8181388507811566,104.72177289998804,128.0,0.03696046499243186,0.016590551238164053,0.020369913754267804,-3.5700324905316645,-0.16837876872347027,3.401653721808194
45.0,7.0,6.0,11.0,6.0,3.0,4.0,0.7875739934281624,0.7806660174501637,0.8114705361178677,415.47291449234825,512.0,0.007872281818773169,0.0035288978734735466,0.004343383945299623,-0.14084401660730453,0.8598560397577328,1.0007000563650374
45.0,7.0,6.0,11.0,6.0,4.0,1.0,0.7875739934281624,0.7806660174501637,0.8307102558572417,106.33091274972693,128.0,0.03576701123749641,0.029581438218216537,0.006185573019279876,1.8683583838929185,2.362131967933003,0.4937735840400843
45.0,7.0,6.0,11.0,6.0,4.0,4.0,0.7875739934281624,0.7806660174501637,0.768649145992084,393.548362747947,512.0,0.01314135878136598,0.009009143194423579,0.004132215586942401,2.23493371030983,2.1558291827853457,-0.07910452752448416
45.0,7.0,6.0,11.0,6.0,5.0,1.0,0.7875739934281624,0.7806660174501637,0.7995873603678775,102.34718212708832,128.0,0.012137537537395063,0.011785254895742768,0.00035228264165229443,1.5517859157324836,1.5875472722406188,0.03576135650813517
45.0,7.0,6.0,11.0,6.0,5.0,4.0,0.7875739934281624,0.7806660174501637,0.7970447167749933,408.0868949887966,512.0,0.00297739461589396,0.004242109026908943,-0.001264714411014983,2.4698045222428435,2.517244539845493,0.04744001760264949
45.0,7.0,6.0,11.0,6.0,6.0,1.0,0.7875739934281624,0.7806660174501637,0.6468713967832277,82.79953878825314,128.0,0.027910195250236153,0.02931106368562749,-0.0014008684353913371,-1.001960500505033,-0.3365244567132691,0.6654360437917639
45.0,7.0,6.0,11.0,6.0,6.0,4.0,0.7875739934281624,0.7806660174501637,0.7247560103371327,371.0750772926119,512.0,0.005789935191573196,0.00953250542503649,-0.0037425702334632945,0.8819253362877977,0.9597939327962564,0.07786859650845868
45.0,7.0,6.0,11.0,6.0,7.0,1.0,0.7875739934281624,0.7806660174501637,0.7995217867227845,102.33878870051642,128.0,0.02180549379368357,0.02151806868631558,0.0002874251073679904,1.5358847591814049,1.5939000117888908,0.05801525260748597
45.0,7.0,6.0,11.0,6.0,7.0,4.0,0.7875739934281624,0.7806660174501637,0.8477598628852427,434.0530497972443,512.0,0.0091453177125061,0.01077794967722772,-0.001632631964721621,0.6968805569803888,1.108000560384172,0.4111200034037833
45.0,7.0,6.0,11.0,6.0,8.0,1.0,0.7875739934281624,0.7806660174501637,0.8998028726174533,115.17476769503402,128.0,0.011756311424074536,0.006882609795659263,0.004873701628415273,-0.3152809617621663,0.151354130767352,0.4666350925295183
45.0,7.0,6.0,11.0,6.0,8.0,4.0,0.7875739934281624,0.7806660174501637,0.8359897599316174,428.0267570849881,512.0,0.0015259090121460498,0.0014558906090019756,7.001840314407415e-05,1.7180751499467697,1.8659030631038296,0.1478279131570599
45.0,7.0,6.0,11.0,6.0,9.0,1.0,0.7875739934281624,0.7806660174501637,0.8123140819176614,103.97620248546066,128.0,0.015846046620802814,0.01649481342240265,-0.0006487668015998371,0.6493031382784408,1.298540607192955,0.6492374689145143
45.0,7.0,6.0,11.0,6.0,9.0,4.0,0.7875739934281624,0.7806660174501637,0.741406557785556,379.60015758620466,512.0,0.00381465131190197,0.005635997834473997,-0.001821346522572027,1.8829561886482549,1.8867245659736198,0.0037683773253649466
45.0,7.0,6.0,11.0,6.0,10.0,1.0,0.7875739934281624,0.7806660174501637,0.8016367526975048,102.60950434528061,128.0,0.01315838105889626,0.007934112810782386,0.005224268248113874,0.06267970434610576,0.9641125214732167,0.9014328171271109
45.0,7.0,6.0,11.0,6.0,10.0,4.0,0.7875739934281624,0.7806660174501637,0.7866754655716629,402.7778383726914,512.0,0.003582050108762529,0.005095964373532958,-0.0015139142647704286,1.700906848837435,1.7957707601872521,0.09486391134981709
45.0,7.0,6.0,11.0,6.0,11.0,1.0,0.7875739934281624,0.7806660174501637,0.8441485790530042,108.05101811878454,128.0,0.044164097072432476,0.05321278718716925,-0.009048690114736774,1.363897368333708,0.7358922718958905,-0.6280050964378174
45.0,7.0,6.0,11.0,6.0,11.0,4.0,0.7875739934281624,0.7806660174501637,0.8245047243166456,422.14641885012253,512.0,0.011754151891398397,0.015599057790124347,-0.0038449058987259505,0.800805177890816,0.9907605857427784,0.1899554078519624
45.0,7.0,6.0,11.0,6.0,12.0,1.0,0.7875739934281624,0.7806660174501637,0.8326840480402818,106.58355814915608,128.0,0.010254229470332419,0.00714119698559112,0.003113032484741299,0.22552168744057918,0.6631079413657129,0.43758625392513373
45.0,7.0,6.0,11.0,6.0,12.0,4.0,0.7875739934281624,0.7806660174501637,0.7967416372829166,407.9317182888533,512.0,0.004025439443807714,0.004705970486033564,-0.0006805310422258503,0.5510465963248689,0.6872285358696544,0.13618193954478552
45.0,7.0,6.0,11.0,6.0,13.0,1.0,0.7875739934281624,0.7806660174501637,0.7587505321294882,97.12006811257449,128.0,0.006301675088516895,0.004627235651868487,0.0016744394366484082,-0.5494789332035988,-0.18885896513780967,0.3606199680657891
45.0,7.0,6.0,11.0,6.0,13.0,4.0,0.7875739934281624,0.7806660174501637,0.691667536023802,354.13377844418665,512.0,0.004436352335855534,0.005185852894938616,-0.0007495005590830821,0.9896892289571343,0.8494098724518541,-0.14027935650528023
45.0,7.0,6.0,11.0,6.0,14.0,1.0,0.7875739934281624,0.7806660174501637,0.758456991123254,97.08249486377652,128.0,0.022852376285696554,0.01621811028204643,0.006634266003650125,-0.23811686393980813,0.5844553694818228,0.8225722334216309
45.0,7.0,6.0,11.0,6.0,14.0,4.0,0.7875739934281624,0.7806660174501637,0.7850188103220965,401.9296308849134,512.0,0.004984039560633395,0.00327106780436747,0.0017129717562659246,1.9754729093404593,1.960989826467698,-0.014483082872761344
45.0,7.0,6.0,11.0,6.0,15.0,1.0,0.7875739934281624,0.7806660174501637,0.7301926740414117,93.4646622773007,128.0,0.016086776879339862,0.004754018159350847,0.011332758719989015,0.7994598501681265,1.4667672803928369,0.6673074302247104
45.0,7.0,6.0,11.0,6.0,15.0,4.0,0.7875739934281624,0.7806660174501637,0.7960779485170884,407.59190964074924,512.0,0.0033861323399641406,0.003071988028880028,0.0003141443110841126,2.3100564184954813,2.06088580944853,-0.24917060904695143
45.0,7.0,6.0,11.0,6.0,16.0,1.0,0.7875739934281624,0.7806660174501637,0.7957210717866076,101.85229718868577,128.0,0.017020759524816076,0.02171387557916136,-0.004693116054345282,2.1485148032847725,1.9362149557939596,-0.21229984749081288
45.0,7.0,6.0,11.0,6.0,16.0,4.0,0.7875739934281624,0.7806660174501637,0.7688044592808081,393.62788315177374,512.0,0.003671323504701134,0.005615495471992302,-0.001944171967291168,2.2492393863875657,2.070753205391587,-0.17848618099597857
45.0,7.0,6.0,11.0,6.0,17.0,1.0,0.7875739934281624,0.7806660174501637,0.8258103311634906,105.70372238892679,128.0,0.016593963521024588,0.01836044433822395,-0.001766480817199361,1.102715659869923,0.6574230554118096,-0.4452926044581135
45.0,7.0,6.0,11.0,6.0,17.0,4.0,0.7875739934281624,0.7806660174501637,0.8273997338061266,423.62866370873684,512.0,0.006597536940771438,0.00544937028101726,0.0011481666597541783,1.1904772333360933,1.5357795602763384,0.3453023269402451
45.0,7.0,6.0,11.0,6.0,18.0,1.0,0.7875739934281624,0.7806660174501637,0.7330323802681439,93.82814467432242,128.0,0.020043455122034134,0.018429747118771985,0.0016137080032621494,-1.5877956155321837,-1.175456224246184,0.41233939128599983
45.0,7.0,6.0,11.0,6.0,18.0,4.0,0.7875739934281624,0.7806660174501637,0.7404900869282789,379.1309245072788,512.0,0.0027928591999619107,0.003134055737757192,-0.00034119653779528117,1.5397427654753175,1.6708870408344132,0.13114427535909567
45.0,7.0,6.0,11.0,6.0,19.0,1.0,0.7875739934281624,0.7806660174501637,0.8763027094635545,112.16674681133497,128.0,0.015499689635920374,0.013898126479013083,0.0016015631569072913,1.5138683737271215,1.3813689866199015,-0.13249938710721998
45.0,7.0,6.0,11.0,6.0,19.0,4.0,0.7875739934281624,0.7806660174501637,0.7508346855917171,384.42735902295914,512.0,0.003297080239464619,0.005073431368314522,-0.0017763511288499028,2.003670971807847,1.8922687315307047,-0.1114022402771424
45.0,7.0,6.0,11.0,6.0,20.0,1.0,0.7875739934281624,0.7806660174501637,0.8784382703995349,112.44009861114047,128.0,0.022266468339612468,0.021642066244843237,0.0006244020947692303,-0.6699780780869538,-1.429268746201514,-0.7592906681145601
45.0,7.0,6.0,11.0,6.0,20.0,4.0,0.7875739934281624,0.7806660174501637,0.863224468803936,441.97092802761523,512.0,0.003880817160160047,0.005754529151014569,-0.0018737119908545223,2.6924719007443803,1.7947935999538172,-0.8976783007905631
45.0,7.0,6.0,11.0,6.0,21.0,1.0,0.7875739934281624,0.7806660174501637,0.704416256637501,90.16528084960012,128.0,0.017040842431329948,0.013964262540805282,0.0030765798905246656,-0.7146486974624843,-0.2456043728338822,0.46904432462860207
45.0,7.0,6.0,11.0,6.0,21.0,4.0,0.7875739934281624,0.7806660174501637,0.7723414706515166,395.4388329735765,512.0,0.004020801918656766,0.005803872953743098,-0.001783071035086332,2.3267925752811744,1.838672705880974,-0.48811986940020047
45.0,7.0,6.0,11.0,6.0,22.0,1.0,0.7875739934281624,0.7806660174501637,0.8251656486736563,105.621203030228,128.0,0.02416585977807823,0.022276159461109283,0.0018897003169689487,1.4460723178071129,1.3941455099803985,-0.05192680782671433
45.0,7.0,6.0,11.0,6.0,22.0,4.0,0.7875739934281624,0.7806660174501637,0.7794375977262925,399.07205003586176,512.0,0.0044468218564060495,0.007065499058150178,-0.002618677201744128,2.145811114842411,1.971339349995248,-0.17447176484716276
45.0,7.0,6.0,11.0,6.0,23.0,1.0,0.7875739934281624,0.7806660174501637,0.8525297855057816,109.12381254474005,128.0,0.01796629868549629,0.007138379975555586,0.010827918709940704,1.4174109963155552,1.0173233612472319,-0.40008763506832334
45.0,7.0,6.0,11.0,6.0,23.0,4.0,0.7875739934281624,0.7806660174501637,0.8148287714724589,417.19233099389896,512.0,0.00834400847846865,0.0032327576877062463,0.005111250790762404,2.63621003858458,2.2668922770640014,-0.3693177615205787
45.0,7.0,6.0,11.0,6.0,24.0,1.0,0.7875739934281624,0.7806660174501637,0.5591591748108344,71.57237437578681,128.0,0.028284875931121202,0.015079523923000068,0.013205352008121134,-0.6972647572590942,-0.1797003380057916,0.5175644192533027
45.0,7.0,6.0,11.0,6.0,24.0,4.0,0.7875739934281624,0.7806660174501637,0.7476192152527654,382.7810382094159,512.0,0.004883960334496748,0.00531511561308591,-0.00043115527858916206,2.0656329294648716,1.6577122267134392,-0.40792070275143244
45.0,7.0,6.0,11.0,6.0,25.0,1.0,0.7875739934281624,0.7806660174501637,0.8322069553040335,106.5224902789163,128.0,0.03835006399393618,0.043378727067194596,-0.005028663073258416,2.616792154913903,2.383698583416977,-0.233093571496926
45.0,7.0,6.0,11.0,6.0,25.0,4.0,0.7875739934281624,0.7806660174501637,0.7945168678755569,406.7926363522851,512.0,0.004890120905971263,0.00559516869741432,-0.0007050477914430572,2.3512838272584347,2.1444046362200795,-0.20687919103835517
45.0,7.0,6.0,11.0,6.0,26.0,1.0,0.7875739934281624,0.7806660174501637,0.7867612081813119,100.70543464720792,128.0,0.012252196915889671,0.01276203044353768,-0.0005098335276480081,1.1915946732031226,1.8394699350372365,0.6478752618341139
45.0,7.0,6.0,11.0,6.0,26.0,4.0,0.7875739934281624,0.7806660174501637,0.8120419609385245,415.76548400052457,512.0,0.0072757639483457155,0.0040808209171202155,0.0031949430312255,0.17640235505911955,1.082608371343916,0.9062060162847965
45.0,7.0,6.0,11.0,6.0,27.0,1.0,0.7875739934281624,0.7806660174501637,0.7390087504283672,94.593120054831,128.0,0.014610557269348613,0.008501706403934182,0.00610885086541443,-0.4311842454676313,-0.04718804207767243,0.3839962033899589
45.0,7.0,6.0,11.0,6.0,27.0,4.0,0.7875739934281624,0.7806660174501637,0.7480314487069679,382.9921017379676,512.0,0.004075163748764305,0.003308230919615761,0.0007669328291485438,1.4804188897769197,1.2386949137305645,-0.2417239760463552
45.0,7.0,6.0,11.0,6.0,28.0,1.0,0.7875739934281624,0.7806660174501637,0.7901801226803961,101.1430557030907,128.0,0.012995917887089961,0.00735055893189959,0.005645358955190372,0.3987100085627853,0.7667883949504822,0.3680783863876969
45.0,7.0,6.0,11.0,6.0,28.0,4.0,0.7875739934281624,0.7806660174501637,0.8279715666855982,423.9214421430263,512.0,0.004266029843055759,0.00415831988983802,0.00010770995321773922,1.62286626694821,1.7075760810732281,0.08470981412501821
45.0,7.0,6.0,11.0,6.0,29.0,1.0,0.7875739934281624,0.7806660174501637,0.8425019704403478,107.84025221636452,128.0,0.011881309104716523,0.010731978807347893,0.0011493302973686302,0.19790706314471765,0.6575800991892148,0.45967303604449716
45.0,7.0,6.0,11.0,6.0,29.0,4.0,0.7875739934281624,0.7806660174501637,0.7923923193430661,405.70486750364984,512.0,0.008503236508160067,0.0022452389535903223,0.006257997554569745,1.2300685197298327,1.6452593914309162,0.4151908717010835
45.0,7.0,6.0,11.0,6.0,30.0,1.0,0.7875739934281624,0.7806660174501637,0.8769942682916333,112.25526634132906,128.0,0.032063067456070536,0.0070594916345569185,0.025003575821513618,-2.622074217282085,0.052747501847724865,2.6748217191298096
45.0,7.0,6.0,11.0,6.0,30.0,4.0,0.7875739934281624,0.7806660174501637,0.8064037612995782,412.87872578538406,512.0,0.005036254128450102,0.0053953775340866515,-0.0003591234056365498,0.8503530713390695,1.0300198331957626,0.17966676185669317
45.0,7.0,6.0,11.0,6.0,31.0,1.0,0.7875739934281624,0.7806660174501637,0.8101683743450022,103.70155191616028,128.0,0.016334169932050974,0.015952758288611243,0.0003814116434397302,1.448682564779229,1.3649638920418785,-0.08371867273735045
45.0,7.0,6.0,11.0,6.0,31.0,4.0,0.7875739934281624,0.7806660174501637,0.6987420067975578,357.7559074803496,512.0,0.00671622900156895,0.01102596527900198,-0.00430973627743303,1.904571593149805,1.5363249269147101,-0.36824666623509494
45.0,7.0,6.0,11.0,6.0,32.0,1.0,0.7875739934281624,0.7806660174501637,0.9091792131737209,116.37493928623627,128.0,0.01858462658752571,0.01727996578818456,0.001304660799341148,-0.5712477294693699,0.22109696415103686,0.7923446936204067
45.0,7.0,6.0,11.0,6.0,32.0,4.0,0.7875739934281624,0.7806660174501637,0.7994562798477872,409.32161528206706,512.0,0.004188570862451303,0.005276204113098426,-0.001087633250647123,1.1305285405637584,1.2119955126152928,0.08146697205153441
46.0,9.0,5.0,4.0,6.0,1.0,1.0,0.7678451947029293,0.8178534696690343,0.7616476715649102,97.4909019603085,128.0,0.0071594819205600315,0.0058280263832538705,0.001331455537306161,0.5906809682666286,0.9471245423823402,0.3564435741157116
46.0,9.0,5.0,4.0,6.0,1.0,4.0,0.7678451947029293,0.8178534696690343,0.8327759472194476,426.38128497635716,512.0,0.002992952872155277,0.003177923894888278,-0.00018497102273300117,3.170122430889809,3.4516066178810534,0.28148418699124456
46.0,9.0,5.0,4.0,6.0,2.0,1.0,0.7678451947029293,0.8178534696690343,0.7481143044588705,95.75863097073542,128.0,0.018525559658728874,0.019005960630955006,-0.0004804009722261318,0.9161142464196522,1.259385786804919,0.34327154038526675
46.0,9.0,5.0,4.0,6.0,2.0,4.0,0.7678451947029293,0.8178534696690343,0.803265909982858,411.2721459112233,512.0,0.006219503627324312,0.006934812091516139,-0.0007153084641918269,2.872839900802132,3.21350873137565,0.34066883057351793
46.0,9.0,5.0,4.0,6.0,3.0,1.0,0.7678451947029293,0.8178534696690343,0.7044648223916041,90.17149726612533,128.0,0.020745454279501904,0.014297597464584852,0.006447856814917052,1.4527651622386195,2.419626194924289,0.9668610326856697
46.0,9.0,5.0,4.0,6.0,3.0,4.0,0.7678451947029293,0.8178534696690343,0.7881912770027437,403.5539338254048,512.0,0.01384615502895961,0.010221616232791327,0.0036245387961682824,2.1692015356087495,2.9191490982230435,0.749947562614294
46.0,9.0,5.0,4.0,6.0,4.0,1.0,0.7678451947029293,0.8178534696690343,0.7942364548570284,101.66226622169964,128.0,0.005130860723893016,0.003656749907312592,0.0014741108165804238,1.0979323982063791,2.3443180329454174,1.2463856347390383
46.0,9.0,5.0,4.0,6.0,4.0,4.0,0.7678451947029293,0.8178534696690343,0.7651829986774559,391.7736953228574,512.0,0.002753220575972158,0.0027761206029832592,-2.2900027011101432e-05,2.0567520434857225,2.544192236336252,0.48744019285052964
46.0,9.0,5.0,4.0,6.0,5.0,1.0,0.7678451947029293,0.8178534696690343,0.799866687539185,102.38293600501568,128.0,0.051081782975599524,0.05342712275844695,-0.0023453397828474276,-2.348888221126412,-2.057254098387133,0.2916341227392789
46.0,9.0,5.0,4.0,6.0,5.0,4.0,0.7678451947029293,0.8178534696690343,0.8004821743852053,409.8468732852251,512.0,0.009843235800650205,0.012819637324047372,-0.0029764015233971677,2.0987843518125877,2.4017664864773516,0.30298213466476387
46.0,9.0,5.0,4.0,6.0,6.0,1.0,0.7678451947029293,0.8178534696690343,0.678677655901989,86.8707399554546,128.0,0.027465078998632052,0.031482713906999124,-0.004017634908367072,2.0740254553357853,2.1856163240953843,0.111590868759599
46.0,9.0,5.0,4.0,6.0,6.0,4.0,0.7678451947029293,0.8178534696690343,0.7440738774974129,380.9658252786754,512.0,0.010391724096688959,0.013202768235693395,-0.002811044139004437,2.6184466002186038,2.880363774367261,0.26191717414865723
46.0,9.0,5.0,4.0,6.0,7.0,1.0,0.7678451947029293,0.8178534696690343,0.744777192605405,95.33148065349184,128.0,0.02682068651460691,0.027465486770402114,-0.0006448002557952054,-1.0371046545349147,-0.6819937421425613,0.3551109123923535
46.0,9.0,5.0,4.0,6.0,7.0,4.0,0.7678451947029293,0.8178534696690343,0.7082444729218681,362.62117013599646,512.0,0.002661872490153837,0.0028121427224480663,-0.00015027023229422952,2.111293878958054,2.7641619106404027,0.6528680316823485
46.0,9.0,5.0,4.0,6.0,8.0,1.0,0.7678451947029293,0.8178534696690343,0.86111143205563,110.22226330312064,128.0,0.010584254173400191,0.011541863733237642,-0.0009576095598374506,1.2292424491936929,1.1268181665351193,-0.1024242826585735
46.0,9.0,5.0,4.0,6.0,8.0,4.0,0.7678451947029293,0.8178534696690343,0.8142678049078333,416.9051161128107,512.0,0.003066636576859961,0.003954174155556365,-0.000887537578696404,2.9030642908667255,3.3286421167780462,0.42557782591132076
46.0,9.0,5.0,4.0,6.0,9.0,1.0,0.7678451947029293,0.8178534696690343,0.7663308558405207,98.09034954758665,128.0,0.018663869661927505,0.017211094059677363,0.001452775602250142,0.2010488269737258,0.9495924017608706,0.7485435747871447
46.0,9.0,5.0,4.0,6.0,9.0,4.0,0.7678451947029293,0.8178534696690343,0.7949468268255794,407.01277533469664,512.0,0.002854556663280889,0.00464163370869587,-0.0017870770454149814,3.271968307361259,3.5651302926481803,0.2931619852869214
46.0,9.0,5.0,4.0,6.0,10.0,1.0,0.7678451947029293,0.8178534696690343,0.6656387019826923,85.20175385378461,128.0,0.012692262330063438,0.011716105580952593,0.0009761567491108451,-0.13158538042568876,0.8037111431184472,0.935296523544136
46.0,9.0,5.0,4.0,6.0,10.0,4.0,0.7678451947029293,0.8178534696690343,0.7187654154044014,368.0078926870535,512.0,0.006177296242562413,0.009324106211179937,-0.0031468099686175234,2.7738305085862036,3.066134892969256,0.2923043843830522
46.0,9.0,5.0,4.0,6.0,11.0,1.0,0.7678451947029293,0.8178534696690343,0.7521371135751964,96.27355053762514,128.0,0.022710567795975457,0.011879775746148749,0.010830792049826708,0.5688337891789128,1.1534914748423075,0.5846576856633947
46.0,9.0,5.0,4.0,6.0,11.0,4.0,0.7678451947029293,0.8178534696690343,0.7815792874261983,400.16859516221353,512.0,0.004540980067162977,0.0037544826354877023,0.0007864974316752742,2.2813592860911265,2.748072020658171,0.4667127345670443
46.0,9.0,5.0,4.0,6.0,12.0,1.0,0.7678451947029293,0.8178534696690343,0.8623653334539775,110.38276268210912,128.0,0.014829944971883412,0.012010620500665366,0.0028193244712180453,0.8201651712838003,1.65301161463099,0.8328464433471896
46.0,9.0,5.0,4.0,6.0,12.0,4.0,0.7678451947029293,0.8178534696690343,0.724254647540362,370.8183795406653,512.0,0.0027297126583334967,0.0022626700385716216,0.00046704261976187504,2.418067905550127,2.6516493818207607,0.23358147627063364
46.0,9.0,5.0,4.0,6.0,13.0,1.0,0.7678451947029293,0.8178534696690343,0.8213700204092337,105.13536261238191,128.0,0.016316268801175114,0.017136460074405217,-0.0008201912732301031,1.980173334973049,2.162772166854799,0.18259883188174975
46.0,9.0,5.0,4.0,6.0,13.0,4.0,0.7678451947029293,0.8178534696690343,0.8350804642128301,427.561197676969,512.0,0.0037455079010923955,0.004545148820885837,-0.0007996409197934418,3.11563164491894,3.5876964371098183,0.47206479219087827
46.0,9.0,5.0,4.0,6.0,14.0,1.0,0.7678451947029293,0.8178534696690343,0.7992979345932799,102.31013562793983,128.0,0.009901677196241066,0.007130588185691631,0.0027710890105494355,-0.5343890169928727,-0.19761182418857592,0.33677719280429674
46.0,9.0,5.0,4.0,6.0,14.0,4.0,0.7678451947029293,0.8178534696690343,0.7950206760480629,407.0505861366082,512.0,0.004585704626653336,0.0050100399346374985,-0.0004243353079841621,1.8263494431280216,2.6697746638730253,0.8434252207450037
46.0,9.0,5.0,4.0,6.0,15.0,1.0,0.7678451947029293,0.8178534696690343,0.6548465456437804,83.8203578424039,128.0,0.01258798135347235,0.011270469695178625,0.0013175116582937255,1.6956858213680828,1.9751640467102038,0.2794782253421211
46.0,9.0,5.0,4.0,6.0,15.0,4.0,0.7678451947029293,0.8178534696690343,0.7604523550191544,389.35160576980707,512.0,0.004365052076996306,0.004905171860472155,-0.0005401197834758488,3.281562874037726,3.710770662323991,0.42920778828626505
46.0,9.0,5.0,4.0,6.0,16.0,1.0,0.7678451947029293,0.8178534696690343,0.7376657650527993,94.42121792675832,128.0,0.008492430109530703,0.004055232817513096,0.004437197292017607,-0.26976560407725575,1.433626711831466,1.7033923159087219
46.0,9.0,5.0,4.0,6.0,16.0,4.0,0.7678451947029293,0.8178534696690343,0.7950179113339849,407.0491706030003,512.0,0.005604234896305774,0.003788160826242632,0.001816074070063142,1.4380431464244203,2.4238012665716226,0.9857581201472023
46.0,9.0,5.0,4.0,6.0,17.0,1.0,0.7678451947029293,0.8178534696690343,0.7728634189463379,98.92651762513125,128.0,0.025041922247101507,0.025439431358765724,-0.0003975091116642168,2.049317813227151,2.4231152383890215,0.37379742516187076
46.0,9.0,5.0,4.0,6.0,17.0,4.0,0.7678451947029293,0.8178534696690343,0.7677305971343577,393.0780657327911,512.0,0.003898877970995676,0.004931341095336849,-0.0010324631243411732,2.483375531339341,3.025126260766015,0.5417507294266741
46.0,9.0,5.0,4.0,6.0,18.0,1.0,0.7678451947029293,0.8178534696690343,0.736295701799595,94.24584983034816,128.0,0.0070791779606787335,0.003953652103681976,0.003125525856996757,0.47497481336169106,1.1489506918408732,0.6739758784791821
46.0,9.0,5.0,4.0,6.0,18.0,4.0,0.7678451947029293,0.8178534696690343,0.7501615391020463,384.0827080202477,512.0,0.0029596261547189945,0.0024550515759320306,0.0005045745787869639,1.7712606331554221,2.6598087762300406,0.8885481430746185
46.0,9.0,5.0,4.0,6.0,19.0,1.0,0.7678451947029293,0.8178534696690343,0.754664473699211,96.597052633499,128.0,0.00862173900804978,0.007605154374761669,0.0010165846332881104,0.652521411520205,1.2483921499181592,0.5958707383979541
46.0,9.0,5.0,4.0,6.0,19.0,4.0,0.7678451947029293,0.8178534696690343,0.7530161530359981,385.54427035443103,512.0,0.0027845044955264082,0.002565630518515584,0.0002188739770108243,2.357359346012666,2.875414565136037,0.5180552191233714
46.0,9.0,5.0,4.0,6.0,20.0,1.0,0.7678451947029293,0.8178534696690343,0.8422702896955667,107.81059708103254,128.0,0.02591920484347577,0.02051786794578938,0.00540133689768639,1.140471862896933,1.7366385983233752,0.5961667354264422
46.0,9.0,5.0,4.0,6.0,20.0,4.0,0.7678451947029293,0.8178534696690343,0.8262208119726434,423.0250557299934,512.0,0.005602670118095886,0.0065851891336425996,-0.0009825190155467135,2.438545344969164,2.654028058222128,0.21548271325296398
46.0,9.0,5.0,4.0,6.0,21.0,1.0,0.7678451947029293,0.8178534696690343,0.774411795388348,99.12470980970855,128.0,0.02093777874399341,0.023850474596460388,-0.002912695852466979,0.7337758864660938,0.7592933786375786,0.0255174921714848
46.0,9.0,5.0,4.0,6.0,21.0,4.0,0.7678451947029293,0.8178534696690343,0.7775055600792575,398.08284676057986,512.0,0.006977036146712763,0.010502251346634746,-0.0035252151999219826,2.789162900478833,2.9308888497246612,0.14172594924582826
46.0,9.0,5.0,4.0,6.0,22.0,1.0,0.7678451947029293,0.8178534696690343,0.8205064010896654,105.02481933947718,128.0,0.034616117128216356,0.02515084828918072,0.009465268839035635,-0.09604432654465023,0.6473904578402346,0.7434347843848849
46.0,9.0,5.0,4.0,6.0,22.0,4.0,0.7678451947029293,0.8178534696690343,0.8024073054656108,410.8325403983927,512.0,0.004402045027652157,0.0050045298253522386,-0.0006024847977000817,2.316930575905892,2.8619450866208167,0.5450145107149247
46.0,9.0,5.0,4.0,6.0,23.0,1.0,0.7678451947029293,0.8178534696690343,0.6930750155993981,88.71360199672296,128.0,0.016255191465106147,0.018127147106140835,-0.0018719556410346887,0.4015635199543727,0.4308892704019597,0.02932575044758695
46.0,9.0,5.0,4.0,6.0,23.0,4.0,0.7678451947029293,0.8178534696690343,0.7249726184497796,371.18598064628713,512.0,0.002823767384264862,0.002640701682808064,0.00018306570145679808,1.4924318396010317,2.3759998113625085,0.8835679717614768
46.0,9.0,5.0,4.0,6.0,24.0,1.0,0.7678451947029293,0.8178534696690343,0.8419651138671487,107.77153457499503,128.0,0.03375620786353166,0.026822680103129035,0.006933527760402625,0.802000482227322,2.0522660167633187,1.2502655345359965
46.0,9.0,5.0,4.0,6.0,24.0,4.0,0.7678451947029293,0.8178534696690343,0.8447796390623896,432.5271751999435,512.0,0.005192178498260858,0.0053910338351744,-0.00019885533691354172,3.052450414768961,3.3966905532843326,0.3442401385153717
46.0,9.0,5.0,4.0,6.0,25.0,1.0,0.7678451947029293,0.8178534696690343,0.7855494640900513,100.55033140352657,128.0,0.026344448432198478,0.024746826639800296,0.0015976217923981822,0.5125123909343133,1.5768002751111503,1.0642878841768368
46.0,9.0,5.0,4.0,6.0,25.0,4.0,0.7678451947029293,0.8178534696690343,0.7675245689412864,392.97257929793864,512.0,0.010066887543650857,0.010475391748081347,-0.0004085042044304904,1.7894718577459612,2.332314951633428,0.5428430938874667
46.0,9.0,5.0,4.0,6.0,26.0,1.0,0.7678451947029293,0.8178534696690343,0.6641965777886979,85.01716195695333,128.0,0.01666120208769734,0.016621996006433336,3.9206081264002435e-05,1.5554500223762964,1.9682952093017259,0.4128451869254295
46.0,9.0,5.0,4.0,6.0,26.0,4.0,0.7678451947029293,0.8178534696690343,0.7197851199558458,368.52998141739306,512.0,0.004180355061617236,0.004887715499316643,-0.0007073604376994069,2.241165265675394,2.933112025252785,0.6919467595773909
46.0,9.0,5.0,4.0,6.0,27.0,1.0,0.7678451947029293,0.8178534696690343,0.8622553878593214,110.36868964599314,128.0,0.012765578199971525,0.013124088277516145,-0.0003585100775446194,2.358294469910206,2.8116212859916305,0.45332681608142433
46.0,9.0,5.0,4.0,6.0,27.0,4.0,0.7678451947029293,0.8178534696690343,0.761585560091399,389.9318067667963,512.0,0.00397747459349654,0.005468959230001177,-0.0014914846365046367,1.9614528423866904,2.66697170989071,0.7055188675040196
46.0,9.0,5.0,4.0,6.0,28.0,1.0,0.7678451947029293,0.8178534696690343,0.8307977258414426,106.34210890770466,128.0,0.010624267440325985,0.006243194894105693,0.004381072546220293,1.1096842543124121,0.346668009560084,-0.7630162447523281
46.0,9.0,5.0,4.0,6.0,28.0,4.0,0.7678451947029293,0.8178534696690343,0.8054674754223656,412.3993474162512,512.0,0.0031755442733511444,0.003606103657369834,-0.00043055938401868974,2.503025147750749,2.5588740661652025,0.0558489184144535
46.0,9.0,5.0,4.0,6.0,29.0,1.0,0.7678451947029293,0.8178534696690343,0.7875348317025472,100.80445845792605,128.0,0.052899683873281825,0.04759178466791867,0.005307899205363155,-1.3020299473686137,-0.5630918419167849,0.7389381054518288
46.0,9.0,5.0,4.0,6.0,29.0,4.0,0.7678451947029293,0.8178534696690343,0.7612165054042197,389.7428507669605,512.0,0.003938045229274415,0.004893637066559639,-0.0009555918372852242,3.0844794962061695,3.269025639130136,0.18454614292396654
46.0,9.0,5.0,4.0,6.0,30.0,1.0,0.7678451947029293,0.8178534696690343,0.732610305985395,93.77411916613056,128.0,0.0385161453139162,0.04616610822376636,-0.007649962909850157,0.16984261519434923,0.01888658962253982,-0.15095602557180943
46.0,9.0,5.0,4.0,6.0,30.0,4.0,0.7678451947029293,0.8178534696690343,0.7183678517678328,367.8043401051304,512.0,0.006928492475252426,0.007297683197888475,-0.00036919072263604923,1.9139313766990158,2.6975002304998523,0.7835688538008365
46.0,9.0,5.0,4.0,6.0,31.0,1.0,0.7678451947029293,0.8178534696690343,0.8260026703258907,105.72834180171401,128.0,0.01675878895692627,0.021637010411995505,-0.004878221455069234,1.980148034504374,2.2793386629472385,0.2991906284428645
46.0,9.0,5.0,4.0,6.0,31.0,4.0,0.7678451947029293,0.8178534696690343,0.8135121844677095,416.51823844746724,512.0,0.006601104987707461,0.010273987656562674,-0.003672882668855213,2.914631149798427,3.174438496424339,0.2598073466259119
46.0,9.0,5.0,4.0,6.0,32.0,1.0,0.7678451947029293,0.8178534696690343,0.7672148740024151,98.20350387230913,128.0,0.03372526155024976,0.034505018679022864,-0.0007797571287731023,1.174866146069162,1.4101358732985532,0.2352697272293911
46.0,9.0,5.0,4.0,6.0,32.0,4.0,0.7678451947029293,0.8178534696690343,0.7450137080165231,381.44701850445983,512.0,0.004833189308206318,0.004887473267122669,-5.4283958916351294e-05,2.2609246576164654,2.722456903921494,0.4615322463050284
47.0,15.0,4.0,3.0,6.0,1.0,1.0,0.6077406524751604,0.5521773485340578,0.6486992373462442,83.03350238031926,128.0,0.009986305721735247,0.00583841131989891,0.004147894401836337,1.29717771948702,1.6978746160034617,0.4006968965164417
47.0,15.0,4.0,3.0,6.0,1.0,4.0,0.6077406524751604,0.5521773485340578,0.6393806583114359,327.36289705545516,512.0,0.003958564718276025,0.00559741969727766,-0.0016388549790016353,3.645907206382774,3.6871539410173244,0.0412467346345502
47.0,15.0,4.0,3.0,6.0,2.0,1.0,0.6077406524751604,0.5521773485340578,0.5646648868617102,72.27710551829891,128.0,0.00555117899439611,0.0071330400780944565,-0.0015818610836983464,0.4491832480006982,0.9734966208395375,0.5243133728388393
47.0,15.0,4.0,3.0,6.0,2.0,4.0,0.6077406524751604,0.5521773485340578,0.6520544930906655,333.85190046242076,512.0,0.0027477666827726956,0.0054828448276801195,-0.002735078144907424,1.9148909130162857,2.3007848007151956,0.38589388769891
47.0,15.0,4.0,3.0,6.0,3.0,1.0,0.6077406524751604,0.5521773485340578,0.6752274082015475,86.42910824979808,128.0,0.024678233300301455,0.027715091345221855,-0.0030368580449204007,-1.3929742398022436,-0.8368176769527287,0.5561565628495149
47.0,15.0,4.0,3.0,6.0,3.0,4.0,0.6077406524751604,0.5521773485340578,0.6096245753514488,312.12778257994177,512.0,0.007944919630728752,0.0130753691080916,-0.005130449477362848,2.2104014340609948,2.2707590740875387,0.06035764002654398
47.0,15.0,4.0,3.0,6.0,4.0,1.0,0.6077406524751604,0.5521773485340578,0.6836657445437389,87.50921530159857,128.0,0.030699979747240997,0.01301789082429124,0.017682088922949757,0.07009079847452396,1.1923729205055673,1.1222821220310433
47.0,15.0,4.0,3.0,6.0,4.0,4.0,0.6077406524751604,0.5521773485340578,0.6601086435869419,337.97562551651424,512.0,0.0029426694325817605,0.0027741245786606725,0.000168544853921088,1.9971897070482443,2.399767939666444,0.4025782326181997
47.0,15.0,4.0,3.0,6.0,5.0,1.0,0.6077406524751604,0.5521773485340578,0.7522542915160656,96.2885493140564,128.0,0.03283785807706217,0.0388547149799318,-0.006016856902869634,4.87748899590685,4.579905260084341,-0.2975837358225091
47.0,15.0,4.0,3.0,6.0,5.0,4.0,0.6077406524751604,0.5521773485340578,0.6366707724972851,325.97543551860997,512.0,0.004607015702033203,0.013259190102354693,-0.00865217440032149,4.100152655124938,4.463183357266654,0.3630307021417165
47.0,15.0,4.0,3.0,6.0,6.0,1.0,0.6077406524751604,0.5521773485340578,0.5437662236335935,69.60207662509997,128.0,0.019908534634271297,0.018011539906079357,0.0018969947281919398,2.009759252651326,2.363602400977934,0.35384314832660824
47.0,15.0,4.0,3.0,6.0,6.0,4.0,0.6077406524751604,0.5521773485340578,0.6588495495798291,337.3309693848725,512.0,0.0028916493917458467,0.004682377728645459,-0.001790728336899612,2.4935227646454616,3.227070992434443,0.7335482277889813
47.0,15.0,4.0,3.0,6.0,7.0,1.0,0.6077406524751604,0.5521773485340578,0.6576380313353074,84.17766801091935,128.0,0.02973603979832334,0.023488090253798936,0.006247949544524404,0.1703882293493685,1.3299042687192102,1.1595160393698416
47.0,15.0,4.0,3.0,6.0,7.0,4.0,0.6077406524751604,0.5521773485340578,0.6397343401175698,327.54398214019574,512.0,0.012262608397366738,0.015515166683308388,-0.0032525582859416497,4.640700094383119,4.569649100875594,-0.07105099350752475
47.0,15.0,4.0,3.0,6.0,8.0,1.0,0.6077406524751604,0.5521773485340578,0.609260333075502,77.98532263366425,128.0,0.02794216196514155,0.029529559458269027,-0.0015873974931274772,3.859146075960227,4.028609391398957,0.16946331543873017
47.0,15.0,4.0,3.0,6.0,8.0,4.0,0.6077406524751604,0.5521773485340578,0.6040452080975283,309.27114654593447,512.0,0.005221648413704762,0.009006107409879328,-0.0037844589961745657,3.7187201816321336,3.7604867510993722,0.04176656946723867
47.0,15.0,4.0,3.0,6.0,9.0,1.0,0.6077406524751604,0.5521773485340578,0.6142222015588984,78.620441799539,128.0,0.020144386769312433,0.012861709089550527,0.007282677679761906,-1.0154735164826032,-0.3130504650129678,0.7024230514696355
47.0,15.0,4.0,3.0,6.0,9.0,4.0,0.6077406524751604,0.5521773485340578,0.5704778038601387,292.084635576391,512.0,0.003808669689159366,0.004682790759125662,-0.0008741210699662956,1.486454729900212,1.6176949770889513,0.13124024718873928
47.0,15.0,4.0,3.0,6.0,10.0,1.0,0.6077406524751604,0.5521773485340578,0.7598147060316142,97.25628237204661,128.0,0.01889097215408514,0.015340291281948916,0.003550680872136223,-0.39401551822421205,0.9848138990167739,1.3788294172409858
47.0,15.0,4.0,3.0,6.0,10.0,4.0,0.6077406524751604,0.5521773485340578,0.5855884443903924,299.8212835278809,512.0,0.0036501148861985866,0.0056533370992060406,-0.002003222213007454,2.5699111962390875,3.062581799010324,0.4926706027712364
47.0,15.0,4.0,3.0,6.0,11.0,1.0,0.6077406524751604,0.5521773485340578,0.6927669798816403,88.67417342484995,128.0,0.008955341842111863,0.006001779091584737,0.0029535627505271264,0.973692664483498,2.0886423028519387,1.1149496383684407
47.0,15.0,4.0,3.0,6.0,11.0,4.0,0.6077406524751604,0.5521773485340578,0.7032031018617025,360.0399881531917,512.0,0.01282403410256619,0.005363874599579251,0.007460159502986939,1.9413982033032626,2.5229202759630827,0.58152207265982
47.0,15.0,4.0,3.0,6.0,12.0,1.0,0.6077406524751604,0.5521773485340578,0.7278072314264981,93.15932562259175,128.0,0.02685042039298921,0.018295587372817654,0.008554833020171557,1.352332840614125,2.798556470720666,1.446223630106541
47.0,15.0,4.0,3.0,6.0,12.0,4.0,0.6077406524751604,0.5521773485340578,0.6971560637195645,356.94390462441703,512.0,0.013397085872264906,0.019328564517745256,-0.00593147864548035,3.268620612991186,3.334054492599404,0.0654338796082179
47.0,15.0,4.0,3.0,6.0,13.0,1.0,0.6077406524751604,0.5521773485340578,0.7483446665229999,95.78811731494399,128.0,0.028651599400847223,0.026354604607433413,0.0022969947934138105,1.6121928008665187,2.152635018652298,0.5404422177857793
47.0,15.0,4.0,3.0,6.0,13.0,4.0,0.6077406524751604,0.5521773485340578,0.7171449772359583,367.17822834481063,512.0,0.003294970816756101,0.003706375565209032,-0.0004114047484529309,2.7887635679158693,3.101813542387481,0.31304997447161176
47.0,15.0,4.0,3.0,6.0,14.0,1.0,0.6077406524751604,0.5521773485340578,0.2133776180904477,27.312335115577305,128.0,0.01921641913008648,0.016642992194061408,0.0025734269360250736,-1.5924719977289608,-0.5805979246595319,1.011874073069429
47.0,15.0,4.0,3.0,6.0,14.0,4.0,0.6077406524751604,0.5521773485340578,0.35464586549808336,181.57868313501868,512.0,0.0035768019247423948,0.0053896941378279335,-0.0018128922130855388,2.095293704569817,2.656611971373764,0.5613182668039469
47.0,15.0,4.0,3.0,6.0,15.0,1.0,0.6077406524751604,0.5521773485340578,0.7782267479676184,99.61302373985515,128.0,0.03792820473987263,0.015926332902806904,0.022001871837065725,-0.8606213079091004,1.1203007377835592,1.9809220456926595
47.0,15.0,4.0,3.0,6.0,15.0,4.0,0.6077406524751604,0.5521773485340578,0.7461030168595832,382.0047446321066,512.0,0.006320824339747921,0.0040730128911918365,0.0022478114485560844,2.3073020267116955,2.8245891251032376,0.5172870983915421
47.0,15.0,4.0,3.0,6.0,16.0,1.0,0.6077406524751604,0.5521773485340578,0.3100561059946195,39.6871815673113,128.0,0.021945388878813372,0.022905629865565092,-0.0009602409867517196,-0.7137320088396174,-0.04535130536394635,0.668380703475671
47.0,15.0,4.0,3.0,6.0,16.0,4.0,0.6077406524751604,0.5521773485340578,0.4713040004184242,241.30764821423318,512.0,0.003645613842147483,0.00626979297237787,-0.0026241791302303867,1.8738234569096113,1.772619410539833,-0.10120404636977831
47.0,15.0,4.0,3.0,6.0,17.0,1.0,0.6077406524751604,0.5521773485340578,0.5878247267503356,75.24156502404296,128.0,0.020987058404793344,0.02067018411262051,0.0003168742921728328,2.0913440273566852,2.7489165567270146,0.6575725293703294
47.0,15.0,4.0,3.0,6.0,17.0,4.0,0.6077406524751604,0.5521773485340578,0.6350788637951638,325.16037826312385,512.0,0.005305555347710185,0.007490279841863689,-0.0021847244941535036,3.0427335593074307,3.494006802580942,0.45127324327351115
47.0,15.0,4.0,3.0,6.0,18.0,1.0,0.6077406524751604,0.5521773485340578,0.5579001509737719,71.4112193246428,128.0,0.019633451878654486,0.008841561652994007,0.010791890225660478,1.5295747010393679,2.0034795068655877,0.47390480582621985
47.0,15.0,4.0,3.0,6.0,18.0,4.0,0.6077406524751604,0.5521773485340578,0.5801856897190564,297.05507313615686,512.0,0.005142063639410282,0.005051065408987419,9.09982304228632e-05,2.4195853664545672,2.8456186169547517,0.4260332505001845
47.0,15.0,4.0,3.0,6.0,19.0,1.0,0.6077406524751604,0.5521773485340578,0.6944536877049162,88.89007202622928,128.0,0.007517758008936578,0.007521302400442351,-3.544391505772536e-06,0.9666344837520374,1.4446679961170223,0.4780335123649849
47.0,15.0,4.0,3.0,6.0,19.0,4.0,0.6077406524751604,0.5521773485340578,0.6516155488683346,333.6271610205873,512.0,0.004473318832077799,0.004749739424697395,-0.00027642059261959607,1.785938828144218,2.117680473054171,0.33174164490995306
47.0,15.0,4.0,3.0,6.0,20.0,1.0,0.6077406524751604,0.5521773485340578,0.6038929781909586,77.2983012084427,128.0,0.009898413106575354,0.0029211218098787366,0.006977291296696618,-0.3630815803560295,0.263426766137184,0.6265083464932135
47.0,15.0,4.0,3.0,6.0,20.0,4.0,0.6077406524751604,0.5521773485340578,0.6420733284648374,328.7415441739968,512.0,0.005664928236679502,0.003328778741969761,0.002336149494709741,2.4175825542735234,3.0260765561923253,0.6084940019188019
47.0,15.0,4.0,3.0,6.0,21.0,1.0,0.6077406524751604,0.5521773485340578,0.5655554156991578,72.3910932094922,128.0,0.042262429983617435,0.046272534164754145,-0.00401010418113671,1.3484203259597753,1.9081347407174603,0.5597144147576849
47.0,15.0,4.0,3.0,6.0,21.0,4.0,0.6077406524751604,0.5521773485340578,0.6023716974204454,308.41430907926804,512.0,0.007334265022332866,0.007605886186575086,-0.0002716211642422202,2.2001978993900537,2.326206215135716,0.12600831574566218
47.0,15.0,4.0,3.0,6.0,22.0,1.0,0.6077406524751604,0.5521773485340578,0.7527978748152881,96.35812797635688,128.0,0.017279446615380677,0.013309435439220038,0.003970011176160639,2.113832177171088,1.5034183696160126,-0.6104138075550753
47.0,15.0,4.0,3.0,6.0,22.0,4.0,0.6077406524751604,0.5521773485340578,0.7159690859371378,366.57617199981456,512.0,0.004238449665641311,0.00919452901897952,-0.004956079353338208,3.522202816477834,3.440851629957067,-0.081351186520767
47.0,15.0,4.0,3.0,6.0,23.0,1.0,0.6077406524751604,0.5521773485340578,0.7262015905305879,92.95380358791525,128.0,0.026018370689562545,0.020580086838246033,0.005438283851316512,0.20293738488435376,1.0395124750541167,0.836575090169763
47.0,15.0,4.0,3.0,6.0,23.0,4.0,0.6077406524751604,0.5521773485340578,0.6435424202010211,329.4937191429228,512.0,0.004912609139007405,0.007557564960199971,-0.0026449558211925663,3.4215005082455825,3.3090593070443988,-0.11244120120118373
47.0,15.0,4.0,3.0,6.0,24.0,1.0,0.6077406524751604,0.5521773485340578,0.5852230291773781,74.9085477347044,128.0,0.01955354800286521,0.02008289383361867,-0.0005293458307534631,0.5339217309537397,0.8809859860396599,0.3470642550859202
47.0,15.0,4.0,3.0,6.0,24.0,4.0,0.6077406524751604,0.5521773485340578,0.6178916033494111,316.36050091489847,512.0,0.0038851433205030423,0.0050587651890426615,-0.0011736218685396193,2.330909041951241,2.41738677897897,0.08647773702772898
47.0,15.0,4.0,3.0,6.0,25.0,1.0,0.6077406524751604,0.5521773485340578,0.7817262264284714,100.06095698284435,128.0,0.02558347877941519,0.027726267424071985,-0.0021427886446567963,1.7214158049505068,1.7528361080698147,0.03142030311930788
47.0,15.0,4.0,3.0,6.0,25.0,4.0,0.6077406524751604,0.5521773485340578,0.5406095400583578,276.7920845098792,512.0,0.007125568019334035,0.011850977057472678,-0.004725409038138643,2.987993790733617,2.8562752783243366,-0.13171851240928056
47.0,15.0,4.0,3.0,6.0,26.0,1.0,0.6077406524751604,0.5521773485340578,0.7156798152726808,91.60701635490314,128.0,0.02340087226702555,0.0218435672659763,0.0015573050010492494,1.2062486695005625,0.34508313122141493,-0.8611655382791477
47.0,15.0,4.0,3.0,6.0,26.0,4.0,0.6077406524751604,0.5521773485340578,0.6167636570628318,315.78299241616986,512.0,0.004190173289049818,0.005846513329133122,-0.001656340040083304,3.2303811722535922,3.2626323037900318,0.03225113153643955
47.0,15.0,4.0,3.0,6.0,27.0,1.0,0.6077406524751604,0.5521773485340578,0.6208248551370699,79.46558145754494,128.0,0.015986212763861876,0.014457916471974626,0.0015282962918872506,1.6154701807296303,2.2190625322958453,0.6035923515662149
47.0,15.0,4.0,3.0,6.0,27.0,4.0,0.6077406524751604,0.5521773485340578,0.6553936030795247,335.5615247767166,512.0,0.006907804272344359,0.008924908287589406,-0.002017104015245047,4.132052216077343,4.106699564265684,-0.025352651811659577
47.0,15.0,4.0,3.0,6.0,28.0,1.0,0.6077406524751604,0.5521773485340578,0.5467023598990094,69.9779020670732,128.0,0.021133013663386976,0.01725340546497063,0.0038796081984163455,2.980564433573983,3.3351871598871816,0.35462272631319847
47.0,15.0,4.0,3.0,6.0,28.0,4.0,0.6077406524751604,0.5521773485340578,0.6743963901611547,345.2909517625112,512.0,0.005967006273644473,0.008696873563136694,-0.0027298672894922214,3.500557773059914,3.934146888036795,0.4335891149768809
47.0,15.0,4.0,3.0,6.0,29.0,1.0,0.6077406524751604,0.5521773485340578,0.6652739089306827,85.15506034312739,128.0,0.014682948713897422,0.012973373321453211,0.0017095753924442104,-1.1190964019609817,0.05554613503417099,1.1746425369951528
47.0,15.0,4.0,3.0,6.0,29.0,4.0,0.6077406524751604,0.5521773485340578,0.6454526885262353,330.47177652543246,512.0,0.006517857357682323,0.0074884110664392555,-0.0009705537087569324,2.4397062222894976,2.8992674258941613,0.4595612036046637
47.0,15.0,4.0,3.0,6.0,30.0,1.0,0.6077406524751604,0.5521773485340578,0.579416375048257,74.1652960061769,128.0,0.04252547135005135,0.04552782130959537,-0.003002349959544022,-0.8663616185316699,-1.3569126406353282,-0.4905510221036583
47.0,15.0,4.0,3.0,6.0,30.0,4.0,0.6077406524751604,0.5521773485340578,0.5392098161048486,276.0754258456825,512.0,0.004666408043550644,0.00854987348725857,-0.0038834654437079254,2.493653192974389,2.598555025956185,0.1049018329817959
47.0,15.0,4.0,3.0,6.0,31.0,1.0,0.6077406524751604,0.5521773485340578,0.6379538651877635,81.65809474403373,128.0,0.017985822939012686,0.011738520135723188,0.006247302803289497,1.345831031184039,2.1578271737331844,0.8119961425491455
47.0,15.0,4.0,3.0,6.0,31.0,4.0,0.6077406524751604,0.5521773485340578,0.45936874166914043,235.1967957345999,512.0,0.0048424860591689605,0.006666499573116189,-0.0018240135139472287,1.9668938766089774,1.8498000967494854,-0.11709377985949199
47.0,15.0,4.0,3.0,6.0,32.0,1.0,0.6077406524751604,0.5521773485340578,0.4439327453500849,56.82339140481087,128.0,0.012827625015646354,0.009878741713237,0.002948883302409354,0.46997121600407277,1.297296023406093,0.8273248074020203
47.0,15.0,4.0,3.0,6.0,32.0,4.0,0.6077406524751604,0.5521773485340578,0.5758011924657407,294.81021054245923,512.0,0.0029651087656773325,0.005253204784872342,-0.002288096019195009,2.441258492397936,2.840448748415263,0.3991902560173268
48.0,17.0,2.0,11.0,6.0,1.0,1.0,0.6662966330948953,0.5697771648217237,0.7302963152518815,93.47792835224084,128.0,0.012964139269783573,0.007431386866004898,0.005532752403778676,-0.4334033385630299,-1.1910460787539352,-0.7576427401909053
48.0,17.0,2.0,11.0,6.0,1.0,4.0,0.6662966330948953,0.5697771648217237,0.6648344047186069,340.3952152159267,512.0,0.001978998071009825,0.004414091681658773,-0.0024350936106489482,1.412710584695347,-0.38932683837344356,-1.8020374230687906
48.0,17.0,2.0,11.0,6.0,2.0,1.0,0.6662966330948953,0.5697771648217237,0.5509062038456504,70.51599409224325,128.0,0.020368136355859948,0.009647100984757073,0.010721035371102874,0.4705897930536406,0.5754661867507147,0.10487639369707408
48.0,17.0,2.0,11.0,6.0,2.0,4.0,0.6662966330948953,0.5697771648217237,0.6686699439716015,342.35901131346,512.0,0.0026927877641570374,0.004229420829013642,-0.0015366330648566044,1.5776572282411496,0.032363107799911195,-1.5452941204412385
48.0,17.0,2.0,11.0,6.0,3.0,1.0,0.6662966330948953,0.5697771648217237,0.761785610432898,97.50855813541095,128.0,0.02670923111792086,0.02145573804242606,0.005253493075494799,0.44267296892801117,-1.9867699663779188,-2.42944293530593
48.0,17.0,2.0,11.0,6.0,3.0,4.0,0.6662966330948953,0.5697771648217237,0.7093480168007298,363.18618460197365,512.0,0.0040640966653343,0.00920125231194438,-0.00513715564661008,2.7103004574399367,-0.850644298701146,-3.5609447561410827
48.0,17.0,2.0,11.0,6.0,4.0,1.0,0.6662966330948953,0.5697771648217237,0.7375905186522462,94.41158638748752,128.0,0.031158386718821197,0.03436823080909679,-0.0032098440902755924,0.9700559715028273,-0.8371780004469535,-1.8072339719497807
48.0,17.0,2.0,11.0,6.0,4.0,4.0,0.6662966330948953,0.5697771648217237,0.6386216546512636,326.974287181447,512.0,0.004515372325829098,0.006239936895376649,-0.001724564569547551,2.17568982809838,0.46527899061354605,-1.710410837484834
48.0,17.0,2.0,11.0,6.0,5.0,1.0,0.6662966330948953,0.5697771648217237,0.7207887865931731,92.26096468392616,128.0,0.006561862661318564,0.003719084001245643,0.002842778660072921,1.7860696336519515,0.03346414210799681,-1.7526054915439546
48.0,17.0,2.0,11.0,6.0,5.0,4.0,0.6662966330948953,0.5697771648217237,0.7014057303749457,359.1197339519722,512.0,0.00998217549465064,0.0026864724841558036,0.007295703010494836,2.0645676626131046,0.2874793857777636,-1.777088276835341
48.0,17.0,2.0,11.0,6.0,6.0,1.0,0.6662966330948953,0.5697771648217237,0.7435710156907521,95.17709000841627,128.0,0.018157720586265413,0.019990323378041124,-0.0018326027917757101,0.10180506268846368,-2.108503052772436,-2.2103081154609
48.0,17.0,2.0,11.0,6.0,6.0,4.0,0.6662966330948953,0.5697771648217237,0.7076533129140065,362.3184962119713,512.0,0.0049536700840932075,0.0061410900268459925,-0.001187419942752785,1.749075006434384,0.5488698690818494,-1.2002051373525346
48.0,17.0,2.0,11.0,6.0,7.0,1.0,0.6662966330948953,0.5697771648217237,0.6427364629964076,82.27026726354018,128.0,0.003961370584508714,0.0018211279844372792,0.0021402426000714345,0.6780893525941539,0.1930065055991011,-0.48508284699505283
48.0,17.0,2.0,11.0,6.0,7.0,4.0,0.6662966330948953,0.5697771648217237,0.6845933882083778,350.5118147626894,512.0,0.0029997241814518627,0.0018544929302146936,0.0011452312512371691,0.7733897744961276,0.28622610956724526,-0.4871636649288823
48.0,17.0,2.0,11.0,6.0,8.0,1.0,0.6662966330948953,0.5697771648217237,0.6571506607868118,84.11528458071191,128.0,0.013064830347617268,0.011131067885961625,0.0019337624616556429,-0.20075012377509566,-0.2700560363097167,-0.06930591253462104
48.0,17.0,2.0,11.0,6.0,8.0,4.0,0.6662966330948953,0.5697771648217237,0.6878736326164403,352.19129989961743,512.0,0.003562509292056284,0.007441050813354713,-0.003878541521298429,3.3731399231337136,0.15967550055112983,-3.2134644225825837
48.0,17.0,2.0,11.0,6.0,9.0,1.0,0.6662966330948953,0.5697771648217237,0.6446405441718365,82.51398965399507,128.0,0.031204901733641818,0.0057089071506830225,0.025495994582958793,3.4145943326556893,1.1958224959065866,-2.2187718367491027
48.0,17.0,2.0,11.0,6.0,9.0,4.0,0.6662966330948953,0.5697771648217237,0.626568237883903,320.80293779655835,512.0,0.005720319052949069,0.0033572964414373806,0.0023630226115116887,3.687127903735667,0.8494504941228856,-2.8376774096127813
48.0,17.0,2.0,11.0,6.0,10.0,1.0,0.6662966330948953,0.5697771648217237,0.5573315087849556,71.33843312447432,128.0,0.002420152833003969,0.002512159214815619,-9.200638181165038e-05,-0.007776147565620443,-0.03907668651484036,-0.031300538949219914
48.0,17.0,2.0,11.0,6.0,10.0,4.0,0.6662966330948953,0.5697771648217237,0.6494349700657341,332.5107046736559,512.0,0.002785214247953788,0.00266654267164714,0.00011867157630664812,1.141918938476818,0.3484084031276961,-0.7935105353491219
48.0,17.0,2.0,11.0,6.0,11.0,1.0,0.6662966330948953,0.5697771648217237,0.6084699416158037,77.88415252682287,128.0,0.004906923207844854,0.0029615223309311135,0.0019454008769137403,-0.7426730200640987,-0.2851499291381815,0.45752309092591725
48.0,17.0,2.0,11.0,6.0,11.0,4.0,0.6662966330948953,0.5697771648217237,0.6527861998696786,334.2265343332754,512.0,0.003130396281551882,0.0033689754015498296,-0.0002385791199979474,0.9349157808457302,-0.10702286511382189,-1.041938645959552
48.0,17.0,2.0,11.0,6.0,12.0,1.0,0.6662966330948953,0.5697771648217237,0.5298642838117953,67.8226283279098,128.0,0.005263074050561127,0.00302967590131476,0.0022333981492463667,-0.4655837681736761,-0.41311522954653196,0.05246853862714412
48.0,17.0,2.0,11.0,6.0,12.0,4.0,0.6662966330948953,0.5697771648217237,0.6270702244351094,321.059954910776,512.0,0.0026147777638085524,0.004874298960366864,-0.0022595211965583117,1.0200654209481796,-0.32366053571609504,-1.3437259566642747
48.0,17.0,2.0,11.0,6.0,13.0,1.0,0.6662966330948953,0.5697771648217237,0.7747528162600653,99.16836048128836,128.0,0.009301226019052106,0.011831927414776185,-0.0025307013957240783,0.11492153333863116,-1.5875907621539012,-1.7025122954925322
48.0,17.0,2.0,11.0,6.0,13.0,4.0,0.6662966330948953,0.5697771648217237,0.7705276895577928,394.5101770535899,512.0,0.009516756456561382,0.013620281982003051,-0.00410352552544167,2.4605246482323855,-0.4522586711027644,-2.91278331933515
48.0,17.0,2.0,11.0,6.0,14.0,1.0,0.6662966330948953,0.5697771648217237,0.7700049440023066,98.56063283229524,128.0,0.013955550191446684,0.007169752754458232,0.006785797436988452,2.23072771049444,-0.809569868678465,-3.040297579172905
48.0,17.0,2.0,11.0,6.0,14.0,4.0,0.6662966330948953,0.5697771648217237,0.6347459408746655,324.98992172782874,512.0,0.007867261575731806,0.003293979688433875,0.0045732818872979315,1.877987310452698,-0.44964608853326404,-2.327633398985962
48.0,17.0,2.0,11.0,6.0,15.0,1.0,0.6662966330948953,0.5697771648217237,0.7509436797039352,96.1207910021037,128.0,0.018094951255307686,0.017820756631665345,0.00027419462364234107,2.047247885421505,-1.0102066486574646,-3.0574545340789694
48.0,17.0,2.0,11.0,6.0,15.0,4.0,0.6662966330948953,0.5697771648217237,0.6512261055106464,333.42776602145096,512.0,0.006672093767854404,0.008254589392529564,-0.0015824956246751603,3.0809412627772383,0.5551819984916059,-2.5257592642856324
48.0,17.0,2.0,11.0,6.0,16.0,1.0,0.6662966330948953,0.5697771648217237,0.7290942771707708,93.32406747785866,128.0,0.037963815448126915,0.04837457703596716,-0.010410761587840246,-2.9890189938031932,-4.444822475938067,-1.4558034821348738
48.0,17.0,2.0,11.0,6.0,16.0,4.0,0.6662966330948953,0.5697771648217237,0.7140825188528998,365.6102496526847,512.0,0.01185852178930502,0.017947634062929492,-0.006089112273624473,1.5024748801692347,-1.113410899381729,-2.615885779550964
48.0,17.0,2.0,11.0,6.0,17.0,1.0,0.6662966330948953,0.5697771648217237,0.7709372332987792,98.67996586224373,128.0,0.013942267189377355,0.01299963766133448,0.0009426295280428754,2.5313743832875346,0.11411298547659905,-2.4172613978109356
48.0,17.0,2.0,11.0,6.0,17.0,4.0,0.6662966330948953,0.5697771648217237,0.7311017281510339,374.32408481332936,512.0,0.004395483090518839,0.007365067591801709,-0.0029695845012828693,1.7529569581507034,0.06970832032056624,-1.6832486378301372
48.0,17.0,2.0,11.0,6.0,18.0,1.0,0.6662966330948953,0.5697771648217237,0.8073763895987194,103.34417786863608,128.0,0.04664162065690991,0.021389777667160277,0.025251842989749633,0.4399884900045913,-1.4196367237099028,-1.859625213714494
48.0,17.0,2.0,11.0,6.0,18.0,4.0,0.6662966330948953,0.5697771648217237,0.6607001367386001,338.27847001016323,512.0,0.007074286763970936,0.00707810919427126,-3.822430300323698e-06,2.0929302630997135,-0.3784284362633331,-2.4713586993630465
48.0,17.0,2.0,11.0,6.0,19.0,1.0,0.6662966330948953,0.5697771648217237,0.46405657225237545,59.39924124830406,128.0,0.010968894154812179,0.004373369177225904,0.006595524977586274,0.6262112831809702,0.13313599444387408,-0.4930752887370961
48.0,17.0,2.0,11.0,6.0,19.0,4.0,0.6662966330948953,0.5697771648217237,0.5474072858830574,280.2725303721254,512.0,0.0024326609098496736,0.0035381171869021304,-0.0011054562770524568,0.8214079188476198,0.24478826174315307,-0.5766196571044667
48.0,17.0,2.0,11.0,6.0,20.0,1.0,0.6662966330948953,0.5697771648217237,0.7490338698521176,95.87633534107106,128.0,0.016626017824492717,0.018968338851213934,-0.002342321026721217,0.6012926842028822,-1.1703537426477157,-1.771646426850598
48.0,17.0,2.0,11.0,6.0,20.0,4.0,0.6662966330948953,0.5697771648217237,0.6786889301621594,347.4887322430256,512.0,0.004714457137839221,0.010401329006875768,-0.005686871869036547,1.4343404138021325,-0.9385149474602227,-2.372855361262355
48.0,17.0,2.0,11.0,6.0,21.0,1.0,0.6662966330948953,0.5697771648217237,0.7691358176501335,98.44938465921709,128.0,0.019126101672933653,0.004199945869677819,0.014926155803255833,2.049211564684098,0.677633046301877,-1.3715785183822207
48.0,17.0,2.0,11.0,6.0,21.0,4.0,0.6662966330948953,0.5697771648217237,0.7426196256464082,380.221248330961,512.0,0.00466782965373712,0.0069560023104774694,-0.0022881726567403494,2.0888695088635125,-0.6774144529584237,-2.7662839618219364
48.0,17.0,2.0,11.0,6.0,22.0,1.0,0.6662966330948953,0.5697771648217237,0.6279006125893082,80.37127841143145,128.0,0.006669089051366726,0.005377165317361638,0.001291923734005088,2.606577174244404,-0.7023196338817304,-3.3088968081261343
48.0,17.0,2.0,11.0,6.0,22.0,4.0,0.6662966330948953,0.5697771648217237,0.6767833735245836,346.5130872445868,512.0,0.002931798626880249,0.004598010966814708,-0.0016662123399344589,1.9961657042683323,-0.3045349900627301,-2.3007006943310624
48.0,17.0,2.0,11.0,6.0,23.0,1.0,0.6662966330948953,0.5697771648217237,0.7658287167142813,98.02607573942801,128.0,0.01768079075431061,0.011633266077841292,0.006047524676469317,3.3363691757185086,-0.35532556907275215,-3.6916947447912607
48.0,17.0,2.0,11.0,6.0,23.0,4.0,0.6662966330948953,0.5697771648217237,0.7393708336312098,378.5578668191794,512.0,0.0028171660075844004,0.00642411139922541,-0.00360694539164101,2.6919889614622896,0.06903289280054642,-2.6229560686617432
48.0,17.0,2.0,11.0,6.0,24.0,1.0,0.6662966330948953,0.5697771648217237,0.6743414292175055,86.3157029398407,128.0,0.01318003279940544,0.010706872834319061,0.0024731599650863797,0.871352066666515,-0.37410327951022115,-1.2454553461767361
48.0,17.0,2.0,11.0,6.0,24.0,4.0,0.6662966330948953,0.5697771648217237,0.6924039193661207,354.5108067154538,512.0,0.005187015316693375,0.006495833414425195,-0.0013088180977318198,1.1909293383281083,-0.04207051239756665,-1.232999850725675
48.0,17.0,2.0,11.0,6.0,25.0,1.0,0.6662966330948953,0.5697771648217237,0.6998066049416137,89.57524543252656,128.0,0.02660136228765425,0.013747213513083544,0.012854148774570707,-3.2886073885617826,-1.2854957233405933,2.0031116652211893
48.0,17.0,2.0,11.0,6.0,25.0,4.0,0.6662966330948953,0.5697771648217237,0.6770411632928625,346.6450756059456,512.0,0.005387282889034406,0.006108200244985292,-0.0007209173559508857,1.6704297959798755,0.4140948251216813,-1.2563349708581941
48.0,17.0,2.0,11.0,6.0,26.0,1.0,0.6662966330948953,0.5697771648217237,0.7503943470162715,96.05047641808275,128.0,0.01870085944025065,0.01673633074933921,0.0019645286909114393,0.4565867249638707,-1.2195620040663384,-1.676148729030209
48.0,17.0,2.0,11.0,6.0,26.0,4.0,0.6662966330948953,0.5697771648217237,0.7242273486850375,370.8044025267392,512.0,0.006185390096403895,0.010382823742956503,-0.004197433646552608,2.4735946718362976,0.41551609739570666,-2.0580785744405907
48.0,17.0,2.0,11.0,6.0,27.0,1.0,0.6662966330948953,0.5697771648217237,0.7252035690491611,92.82605683829262,128.0,0.020631014767929678,0.002608202306241698,0.01802281246168798,0.5522813533796225,0.2064249445662052,-0.3458564088134173
48.0,17.0,2.0,11.0,6.0,27.0,4.0,0.6662966330948953,0.5697771648217237,0.6049018542279236,309.7097493646969,512.0,0.003033992067989038,0.002945030123621302,8.896194436773617e-05,1.3229488464904304,0.5272261699889027,-0.7957226765015277
48.0,17.0,2.0,11.0,6.0,28.0,1.0,0.6662966330948953,0.5697771648217237,0.7534694275762824,96.44408672976415,128.0,0.028197126113010715,0.02672958996877277,0.0014675361442379464,-0.9768072186965997,-2.379379048507337,-1.4025718298107372
48.0,17.0,2.0,11.0,6.0,28.0,4.0,0.6662966330948953,0.5697771648217237,0.7207194426636465,369.008354643787,512.0,0.004468983713855481,0.006781936830173432,-0.0023129531163179513,1.6155680267120784,-0.3456868950138802,-1.9612549217259587
48.0,17.0,2.0,11.0,6.0,29.0,1.0,0.6662966330948953,0.5697771648217237,0.6933627292159252,88.75042933963843,128.0,0.047722354349962415,0.02608922524814304,0.021633129101819373,-2.7746223854491148,-3.129279470277242,-0.3546570848281272
48.0,17.0,2.0,11.0,6.0,29.0,4.0,0.6662966330948953,0.5697771648217237,0.7133418804293555,365.23104277983003,512.0,0.004941671003956457,0.00675498808239096,-0.0018133170784345037,2.3191014208753677,-0.2036257260708375,-2.522727146946205
48.0,17.0,2.0,11.0,6.0,30.0,1.0,0.6662966330948953,0.5697771648217237,0.6174064539872269,79.02802611036505,128.0,0.00992465752150884,0.007549459086523599,0.0023751984349852408,-0.45880880393225737,-0.24559110674101226,0.21321769719124511
48.0,17.0,2.0,11.0,6.0,30.0,4.0,0.6662966330948953,0.5697771648217237,0.6217851834878791,318.3540139457941,512.0,0.002152695434235464,0.00425017016754215,-0.0020974747333066856,1.9884396005142153,0.282622999955943,-1.7058166005582724
48.0,17.0,2.0,11.0,6.0,31.0,1.0,0.6662966330948953,0.5697771648217237,0.6135311529526767,78.53198757794262,128.0,0.010625354120519593,0.01121372873387249,-0.0005883746133528971,1.6353418311074874,-0.5500156366116139,-2.1853574677191014
48.0,17.0,2.0,11.0,6.0,31.0,4.0,0.6662966330948953,0.5697771648217237,0.6686908954617719,342.3697384764272,512.0,0.003347502333859083,0.004906377148523116,-0.0015588748146640324,2.0332045143111475,-0.28787531471451583,-2.3210798290256633
48.0,17.0,2.0,11.0,6.0,32.0,1.0,0.6662966330948953,0.5697771648217237,0.7969384843550621,102.00812599744795,128.0,0.01084028927824025,0.015523492934798162,-0.004683203656557913,0.5273224856946073,-2.01289179915694,-2.5402142848515474
48.0,17.0,2.0,11.0,6.0,32.0,4.0,0.6662966330948953,0.5697771648217237,0.6977508685799584,357.2484447129387,512.0,0.006188228831223485,0.011036193248835788,-0.004847964417612304,1.3360012675808095,-0.7383589492997903,-2.0743602168805997
49.0,5.0,6.0,4.0,7.0,1.0,1.0,0.8544307440826742,0.884315440821196,0.9348370541790437,119.6591429349176,128.0,0.02055806617264557,0.0164155395247405,0.00414252664790507,-0.7552499845955396,-0.3472216425811769,0.4080283420143627
49.0,5.0,6.0,4.0,7.0,1.0,4.0,0.8544307440826742,0.884315440821196,0.8711541517622978,446.0309257022965,512.0,0.0038859640800182585,0.004677646539901761,-0.0007916824598835025,1.7103943343693524,2.103659479863289,0.39326514549393665
49.0,5.0,6.0,4.0,7.0,2.0,1.0,0.8544307440826742,0.884315440821196,0.8486878781700383,108.6320484057649,128.0,0.01962150266803086,0.01362423244044457,0.005997270227586289,-0.6496736179459769,0.34734692143523044,0.9970205393812073
49.0,5.0,6.0,4.0,7.0,2.0,4.0,0.8544307440826742,0.884315440821196,0.8529344658152066,436.7024464973858,512.0,0.0048868366072351435,0.006099102706171408,-0.0012122660989362646,1.3899041197520423,1.4757907990891383,0.08588667933709604
49.0,5.0,6.0,4.0,7.0,3.0,1.0,0.8544307440826742,0.884315440821196,0.9041187607770025,115.72720137945632,128.0,0.010619433758233373,0.015448410688814584,-0.0048289769305812115,1.973782493452553,2.0433546038241626,0.0695721103716096
49.0,5.0,6.0,4.0,7.0,3.0,4.0,0.8544307440826742,0.884315440821196,0.8370626985992753,428.57610168282895,512.0,0.004042156295059883,0.005484116656900223,-0.0014419603618403406,1.7231716998611393,2.0014468704941426,0.27827517063300333
49.0,5.0,6.0,4.0,7.0,4.0,1.0,0.8544307440826742,0.884315440821196,0.886101754849298,113.42102462071014,128.0,0.024150556837830447,0.029343182036440162,-0.005192625198609715,0.9023807723302241,1.007117289232601,0.10473651690237695
49.0,5.0,6.0,4.0,7.0,4.0,4.0,0.8544307440826742,0.884315440821196,0.8555033453693782,438.01771282912165,512.0,0.0032887203074883024,0.004610881391794221,-0.0013221610843059187,1.3685038008857888,1.9752773543113311,0.6067735534255423
49.0,5.0,6.0,4.0,7.0,5.0,1.0,0.8544307440826742,0.884315440821196,0.8426139296791756,107.85458299893448,128.0,0.014270623057491817,0.015089323524066708,-0.0008187004665748919,1.8464566665650108,1.719878033790566,-0.12657863277444492
49.0,5.0,6.0,4.0,7.0,5.0,4.0,0.8544307440826742,0.884315440821196,0.8637006042623315,442.21470938231374,512.0,0.004764069755904209,0.004067729027927453,0.0006963407279767563,1.0154755287525008,1.5469446073874096,0.5314690786349088
49.0,5.0,6.0,4.0,7.0,6.0,1.0,0.8544307440826742,0.884315440821196,0.9339953603461368,119.55140612430552,128.0,0.016875929435819663,0.016169015731088112,0.0007069137047315509,0.6763210551253134,1.3533202676929983,0.6769992125676849
49.0,5.0,6.0,4.0,7.0,6.0,4.0,0.8544307440826742,0.884315440821196,0.8723916210155908,446.66450995998247,512.0,0.005546932185673258,0.005992405438638541,-0.0004454732529652833,1.3747127913122017,1.7161192360449924,0.3414064447327907
49.0,5.0,6.0,4.0,7.0,7.0,1.0,0.8544307440826742,0.884315440821196,0.8381512334150918,107.28335787713175,128.0,0.012143792355790616,0.01267064462153621,-0.0005268522657455935,1.3228670869968706,1.415768725394679,0.0929016383978083
49.0,5.0,6.0,4.0,7.0,7.0,4.0,0.8544307440826742,0.884315440821196,0.8563998223799164,438.4767090585172,512.0,0.006271290704177825,0.00859075392459032,-0.0023194632204124955,2.3301192289787003,2.3808836588905335,0.050764429911833275
49.0,5.0,6.0,4.0,7.0,8.0,1.0,0.8544307440826742,0.884315440821196,0.8363285235269468,107.05005101144918,128.0,0.017773905654481892,0.007842274126890768,0.009931631527591123,-1.0243977091216474,0.4931917232012629,1.5175894323229104
49.0,5.0,6.0,4.0,7.0,8.0,4.0,0.8544307440826742,0.884315440821196,0.8328081417290398,426.3977685652684,512.0,0.008031117244938484,0.0025286541545371825,0.005502463090401301,0.46471606592886794,1.7938373097586804,1.3291212438298126
49.0,5.0,6.0,4.0,7.0,9.0,1.0,0.8544307440826742,0.884315440821196,0.8582699074007593,109.85854814729718,128.0,0.011738167079827874,0.012728268127376006,-0.0009901010475481323,0.7083092373279181,0.5659740814477434,-0.14233515588017465
49.0,5.0,6.0,4.0,7.0,9.0,4.0,0.8544307440826742,0.884315440821196,0.834669889119755,427.3509832293146,512.0,0.002611693287786052,0.0019725370975341955,0.0006391561902518565,0.9359238678002598,1.2709306349803084,0.3350067671800486
49.0,5.0,6.0,4.0,7.0,10.0,1.0,0.8544307440826742,0.884315440821196,0.8846711043297292,113.23790135420533,128.0,0.01596690939306972,0.015572252413723432,0.00039465697934628827,-0.26552096319099056,0.5403402146514942,0.8058611778424847
49.0,5.0,6.0,4.0,7.0,10.0,4.0,0.8544307440826742,0.884315440821196,0.8216698676051746,420.6949722138494,512.0,0.0032227788884040933,0.001843623511883709,0.0013791553765203843,0.5002961783826149,1.0878905016867364,0.5875943233041215
49.0,5.0,6.0,4.0,7.0,11.0,1.0,0.8544307440826742,0.884315440821196,0.7917464903638588,101.34355076657393,128.0,0.022116411708900528,0.024755042127152377,-0.0026386304182518493,-0.2891674159528754,-0.7245508314029593,-0.4353834154500839
49.0,5.0,6.0,4.0,7.0,11.0,4.0,0.8544307440826742,0.884315440821196,0.8615126688364967,441.0944864442863,512.0,0.005606868017562465,0.005488393621353548,0.00011847439620891673,0.9334735917185313,1.4945027438549,0.5610291521363686
49.0,5.0,6.0,4.0,7.0,12.0,1.0,0.8544307440826742,0.884315440821196,0.8761658659017388,112.14923083542257,128.0,0.014631587225916315,0.01796746980633447,-0.0033358825804181563,1.478352118051472,1.2443637270084273,-0.2339883910430447
49.0,5.0,6.0,4.0,7.0,12.0,4.0,0.8544307440826742,0.884315440821196,0.8721286242986207,446.5298556408938,512.0,0.00969794623342566,0.009390953408061965,0.0003069928253636948,0.8479222866302418,1.3535656557994276,0.5056433691691857
49.0,5.0,6.0,4.0,7.0,13.0,1.0,0.8544307440826742,0.884315440821196,0.7907812201024221,101.21999617311003,128.0,0.007720517714600833,0.00763010004171967,9.041767288116287e-05,0.3195399583496908,0.91944531954143,0.5999053611917393
49.0,5.0,6.0,4.0,7.0,13.0,4.0,0.8544307440826742,0.884315440821196,0.8294441140392126,424.67538638807684,512.0,0.0025272893630280103,0.003503022729541206,-0.0009757333665131956,1.4476101161372525,1.523769222925494,0.07615910678824145
49.0,5.0,6.0,4.0,7.0,14.0,1.0,0.8544307440826742,0.884315440821196,0.8943490503974582,114.47667845087464,128.0,0.030448547513411674,0.03206102200870739,-0.0016124744952957168,0.7102882276465593,0.8775326128607775,0.16724438521421825
49.0,5.0,6.0,4.0,7.0,14.0,4.0,0.8544307440826742,0.884315440821196,0.8926777666818743,457.0510165411196,512.0,0.00739085696093414,0.009228660820858749,-0.0018378038599246088,2.3555701727988376,2.6469551553233712,0.2913849825245336
49.0,5.0,6.0,4.0,7.0,15.0,1.0,0.8544307440826742,0.884315440821196,0.799789358633841,102.37303790513165,128.0,0.0125371598514134,0.013283913358425544,-0.0007467535070121434,0.240598440998359,0.08414251361836436,-0.15645592737999464
49.0,5.0,6.0,4.0,7.0,15.0,4.0,0.8544307440826742,0.884315440821196,0.812964339827945,416.23774199190785,512.0,0.005051397533689265,0.004046970931825901,0.001004426601863364,1.0587797511555288,1.3667080585134908,0.30792830735796195
49.0,5.0,6.0,4.0,7.0,16.0,1.0,0.8544307440826742,0.884315440821196,0.7832553866176233,100.25668948705578,128.0,0.012549278526948615,0.012350468428611703,0.00019881009833691218,0.6828611345959299,0.9646575831273159,0.28179644853138597
49.0,5.0,6.0,4.0,7.0,16.0,4.0,0.8544307440826742,0.884315440821196,0.8468550242857008,433.5897724342788,512.0,0.006795567167538767,0.0048295375860177405,0.001966029581521027,0.6800189777825988,1.396092926945623,0.7160739491630242
49.0,5.0,6.0,4.0,7.0,17.0,1.0,0.8544307440826742,0.884315440821196,0.7573492693765268,96.94070648019543,128.0,0.032368213596626116,0.02962117203627755,0.002747041560348565,-1.170609686038167,-0.23191351664978327,0.9386961693883837
49.0,5.0,6.0,4.0,7.0,17.0,4.0,0.8544307440826742,0.884315440821196,0.8395220842211978,429.83530712125327,512.0,0.006443334000738498,0.008738681034661574,-0.002295347033923076,1.8136913670947687,2.118016825618306,0.3043254585235373
49.0,5.0,6.0,4.0,7.0,18.0,1.0,0.8544307440826742,0.884315440821196,0.9082324686567846,116.25375598806843,128.0,0.036360873615875464,0.03766556387437643,-0.0013046902585009679,0.23331341430839633,0.7392075603478624,0.505894146039466
49.0,5.0,6.0,4.0,7.0,18.0,4.0,0.8544307440826742,0.884315440821196,0.8980953641788295,459.8248264595607,512.0,0.003895604656895373,0.0058338821397766515,-0.0019382774828812783,1.9285668954779216,2.0626456798900814,0.1340787844121598
49.0,5.0,6.0,4.0,7.0,19.0,1.0,0.8544307440826742,0.884315440821196,0.7990440455094416,102.27763782520853,128.0,0.01943299438373907,0.019338509555400257,9.448482833881305e-05,-0.08053305893983441,0.4268712961674757,0.5074043551073101
49.0,5.0,6.0,4.0,7.0,19.0,4.0,0.8544307440826742,0.884315440821196,0.8086823439434733,414.0453600990583,512.0,0.004172991923258889,0.004448521999738537,-0.00027553007647964853,1.3319895255385572,1.7367955717971117,0.40480604625855454
49.0,5.0,6.0,4.0,7.0,20.0,1.0,0.8544307440826742,0.884315440821196,0.8172756033966568,104.61127723477207,128.0,0.011529015830892221,0.008687945130085497,0.0028410707008067245,0.0280766733190122,0.10521138977327692,0.07713471645426472
49.0,5.0,6.0,4.0,7.0,20.0,4.0,0.8544307440826742,0.884315440821196,0.8313959685253431,425.6747358849757,512.0,0.002820447787749969,0.002425706954132246,0.0003947408336177228,0.9149506081175036,1.0918445038797167,0.17689389576221304
49.0,5.0,6.0,4.0,7.0,21.0,1.0,0.8544307440826742,0.884315440821196,0.8375473631959747,107.20606248908476,128.0,0.017549276196479887,0.01569446728384405,0.0018548089126358379,-0.4308038796068183,0.34947912111046625,0.7802830007172845
49.0,5.0,6.0,4.0,7.0,21.0,4.0,0.8544307440826742,0.884315440821196,0.8273693052354141,423.613084280532,512.0,0.0037909494857942005,0.0027968289984824785,0.000994120487311722,0.8793225315395373,1.3181819082819448,0.4388593767424075
49.0,5.0,6.0,4.0,7.0,22.0,1.0,0.8544307440826742,0.884315440821196,0.8833495403562377,113.06874116559842,128.0,0.010409721317769776,0.008854486989845197,0.001555234327924579,0.3528642923830614,0.9697088839962733,0.6168445916132119
49.0,5.0,6.0,4.0,7.0,22.0,4.0,0.8544307440826742,0.884315440821196,0.8667238368015262,443.7626044423814,512.0,0.002183381426462399,0.0016542207087792524,0.0005291607176831467,1.3051942022829106,1.4254890651437768,0.12029486286086621
49.0,5.0,6.0,4.0,7.0,23.0,1.0,0.8544307440826742,0.884315440821196,0.9078916603729632,116.21013252773929,128.0,0.024820551907115088,0.020061633423274917,0.00475891848384017,0.5201060212858594,1.2958093015231966,0.7757032802373373
49.0,5.0,6.0,4.0,7.0,23.0,4.0,0.8544307440826742,0.884315440821196,0.8835427634427708,452.37389488269866,512.0,0.0042941490787664904,0.005681475159358738,-0.0013873260805922476,1.485354734263079,1.7587042089275993,0.2733494746645202
49.0,5.0,6.0,4.0,7.0,24.0,1.0,0.8544307440826742,0.884315440821196,0.85834183103303,109.86775437222784,128.0,0.008688713023534852,0.006294555889270473,0.002394157134264379,0.5456170810301818,0.9335860147042354,0.3879689336740536
49.0,5.0,6.0,4.0,7.0,24.0,4.0,0.8544307440826742,0.884315440821196,0.8325146135666369,426.2474821461181,512.0,0.0025857019244813883,0.0035862261456012785,-0.0010005242211198902,1.2111306307454102,1.4101511337752826,0.1990205030298724
49.0,5.0,6.0,4.0,7.0,25.0,1.0,0.8544307440826742,0.884315440821196,0.8190734417801427,104.84140054785827,128.0,0.014832598593574957,0.015129940340340655,-0.00029734174676569747,0.9378708514259305,1.1135594513894242,0.17568859996349373
49.0,5.0,6.0,4.0,7.0,25.0,4.0,0.8544307440826742,0.884315440821196,0.8644425486197436,442.5945848933087,512.0,0.0034429082814188524,0.004350064198396018,-0.0009071559169771658,1.439659858445046,1.656139088145429,0.21647922970038302
49.0,5.0,6.0,4.0,7.0,26.0,1.0,0.8544307440826742,0.884315440821196,0.911667075035676,116.69338560456653,128.0,0.02556911111127152,0.014493680694075401,0.011075430417196117,-2.46148275282297,-0.6927826150022386,1.7687001378207312
49.0,5.0,6.0,4.0,7.0,26.0,4.0,0.8544307440826742,0.884315440821196,0.8685296605635668,444.6871862085462,512.0,0.003642834129474851,0.004288610694700824,-0.0006457765652259726,1.412164902073098,1.6708128031290481,0.25864790105595015
49.0,5.0,6.0,4.0,7.0,27.0,1.0,0.8544307440826742,0.884315440821196,0.8493019791117798,108.71065332630782,128.0,0.057417266566669886,0.05023796259905579,0.007179303967614098,-1.50811558324196,-1.9792873134398474,-0.4711717301978875
49.0,5.0,6.0,4.0,7.0,27.0,4.0,0.8544307440826742,0.884315440821196,0.8658831925485291,443.3321945848469,512.0,0.004254409951423209,0.005467674578571984,-0.0012132646271487751,1.754733742857372,1.684371635369305,-0.07036210748806693
49.0,5.0,6.0,4.0,7.0,28.0,1.0,0.8544307440826742,0.884315440821196,0.9123507129693219,116.7808912600732,128.0,0.010987655079974849,0.010486448710625623,0.0005012063693492254,1.101013682152439,1.168443203301062,0.0674295211486231
49.0,5.0,6.0,4.0,7.0,28.0,4.0,0.8544307440826742,0.884315440821196,0.9059462024069979,463.8444556323829,512.0,0.004445905158451336,0.006407567371920021,-0.001961662213468685,2.3010129465948075,2.837074435806565,0.5360614892117574
49.0,5.0,6.0,4.0,7.0,29.0,1.0,0.8544307440826742,0.884315440821196,0.8724468746372711,111.6731999535707,128.0,0.011147238633380368,0.009533632583743281,0.0016136060496370862,0.3330330184671191,0.9923723311497163,0.6593393126825973
49.0,5.0,6.0,4.0,7.0,29.0,4.0,0.8544307440826742,0.884315440821196,0.9002792990982135,460.9430011382853,512.0,0.004195560454728504,0.007085160476353626,-0.002889600021625122,1.9197816413794364,2.056291575157779,0.13650993377834264
49.0,5.0,6.0,4.0,7.0,30.0,1.0,0.8544307440826742,0.884315440821196,0.901866699885897,115.43893758539481,128.0,0.024590329917879704,0.020260471659658285,0.004329858258221419,-1.6085732976788638,-1.0401098778469986,0.5684634198318652
49.0,5.0,6.0,4.0,7.0,30.0,4.0,0.8544307440826742,0.884315440821196,0.8853255505187551,453.2866818656026,512.0,0.004065263676944984,0.0024306575271741773,0.0016346061497708067,0.958845133451771,1.5453210872558027,0.5864759538040317
49.0,5.0,6.0,4.0,7.0,31.0,1.0,0.8544307440826742,0.884315440821196,0.7878062963869568,100.83920593753047,128.0,0.005430624244426715,0.004341968329374417,0.0010886559150522978,1.5126029534847705,1.42481402772053,-0.08778892576424058
49.0,5.0,6.0,4.0,7.0,31.0,4.0,0.8544307440826742,0.884315440821196,0.8289065248977275,424.4001407476365,512.0,0.003021435845130582,0.0036816559801499367,-0.0006602201350193546,1.4115182050236394,1.6526735553838838,0.24115535036024438
49.0,5.0,6.0,4.0,7.0,32.0,1.0,0.8544307440826742,0.884315440821196,0.8770370025636829,112.26073632815141,128.0,0.013256937434257623,0.014407227624880243,-0.0011502901906226201,1.279150953276667,1.4766025709472927,0.1974516176706258
49.0,5.0,6.0,4.0,7.0,32.0,4.0,0.8544307440826742,0.884315440821196,0.8767572975115888,448.8997363259335,512.0,0.002379246741366143,0.002633090552727743,-0.0002538438113616,1.49206900160685,1.5975745236086734,0.10550552200182328
50.0,6.0,1.0,2.0,7.0,1.0,1.0,0.8871187297277737,0.9054127023810689,0.8364290835377671,107.06292269283419,128.0,0.00475992331427684,0.005619422619816681,-0.0008594993055398414,0.5314696412528828,-0.5729866199828483,-1.1044562612357312
50.0,6.0,1.0,2.0,7.0,1.0,4.0,0.8871187297277737,0.9054127023810689,0.880103893732249,450.61319359091146,512.0,0.0021226307900093916,0.004152572043647846,-0.0020299412536384544,3.026676343332609,2.4892848188395575,-0.5373915244930516
50.0,6.0,1.0,2.0,7.0,2.0,1.0,0.8871187297277737,0.9054127023810689,0.9142884748371239,117.02892477915186,128.0,0.011913471800632652,0.019621341376879278,-0.007707869576246626,4.003605073044321,3.1279703616654713,-0.8756347113788499
50.0,6.0,1.0,2.0,7.0,2.0,4.0,0.8871187297277737,0.9054127023810689,0.8950244954459431,458.25254166832286,512.0,0.0030755612696940883,0.00424173103330075,-0.0011661697636066613,3.236188026439591,1.4057739446684847,-1.830414081771106
50.0,6.0,1.0,2.0,7.0,3.0,1.0,0.8871187297277737,0.9054127023810689,0.8061175369924592,103.18304473503478,128.0,0.006519685506778024,0.007026994930976992,-0.0005073094241989677,4.906191582052799,2.882085986753988,-2.0241055952988107
50.0,6.0,1.0,2.0,7.0,3.0,4.0,0.8871187297277737,0.9054127023810689,0.8428522647324433,431.540359543011,512.0,0.002589610037558404,0.004062558218481101,-0.0014729481809226974,2.36875205000603,1.3416344983143569,-1.0271175516916733
50.0,6.0,1.0,2.0,7.0,4.0,1.0,0.8871187297277737,0.9054127023810689,0.8881156138652111,113.67879857474702,128.0,0.01216701770490131,0.013995013871327792,-0.001827996166426482,4.996350914216614,4.096471690975638,-0.8998792232409762
50.0,6.0,1.0,2.0,7.0,4.0,4.0,0.8871187297277737,0.9054127023810689,0.8608236311422419,440.74169914482786,512.0,0.00652667036490444,0.008552146349194208,-0.0020254759842897683,4.941469080480108,1.7296046875665545,-3.211864392913553
50.0,6.0,1.0,2.0,7.0,5.0,1.0,0.8871187297277737,0.9054127023810689,0.8999434185683904,115.19275757675398,128.0,0.005825492132589879,0.0065706633048499,-0.0007451711722600207,-0.2081289946433889,-0.9881372425097698,-0.7800082478663808
50.0,6.0,1.0,2.0,7.0,5.0,4.0,0.8871187297277737,0.9054127023810689,0.904188075515967,462.9442946641751,512.0,0.003837995666970704,0.007093960325578733,-0.0032559646586080293,2.2363478804042893,1.5547059254476294,-0.6816419549566599
50.0,6.0,1.0,2.0,7.0,6.0,1.0,0.8871187297277737,0.9054127023810689,0.825632012413512,105.68089758892954,128.0,0.004801723985660484,0.0036526837005484737,0.00114904028511201,6.2919249785858575,0.9614117215520156,-5.330513257033842
50.0,6.0,1.0,2.0,7.0,6.0,4.0,0.8871187297277737,0.9054127023810689,0.8794557875481185,450.28136322463666,512.0,0.0014086073880488004,0.0038267835587949615,-0.0024181761707461613,5.033426758303529,0.9516939463444579,-4.081732811959071
50.0,6.0,1.0,2.0,7.0,7.0,1.0,0.8871187297277737,0.9054127023810689,0.921391598964833,117.93812466749863,128.0,0.008293645604782855,0.004019094085240016,0.004274551519542838,7.854955758737046,2.8929007181037916,-4.962055040633254
50.0,6.0,1.0,2.0,7.0,7.0,4.0,0.8871187297277737,0.9054127023810689,0.8948746177757635,458.1758043011909,512.0,0.003235418932737971,0.0032042904323530026,3.112850038496833e-05,4.676596608232959,1.7965040173943279,-2.8800925908386312
50.0,6.0,1.0,2.0,7.0,8.0,1.0,0.8871187297277737,0.9054127023810689,0.8914617719927177,114.10710681506787,128.0,0.015829946983659658,0.012031845631627,0.003798101352032658,2.258904371304136,0.15240103702891186,-2.1065033342752244
50.0,6.0,1.0,2.0,7.0,8.0,4.0,0.8871187297277737,0.9054127023810689,0.8948244984513464,458.15014320708934,512.0,0.0025369048643932557,0.005069111085410178,-0.0025322062210169226,5.412258040798439,2.7159814536174482,-2.6962765871809906
50.0,6.0,1.0,2.0,7.0,9.0,1.0,0.8871187297277737,0.9054127023810689,0.8496175423357795,108.75104541897977,128.0,0.008463434534740633,0.004423648610452187,0.004039785924288446,6.237852872523418,2.234821649112783,-4.003031223410636
50.0,6.0,1.0,2.0,7.0,9.0,4.0,0.8871187297277737,0.9054127023810689,0.8705250945921797,445.70884843119603,512.0,0.0037160451591846276,0.005041289661213068,-0.0013252445020284402,6.072532853312791,3.177596726868561,-2.8949361264442297
50.0,6.0,1.0,2.0,7.0,10.0,1.0,0.8871187297277737,0.9054127023810689,0.8906072906050918,113.99773319745175,128.0,0.014705178399732531,0.013456139853657133,0.0012490385460753976,1.1372077610538116,0.9326382805658301,-0.20456948048798151
50.0,6.0,1.0,2.0,7.0,10.0,4.0,0.8871187297277737,0.9054127023810689,0.9005898222991398,461.10198901715955,512.0,0.0029799957798797884,0.004324891785160435,-0.0013448960052806465,5.0213331755713995,4.189020210398442,-0.8323129651729575
50.0,6.0,1.0,2.0,7.0,11.0,1.0,0.8871187297277737,0.9054127023810689,0.8832595851382192,113.05722689769206,128.0,0.009028894655975726,0.005725687945923631,0.0033032067100520947,0.37942277530597085,-3.08001346473805,-3.459436240044021
50.0,6.0,1.0,2.0,7.0,11.0,4.0,0.8871187297277737,0.9054127023810689,0.890980008063548,456.1817641285366,512.0,0.002186020634137897,0.0045833493862061665,-0.0023973287520682694,5.1722073613917035,1.41480870456913,-3.7573986568225735
50.0,6.0,1.0,2.0,7.0,12.0,1.0,0.8871187297277737,0.9054127023810689,0.9478215842498319,121.32116278397848,128.0,0.01861923187060582,0.012829737228315975,0.0057894946422898455,2.424247081830793,1.7400958750771334,-0.6841512067536597
50.0,6.0,1.0,2.0,7.0,12.0,4.0,0.8871187297277737,0.9054127023810689,0.910342487856408,466.0953537824809,512.0,0.0025168413231702845,0.0031061168274636904,-0.0005892755042934059,2.7274369703336183,0.8039772804182006,-1.9234596899154177
50.0,6.0,1.0,2.0,7.0,13.0,1.0,0.8871187297277737,0.9054127023810689,0.9152496089967804,117.1519499515879,128.0,0.005029976728982003,0.005393979440321954,-0.0003640027113399518,5.851225057180356,1.8435657500738252,-4.007659307106531
50.0,6.0,1.0,2.0,7.0,13.0,4.0,0.8871187297277737,0.9054127023810689,0.8870779221233532,454.18389612715686,512.0,0.006031100531586613,0.004838702982085242,0.0011923975495013702,7.691487460130646,1.860742228499508,-5.830745231631138
50.0,6.0,1.0,2.0,7.0,14.0,1.0,0.8871187297277737,0.9054127023810689,0.9110488814072226,116.6142568201245,128.0,0.010839999113271877,0.0038880671773237783,0.006951931935948099,4.236452460512333,1.2407636936132884,-2.9956887668990446
50.0,6.0,1.0,2.0,7.0,14.0,4.0,0.8871187297277737,0.9054127023810689,0.8838526336557596,452.5325484317489,512.0,0.002603415227096194,0.005160857993124322,-0.002557442766028128,4.223412558418168,0.9994475106811911,-3.2239650477369772
50.0,6.0,1.0,2.0,7.0,15.0,1.0,0.8871187297277737,0.9054127023810689,0.8719978729397325,111.61572773628576,128.0,0.006556674893408158,0.008893534238551597,-0.0023368593451434383,3.847305653006332,-0.3984814646746034,-4.245787117680935
50.0,6.0,1.0,2.0,7.0,15.0,4.0,0.8871187297277737,0.9054127023810689,0.8950927313085384,458.28747842997166,512.0,0.0020931595828271145,0.00402270647561833,-0.0019295468927912158,7.054905041376836,3.677029863036636,-3.3778751783402
50.0,6.0,1.0,2.0,7.0,16.0,1.0,0.8871187297277737,0.9054127023810689,0.9229899769260832,118.14271704653865,128.0,0.00534758375775329,0.003888155695194679,0.001459428062558611,6.874797654577641,3.0313416659383225,-3.8434559886393185
50.0,6.0,1.0,2.0,7.0,16.0,4.0,0.8871187297277737,0.9054127023810689,0.9043323808685328,463.0181790046888,512.0,0.002925118892706327,0.0034424027799997317,-0.0005172838872934049,6.5607359032007935,1.678201558690415,-4.882534344510378
50.0,6.0,1.0,2.0,7.0,17.0,1.0,0.8871187297277737,0.9054127023810689,0.8729896314625477,111.7426728272061,128.0,0.016435272901792024,0.0156474626267483,0.0007878102750437238,8.77005668491401,6.348514603347269,-2.4215420815667414
50.0,6.0,1.0,2.0,7.0,17.0,4.0,0.8871187297277737,0.9054127023810689,0.8705388651796688,445.71589897199044,512.0,0.002279682231155906,0.003516772511422557,-0.0012370902802666512,4.310182964381885,1.7656614162739184,-2.5445215481079666
50.0,6.0,1.0,2.0,7.0,18.0,1.0,0.8871187297277737,0.9054127023810689,0.8717249282444292,111.58079081528693,128.0,0.013307521736321413,0.012765976264816521,0.0005415454715048916,7.7358052200028276,5.9843607419017815,-1.751444478101046
50.0,6.0,1.0,2.0,7.0,18.0,4.0,0.8871187297277737,0.9054127023810689,0.8940153182066418,457.7358429218006,512.0,0.0024143549610520275,0.003958845869910733,-0.0015444909088587052,6.016229687286031,3.463454280702365,-2.552775406583666
50.0,6.0,1.0,2.0,7.0,19.0,1.0,0.8871187297277737,0.9054127023810689,0.8929947872191061,114.30333276404558,128.0,0.01974336105807355,0.012021003425495058,0.007722357632578492,13.215010367105084,6.194388450971548,-7.0206219161335355
50.0,6.0,1.0,2.0,7.0,19.0,4.0,0.8871187297277737,0.9054127023810689,0.9006506288292078,461.1331219605544,512.0,0.006346785193979975,0.009281214782545278,-0.002934429588565303,7.856599533584043,5.04144850408859,-2.8151510294954525
50.0,6.0,1.0,2.0,7.0,20.0,1.0,0.8871187297277737,0.9054127023810689,0.8786321225579303,112.46491168741508,128.0,0.0038874041385982437,0.003934379524417615,-4.697538581937156e-05,3.5954125173110394,-1.2204161818154045,-4.815828699126444
50.0,6.0,1.0,2.0,7.0,20.0,4.0,0.8871187297277737,0.9054127023810689,0.8931412847556505,457.28833779489304,512.0,0.001923702216685543,0.004020199567731525,-0.0020964973510459823,6.064398381268395,3.1088920508670155,-2.9555063304013798
50.0,6.0,1.0,2.0,7.0,21.0,1.0,0.8871187297277737,0.9054127023810689,0.8644335818503008,110.6474984768385,128.0,0.01793636259022881,0.016734088461509145,0.0012022741287196666,7.091627864251051,2.673485534316924,-4.418142329934128
50.0,6.0,1.0,2.0,7.0,21.0,4.0,0.8871187297277737,0.9054127023810689,0.9086074399124117,465.20700923515477,512.0,0.0028124437942192073,0.004590100032224785,-0.0017776562380055778,8.190045518045505,5.745095924356476,-2.444949593689029
50.0,6.0,1.0,2.0,7.0,22.0,1.0,0.8871187297277737,0.9054127023810689,0.8741678925061813,111.89349024079121,128.0,0.020961789135693187,0.0207327344082943,0.00022905472739888702,-0.8732662252701933,-0.6278007022911898,0.24546552297900348
50.0,6.0,1.0,2.0,7.0,22.0,4.0,0.8871187297277737,0.9054127023810689,0.8857053510787144,453.4811397523018,512.0,0.005464311589640254,0.006578370645055386,-0.0011140590554151323,0.20345427282338371,-0.39986850423637676,-0.6033227770597605
50.0,6.0,1.0,2.0,7.0,23.0,1.0,0.8871187297277737,0.9054127023810689,0.8938710392197532,114.41549302012841,128.0,0.019538963455579043,0.011330849384304273,0.00820811407127477,6.17145377796876,0.29438867282677517,-5.877065105141985
50.0,6.0,1.0,2.0,7.0,23.0,4.0,0.8871187297277737,0.9054127023810689,0.8932036851673226,457.3202868056692,512.0,0.004736613134505503,0.004639545952825711,9.706718167979203e-05,4.5445807111936745,0.3037625449770764,-4.240818166216598
50.0,6.0,1.0,2.0,7.0,24.0,1.0,0.8871187297277737,0.9054127023810689,0.9248843406364898,118.3851956014707,128.0,0.023987641593416265,0.022145473220016528,0.0018421683733997364,3.3808542427419592,2.259038560171043,-1.121815682570916
50.0,6.0,1.0,2.0,7.0,24.0,4.0,0.8871187297277737,0.9054127023810689,0.8819408049621444,451.55369214061795,512.0,0.0025767208245969266,0.0043091969606882516,-0.001732476136091325,4.387084104236153,1.7429577543725456,-2.6441263498636074
50.0,6.0,1.0,2.0,7.0,25.0,1.0,0.8871187297277737,0.9054127023810689,0.8868167035324286,113.51253805215086,128.0,0.009395477382765931,0.007785228921752398,0.0016102484610135328,4.685932604160084,0.332540249109807,-4.353392355050277
50.0,6.0,1.0,2.0,7.0,25.0,4.0,0.8871187297277737,0.9054127023810689,0.894366552186369,457.9156747194209,512.0,0.0037817883875893776,0.003645536008325541,0.00013625237926383638,5.9443634690407325,2.565294674034527,-3.3790687950062055
50.0,6.0,1.0,2.0,7.0,26.0,1.0,0.8871187297277737,0.9054127023810689,0.8857355120831288,113.37414554664049,128.0,0.016240681510855066,0.016091414507097085,0.00014926700375798158,10.627022864939567,2.929325041254064,-7.697697823685504
50.0,6.0,1.0,2.0,7.0,26.0,4.0,0.8871187297277737,0.9054127023810689,0.8847178181221957,452.9755228785642,512.0,0.002400882135250233,0.0055684377407923535,-0.0031675556055421206,3.6445490726898124,0.7046641463992475,-2.939884926290565
50.0,6.0,1.0,2.0,7.0,27.0,1.0,0.8871187297277737,0.9054127023810689,0.9209176453854317,117.87745860933526,128.0,0.017471841438863767,0.014546961933514546,0.002924879505349221,6.667260029842097,4.864910571275887,-1.8023494585662103
50.0,6.0,1.0,2.0,7.0,27.0,4.0,0.8871187297277737,0.9054127023810689,0.9082489733282928,465.0234743440859,512.0,0.0027480678643926524,0.002997167948851515,-0.0002491000844588626,4.758282507899076,3.8466713481405677,-0.9116111597585084
50.0,6.0,1.0,2.0,7.0,28.0,1.0,0.8871187297277737,0.9054127023810689,0.853834619176426,109.29083125458253,128.0,0.0020324793316559113,0.0020042162526917404,2.8263078964170865e-05,3.646925384495108,0.42999858864683993,-3.216926795848268
50.0,6.0,1.0,2.0,7.0,28.0,4.0,0.8871187297277737,0.9054127023810689,0.8716591482438666,446.2894839008597,512.0,0.0029725665707825318,0.0019144379100147098,0.001058128660767822,4.7476567877832485,1.8262509533917712,-2.9214058343914773
50.0,6.0,1.0,2.0,7.0,29.0,1.0,0.8871187297277737,0.9054127023810689,0.8941458884245247,114.45067371833916,128.0,0.015092186195602554,0.013130617567514751,0.0019615686280878026,-3.8653381462434955,-3.9489932304853492,-0.08365508424185375
50.0,6.0,1.0,2.0,7.0,29.0,4.0,0.8871187297277737,0.9054127023810689,0.8921104337552237,456.76054208267453,512.0,0.0037745115682302805,0.004378417734323308,-0.0006039061660930273,3.138868508637987,2.021647517229828,-1.1172209914081588
50.0,6.0,1.0,2.0,7.0,30.0,1.0,0.8871187297277737,0.9054127023810689,0.8910140773164642,114.04980189650742,128.0,0.00696931112309854,0.005197569673202073,0.0017717414498964667,4.87924871448661,1.5987740768471161,-3.280474637639494
50.0,6.0,1.0,2.0,7.0,30.0,4.0,0.8871187297277737,0.9054127023810689,0.8797570436986949,450.4356063737318,512.0,0.0036888824459284713,0.0038060708097485893,-0.00011718836382011797,8.305761320593215,3.8725086228164356,-4.433252697776779
50.0,6.0,1.0,2.0,7.0,31.0,1.0,0.8871187297277737,0.9054127023810689,0.9067702511934291,116.06659215275893,128.0,0.006408838282814241,0.008475511983946676,-0.002066673701132435,3.9902225286434647,3.642962081036278,-0.3472604476071868
50.0,6.0,1.0,2.0,7.0,31.0,4.0,0.8871187297277737,0.9054127023810689,0.9006136608706182,461.11419436575653,512.0,0.0010906722447360927,0.003402014457916402,-0.0023113422131803094,5.015236971097908,3.3707535564616466,-1.644483414636261
50.0,6.0,1.0,2.0,7.0,32.0,1.0,0.8871187297277737,0.9054127023810689,0.9243835179721016,118.321090300429,128.0,0.013746889161552303,0.011477079304573711,0.0022698098569785916,-1.0356512747370197,-1.6286851802147195,-0.5930339054776999
50.0,6.0,1.0,2.0,7.0,32.0,4.0,0.8871187297277737,0.9054127023810689,0.8887636568600044,455.04699231232223,512.0,0.0011441231331811086,0.001960877416564291,-0.0008167542833831824,2.955023656365972,1.4016115735484829,-1.553412082817489
51.0,6.0,5.0,11.0,7.0,1.0,1.0,1.0,1.0,1.0,128.0,128.0,2.4405111994573447e-05,2.4405111994573447e-05,0.0,0.0,0.0,0.0
51.0,6.0,5.0,11.0,7.0,1.0,4.0,1.0,1.0,1.0,512.0,512.0,1.4292898187836828e-05,1.4292898187836828e-05,0.0,8.146245784450837,8.146245784450837,0.0
51.0,6.0,5.0,11.0,7.0,2.0,1.0,1.0,1.0,1.0,128.0,128.0,2.4405111994573447e-05,2.4405111994573447e-05,0.0,0.0,0.0,0.0
51.0,6.0,5.0,11.0,7.0,2.0,4.0,1.0,1.0,1.0,512.0,512.0,2.4405111994573447e-05,2.4405111994573447e-05,0.0,0.0,0.0,0.0
51.0,6.0,5.0,11.0,7.0,3.0,1.0,1.0,1.0,1.0,128.0,128.0,2.4405111994573447e-05,2.4405111994573447e-05,0.0,0.0,0.0,0.0
51.0,6.0,5.0,11.0,7.0,3.0,4.0,1.0,1.0,1.0,512.0,512.0,2.4405111994573447e-05,2.4405111994573447e-05,0.0,0.0,0.0,0.0
51.0,6.0,5.0,11.0,7.0,4.0,1.0,1.0,1.0,1.0,128.0,128.0,2.4405111994573447e-05,2.4405111994573447e-05,0.0,0.0,0.0,0.0
51.0,6.0,5.0,11.0,7.0,4.0,4.0,1.0,1.0,1.0,512.0,512.0,3.850749465214855e-05,3.850749465214855e-05,0.0,11.269169528764776,11.269169528764776,0.0
51.0,6.0,5.0,11.0,7.0,5.0,1.0,1.0,1.0,1.0,128.0,128.0,2.4405111994573447e-05,2.4405111994573447e-05,0.0,0.0,0.0,0.0
51.0,6.0,5.0,11.0,7.0,5.0,4.0,1.0,1.0,1.0,512.0,512.0,2.4405111994573447e-05,2.4405111994573447e-05,0.0,0.0,0.0,0.0
51.0,6.0,5.0,11.0,7.0,6.0,1.0,1.0,1.0,1.0,128.0,128.0,0.001238897624588165,0.001238897624588165,0.0,53.54581562658564,53.54581562658564,0.0
51.0,6.0,5.0,11.0,7.0,6.0,4.0,1.0,1.0,1.0,512.0,512.0,2.898339265456801e-05,2.898339265456801e-05,0.0,11.488911304683892,11.488911304683892,0.0
51.0,6.0,5.0,11.0,7.0,7.0,1.0,1.0,1.0,1.0,128.0,128.0,2.4405111994573447e-05,2.4405111994573447e-05,0.0,0.0,0.0,0.0
51.0,6.0,5.0,11.0,7.0,7.0,4.0,1.0,1.0,1.0,512.0,512.0,2.4405111994573447e-05,2.4405111994573447e-05,0.0,0.0,0.0,0.0
51.0,6.0,5.0,11.0,7.0,8.0,1.0,1.0,1.0,1.0,128.0,128.0,2.4405111994573447e-05,2.4405111994573447e-05,0.0,0.0,0.0,0.0
51.0,6.0,5.0,11.0,7.0,8.0,4.0,1.0,1.0,1.0,512.0,512.0,0.00020665237391124944,0.00020665237391124944,0.0,21.36049812355884,21.36049812355884,0.0
51.0,6.0,5.0,11.0,7.0,9.0,1.0,1.0,1.0,1.0,128.0,128.0,2.4405111994573447e-05,2.4405111994573447e-05,0.0,0.0,0.0,0.0
51.0,6.0,5.0,11.0,7.0,9.0,4.0,1.0,1.0,1.0,512.0,512.0,2.4405111994573447e-05,2.4405111994573447e-05,0.0,0.0,0.0,0.0
51.0,6.0,5.0,11.0,7.0,10.0,1.0,1.0,1.0,1.0,128.0,128.0,0.00048555529872442403,0.00048555529872442403,0.0,33.771336763019974,33.771336763019974,0.0
51.0,6.0,5.0,11.0,7.0,10.0,4.0,1.0,1.0,1.0,512.0,512.0,5.172922704949463e-06,5.172922704949463e-06,0.0,7.614845333429153,7.614845333429153,0.0
51.0,6.0,5.0,11.0,7.0,11.0,1.0,1.0,1.0,1.0,128.0,128.0,2.4405111994573447e-05,2.4405111994573447e-05,0.0,0.0,0.0,0.0
51.0,6.0,5.0,11.0,7.0,11.0,4.0,1.0,1.0,1.0,512.0,512.0,2.4405111994573447e-05,2.4405111994573447e-05,0.0,0.0,0.0,0.0
51.0,6.0,5.0,11.0,7.0,12.0,1.0,1.0,1.0,1.0,128.0,128.0,2.4405111994573447e-05,2.4405111994573447e-05,0.0,0.0,0.0,0.0
51.0,6.0,5.0,11.0,7.0,12.0,4.0,1.0,1.0,1.0,512.0,512.0,2.4405111994573447e-05,2.4405111994573447e-05,0.0,0.0,0.0,0.0
51.0,6.0,5.0,11.0,7.0,13.0,1.0,1.0,1.0,1.0,128.0,128.0,2.4405111994573447e-05,2.4405111994573447e-05,0.0,0.0,0.0,0.0
51.0,6.0,5.0,11.0,7.0,13.0,4.0,1.0,1.0,1.0,512.0,512.0,2.4405111994573447e-05,2.4405111994573447e-05,0.0,0.0,0.0,0.0
51.0,6.0,5.0,11.0,7.0,14.0,1.0,1.0,1.0,1.0,128.0,128.0,2.4405111994573447e-05,2.4405111994573447e-05,0.0,0.0,0.0,0.0
51.0,6.0,5.0,11.0,7.0,14.0,4.0,1.0,1.0,1.0,512.0,512.0,0.0008009251436440367,0.0008009251436440367,0.0,39.92387724831666,39.92387724831666,0.0
51.0,6.0,5.0,11.0,7.0,15.0,1.0,1.0,1.0,1.0,128.0,128.0,2.4405111994573447e-05,2.4405111994573447e-05,0.0,0.0,0.0,0.0
51.0,6.0,5.0,11.0,7.0,15.0,4.0,1.0,1.0,1.0,512.0,512.0,2.4405111994573447e-05,2.4405111994573447e-05,0.0,0.0,0.0,0.0
51.0,6.0,5.0,11.0,7.0,16.0,1.0,1.0,1.0,1.0,128.0,128.0,2.4405111994573447e-05,2.4405111994573447e-05,0.0,0.0,0.0,0.0
51.0,6.0,5.0,11.0,7.0,16.0,4.0,1.0,1.0,1.0,512.0,512.0,2.4405111994573447e-05,2.4405111994573447e-05,0.0,0.0,0.0,0.0
51.0,6.0,5.0,11.0,7.0,17.0,1.0,1.0,1.0,1.0,128.0,128.0,2.4405111994573447e-05,2.4405111994573447e-05,0.0,0.0,0.0,0.0
51.0,6.0,5.0,11.0,7.0,17.0,4.0,1.0,1.0,1.0,512.0,512.0,2.2878354995293056e-05,2.2878354995293056e-05,0.0,9.344866190988085,9.344866190988085,0.0
51.0,6.0,5.0,11.0,7.0,18.0,1.0,1.0,1.0,1.0,128.0,128.0,2.4405111994573447e-05,2.4405111994573447e-05,0.0,0.0,0.0,0.0
51.0,6.0,5.0,11.0,7.0,18.0,4.0,1.0,1.0,1.0,512.0,512.0,2.1335188484127267e-05,2.1335188484127267e-05,0.0,9.412547960521763,9.412547960521763,0.0
51.0,6.0,5.0,11.0,7.0,19.0,1.0,1.0,1.0,1.0,128.0,128.0,0.0008616632847143024,0.0008616632847143024,0.0,27.12043404004909,27.12043404004909,0.0
51.0,6.0,5.0,11.0,7.0,19.0,4.0,1.0,1.0,1.0,512.0,512.0,3.737003435541382e-05,3.737003435541382e-05,0.0,6.206290778626021,6.206290778626021,0.0
51.0,6.0,5.0,11.0,7.0,20.0,1.0,1.0,1.0,1.0,128.0,128.0,2.4405111994573447e-05,2.4405111994573447e-05,0.0,0.0,0.0,0.0
51.0,6.0,5.0,11.0,7.0,20.0,4.0,1.0,1.0,1.0,512.0,512.0,2.4405111994573447e-05,2.4405111994573447e-05,0.0,0.0,0.0,0.0
51.0,6.0,5.0,11.0,7.0,21.0,1.0,1.0,1.0,1.0,128.0,128.0,2.4405111994573447e-05,2.4405111994573447e-05,0.0,0.0,0.0,0.0
51.0,6.0,5.0,11.0,7.0,21.0,4.0,1.0,1.0,1.0,512.0,512.0,2.4405111994573447e-05,2.4405111994573447e-05,0.0,0.0,0.0,0.0
51.0,6.0,5.0,11.0,7.0,22.0,1.0,1.0,1.0,1.0,128.0,128.0,0.0009662484054486356,0.0009662484054486356,0.0,35.524843356807395,35.524843356807395,0.0
51.0,6.0,5.0,11.0,7.0,22.0,4.0,1.0,1.0,1.0,512.0,512.0,0.00013209063312237778,0.00013209063312237778,0.0,16.438589118657863,16.438589118657863,0.0
51.0,6.0,5.0,11.0,7.0,23.0,1.0,1.0,1.0,1.0,128.0,128.0,2.4405111994573447e-05,2.4405111994573447e-05,0.0,0.0,0.0,0.0
51.0,6.0,5.0,11.0,7.0,23.0,4.0,1.0,1.0,1.0,512.0,512.0,3.72509312574395e-05,3.72509312574395e-05,0.0,10.257900485239722,10.257900485239722,0.0
51.0,6.0,5.0,11.0,7.0,24.0,1.0,1.0,1.0,1.0,128.0,128.0,0.0009425193089121916,0.0009425193089121916,0.0,42.43584785855041,42.43584785855041,0.0
51.0,6.0,5.0,11.0,7.0,24.0,4.0,1.0,1.0,1.0,512.0,512.0,0.00010748850531058878,0.00010748850531058878,0.0,17.407766854953486,17.407766854953486,0.0
51.0,6.0,5.0,11.0,7.0,25.0,1.0,1.0,1.0,1.0,128.0,128.0,2.4405111994573447e-05,2.4405111994573447e-05,0.0,0.0,0.0,0.0
51.0,6.0,5.0,11.0,7.0,25.0,4.0,1.0,1.0,1.0,512.0,512.0,2.4405111994573447e-05,2.4405111994573447e-05,0.0,0.0,0.0,0.0
51.0,6.0,5.0,11.0,7.0,26.0,1.0,1.0,1.0,1.0,128.0,128.0,2.4405111994573447e-05,2.4405111994573447e-05,0.0,0.0,0.0,0.0
51.0,6.0,5.0,11.0,7.0,26.0,4.0,1.0,1.0,1.0,512.0,512.0,2.4405111994573447e-05,2.4405111994573447e-05,0.0,0.0,0.0,0.0
51.0,6.0,5.0,11.0,7.0,27.0,1.0,1.0,1.0,1.0,128.0,128.0,2.4405111994573447e-05,2.4405111994573447e-05,0.0,0.0,0.0,0.0
51.0,6.0,5.0,11.0,7.0,27.0,4.0,1.0,1.0,1.0,512.0,512.0,2.4405111994573447e-05,2.4405111994573447e-05,0.0,0.0,0.0,0.0
51.0,6.0,5.0,11.0,7.0,28.0,1.0,1.0,1.0,1.0,128.0,128.0,0.003565855595231501,0.003565855595231501,0.0,96.55320092983658,96.55320092983658,0.0
51.0,6.0,5.0,11.0,7.0,28.0,4.0,1.0,1.0,1.0,512.0,512.0,0.00036324690053504645,0.00036324690053504645,0.0,29.577397959931204,29.577397959931204,0.0
51.0,6.0,5.0,11.0,7.0,29.0,1.0,1.0,1.0,1.0,128.0,128.0,2.4405111994573447e-05,2.4405111994573447e-05,0.0,0.0,0.0,0.0
51.0,6.0,5.0,11.0,7.0,29.0,4.0,1.0,1.0,1.0,512.0,512.0,2.4405111994573447e-05,2.4405111994573447e-05,0.0,0.0,0.0,0.0
51.0,6.0,5.0,11.0,7.0,30.0,1.0,1.0,1.0,1.0,128.0,128.0,2.4405111994573447e-05,2.4405111994573447e-05,0.0,0.0,0.0,0.0
51.0,6.0,5.0,11.0,7.0,30.0,4.0,1.0,1.0,1.0,512.0,512.0,2.4405111994573447e-05,2.4405111994573447e-05,0.0,0.0,0.0,0.0
51.0,6.0,5.0,11.0,7.0,31.0,1.0,1.0,1.0,1.0,128.0,128.0,2.4405111994573447e-05,2.4405111994573447e-05,0.0,0.0,0.0,0.0
51.0,6.0,5.0,11.0,7.0,31.0,4.0,1.0,1.0,1.0,512.0,512.0,2.4405111994573447e-05,2.4405111994573447e-05,0.0,0.0,0.0,0.0
51.0,6.0,5.0,11.0,7.0,32.0,1.0,1.0,1.0,1.0,128.0,128.0,2.4405111994573447e-05,2.4405111994573447e-05,0.0,0.0,0.0,0.0
51.0,6.0,5.0,11.0,7.0,32.0,4.0,1.0,1.0,1.0,512.0,512.0,1.0833511328878931e-05,1.0833511328878931e-05,0.0,7.925835821126203,7.925835821126203,0.0
52.0,7.0,6.0,2.0,7.0,1.0,1.0,0.9244921106681042,0.9406676535443073,0.9611911162971515,123.03246288603539,128.0,0.012113632078813087,0.011702512419494073,0.00041111965931901404,1.1469464936395257,1.2955112745566149,0.14856478091708913
52.0,7.0,6.0,2.0,7.0,1.0,4.0,0.9244921106681042,0.9406676535443073,0.9294313755523774,475.86886428281724,512.0,0.005078104417824497,0.00603970029046339,-0.0009615958726388926,2.1585630504948847,2.1240778499125006,-0.034485200582384135
52.0,7.0,6.0,2.0,7.0,2.0,1.0,0.9244921106681042,0.9406676535443073,0.9317767320234374,119.26742169899998,128.0,0.011669772055005254,0.007843297411826046,0.0038264746431792077,0.027630151833596947,-0.06859503758331567,-0.09622518941691262
52.0,7.0,6.0,2.0,7.0,2.0,4.0,0.9244921106681042,0.9406676535443073,0.9225633983971744,472.3524599793533,512.0,0.006540470552154396,0.006637718036370931,-9.724748421653575e-05,-0.17116920334189875,0.0606323548735592,0.23180155821545795
52.0,7.0,6.0,2.0,7.0,3.0,1.0,0.9244921106681042,0.9406676535443073,0.954816872960262,122.21655973891353,128.0,0.011449220603321795,0.01031191507482682,0.0011373055284949751,1.312161711372695,1.2150160898747753,-0.09714562149791983
52.0,7.0,6.0,2.0,7.0,3.0,4.0,0.9244921106681042,0.9406676535443073,0.9040987827182944,462.8985767517667,512.0,0.0030392430036860416,0.0028607481113174095,0.00017849489236863208,1.2394908484224414,1.4709595439288095,0.23146869550636806
52.0,7.0,6.0,2.0,7.0,4.0,1.0,0.9244921106681042,0.9406676535443073,0.9079527735603664,116.2179550157269,128.0,0.02222569671702393,0.019713023521563178,0.0025126731954607517,-1.7490076383797453,-1.351735752085032,0.39727188629471333
52.0,7.0,6.0,2.0,7.0,4.0,4.0,0.9244921106681042,0.9406676535443073,0.9253377719813157,473.77293925443365,512.0,0.00978121534174942,0.011139942290923731,-0.0013587269491743114,1.0945962252290453,0.772250751733458,-0.3223454734955873
52.0,7.0,6.0,2.0,7.0,5.0,1.0,0.9244921106681042,0.9406676535443073,0.9078822506879647,116.20892808805948,128.0,0.02457200657733832,0.026451940808827998,-0.001879934231489678,-0.8516031029655731,-0.4655596831121888,0.38604341985338425
52.0,7.0,6.0,2.0,7.0,5.0,4.0,0.9244921106681042,0.9406676535443073,0.9358617200831633,479.1612006825796,512.0,0.00316591842318812,0.00321994550253318,-5.402707934505993e-05,1.1752631638305218,1.6469491176645785,0.47168595383405676
52.0,7.0,6.0,2.0,7.0,6.0,1.0,0.9244921106681042,0.9406676535443073,0.9161174951359644,117.26303937740344,128.0,0.012516494489816449,0.010385766021317968,0.0021307284684984815,1.4644431786904748,1.3746097381077456,-0.08983344058272924
52.0,7.0,6.0,2.0,7.0,6.0,4.0,0.9244921106681042,0.9406676535443073,0.9027581454192405,462.21217045465113,512.0,0.003326922657816359,0.003222301252406966,0.00010462140540939318,1.3003633536396892,1.2681991959309502,-0.03216415770873904
52.0,7.0,6.0,2.0,7.0,7.0,1.0,0.9244921106681042,0.9406676535443073,0.9234743868714901,118.20472151955073,128.0,0.007872831747368813,0.008172802822209165,-0.00029997107484035224,-0.4871799358815913,-0.5691956719696788,-0.08201573608808749
52.0,7.0,6.0,2.0,7.0,7.0,4.0,0.9244921106681042,0.9406676535443073,0.9184488726072199,470.24582277489657,512.0,0.011628755003612285,0.018529747634013074,-0.006900992630400789,2.525205933325048,2.5217414926774127,-0.003464440647635403
52.0,7.0,6.0,2.0,7.0,8.0,1.0,0.9244921106681042,0.9406676535443073,0.9136151671783973,116.94274139883485,128.0,0.01442048843005721,0.012588752891346372,0.001831735538710839,-1.0947771276951335,-0.6669500613667916,0.4278270663283419
52.0,7.0,6.0,2.0,7.0,8.0,4.0,0.9244921106681042,0.9406676535443073,0.9377558788671173,480.13100997996406,512.0,0.008183252603115788,0.0042224790687217404,0.003960773534394048,0.2197574996313347,0.5167021230957561,0.2969446234644214
52.0,7.0,6.0,2.0,7.0,9.0,1.0,0.9244921106681042,0.9406676535443073,0.9037904615245904,115.68517907514757,128.0,0.007560911596696911,0.008086388357310055,-0.0005254767606131441,-0.9286895062895079,-1.0609341768338483,-0.13224467054434041
52.0,7.0,6.0,2.0,7.0,9.0,4.0,0.9244921106681042,0.9406676535443073,0.9040011170148712,462.84857191161404,512.0,0.005632414431762546,0.0036710997103655265,0.00196131472139702,-0.15995722616886,0.8106998345654722,0.9706570607343322
52.0,7.0,6.0,2.0,7.0,10.0,1.0,0.9244921106681042,0.9406676535443073,0.9782882100451373,125.22089088577758,128.0,0.027646757313586207,0.026091292705916633,0.0015554646076695738,2.0522452694500335,2.4172780337289623,0.36503276427892883
52.0,7.0,6.0,2.0,7.0,10.0,4.0,0.9244921106681042,0.9406676535443073,0.957747387876808,490.3666625929257,512.0,0.006502606469437464,0.004094451148231926,0.0024081553212055382,1.8060503722173198,2.068611503200734,0.2625611309834144
52.0,7.0,6.0,2.0,7.0,11.0,1.0,0.9244921106681042,0.9406676535443073,0.9350233480680398,119.68298855270909,128.0,0.0153374919958105,0.016990354189727077,-0.001652862193916577,1.740537999794414,1.6832997859989305,-0.05723821379548344
52.0,7.0,6.0,2.0,7.0,11.0,4.0,0.9244921106681042,0.9406676535443073,0.9116409496896932,466.76016624112293,512.0,0.00308167144272984,0.004973517318483063,-0.001891845875753223,0.9179528217897177,0.7173466315919328,-0.20060619019778492
52.0,7.0,6.0,2.0,7.0,12.0,1.0,0.9244921106681042,0.9406676535443073,0.9221656063707102,118.0371976154509,128.0,0.015607922219871489,0.016744491964602176,-0.0011365697447306873,0.7943050145189393,0.6097460265679351,-0.18455898795100423
52.0,7.0,6.0,2.0,7.0,12.0,4.0,0.9244921106681042,0.9406676535443073,0.9352004858127031,478.822648736104,512.0,0.0050842448691572235,0.007344424679003514,-0.00226017980984629,1.7275996414753725,1.430856424218713,-0.29674321725665953
52.0,7.0,6.0,2.0,7.0,13.0,1.0,0.9244921106681042,0.9406676535443073,0.9737779730160606,124.64358054605576,128.0,0.014575151350524423,0.013341590766183457,0.001233560584340966,0.18894569528199687,0.3055059896926007,0.11656029441060381
52.0,7.0,6.0,2.0,7.0,13.0,4.0,0.9244921106681042,0.9406676535443073,0.9406345243069718,481.60487644516957,512.0,0.004834217512864594,0.005779455358960097,-0.0009452378460955034,0.7732808272888964,0.5647365534450927,-0.2085442738438037
52.0,7.0,6.0,2.0,7.0,14.0,1.0,0.9244921106681042,0.9406676535443073,0.9205469264765446,117.8300065889977,128.0,0.011576142866051239,0.011781489067606274,-0.00020534620155503516,-0.6286448288611065,-0.9005440143153701,-0.2718991854542636
52.0,7.0,6.0,2.0,7.0,14.0,4.0,0.9244921106681042,0.9406676535443073,0.933826273528828,478.1190520467599,512.0,0.002630068816876008,0.004223097656381512,-0.001593028839505504,0.7838353225060051,0.3705774088421829,-0.4132579136638222
52.0,7.0,6.0,2.0,7.0,15.0,1.0,0.9244921106681042,0.9406676535443073,0.9405216981558915,120.38677736395411,128.0,0.01897820037039368,0.018205468487790453,0.0007727318826032288,2.947334515815174,3.005037393372971,0.05770287755779702
52.0,7.0,6.0,2.0,7.0,15.0,4.0,0.9244921106681042,0.9406676535443073,0.9206707714848773,471.3834350002572,512.0,0.006210985498473289,0.006993340321623228,-0.0007823548231499387,2.1896273642742923,2.3471835432787618,0.1575561790044695
52.0,7.0,6.0,2.0,7.0,16.0,1.0,0.9244921106681042,0.9406676535443073,0.9495037701683988,121.53648258155505,128.0,0.009983094585753926,0.009947442845646361,3.56517401075649e-05,-1.1025959937987673,-1.1524077899111946,-0.049811796112427364
52.0,7.0,6.0,2.0,7.0,16.0,4.0,0.9244921106681042,0.9406676535443073,0.9180494164981292,470.04130124704216,512.0,0.004306068862084363,0.005328543556542078,-0.001022474694457715,0.7444558896355051,0.4717770540413757,-0.2726788355941294
52.0,7.0,6.0,2.0,7.0,17.0,1.0,0.9244921106681042,0.9406676535443073,0.882297367613689,112.9340630545522,128.0,0.03976266167327225,0.0425264354009626,-0.0027637737276903496,2.1262327507642182,1.597352385923118,-0.5288803648411002
52.0,7.0,6.0,2.0,7.0,17.0,4.0,0.9244921106681042,0.9406676535443073,0.9069271310458331,464.34669109546655,512.0,0.005778275053127011,0.008346552825820718,-0.0025682777726937066,2.356781576763098,2.0178009892785953,-0.33898058748450266
52.0,7.0,6.0,2.0,7.0,18.0,1.0,0.9244921106681042,0.9406676535443073,0.9510557410571187,121.73513485531119,128.0,0.015983371234280494,0.009055326635273885,0.0069280445990066095,-0.6233109861809227,0.7710503140041731,1.3943613001850959
52.0,7.0,6.0,2.0,7.0,18.0,4.0,0.9244921106681042,0.9406676535443073,0.9310007343417162,476.67237598295867,512.0,0.009263927172176254,0.008391397643542929,0.000872529528633325,0.1713774432108973,0.5263601704459215,0.3549827272350242
52.0,7.0,6.0,2.0,7.0,19.0,1.0,0.9244921106681042,0.9406676535443073,0.9202611624979345,117.79342879973562,128.0,0.033429400018847186,0.03604424949759093,-0.0026148494787437415,1.2914528495410937,1.0030516557110647,-0.28840119383002905
52.0,7.0,6.0,2.0,7.0,19.0,4.0,0.9244921106681042,0.9406676535443073,0.9385446934107932,480.5348830263261,512.0,0.004482419200573455,0.0056994758905802145,-0.0012170566900067594,1.5787574201905672,1.624762354056215,0.04600493386564786
52.0,7.0,6.0,2.0,7.0,20.0,1.0,0.9244921106681042,0.9406676535443073,0.9176345800334013,117.45722624427536,128.0,0.02304965031668002,0.007594839157653976,0.015454811159026045,-3.265368320038713,-0.9827994882180583,2.2825688318206545
52.0,7.0,6.0,2.0,7.0,20.0,4.0,0.9244921106681042,0.9406676535443073,0.9334139494325897,477.90794210948593,512.0,0.0034624860981813787,0.003782479354217902,-0.00031999325603652333,1.3287655327026153,1.494925961497372,0.16616042879475668
52.0,7.0,6.0,2.0,7.0,21.0,1.0,0.9244921106681042,0.9406676535443073,0.9184543449560216,117.56215615437077,128.0,0.016983373057020735,0.007477983739631508,0.009505389317389227,-0.1324107402758995,0.38023281312374124,0.5126435533996407
52.0,7.0,6.0,2.0,7.0,21.0,4.0,0.9244921106681042,0.9406676535443073,0.9116798312118808,466.78007358048296,512.0,0.0025542558377978316,0.001795327933184381,0.0007589279046134505,1.2228763149665718,1.2710944532641926,0.04821813829762078
52.0,7.0,6.0,2.0,7.0,22.0,1.0,0.9244921106681042,0.9406676535443073,0.9110200395350075,116.61056506048097,128.0,0.031989544856552275,0.021022877474215686,0.010966667382336589,1.7182545864155188,1.9723561686906868,0.254101582275168
52.0,7.0,6.0,2.0,7.0,22.0,4.0,0.9244921106681042,0.9406676535443073,0.9117101486034338,466.7955960849581,512.0,0.005335836689004795,0.0032757366232161827,0.0020601000657886124,1.176526642168942,1.5115178715080388,0.33499122933909686
52.0,7.0,6.0,2.0,7.0,23.0,1.0,0.9244921106681042,0.9406676535443073,0.9432103699783764,120.73092735723218,128.0,0.017369575029716672,0.01651971816374973,0.00084985686596694,-1.7326684886639248,-1.8943978244581012,-0.16172933579417648
52.0,7.0,6.0,2.0,7.0,23.0,4.0,0.9244921106681042,0.9406676535443073,0.9237675132225601,472.9689667699508,512.0,0.0032731233607713305,0.0027128656777984125,0.000560257682972918,0.6348757646054587,0.615816965858232,-0.019058798747226713
52.0,7.0,6.0,2.0,7.0,24.0,1.0,0.9244921106681042,0.9406676535443073,0.8859335203529266,113.3994906051746,128.0,0.003290416228532956,0.002611653381606205,0.0006787628469267508,0.8761387042092369,0.8527823018085483,-0.023356402400688592
52.0,7.0,6.0,2.0,7.0,24.0,4.0,0.9244921106681042,0.9406676535443073,0.9181774014485728,470.1068295416693,512.0,0.0047462369723719235,0.005543324261884427,-0.0007970872895125035,1.5907926764821754,1.4016367209200868,-0.18915595556208853
52.0,7.0,6.0,2.0,7.0,25.0,1.0,0.9244921106681042,0.9406676535443073,0.910977402727468,116.6051075491159,128.0,0.008474001362778441,0.007833736237504703,0.0006402651252737385,1.3171544575596346,1.25192895412129,-0.06522550343834466
52.0,7.0,6.0,2.0,7.0,25.0,4.0,0.9244921106681042,0.9406676535443073,0.9114469572051545,466.6608420890391,512.0,0.003195365360842951,0.004419972620218685,-0.001224607259375734,1.8669421409486742,1.8358364515589534,-0.031105689389720803
52.0,7.0,6.0,2.0,7.0,26.0,1.0,0.9244921106681042,0.9406676535443073,0.9528711774998528,121.96751071998116,128.0,0.031152329858678714,0.02598916699418757,0.005163162864491144,0.39993002214598894,1.0117849230022888,0.6118549008562999
52.0,7.0,6.0,2.0,7.0,26.0,4.0,0.9244921106681042,0.9406676535443073,0.9182622164655903,470.1502548303822,512.0,0.004261130049294577,0.002073833616036817,0.0021872964332577604,0.5136621438157991,1.045192802342005,0.5315306585262058
52.0,7.0,6.0,2.0,7.0,27.0,1.0,0.9244921106681042,0.9406676535443073,0.9250192463712702,118.40246353552259,128.0,0.012380838571984926,0.010150705891067832,0.0022301326809170945,-0.2723169185152167,0.08223151812385732,0.35454843663907404
52.0,7.0,6.0,2.0,7.0,27.0,4.0,0.9244921106681042,0.9406676535443073,0.9329248620976635,477.6575293940037,512.0,0.006810807887510749,0.0038483366773798423,0.002962471210130907,1.2582172700948329,1.3836622767053173,0.1254450066104844
52.0,7.0,6.0,2.0,7.0,28.0,1.0,0.9244921106681042,0.9406676535443073,0.9639042100708655,123.37973888907078,128.0,0.009070667409587459,0.012734446159784325,-0.003663778750196866,-0.5146412147491546,-1.2861522328844055,-0.7715110181352509
52.0,7.0,6.0,2.0,7.0,28.0,4.0,0.9244921106681042,0.9406676535443073,0.9269798126461328,474.61366407482,512.0,0.004452264931129766,0.0051224855550765025,-0.0006702206239467363,0.3019444650512236,0.2305380479196524,-0.07140641713157117
52.0,7.0,6.0,2.0,7.0,29.0,1.0,0.9244921106681042,0.9406676535443073,0.9257789223714064,118.49970206354001,128.0,0.010092163750376554,0.009639990899897151,0.00045217285047940287,-0.5924879902646096,-0.5114173612449916,0.08107062901961803
52.0,7.0,6.0,2.0,7.0,29.0,4.0,0.9244921106681042,0.9406676535443073,0.9393099190278823,480.92667854227574,512.0,0.005365886125552948,0.005110587305633206,0.00025529881991974163,1.3758260286704898,1.399915933471347,0.024089904800857154
52.0,7.0,6.0,2.0,7.0,30.0,1.0,0.9244921106681042,0.9406676535443073,0.9554039519242793,122.29170584630775,128.0,0.033292354695128354,0.041762707124064706,-0.008470352428936352,2.0052997543115345,1.0429877315877552,-0.9623120227237794
52.0,7.0,6.0,2.0,7.0,30.0,4.0,0.9244921106681042,0.9406676535443073,0.9435792118505144,483.1125564674634,512.0,0.003992415232739315,0.004783789559045751,-0.0007913743263064359,1.8124574944767993,1.7464647310702472,-0.06599276340655202
52.0,7.0,6.0,2.0,7.0,31.0,1.0,0.9244921106681042,0.9406676535443073,0.9701547339630434,124.17980594726956,128.0,0.03386650304394153,0.03296280156776343,0.0009037014761780968,-2.7222399801700186,-2.336050108750195,0.38618987141982375
52.0,7.0,6.0,2.0,7.0,31.0,4.0,0.9244921106681042,0.9406676535443073,0.9492910884269523,486.0370372745996,512.0,0.010655638741636372,0.012251890497284177,-0.0015962517556478047,-0.11507809276131127,-0.1787827558516369,-0.06370466309032562
52.0,7.0,6.0,2.0,7.0,32.0,1.0,0.9244921106681042,0.9406676535443073,0.878397104223066,112.43482934055245,128.0,0.02311000436132952,0.01990180437671613,0.003208199984613389,0.05889149414430919,-0.26852721677293745,-0.3274187109172466
52.0,7.0,6.0,2.0,7.0,32.0,4.0,0.9244921106681042,0.9406676535443073,0.9209667429348992,471.5349723826684,512.0,0.0036562231744515653,0.0031806696169854034,0.00047555355746616186,0.6165222809198209,0.6928425834535443,0.07632030253372346
53.0,9.0,5.0,3.0,7.0,1.0,1.0,0.8560202296229555,0.9267578004667901,0.9185175642995029,117.57024823033638,128.0,0.01519963111178296,0.0183748522535579,-0.0031752211417749414,-0.30907109742491634,-0.3075138765247065,0.0015572209002098214
53.0,9.0,5.0,3.0,7.0,1.0,4.0,0.8560202296229555,0.9267578004667901,0.8859873402129365,453.62551818902347,512.0,0.005061253844237604,0.004799135795108168,0.0002621180491294362,0.9844496995336139,0.6603900834225374,-0.3240596161110766
53.0,9.0,5.0,3.0,7.0,2.0,1.0,0.8560202296229555,0.9267578004667901,0.8962211036809226,114.71630127115809,128.0,0.029858517554550136,0.016586359165062323,0.013272158389487813,-0.1253963537493246,0.3674423685746525,0.4928387223239771
53.0,9.0,5.0,3.0,7.0,2.0,4.0,0.8560202296229555,0.9267578004667901,0.8525280892423203,436.494381692068,512.0,0.006882371331514108,0.005073699236318836,0.0018086720951952717,0.6686327254420991,0.5577604619379382,-0.1108722635041609
53.0,9.0,5.0,3.0,7.0,3.0,1.0,0.8560202296229555,0.9267578004667901,0.8946824452505615,114.51935299207187,128.0,0.04390110586914327,0.01571607263086974,0.028185033238273528,-2.2302066446685775,-0.36331952169568404,1.8668871229728934
53.0,9.0,5.0,3.0,7.0,3.0,4.0,0.8560202296229555,0.9267578004667901,0.8656915221235212,443.23405932724285,512.0,0.013807077256832896,0.003865512061854957,0.00994156519497794,0.4369455351773328,1.260361328150693,0.8234157929733601
53.0,9.0,5.0,3.0,7.0,4.0,1.0,0.8560202296229555,0.9267578004667901,0.7928846149715902,101.48923071636355,128.0,0.010596655973326912,0.003952585790119116,0.006644070183207796,0.28706112786684546,0.15737138895829839,-0.12968973890854707
53.0,9.0,5.0,3.0,7.0,4.0,4.0,0.8560202296229555,0.9267578004667901,0.8173303707310767,418.4731498143113,512.0,0.003341663290648573,0.003103285954199405,0.0002383773364491677,1.6110526839679076,1.6376200309255997,0.02656734695769214
53.0,9.0,5.0,3.0,7.0,5.0,1.0,0.8560202296229555,0.9267578004667901,0.9029068697023794,115.57207932190457,128.0,0.02401006182438889,0.02291594281006579,0.0010941190143230993,-0.7929234223446028,-0.4190494544432959,0.3738739679013069
53.0,9.0,5.0,3.0,7.0,5.0,4.0,0.8560202296229555,0.9267578004667901,0.9058561112100264,463.7983289395335,512.0,0.00906607926394662,0.0036869378485423834,0.005379141415404236,0.8005020494916494,1.5514586637754113,0.7509566142837619
53.0,9.0,5.0,3.0,7.0,6.0,1.0,0.8560202296229555,0.9267578004667901,0.8685184409345994,111.17036043962872,128.0,0.014354455171096691,0.010369520562555244,0.003984934608541447,0.5522466919318715,1.0868927845175327,0.5346460925856612
53.0,9.0,5.0,3.0,7.0,6.0,4.0,0.8560202296229555,0.9267578004667901,0.8710342444638589,445.96953316549576,512.0,0.005291296023908321,0.00486924337470692,0.000422052649201401,0.6982800494034065,0.7008874508827023,0.0026074014792958344
53.0,9.0,5.0,3.0,7.0,7.0,1.0,0.8560202296229555,0.9267578004667901,0.7563920253880205,96.81817924966663,128.0,0.014386378572787574,0.006656140449118948,0.007730238123668626,0.18071227288030522,1.0075929581065108,0.8268806852262056
53.0,9.0,5.0,3.0,7.0,7.0,4.0,0.8560202296229555,0.9267578004667901,0.8217376692077097,420.7296866343474,512.0,0.0027334317471860697,0.004014556711517925,-0.0012811249643318555,1.6158223864996824,1.81786851543479,0.20204612893510765
53.0,9.0,5.0,3.0,7.0,8.0,1.0,0.8560202296229555,0.9267578004667901,0.8811747021068296,112.79036186967419,128.0,0.01135040474273051,0.009472096602150868,0.001878308140579642,0.3678240800756246,0.5099008125697281,0.14207673249410346
53.0,9.0,5.0,3.0,7.0,8.0,4.0,0.8560202296229555,0.9267578004667901,0.8893466204728326,455.3454696820903,512.0,0.0040641980881632464,0.006277637487200985,-0.002213439399037739,1.660812836573807,1.7389417105140754,0.07812887394026835
53.0,9.0,5.0,3.0,7.0,9.0,1.0,0.8560202296229555,0.9267578004667901,0.8061103088100426,103.18211952768546,128.0,0.011667961206528406,0.021098769191936984,-0.009430807985408577,0.15757134398796138,-1.0096267607788745,-1.1671981047668358
53.0,9.0,5.0,3.0,7.0,9.0,4.0,0.8560202296229555,0.9267578004667901,0.8463158297335602,433.31370482358284,512.0,0.009210908369544944,0.007529043005730497,0.0016818653638144467,-0.2683517496170317,0.06102075849883177,0.32937250811586344
53.0,9.0,5.0,3.0,7.0,10.0,1.0,0.8560202296229555,0.9267578004667901,0.8306160618165066,106.31885591251284,128.0,0.00791724798957506,0.010648031641753649,-0.0027307836521785894,1.196101911393414,1.5459488620840567,0.34984695069064276
53.0,9.0,5.0,3.0,7.0,10.0,4.0,0.8560202296229555,0.9267578004667901,0.8694473732469375,445.157055102432,512.0,0.0029623636200358724,0.004286273913790639,-0.0013239102937547664,1.4709570548261537,1.4650013454802866,-0.0059557093458670884
53.0,9.0,5.0,3.0,7.0,11.0,1.0,0.8560202296229555,0.9267578004667901,0.8632714100413664,110.4987404852949,128.0,0.005401978053582062,0.0038824901331066994,0.001519487920475363,0.8874574691199778,1.138653906387956,0.25119643726797813
53.0,9.0,5.0,3.0,7.0,11.0,4.0,0.8560202296229555,0.9267578004667901,0.8644598398381068,442.6034379971107,512.0,0.0033229539530145987,0.003908835604406797,-0.0005858816513921979,1.3117992700041252,1.5479380390344069,0.23613876903028164
53.0,9.0,5.0,3.0,7.0,12.0,1.0,0.8560202296229555,0.9267578004667901,0.8750280566848493,112.00359125566071,128.0,0.05843960350446465,0.037824716978836666,0.020614886525627985,-3.1880289510486057,-1.5176429527878792,1.6703859982607265
53.0,9.0,5.0,3.0,7.0,12.0,4.0,0.8560202296229555,0.9267578004667901,0.8711749602117244,446.04157962840287,512.0,0.006395135418261092,0.004655087018236941,0.001740048400024151,1.4476048386247993,1.4749759186686517,0.02737108004385247
53.0,9.0,5.0,3.0,7.0,13.0,1.0,0.8560202296229555,0.9267578004667901,0.9377979106351191,120.03813256129524,128.0,0.02247638357869105,0.01765016154341794,0.004826222035273109,1.1379475989898113,1.1384754566891193,0.0005278576993079653
53.0,9.0,5.0,3.0,7.0,13.0,4.0,0.8560202296229555,0.9267578004667901,0.8837282091812465,452.4688431007982,512.0,0.006365127028749895,0.0028230344929874984,0.0035420925357623964,1.0807364508292483,0.9763700193588855,-0.10436643147036284
53.0,9.0,5.0,3.0,7.0,14.0,1.0,0.8560202296229555,0.9267578004667901,0.9116737546914719,116.69424060050841,128.0,0.02844781455349957,0.020682912799754632,0.007764901753744939,-0.7774967797232737,0.040423898217094544,0.8179206779403683
53.0,9.0,5.0,3.0,7.0,14.0,4.0,0.8560202296229555,0.9267578004667901,0.8614780328167984,441.07675280220076,512.0,0.009672028234848086,0.006849586100173546,0.0028224421346745403,0.5576911246733501,0.7370259797113436,0.1793348550379935
53.0,9.0,5.0,3.0,7.0,15.0,1.0,0.8560202296229555,0.9267578004667901,0.8731435351173003,111.76237249501443,128.0,0.026412094001464333,0.010886771783116578,0.015525322218347754,-2.4334976315577075,-1.5027792143478904,0.9307184172098171
53.0,9.0,5.0,3.0,7.0,15.0,4.0,0.8560202296229555,0.9267578004667901,0.8477018677851071,434.02335630597486,512.0,0.02048484435814665,0.004969162928628653,0.015515681429517997,-0.514000578321502,0.5247217138800397,1.0387222922015418
53.0,9.0,5.0,3.0,7.0,16.0,1.0,0.8560202296229555,0.9267578004667901,0.885990066079451,113.40672845816972,128.0,0.02131475239785533,0.01601237242453738,0.00530237997331795,0.10490507132909489,0.483720249783848,0.3788151784547531
53.0,9.0,5.0,3.0,7.0,16.0,4.0,0.8560202296229555,0.9267578004667901,0.8751471198839401,448.07532538057734,512.0,0.005603700959530661,0.004335567020546719,0.001268133938983942,1.136864551458715,1.2558251528536177,0.11896060139490272
53.0,9.0,5.0,3.0,7.0,17.0,1.0,0.8560202296229555,0.9267578004667901,0.9220203401751674,118.01860354242143,128.0,0.01371313990837078,0.01925055958315843,-0.005537419674787651,0.0942866241800562,-0.7684486441178161,-0.8627352682978723
53.0,9.0,5.0,3.0,7.0,17.0,4.0,0.8560202296229555,0.9267578004667901,0.8765934804246147,448.81586197740273,512.0,0.0027704428166344104,0.006073133956673428,-0.0033026911400390172,1.6126558743367558,1.2884997873002366,-0.3241560870365192
53.0,9.0,5.0,3.0,7.0,18.0,1.0,0.8560202296229555,0.9267578004667901,0.8655700288667275,110.79296369494112,128.0,0.011646136965918333,0.011171702204437837,0.000474434761480496,0.8235592871186109,0.5578419476413002,-0.2657173394773107
53.0,9.0,5.0,3.0,7.0,18.0,4.0,0.8560202296229555,0.9267578004667901,0.8555610331744687,438.047248985328,512.0,0.006096268478204596,0.005074087249415923,0.0010221812287886725,2.3335555710930804,2.0527509278896123,-0.2808046432034681
53.0,9.0,5.0,3.0,7.0,19.0,1.0,0.8560202296229555,0.9267578004667901,0.8219612992392634,105.21104630262572,128.0,0.03550749367915838,0.024622200310540025,0.010885293368618359,-0.5693729731660067,0.053339259977033204,0.6227122331430399
53.0,9.0,5.0,3.0,7.0,19.0,4.0,0.8560202296229555,0.9267578004667901,0.8141923880588905,416.86650268615193,512.0,0.008121012577117264,0.00447301437456233,0.003647998202554934,1.806845752724014,2.2317272370491565,0.4248814843251425
53.0,9.0,5.0,3.0,7.0,20.0,1.0,0.8560202296229555,0.9267578004667901,0.8160690344100823,104.45683640449053,128.0,0.008768711523000692,0.006321777624445346,0.0024469338985553457,-0.5858791037351475,0.2511550387193021,0.8370341424544496
53.0,9.0,5.0,3.0,7.0,20.0,4.0,0.8560202296229555,0.9267578004667901,0.8739019163864101,447.437781189842,512.0,0.005035031169525931,0.004442092160177134,0.0005929390093487976,0.7206896907462661,1.0295789685566792,0.3088892778104131
53.0,9.0,5.0,3.0,7.0,21.0,1.0,0.8560202296229555,0.9267578004667901,0.8964750555818084,114.74880711447148,128.0,0.02154266409488956,0.014254461108691078,0.007288202986198483,-0.51503888848136,0.23556323691806663,0.7506021253994266
53.0,9.0,5.0,3.0,7.0,21.0,4.0,0.8560202296229555,0.9267578004667901,0.8793990942738633,450.252336268218,512.0,0.0045371995289432785,0.004200416641472392,0.0003367828874708866,1.0611871982380625,1.2153171440963744,0.15412994585831186
53.0,9.0,5.0,3.0,7.0,22.0,1.0,0.8560202296229555,0.9267578004667901,0.842453784266834,107.83408438615476,128.0,0.03340195439657409,0.027249750241741876,0.006152204154832214,0.01566529281454763,0.45615145657706524,0.4404861637625176
53.0,9.0,5.0,3.0,7.0,22.0,4.0,0.8560202296229555,0.9267578004667901,0.857453034924867,439.0159538815319,512.0,0.00903088712542702,0.0028441573952111086,0.006186729730215912,1.5410091432042783,2.013029076000297,0.47201993279601884
53.0,9.0,5.0,3.0,7.0,23.0,1.0,0.8560202296229555,0.9267578004667901,0.9207117803015263,117.85110787859537,128.0,0.021629960400413067,0.011857965474280486,0.009771994926132581,0.39742674483858176,1.2103285329334719,0.8129017880948901
53.0,9.0,5.0,3.0,7.0,23.0,4.0,0.8560202296229555,0.9267578004667901,0.9093971058393038,465.61131818972353,512.0,0.004352594425008547,0.0056774217220371065,-0.0013248272970285595,1.2971781188532066,1.1569107434976291,-0.14026737535557743
53.0,9.0,5.0,3.0,7.0,24.0,1.0,0.8560202296229555,0.9267578004667901,0.8025063229613569,102.72080933905369,128.0,0.009738589323071003,0.00858200690522513,0.0011565824178458722,-0.11086477244916715,0.31037395692609193,0.4212387293752591
53.0,9.0,5.0,3.0,7.0,24.0,4.0,0.8560202296229555,0.9267578004667901,0.8443106907670859,432.28707367274797,512.0,0.006184292280435856,0.007442634308157807,-0.0012583420277219506,1.33400989329659,1.3334010624184498,-0.0006088308781402318
53.0,9.0,5.0,3.0,7.0,25.0,1.0,0.8560202296229555,0.9267578004667901,0.8469051556341325,108.40385992116896,128.0,0.03529032938078295,0.03765582414615638,-0.002365494765373434,-0.3687182959511461,0.028612937495206065,0.39733123344635213
53.0,9.0,5.0,3.0,7.0,25.0,4.0,0.8560202296229555,0.9267578004667901,0.8522114528938786,436.3322638816658,512.0,0.003130844377458023,0.004507222805046782,-0.0013763784275887588,1.0751671868500885,1.2633589951350206,0.1881918082849321
53.0,9.0,5.0,3.0,7.0,26.0,1.0,0.8560202296229555,0.9267578004667901,0.8417940608398092,107.74963978749558,128.0,0.02756886528599741,0.029776496791097683,-0.002207631505100272,-0.42123671186055367,-0.582306379445572,-0.16106966758501828
53.0,9.0,5.0,3.0,7.0,26.0,4.0,0.8560202296229555,0.9267578004667901,0.8627329760158494,441.7192837201149,512.0,0.0036282916762565365,0.004908116149310882,-0.0012798244730543454,1.5232120220206429,1.3261786058958573,-0.19703341612478553
53.0,9.0,5.0,3.0,7.0,27.0,1.0,0.8560202296229555,0.9267578004667901,0.8535046939199908,109.24860082175883,128.0,0.033449971606028375,0.03240571291426793,0.0010442586917604468,-1.9750929138380462,-1.5869930393403753,0.3880998744976709
53.0,9.0,5.0,3.0,7.0,27.0,4.0,0.8560202296229555,0.9267578004667901,0.8637277448915951,442.2286053844967,512.0,0.003997776690945522,0.00500356692211347,-0.001005790231167948,1.8190031528085349,2.1574577856288792,0.3384546328203444
53.0,9.0,5.0,3.0,7.0,28.0,1.0,0.8560202296229555,0.9267578004667901,0.9179707483496419,117.50025578875416,128.0,0.039591939238183244,0.018976638074489002,0.02061530116369424,-1.1186944769838025,0.5708017887176504,1.689496265701453
53.0,9.0,5.0,3.0,7.0,28.0,4.0,0.8560202296229555,0.9267578004667901,0.881993226369357,451.58053190111076,512.0,0.004305375155264004,0.002717069169356102,0.0015883059859079021,1.719413906632065,1.9682162078974168,0.24880230126535174
53.0,9.0,5.0,3.0,7.0,29.0,1.0,0.8560202296229555,0.9267578004667901,0.8650347623315597,110.72444957843965,128.0,0.03811871484165699,0.015378003198420469,0.022740711643236523,-2.082547907365432,-0.6346563379120281,1.4478915694534038
53.0,9.0,5.0,3.0,7.0,29.0,4.0,0.8560202296229555,0.9267578004667901,0.8683702381663602,444.6055619411764,512.0,0.0058439924550327356,0.005110325600231325,0.0007336668548014102,1.2418239331402074,1.4875340024579427,0.2457100693177352
53.0,9.0,5.0,3.0,7.0,30.0,1.0,0.8560202296229555,0.9267578004667901,0.8577589763914286,109.79314897810286,128.0,0.02014000955161694,0.013816424760981653,0.0063235847906352866,-0.4393063673592314,-0.041344584856060504,0.3979617825031709
53.0,9.0,5.0,3.0,7.0,30.0,4.0,0.8560202296229555,0.9267578004667901,0.8739644485711275,447.4697976684173,512.0,0.00438631775622105,0.003044767348272026,0.001341550407949024,1.1948323281893805,1.217202434460596,0.022370106271215606
53.0,9.0,5.0,3.0,7.0,31.0,1.0,0.8560202296229555,0.9267578004667901,0.8400192134287037,107.52245931887407,128.0,0.016015630577532067,0.012192467940833084,0.003823162636698983,-0.6357846122776054,-1.5089872605968888,-0.8732026483192834
53.0,9.0,5.0,3.0,7.0,31.0,4.0,0.8560202296229555,0.9267578004667901,0.8711247209925358,446.0158571481783,512.0,0.007530988033910021,0.006330399034253758,0.001200588999656263,2.045541056095687,2.2882128430756543,0.2426717869799675
53.0,9.0,5.0,3.0,7.0,32.0,1.0,0.8560202296229555,0.9267578004667901,0.8736585440520691,111.82829363866485,128.0,0.01860149167347796,0.007881483340848034,0.010720008332629925,0.8525031126414827,1.2453639545677975,0.39286084192631476
53.0,9.0,5.0,3.0,7.0,32.0,4.0,0.8560202296229555,0.9267578004667901,0.842998277947081,431.6151183089055,512.0,0.004485036984170275,0.006444004669924177,-0.0019589676857539014,1.1621266235728043,0.6106719386402181,-0.5514546849325862
54.0,17.0,5.0,3.0,7.0,1.0,1.0,0.8766491291552047,0.8670977940121399,0.8250266129529326,105.60340645797537,128.0,0.014883978186336654,0.004695254366326158,0.010188723820010495,0.4490839835256253,0.3592341250721755,-0.08984985845344978
54.0,17.0,5.0,3.0,7.0,1.0,4.0,0.8766491291552047,0.8670977940121399,0.88177476231453,451.46867830503936,512.0,0.0027797943950975167,0.0031651319594404167,-0.0003853375643429,1.62575519473205,0.8672440171136271,-0.758511177618423
54.0,17.0,5.0,3.0,7.0,2.0,1.0,0.8766491291552047,0.8670977940121399,0.8798370233979305,112.6191389949351,128.0,0.029389174661810506,0.03176661097171308,-0.0023774363099025725,1.5916676537482322,-0.11746361126675035,-1.7091312650149826
54.0,17.0,5.0,3.0,7.0,2.0,4.0,0.8766491291552047,0.8670977940121399,0.8840936663052344,452.65595714828004,512.0,0.006046466906998942,0.00483356582278446,0.0012129010842144815,2.0412715046589476,1.8136080247029998,-0.22766347995594782
54.0,17.0,5.0,3.0,7.0,3.0,1.0,0.8766491291552047,0.8670977940121399,0.8785732813405255,112.45738001158726,128.0,0.021357084379820337,0.008550645335559093,0.012806439044261243,1.3038523371718682,1.167101587385237,-0.13675074978663115
54.0,17.0,5.0,3.0,7.0,3.0,4.0,0.8766491291552047,0.8670977940121399,0.8725688221152331,446.75523692299936,512.0,0.004556949855192664,0.0038929162575122855,0.0006640335976803788,2.094890167956801,1.2354399283935238,-0.859450239563277
54.0,17.0,5.0,3.0,7.0,4.0,1.0,0.8766491291552047,0.8670977940121399,0.827919927832064,105.9737507625042,128.0,0.010978145125541018,0.006823600963458716,0.004154544162082302,1.8974625713065574,1.5818013715579693,-0.3156611997485881
54.0,17.0,5.0,3.0,7.0,4.0,4.0,0.8766491291552047,0.8670977940121399,0.8552142027068594,437.86967178591203,512.0,0.002881070856540695,0.003680225112264981,-0.0007991542557242858,2.4856438900131907,1.9197082811790196,-0.5659356088341712
54.0,17.0,5.0,3.0,7.0,5.0,1.0,0.8766491291552047,0.8670977940121399,0.8598926639187079,110.06626098159461,128.0,0.02350654963826977,0.01922785597119734,0.004278693667072429,-1.220060953402059,-0.5839956306346442,0.6360653227674148
54.0,17.0,5.0,3.0,7.0,5.0,4.0,0.8766491291552047,0.8670977940121399,0.8734333115023314,447.19785548919367,512.0,0.0028389557591004273,0.003840057725642571,-0.0010011019665421435,2.0585530106889873,1.5161225366606346,-0.5424304740283528
54.0,17.0,5.0,3.0,7.0,6.0,1.0,0.8766491291552047,0.8670977940121399,0.8077173905110092,103.38782598540918,128.0,0.018763933856054543,0.015151056860782185,0.0036128769952723586,1.2533037266761875,0.5497461549576709,-0.7035575717185166
54.0,17.0,5.0,3.0,7.0,6.0,4.0,0.8766491291552047,0.8670977940121399,0.8689915733492238,444.9236855548026,512.0,0.003108201374018562,0.004646119775575483,-0.001537918401556921,2.2009908059823733,1.0949406827994208,-1.1060501231829525
54.0,17.0,5.0,3.0,7.0,7.0,1.0,0.8766491291552047,0.8670977940121399,0.835855673461976,106.98952620313293,128.0,0.01244851487341097,0.007211569459915246,0.005236945413495724,0.9833367949478923,0.774284557346536,-0.20905223760135627
54.0,17.0,5.0,3.0,7.0,7.0,4.0,0.8766491291552047,0.8670977940121399,0.8678014528433912,444.3143438558163,512.0,0.002933016112985782,0.0031727795112392702,-0.0002397633982534884,2.3123996090477466,1.648675985494683,-0.6637236235530635
54.0,17.0,5.0,3.0,7.0,8.0,1.0,0.8766491291552047,0.8670977940121399,0.8979031511320802,114.93160334490626,128.0,0.01144782297334506,0.01209789949384357,-0.00065007652049851,-0.0195676655025917,-0.000207362677511843,0.019360302825079855
54.0,17.0,5.0,3.0,7.0,8.0,4.0,0.8766491291552047,0.8670977940121399,0.9001372085454643,460.8702507752777,512.0,0.003748738393550374,0.005505914746844809,-0.001757176353294435,1.6500954943972177,1.4059249728947054,-0.24417052150251228
54.0,17.0,5.0,3.0,7.0,9.0,1.0,0.8766491291552047,0.8670977940121399,0.9195100437416177,117.69728559892707,128.0,0.02998032277051433,0.02623971171839612,0.0037406110521182104,1.411167716190085,0.3965369928350855,-1.0146307233549996
54.0,17.0,5.0,3.0,7.0,9.0,4.0,0.8766491291552047,0.8670977940121399,0.8650180384746451,442.8892356990183,512.0,0.004267017886552911,0.004736655359207741,-0.0004696374726548304,1.3809365857389653,0.9711225170291226,-0.4098140687098427
54.0,17.0,5.0,3.0,7.0,10.0,1.0,0.8766491291552047,0.8670977940121399,0.9045263167211536,115.77936854030766,128.0,0.01809439648877613,0.015091716392893369,0.0030026800958827607,2.4310997815907376,1.6828153723264323,-0.7482844092643053
54.0,17.0,5.0,3.0,7.0,10.0,4.0,0.8766491291552047,0.8670977940121399,0.9105356771023515,466.19426667640397,512.0,0.004905485862037648,0.003961266781137342,0.000944219080900306,2.4955432867030773,2.0388047402535183,-0.456738546449559
54.0,17.0,5.0,3.0,7.0,11.0,1.0,0.8766491291552047,0.8670977940121399,0.8896995022446597,113.88153628731644,128.0,0.016528371018203786,0.012507443350081401,0.004020927668122384,-0.4666448768976556,-0.2644283632708803,0.20221651362677528
54.0,17.0,5.0,3.0,7.0,11.0,4.0,0.8766491291552047,0.8670977940121399,0.8806026641894489,450.8685640649978,512.0,0.003515421566645027,0.004804450871667155,-0.0012890293050221283,2.38652469205554,1.865976637864888,-0.520548054190652
54.0,17.0,5.0,3.0,7.0,12.0,1.0,0.8766491291552047,0.8670977940121399,0.9498848995126156,121.58526713761479,128.0,0.037380854307642764,0.033754758796063156,0.003626095511579608,0.4385307561999368,0.3188249951392907,-0.11970576106064612
54.0,17.0,5.0,3.0,7.0,12.0,4.0,0.8766491291552047,0.8670977940121399,0.9068261553062011,464.294991516775,512.0,0.00525404867852977,0.004671345044815449,0.000582703633714321,1.78495010699748,1.5786670514944778,-0.2062830555030022
54.0,17.0,5.0,3.0,7.0,13.0,1.0,0.8766491291552047,0.8670977940121399,0.9070607763481103,116.10377937255812,128.0,0.01515096350753108,0.015848875663870065,-0.0006979121563389853,0.8678849357298082,0.5723397935541517,-0.29554514217565653
54.0,17.0,5.0,3.0,7.0,13.0,4.0,0.8766491291552047,0.8670977940121399,0.8929063538988782,457.1680531962256,512.0,0.0035951028081354537,0.005482653600260163,-0.0018875507921247096,1.6459573568075463,1.0996552189193156,-0.5463021378882307
54.0,17.0,5.0,3.0,7.0,14.0,1.0,0.8766491291552047,0.8670977940121399,0.8883448075238645,113.70813536305465,128.0,0.011265791282980504,0.01163254228911606,-0.00036675100613555583,1.7257258861410747,1.3973732570946145,-0.32835262904646023
54.0,17.0,5.0,3.0,7.0,14.0,4.0,0.8766491291552047,0.8670977940121399,0.8945820569063175,458.0260131360346,512.0,0.0052560801034805225,0.006189993997027507,-0.0009339138935469844,1.9095417332747722,0.9561924857778226,-0.9533492474969496
54.0,17.0,5.0,3.0,7.0,15.0,1.0,0.8766491291552047,0.8670977940121399,0.9002462477303702,115.23151970948739,128.0,0.021687916275217687,0.015018079003916327,0.0066698372713013595,0.08228818568457905,0.7035757849802791,0.6212875992957
54.0,17.0,5.0,3.0,7.0,15.0,4.0,0.8766491291552047,0.8670977940121399,0.8957005807626649,458.59869735048443,512.0,0.0034697614011595197,0.005882689499299222,-0.002412928098139702,1.4712745532150537,0.919340469873517,-0.5519340833415367
54.0,17.0,5.0,3.0,7.0,16.0,1.0,0.8766491291552047,0.8670977940121399,0.8622566262558823,110.36884816075293,128.0,0.012917749349922894,0.008275614698990807,0.004642134650932087,1.3560674559484307,0.9363531241474007,-0.41971433180103
54.0,17.0,5.0,3.0,7.0,16.0,4.0,0.8766491291552047,0.8670977940121399,0.8571275208079786,438.84929065368505,512.0,0.0036246697640164452,0.006908103565746196,-0.003283433801729751,2.0361899409900763,1.274866563330502,-0.7613233776595743
54.0,17.0,5.0,3.0,7.0,17.0,1.0,0.8766491291552047,0.8670977940121399,0.7902008769310779,101.14571224717797,128.0,0.0135553164141994,0.005032164616139309,0.00852315179806009,1.0264001212156866,0.9714420575517514,-0.054958063663935186
54.0,17.0,5.0,3.0,7.0,17.0,4.0,0.8766491291552047,0.8670977940121399,0.8406392953478471,430.4073192180977,512.0,0.0025296394829331277,0.002051358079823955,0.0004782814031091729,1.1986839912716087,1.0240640829000796,-0.1746199083715292
54.0,17.0,5.0,3.0,7.0,18.0,1.0,0.8766491291552047,0.8670977940121399,0.9017561530875782,115.42478759521,128.0,0.023911422891048306,0.01716388179710656,0.006747541093941746,1.9483612733584856,1.484826220073645,-0.46353505328484057
54.0,17.0,5.0,3.0,7.0,18.0,4.0,0.8766491291552047,0.8670977940121399,0.8910230595899845,456.20380651007207,512.0,0.011045322666171224,0.007596321389335137,0.003449001276836087,2.0178135410525044,1.3569712940488352,-0.6608422470036692
54.0,17.0,5.0,3.0,7.0,19.0,1.0,0.8766491291552047,0.8670977940121399,0.8765788065227733,112.20208723491498,128.0,0.011619306105999502,0.006233909982575164,0.005385396123424338,1.0825424024138242,0.6656851459700673,-0.4168572564437568
54.0,17.0,5.0,3.0,7.0,19.0,4.0,0.8766491291552047,0.8670977940121399,0.8689448132881336,444.8997444035244,512.0,0.005833479598155455,0.006084335851775869,-0.0002508562536204144,1.5461518773538028,0.4386381484876142,-1.1075137288661887
54.0,17.0,5.0,3.0,7.0,20.0,1.0,0.8766491291552047,0.8670977940121399,0.9395342710932162,120.26038669993167,128.0,0.02114609663136889,0.026603024302237085,-0.005456927670868195,1.0709997124481188,0.3033803042822434,-0.7676194081658754
54.0,17.0,5.0,3.0,7.0,20.0,4.0,0.8766491291552047,0.8670977940121399,0.8848841613629983,453.06069061785513,512.0,0.0029586585484819945,0.00687636936638477,-0.0039177108179027755,2.2301464560864583,1.4341247913395276,-0.7960216647469307
54.0,17.0,5.0,3.0,7.0,21.0,1.0,0.8766491291552047,0.8670977940121399,0.8504053996273765,108.85189115230419,128.0,0.005532268550616127,0.006978143950697353,-0.001445875400081226,1.7203630905735414,1.1960435706319732,-0.5243195199415682
54.0,17.0,5.0,3.0,7.0,21.0,4.0,0.8766491291552047,0.8670977940121399,0.8681860259384597,444.5112452804914,512.0,0.005342620957241648,0.007143067329579346,-0.0018004463723376978,1.4231538685566218,0.5944222415746452,-0.8287316269819767
54.0,17.0,5.0,3.0,7.0,22.0,1.0,0.8766491291552047,0.8670977940121399,0.8416904973177388,107.73638365667057,128.0,0.02070614419785432,0.017611231771984624,0.0030949124258696954,1.4253763749346378,0.6116066933598092,-0.8137696815748285
54.0,17.0,5.0,3.0,7.0,22.0,4.0,0.8766491291552047,0.8670977940121399,0.853163956154989,436.81994555135435,512.0,0.004990999752416379,0.004385224436279262,0.0006057753161371167,1.721357772947303,1.5161975961988639,-0.20516017674843923
54.0,17.0,5.0,3.0,7.0,23.0,1.0,0.8766491291552047,0.8670977940121399,0.9402947650757465,120.35772992969555,128.0,0.019994988783531793,0.02152607100024886,-0.0015310822167170675,0.4723932082502568,0.3301326007297835,-0.14226060752047331
54.0,17.0,5.0,3.0,7.0,23.0,4.0,0.8766491291552047,0.8670977940121399,0.8776962302151596,449.38046987016173,512.0,0.0044265687733612774,0.005995586144815661,-0.0015690173714543836,1.0714465258761878,0.6833268583497075,-0.3881196675264803
54.0,17.0,5.0,3.0,7.0,24.0,1.0,0.8766491291552047,0.8670977940121399,0.9480666384771809,121.35252972507915,128.0,0.03806612219391059,0.04303705331810828,-0.004970931124197692,-0.0834439551525154,-0.7367889491329892,-0.6533449939804739
54.0,17.0,5.0,3.0,7.0,24.0,4.0,0.8766491291552047,0.8670977940121399,0.8843860894651407,452.80567780615206,512.0,0.0060549161800799705,0.007808286715354645,-0.0017533705352746742,2.0646993093640535,0.9867662221563698,-1.0779330872076838
54.0,17.0,5.0,3.0,7.0,25.0,1.0,0.8766491291552047,0.8670977940121399,0.9260796417484873,118.53819414380638,128.0,0.01658148894523931,0.018972654152416495,-0.0023911652071771858,0.5281848695044207,-0.9112435400974055,-1.4394284096018262
54.0,17.0,5.0,3.0,7.0,25.0,4.0,0.8766491291552047,0.8670977940121399,0.9125676906729548,467.2346576245529,512.0,0.005201970181983183,0.00866629032424434,-0.0034643201422611567,1.6475028669300815,0.7173645283641287,-0.9301383385659528
54.0,17.0,5.0,3.0,7.0,26.0,1.0,0.8766491291552047,0.8670977940121399,0.9344207560341031,119.6058567723652,128.0,0.02246243322954978,0.008766767338939982,0.013695665890609797,0.26695141446217235,0.8606918572109479,0.5937404427487756
54.0,17.0,5.0,3.0,7.0,26.0,4.0,0.8766491291552047,0.8670977940121399,0.9130383557472801,467.4756381426074,512.0,0.00415847339985294,0.007558263688433296,-0.0033997902885803555,2.097548447662957,1.057518007598027,-1.04003044006493
54.0,17.0,5.0,3.0,7.0,27.0,1.0,0.8766491291552047,0.8670977940121399,0.8950551531382084,114.56705960169067,128.0,0.043612023653072596,0.04536098787254969,-0.001748964219477095,-1.2796900112371312,-2.1039231213251557,-0.8242331100880245
54.0,17.0,5.0,3.0,7.0,27.0,4.0,0.8766491291552047,0.8670977940121399,0.9066194774950611,464.1891724774713,512.0,0.007095227187654981,0.007743230480181116,-0.0006480032925261347,1.5171090576369881,1.044865603108573,-0.4722434545284151
54.0,17.0,5.0,3.0,7.0,28.0,1.0,0.8766491291552047,0.8670977940121399,0.9201857646317176,117.78377787285986,128.0,0.02967411539987822,0.02203320165900961,0.007640913740868612,-1.2703402697238402,-1.503359053143091,-0.23301878341925075
54.0,17.0,5.0,3.0,7.0,28.0,4.0,0.8766491291552047,0.8670977940121399,0.9126879654161175,467.29623829305217,512.0,0.00413188715799714,0.00654053549274378,-0.0024086483347466395,1.8591438398080546,1.0584363731167559,-0.8007074666912988
54.0,17.0,5.0,3.0,7.0,29.0,1.0,0.8766491291552047,0.8670977940121399,0.9090935385961765,116.36397294031059,128.0,0.019198882365481458,0.005038288309630313,0.014160594055851145,0.6436445921537687,0.08639674623431791,-0.5572478459194508
54.0,17.0,5.0,3.0,7.0,29.0,4.0,0.8766491291552047,0.8670977940121399,0.903922537495783,462.8083391978409,512.0,0.005281697219476541,0.002642878278332146,0.0026388189411443953,1.8918943433221305,1.4879547005089047,-0.4039396428132258
54.0,17.0,5.0,3.0,7.0,30.0,1.0,0.8766491291552047,0.8670977940121399,0.8872233277241358,113.56458594868938,128.0,0.013195778975211205,0.014221953842768531,-0.0010261748675573258,0.8279706871113546,-0.4647834959761791,-1.2927541830875335
54.0,17.0,5.0,3.0,7.0,30.0,4.0,0.8766491291552047,0.8670977940121399,0.8711706023770533,446.0393484170513,512.0,0.007051721932332186,0.005817566646384414,0.0012341552859477722,1.7624882808084963,1.0984704934999872,-0.6640177873085091
54.0,17.0,5.0,3.0,7.0,31.0,1.0,0.8766491291552047,0.8670977940121399,0.8696225389717115,111.31168498837907,128.0,0.010179857110262723,0.010931414727401337,-0.0007515576171386144,0.6029362224196261,0.3371615390412712,-0.26577468337835486
54.0,17.0,5.0,3.0,7.0,31.0,4.0,0.8766491291552047,0.8670977940121399,0.9118031152890508,466.843195027994,512.0,0.007330326466734055,0.006851369218431221,0.0004789572483028335,2.749682686004354,2.072769722781787,-0.6769129632225672
54.0,17.0,5.0,3.0,7.0,32.0,1.0,0.8766491291552047,0.8670977940121399,0.8833868029978738,113.07351078372784,128.0,0.014454510339623264,0.01233147777162007,0.0021230325680031935,-0.05881125224267111,-0.25766301751210435,-0.19885176526943324
54.0,17.0,5.0,3.0,7.0,32.0,4.0,0.8766491291552047,0.8670977940121399,0.8803597098384222,450.74417143727214,512.0,0.002106198750193561,0.0034270479202230877,-0.0013208491700295267,1.5064258857569366,0.767457356930269,-0.7389685288266676
55.0,19.0,1.0,2.0,7.0,1.0,1.0,0.9169464139370105,0.9196545600449552,0.9305846152037446,119.1148307460793,128.0,0.01477817970804118,0.015218091817703365,-0.0004399121096621845,5.440542772513066,1.1621004446574388,-4.278442327855627
55.0,19.0,1.0,2.0,7.0,1.0,4.0,0.9169464139370105,0.9196545600449552,0.9131599805969446,467.53791006563563,512.0,0.001509284945630867,0.004199705663731102,-0.002690420718100235,5.510606555355424,2.5879531234132616,-2.9226534319421624
55.0,19.0,1.0,2.0,7.0,2.0,1.0,0.9169464139370105,0.9196545600449552,0.9284601970354852,118.84290522054211,128.0,0.002950669925301736,0.0028264105568084332,0.00012425936849330254,5.253643682558962,4.678528756953337,-0.5751149256056243
55.0,19.0,1.0,2.0,7.0,2.0,4.0,0.9169464139370105,0.9196545600449552,0.9115976575979685,466.7380006901599,512.0,0.0018205899230033247,0.0029055342317795534,-0.0010849443087762288,1.9488402355022334,0.6069800884270476,-1.3418601470751859
55.0,19.0,1.0,2.0,7.0,3.0,1.0,0.9169464139370105,0.9196545600449552,0.9430605094917187,120.71174521494,128.0,0.030156514796195272,0.009922598473784034,0.020233916322411238,11.642937808242085,5.5353048831680285,-6.107632925074056
55.0,19.0,1.0,2.0,7.0,3.0,4.0,0.9169464139370105,0.9196545600449552,0.9204820795098796,471.28682470905835,512.0,0.00471586949642539,0.0034176561263767674,0.0012982133700486223,8.425229087424185,5.046550743345553,-3.378678344078632
55.0,19.0,1.0,2.0,7.0,4.0,1.0,0.9169464139370105,0.9196545600449552,0.9399505414275016,120.3136693027202,128.0,0.02086199945166199,0.024106819849196683,-0.0032448203975346916,-1.7388682421738326,-3.24917018834122,-1.5103019461673872
55.0,19.0,1.0,2.0,7.0,4.0,4.0,0.9169464139370105,0.9196545600449552,0.9032572300700926,462.4677017958874,512.0,0.003083254668321632,0.0052278405348125745,-0.0021445858664909424,3.227513877544461,0.7477524101105776,-2.4797614674338835
55.0,19.0,1.0,2.0,7.0,5.0,1.0,0.9169464139370105,0.9196545600449552,0.9317746933840518,119.26716075315863,128.0,0.013167865493211126,0.011788193455693966,0.0013796720375171597,3.512767408601139,2.600571753677175,-0.912195654923964
55.0,19.0,1.0,2.0,7.0,5.0,4.0,0.9169464139370105,0.9196545600449552,0.9171699311878093,469.59100476815837,512.0,0.002228290068739003,0.00205104657601308,0.0001772434927259231,4.550963312388897,2.515740798937292,-2.0352225134516053
55.0,19.0,1.0,2.0,7.0,6.0,1.0,0.9169464139370105,0.9196545600449552,0.903661096995338,115.66862041540327,128.0,0.010293854917440403,0.009694687341371206,0.000599167576069197,5.3767415035954,-2.347711935656568,-7.724453439251969
55.0,19.0,1.0,2.0,7.0,6.0,4.0,0.9169464139370105,0.9196545600449552,0.9078618886963966,464.82528701255507,512.0,0.003647063014836138,0.0030323524507240456,0.0006147105641120922,7.177467343464596,3.841679228537725,-3.3357881149268716
55.0,19.0,1.0,2.0,7.0,7.0,1.0,0.9169464139370105,0.9196545600449552,0.8842308823798563,113.1815529446216,128.0,0.013006525307430317,0.013741077197576702,-0.0007345518901463854,3.663092681620135,1.362446279694409,-2.300646401925726
55.0,19.0,1.0,2.0,7.0,7.0,4.0,0.9169464139370105,0.9196545600449552,0.902407610461075,462.0326965560704,512.0,0.0027984542420564063,0.0031044454778815017,-0.0003059912358250954,3.8167822092669272,2.098723430577387,-1.71805877868954
55.0,19.0,1.0,2.0,7.0,8.0,1.0,0.9169464139370105,0.9196545600449552,0.9165491637554146,117.31829296069307,128.0,0.008693605692627004,0.01269869874583273,-0.004005093053205726,9.198583629776435,4.636936532408011,-4.561647097368423
55.0,19.0,1.0,2.0,7.0,8.0,4.0,0.9169464139370105,0.9196545600449552,0.911461601411756,466.6683399228191,512.0,0.0038265099518679548,0.006523215018762447,-0.0026967050668944923,6.476879622989855,4.761275029891063,-1.7156045930987913
55.0,19.0,1.0,2.0,7.0,9.0,1.0,0.9169464139370105,0.9196545600449552,0.9283175672574485,118.82464860895341,128.0,0.00240496344539598,0.0025176376576863304,-0.00011267421229035034,2.3691471471968613,2.157133538528951,-0.21201360866791008
55.0,19.0,1.0,2.0,7.0,9.0,4.0,0.9169464139370105,0.9196545600449552,0.9245935362670951,473.3918905687527,512.0,0.001834272925675457,0.0021804569820785824,-0.0003461840564031255,3.82222179656401,3.3915347789371233,-0.4306870176268869
55.0,19.0,1.0,2.0,7.0,10.0,1.0,0.9169464139370105,0.9196545600449552,0.9042104763170898,115.7389409685875,128.0,0.0026362330028776434,0.00246053515621646,0.00017569784666118327,1.9108894731489066,1.7305100774988724,-0.18037939565003414
55.0,19.0,1.0,2.0,7.0,10.0,4.0,0.9169464139370105,0.9196545600449552,0.9106167914135613,466.2357972037434,512.0,0.0015027115109026447,0.0014580305015362682,4.468100936637657e-05,7.042700788921117,3.9823764415010383,-3.0603243474200785
55.0,19.0,1.0,2.0,7.0,11.0,1.0,0.9169464139370105,0.9196545600449552,0.938348606223862,120.10862159665433,128.0,0.01094080784675951,0.011135674256755828,-0.00019486640999631828,4.780714448451061,4.63647124265525,-0.14424320579581096
55.0,19.0,1.0,2.0,7.0,11.0,4.0,0.9169464139370105,0.9196545600449552,0.915959496390173,468.9712621517686,512.0,0.0029727012828718044,0.004074400127984064,-0.0011016988451122596,3.625047860142699,3.0326418222203126,-0.5924060379223866
55.0,19.0,1.0,2.0,7.0,12.0,1.0,0.9169464139370105,0.9196545600449552,0.897770954389579,114.91468216186611,128.0,0.009784351024574936,0.00990425766733376,-0.00011990664275882482,-2.1412321683344944,-3.948892549357728,-1.8076603810232337
55.0,19.0,1.0,2.0,7.0,12.0,4.0,0.9169464139370105,0.9196545600449552,0.8982298446102676,459.893680440457,512.0,0.0017343127133595969,0.001985272895357858,-0.000250960181998261,2.533067742631923,1.3188962393007493,-1.2141715033311737
55.0,19.0,1.0,2.0,7.0,13.0,1.0,0.9169464139370105,0.9196545600449552,0.9114701758446355,116.66818250811335,128.0,0.016713927431609814,0.00967628693480958,0.007037640496800234,5.9479487722384965,-0.5545856871412796,-6.502534459379776
55.0,19.0,1.0,2.0,7.0,13.0,4.0,0.9169464139370105,0.9196545600449552,0.9275651719646504,474.913368045901,512.0,0.001334464327723115,0.0026279290639457196,-0.0012934647362226046,6.905934630700094,3.7468609093596617,-3.1590737213404325
55.0,19.0,1.0,2.0,7.0,14.0,1.0,0.9169464139370105,0.9196545600449552,0.9409641472971882,120.4434108540401,128.0,0.01585732160912769,0.015327423024215019,0.0005298985849126712,3.5787587890027908,3.721447958923001,0.1426891699202102
55.0,19.0,1.0,2.0,7.0,14.0,4.0,0.9169464139370105,0.9196545600449552,0.931422964362119,476.88855775340494,512.0,0.0032438744622238407,0.004789783432447966,-0.0015459089702241254,4.412121552257045,3.940034311728603,-0.4720872405284422
55.0,19.0,1.0,2.0,7.0,15.0,1.0,0.9169464139370105,0.9196545600449552,0.9175313186232991,117.44400878378228,128.0,0.0078044891294965744,0.004295491823635505,0.00350899730586107,4.326725402470189,3.2348061699385604,-1.091919232531629
55.0,19.0,1.0,2.0,7.0,15.0,4.0,0.9169464139370105,0.9196545600449552,0.9164274014435692,469.2108295391074,512.0,0.004814067649647413,0.0032385128786256816,0.0015755547710217315,4.925373463215169,1.2196441165263197,-3.705729346688849
55.0,19.0,1.0,2.0,7.0,16.0,1.0,0.9169464139370105,0.9196545600449552,0.8922005121506678,114.20166555528547,128.0,0.005275575554174271,0.0029430745441911673,0.0023325010099831036,6.575062206133363,2.20473371560441,-4.370328490528953
55.0,19.0,1.0,2.0,7.0,16.0,4.0,0.9169464139370105,0.9196545600449552,0.9160879154241612,469.03701269717055,512.0,0.003112950944581405,0.002426727572863104,0.0006862233717183012,8.257353010994432,4.01184634300879,-4.245506667985643
55.0,19.0,1.0,2.0,7.0,17.0,1.0,0.9169464139370105,0.9196545600449552,0.9085608355952806,116.29578695619591,128.0,0.009613537384287305,0.015858606958116007,-0.006245069573828702,-0.8919070702575015,-3.448265065282979,-2.556357995025478
55.0,19.0,1.0,2.0,7.0,17.0,4.0,0.9169464139370105,0.9196545600449552,0.9217455291486919,471.93371092413025,512.0,0.0047367613690835995,0.004457644843457736,0.0002791165256258634,5.28902069243049,1.229258182346608,-4.059762510083882
55.0,19.0,1.0,2.0,7.0,18.0,1.0,0.9169464139370105,0.9196545600449552,0.9340657156193892,119.56041159928182,128.0,0.005369097999517299,0.006151065520094425,-0.0007819675205771254,4.143872869452713,4.243127795629202,0.09925492617648857
55.0,19.0,1.0,2.0,7.0,18.0,4.0,0.9169464139370105,0.9196545600449552,0.9305527746676165,476.44302062981967,512.0,0.0026912293935256165,0.0030346590124702326,-0.0003434296189446162,6.985549336893274,5.033599141828382,-1.9519501950648923
55.0,19.0,1.0,2.0,7.0,19.0,1.0,0.9169464139370105,0.9196545600449552,0.9192235555277865,117.66061510755667,128.0,0.00851547585877091,0.005728712903916786,0.0027867629548541236,2.6663445179420036,0.1661986691528942,-2.5001458487891095
55.0,19.0,1.0,2.0,7.0,19.0,4.0,0.9169464139370105,0.9196545600449552,0.9263439504016276,474.28810260563336,512.0,0.0035983507821946933,0.0032719708903362456,0.0003263798918584477,5.787482949835088,3.9145283579874355,-1.8729545918476522
55.0,19.0,1.0,2.0,7.0,20.0,1.0,0.9169464139370105,0.9196545600449552,0.913429988082595,116.91903847457216,128.0,0.011200225929673874,0.011399517676450248,-0.00019929174677637412,6.669026471631243,3.2993645249670225,-3.3696619466642206
55.0,19.0,1.0,2.0,7.0,20.0,4.0,0.9169464139370105,0.9196545600449552,0.9199139728913186,470.9959541203551,512.0,0.0023211575366040957,0.0022354200924189107,8.573744418518495e-05,7.996227985740491,5.359992446328872,-2.6362355394116195
55.0,19.0,1.0,2.0,7.0,21.0,1.0,0.9169464139370105,0.9196545600449552,0.9423652362912075,120.62275024527456,128.0,0.0023988085248094074,0.002529784170441877,-0.00013097564563246955,3.9051803740790865,2.629392599055596,-1.2757877750234905
55.0,19.0,1.0,2.0,7.0,21.0,4.0,0.9169464139370105,0.9196545600449552,0.9261133838205027,474.17005251609737,512.0,0.0015865547081320205,0.0025431394493133884,-0.0009565847411813679,3.1429247690380984,1.3586678378537524,-1.784256931184346
55.0,19.0,1.0,2.0,7.0,22.0,1.0,0.9169464139370105,0.9196545600449552,0.930310594505861,119.0797560967502,128.0,0.00430545028371517,0.00516797929527042,-0.0008625290115552497,3.033183686998086,1.3820512910006582,-1.651132395997428
55.0,19.0,1.0,2.0,7.0,22.0,4.0,0.9169464139370105,0.9196545600449552,0.9185519142068852,470.2985800739252,512.0,0.002129624808499428,0.002857479976591799,-0.0007278551680923711,4.030759355069006,2.161897374522654,-1.868861980546352
55.0,19.0,1.0,2.0,7.0,23.0,1.0,0.9169464139370105,0.9196545600449552,0.9247193299064563,118.36407422802641,128.0,0.01893976720222698,0.01958766518344905,-0.0006478979812220703,8.960929501757384,7.891950462331529,-1.0689790394258551
55.0,19.0,1.0,2.0,7.0,23.0,4.0,0.9169464139370105,0.9196545600449552,0.9136485925662512,467.7880793939206,512.0,0.00259479298017546,0.002840569954645837,-0.00024577697447037685,3.1546006808443208,1.7027150477118531,-1.4518856331324677
55.0,19.0,1.0,2.0,7.0,24.0,1.0,0.9169464139370105,0.9196545600449552,0.9320857253275089,119.30697284192114,128.0,0.007476373985138924,0.006013736854724409,0.0014626371304145153,2.3329414386284975,-0.18077512958489433,-2.513716568213392
55.0,19.0,1.0,2.0,7.0,24.0,4.0,0.9169464139370105,0.9196545600449552,0.9161406641737498,469.0640200569599,512.0,0.004189655740815064,0.0030456903020278075,0.0011439654387872568,4.226774121115258,1.2410145210042944,-2.9857596001109634
55.0,19.0,1.0,2.0,7.0,25.0,1.0,0.9169464139370105,0.9196545600449552,0.943464956088623,120.76351437934375,128.0,0.011722442557203314,0.013747528551368834,-0.00202508599416552,7.583674428411719,5.597498737838599,-1.9861756905731198
55.0,19.0,1.0,2.0,7.0,25.0,4.0,0.9169464139370105,0.9196545600449552,0.9270320785665982,474.6404242260983,512.0,0.002955520815484856,0.004212666399231044,-0.0012571455837461884,5.481946674412989,3.7921039456751156,-1.6898427287378737
55.0,19.0,1.0,2.0,7.0,26.0,1.0,0.9169464139370105,0.9196545600449552,0.9095776695178762,116.42594169828816,128.0,0.003838757303161879,0.001485659307358843,0.002353097995803036,6.1066306942864825,4.0140002230098695,-2.092630471276613
55.0,19.0,1.0,2.0,7.0,26.0,4.0,0.9169464139370105,0.9196545600449552,0.9176203582746947,469.8216234366437,512.0,0.0025790720140294056,0.0033006839931344306,-0.000721611979105025,5.469801874444313,4.446099549100997,-1.023702325343316
55.0,19.0,1.0,2.0,7.0,27.0,1.0,0.9169464139370105,0.9196545600449552,0.9224239070511091,118.07026010254197,128.0,0.00904153466264935,0.008971418855415452,7.011580723389858e-05,0.08871319376048668,-0.19000746721434994,-0.2787206609748366
55.0,19.0,1.0,2.0,7.0,27.0,4.0,0.9169464139370105,0.9196545600449552,0.9201852300748565,471.13483779832654,512.0,0.0014027917548915967,0.0013135945968826813,8.919715800891547e-05,4.739034256904573,3.505977699117669,-1.2330565577869042
55.0,19.0,1.0,2.0,7.0,28.0,1.0,0.9169464139370105,0.9196545600449552,0.9163744072191887,117.29592412405616,128.0,0.0027376683105941007,0.003145093397660816,-0.00040742508706671527,0.7070012019317127,0.06771155223406863,-0.639289649697644
55.0,19.0,1.0,2.0,7.0,28.0,4.0,0.9169464139370105,0.9196545600449552,0.9178275286677418,469.9276946778838,512.0,0.0026925504362398144,0.0035335902565567226,-0.0008410398203169082,4.086593300005935,3.3151567472144263,-0.771436552791509
55.0,19.0,1.0,2.0,7.0,29.0,1.0,0.9169464139370105,0.9196545600449552,0.9195308111621779,117.69994382875878,128.0,0.010372167082929555,0.0023142497706900842,0.008057917312239472,10.05767183099142,4.6600071874024795,-5.397664643588941
55.0,19.0,1.0,2.0,7.0,29.0,4.0,0.9169464139370105,0.9196545600449552,0.9232710302618663,472.71476749407555,512.0,0.0029787340570153224,0.002999571106877928,-2.0837049862605476e-05,4.2787866724086445,1.5339558001291647,-2.74483087227948
55.0,19.0,1.0,2.0,7.0,30.0,1.0,0.9169464139370105,0.9196545600449552,0.9174966764692677,117.43957458806626,128.0,0.002581102785301881,0.002362810984815455,0.00021829180048642607,2.770279077324302,2.8267663416010036,0.05648726427670159
55.0,19.0,1.0,2.0,7.0,30.0,4.0,0.9169464139370105,0.9196545600449552,0.91553996752613,468.75646337337855,512.0,0.00155740659559834,0.0026995407593142467,-0.0011421341637159067,5.292139972873325,2.8255271946031524,-2.4666127782701723
55.0,19.0,1.0,2.0,7.0,31.0,1.0,0.9169464139370105,0.9196545600449552,0.8979904245528134,114.94277434276012,128.0,0.016363108451872783,0.018399396633561042,-0.002036288181688259,-4.926972674658896,-5.188738305882493,-0.2617656312235974
55.0,19.0,1.0,2.0,7.0,31.0,4.0,0.9169464139370105,0.9196545600449552,0.9231035916344977,472.62903891686284,512.0,0.002855630751864884,0.003032692211958674,-0.00017706146009378995,4.688785246373813,3.353168992760066,-1.3356162536137473
55.0,19.0,1.0,2.0,7.0,32.0,1.0,0.9169464139370105,0.9196545600449552,0.9150232530826207,117.12297639457545,128.0,0.004864078265058714,0.005303958800461693,-0.00043988053540297903,1.6732097820190222,0.9419129430463893,-0.7312968389726329
55.0,19.0,1.0,2.0,7.0,32.0,4.0,0.9169464139370105,0.9196545600449552,0.9231603070589176,472.6580772141658,512.0,0.0037137711770561595,0.004856578028842832,-0.0011428068517866726,5.181939325557454,4.089398450235834,-1.0925408753216201
56.0,19.0,4.0,2.0,7.0,1.0,1.0,0.9411196283324124,0.9436919826037227,0.9540301662860532,122.11586128461481,128.0,0.01791382853338753,0.01791382853338753,0.0,-1.7880696393853146,-1.7880696393853146,0.0
56.0,19.0,4.0,2.0,7.0,1.0,4.0,0.9411196283324124,0.9436919826037227,0.946246910075711,484.47841795876406,512.0,0.0070330377676841044,0.00505731110607765,0.001975726661606454,3.8950356419792986,3.4545423568471083,-0.4404932851321903
56.0,19.0,4.0,2.0,7.0,2.0,1.0,0.9411196283324124,0.9436919826037227,0.9572680556031722,122.53031111720604,128.0,0.03024166101765916,0.031385793677805265,-0.001144132660146107,0.24718526985836348,-0.7342830539703951,-0.9814683238287585
56.0,19.0,4.0,2.0,7.0,2.0,4.0,0.9411196283324124,0.9436919826037227,0.9378935381533433,480.2014915345118,512.0,0.0056804948595886254,0.007579410523119798,-0.0018989156635311729,2.682085508550782,1.4911363661408046,-1.1909491424099776
56.0,19.0,4.0,2.0,7.0,3.0,1.0,0.9411196283324124,0.9436919826037227,0.9571780605721054,122.5187917532295,128.0,0.03614662366992904,0.02566492442941731,0.01048169924051173,3.441455267803414,4.919489596471906,1.478034328668492
56.0,19.0,4.0,2.0,7.0,3.0,4.0,0.9411196283324124,0.9436919826037227,0.9396657527021027,481.1088653834766,512.0,0.00438739090976078,0.008704317590350907,-0.004316926680590126,6.654187758789584,5.58143955925857,-1.0727481995310146
56.0,19.0,4.0,2.0,7.0,4.0,1.0,0.9411196283324124,0.9436919826037227,0.9376159964530033,120.01484754598442,128.0,0.008609358138572054,0.008087325360205438,0.0005220327783666164,3.7944670145358224,3.6016880108286142,-0.19277900370720813
56.0,19.0,4.0,2.0,7.0,4.0,4.0,0.9411196283324124,0.9436919826037227,0.9210329985841629,471.5688952750914,512.0,0.0025681325126367593,0.0024248566338312466,0.00014327587880551274,4.4737486800033555,3.4340289789907668,-1.0397197010125887
56.0,19.0,4.0,2.0,7.0,5.0,1.0,0.9411196283324124,0.9436919826037227,0.9192180237155545,117.65990703559098,128.0,0.011681173782438978,0.0090494821075352,0.002631691674903777,-0.044304098765769045,-0.1161756959015642,-0.07187159713579515
56.0,19.0,4.0,2.0,7.0,5.0,4.0,0.9411196283324124,0.9436919826037227,0.9355552010951009,479.0042629606917,512.0,0.005984460267616806,0.006376251544007226,-0.00039179127639041994,1.4156575289097544,0.8139741976363002,-0.6016833312734542
56.0,19.0,4.0,2.0,7.0,6.0,1.0,0.9411196283324124,0.9436919826037227,0.9247741594734052,118.37109241259587,128.0,0.023179813179573627,0.026671067330494326,-0.0034912541509206987,2.555727821853559,3.1811059979519003,0.6253781760983412
56.0,19.0,4.0,2.0,7.0,6.0,4.0,0.9411196283324124,0.9436919826037227,0.9338160790433353,478.1138324701877,512.0,0.005205779461001956,0.004061036296011477,0.001144743164990479,4.178038680238832,4.214231676138137,0.036192995899305025
56.0,19.0,4.0,2.0,7.0,7.0,1.0,0.9411196283324124,0.9436919826037227,0.9095999226638256,116.42879010096968,128.0,0.013334082203438954,0.013675510796026835,-0.00034142859258788107,-1.1957162001574821,-1.1081019170452384,0.08761428311224373
56.0,19.0,4.0,2.0,7.0,7.0,4.0,0.9411196283324124,0.9436919826037227,0.9339279017496008,478.1710856957956,512.0,0.0034637937093578972,0.004701874729779636,-0.0012380810204217388,2.902550069919911,2.285082814721856,-0.6174672551980551
56.0,19.0,4.0,2.0,7.0,8.0,1.0,0.9411196283324124,0.9436919826037227,0.9479692570900641,121.3400649075282,128.0,0.01852754520581923,0.02101723000764112,-0.0024896848018218926,6.098038832116383,4.333822351304599,-1.7642164808117835
56.0,19.0,4.0,2.0,7.0,8.0,4.0,0.9411196283324124,0.9436919826037227,0.9328313269583884,477.6096394026949,512.0,0.006559260173629662,0.008785944620913592,-0.00222668444728393,5.981680082996361,5.1429318747164805,-0.8387482082798803
56.0,19.0,4.0,2.0,7.0,9.0,1.0,0.9411196283324124,0.9436919826037227,0.9428186656504646,120.68078920325947,128.0,0.012597490416197935,0.010612460266727915,0.00198503014947002,3.934836746628892,4.019681919253181,0.08484517262428959
56.0,19.0,4.0,2.0,7.0,9.0,4.0,0.9411196283324124,0.9436919826037227,0.9292494061887916,475.7756959686613,512.0,0.0026961993823119475,0.003212461421687131,-0.0005162620393751836,3.6046276928852827,3.5447347105580493,-0.05989298232723339
56.0,19.0,4.0,2.0,7.0,10.0,1.0,0.9411196283324124,0.9436919826037227,0.9355718825408589,119.75320096522994,128.0,0.013480050464354635,0.01472469082287688,-0.0012446403585222449,2.0914288838936463,1.8083760382140408,-0.28305284567960554
56.0,19.0,4.0,2.0,7.0,10.0,4.0,0.9411196283324124,0.9436919826037227,0.9305700279798551,476.4518543256858,512.0,0.002947382177168943,0.004438839876036018,-0.0014914576988670752,4.902844427220004,4.127421317908895,-0.7754231093111095
56.0,19.0,4.0,2.0,7.0,11.0,1.0,0.9411196283324124,0.9436919826037227,0.9792666996699858,125.34613755775818,128.0,0.02313494544955922,0.02208467996195545,0.0010502654876037715,4.729389367621798,4.559391924260721,-0.16999744336107714
56.0,19.0,4.0,2.0,7.0,11.0,4.0,0.9411196283324124,0.9436919826037227,0.9545213607027196,488.71493667979246,512.0,0.007055243743042742,0.008939703955838648,-0.001884460212795906,7.5035716118919,6.323237110449399,-1.180334501442501
56.0,19.0,4.0,2.0,7.0,12.0,1.0,0.9411196283324124,0.9436919826037227,0.9519462167925952,121.84911574945218,128.0,0.03180479337964759,0.033322456679252606,-0.0015176632996050168,6.250497832579583,6.046734790796815,-0.20376304178276783
56.0,19.0,4.0,2.0,7.0,12.0,4.0,0.9411196283324124,0.9436919826037227,0.9595056336162185,491.2668844115039,512.0,0.007518928842443388,0.00893263218017111,-0.0014137033377277222,6.385217075030978,5.940128161567065,-0.44508891346391266
56.0,19.0,4.0,2.0,7.0,13.0,1.0,0.9411196283324124,0.9436919826037227,0.9547165751051158,122.20372161345482,128.0,0.03752994861868228,0.037452624157710765,7.732446097151457e-05,6.690087086183777,5.099030186133418,-1.5910569000503587
56.0,19.0,4.0,2.0,7.0,13.0,4.0,0.9411196283324124,0.9436919826037227,0.9481611617593143,485.4585148207689,512.0,0.004410767627997754,0.007121247271463904,-0.00271047964346615,6.592081097922839,6.00573029545124,-0.5863508024715989
56.0,19.0,4.0,2.0,7.0,14.0,1.0,0.9411196283324124,0.9436919826037227,0.9493856624665727,121.52136479572131,128.0,0.016265118975244193,0.012655201606251932,0.003609917368992261,5.811807508153149,6.122091617592799,0.31028410943965046
56.0,19.0,4.0,2.0,7.0,14.0,4.0,0.9411196283324124,0.9436919826037227,0.9422466396517488,482.4302795016954,512.0,0.005219978161710655,0.00196707104370638,0.0032529071180042754,3.591891204807827,3.7922758789514095,0.2003846741435824
56.0,19.0,4.0,2.0,7.0,15.0,1.0,0.9411196283324124,0.9436919826037227,0.9494519903371836,121.5298547631595,128.0,0.01234878336797968,0.010301474096059141,0.002047309271920539,5.955325917185734,5.3159792261694365,-0.6393466910162973
56.0,19.0,4.0,2.0,7.0,15.0,4.0,0.9411196283324124,0.9436919826037227,0.9471422946397543,484.9368548555542,512.0,0.003570542035961007,0.003519001576823184,5.1540459137822906e-05,6.274203023074997,4.751488347892715,-1.5227146751822822
56.0,19.0,4.0,2.0,7.0,16.0,1.0,0.9411196283324124,0.9436919826037227,0.9523850040763115,121.90528052176788,128.0,0.0677839464005085,0.0705565145502515,-0.002772568149742999,3.3724407269574916,3.116566022124292,-0.25587470483319974
56.0,19.0,4.0,2.0,7.0,16.0,4.0,0.9411196283324124,0.9436919826037227,0.9409784201160538,481.78095109941955,512.0,0.010752179680497733,0.012076139815350002,-0.001323960134852269,7.0175867421880485,6.8122383206194295,-0.205348421568619
56.0,19.0,4.0,2.0,7.0,17.0,1.0,0.9411196283324124,0.9436919826037227,0.9619958521507026,123.13546907528993,128.0,0.011571144749340402,0.018155140123606712,-0.006583995374266309,7.221467697515798,6.354062801868253,-0.8674048956475451
56.0,19.0,4.0,2.0,7.0,17.0,4.0,0.9411196283324124,0.9436919826037227,0.9458666362769969,484.2837177738224,512.0,0.00501037627931977,0.005251836584477889,-0.00024146030515811902,6.95896416202218,5.681653110825867,-1.2773110511963122
56.0,19.0,4.0,2.0,7.0,18.0,1.0,0.9411196283324124,0.9436919826037227,0.9354210497296027,119.73389436538915,128.0,0.012692706707943207,0.01270210347518845,-9.39676724524309e-06,3.394195344908264,3.4117863517550706,0.01759100684680659
56.0,19.0,4.0,2.0,7.0,18.0,4.0,0.9411196283324124,0.9436919826037227,0.9379148671804772,480.21241199640434,512.0,0.0038774496628256427,0.005994234897625517,-0.002116785234799874,3.5266138896317254,2.5104513142204987,-1.0161625754112267
56.0,19.0,4.0,2.0,7.0,19.0,1.0,0.9411196283324124,0.9436919826037227,0.9388536715653814,120.17326996036881,128.0,0.049203952583095456,0.023431213600584096,0.02577273898251136,7.98412305188227,5.470711427446469,-2.5134116244358014
56.0,19.0,4.0,2.0,7.0,19.0,4.0,0.9411196283324124,0.9436919826037227,0.9254863630728283,473.8490178932881,512.0,0.004317054811657893,0.006146229714234205,-0.0018291749025763126,4.284299247947086,2.4732009896485883,-1.8110982582984976
56.0,19.0,4.0,2.0,7.0,20.0,1.0,0.9411196283324124,0.9436919826037227,0.9547884732334324,122.21292457387935,128.0,0.021502398186454705,0.02211755921367184,-0.0006151610272171343,6.740503972110973,6.7791239252083955,0.038619953097422055
56.0,19.0,4.0,2.0,7.0,20.0,4.0,0.9411196283324124,0.9436919826037227,0.9362059107744456,479.33742631651614,512.0,0.00646740126975192,0.007274073814825756,-0.0008066725450738364,6.297410153041116,6.107597216702607,-0.18981293633850882
56.0,19.0,4.0,2.0,7.0,21.0,1.0,0.9411196283324124,0.9436919826037227,0.9371403548678388,119.95396542308336,128.0,0.046062553315012064,0.04473319493050299,0.0013293583845090731,5.101112110636848,3.4920699850239223,-1.6090421256129255
56.0,19.0,4.0,2.0,7.0,21.0,4.0,0.9411196283324124,0.9436919826037227,0.9481331851797585,485.44419081203637,512.0,0.01119240774157362,0.01323859990769011,-0.002046192166116491,7.082568186297392,5.716717577412147,-1.3658506088852453
56.0,19.0,4.0,2.0,7.0,22.0,1.0,0.9411196283324124,0.9436919826037227,0.9459409812546703,121.0804456005978,128.0,0.023228696029916118,0.012665233659721435,0.010563462370194683,1.0362175253825028,2.9078618855151306,1.8716443601326278
56.0,19.0,4.0,2.0,7.0,22.0,4.0,0.9411196283324124,0.9436919826037227,0.9480375262428091,485.3952134363183,512.0,0.0075875949152727,0.005994994932661249,0.0015925999826114515,4.181656936057363,4.089462793948979,-0.09219414210838472
56.0,19.0,4.0,2.0,7.0,23.0,1.0,0.9411196283324124,0.9436919826037227,0.9490706564137349,121.48104402095807,128.0,0.007797580806831111,0.008083640928983532,-0.0002860601221524213,2.3062885400726865,2.869666575482703,0.5633780354100164
56.0,19.0,4.0,2.0,7.0,23.0,4.0,0.9411196283324124,0.9436919826037227,0.9446761356569426,483.67418145635463,512.0,0.004206414688991658,0.003016659884669595,0.0011897548043220633,3.2978048917961553,3.683621358987102,0.38581646719094653
56.0,19.0,4.0,2.0,7.0,24.0,1.0,0.9411196283324124,0.9436919826037227,0.9530974124737636,121.99646879664174,128.0,0.0271521766600916,0.02696988483761669,0.00018229182247490872,-0.12286104140425044,-1.3503883692120229,-1.2275273278077725
56.0,19.0,4.0,2.0,7.0,24.0,4.0,0.9411196283324124,0.9436919826037227,0.9596513004282807,491.34146581927973,512.0,0.007628423090795411,0.006252662027291059,0.0013757610635043516,2.2991561854277602,2.18561725477039,-0.11353893065737042
56.0,19.0,4.0,2.0,7.0,25.0,1.0,0.9411196283324124,0.9436919826037227,0.9498092614188436,121.57558546161198,128.0,0.03037175127483257,0.011706254385806098,0.01866549688902647,4.121075632452832,1.113647153850581,-3.0074284786022507
56.0,19.0,4.0,2.0,7.0,25.0,4.0,0.9411196283324124,0.9436919826037227,0.9398645668762555,481.21065824064283,512.0,0.005653461739111913,0.003994430991517799,0.0016590307475941148,5.105679517281568,2.516352213052889,-2.589327304228679
56.0,19.0,4.0,2.0,7.0,26.0,1.0,0.9411196283324124,0.9436919826037227,0.956539886819737,122.43710551292634,128.0,0.02547671634800811,0.02816721599224813,-0.0026904996442400214,1.7773025661699509,1.208786087210604,-0.5685164789593469
56.0,19.0,4.0,2.0,7.0,26.0,4.0,0.9411196283324124,0.9436919826037227,0.9397896223058256,481.1722866205827,512.0,0.0060808775976172475,0.00935438467928843,-0.003273507081671182,4.629247208684315,3.450259522189496,-1.1789876864948186
56.0,19.0,4.0,2.0,7.0,27.0,1.0,0.9411196283324124,0.9436919826037227,0.9468856404439043,121.20136197681975,128.0,0.010524897781962236,0.014976459544537316,-0.004451561762575079,3.571116505407281,3.114548117767118,-0.45656838764016294
56.0,19.0,4.0,2.0,7.0,27.0,4.0,0.9411196283324124,0.9436919826037227,0.9395205933802366,481.03454381068116,512.0,0.0025797181323178315,0.004815849888905331,-0.0022361317565874994,5.1799709992671765,3.752389824658374,-1.4275811746088025
56.0,19.0,4.0,2.0,7.0,28.0,1.0,0.9411196283324124,0.9436919826037227,0.9225985587912962,118.09261552528591,128.0,0.010249687692492609,0.006236136723540239,0.00401355096895237,3.431416054802488,3.343885723358383,-0.08753033144410471
56.0,19.0,4.0,2.0,7.0,28.0,4.0,0.9411196283324124,0.9436919826037227,0.9238297409785251,473.00082738100485,512.0,0.003993928681463775,0.005859839711429201,-0.0018659110299654256,3.710833316579572,2.2831507421592216,-1.4276825744203503
56.0,19.0,4.0,2.0,7.0,29.0,1.0,0.9411196283324124,0.9436919826037227,0.959301836162632,122.7906350288169,128.0,0.015763539020480104,0.018344322883469825,-0.002580783862989721,5.368914095999617,5.293072148025923,-0.0758419479736947
56.0,19.0,4.0,2.0,7.0,29.0,4.0,0.9411196283324124,0.9436919826037227,0.93781435907685,480.1609518473472,512.0,0.0070605297837101,0.010312895095552086,-0.0032523653118419864,5.008386175144531,4.36024807144276,-0.648138103701771
56.0,19.0,4.0,2.0,7.0,30.0,1.0,0.9411196283324124,0.9436919826037227,0.9556937604043172,122.3288013317526,128.0,0.02953230574296839,0.013368346781176207,0.016163958961792183,6.819216410521191,4.923596553579738,-1.8956198569414529
56.0,19.0,4.0,2.0,7.0,30.0,4.0,0.9411196283324124,0.9436919826037227,0.9446818898279854,483.6771275919285,512.0,0.006009778559064867,0.007786476938065015,-0.0017766983790001483,6.238834783246071,3.9017776803778883,-2.337057102868183
56.0,19.0,4.0,2.0,7.0,31.0,1.0,0.9411196283324124,0.9436919826037227,0.9408552338291792,120.42946993013494,128.0,0.01583001562869464,0.016731144874236138,-0.0009011292455414974,6.781244098584287,4.573428123042881,-2.207815975541406
56.0,19.0,4.0,2.0,7.0,31.0,4.0,0.9411196283324124,0.9436919826037227,0.9414683377456788,482.03178892578757,512.0,0.0032149894888859522,0.007087447978047017,-0.0038724584891610646,4.826838249924039,3.47402976269499,-1.3528084872290491
56.0,19.0,4.0,2.0,7.0,32.0,1.0,0.9411196283324124,0.9436919826037227,0.9272538601877535,118.68849410403244,128.0,0.017058763900129382,0.020983260541935972,-0.00392449664180659,1.3314819447920836,-0.808240303440907,-2.1397222482329905
56.0,19.0,4.0,2.0,7.0,32.0,4.0,0.9411196283324124,0.9436919826037227,0.9379932670542696,480.252552731786,512.0,0.005608526529536426,0.007690864144451754,-0.002082337614915328,1.5064372262500048,0.6061448059676823,-0.9002924202823225
